8.10737571537352,8.68947644531921,12.8046274940485,11.3103599202938,11.4533510262631,11.6517810971093,12.7062405966149,14.0625651100225,14.2818791100092,14.4815421349366
5.09375527456831,6.65524516598105,8.98612532841158,6.9984968312613,7.15243754032976,7.39024827082783,9.12164354467012,10.4864974280104,10.7791944045723,11.0157129917692
8.65153147978544,9.0095204079759,18.9221023678121,17.5880626841751,17.7848231734781,18.0660670724835,18.9343918023266,19.791615795376,20.0727365178031,20.2922494247277
8.75485935171593,7.99647479337268,12.947872826889,12.0402839585636,12.142306399351,12.3230072270602,12.947092708333,13.5849406909237,13.7642075788841,13.9500518663611
5.24500711416666,4.76879610174103,11.5616829485779,10.0627566217768,10.2294651523742,10.5490415223398,11.6594610022053,12.3152588120604,12.5300166427165,12.6695127456333
7.17126680561804,8.34667742155771,14.9057071448481,12.8063671293971,13.0002546776006,13.2060152283126,15.0749096803293,16.5960731788276,16.9364776866083,17.1229622248711
8.99612585443884,12.1882450097421,20.4367749767603,18.6784975194312,18.9024727980712,19.2169658360257,20.4786227079826,21.5282339565347,21.7739099500592,21.8919024091445
7.42334809246807,11.0059062958731,17.2452160901766,15.7488476232886,15.965249419659,16.1636716875649,17.2591651436282,18.2251705794509,18.6064667877774,18.86997202427
6.66393108896882,8.05987440448289,14.875648619316,13.7261610277852,13.8604589330863,14.0435075245555,14.7927292539817,15.8449944499998,16.1440792253615,16.3500667321643
8.85071220132808,11.885926501234,17.0785542756266,15.027641211976,15.1759310033674,15.3672730897769,17.2452614707283,18.4911874459553,18.8037403124666,19.0020756177152
5.46746051596056,6.07140093998895,10.319075569061,8.66887770890394,8.88659973350402,9.1579992889898,10.3479999374718,11.490570131971,11.6701360617835,11.8502435032385
6.32447182398834,6.67224684038472,11.941626811715,10.657658462354,10.829472355548,11.0562636604958,11.9531129252731,12.7634764598708,12.9924651877765,13.1731930594226
3.39042289245136,2.45020578535515,4.85220640283707,3.60973659424263,3.73479645853659,3.97335721060665,4.85555211571347,5.74378515571294,5.95840026495925,6.10208780984646
5.70617358220682,7.26687517919672,11.3663073420837,9.78303456393235,10.0460205709828,10.3873461079201,11.4371236083815,12.194871786172,12.429652214037,12.5773111783388
8.11072568033316,8.35049063781953,11.8605756917767,10.3826386459224,10.5679490388779,10.7672662833402,11.7803374766602,13.0830046210121,13.3243642192776,13.5859050627121
7.97126032131641,10.1155776298883,12.4855547668551,11.4184682219117,11.5790438364535,11.7608200147191,12.4636630772017,13.2382737213317,13.4486858871688,13.6023269581146
6.85688832380931,7.80102022933702,10.4053730437188,9.50163759808617,9.63650535368524,9.78991943701268,10.4181510029965,10.9680877288229,11.1610489164433,11.3154573752075
7.92734756001004,8.18731505422805,13.7991576149737,11.4943045715026,11.6561321654436,11.93902867139,14.0745608391279,15.1495645751315,15.391768086034,15.616020036668
3.5940637759654,3.3591752076497,7.58760812222193,6.21877510542058,6.4367159610024,6.64902164962438,7.65417995717103,8.41504610703074,8.61109417407479,8.78777782925044
8.1010749096017,8.50179853132669,17.0522710712528,15.3709920760779,15.5010051560727,15.7807257322422,17.1280098535937,18.1908935485263,18.3802750569336,18.5410955983718
7.20236347285317,6.24360125164613,12.2084474678923,10.2795920971818,10.4874001595161,10.7750530547392,12.1368322693444,13.7540601526991,13.9910474948602,14.1473314596638
6.12440120258755,5.3778064939126,8.03121275289204,7.10160047610679,7.19623698839792,7.37544726817974,7.99332948378999,8.72175671014945,8.91001660680703,9.07176005053076
7.32081679444413,8.91752779564909,13.9438266841293,12.7024928233459,12.8515173115684,13.0401412679489,13.871869176525,14.9401107192227,15.3711535307691,15.7773670421705
6.36327300894209,6.77324001671343,14.147739065645,12.122388704669,12.361965794194,12.7573844198094,14.3023446120806,15.2749627114816,15.4855877649286,15.6675080261252
5.26622048870634,5.08057423223022,8.24154018258557,6.84620377451196,7.05713599545674,7.23014765599136,8.16949805907284,9.3182819117355,9.49501447593106,9.66164905338483
8.91725198519762,11.4173989634201,16.5779719248583,14.6563763989483,15.0199086125389,15.32693259869,16.6046428660247,17.8541277638082,18.2004928434164,18.4421399658386
9.11763353845669,11.9749925069521,19.2377597109399,17.9190843662541,18.1437398930115,18.3331561878091,19.1648653387912,20.2969327323304,20.5252409927804,20.7146863587936
8.45287125598693,9.82603590388163,16.1215326896756,15.0076189763005,15.1282816045845,15.3288223519988,16.1187410064208,16.90904530357,17.0813791524619,17.3391759066966
6.85507566815234,7.54783795557849,11.0470763883458,10.0491530429309,10.163628864178,10.3286525964077,11.0567832699311,11.7560896979947,11.9625696175271,12.1621197433645
7.01026744456988,6.18639355371211,13.4226401316725,12.2278895522139,12.3509370172518,12.6047912652703,13.3662693593022,14.3171030525191,14.5679627767104,14.6932560258001
5.41044412145553,5.33834234990398,8.79516576605548,7.62194084436688,7.74867445229747,7.96552349499743,8.79832805636327,9.56833124493753,9.77954787025728,9.94668977934444
5.33072520389605,5.09578987331548,10.4088140253651,8.71829886663407,8.87379699037154,9.09434438854113,10.5357081337728,11.5790545088826,11.7663812960589,11.930031136484
3.22847280922238,3.73621151706932,11.296198799532,9.80404372506291,10.0036910835597,10.2530210285487,11.3188860452466,12.3298338278365,12.5190600642459,12.6830888090948
7.69394345910101,8.92256243637855,13.5453991321385,12.2181850980877,12.3870537768292,12.6762449187108,13.4671636531346,14.4960113247733,14.8492542572644,15.0829388929332
8.8930152021438,9.51158290520592,13.5230986302698,12.5765164622156,12.6986830910219,12.8659469508992,13.5327701926209,14.1621949185352,14.3814233955501,14.5585798830839
6.45093944830774,7.41234423332704,10.9222388676847,9.8986467438664,10.014219353232,10.1541285051405,10.840756430264,11.7962935238636,12.2457606617193,12.5591322768344
6.9874131669302,8.23643748246432,13.6070553708813,12.3524395675142,12.5098247383759,12.7198222038694,13.5698895708888,14.5881327104387,14.8242411133618,15.0989279765337
3.41103936507796,3.62851914250928,9.43009379636928,7.99292306948499,8.19292890330035,8.4375789131523,9.37700837912551,10.5889478128336,10.9136810584745,11.1960063969534
4.25048159378443,4.26695651539337,12.9512046764426,11.6130290469463,11.7479849911671,11.9276840453024,12.8428607691903,14.1578533862028,14.429524587707,14.6635292797173
7.61515362584799,7.82040727157968,9.0873851017784,7.83015449208704,8.05876167499683,8.28855335555023,9.10008614522576,9.87544172300702,10.1079953741664,10.2480534616681
7.84970074614349,8.16824732627186,12.891703967238,11.8714684208325,12.0393374799112,12.1761717573781,12.8512191120271,13.6483055060757,13.869261651046,14.0522751816945
7.74884118880282,8.73569621994721,7.16072083141688,6.22631558048679,6.39141037063565,6.52791429583441,7.16493029791986,7.76584988511084,7.95462337550343,8.0925429361724
6.56081953971194,6.20749195167665,17.1750206338546,15.3659827085491,15.5743324038487,15.8296031094132,17.2230396104837,18.3874646536314,18.5935092949899,18.7596265940272
9.05566525765606,11.9664580658352,12.9453837755155,10.7763002338946,11.0669749865417,11.4740009319891,12.9376637896053,14.4347665950495,14.7328374600278,14.9182974900708
7.57957408112872,8.59066308797324,14.1917725173456,12.5765124145652,12.8374750584803,13.1337220220535,14.2193606485788,15.1930193745524,15.4324838129749,15.5807309049166
8.75137089186241,9.47016401972017,12.6209017900532,10.9886378280739,11.1893541069796,11.4566856464645,12.4691753545969,13.9951017222444,14.2769397112115,14.4488453410527
7.67887710478621,9.53331591305204,14.4610645235294,13.3951553719068,13.5573429864754,13.7480590937881,14.4499557649587,15.2188013950468,15.4105806258852,15.6097479065401
6.61094200579114,8.06840430448713,12.949390564923,11.3855072708574,11.5591058761171,11.7693685336284,12.6492270083958,14.6657659366257,14.9959890395084,15.3099637683203
4.05141740873593,4.13576260931884,7.39791006381224,6.41669421089576,6.5164435533657,6.65767064198255,7.39181749477292,8.10720406860734,8.34634182903549,8.53308612538964
8.5327500470251,10.2011446001171,18.0953421752658,16.5367015655976,16.739957155149,17.1214434578279,18.1714275028618,18.9314443787532,19.1243978004846,19.2964701609253
8.90201376358653,11.3504240549584,12.3470687276696,10.8567262465588,11.0726346671453,11.3526327670695,12.3178866228032,13.4470218891497,13.681312005558,13.8777165338274
6.23198547541693,5.38639002972661,15.9112340621924,14.4653991428329,14.6985964062842,14.9933786328638,15.9285189420759,16.7872735523024,16.9887543931449,17.1424771975913
5.0504892139029,4.60191326137125,10.7178081831533,9.22480441668966,9.4571884220387,9.72542580417282,10.7723338312589,11.601084557491,11.7961719264529,11.9466233324954
8.20602452999369,8.67509573239848,19.0755186068587,16.5220265405475,16.8149264108072,17.2388628260626,19.3526014125249,20.1786154286782,20.4377817063393,20.6323642921779
6.84884963054086,10.1738682098726,17.7283827669405,15.6428456617882,16.0996181547846,16.4726384781315,17.6245389945701,19.2701079933886,19.6895795697939,19.8756077504137
5.43864751102955,5.44623069842491,11.8307343361628,10.6160782622042,10.7557929974768,10.9767679660259,11.7715380462221,12.8107415149234,12.9865690739485,13.1758499895095
7.99794335633211,8.6365685554263,16.3595695906195,14.2663050580306,14.5070415782804,14.834722435304,16.5686444842755,17.4217028752425,17.6223220356594,17.8010290656016
6.9567704790412,5.18164616204314,11.5066710138662,10.2299053337732,10.3556680823221,10.5744055233864,11.5445145217273,12.3694468540981,12.5967694214516,12.7740617071877
9.72659813925428,11.8327673453449,15.4720904310567,14.0734831283275,14.2251275501937,14.4350496436449,15.2381949343252,17.1240078215553,17.4584487058826,17.7670693254004
8.49750880246972,8.9683875309585,17.6316017597761,15.7496912441023,15.9324811576821,16.2651101815119,17.8447246857498,18.495249031684,18.6345415142765,18.753813759532
8.04541638334421,8.36319633742894,14.8883732192065,13.8087892900546,13.9621117200881,14.1182020407035,14.9241873947762,15.6127668606966,15.7927821656238,15.988791393636
8.20583995280203,10.5231799613388,18.602841959083,17.2545743697517,17.4872950211791,17.7935507973983,18.6031918655498,19.3882132129225,19.6306765067378,19.7921978712794
7.43998254334723,9.2553898121088,14.178623585944,12.9896479180796,13.2002104407162,13.4111588856296,14.1284839734515,14.9650172137083,15.2940069199637,15.6969900661062
7.47941646761878,7.95152434220968,10.0428557047313,9.08702428207387,9.2242819223655,9.39123634057474,10.0272832488792,10.698839139813,10.8878677787696,11.0230203903059
6.57517462839437,8.06983138317392,9.68548994379102,8.67558015213262,8.81863079317903,9.04795125051164,9.68161999365035,10.3505265935122,10.5336452793234,10.6588613381051
8.05217555597484,8.39567967259171,12.5017711083034,11.592051200115,11.7399197909904,11.8570303549751,12.4687861551138,13.1463761277955,13.3413939447024,13.5314379479781
8.22268422589005,11.0001281081488,11.6591582209379,10.7481075214404,10.8586421229916,10.9969115388412,11.6558986960685,12.292257246062,12.480960753313,12.623181459395
6.57280404638164,5.05851116041887,8.88547267171585,7.17465615482091,7.41782956331001,7.63517219507062,9.09460265428074,9.90353750220433,10.0798934758426,10.1685363794052
6.71931626017259,8.30570027768619,10.4877045964332,9.59920851932993,9.71378291557368,9.90322161506101,10.4791157758001,11.0688285039694,11.2247810006991,11.357197373109
8.22619249294875,10.070163375579,11.9480110271819,10.6182673396955,10.7617564000457,11.0090405576243,11.8838554560336,13.0036238916563,13.3086302933412,13.4956249963906
7.49492128495255,7.31548216528208,14.17306683281,12.7423848509843,12.8782435471223,13.156958056909,14.1060502695037,15.3646821980969,15.6970176425989,15.9844768676177
8.88944398585296,11.508880632318,20.2452769262839,18.0825156775641,18.4173765948116,18.743445547169,20.3678606658602,21.3949448144984,21.66969752598,21.8665339860943
7.52350137875332,8.75836860614685,14.8423393524282,12.5340797691711,12.6810150310214,12.9544931630637,15.1771198106785,16.195900279921,16.4148110369016,16.5807647969037
7.26676054196609,9.13433400623546,14.0553872563228,12.6918086067974,13.086005503959,13.3751495127302,14.1119042130026,14.6744551609213,14.8462172326943,14.9745862936803
3.39682235170317,3.10410375968723,12.0936878098128,10.1109024402839,10.350204564426,10.7487620138087,12.247542092063,13.1053201756394,13.3062824300386,13.4519548521326
8.42452615505192,9.34339013772371,16.10696156186,14.3635942130209,14.6494103992107,14.902847534432,16.2420427927346,16.9786551185081,17.1632748953435,17.391931525901
7.44923437136428,8.51209013963242,13.6168452226964,11.1542158031742,11.3910038672331,11.7234883501394,13.9074659915606,15.0380471281066,15.2749575499466,15.4755149659987
4.28059314903647,3.99138887822801,10.6349980735646,9.40062122805255,9.58096166691561,9.74221109471863,10.5053526878549,11.7659260852497,12.0059445012023,12.1700633223054
6.31255034708282,7.57296828771582,8.32533685521848,7.32625921086713,7.51123134398183,7.6795141145903,8.31062278162049,8.96707683324332,9.12582193793726,9.36509265773287
8.38437056864935,9.34976733310083,14.9319348307694,13.458194590561,13.6331676497226,13.8403423545331,14.9496740857533,15.9899063656246,16.1940972136446,16.3251154817739
8.12536989996867,9.74487520732558,13.9890143813194,12.904093203985,13.0903207152256,13.2788856627085,13.9868477066457,14.6845225056834,14.9240479091965,15.1479557737852
3.66580922564785,3.61150023580972,15.70495825558,14.2436850806991,14.4996141021669,14.7379969680887,15.7616046188052,16.6369504758088,16.8808143397466,17.0193652465347
8.24548290809889,10.5775040854494,14.1152699700089,12.666010700402,12.8198257073704,13.0564464837339,14.0720877696989,15.2692038751126,15.5581507420271,15.7531905221177
7.31190464705262,7.56565536742991,13.0032488353824,11.9336111485763,12.0902967258125,12.2295477055083,12.9463573009915,13.8505232043905,14.1370818021378,14.320793621813
7.85220582598218,9.13316765102293,11.9172168957897,10.5455889875445,10.6812647193862,10.864170419375,11.8384598420328,13.0973839681088,13.2920185443785,13.4927174176921
5.1115427114743,5.09578987331548,12.0564837966039,10.3660085460203,10.5094212724533,10.7103948345227,12.1200169318762,13.2146269675912,13.4609992901549,13.6138932807915
7.81866841760042,10.5415814727567,12.1460556207639,10.8683223624595,11.0423468578894,11.2436481420664,12.1734815169588,13.0068621291068,13.2590730583537,13.4522095371919
8.51176526184432,10.4291229223947,14.6532136236922,13.4442259979681,13.5816979511039,13.7630466870679,14.5802506571741,15.6957300654147,15.9914901733617,16.1413480218041
9.14365966970236,11.6615473114505,13.6077079375518,12.0974494311816,12.365892404812,12.7595114336023,13.5890116266725,14.557660434719,14.8392543647976,15.0019120373717
7.39328870020354,7.27398256046063,9.74542229743613,8.45452080391155,8.55993695505697,8.76528049395311,9.73663728593756,10.7067484375659,10.9410628693953,11.1180937651495
6.74885842883764,8.38148035164937,13.5770735900156,12.0541201393186,12.2385380000804,12.5190463286148,13.5132497484459,14.7556007010382,15.0345848302186,15.1909773465497
3.3647815380136,3.44502511225979,4.14795659845372,2.80141874303452,2.98653278049555,3.16113958521768,4.24021918617765,4.91292943325188,5.06690104830431,5.19861108867618
7.49518475903054,8.64883908971442,15.4092450483165,13.9563107974161,14.1024095425783,14.419640173333,15.4628748676413,16.2117899266416,16.4535384219629,16.6310671007184
7.68741105343754,10.5661391085104,16.2055227867122,14.806023687737,14.9772247934507,15.2151791355611,16.1697419094863,17.2644313239231,17.4723474047269,17.6287987993802
8.36685893951644,9.55476211303679,18.7311376486193,17.7112139281098,17.8392070125588,17.9572064349593,18.7135321907439,19.4811976595141,19.720049889782,19.8803469004251
7.97953157765954,5.33384899829063,12.1773095456215,11.0135354228896,11.2837684111554,11.480593653,12.1788943335797,12.8619095419195,13.0552325857766,13.2937433571889
7.61527728818012,6.47883596067052,9.38931678889373,8.23293644248715,8.40725269040926,8.58638141944321,9.34484485578215,10.2394949362735,10.4901432899858,10.6415993427879
4.04409832722839,4.17918112131191,5.42413761695093,4.27618883045151,4.38434833186448,4.53735894951085,5.28395378653352,6.50950238898093,6.76237922843108,6.95878447113722
5.67599461676514,5.96608438444683,13.5022491516103,12.0737874662685,12.3114721384413,12.5680004281476,13.5234897407548,14.4006638138023,14.6638393522881,14.8307983564394
8.47221525502217,10.4827931527345,16.6054148900173,15.0415712182949,15.2439601960325,15.4700167361847,16.6389533950603,17.674497395287,17.8701628430894,18.0762370259186
6.48270544303144,5.66082309212013,9.62607648191806,8.17485924566122,8.36336370344024,8.64142509179673,9.71126903837892,10.5209187279251,10.7585938000873,10.9544801457384
8.96460951884944,9.55942190703471,13.8784562572234,12.9456487561714,13.0811853110089,13.2034663573365,13.8816901577967,14.5270120989815,14.7551366019198,14.8719882888181
8.44050696765248,9.74380711111889,12.7235505741379,11.3168375486664,11.4333459819816,11.7004077011453,12.7721392590727,13.6624516249866,13.8858971247717,14.0553326052866
7.404604775224,8.40974599706697,15.1897526392275,13.2998181017747,13.4692142168779,13.6740797441162,15.3137604953606,16.6195443267508,16.8956786997955,17.0647714809609
8.1559862413756,8.61105543662306,15.4432137637985,14.1926623424177,14.3724791218931,14.5548887145331,15.46057787074,16.3161128797621,16.5158596264796,16.6860860628044
7.36540901514249,6.32588941896107,13.898987299783,12.3135453702126,12.4818332459857,12.7202191501159,13.9967726821022,14.8910100339259,15.1206515689285,15.3082071811546
7.70959220510625,7.82456539417617,12.9391671716233,11.7092240099239,11.9504338327871,12.1675355154321,12.9891604538939,13.6354903673281,13.7962335618244,13.9048818672323
6.17691612344851,5.90970943187564,14.9622986003662,14.0663854502125,14.1957089512836,14.3831921303132,14.9516304913372,15.5819064276645,15.7307655178143,15.9123626254822
7.23549047484299,7.52482161486591,13.3974592024633,11.8400516001353,12.0722364436307,12.2681391629686,13.412893988032,14.4204260886547,14.6341767980237,14.7787551422497
4.05220866804174,4.78415692205374,9.07271885968158,7.44248620232183,7.66584454098724,7.88088815455905,9.18366705291999,10.0647837868284,10.3004444553659,10.460122448892
9.2155712103989,10.8735913164337,11.1757657468907,9.88629712108179,10.1020833725691,10.3288473445291,11.1857578526493,12.0017668521051,12.1915093080819,12.3554247461349
7.19234395010389,9.70372093299153,17.8647719645139,15.4041429718538,15.7829947178588,16.2768118568027,18.0233320695792,19.1033959879446,19.3633961568096,19.6222721697024
8.40604572788106,9.43419608936937,12.2868825695313,11.0918661939542,11.2442121013927,11.4142798080962,12.2624227905244,13.1948063736584,13.4566958948767,13.6627016403991
6.9877826384073,9.66218102268313,15.2054184921993,13.804866062168,14.0772988103969,14.3378252582867,15.131877859948,16.2182610733376,16.4814490219029,16.6788432275212
5.18068583064988,4.61876294851865,11.784928432846,10.44586408529,10.7055873779251,10.9861211594246,11.872201959427,12.4554280867472,12.6068962350958,12.7074684918377
4.63182691232178,4.49272910684709,10.1002099254872,8.43031752689415,8.66145204089982,8.90127815273509,10.1993587621661,11.1658677754205,11.3130097585604,11.4322268657583
6.17140328218343,5.29772790768219,11.1601927569049,10.0352829250326,10.1711339164512,10.3524932739189,11.159589440598,11.9752642582701,12.2034689452134,12.3527897359011
6.55161893695906,5.76771602190119,12.712899141577,11.2244154023144,11.3622338606564,11.6441432186391,12.5452405025043,14.1896899675435,14.4206514732906,14.6707027954928
7.74972579118343,9.01414485549038,13.8532235854637,12.304257487464,12.4656668520314,12.7410622638019,13.7813993748778,15.0470675849751,15.4068109969515,15.5501415641555
2.63937802560346,2.4976417452952,3.60690045316412,2.53423269315813,2.63395729595169,2.79938458387459,3.59902736027514,4.40717667643992,4.62748310127925,4.86616048677556
4.46803876832709,3.91326359940004,11.9242660062642,10.9012717495509,11.0818661819021,11.2639678222426,11.90946875454,12.5768573504904,12.7836931290686,12.9447024451642
7.219751005298,7.60182989603775,11.3828994666495,10.1442972571872,10.2587934183624,10.465955594659,11.4217924544679,12.2600717777793,12.4126949361884,12.5716088108127
6.87747594244121,5.97457168284865,10.9837915401648,9.84044115897861,10.0333834094875,10.2277927741579,11.0023492758857,11.6568269702843,11.8689208575534,12.0657767238316
5.70422728704474,8.29610281957632,10.9171168603725,9.78802784631906,9.94654492785833,10.1302433393422,10.8682552259847,11.7851838226981,12.0684510816109,12.2615238184144
6.59244397026735,6.44526952911162,14.7105643746164,13.1584386096443,13.3082065720831,13.5182397128624,14.8041269485455,15.8288130459285,16.0530885617014,16.1879138142269
4.64117703801182,4.31136300593525,9.13348454440726,8.08997203773826,8.2307637461506,8.40164358180744,9.10620388815942,9.89026280665654,10.0840067133442,10.2153324447321
8.19057549601851,9.64371554449042,13.5030575859357,12.1540718792045,12.4241955324498,12.6907028179783,13.531761355689,14.2457983987119,14.4707437131993,14.6114654178049
8.39347917764501,10.406520169371,11.402530970983,9.73391939490568,10.0238666499299,10.2975857587025,11.4042029121062,12.4813600092415,12.9679551212833,13.3493412806546
5.76972759249209,3.8407314257413,9.36727406279668,8.08933466264814,8.2786261453138,8.42051048865597,9.27258649578437,10.4250354707143,10.8265625303587,11.2238569518104
6.24897012428925,5.74611307302073,12.3932485452072,11.1658290443471,11.27985937777,11.4843306989278,12.4257125914251,13.2718932479675,13.5797662654011,13.7866638090341
4.19060093959982,3.85942142990696,7.67046784015836,6.57457473886495,6.70287916596108,6.87188891970304,7.62399562842131,8.51416445165215,8.70772762251947,8.90316148968147
8.0258445676002,8.61320209180498,13.7470847164285,12.6998648577856,12.8218561274103,13.0053732220044,13.7076429754618,14.5713998387887,14.8368093362798,15.0023030695497
5.95470231430854,5.65209800567722,8.01614442224979,6.13816660832703,6.32718519424161,6.64168738718116,8.15049099586496,9.00940834412536,9.21557990000437,9.45199390037103
2.23757053961892,1.34157888345288,8.14001177871686,6.75389707984592,6.98040117922563,7.17468815352425,8.00955019822468,9.2780964679675,9.63115674150785,9.88702554182249
6.49765863454147,5.68012864724277,10.5777320660031,9.48981863770615,9.64342757588217,9.79873550455897,10.5451298719084,11.4173770030233,11.5981991464829,11.7688400492257
8.79680216172041,7.58391658933868,10.8153375260316,9.75208028825113,9.88258869241192,10.0571152933401,10.8414827254913,11.5438862320384,11.678186388087,11.7685853125559
4.27517658252209,3.42122673839431,6.46802687555127,5.31214298507197,5.42657117178974,5.581990060582,6.32083946439188,7.58947953111971,7.85013799289117,8.02393912138347
4.29986242035191,4.01522245002732,7.16428477941946,5.87541244196104,6.11837113219064,6.28451944523214,7.04707523919803,8.25565799562696,8.45801605469233,8.6584677376837
6.66840866816979,7.74428403445812,11.1991773947662,8.97602283149058,9.2055828909239,9.43095286859336,11.5379492963614,12.7040662887232,12.9777990440981,13.1774871008191
7.95993702020307,8.31926956808826,14.6542565345023,12.9825836231206,13.3312559136041,13.7918075081448,14.7208068674236,15.4370282675042,15.6483180719037,15.7685059440204
4.2362930819534,4.03466940387734,11.3602851756477,10.5451795833519,10.6520033835472,10.8172530626514,11.3584886594001,11.8735583595451,12.0370169260012,12.1642438073428
4.88680180248233,4.77916315072295,11.2661394665769,10.2145301263772,10.3721998975754,10.5493281537637,11.2342928274445,12.0476449154556,12.2566362210708,12.4556579881821
4.68160855903202,4.64168574803955,10.6418232576921,9.73199107845482,9.8788533910568,10.0240776652293,10.6191230744842,11.2840952869374,11.4990673414093,11.6562112994653
6.52438352355664,5.15394952934373,10.2842138780694,9.16114692608957,9.26287215248919,9.44922724136791,10.2126985015649,11.2431673002529,11.4742990779124,11.6620415772786
4.12758073343929,3.94800548501437,8.1289052599884,7.05551365793692,7.21991209185121,7.42938385811839,8.15493816387935,8.82963675790997,9.0267446316298,9.20581963943492
8.40718106507403,6.81471485138879,14.8028287495595,13.0682924308572,13.2551025530258,13.5042375155617,14.9445410355146,16.0024022219721,16.2737447918154,16.4521031870563
4.62158419175097,3.51828454872581,6.83004731698035,5.53839766252401,5.73963899629243,5.93183512304088,6.79530847273197,7.75064040413135,7.9341681772164,8.13339657307836
6.78574858063303,5.34661915190812,12.1441387750217,11.0609947626127,11.1909826788869,11.3462335601308,12.1020844252262,13.0578641483859,13.2156783408909,13.324264305745
7.53377808778196,8.12971873527562,9.46006151877071,8.04867862399161,8.33063815879879,8.53898011354993,9.45859556100312,10.3285880397668,10.5702899666924,10.7888054760747
5.58270273601379,6.22441619246329,9.70176518276246,8.01570308713388,8.31365190883603,8.59705359707418,9.7887610103847,10.7252798440413,10.8997802913552,11.0745917644426
7.25320900911683,8.53165815209436,12.9103947919547,11.2244035695677,11.3271649438885,11.6146681616823,12.9304213919909,14.2707749892841,14.5502206685734,14.7161184230035
4.17744583061458,3.25157774282907,10.3967292021698,8.84898620582617,9.0844328031696,9.37352130460573,10.471676132395,11.2302820508397,11.4845272566466,11.7450553252398
8.07202449933819,7.66393814298739,14.8721448415981,13.9166177666777,14.0499460811189,14.1812593019972,14.7755410863821,15.7188871151699,15.9225831761751,16.0411249727961
7.84845918510893,9.03132280385093,8.71417517359499,7.65557066952708,7.82561704846323,7.98913022483122,8.72750977730727,9.41007515096672,9.6243689332788,9.76146165588714
8.17974050059383,9.65860673336472,13.6300289577336,12.4690925459197,12.7416116287226,13.0001759783213,13.6407875806274,14.2775329417136,14.4586139052754,14.6185554793281
5.5491101579442,5.66613144419494,9.87120017032245,8.53653728153011,8.7064954916165,8.89793855096136,9.86500483049576,10.8307686216787,11.1835923956199,11.3504358522428
8.13010895561895,7.59517566335167,13.4840471660268,12.180653360251,12.3029213664151,12.4893890818047,13.2991038912908,14.6432943710261,14.8492896483657,15.0366315827542
7.01936356029186,6.86001735203588,15.0781287497943,13.6857363161323,13.8217379541899,14.0802633595994,15.1493933090637,15.990720111322,16.1282212241763,16.3012900195726
8.94849236558601,8.04145132533417,11.8411539841178,10.3080585418996,10.5470166571165,10.7667398116035,11.9176742584995,12.7680750403418,12.9339703392235,13.1076445625213
8.32968083249028,9.29540113805225,14.8719079607162,13.635525185632,13.7921692632163,13.9914565377504,14.6645538575592,16.2768336793817,16.6424127001779,16.895109537502
7.61871544834267,8.9079794853664,11.4362634152068,9.90718985733828,10.066752516172,10.3373023091669,11.5043773703128,12.4517830123739,12.6705691846518,12.835821424689
7.31048730258966,6.56844606572833,14.669096947944,13.2623291769977,13.4561094105781,13.6864658726449,14.71937530713,15.5827118326227,15.8424775187134,16.0166321304514
5.23507522796534,5.18643075335574,14.4512893830013,12.9796723634915,13.1194489269789,13.3735264056662,14.348722389286,15.6206758388956,15.8672520932675,16.0644286364392
8.81725840265099,8.75719087333201,13.0994476757431,11.0949234075442,11.2518265661597,11.476242767544,13.2128392713812,14.6651114722039,14.9722500481664,15.2144723537738
5.84488552536855,6.06018627143973,11.3880617618111,10.2291344071646,10.4332428754272,10.5989465604016,11.4403390016628,12.0563441245912,12.2057068576942,12.3664933923668
7.41895490086972,6.73711859110702,10.7200265688847,9.6123605918855,9.76564563326967,9.97664280519579,10.6275173657501,11.6745493943049,11.9391023438349,12.1222519769458
6.95173018010915,8.14688618892968,10.9867136295127,9.73267452600366,9.90038896350727,10.1275407802015,11.0210481003395,11.8183954984899,12.0108594953238,12.1128639710001
8.06447799130016,8.76153822827862,15.515596221245,13.7520354151312,13.946776730926,14.2671310789979,15.6191513578207,16.5061454716526,16.7769357934861,16.9582143356647
8.16713417617274,9.70647712398552,13.7196920912919,12.4805129553204,12.7394713235328,12.9922515962658,13.7141462498442,14.4696170280634,14.7050298757936,14.8597015280994
7.05763788234905,8.61883727105944,17.0503036878395,15.7317220979917,15.9338293605942,16.1489881526852,17.018539101583,17.9980296434311,18.2018351815978,18.3494605753623
6.86650487282856,5.42804958887742,9.01785719420471,8.07975018763152,8.20354638748043,8.37908225127455,9.01616379140359,9.6525186794388,9.80450194305798,9.94805224677751
4.010469865737,3.85915235758409,11.6031260965764,10.2241433297365,10.4368862905382,10.608198102717,11.5888459526107,12.6356191583523,12.8951733029147,13.0954765821699
8.68670362557916,8.78737895136438,18.0962958363096,16.2496622385263,16.4642967663444,16.8093616126491,17.903975504659,19.5815032604828,19.8223861411937,19.9614818883193
8.04664387455248,8.26563942336442,15.2195249315938,13.4192818885903,13.6244605765746,13.8595932823233,15.3841783907033,16.198857362782,16.3837749555984,16.565781907171
6.40295170077658,6.06625251806952,15.8017556574534,14.1356550255426,14.3073426078089,14.5922893010468,15.7872025634436,16.9963772732183,17.2481949069916,17.5401463904489
8.17034511022198,8.37522524833913,18.1474335307655,15.1628774519975,15.5397818273324,15.9819582995229,18.6213037498967,19.3533315970049,19.5756897587188,19.7593695533873
5.45655634510532,4.75211778004537,12.7152834119478,10.9037566453297,11.0193681515697,11.1957638104514,12.5630601791888,14.3872422276508,14.6085304246894,14.849137891044
8.86376887570073,11.2228503731182,12.7844988313553,11.524612104987,11.660072546646,11.8741582385135,12.821540868993,13.6070366303907,13.7975257956009,13.9430995842493
8.18293691503264,8.32513135016062,12.0179395920045,11.0904968450094,11.2642343974132,11.4540266538521,12.0187512571679,12.6011858648094,12.78704079671,12.9413633530768
8.11950422002685,8.87288920665479,15.7602335339683,13.8463474459626,14.0943348686839,14.4623880980184,15.9596591806344,16.70975188698,16.8365921279386,17.0127768461062
8.23245430778369,9.08400638138266,19.9709671036951,18.2918525001201,18.6194554797689,19.0063788625993,20.0264343946662,20.842449196988,21.165777392818,21.4523472602989
6.74175462731118,9.51503714244529,13.8941228494481,12.0064541670835,12.4839024196757,12.8518465234297,13.9629615484807,14.824852683855,15.0720879425525,15.281003573013
7.60883718170714,8.72873351921819,15.7424167148125,14.6272173946766,14.7544608145913,14.9356972031494,15.6241946836248,16.6855983133324,17.1569741633851,17.5838771825027
8.13497566913763,8.42183777581315,16.5027722299426,14.5699906641193,14.7331433609249,14.9760160375955,16.5407391533708,17.9391821053938,18.1474938715295,18.3057274702976
7.73294905045034,8.90307884176175,15.9546924609224,14.1371871008926,14.3625611733922,14.7701385526536,16.0161291799733,17.0048665942526,17.2810481454746,17.5019525090484
8.83220215100378,11.4682270002171,17.8806224511335,16.3698490641564,16.789554478996,17.028566767108,17.8059831993925,18.9768720821749,19.2878425481589,19.5278155334501
7.61475423504914,8.76321949084301,17.1192909963249,15.4285413338344,15.5729493329478,15.7958119860139,17.2089976294768,18.4190049028628,18.7654246140175,19.0648921443792
6.5295233384645,6.89501450472744,10.2944012858097,8.82688706457414,9.04197330731301,9.29161492954297,10.259993492556,11.329516729027,11.5908343675233,11.8871643490952
8.87447367059917,10.8625553342508,17.7781120254336,15.9784768519874,16.1543250765424,16.4120200579425,17.8273963449763,19.2013080614981,19.4452745332983,19.6058053624687
4.13982031680187,3.85942142990696,7.43311285312293,6.56590625425329,6.6913811772186,6.83936865238732,7.4452120838879,8.0236593501322,8.21225522103572,8.33253452507592
9.2661162269936,11.3384452835517,15.2370504369053,13.5762926755625,13.7766703554812,13.9927930453902,15.1152862481382,16.6764450674757,16.9638048691973,17.1493764632642
8.40218155729927,8.08390794609427,18.1573324242999,16.5493986082752,16.7268322155794,16.9758229454735,17.8668145784003,20.0442017699186,20.372132375379,20.5331439443008
8.08043485096807,8.43319306505955,14.4119992074704,13.448668763975,13.605749121427,13.7835970693079,14.3820965887473,15.0752916597342,15.2337913138805,15.4222930986009
6.52998189216627,5.71795314195006,16.2147967019206,14.7355912015231,14.9936053698857,15.2706161040679,16.1932679628016,17.2117683185185,17.4250133940718,17.6399486526197
7.28237249962793,7.91442388508344,13.3001687236516,12.2492202663722,12.3717867794063,12.5422354809258,13.219032712825,14.2220488170625,14.5017528900579,14.8544008938998
8.62389312096911,10.181236495585,18.5165649510221,17.4519185636593,17.6337085921227,17.8591938578027,18.4977755555115,19.2174009638071,19.4606807221557,19.6793905054347
5.14134909472375,5.09605894563835,10.8733813041351,9.35974277444781,9.58366270873704,9.76431652922724,10.8375593652668,11.9983882644593,12.1570373983759,12.3192740831887
8.64694849981618,9.2310886966453,15.385062341196,13.7263267604393,13.9959124764217,14.4281987011339,15.3766332645411,16.424316286396,16.6689159663626,16.9081820520898
7.63466970421284,9.04185397965816,6.75525826338002,5.68146859711668,5.81563139131542,6.01313877000107,6.7647455483985,7.45758752588364,7.63707080797494,7.77826330814966
7.73228210729908,6.83542975067927,12.7886648041603,11.0753857189341,11.3114785447107,11.5788550599877,12.761539765869,14.0018409373194,14.2315674309742,14.4210468842813
4.32859251762555,4.55837789823299,8.75656375879511,7.751981827038,7.84494505167685,7.99396574538047,8.71181325169811,9.62099445972882,9.78325351695519,9.96939883156676
8.33396729215012,10.0835344986267,13.9205847009351,12.7663326672765,12.8830308013029,13.0420853218186,13.8468814854222,14.8784222999516,15.128144119226,15.3623621086444
5.84906113039871,5.28433457906918,11.7720011508355,10.5975242761205,10.828304118265,11.01814868459,11.8054787742556,12.4664688952364,12.6295352713317,12.8108728038729
7.31485344481221,7.88697482089745,11.2118461437381,10.4124305636299,10.5449574337932,10.7265710093791,11.2126865670124,11.7016282613584,11.8539640165302,11.9774082776506
5.26212607682516,5.17525462136288,9.89873647769445,8.29998108343363,8.48596699648203,8.70781553793733,9.9890118572825,10.9230829002414,11.1517764103915,11.2612074404687
5.79179187777688,4.63286560115817,11.7998557134783,10.4760686882343,10.6462619664066,10.8857868847864,11.8368427366856,12.6049872960623,12.8151449538436,13.064547276961
6.9233715564505,8.14892839935342,14.3834091145715,12.6093770211022,12.8211811098448,13.0157692355154,14.3068103456988,15.8099933170211,16.2066625796813,16.52193937939
8.06033056017921,8.08304237524194,13.3405507505991,11.4937617379276,11.6891132939387,11.9641900224672,13.5638330416236,14.2323928909319,14.370941835982,14.5115805325085
9.06479840855259,10.7302538383425,17.0467062097582,15.2683914285884,15.4503236465929,15.6951649213266,16.9303134886493,18.4730620740571,18.902814199378,19.1733859581037
8.49119057008072,9.07651676755059,11.0028289939142,9.90188582991184,10.0434332419876,10.2713114073408,11.030468496284,11.6750312102761,11.8633092129161,12.0692678653793
6.51917827230528,8.19563051897246,10.8410135962126,9.61464898055471,9.77316088880789,9.98947354263717,10.8620643937601,11.7069598114039,11.9126294807522,12.0755583260845
3.75527113258364,3.86516811086135,9.93424636091496,8.60161244374355,8.80253892467929,8.96886175632514,9.83139912833002,11.0074062212248,11.2252137525555,11.3462219264881
8.47430278725614,9.54005092147468,18.1710000256233,15.738368553477,15.9488904840438,16.3447826501376,18.3368669321983,19.5998243441978,19.875804394372,20.0608279848282
7.90791209346684,9.05339556740863,10.2842782811825,8.98698898656728,9.21333769019374,9.4635456382701,10.3419571999072,11.0155234306222,11.2078888716492,11.4130249246469
7.95236628003257,8.26324859893576,16.9977630293329,14.5913895748626,14.9212860991823,15.6266148419208,17.0000744552941,18.4378742515536,18.6742753884122,18.8598997349705
8.08674140152281,8.63380808487678,15.6347138359646,13.9517117011196,14.0924080346641,14.3225182704241,15.8366730688226,16.5524376562785,16.7136131373518,16.8541976929181
7.57561363895234,6.4236943095021,12.5610382563419,10.5369221679751,10.7966283498649,11.0063912145629,12.8105400833581,13.6542231714319,13.8730171955719,14.0331254191879
8.04541638334421,7.86149596487484,14.9582786307864,13.6957559451365,13.7880614529197,14.020260867211,14.8097044108834,16.0744179360397,16.2283028308953,16.3501161629912
7.51108562933133,8.56369561543665,12.8760497288505,11.3861666458644,11.6052199079037,11.8156996626291,12.900316472945,13.8296296877658,14.0483994965061,14.243814337101
8.14126576767525,8.47998341901407,15.1526515803865,13.278027955869,13.419991847629,13.6792107657532,15.2140664163249,16.3745392855451,16.5964652864186,16.7936138243892
6.09148639029621,6.02770355231393,10.1527650736606,9.03141554912941,9.19393465448216,9.34950563725153,10.1259404597458,10.9892944643321,11.1920044320353,11.3599480719308
5.02340612798348,4.95608681752326,13.4928325322982,11.3066375623807,11.4169313738792,11.635369144483,13.4875730860389,15.4115236531094,15.8011472088869,16.0505357386223
7.11279499201669,7.42489191937416,13.4708984149878,12.1080390988575,12.3333228772321,12.5631699239234,13.4719858920729,14.3696171940365,14.5679159107332,14.8116888308925
6.13886756360121,7.21935653430931,9.35493037932172,7.78588306930024,8.00061700534927,8.27493536816221,9.41545824397091,10.3170642524895,10.5057265251129,10.6478957051854
7.54251511544496,9.14716943919043,11.5324916305644,9.83815766582445,10.0658546520043,10.3293770539411,11.6326502077571,12.4834501807456,12.7509140656651,12.938136172013
7.32247749397823,8.96536915134559,13.8115214871879,12.5854247669384,12.7390426838708,12.9623411021219,13.6880883043054,14.9489264419151,15.3926369312813,15.746951953056
8.48065153791173,8.39486103610139,13.5834659472506,12.2937788337939,12.4810746432296,12.686345542563,13.6573373464704,14.377402899789,14.5832768710539,14.717827768062
5.70923055853019,4.73084054644433,10.8132613116307,9.33350377881167,9.51427716992979,9.74501318652501,10.7853646864381,11.8866222612968,12.0464893922875,12.2138514668009
8.42602975495172,8.9048277175361,14.8134524666954,13.1060429486862,13.2798732267794,13.4180617846787,14.4273086030922,16.6033013032378,16.8480586496268,17.1042222008986
7.32003897951888,7.83643707257805,11.5029525065686,10.3464092267755,10.5237736647053,10.7435195026743,11.5143469044638,12.243667649467,12.4616151240812,12.6518174979552
9.03076447678357,11.4386559731527,14.4840228139148,12.7733524599543,12.9414687389152,13.2177832613099,14.4643048691719,15.7271503348765,16.0051967199766,16.1440960200991
8.65334179913955,8.85465778953914,17.2969472500331,15.8491219854927,15.99749990943,16.1827855695112,17.0966709645196,18.6813734633611,18.9527138345302,19.1811740829187
8.59515435603936,8.5826178723036,11.9481800560681,10.3643154929875,10.4934657292481,10.6739633696937,11.6005680327491,13.5298594039047,13.7909589860134,13.9642565531684
7.50176546890387,7.34153208999402,14.865176092756,13.7845049813774,13.8813797152474,14.0360464944319,14.9063536332853,15.5978620904174,15.7822491866033,15.939690471006
5.23435414307923,4.77277474457864,8.50179704640752,6.84739343227932,7.03192002347967,7.34578525108597,8.60132136491039,9.43413138669129,9.62456687849253,9.76704646373407
7.13272733946504,8.30523301193616,12.4644095856772,11.3843952398174,11.5819830258128,11.7682084902488,12.4587020591991,13.1800473518057,13.3973399440136,13.617034593778
6.08977322449349,8.77990004144974,13.1250766868109,12.0828916606868,12.205323324646,12.3528331340133,13.1223566015025,13.9120545229076,14.0740896879978,14.2154959879032
3.9028506451452,3.81278928266214,10.1446895338416,8.22285307293327,8.45393325837489,8.7282788565958,10.3603106941428,11.0994856798834,11.2830634861833,11.438177538687
6.70086810811537,9.83204311922681,12.194543811727,11.1065852572169,11.2304779108398,11.4269721573879,12.1552258871123,13.0056867359174,13.2041104598093,13.4045956081382
8.65122544370569,10.108516822442,10.4114874906349,9.41661253615547,9.56398597136781,9.73302945640896,10.3638330194188,11.1485371647439,11.3484795162011,11.5270963206587
8.5159816814042,8.91284645798675,16.4208089302335,14.7882334896261,14.9742105249839,15.1714406293067,16.444646587616,17.5771682647814,17.8880526345846,18.1263269379333
6.7273643890722,7.45428971912614,9.87827941960025,7.5425926972876,7.72202149352333,7.98693746559515,9.93922917006671,11.5590734012427,11.7345388030447,11.9089513600715
4.64446239775193,3.81739084087729,11.4767783678568,9.8999722203238,10.1610190435944,10.4941125267769,11.5820760897419,12.3034852708503,12.5387317578498,12.7171189878306
6.54473127254238,7.39567577214403,11.680075596143,10.3031263335373,10.4691099434273,10.676020781929,11.5260196315729,12.9258268986552,13.6029566093307,14.0138967553908
5.51695611839606,6.12659088587117,14.3516875188506,12.7840887020114,12.925368829008,13.1458693699738,14.3391281328647,15.5485999740041,15.8248669301875,16.0503850252386
4.58686165724093,5.02094743878427,9.09328753736987,7.88761172531995,8.08025000124991,8.26957040854117,9.06756256645722,9.99850522208237,10.2277055060099,10.3802885559478
5.83259258592233,5.61298580497419,9.9175668158026,9.09393303941974,9.22404252745279,9.35632202328502,9.89751677561596,10.4756945868529,10.6429002409105,10.8284157868124
8.17051780259858,8.25299220523141,12.1135126270324,10.8927091891153,11.0739141039407,11.2755632387556,12.1038298882569,12.9337596418145,13.1968195062188,13.3894462506591
8.90601671364274,11.2951422198974,13.1275087946238,11.0291204747557,11.2239853157647,11.4451543395319,13.3439891953772,14.3124752248682,14.5952199021819,14.7616047781954
6.79268573069629,5.07117489428614,10.4181095271088,9.11203494381934,9.23805059961551,9.4564198371933,10.3588011416478,11.4889795605817,11.7111753245651,11.8903324103082
8.25906604114391,11.0961716700879,13.6120887929086,12.1207863287624,12.2762731086288,12.5806729976311,13.6904014904199,14.4501447935361,14.638592041255,14.7816879790071
7.08209724113411,8.53188451964053,16.562680692782,14.3974624276901,14.5873163412752,14.8547102785685,16.63297759825,18.1783986893075,18.5182882168073,18.7503864389198
7.17681033525233,8.11284400465503,11.3212058287352,9.96233491397103,10.1388244374001,10.3211426713267,11.1981110313301,12.5698781218582,12.9972844006783,13.2659647223251
6.06639656649936,6.01829793667041,7.71042939005627,6.65451614892345,6.85045749259673,6.99478225282627,7.66933339697395,8.4930978320506,8.69544336041056,8.85937017171922
7.84479970683036,8.5567832644212,16.9251530589335,15.2305925675133,15.396147752064,15.6709510886193,16.9850425612258,18.1015414479602,18.3169687754614,18.5349493643677
7.16484194093202,8.60603522318253,15.4133265505444,13.7581269140728,13.969062432769,14.1534029503469,15.2740639629111,16.8393445100075,17.2091689416516,17.5156210332675
8.23756285013383,9.03682556538642,12.8114046606941,11.483920798601,11.7269467474574,11.909340620255,12.7142486262448,13.9181689548944,14.2631275704272,14.4642432890399
7.9666142115741,9.50819598043414,13.796020678651,12.7343717351625,12.8452254312865,13.0272157783015,13.8240198213392,14.4954892484085,14.6547974248063,14.7809682441926
8.71578331993332,10.6409151504151,16.3716252929164,14.5130765005722,14.6905502018354,15.0839707365444,16.5753235848887,17.3077077151146,17.4910489364485,17.631200202936
8.65122544370569,10.2111912662539,11.4840753573012,10.3970645343592,10.5561313287978,10.8019053042052,11.4247959334681,12.3202127131424,12.5581865750612,12.7469647843234
4.79849461324669,4.68768546647561,8.30541119167585,6.71670393082311,6.89336954453668,7.15705525864613,8.47566052431853,9.18214124928032,9.39439711930013,9.5627648393731
8.6929068649396,11.5900662798916,14.5065871803962,13.1131509421933,13.2519688357778,13.5077191726858,14.5480598035576,15.4204298268513,15.6673144053444,15.8298049910796
7.08992987802606,8.24088873734309,10.2187989158304,8.7675809854074,8.90397455590048,9.1846813813276,10.1430742796398,11.371569898182,11.6002558149308,11.8022081626374
4.64446239775193,3.81739084087729,11.4767783678568,9.8999722203238,10.1610190435944,10.4941125267769,11.5820760897419,12.3034852708503,12.5387317578498,12.7171189878306
8.2601882310596,7.65488115092126,15.2979453503187,14.1746536714694,14.3173887150175,14.4872132140952,15.2799957419433,16.1668133484962,16.3682068557253,16.5349372787983
7.42193433803107,5.79904722307509,8.54740356268628,7.34466614096839,7.57655177973697,7.74907002676294,8.56652917249745,9.3297837750116,9.4880611015229,9.695233833184
2.7480898591656,3.4457500170908,6.07059255845299,4.6385417015164,4.78762738446311,4.9507638808644,6.1727298211804,7.12673380690321,7.2387408769426,7.38506603467026
7.60943640896373,6.75676000662457,15.0194270476383,13.4596074977596,13.7229640579746,13.9328969469985,15.0131874200858,16.0992842274782,16.2283415472541,16.4079196317599
7.35363063599253,7.37332280359154,14.7771917329126,13.4219643690842,13.5893126919521,13.7975533421901,14.8526328142841,15.6551360602217,15.8117533031103,15.9386667628208
8.25808305147036,7.72151402395199,14.4430246182418,12.9906861829754,13.2196853881564,13.4721942142126,14.4451812199341,15.4192296869247,15.5933072626521,15.7671141658719
6.69488889552667,8.04117899707389,10.7859465050623,8.83257419659948,9.02839698429808,9.28663189141876,10.9997588194281,11.8975557137566,12.0547524923338,12.2334970796074
5.68512857550749,5.89528319571536,10.2198177778449,8.38092578418911,8.57054526616984,8.91175473019088,10.0306625753644,11.8757768221028,12.1127171294343,12.2785683367759
7.55283499881755,8.75463634584926,15.6168610611854,14.2735881026705,14.4328704954777,14.6726653581041,15.652940935006,16.5088013035734,16.7041953860001,16.8710247337137
4.71758258754636,3.99329322313092,5.47497116645778,4.49538817168379,4.67720350163383,4.87341582763299,5.50197862388932,6.05976569064212,6.25279098465305,6.43339855737293
6.04599379145917,5.09673173402658,11.4697358181528,9.90017752882351,10.0507076565472,10.3500300482368,11.5213708014135,12.5216686185696,12.6682278911894,12.8436518124321
3.89402355294116,3.73834093783923,9.04079104827058,7.45062135272265,7.58889926287817,7.88982482005017,9.13266151989749,10.061595336653,10.255700519194,10.4000513550381
8.78668422930723,11.0466296240983,15.9286862751759,14.653224848483,14.849249413138,15.1170766305241,15.9457806967097,16.754020758542,17.0129905655286,17.2069200438093
4.49476863865321,4.13052889018458,8.49539137130021,7.25600103086692,7.41533786421714,7.68875044412405,8.55374644612819,9.13445124165649,9.3229901834599,9.44473039199237
6.72317585674037,5.72576645178019,9.24762343114092,8.01278275048965,8.11873983774597,8.25276075122493,9.34298066049959,10.1363160306036,10.3095010282587,10.4944823677028
4.87574806009446,3.80874301057688,7.52973342715733,6.35837139098503,6.48190744875297,6.6863037088859,7.56957178062228,8.3205212269602,8.53722061653122,8.66755553706787
8.52550906583093,9.96356792293413,15.5031307901216,14.3649182088414,14.5411052373586,14.6968601658821,15.4118394341488,16.4513368938137,16.8582866363482,17.0912002301904
5.64792916758454,6.10551940546562,12.8135321547742,11.5336240212106,11.7151884876238,11.9551590723611,12.7791967894807,13.7976863236129,14.04557881349,14.2184765547303
7.96324489325967,7.28595609292997,14.6829979544106,13.2687515228116,13.6534158881107,13.9659487535538,14.7225646238952,15.3807864093832,15.5839361673429,15.7621613725395
5.87763712104449,5.79091442895783,9.00718342026618,7.55533385057165,7.72813412333717,7.94583587638152,9.06849629242759,9.98989917865191,10.2993522094669,10.5497664586118
6.00844713872529,2.97009942834619,8.16118145339275,7.07847157788783,7.25267238799877,7.44658685831784,8.18968292873414,8.81280726182838,8.95516542914557,9.12609285816808
9.01897392842132,11.8620730461846,19.8281673161887,17.621692984237,17.970554212857,18.5278760664078,19.9560140062195,20.9461616310541,21.1856388054908,21.450592926197
5.19304840942203,4.76879610174103,10.5094543992143,8.95918232874545,9.13466406492441,9.46302727167316,10.6293377864166,11.3012220597341,11.4960293155566,11.6771801123667
8.7952304085748,11.6722343912375,19.7110696390124,18.024771477765,18.2025489027723,18.5967979974772,19.8076148927819,20.6935262865881,20.8866072741468,21.0743369877668
8.12333735868221,8.20461828290018,6.66240258140051,5.52265765495343,5.63532876258467,5.83844201638183,6.62133865372261,7.50532671569277,7.70489066616918,7.93540702986799
5.38985806015041,5.66849214347788,14.7005145933431,12.8177929343893,12.9838944910751,13.1527975964973,14.7189391843581,16.1537074828729,16.3970519867195,16.618871214511
5.61714217880232,5.08171607787164,12.7485851588124,11.752444300431,11.9406692540039,12.1236199879202,12.7353882800193,13.3689691857821,13.5418805987996,13.6924780323449
7.49492343781903,8.64918613347571,13.234647323385,12.0081176349673,12.1796194166853,12.43457456594,13.2358932248081,14.0510875057756,14.2442406226247,14.3491355348112
8.44995125791777,9.30945197264039,11.6722505879792,10.4935017815261,10.698707819593,10.9244703021288,11.6604357120446,12.4725019494448,12.7438342406588,12.9704559632572
8.32307873797824,11.0705273854768,12.0055574968621,10.7287618482565,10.8512453526667,11.0712440753636,11.9409634157942,13.0230201473695,13.2912716638957,13.4900407291354
4.34109367689385,4.4493329014043,10.1312564146637,8.38898598005595,8.63125338151162,8.91679209297534,10.1555726814274,11.3112500114169,11.512544664226,11.7271614473372
4.97360686141196,4.24314865510108,9.44798071958038,7.99456798923786,8.17624978540441,8.36567481026279,9.38676442256259,10.6638640713512,10.9486947275805,11.1844445052651
7.67029993115089,8.39644403421097,13.0088817851091,11.8103638629943,12.0015556557752,12.2146844469569,13.0008050409983,13.8265370679841,14.0583596389209,14.2325328486866
8.40513379590052,10.0979772247109,17.2738082529628,15.5691888342943,15.7369714112913,15.9159564389385,16.8909778452082,19.3576954194815,19.6012131404629,19.8737690855299
7.46026102914449,8.53749738291092,16.7433484045961,15.0673532868662,15.2083741419648,15.4140354793056,16.6815933631226,18.2293303477632,18.7200875659192,19.0067344346327
5.09881929895797,4.90299728603548,10.9205362593668,9.57774725965251,9.73102823468279,9.92056806345941,10.8562862019526,12.0167430606704,12.2478935752861,12.4177656972859
3.27256556087915,3.33384049270351,7.09402895926018,5.98695708579414,6.13899307811841,6.33864161212278,7.07991359852668,7.87991107511543,8.13032914837974,8.30639778650811
6.12781319441177,7.79377141386334,10.2120026275346,9.18095173297062,9.30980246250301,9.50878074009723,10.2203317053978,10.858472861119,11.0344683149643,11.2097864400507
8.31331661646838,10.2240566952003,13.1087200016568,12.1211900436439,12.2532032956621,12.4369328676751,13.0962335906444,13.8018345149671,13.991826309221,14.1233104521078
7.62460527698765,6.90165837192474,13.7082919531325,11.9504773667917,12.1045162529537,12.3649957234732,13.8147936286516,14.8340699634882,15.0223162680593,15.1786338938446
7.59772694829689,6.67229173856083,13.0685266844735,11.1406796113716,11.4053007708574,11.7417019090913,12.9637807899848,14.6111000654324,14.928194865502,15.1825120595146
3.92423026336454,3.80482624383786,5.36102391052089,3.59978261203756,3.77444338720032,4.01329697205557,5.36171220914839,6.73747960494571,7.01283300471833,7.17718363608132
3.96824623406766,4.62603037527181,6.16377923700512,5.18665699673265,5.29556690632008,5.45258934217837,6.14589952929876,6.86969048891845,7.05328263720282,7.29550797758905
6.27397859667973,7.11412217889246,11.0298892814158,9.9178893563233,10.0829209940187,10.2606003778552,10.9766681320464,11.8245280760045,12.4001097252476,12.876108174678
7.48435842282234,8.48084299626444,11.7511516071355,10.0370192192395,10.1909535962981,10.4512770687965,11.8719808419593,13.0077775060446,13.2176468480425,13.4755092028449
8.64848897517066,9.036111622387,16.0518109252528,14.6632752817847,14.804783407459,15.0679054271426,16.1128917520366,16.8313342403361,17.0446640449194,17.249076868001
2.97144286691502,3.4937336355033,7.65138341020267,6.03782757905487,6.15982396017377,6.33877178161411,7.73123824819751,8.92889326238434,9.1227615201652,9.21043095745001
6.85946443633633,7.84185666563376,12.1862628685596,10.8151584332803,10.9721177302236,11.1957892124267,12.2542289874257,13.0711588830644,13.2594289460638,13.3905584783588
4.94225252530062,5.25533272467153,11.700711423843,10.3485499044096,10.5060111734218,10.734219211059,11.6946774621524,12.6462650569126,12.8009859267668,12.9558449781934
3.78311962445103,4.08226305831976,6.13812206654183,4.98662822918477,5.14300628355179,5.33039968212659,6.0936290299107,7.02575417398581,7.27199968209606,7.56765931730372
8.17622007649456,8.49471818311619,16.7009196194047,15.0663550910265,15.2827850594362,15.4916082789851,16.792469904335,17.7027142455987,17.9204730923603,18.1121556244841
8.21828594007694,9.10971125568677,18.6633338295722,15.9137293105072,16.09368082863,16.469923171692,18.8433245212078,20.7185219595923,21.322254308121,21.7613877010584
7.29349801312771,7.10320655328488,12.6087207503969,10.2278288383403,10.4481784260508,10.6737603670759,13.0475812904374,13.9706984006489,14.1756140962615,14.3887437260134
7.12744357059252,8.56742510961485,17.8363306857093,15.6004279837191,15.8031420121464,16.0949794463364,17.9739938538591,19.4087308097629,19.7428379633596,20.0450586869194
5.71520624349003,4.84665316588391,9.01826303252337,7.96252586926242,8.15666547978293,8.35841271756139,9.00431583116191,9.71475288595987,9.92998193083012,10.0808825809655
8.29785471187778,9.71272686333334,15.4165767647686,13.9709064687153,14.1438650995517,14.5770737793829,15.4745621475303,16.2260579100659,16.3927656503333,16.5356389360923
7.23163859991737,9.45402419010437,9.99397363788134,8.86662362523176,9.11464393358563,9.29154992912752,9.99676055213422,10.6882421518935,10.8580549378104,11.0409465596783
8.55001235358458,9.42273555191361,15.8466205749597,14.1668008983945,14.3571714306386,14.5718149784822,15.9292008587324,16.9194371619209,17.1781382837798,17.4286850469175
9.05557866031763,11.8692224607246,18.802178250818,17.0059323942709,17.1779016778282,17.4138519515429,18.8820146314432,19.9795664966069,20.1898252391779,20.3651429919204
8.56003608509006,10.0455749828643,13.2933367491434,11.4472321165635,11.5881683736512,11.7603369134446,13.4741063925003,14.5464639564747,14.8069855476103,14.9609022248294
7.15492712142229,6.03256213299837,10.5884157806008,9.50964402980012,9.66489330573295,9.86592519208907,10.6128200743405,11.2704174740991,11.4191019471649,11.5921203395416
5.43460334445334,5.2454810711395,9.38579228463144,7.54313424832884,7.74679009150224,8.01687461414977,9.37360113649346,10.6403043188605,10.8727094077605,11.1213480023713
7.96121930563366,8.19714914263747,12.6094457394532,11.3999870112162,11.587417807456,11.7725024043472,12.6018271982152,13.4648669641308,13.6909253333655,13.8979309164133
7.84413251383335,8.34695825117127,10.8464546958219,9.54232908764146,9.6606477776084,9.82674411822339,10.6538818154848,12.2573288741106,12.6282847545761,12.8374974009509
8.2011256327054,8.33778591817815,14.2993111239379,13.3636598561606,13.4551434955318,13.6380975274926,14.3112545784013,14.9389172293177,15.1394549239255,15.3593144613345
7.08992987802606,8.24088873734309,13.0765407333957,11.432401524358,11.5650221590201,11.8507635638565,13.1577479011534,14.2179849261474,14.4693740417827,14.7394001209491
7.01936356029186,6.86001735203588,15.0781287497943,13.6857363161323,13.8217379541899,14.0802633595994,15.1493933090637,15.990720111322,16.1282212241763,16.3012900195726
6.05307075345545,5.32250189300861,13.0132684500082,11.393662748652,11.6034271573524,11.821791045597,13.1471860166174,14.1039387533068,14.240175986669,14.3446518537584
6.3856781850794,8.48997973797082,9.0207307478443,7.73353661720204,7.85674112627894,8.07389399419423,8.95872625185048,10.051788276075,10.3044726918519,10.5257710323574
6.81331685253034,9.22838712389504,16.4977813576381,15.3739338159592,15.5280500773711,15.7166699676468,16.5168412663976,17.2377408022163,17.4122594889074,17.6033592184629
7.23505864654543,6.93540123747298,18.4607132098319,17.2620785669966,17.4568976456428,17.6735896116518,18.4546798107742,19.2435649539469,19.4560667032127,19.6787494267709
7.87145295710925,7.40761447497605,9.15846832572015,8.24073108447628,8.3923772549217,8.54763900824877,9.15661246005556,9.76317110878815,9.90934822694933,10.0854693277822
8.11497494665877,8.19691374423195,13.5717615969736,11.8815874235119,12.07725230426,12.3765713050885,13.4506244735622,14.9090056234173,15.2300126597712,15.5526474778314
6.91213506004789,8.27850184061066,15.3110260901484,12.1578906889222,12.3282661122473,12.6147139216709,15.8569567000806,17.6711152971038,18.0304943293028,18.2303684534696
8.39293619803221,9.71104789015312,11.6417584819259,10.1978362370193,10.515656476764,10.7364254607197,11.7134948984638,12.445159305793,12.6398391637298,12.7843117503955
8.10992723284138,8.8629253860489,15.7713980615899,13.5501679833894,13.7759451581794,14.0714447788462,15.8877393476518,17.2245516750882,17.5019626282304,17.6602202049712
3.73887179112636,3.26468695935554,4.79638766455176,3.38132378941361,3.56920574914832,3.78088034130271,4.67753469210669,6.03062308174953,6.25899747449936,6.38557909855056
5.01785799909462,4.86153158052409,9.60038013743923,8.12993436865481,8.23194179225455,8.44469743660559,9.65357647998129,10.666424292778,10.8596423606746,11.0742221332593
8.65932397059534,10.6121404648019,14.7735721613995,13.1883581494787,13.3560590599152,13.6679848218623,14.8075799964919,15.7816885903025,16.0971890506839,16.4070403662898
7.57561363895234,6.4236943095021,12.5385290118965,10.5369221679751,10.7966283498648,11.0063912145628,12.7775053505015,13.6426272912657,13.8585403129311,14.0315712921299
5.8433636408544,5.24666323101804,11.1864690002401,9.69803025420589,9.84997920267479,10.0619398573547,11.3153349040099,12.0966620945384,12.2912778109321,12.508338354745
8.01241530986046,9.13722225259037,16.1454130773072,14.0683953658304,14.36175508628,14.8346862951635,16.28913677093,17.1237551669736,17.3416013841525,17.5226477194745
8.0703888068889,10.0013855852594,16.7254377874247,14.8023787817744,15.2146666614969,15.7449511856164,16.8147069884386,17.6289792864502,17.8157343011714,18.0573653801893
8.25522023900516,7.8849009829263,17.9375801419448,16.6120274348883,16.8037691182124,17.0294736285,17.9282133690224,18.8840119005862,19.1983580883906,19.4076852154241
7.03572851567751,8.84904639099442,9.53818696260838,8.45368666625193,8.61009215170424,8.79783134329601,9.5538374789656,10.2417892381088,10.4456709916235,10.5667304420498
6.65102175119396,6.3341928072057,17.1942852526872,15.5421089577683,15.7316278640117,16.0682111899398,17.2695559459995,18.2399940227652,18.5000853791293,18.6931620412223
5.7598701868052,4.1336407479675,6.57490086966154,5.44871230051724,5.58655279039858,5.70766167397719,6.55777760906381,7.43953195352254,7.67837367704968,7.78985170521642
8.33488186577687,9.20825186249921,15.4841259823138,13.2193826856166,13.4933130780335,13.714057070835,15.6071488238751,17.1466705253908,17.4755836001459,17.7229873631817
7.79956479928813,9.8422812455934,18.5126969127334,16.3646520553352,16.5745696000945,16.9117671225416,18.5862033877036,19.9294395341836,20.1695680657097,20.4261671995039
4.48993969130039,4.24825881969441,7.63169593440108,6.50139863000536,6.71922313779771,6.96346090711035,7.64458679215476,8.2927325308854,8.43807996643146,8.61392487574247
4.88690501087333,4.96039967267213,11.0507915025367,9.28996310202085,9.5037145010229,9.86440034160129,11.1531276321614,11.8586998372799,12.0394483253488,12.2229855298135
5.58864071174227,6.34759610548316,11.7315097506388,10.0015380448352,10.1595175690382,10.4106198983946,11.6091417507169,13.2924899023116,13.6036216793874,13.7925574327183
8.31623450550609,6.88349656400765,11.7936513935422,10.9415723366874,11.1086639342857,11.268974918604,11.8063182606481,12.3111225265789,12.4903706288793,12.5982565572535
8.00046293122468,9.49726328085368,13.3778446806309,11.1975165655786,11.3955484118055,11.7163639190482,13.4385208821707,14.7841171911314,15.0765341077349,15.259334528969
9.05107049460992,11.5727600896499,17.6395806337456,15.1828221533442,15.3976226031137,15.639103126446,17.7885571014865,19.3627889161866,19.6716178417533,19.8671774137282
5.39199352917029,6.39182545472826,10.0680348156768,8.90583014923968,9.12078389955382,9.37157657225212,10.0609925903322,10.8353827588301,11.0207051195824,11.1593133607218
6.58632838081387,7.79471137916652,10.9537812757975,8.96382346406657,9.19792993430671,9.44298659323885,11.0530792299587,12.3450015650235,12.6205213573714,12.7945650267233
5.94597597739898,5.16433362239289,11.0367333837523,8.97270586010494,9.11988606444075,9.38364212536441,11.1864416690923,12.5725335115859,12.7946674049841,12.9526686488984
5.19316614580535,4.30885658695873,13.1747752514259,12.1096299949647,12.2298898415403,12.372515703932,13.1324066683492,14.0298305282642,14.2062320753531,14.4660009590694
8.28001077423824,10.0849057416662,16.2972968509988,14.8091271705095,14.954178469879,15.251605125301,16.3504769592766,17.2205219887291,17.4354359502223,17.6441066691805
8.19798862559152,8.79112983567924,13.0135327888832,11.9930599620904,12.1311607512324,12.3169980999359,12.9765636403916,13.8143106202086,14.0303812776857,14.2177957716543
6.60401044781058,8.74604188263261,18.1976292894334,17.0193182121221,17.1664848992545,17.3407342564391,18.1899634770187,19.0426374703759,19.3010338532737,19.4892136763926
5.75952249715235,5.61935940649326,6.77842443341555,5.79802553877709,5.93801898155349,6.08852108950042,6.72619423268238,7.53263904953144,7.81794615838824,7.96944617333791
6.22642184273131,5.11698682500446,7.24635996341386,5.48241693893288,5.71947360438106,6.10262660399428,7.37478347580119,8.30239966579125,8.45409977345336,8.58201269079773
8.67673764129845,10.6300621883607,15.6981143729821,14.3280288193798,14.5423482454184,14.7777339447534,15.5989206113965,16.8831683891658,17.1785943419601,17.4086305286677
8.76735059351168,9.17774170484365,16.4476504936326,14.3722551874795,14.5051778266212,14.8082562543573,16.7235159749119,17.4523369630148,17.6560867389199,17.8257989905611
8.88591380133203,11.3815447847644,16.7149076237674,14.7056078366735,14.9021535441832,15.2235122563123,16.6490789641316,18.3178343421478,18.5775418663736,18.7620088460999
4.20699883260405,4.36770834973083,8.01749694770513,6.8439541428638,7.00475675247244,7.22345424376737,8.00639108271365,8.85538553941156,9.10694933269526,9.3971190358612
8.59226299955735,11.2741231275635,17.7205173696486,15.6058836636831,15.8369119591763,16.100324186192,17.8780257901,19.0620146932696,19.2868121632928,19.4558866360674
8.93100253849583,12.4785840074596,15.9309584687675,14.1182235936799,14.3130855115208,14.657412789314,15.9343668657138,17.1221717718757,17.3720358961203,17.6197525401672
8.59007213908989,10.4230097550956,16.644115535449,15.4902413842642,15.6052274222462,15.8197685962199,16.606477812824,17.5307207834002,17.7685761445626,17.9852397999277
7.78301729180022,8.85527011467508,13.8207148471372,12.174005637919,12.3097022099913,12.5595457994941,13.8846459470945,15.0001566976352,15.2288772461215,15.4635301080634
7.08743860737124,6.35997814249538,10.2704809933573,9.49619724609016,9.62170929811256,9.75626884579719,10.2825195692133,10.7628327931775,10.8759625671106,11.0177554062493
8.77283892362662,9.60672941430076,16.3530439277485,14.8529942578432,15.1801012586717,15.4692522565874,16.3977273129424,17.2212348946271,17.4415494805557,17.6588293556901
8.15390737211232,9.03836517714235,10.6332940749983,9.27825143734418,9.41184852157518,9.63427233322505,10.6833629900026,11.5469651414618,11.7586244819577,11.9267872890583
7.23750004808884,7.00582440827154,10.3118081178833,9.22524339542483,9.34931925107082,9.51470555752221,10.2043429812743,11.2848843991914,11.5306845598219,11.7458235159796
4.35936775250135,4.37228971149299,8.20500678113893,7.06907943245933,7.19122346085188,7.40906723970843,8.21148519856007,8.98072995743186,9.13134250353441,9.31128080861014
7.51185145217135,8.58127820927588,14.8620845596921,12.5214631422489,12.7058215815815,12.925582105748,15.0379410892509,16.5860016912551,17.165636181164,17.4726707529533
8.11039841486766,9.21033719095747,16.4142043177329,15.050846502094,15.2445663553128,15.4698149359005,16.4193650842154,17.286583867152,17.5541077556203,17.7526130828963
5.20152437810994,4.76879610174103,10.8723616580912,9.54562381535951,9.7307170838589,10.0529480777289,10.9238694467295,11.5790598058784,11.7615138207047,11.93599996755
8.2798434085725,9.52828024028473,12.7815956425769,11.2199519457474,11.399659459309,11.5656871419611,12.6240736859803,14.1618169944261,14.4003995173381,14.6576927254968
3.54601680874211,3.77188470255523,6.28284113048228,4.89519021773755,5.03313224217466,5.19642638961775,6.1497907543359,7.59850708192272,7.8305023279477,8.02987428072891
5.74409005723539,5.37096904360374,10.2031709168279,8.59072552956237,8.72669266610064,8.99047109263628,10.3579506947883,11.1288995101739,11.3051796926941,11.4345837444705
6.89845227876227,8.23108657190247,9.24521812137776,8.1657459162628,8.36851895305544,8.57558455263401,9.24190629427185,9.93153910954796,10.1223417342784,10.2774849340468
5.2568593476646,6.09282171427592,11.8799958809702,10.9406377488106,11.0837961113854,11.2600856082715,11.8702300056085,12.5417144947139,12.6923939619464,12.8420308073253
6.25157452738437,7.60794797304772,10.5980776635705,9.6815282011256,9.82467884549441,9.96369728480144,10.6333885414694,11.1978750290988,11.3339119601133,11.4722655965788
7.39441571499367,8.21828730322564,13.5858434863776,11.8528194366259,12.1369430037845,12.4371429612483,13.6441489926152,14.5508249590495,14.9690569352524,15.35699185399
4.59021876500323,5.57753724152567,10.8226804060933,9.95179699833308,10.0943804037193,10.2233703277313,10.8002525442414,11.4502205261356,11.6675279587668,11.816503005612
5.91397081237747,5.28433457906918,11.0858887677402,9.71409766635992,9.88471761633506,10.0990151063679,11.1954844990563,11.8646249056062,12.0402759590409,12.1942955721229
7.64402341652594,6.77203853023736,13.1061243335808,11.0222333587093,11.2661676457181,11.539204715832,13.4080741912413,14.2168892877657,14.3847145272684,14.5694950572122
8.34900766443449,11.4411762713199,19.8829406388767,18.4882793191285,18.7143067456384,19.0017990131824,19.7841189838531,21.0048086870254,21.3240605794984,21.5226412317141
7.97922053599519,9.50819598043414,13.8934234232778,12.9380468564231,13.0697487937684,13.2023907870604,13.8782183161082,14.5699926084798,14.7239844419382,14.8942173173098
9.08155675624526,11.1060415249969,13.5599758349992,12.4594999916735,12.6138425971943,12.7647136333539,13.5442445694978,14.3797378322248,14.571005966403,14.720168694135
7.15500124582214,8.72145376604475,13.7137217980721,12.2288805296858,12.4020847819412,12.6043913149041,13.4700469824191,15.5112098679702,15.9484689703435,16.1544034644124
7.81932055507265,8.8480126767225,14.0918835410571,12.2336219204672,12.410575016191,12.6760232272174,13.9524323742228,15.8689459386544,16.19590911074,16.4864411104116
3.90344587592324,3.22544230903832,7.85346758923583,6.58433910141602,6.71323996767437,6.94044472334254,7.89893040786895,8.68003958178055,8.9661374838508,9.190615530376
5.34732853065336,4.5501545391359,10.7965369953331,9.81179181994612,9.92964505884958,10.1137530864521,10.786010142945,11.4982033188383,11.680938985599,11.8440199382674
9.04890392952454,11.868495938265,20.6544712997296,18.4187991151967,18.6512972747997,18.9846074385954,20.808491771848,21.9590340073737,22.15227849039,22.3212162389651
8.00048470181497,10.1133861772183,12.7427523957629,11.8624079802752,11.9670423560338,12.1353932780831,12.756001638319,13.3371026182368,13.4687435207823,13.5611834525799
7.24875538215313,8.7602203174832,13.6390841628101,12.2033446238648,12.4929060177453,12.7017380102114,13.6637523291531,14.6154004304235,14.8230827367153,14.9607298822702
8.26002876013169,8.07025957553638,14.4567302718196,13.2453974275556,13.4397541320561,13.6989280309476,14.5300255260934,15.0867748663014,15.2839616306491,15.4100498312535
7.84154705906928,7.864439207937,17.7656576663599,15.6188242379282,15.8569840400835,16.0664645569678,17.8011010134329,19.342404239195,19.6010992049757,19.7794346577105
7.63588105099271,9.71169648103108,14.1076999290468,13.0281652032206,13.2374405568997,13.3919059271957,14.0981825218824,14.8235768257812,15.1043487874035,15.2982954645477
6.13030988689475,4.08906316539446,8.77804953340036,7.62999470268663,7.7753714409633,7.96394063688119,8.74237363246149,9.64812084670651,9.8771962814835,10.0241977817944
3.00379774642409,3.17486506546186,8.61530377084665,6.66389267374561,6.85590056567356,7.19997983321058,8.79762928189958,9.53426672576711,9.66374782396752,9.84062631944864
5.84218411361728,8.36643138793226,13.8638910406581,12.0850240029009,12.2718036506007,12.4745462550716,13.7604405353395,15.5594467302649,16.0003813283854,16.2958348734165
4.76981155138339,4.72945418738916,6.9645848687304,5.9733822420859,6.14674739362007,6.30574315594715,6.95612152585225,7.62539652499389,7.82198830031207,8.02420595940071
8.50029061852693,8.2848473561311,15.0308620817753,13.502939246784,13.6836293161444,13.893470200423,15.1844361238455,16.0341036965946,16.1668074719868,16.2713897312814
8.1746097322933,8.69757495199971,13.9309943588289,12.2753656260542,12.4748475729139,12.7290217638098,14.0795635607945,14.8195568512109,15.0186618599601,15.1983793780032
4.70231886827898,4.20784400543083,8.00393914422722,6.81314820044797,6.97522603523383,7.15680681331668,7.97343466577011,8.85959800663554,9.15534042492296,9.47772656846736
5.07678918406764,5.76373875109244,6.96117396209462,5.66931576879904,5.8483944406977,6.17572761507511,6.9991402368833,7.70801112971751,7.86895921183544,8.06228760196524
7.3699589847853,9.33500285510816,10.681764196596,8.92302246268599,9.09012475097957,9.3150206210574,10.845687316115,11.7343240505207,11.9394506967576,12.1189408386121
8.13224880280802,9.87437129567773,12.1376492259863,11.0271013597167,11.1650539031831,11.3638328145442,12.0711012694252,13.0357416863278,13.3387125077731,13.5591202833916
7.74722616967044,8.71764189490803,11.0396338720312,9.48021703539456,9.65526877616971,9.94881053749783,11.0839320627476,11.9528174254277,12.2060501199916,12.3869210280733
4.32217146814969,3.82173926314955,11.013339849173,9.28523215675084,9.4100036003123,9.5779384714731,11.386494588246,12.160607820008,12.2921244826307,12.3910927768535
3.75326558818593,4.20526622308511,10.9128537705479,9.43518192567893,9.59243171827659,9.91160668591335,10.9918713035209,11.8308835764388,12.0335050498708,12.2025722918356
5.10773286741424,4.47044357873068,11.0752216091526,9.46969076240228,9.57397756401316,9.82659648216691,11.2027248625639,12.0582916069435,12.2664527866915,12.4551785795678
4.80519559376406,4.35602420960915,13.9359706924249,12.9270985668411,13.089548066743,13.3134568773405,13.9009981075033,14.5837535977756,14.8105265547104,15.1067300550012
3.83336554422284,3.40138863088056,7.17715509377152,5.78132510058373,5.9406375487131,6.21113839660779,7.08117269930066,8.28629873558336,8.48881026758981,8.69921963437164
7.86918202892644,7.60910461384943,12.898371071665,11.5036630756216,11.6650235435605,11.85862576685,12.9126274041905,13.8288347370951,14.056585027818,14.2642095389399
7.77864879243799,6.853937394373,11.7664024956073,10.3340417923473,10.4961791767332,10.7723065881187,11.8813565604398,12.5126162817,12.6940041211402,12.7957196181487
7.98161873069935,7.89241135901387,13.2804803720971,11.4738835483997,11.7111962276049,11.9268955598275,13.3396242043954,14.5538525814949,14.7997028263365,14.9186349815661
4.0399568544689,5.64955604528786,7.43139474395187,6.52392510347215,6.66913876053016,6.83503635596862,7.4151933728459,8.0543312285588,8.27142470195437,8.41089760620327
7.45596527589644,8.69588245010531,14.6368724395177,13.5633789957201,13.7163228911548,13.8979408364179,14.5861903933976,15.4618052425544,15.7561045965465,15.9034702810425
8.30362818108501,6.72164037920937,9.80436458370744,8.68722129659482,8.84279019109898,9.03196074911433,9.80810630761044,10.6270630274381,10.8590212368311,11.0242234739891
8.39540823211263,9.65011804208177,17.4543379824176,16.3226037993286,16.5254534843797,16.7460129392004,17.4713768053201,18.1342734483994,18.327547994182,18.5156051979586
8.55647082307411,11.1551533547911,11.6660671608641,10.376500722711,10.500352483992,10.6995735553876,11.5453671511353,12.8235494357985,13.056229093849,13.2351413100749
7.99651600226164,7.72459158203874,10.8137665910732,9.05997575056687,9.19435098781283,9.43788503600461,10.9982184035144,12.0389429421935,12.2626330937232,12.3952803632087
8.06317633316234,9.66733108147148,15.6595649149051,14.0084653423027,14.3349514498206,14.8300823414792,15.7312080943005,16.3881999397399,16.622668510936,16.7435781253331
7.64008094059839,9.39432491942577,16.3840824323859,14.7872102963249,15.052201433871,15.2486887883015,16.1573963214706,17.9106225269405,18.2579424686562,18.4956644930952
7.35841697829554,8.38212287658683,14.8614957664102,13.0427570593007,13.2426008232855,13.4712190554031,14.7285939295376,16.4258509018635,16.7063113478629,16.9528116304046
7.83876737154255,7.82757174196681,10.8442072445831,9.45752609960863,9.66731921246823,9.92453014521226,10.9035252395103,11.626123067668,11.8202894572029,11.9617991873599
8.42814713606168,10.1538155842694,14.9289628803411,13.2074781697995,13.3959509520325,13.6575932229803,14.9234322446426,16.2205541781605,16.5387396776476,16.7513892923496
8.17974050059383,9.66759854895452,13.9662042432733,12.5867933544074,12.8155121264913,13.2309202112451,14.0192326779019,14.6256319142847,14.7800936003103,14.9457876182848
4.88569416882715,5.03847606764355,10.8870241699082,9.77680899089938,9.94257238191292,10.1500745012045,10.840277889942,11.6922719021608,11.9340845258843,12.2318991763076
5.33726597227207,4.71745830210233,12.8256340562107,11.3986625117357,11.6172339769912,11.9145638390865,12.8932312625241,13.5738221202965,13.8215501844783,13.9927781592681
5.26622048870634,5.08057423223022,8.24154018258557,6.84620377451196,7.05713599545674,7.23014765599136,8.16949805907284,9.3182819117355,9.49501447593106,9.66164905338483
7.12034283351615,6.05928187900715,10.3321464730184,9.07967089008872,9.27412027524177,9.48649727483607,10.2953037359098,11.2284876087815,11.5087702236753,11.7152604601174
8.35651489403603,9.30424414495707,16.6963442899157,14.5935303310436,14.7697874660644,14.9867451977378,16.9900759449877,18.0856021072534,18.2693345698935,18.4334122700418
4.30709513885555,3.59472834228302,6.24251740861442,5.44631598025899,5.58089480596742,5.7469427362835,6.23870503084139,6.76286280505031,6.94253227561479,7.06306950878443
8.7791800382958,10.2366613254951,12.5112700114283,11.3267318836956,11.5009523066618,11.6853742783324,12.3622561644509,13.5857436539059,13.8085100864854,13.9872777609734
8.5454346814907,8.24159972925907,17.8709443600173,16.3575169178508,16.5197515061575,16.7940368621736,17.9679181755133,18.8563282709142,19.0312987061101,19.2067100364303
4.01836784271932,4.13848608113119,7.51491652075553,6.40691189333184,6.62585794031959,6.8121156962764,7.53487803895447,8.21622965774484,8.40226435180989,8.5331349888917
7.70059167764348,8.00531358295676,17.6453555140771,15.5327958080913,15.7290120367684,15.9804919879747,17.4311353930969,19.509378643168,19.7771434747563,19.9798604533668
7.6417548718541,8.93394218926572,15.494080695771,14.1800345839824,14.3519840552452,14.611098845726,15.4842658678371,16.4254656781235,16.696386353395,16.8878614531335
3.74543124190884,3.27381613547578,4.56776941717045,3.40341489998337,3.61469466784942,3.85888607120637,4.58091502083246,5.25292580896792,5.40356152509804,5.54451991230883
8.88591380133203,11.5939887409798,16.4587949494494,14.4819952412399,14.6417562073949,14.9746925072239,16.3409546032649,18.1490636278399,18.4006871647242,18.536457005433
8.27236616701205,10.2932139815486,12.1279712695147,10.8795692128625,11.0069287816289,11.163412213238,11.9224961946283,13.4382785153564,13.7933920018037,14.0060128578087
5.43710695866614,4.51699157192909,9.48457365705374,7.95368240730555,8.16443740809209,8.39027664609944,9.51175139144435,10.4974918592003,10.8128562761173,11.0571176504304
7.30175487939576,9.0452191619292,11.5467539090428,10.5130234728651,10.6749740957141,10.8536474298721,11.5531861462482,12.2074208047602,12.3878261520872,12.5135274284927
7.48865388689608,8.60404395246311,13.9232985165737,12.1481893349343,12.331154438206,12.5812196951985,14.0689992329364,15.017583657022,15.2515157098083,15.4367087268432
4.18458046787496,2.79900277922617,6.22995993017068,4.95855535021414,5.07443210772164,5.23854086339174,6.2701804298416,7.22083781129516,7.39498990015686,7.52540375086049
6.98662978997356,8.24579193742302,10.3968976430299,9.38028870840448,9.51246010523611,9.71013684183427,10.3924434558281,11.1010683242083,11.3330682494845,11.4663687253267
5.04736459844302,4.44268913936445,10.2861695382736,8.87292452701304,9.08379326070593,9.26847097235903,10.154180362304,11.4451496907783,11.6251607124905,11.8361974315522
5.3903859374326,6.21230390984986,8.70797285113816,7.64644055197042,7.79944468623215,7.95936156914885,8.70197539049815,9.45415813739058,9.646382873752,9.79174944287502
7.77910343032795,7.67463001833972,9.93272421743321,8.79748096211834,8.92879027167627,9.1352184033322,9.94789975579519,10.6651273089533,10.9603843740484,11.0680391065152
5.89161567442562,5.17967323222555,7.39636926694225,5.88226317485596,6.09587810300538,6.34431232399931,7.46997178934169,8.38339375081157,8.56746766285456,8.65491998389119
5.11363382989683,4.98959168428413,11.135652887747,9.73688898016604,9.9224305586283,10.1277370123876,11.1375027538006,12.1209962713929,12.3342398797626,12.6139507184924
7.93670813378848,9.79869959534103,14.3824604017707,13.1251244466507,13.2816225253586,13.5519853936855,14.363425291688,15.1864159724813,15.4069187098998,15.6704137371746
6.57119896549148,7.43850013101248,11.696744898431,10.5344453194853,10.7595128199854,10.9762231347353,11.6921147411077,12.4530023002265,12.7029004760989,12.8756793427813
9.17343843609071,11.2233462716924,17.635059702909,16.1469366541031,16.3232725068142,16.5218816515212,17.4209354222184,19.2034749610976,19.4862287946279,19.7792423450387
5.67539643235031,6.81807192799817,9.32200376512263,7.5429021267914,7.74618418262284,7.98150548460138,9.40383633835093,10.6400467205071,10.9082753286329,11.1115354900145
5.15599332543815,5.22877950324504,13.2002688909461,11.5640889148767,11.7498055102507,11.9756524158702,13.3414112341849,14.1100654119929,14.2629733853905,14.4248951033544
5.24077090218304,5.17630755021103,12.4156619342124,11.0794421435201,11.2259627941284,11.4085280496992,12.3167650596034,13.5818896608597,13.9405510134313,14.2271009682199
7.81144386505076,7.07648700913479,16.1336978011398,14.4370304617276,14.5710761892955,14.7605790983122,16.3288479247645,17.2059443891989,17.4139386545301,17.5373236512619
7.48842205176423,7.01788061295523,9.44763138985026,8.32358699315831,8.48278930350547,8.75310590040198,9.4611077864773,10.1446560756412,10.3426056504422,10.5004779855268
8.52650094928761,10.0012133476923,18.8942051776503,16.7342381226146,17.0204454261353,17.4483539789198,19.0383611885323,19.9517008775437,20.1865566506871,20.344409531869
7.5138388188517,7.56691826690065,13.8897932869234,12.6082986148535,12.7751610759216,13.0043562690548,13.856152214906,14.7766998465383,15.0388525929988,15.3490514344451
8.46706502016678,7.79779784397467,11.1462508325024,10.0190465333104,10.1626360828348,10.3901150388851,11.1489649273233,11.8815824994295,12.0745786914073,12.218320109641
8.48817991054166,10.540090946836,15.4778525388342,13.3828730530934,13.741813982824,14.1631497159853,15.5470567159661,16.5635256614911,16.7936947002234,16.9539032200713
4.88773082024558,4.65607153855281,12.74885289714,11.5321897119301,11.6865773063809,11.8569886299094,12.7977279160377,13.581722986558,13.7970378652198,13.970325768015
8.50863581269502,9.88946731521348,16.4092110069938,14.5940487846599,14.8469139802077,15.1548953899871,16.5738771938405,17.3222076281974,17.5834581927358,17.8042872409924
6.14861471730777,5.64921749057619,11.8063993032735,9.85349932638331,10.0515261989101,10.3672134969619,11.7734717252669,13.1771525967865,13.4008064533244,13.6395954264603
8.05244784747176,8.66167421559596,15.4007909113819,13.4045574427507,13.5565793001723,13.7657301469849,15.658043117164,16.3872039338685,16.5675854713162,16.7599551003343
6.57252658437626,6.59785361205492,13.1776368596075,12.1558028315228,12.3256305344629,12.5304570803613,13.1808681490145,13.810496512582,14.0233366592401,14.2047728954277
6.07599649128824,6.01829793667041,9.27645191792006,8.49250728244645,8.62611207353594,8.73742809336066,9.2629679036271,9.83085192564204,9.94717292836818,10.1326634581318
8.20038150778289,9.2099578127698,14.0545799627129,12.7646891991544,12.9077030785405,13.1114067055445,13.8779384379573,15.2470973693294,15.5345217509522,15.7459466128657
8.96581447051578,11.5340400497206,19.7862656162916,17.6800426817825,17.9707217761467,18.8008205311733,19.8548482881151,20.7143026926917,20.9638340238491,21.1225281182772
7.17720462507758,6.48070806127532,9.3432313669526,7.84047201232732,7.99120368369345,8.22941144688419,9.48026710560824,10.1905318771509,10.373485988391,10.5635095696881
4.36759882020006,3.48735159600211,9.07399820366,7.43321264684671,7.6287659719826,7.8708114676616,9.03979746935905,10.311020578792,10.559206606043,10.7353292047296
7.02920516439683,7.30374027909494,11.4928813765921,10.4796635656831,10.6048123515517,10.7718865605817,11.5199117612449,12.169956716689,12.333648261853,12.5017049768904
8.8812157178539,8.46177714012814,11.6158334195963,9.96923526612411,10.2457627609585,10.5604844571925,11.6689844927979,12.6156670788527,12.8203558034701,13.0076043961269
3.64236362718318,3.87526041399913,8.332174812706,7.17942785935207,7.30354994761126,7.48018219046773,8.39611147090801,9.09395188963244,9.30407718904794,9.42971357205569
6.32815712221183,6.09285845782022,12.6514324469345,11.0844952646559,11.2574794066792,11.4578758343152,12.7845826218487,13.7030953551091,13.9408972404974,14.0982281872001
8.19348960341018,7.07206742196959,10.7744174869752,9.84614158864346,9.93106229194312,10.1508684314953,10.7788929859331,11.4058486848671,11.6231078468642,11.779218318843
8.19355129730795,8.84530315391526,16.3060423403404,14.8353004243116,15.0062527202555,15.2209640339408,16.358850912201,17.297946194942,17.4607628923545,17.5902803347087
8.13638649292811,9.67657957517776,13.5715221809419,12.5661624922799,12.6807448069941,12.8546690664962,13.5597400913452,14.3049532618631,14.498476689266,14.6184841419718
7.39504167902109,8.69583432940764,11.1765046082123,10.0050131296926,10.2412067440716,10.4258061200909,11.1331091235648,12.0359019354257,12.3199792757619,12.5526218668253
8.25844004902684,11.4403518860532,16.9080190887274,15.3475351912436,15.5477008361259,15.7125016358207,16.8442188094087,18.1303240805482,18.4473825120647,18.6276585956132
5.24675230541377,4.77820171738457,12.5878104961264,10.8379748202346,11.0603007079778,11.4347764757815,12.678433839957,13.529582976355,13.7778652932778,13.9917798526671
4.52422773953432,3.82332102510785,5.83040556504043,4.68704895056517,4.82675724647968,4.99470579033953,5.77056136935431,6.79158490571601,7.02990454032384,7.22314590335481
8.01795162923909,8.4274292270196,12.0034002423447,10.3962274268992,10.5322478116243,10.7471933283414,12.0124570673883,13.2309989949412,13.4127887315337,13.5768648063773
8.42965931825156,10.7058560641257,16.6399242532458,15.6959350875343,15.8473215595123,15.9788086000885,16.6262002680227,17.2767391922043,17.4953513452946,17.6741454264159
6.6981032659078,8.97628069542423,16.0303330817021,15.09005927473,15.2017291707701,15.3444556956734,15.9931500005576,16.7529433085786,16.941110182256,17.1200097069191
8.70778961955933,11.5891204103426,12.69975676768,11.195271355026,11.3937166976969,11.6506687551396,12.5785033474489,13.9899842143723,14.2824749251726,14.462352556525
8.71204834789003,11.6559731121888,16.2680057264155,15.107081220597,15.3269543669976,15.5710198082345,16.2697764939183,16.9834163293028,17.1318184532993,17.3151926670794
4.4083057900509,4.07522117219077,10.9952270130455,9.5176094285827,9.68978446543689,9.91799697921585,11.0251067819082,12.1000317858536,12.291438426206,12.4457450768268
7.63588105099271,9.68967737255212,14.1992228884057,13.1315806844824,13.2766863027125,13.4789381055648,14.180297644413,14.9337530734893,15.1521293795686,15.3657002041333
6.19891358020115,6.78689726720091,10.4324512945459,8.18277785428809,8.30522673140258,8.64424275668166,10.7546953643377,11.7301708176693,11.9494037855416,12.0959065021405
7.6373585378996,8.7703876869906,14.4388521919207,12.8191751446663,13.0633443518479,13.3531177931566,14.495338927751,15.3959966654623,15.6022006425867,15.8058203676753
7.50602911284415,6.63854275317968,15.1471003752507,13.9836278705055,14.1654470004662,14.3962061297408,15.1950386812058,15.8334621050861,15.9846266795866,16.1801468466049
5.93753085839742,6.21930712324502,12.1344605943448,11.0929433445434,11.2378093775418,11.396555789709,12.0541685433826,12.9965275090677,13.2869414320122,13.5818142795699
4.21364797448359,3.75231189561854,7.20476225430692,6.0860582957486,6.20440550020909,6.36321779507969,7.14376597463564,8.15796083783261,8.42555175546703,8.64858137620305
8.17974050059383,9.66759854895452,14.2844603614915,12.6757474069845,13.0033527843918,13.4291401711166,14.2853377639559,15.1842245937722,15.4038875459763,15.584524869219
4.91183133298544,5.13687686419339,8.56433413575434,6.94676875940958,7.20331270102961,7.54206271538945,8.64646723197822,9.3996293058058,9.59857673095742,9.74281389461397
6.95307974382502,8.24652880349536,15.1943399018409,12.8585236418985,12.9934852082331,13.2133711736362,15.158768157258,17.4950691847596,18.0877014830966,18.3876079781531
8.60175254995127,8.93076513787132,12.6149680720258,11.5823700636739,11.7181516427521,11.8929053754406,12.5669361485175,13.3614369498595,13.6232384419231,13.8516181925736
6.81849586255907,6.21495666935096,18.0301690860453,16.9198297349567,17.150510220505,17.3657605586523,18.0636527492688,18.636304670391,18.7943965795413,18.9545667303681
7.08973570829748,7.67765434876606,11.6002132567793,10.1779573230389,10.2780277076104,10.4626775727965,11.7171444973231,12.5767463936339,12.7964790077188,12.9463174030395
7.81556155176053,8.83181570253934,14.1923929364016,12.8757844986833,13.0697719204608,13.2835300275536,14.0947579844886,15.2572595966341,15.7116536988549,16.0835447298414
6.5748308598311,6.51766605100636,10.6856719051666,9.340911410414,9.57605760662347,9.74680272037781,10.6643216665764,11.6234946317763,11.8233391579029,11.9797503908291
5.05886481821184,4.45564878857073,9.18045579779304,7.89862607642691,8.18644096975589,8.47085974716751,9.20956534170723,9.85280097520287,10.0139711267376,10.11395306927
5.65658850819124,5.36802092460116,12.9005875341709,11.6597563011435,11.7814359386387,12.0315939483871,12.8240183250652,13.9216932677323,14.0942683828212,14.2516318879609
3.90657768428507,3.80583572498448,5.3085176836211,4.56869046118284,4.65489487811012,4.77338557198106,5.30973143127665,5.84146457893443,5.9719654279531,6.05924924675963
8.05708783836351,7.96731169234743,15.8751471296696,14.6483645910336,14.7839229763912,15.0225304363078,15.8912225767334,16.6474326027554,16.8414072916392,17.0492529110336
8.11984155404115,8.13578980505483,10.1503429427782,8.73612678404574,8.89695405664182,9.08549572888827,10.1472575020685,11.2058478926882,11.3868207428314,11.5496369274688
8.1864512646556,9.2051340149247,14.1313595643729,12.5726706455362,12.7727479339167,12.9962036972978,14.0374825795608,15.6419105546604,15.9917281772958,16.2403637796213
8.95430245783553,11.4639847906059,14.6387995313254,13.1044748329866,13.281418208142,13.5949804506577,14.5689971910462,15.8818897784863,16.170123081765,16.3423290756394
4.0562518528028,3.77927144010962,9.40342542871688,8.18113603920621,8.39888944470915,8.57649768213178,9.42020618977121,10.1970823891406,10.4056659430531,10.538876860728
7.5339206597481,6.81402025903474,13.182156385854,11.7804548620957,11.9552248430607,12.2036781734735,13.2570104951179,14.0706427189502,14.2984001312852,14.4209822460161
7.95951670597751,9.10295834024163,14.9236510396609,12.4816166285133,12.6977491725704,13.0428437454576,15.2390206625599,16.5914456700884,16.7887960218404,16.962475609188
8.26227068579165,8.4922053457057,10.558418913108,9.46888376006035,9.65286233104453,9.79933309094693,10.4727063524673,11.4968969578068,11.7629843124639,11.9945882322702
8.53835362076883,10.0313400853103,13.1628572193474,11.6802402531926,11.8709323989689,12.1144330798575,13.0554494250975,14.4855031715984,14.7650275299706,14.9973745481273
5.28565030179518,4.98850589928022,9.52784843668806,8.23196539818988,8.38900930089772,8.55128751701178,9.49831979835552,10.569896274202,10.8320818022815,11.0357338715747
5.53551452125034,5.53230415185713,13.739368074358,11.9624038300101,12.1143866015278,12.3314410554924,13.6860928789133,15.1742949518282,15.4858447444921,15.786181339846
8.54890410200831,8.96160033364482,14.6111702772574,12.7676616478503,12.9839643539619,13.3810330860591,14.6425254553631,15.7098061386981,15.8726360108069,16.0157303884192
3.06154175529448,3.37205530918214,9.75124956186944,8.49935718000734,8.62802627495698,8.82143371967899,9.65753704002547,10.8247857587234,11.0321555478995,11.252366187622
4.35948965656192,3.95078234460193,9.57393543767647,7.56572999635222,7.79299141088851,8.14202457449395,9.65750485998053,10.8666364877401,11.1682369772575,11.4101817187307
8.76167582506728,11.0439966526197,12.4797431716462,11.1278785129495,11.2321564935401,11.4226463471926,12.3298957223839,13.804976733211,14.1928814958092,14.5157944511198
7.84012393614486,8.36440427956651,13.3564836416026,11.8652512898173,12.1115601515539,12.3502995512683,13.3454415165438,14.3616530187117,14.7062816259755,15.0082009370694
8.6944419627186,11.4465261950263,16.6841605044676,15.1588183927415,15.3431353052097,15.5217184804346,16.6741384421084,17.8736204906433,18.1327111357834,18.2675344149599
6.80496361758059,7.74450846067793,10.9127319664306,9.61113879320005,9.81114701441912,10.0609932435086,10.9641921094061,11.6866773794069,11.8476717432345,11.9802234613345
8.25868925974378,10.1068333741605,12.3392495063531,11.3801196826893,11.5537394579202,11.756393684848,12.3445354327261,12.9152318239209,13.0641763378922,13.2203960758553
8.65122544370569,11.1073119990946,11.5659917360822,10.1202261414948,10.2478735487073,10.4503042539146,11.40511243808,12.8762450181224,13.0895086204117,13.2949996793025
7.31180144129668,8.61073605305555,16.8593844707072,14.6098973663372,14.8263388385929,15.1682952146469,16.806611146281,18.561956842617,19.0152784572616,19.2512100954469
8.57672397746486,10.0890521022734,14.4276704368019,12.6064916033732,12.7439792288702,12.8904623561993,14.1924281822546,16.1348337333256,16.4342332913784,16.6057456588732
8.57356216130638,9.79213688925464,12.5317163201139,11.5459414970937,11.7194128361787,11.85411834438,12.4905046296277,13.3384313615332,13.5255559099734,13.6955460910039
7.05857001760865,7.65949689645965,8.6751064829032,7.36252486075187,7.53507813196003,7.80114662795971,8.74371318213385,9.44665977747034,9.5885949942893,9.77327036557552
7.09351236454611,7.22015288583015,10.3171806563544,9.09166030179922,9.26201186255419,9.4819447415824,10.3152054396608,11.1618599480819,11.378882647139,11.5554922380829
8.838105876907,11.4444313141601,16.378737598593,14.3203860679869,14.5631003423435,14.8239634777008,16.3022842247916,18.0086397721241,18.31392533667,18.5698801192781
4.46199503215852,5.27524336669915,5.61621183171875,4.25744672635312,4.42250383021019,4.59913908435535,5.5562939670796,6.69351840115132,6.92469824410293,7.09763668990822
5.10033224596988,5.01774088600771,5.76752601900499,4.52662614762678,4.69476004230003,4.84900918125738,5.57404188518546,7.00517825424255,7.27933805725362,7.49660106405085
6.26154852442736,4.9702687537635,10.0395872057623,9.11458569134036,9.24694236067925,9.42198236707105,10.0365446559019,10.6830508553391,10.8481829300184,11.00047866588
6.48819793752148,5.86038337076536,7.78212746888042,6.82649553051352,7.00630661806259,7.15959046025829,7.7874588582622,8.41006427173659,8.57305762276733,8.75392485683148
8.20118203584389,10.4360452194286,12.5798009825305,10.6578449925783,10.9537803239987,11.2831358150114,12.6700831384975,13.7423746998002,13.9642581706827,14.1814910719703
4.30207380813271,3.64397705209683,10.758626072711,9.31136118478762,9.48131388313454,9.67643675303983,10.7212833337456,11.8303397429444,12.0205996620411,12.1663204530711
7.81349476718277,8.92037098370857,13.3716254324537,11.8528991524891,12.0594728634422,12.3189364310001,13.3975829033059,14.3114905496009,14.5450463504227,14.7260520617688
8.22300983997207,9.93650074192187,13.526748279363,12.4476077402772,12.5701009271479,12.8324542025852,13.5680950411393,14.1502430913187,14.3370044082959,14.4560711050172
6.64373771519881,7.64816379814777,14.586176845081,13.1547585944217,13.3960052641035,13.6787418128718,14.5921778990318,15.521997054757,15.7290414688068,15.9399789765989
8.5328189047073,11.3748715668034,17.9416013486183,16.0585896495871,16.3447359409307,16.8642830244642,17.9790137152231,18.9442319655957,19.1753543298723,19.3168246971042
2.71824663999841,2.66704189948332,9.57695341096724,8.68998130175901,8.81360986010019,8.95426418239337,9.57758905228233,10.1979877126954,10.3708439632279,10.5692060026879
6.45198874635671,7.86376935161994,8.60945974933383,7.67522024420537,7.79777523492885,7.95997215557523,8.5627181711002,9.27616640716955,9.52647286582895,9.72065078310083
8.39165586576073,10.1730082362255,12.6691753202954,11.4500023014478,11.6296084728926,11.9090954579244,12.7017364880161,13.3809638991884,13.6273920173916,13.8019081464338
5.87802575541015,5.18450450746458,10.0300358058709,8.64596298657521,8.95654286290756,9.21163331095384,10.0777180535506,10.7797150327599,10.9677492681225,11.0682683077891
7.83682825193082,7.31130995340172,11.713498527851,10.1495069720574,10.385691490792,10.6992555488131,11.7517274239919,12.6389298754794,12.8938307546418,13.0581054459981
7.50102070558844,8.57889518710541,13.4876996459341,12.3184209103362,12.4631889914902,12.6647540259747,13.532106948034,14.2139246188438,14.3730687090829,14.5945822032679
8.97346772319599,10.2605846014239,10.8817544796783,9.61813160701569,9.73995805066814,9.94896379932066,10.745661886982,12.1033376596792,12.3322590543251,12.4776969909181
4.45434721307132,5.27304511493508,7.52127784122043,6.47076696229614,6.64597741237056,6.83258082478829,7.50803896010951,8.2729241226456,8.48471393827031,8.68205574586086
7.55047863097928,8.49739946708463,14.343401121421,12.5145922947766,12.7506964678067,13.2078518061563,14.4376138707975,15.3834641786981,15.6127425151888,15.7793910466477
7.59869308787775,8.14889352028096,11.0827675871963,8.60044031913512,8.88506030524089,9.25913580175891,11.3412368074083,12.3341718674871,12.5323827949854,12.6458047605098
5.85788175189967,5.25565504660783,9.32358482544003,8.33420748074749,8.5034713306734,8.68063066309976,9.34633348171323,9.94656335578908,10.1002248017384,10.269764986099
4.26484107535112,3.85942142990696,8.29722437968915,7.34293497801249,7.48847234582277,7.64361797227269,8.24696572990588,9.01368349559969,9.204256382119,9.35045773932092
7.46318431808051,6.8469633952472,14.1128398729097,12.5270149930428,12.71356346807,13.0129298640559,14.114791151878,15.2415599085652,15.569633189128,15.840712799271
4.65366914512252,4.45465769292114,12.4515415307633,10.9544179619701,11.1850117082816,11.4141789837203,12.3411787378456,13.6663537400539,13.8897683986769,14.0901017513981
8.71913809078878,10.1319441034046,12.0748543375496,10.4314893946053,10.6058913491999,10.8621554850112,11.916295008884,13.7420291951797,13.9758479856194,14.1385401984901
5.93658075290895,4.03181619405444,8.33980923210938,7.1125081266955,7.28568547153321,7.47785538169232,8.37837058591337,9.09993616921232,9.25584700846851,9.38311526179777
4.95555598285723,4.15850796934873,14.1796235976208,12.5502377240488,12.7537930007193,12.982374348029,14.2539906968162,15.2929600122139,15.6367681228737,15.8086768205842
7.95864599687232,8.97685594261767,10.7642080213328,9.29886797847812,9.49729447866589,9.67595935105576,10.7673560166989,11.8982432440528,12.2079003773664,12.4298056818243
7.08992987802606,8.24088873734309,13.2271197737091,11.5198931961843,11.6720831701397,11.9135870702335,13.3426592431983,14.4023351872651,14.666609114314,14.8361342688876
8.51922893301259,10.8727619114753,14.5791021622792,13.6820325456942,13.7978545261621,13.9469162531372,14.5750731541844,15.2041832040025,15.3905595516188,15.5490788565907
8.6549659787351,9.43231644927199,12.234626043784,10.6705155723788,10.9653725367768,11.2709023566131,12.2521933944615,13.1553818539593,13.3315582680204,13.4858292036295
8.03406032029083,8.16087625405564,11.4878716195467,10.1397082675256,10.2941552509185,10.4775008370346,11.4986269586635,12.4741283343094,12.6496776359439,12.7801360490489
7.76965303750942,6.62459004029985,11.4889114681838,9.76925251980749,9.94553416009831,10.2394223316779,11.5114069324033,12.7371145121673,12.9793842960418,13.1737175771199
8.76359284752104,11.4267333523573,19.2197767115561,18.0379400840414,18.2162629889948,18.3963446031634,19.2098324216805,20.0493406482138,20.2866001723667,20.4319430610657
4.25668762761436,6.17676965347969,13.2754539160597,11.9370177146716,12.2388213526298,12.5538953961536,13.2926879510538,13.9959669231141,14.1550375482793,14.2755342111878
5.12403092713971,4.59813236549121,12.3284540176045,9.98572265705209,10.1336993191653,10.6326735264814,12.5929908848997,13.5085857551059,13.6792306315802,13.8336483982203
8.36453898325515,9.11615817010956,15.101955217787,13.9967253009434,14.1219107893946,14.3309282320558,15.0938641881792,15.9041995406667,16.1089773130864,16.253290964737
7.9310631459147,8.28378321202727,11.7733519266783,10.2221597903308,10.4101888514765,10.6370226615209,11.8388083336722,12.7808945092359,13.0478711211977,13.1910216445973
8.67918686537353,10.7394937104984,15.6988989857576,14.4867611793996,14.6775738114151,14.9356206461776,15.7058926094158,16.4829440557037,16.7383546446638,16.9250974145251
4.36759882020006,3.48735159600211,9.61368490549224,8.03367160855059,8.21662733449783,8.4424880350937,9.70668992064999,10.5864749839562,10.7773098064098,10.9444164332389
5.69417559526808,5.72172278536872,12.1456999209713,10.6054732684407,10.8126466942617,11.1338292528682,12.2546826159601,12.8708800660478,13.03876850212,13.1550338294687
7.49439279822185,8.37641780359174,16.0239866239913,14.2097057939401,14.4591872228311,14.7342282842667,16.1013012445519,17.1930921451924,17.3682326688367,17.5227553908963
6.97690459990734,8.27850184061066,17.7208349913842,14.7038825115792,14.9320445602103,15.2344481531315,17.991459852723,20.0580056696094,20.4182547775172,20.5969196382402
3.0351958492345,3.37424676185211,9.28616265949746,8.04557418597023,8.20392480131488,8.30273736177815,9.27208041050746,10.3605986935125,10.5320971302652,10.654978647592
8.47951681932393,10.2572725846347,14.4975743437454,12.3324770429424,12.5207239134033,12.7893449553508,14.4865943584097,16.1033687704292,16.5024543649477,16.7684792158754
8.33938449518936,8.54787384163862,12.2864116855572,11.0586257939913,11.2697755399303,11.4955588983815,12.3298056145133,13.0213292652764,13.2103489164461,13.3664764333229
7.74218161539924,7.29152295777048,11.8114766244989,10.7005235385006,10.8579450222236,11.0969326030942,11.833117411647,12.500549497127,12.6633722395162,12.8357961585053
4.37819637186939,3.75365821247846,6.91521956469151,5.90877762546856,6.06027758105437,6.25713148321439,6.91503620351972,7.58416542725749,7.77608849736614,7.90381575966193
7.94619660392898,7.64624824127004,10.9282703066494,9.50864473520596,9.61745567961445,9.78379596468439,10.8381485974769,12.1877557577106,12.6029478732468,12.8968597635982
3.68690888061313,3.15331604627172,8.35877414226568,7.09325493551409,7.24515912642379,7.51935626511581,8.42280875597173,9.08068894237997,9.24354580289864,9.37922844849416
4.62155841671997,4.33056695808959,12.1499882617919,10.0934798583931,10.2663227837898,10.4567969636299,12.042347038242,14.035168522266,14.2738684324742,14.3933889986404
7.45832404339566,8.35142813226321,10.7938103820108,9.10878729376529,9.43953498749669,9.69836860657765,10.8799653699271,11.6373007331689,11.7952040480726,12.0254115532054
4.51802280907768,5.09631610340641,8.63304503779962,7.55272892766223,7.73468893795494,7.88078087109596,8.55848741121096,9.46617175984533,9.82625538403354,10.2399629941582
8.84045568315237,11.3456009470056,18.7512603361583,17.0106911812157,17.2648695489988,17.5799407994451,18.7416197361223,19.9014711315708,20.1699350343912,20.3205601850405
7.60883718170714,8.72873351921819,17.440444254589,16.0556273803661,16.2098621443017,16.4646885108436,17.2631820039244,18.7602351531423,19.1677329720183,19.5074430511432
5.99103150192212,6.02582166453274,11.2669592082845,9.09293663441955,9.29178335264342,9.53578973575126,11.2149740608384,13.105500180329,13.3934542341593,13.6027253791007
6.11207216588953,5.37202886415161,9.58325674729652,8.25387758359219,8.43952232399207,8.666440386928,9.65228401920727,10.3891080351495,10.5421781785546,10.6708101309378
7.14899555835228,9.69168092509574,13.5916685297852,12.460093702108,12.5837185818914,12.7788162321928,13.4940962264386,14.6092088525377,14.880368609245,15.0457243167209
8.08667812746564,9.32121264450294,16.0616861606135,14.2515041836805,14.5180066344969,14.8723746016482,16.1993457873814,16.9424218937438,17.112399520478,17.2553231404152
6.76536827874219,7.45312264258654,13.3588507647233,11.8516895690477,12.0731723443949,12.3069884168079,13.228469278145,14.5959770254219,15.0925173076251,15.5014988425665
4.26642669308658,3.41281494218643,8.01606538043445,6.92859576283612,7.01514318152078,7.15247687851892,7.93223210793792,8.99692712435484,9.25133243515144,9.46545607708849
4.18153424397263,4.06648950540725,9.45912571168217,8.25677958736146,8.37867623699145,8.59031193363364,9.49303310598678,10.2402860603456,10.4409154368146,10.6285077732312
6.90205296603018,8.24241933066467,12.2473375357728,11.2083810711144,11.3323354963127,11.5087078981422,12.2566508907114,12.9577047934685,13.1615785079068,13.2753681582222
8.15823240977953,8.39567967259171,13.2586503579532,12.2342617593281,12.3533320419286,12.5529969175642,13.2654845528921,13.9175218330665,14.1125409507853,14.2734105688733
5.84898390998768,4.34257800530819,8.93175811968588,7.40847841918224,7.59495781948254,7.88961375631991,8.92035483470654,10.0418237682986,10.3056007831439,10.5062114380626
7.61527728818012,6.47883596067052,8.73529782323157,7.6125885618055,7.77581358042268,7.97142756162351,8.65066723906859,9.66578861150874,9.89953057579587,10.0677557732828
7.66003075596567,8.76260833183465,15.5398677944986,14.3305767068392,14.521025693078,14.6968933862559,15.5485400018665,16.3705341603734,16.599908916567,16.7717655312021
4.1919684527115,3.81923836730402,7.85855348405179,6.89736035327828,7.06329792673125,7.22366098384465,7.88293822261081,8.40033366586187,8.57619358545952,8.75255775068192
6.65873471988132,6.76934741421915,10.4853549189752,9.02286132863207,9.2058420197992,9.50010081236448,10.4259736532236,11.5925572318561,11.8777346275924,12.1157188916708
8.74426784636616,10.4694694397476,18.2900607603585,16.4100818710546,16.5350696299922,16.715303050976,18.0764777040348,20.418993564862,20.8559090825037,21.3269159260537
8.63941283527051,9.47811248545607,14.8578433654975,13.8795020125299,14.0169902154331,14.231128587966,14.8368438025393,15.5184719771746,15.6991684197282,15.874607349131
8.06428631918994,7.41867200867823,15.1018669242679,13.7708283611185,13.9925880227414,14.3230904804092,15.1161636627054,15.8911471172159,16.0512311395938,16.2729959987214
7.06820342045099,8.83911375403629,14.8326748623846,13.3822808840958,13.5405823644329,13.824346054701,14.7631615284354,15.9507595183656,16.4774745933694,16.6975941832192
7.48366494605696,9.46458934348671,15.7771548574031,14.0448281468571,14.2585899883673,14.6110515046707,15.8403070133822,16.7574829827359,16.9817084662971,17.2205545123097
7.50158684556405,6.02943363432303,8.44566974195808,6.57687758215692,6.7402918549721,7.00841402402451,8.36033848052415,9.91993230399224,10.2085338795373,10.3419980789511
7.36948993497135,6.2498765282307,15.9287806914872,14.2931787489128,14.4594533273619,14.6725317920255,15.8752305715182,17.2633259592599,17.5085115357495,17.6919477219319
8.02876698299909,8.34451894362194,12.6400630094002,11.0349196482712,11.273788313114,11.5369806948745,12.7361679022579,13.5859026526447,13.7773042230458,13.9366698154523
7.53818252390876,8.6554682186328,14.6393332818506,13.2929490960031,13.4914748936462,13.7012416553396,14.5545705691117,15.7576297802891,16.1704716998573,16.4356057946895
4.39222380956301,4.43158047504713,10.8928501323969,9.4233192068256,9.5768821423953,9.7953988001905,10.8641030666558,12.06236866442,12.2773915908447,12.4801805380075
4.57578130042125,5.46324294952565,11.9152791671064,10.5711718860396,10.7538968409167,11.0392537840238,11.9213583015419,12.7343187408824,12.9147166563871,13.0612889474971
5.25614729552356,4.94696440924617,12.3250417984576,11.1053418927153,11.2338057030796,11.4120376330236,12.3934718910595,13.1567101287017,13.3401397196383,13.4764667531902
7.41874795338545,7.95802916181642,13.0043477634206,12.0802561401315,12.2090822861812,12.3813911739058,13.002483993236,13.6074051152441,13.7734394235459,13.946250319323
9.07591764502131,11.61527276785,20.4935405212574,18.8820512085435,19.0926534201617,19.3359714569532,20.3018616629736,22.2277689402663,22.5592152740627,22.76155674768
4.90852053308482,4.34237957185757,10.3208355465253,8.41987101816894,8.59747736888987,8.81500407212988,10.4444461733364,11.5630695596867,11.7521367238267,11.8893400291132
7.69863682850013,8.51474179918704,12.1304000065583,9.9746109500581,10.1273435995092,10.3286477150051,12.379528547009,13.6636067035046,13.8965897002769,14.1118828360165
8.07349256292417,8.43320100910307,14.6568180523164,13.6100317504654,13.7277492142791,13.9188064760004,14.6760566184533,15.3235655734881,15.5290100112232,15.6969630888577
5.36427079250725,5.34463574794568,11.6256680742877,10.5373714222956,10.6737928659122,10.9169329822595,11.6132489074573,12.3867031124713,12.6073888422945,12.7526596409838
5.21087708346178,6.02230704898917,16.5971650445301,15.1217037355821,15.3120795932856,15.5168677926739,16.64810167065,17.5505374868164,17.7565344428854,17.880540175555
5.13777227961868,3.96974990941014,5.67977632293833,4.84622590794697,4.94853163058352,5.10114637727871,5.68291491346194,6.26032097264555,6.46566507243748,6.59075645833887
5.48477402329385,5.31992768611194,12.8097449630427,11.2561685757622,11.446778626881,11.7740177290988,12.7239317594927,13.9501807543342,14.1353951124851,14.3263510489343
8.27362139065246,10.1511389904317,15.1886274103481,13.4932407636325,13.837731934125,14.1538216807427,15.1618797844794,16.2593104773452,16.5336810110054,16.6734231517203
8.26469256286818,9.2768155060274,15.0079158314987,13.3087982832538,13.5184744250148,13.9201906371018,15.1186986251936,15.9524872042772,16.0929983422561,16.2513795831464
4.64617455535709,4.81062272079945,9.93359745758584,8.83577909662788,9.00000778717668,9.18735671758139,9.89857856164897,10.694391179909,10.946511671225,11.1244193173911
8.21285120840395,8.14347461614232,14.2331769987512,12.6150449345717,12.8598841639581,13.1703047219578,14.3645128878239,15.0019480679608,15.1540531724921,15.3062637479897
7.46818768292218,9.80674193464696,12.3511918556503,11.3008550032119,11.4382135440537,11.6054762648261,12.3036443271529,13.1776505376658,13.4082638009006,13.6363904401811
5.84756763676557,5.60795707100532,12.7923453839192,11.7458923178014,11.9007883617678,12.0574709240019,12.7073759026257,13.6446615994041,13.8146265074242,13.9602527688634
4.8653522074042,4.20786791851098,8.99913599337998,7.69925767955348,7.90325421142594,8.19031542657285,9.03594829853915,9.74631015317556,9.95006940202621,10.084172266163
8.69722448154286,6.90448006862798,12.2582195839278,10.9905058117134,11.1034333138429,11.2608539963443,12.1360142869523,13.3970538423404,13.656802078459,13.8007108174854
8.19311697640496,8.81732081927885,15.1557788827089,13.1195170956593,13.2313845752825,13.5002047420542,15.2637966805551,16.5178166537281,16.7329485273959,16.8630719329527
7.39866982355191,8.26686005702867,12.3469016819716,9.98272605220804,10.2188650106756,10.6040293983252,12.7136094840946,13.6017553902651,13.7957406729873,13.9988356854638
5.47563125010947,4.41036549081632,6.72640910519656,5.64472275106383,5.821496523545,6.00790295539204,6.76664857745475,7.38365037277457,7.60143484671745,7.75630525301297
5.6132329969599,5.552586227433,13.7748807715522,12.131506796398,12.3082342194658,12.5536389066003,13.5974780608376,15.1504215626608,15.389970365533,15.5853606847339
7.280437545255,8.94695951944729,13.0786697220064,12.0067025712267,12.2080802682644,12.3971932733274,13.0652619533711,13.7982023569099,13.9749679563794,14.1127647427719
3.96994252770966,3.73459669141018,7.07780454113939,5.86489665332939,6.0015981867287,6.23145717961134,7.0010402781022,8.07186636158764,8.29896173021783,8.42398627218398
4.04845888088908,4.49703174663814,9.67145081016505,8.64013275120306,8.81050522576911,9.04206317468054,9.67605296928829,10.337500028786,10.532609340595,10.7032592971155
6.02357621676368,6.18593375794953,16.0483332488936,14.2451145757347,14.405302571015,14.6618471666274,16.1567288458049,17.2054405860363,17.4333714688767,17.6963676132938
6.82686300320132,7.96893286958904,11.6062736409425,10.1593401440659,10.3127774528831,10.5277250116108,11.6565059900114,12.624086307577,12.8007763810217,12.9726352990067
6.16352646982689,6.10752734793922,15.044509719921,13.234003031473,13.3880219424845,13.6489677424262,15.1263517725189,16.3093094802189,16.5058765506415,16.7440814154305
2.70855754492611,1.9171169222053,6.2227416784281,4.93388890627238,5.06618528547447,5.23631009634037,6.29004062200549,7.08017186668401,7.25124048273546,7.42534904548673
7.84151822889639,8.66637505957171,10.9213977551325,9.77093870962448,9.91357051359372,10.1064132579304,10.9384395237861,11.6964618770209,11.846413671126,12.0271904645635
5.06066701032191,4.83056436000407,12.0514889267844,10.5326581502902,10.6945887873578,10.9596148976877,12.1188846930393,12.9717566583457,13.2117818884586,13.3781928551375
6.93992265452208,7.68528458200252,15.2791501618776,13.1834805739503,13.4020694107996,13.6912751077232,15.2267159518914,16.7380550544327,17.3755313221264,17.7875129006936
8.10201058850113,10.2857772588478,15.9778692216577,15.0384610553821,15.1893936858476,15.3440020669599,15.9711600972287,16.5903574654144,16.7862771438093,17.0079930075747
6.45586167888525,6.66659432968665,15.0474941330981,13.9873404999537,14.1466750012909,14.4097186887451,15.0590029103953,15.675634341632,15.8612678211436,16.0615429608328
7.1872081922094,6.76585607965781,12.9949733937938,11.2624047430872,11.5183769796813,11.8799497417854,13.1243433875025,13.8403302720551,14.0376588235452,14.1673620120255
8.24423830889213,8.04262928697959,11.8097286732558,10.5182854332874,10.6565586732354,10.9639650075465,11.8193370747594,12.5990404403023,12.856819867544,13.0153297867995
8.09342346025197,8.91078561865819,15.039791700697,13.3316449890585,13.5112689108067,13.7364552435208,15.1184209611702,16.2636476444838,16.662051616014,16.9042717863068
6.45403791872011,9.1551661644524,13.392668841602,11.1939226879435,11.7901132027273,12.3507300343575,13.407451809291,14.4988856147303,14.7301579802813,14.8900689284219
8.77722859278486,11.8399281186516,18.2473781430918,16.6801030710162,16.9080744545279,17.1034973622713,18.2156399882071,19.4363380985677,19.7492312756851,19.9348075823426
6.17907655303063,6.3034428615301,9.90643508619082,8.86464838293058,8.98843685221064,9.1788926974939,9.85462208647035,10.6756440639173,10.894270640187,11.0572454841567
6.382323061308,5.56107791793537,14.6761281470476,12.3200956632627,12.5787288452315,12.7949414373894,15.0367426343703,16.3666034287693,16.6374344597082,16.8211365701329
8.85102404399806,8.46177714012814,11.7476726046004,10.2840548356848,10.5628869952281,10.8362043484609,11.7693829146265,12.6469377740874,12.8822531561118,13.0279137401945
7.37601433474341,8.83956368334787,14.6511572006956,12.5909840286701,12.8107214064224,13.0702571415547,14.7843193019863,16.0621051698618,16.2921728949051,16.4338184409594
7.8943756881863,9.63898718528482,16.2276095037611,14.3471599873303,14.5980060317555,14.9420766683408,16.2969355303294,17.3897852480699,17.6603547025052,17.8319652606992
8.64694849981618,11.0753483816332,15.7375774694785,14.4384968268763,14.6307825889322,14.9010189444782,15.6197838124565,16.8690582636916,17.1568859250359,17.35397911791
8.94849236558601,8.22937186892981,12.0883793443221,10.7700806657484,11.0294334134951,11.2653418889293,12.1432031493397,12.7920188231764,12.9541512844651,13.0765238094166
8.13389475927871,9.84003178343382,14.0051262377546,12.6904313382727,12.8519832078525,13.0399431978194,13.9158020991642,15.1058563359109,15.4194615670349,15.7472397518722
8.58398669998331,10.0731602129149,12.744107313996,11.4508121824825,11.7054695836233,12.0115524037729,12.767122110423,13.4242005277208,13.6407389756429,13.779142966615
8.61906516182994,10.4513056633304,16.5749376552143,15.3300075039654,15.6354890738208,15.8714895686252,16.5686324810724,17.3559643901926,17.5559269260718,17.7019966425177
8.86866257182721,11.1454159644978,17.039779196931,15.342803628358,15.5942357047782,15.9415958187828,17.091715417598,18.0186202128369,18.2740880618873,18.4540435617544
5.15036010199322,4.64423256726038,9.49263366645267,8.53639115030373,8.73661189144793,8.88210707024689,9.49165837559102,10.1100835703267,10.2575294672361,10.4509749877116
5.89030562788298,6.97217470910786,9.88230992432804,9.07186668030334,9.17011196171546,9.31537689495456,9.8627957771827,10.4524878985199,10.645860958321,10.8076580544316
7.74972579118343,9.01414485549038,14.9575349059508,13.2191960968184,13.449622295211,13.8033966344439,14.9332306350938,16.1369648950898,16.3721502658332,16.5669778392057
7.83218155119449,8.66194335532698,13.987041139458,12.3355078888238,12.5270633455297,12.7526336350602,13.9139910868219,15.3003129320688,15.5690533997541,15.7943141315696
8.38904270530996,8.94625887558363,14.8060271708699,13.5084975042475,13.6585953513345,13.8149604992819,14.6768250833325,15.9893405072898,16.3038209847872,16.5602427213994
7.18935294118434,8.28861302042318,14.9052198179165,13.2583043891727,13.401405515675,13.6035035889498,14.7318019101019,16.3281858996141,16.5501895510302,16.7602839342326
6.33568974129532,5.80819960375732,11.8239788050238,9.52273984057394,9.71110783657944,9.98898514453479,11.8233824570436,13.5136894223228,13.7470219855781,13.9097688708586
8.65597072821036,9.47506985809375,9.79069060920987,7.89115433562589,8.0707096388401,8.37811941040468,10.0080085568073,10.8213870134222,10.9942789651803,11.264266349406
7.32532208329757,8.22598988813356,13.7866699604595,12.0261642964569,12.1832171173969,12.4907888475888,13.8388081027466,15.0139411869431,15.2936772147645,15.5640861824664
8.65955335512409,8.54126057433253,12.6972422799532,11.4464631910787,11.6224333291185,11.877500567693,12.6796160127909,13.4996557252378,13.7424520014891,13.8879786462601
7.86211356424635,10.1422749157879,14.406605140934,13.0090887261746,13.1902064093781,13.4221398089758,14.45339761893,15.3245255547474,15.5067865077435,15.6351503298901
4.97644054245819,4.72815315329425,11.1377923957982,9.41096007013634,9.60530174098916,9.86676586601376,11.1835177439011,12.3329227027234,12.5628307679309,12.7466600872554
4.64674661463754,3.71515567458794,8.1835081419863,7.19838676714357,7.33193650128283,7.50859868436965,8.18175251368661,8.87558895343077,9.07002587157841,9.19109935567924
4.62952221935996,3.71336823829115,8.32124896728879,7.33964229307792,7.47647215141301,7.62744012291808,8.31950888171101,8.98578739768293,9.17034793870834,9.31419137569874
8.20446144194037,9.96326056999085,15.7745795528907,13.9432292124762,14.1850414367222,14.5056638413416,15.9156445735773,16.722727923282,16.9173886550145,17.0893061046805
7.14967593026628,6.3870641935378,9.83681638343557,8.45636993292286,8.61385473873911,8.84389582441657,9.95720793483175,10.6349470674918,10.7741708511274,10.9196435583667
5.81863886949172,7.78470961985768,14.1490572256242,11.9940101777785,12.2906099413295,12.6503682148496,14.2272108919112,15.4911774198244,15.7673132927378,15.9452141471886
8.07692230588096,10.0555499088502,16.7625113483057,15.367223381896,15.6590200514986,15.9367486214195,16.7899184218704,17.5645687952911,17.7006393325178,17.8434071372995
7.20117422883814,7.38115421836664,13.100952601658,11.5817926254898,11.7447776352144,11.9195479180081,13.1101383999928,14.2717601644019,14.562039570614,14.7926775336762
8.64270043520968,8.88103727529115,11.593397992132,10.379114623021,10.5521577525834,10.7895417902946,11.5888214556367,12.4539331909599,12.6453745601662,12.8373124565498
7.14607096962896,10.2201985471944,17.7363739618715,16.3320733633349,16.4682077071337,16.7046577016501,17.7409100587644,18.7174596054007,18.9907340712474,19.1605112605946
8.14281634734054,9.71001531121792,17.4044979560012,16.1104711225433,16.3548676625167,16.663399096621,17.43402208195,18.0881695196919,18.2663297797912,18.4364354113799
8.80600729352702,9.83120967625953,15.5857928283044,13.8863149260079,14.1457069160957,14.5108374310884,15.6877951570388,16.4654620502354,16.6720838733481,16.8497707407529
6.43307443891012,7.56237861234947,8.04178491187787,7.04903671171723,7.21034917888679,7.40212934165264,8.04342054246613,8.66690506069872,8.84919127941788,9.01540816495967
8.41573566386216,10.4383109126953,17.6582003734433,16.1710444479842,16.315949377686,16.5827841871878,17.7334546432607,18.6383572860564,18.8618504922674,19.0939735039826
5.87430457159149,5.67321495393072,11.5522243830215,10.6005376984435,10.7797284286166,10.9116421463925,11.4976068436815,12.2698650500902,12.5657730271807,12.7945692552106
8.94849236558601,8.04145132533417,12.4092215670644,11.1452439799234,11.3125032525135,11.5143961392182,12.4582442616572,13.1749996110458,13.3305564573653,13.5117301005001
7.66486289823583,6.84512905369089,13.5541459787796,12.2857537668237,12.4305953367831,12.6136707358388,13.4194386183934,14.6718494447791,14.9052659889168,15.092633962927
5.60593881469302,4.74425759451187,8.76256082493527,7.38052954803933,7.52605623932831,7.71313135747241,8.89409406149306,9.58212779402774,9.76588925593504,9.8773738002766
5.84079960487468,5.83200178015717,11.7488479471801,10.1594583938995,10.3141278909974,10.5015821787459,11.8253234541519,12.9007055171363,13.2503038865435,13.4900449049773
3.81793314532046,3.3036617739882,8.17638045640458,6.9869020268511,7.11572341119629,7.34697729792595,8.26779475040764,8.83337077742011,8.98523023854755,9.11480477634432
8.26796103692039,10.036689495306,12.3888132613447,10.9794187428435,11.0599271872615,11.3343697228942,12.4005108780227,13.4728853953899,13.6810521893506,13.8491949748185
3.24461749877868,3.44624543538487,9.90690290590786,8.86147922315497,9.00506484729985,9.18679881614614,9.89810188104325,10.631992697641,10.8091181463927,10.9401155918131
4.43055616339728,3.96561263419518,9.41643932013526,7.64352335947244,7.84680970311127,8.09901481490454,9.4850788993344,10.5595968542404,10.8208028083384,11.0162569480969
4.1622741587731,4.00569655020156,7.27901067391742,6.24228937321781,6.4065045312883,6.56850020367099,7.27728383387109,7.98522219087546,8.19566353167925,8.31553595250283
6.01231200029506,5.09039694640239,13.1487004913922,11.9086790556394,12.0742400111739,12.2811212116452,13.1667536219815,14.0269613598867,14.2231606950949,14.3251838466496
7.96287704994426,8.17032789871386,12.7145003695881,11.2491179103025,11.4275221068561,11.6385838432568,12.651904746323,13.9569223182992,14.2687260356476,14.4900517425816
5.00422321194669,7.5201421287194,11.3306950678228,10.2018817550588,10.342518626303,10.498215144066,11.3068345095187,12.1805100082468,12.3785504082074,12.7353895513396
4.66005094215903,3.83297967142825,8.35120620997241,7.25026489818729,7.44924217074053,7.68479547555006,8.39730794347171,8.95740142561722,9.08811243333016,9.23470081289268
4.73047655295589,4.46329325815069,12.9354932878918,11.574603666932,11.7611855567156,11.988184753416,12.9732437134763,13.7983429772388,14.035302443911,14.2514827262702
8.42826861267272,8.60960570171208,14.5208292357588,12.3073364561264,12.5726857163767,12.8683113636429,14.8073580107959,15.7084024886909,15.9386428378509,16.0719101627123
9.00145873675545,10.1293626828904,17.7239787422173,16.0347666097977,16.2217706903725,16.4833378548598,17.5701575858272,19.1090066555557,19.3578548795564,19.5547458806461
7.01493515545174,8.69491563473082,14.0495149711591,12.0440291065137,12.2530540124334,12.5111771911867,14.289964765215,15.3359331881592,15.6036457000127,15.7907324217919
7.07060588536098,8.00220733323266,9.0442099706282,7.89329096118628,8.06665876382251,8.2698682294439,9.03221910566289,9.90103126087589,10.0953717484313,10.2874972153426
7.23231113565229,7.52707727755156,13.0076620815324,11.9795680694639,12.0973852013648,12.3111602753375,12.9989410939135,13.7263887320535,13.9632187861172,14.1888020808978
5.57547777050426,5.83501904001705,10.1409750801879,8.923180100403,9.05445303145876,9.28300052995541,10.0544047422389,11.1882056970774,11.5019200701565,11.7633054370854
7.71389006420205,9.07134249035888,16.5149155240105,13.9926229412261,14.2132242926724,14.5578703324797,16.5740209185646,18.4880483800563,18.9840242577495,19.4335446479901
7.99151184067811,8.40559355451012,12.8106197992367,11.9755801257059,12.0720148811666,12.2546612688813,12.8221792086308,13.3873822603184,13.5545165311947,13.6872399159805
6.67293794764447,7.22265503470384,7.67068697417825,6.48030114778325,6.66631431674769,6.84792128810247,7.68376727030967,8.47516675508414,8.70969019009607,8.87862879160667
5.74407105594306,5.45272458761947,11.5306756804628,9.71678501486964,9.84751716601072,10.1358839319394,11.4654582260047,12.9075134233585,13.1409794349082,13.3450477764526
6.58216221273726,5.5260841112864,13.8920933715981,12.3550804634845,12.5419786745771,12.736520054144,13.8160337384978,15.1144319677785,15.3198126406576,15.5012495790089
8.38217709934513,9.07552762460377,12.7474267671249,11.6192459993782,11.8063231833305,11.9896183400755,12.7338327627514,13.5075689988159,13.7193476407309,13.9776168442361
6.51595356278246,7.30595310933255,13.3456969280862,12.1297344285087,12.2771902072388,12.5151348687223,13.3312059607999,14.1876827989033,14.4687810428073,14.6271381731451
9.11527082377851,11.5112394459615,20.4907983999928,18.5365068212916,18.6458844264745,19.0177395670056,20.3339832401283,22.3157062614219,22.6522930338966,22.8655755127455
5.86300014957485,4.96140522619465,9.26508223559523,8.05518673460359,8.21719050834099,8.37649040578649,9.2104647268253,10.2592245237804,10.5575282245832,10.818948844545
5.40186938846917,5.7867231959804,11.2387012145809,9.90336351382933,10.0775472694632,10.2719975109002,11.2078158917924,12.2513312093666,12.4508957706094,12.6561292443373
7.34133174276598,8.00178305958015,16.4421260765923,15.328182380353,15.4747943277902,15.6913774367562,16.4403858005284,17.173332564916,17.3651311360483,17.5528084814871
5.17074403292062,5.22876591963465,10.8402174509801,9.52525515205267,9.67721384369349,9.82925781036892,10.7866210472991,11.9389719757396,12.1138875957216,12.267349905637
5.92487057460771,4.26141922893576,10.1202936068354,8.04360313711842,8.20292143256533,8.47415368213804,10.0709717055387,11.8198280442431,12.1469804105164,12.4267946441094
7.85897652828216,7.74549717739353,11.1532651116169,9.71961147931616,9.97157531596933,10.1633647536897,11.2259531497038,12.0494796524084,12.2563867624056,12.4034433518302
8.39364584121526,8.63879944544862,15.5201529024631,12.7262927141914,12.9089362796581,13.1816382642908,16.0054113350664,16.8576214296754,17.0957459486348,17.2745607325354
7.63588105099271,9.71169648103108,14.2855034130694,13.0718368776134,13.2597488324085,13.5070813111642,14.2988286031165,15.0515270828805,15.3034178386437,15.4680894177394
8.23708937984684,7.66098980995148,15.0570797579368,12.87687809188,13.0565698818089,13.3045677427788,15.0871042989526,16.5803085277681,16.8194379263138,16.9813288608914
3.2448804021859,3.59517974992928,6.38755074802812,5.29175660078976,5.40872972243633,5.59950155687071,6.27247538460761,7.32704083604414,7.58338725490244,7.75884334911241
5.4246172229454,5.20592494001417,12.0234294437745,10.5503955058378,10.6974626501957,10.9528138828692,12.0721936168748,13.0576070408677,13.2332923357803,13.4333268351036
8.35363265142946,11.2243875362378,15.9856851581798,13.7138832095484,13.900387567905,14.2102854229639,16.1874552904029,17.2576818318786,17.5716505912748,17.8256087883881
7.59030694998227,8.54117357582949,12.6575064314206,11.2626231401636,11.5363165902551,11.7792391409405,12.7074743496894,13.3906169943545,13.5725982951014,13.7465839991216
8.79867066202201,11.5433435818804,17.7483664738318,15.9437511340611,16.0480037030434,16.293513719849,17.7714365430818,19.1774121784833,19.4640877611465,19.6677713229244
4.99296230966333,4.83106480170097,10.599135560713,8.9783575659267,9.12798732306546,9.39225971411,10.5301811766917,11.8889096096325,12.1107369529539,12.2879843321725
8.68258884293184,10.3919648383076,15.1930237925747,13.2492028675333,13.3960323146949,13.6235675267227,15.3196279827986,16.5159408930186,16.7514251399867,16.9645436000592
3.78363894030514,3.95751116323603,9.13606574071503,7.41231329052247,7.57358818410843,7.77431994027518,9.32974041483082,10.2451015057061,10.4565551930444,10.5519576293651
8.79903751360895,10.4946751359673,11.8567150507788,10.70814699157,10.8650412513775,11.0184582117842,11.7433736616128,12.8383111954852,13.1253748452904,13.2962238825707
6.57217855408595,5.84865618810917,7.47858431596692,6.10446767579329,6.2958845909717,6.55172596112804,7.48479966257988,8.44047330749613,8.68534422172528,8.91429502545237
6.50904467333113,6.11517935280031,13.2509114906762,10.6289625537841,10.9925937601919,11.3238936131769,13.5764645000038,14.4846186523741,14.6932023490589,14.8784237126039
8.07714318154767,10.7200879385939,15.4622865427081,13.9502728446635,14.1021533608081,14.4852800724255,15.5056203637671,16.3342055515594,16.5639092385689,16.6787961882362
8.03696706166808,7.66849313435168,16.3851018151589,15.1243862874563,15.3248860267031,15.530366420822,16.3457405081229,17.3707231881803,17.653406909325,17.8523763080471
3.03524232849379,3.23104578452706,6.77078287053656,5.63344135210819,5.85335071846448,6.01966740453703,6.72881587818489,7.54570445492498,7.9336954945673,8.36689255930085
8.04052964923858,8.7895908050823,13.3394729223617,12.4594774328542,12.5489493771916,12.6859092043242,13.3041809877909,14.0250251653215,14.249931743806,14.4848378831016
6.71979320825428,5.78244618049041,12.6172079529261,10.9231659911415,11.1866832300722,11.5657443680541,12.7230196885788,13.4409520768005,13.6275255859978,13.755398656133
6.61004039981331,9.18256984028534,14.4262182410223,12.5263889446534,12.7495378863744,13.0687732815385,14.3640878190302,15.6966811254524,15.9644959080328,16.1466572513275
6.21102249234784,5.34462338998603,13.8031582756736,12.0156319269851,12.1647998502784,12.4256472165015,14.0405509435038,14.8021639960709,14.9907453849905,15.1743460720846
7.61960437220922,8.66970531453794,16.7545563468681,15.2627548730289,15.4329098819101,15.7810368625331,16.6115418841091,17.9610280145455,18.3527417451316,18.6369261289041
5.55567640123883,5.47110153194648,10.354642543772,9.15607647357764,9.32270783776006,9.51691721518354,10.388762115348,11.111887199583,11.2788665126821,11.4339701158034
5.28032425031074,4.46672621978292,12.2060891883623,11.0634388279781,11.2258113959798,11.4207985276085,12.1874838794885,13.0513814994829,13.2700172784662,13.3741864340113
7.98712249861392,8.5109837160374,9.7589268030174,8.69704736185789,8.82666165147653,9.01725664503274,9.76096840091405,10.5575360708843,10.7651098917071,10.9863536328591
8.31624869155232,9.16066197190449,15.2253028520628,13.3460700022226,13.5838186870528,13.8659674958291,15.2322967555848,16.4276226293802,16.8887387713538,17.1854888037402
6.78048328335086,7.59294415260756,11.702753505936,9.76001634636743,9.93639448136609,10.1818596129737,11.9528313077723,12.8964029511074,13.0738233707959,13.2608628217397
4.47536035340868,3.19305691235146,8.45739761444329,7.00095954186789,7.20313869335335,7.49803063297941,8.53476120256719,9.24647451851087,9.41801582044264,9.54206474114047
3.67056293206858,3.83523599618721,9.11775153400793,7.99009286303881,8.11715150039469,8.33447578972223,9.07748339818574,9.98012435887081,10.1714038129478,10.3561879696691
8.25002833763082,9.1434468934812,13.8948298028735,12.3250640006286,12.6407598418086,12.8976517676207,13.8160025763587,15.1014083449261,15.4263275320829,15.6855816239837
6.21271393033705,6.3034428615301,10.6098117040876,9.61866815275086,9.76827594853309,9.98226082341664,10.6017381066136,11.2237543290799,11.4009411986271,11.5142149798097
8.39394968837292,11.4615581335391,19.9313959405784,17.9490828256544,18.3915746437082,18.9367908290989,19.9516707100784,20.9736923018551,21.2348115035812,21.4447689320797
7.36816523364467,7.96810403208901,16.6745274014083,15.0850584767412,15.2739627594108,15.5077475138344,16.7423457688384,17.6422535897652,17.820751150971,18.0623784649521
6.89022770877047,6.88574312226821,15.804601388393,14.4308862121665,14.6049600174754,14.8004934122268,15.7562473028748,16.8644736358074,17.0810501847353,17.241054802248
4.72269199960836,5.8934567358214,8.81302677774035,7.46018763590604,7.65943691540299,7.86073263142157,8.89320344076372,9.60715789059165,9.77496691377567,9.94351858458395
6.7560288310667,7.45312264258654,12.2483217882186,10.8037807659776,10.96089624493,11.1666181527011,11.9973170110919,13.8161242903596,14.5699389763489,15.0367906452178
5.34914766335584,4.29379539795026,11.5452177693627,9.90280871960924,10.0131836739328,10.2131470917311,11.5249289389484,12.893770229462,13.0773165898075,13.2223998098203
3.70551747416887,3.32444527582923,7.01818199158289,5.98046449571875,6.10074037845272,6.28277388882937,7.01838595383143,7.71797088697031,7.93876630580146,8.12793315848631
5.77406474201344,5.4080264935501,11.1417925183448,9.80122325672065,10.0419216578477,10.373879345887,11.16627268886,11.8560529702846,12.1089433075317,12.2192813597648
4.88690501087333,4.96039967267213,11.4471709649079,9.6679808152571,9.90185201011819,10.2188232716576,11.5972586330402,12.3014942124897,12.5086262992337,12.6570869114596
8.87683766143187,10.4647572896313,17.5834466112857,15.7788443286723,16.056719820433,16.4121404774006,17.7194307810989,18.5425759288226,18.7483525357434,18.9217075485572
6.17987797013948,7.14207870261899,11.8070079798095,10.4430841127993,10.567878844157,10.8096934034348,11.780035941984,12.8547718189845,13.0923027541754,13.338308029836
7.42777238373614,5.83592119178104,14.2207735990206,13.1488548559685,13.3251631580967,13.4513299060709,14.1126247930172,15.2770468256221,15.5152831767504,15.7965765524826
9.04706999602539,9.64679739306457,18.9810153866918,17.4057824459954,17.6368182899922,17.8933089845947,18.9242326780857,20.2056082466508,20.5246518124082,20.7113002539038
5.06351060585179,4.96039967267213,12.0583096016384,10.1546797387576,10.3538464112733,10.7968906350311,12.1617477925744,13.1016423531141,13.3731251880573,13.5504431575538
8.76300349410751,11.6109289610554,17.1213833265528,15.1201241935269,15.3468808186993,15.6619710034553,16.9928982019701,18.6883961766928,18.9614562475975,19.1050892385962
8.16713417617274,9.76857959356414,12.9389873792914,11.7372675963535,11.9342018394255,12.1515418165072,12.9013069439911,13.8083834289132,14.0288948697793,14.219900897378
8.42387493077824,9.50388822685122,10.7061857387816,9.07204803049824,9.21169216794684,9.471916843957,10.5776967766802,12.2216536332461,12.5531950424868,12.8388664860105
6.58388849280707,8.14331549009794,13.8647539903821,12.7302840031747,12.8873044196873,13.0967771200752,13.8191778654096,14.6970253864002,14.9534544430053,15.1885905236085
4.12874028542766,2.9403637587279,8.15442196835637,6.96483546200643,7.18076647675573,7.39000524479109,8.13373936570788,8.98497068739965,9.22620728853614,9.43432771317617
4.69145562228681,4.1262102211235,9.59104092414474,8.09196409610231,8.26826120772176,8.51531506947016,9.6123614967682,10.5841053492878,10.8642583605478,11.1022326340404
7.51185145217135,8.58127820927588,15.6245634700755,13.3727074680768,13.5447156828866,13.7704205060104,15.7919247497852,17.2907731320284,17.6585687227633,17.9391906824539
8.00284931814222,7.78265142735263,17.1090059727475,15.9488733196156,16.1465986147651,16.3594468518195,17.1527493788427,17.7762932976938,17.9763607501253,18.1978113049775
6.23984832039271,7.62651422983591,9.50544863794998,8.5238068049021,8.62156337464175,8.81505998825564,9.5039254328834,10.20504755025,10.3751224815194,10.5316725915293
5.26035268045845,4.7404950790431,11.8009058484769,10.4763234307708,10.6269580234807,10.8850831389536,11.834434240903,12.7380043091689,12.9216170535094,13.0172130237386
7.64825474414009,9.20309719177969,14.7700300035418,13.1619570470365,13.2992729280009,13.5052008000133,14.7272007468382,16.0792808269005,16.3461557858986,16.5065721074755
7.97774113751658,6.96650725576777,15.2507643669105,14.2465437679022,14.3742697841429,14.5383886988317,15.2717993471789,15.8821677052852,16.0278753155692,16.1708480024233
6.32294787626515,7.59829064896683,14.7096238954802,13.0036236530142,13.1875820380802,13.3814730908179,14.4045813627856,16.5550503058727,17.1527898677506,17.4470292915305
7.78084050382733,8.51978150186401,9.66650486877455,8.33819516206609,8.50294831215191,8.68742174018607,9.72484730001724,10.4989643930438,10.722325960948,10.9110804707063
5.50755508321444,4.97584551143089,8.54833122574824,6.83271043624966,7.09069416295845,7.47857242878368,8.66882425783638,9.32225434956458,9.53421989605352,9.67581192712007
5.68490610797086,6.1727217618306,10.699159316756,8.9468111136979,9.17188158544766,9.45513939840523,10.7894205645765,11.8053979597408,12.0231145589866,12.1721158271285
6.8251397676201,7.45312264258654,13.4789440588702,11.8444872763142,12.043523725416,12.2752318167312,13.2322559047414,15.0640599948493,15.6345014502988,16.047659329855
4.31499617813571,2.72912630760303,6.69781447749317,5.40576871413869,5.55518956183669,5.75944689448612,6.6427001164203,7.69233855370497,7.92408127346936,8.18573895052935
6.68062304275379,8.30181465409638,9.84810963388115,8.90474097051148,9.04160805041651,9.19908185597403,9.8575730506353,10.5095345303468,10.6833717888002,10.8101462578182
6.60715946196058,7.92821334989821,11.0807032815107,10.0415936581044,10.2731455681956,10.418046713873,11.0757503422362,11.7594889978504,12.0203130261002,12.192785673084
4.7396640433213,3.28979914459027,7.6082085078194,6.4445923026878,6.64277537108217,6.83684968406051,7.66165507239853,8.29089162022992,8.43400613502593,8.54903356380528
8.26844065738399,9.61208430619409,12.8183136314005,11.1512700189762,11.3871137033073,11.7076614364817,12.6959811673542,14.0679550882149,14.5551572963837,14.7931549664733
5.34381026213406,5.11934078007749,13.0178131669358,11.5984218428321,11.7856154476274,11.9490606741446,12.9611570695812,14.2007611997512,14.4181548809873,14.629740932603
5.05031336208325,4.86994337673197,10.3742157226513,8.81116528763524,8.95200578830588,9.12981411983407,10.3997510528614,11.5097043447489,11.7214731149596,11.9333757929109
8.50273381485397,7.98544135127967,13.8774286853028,12.3372908194982,12.5767487348663,12.8101947905046,13.7797210116642,15.1219601905976,15.3689155739257,15.5316284316968
7.96753358415124,7.42086918984011,12.5729228412239,11.5790582143218,11.7695354807114,11.9186560554307,12.5588303961025,13.2445161454632,13.4830450146773,13.6607526581383
6.22961746210527,7.57324145586566,12.1676421853038,10.6604064761978,10.8385162063295,11.0437473392737,11.8630741053223,14.0238482929894,14.4641220391571,14.715702224379
6.56031077881496,6.5616809790476,12.205795845111,10.6491145192253,10.8235225373847,11.0591322760881,12.1758753013962,13.3650045843556,13.5748551412986,13.7161151258987
8.02982056314509,7.93875543460825,15.1495595178065,14.0196749431723,14.1777877177589,14.3923602542057,15.1401734028623,15.9104430503704,16.0833937639606,16.2514217509107
8.1371729084172,7.97088752394758,9.39665185026068,8.07501911272364,8.20622435106849,8.39092567822526,9.39066303194038,10.4160292705628,10.6712985539886,10.8104115492046
4.98828326294589,4.54115636708182,6.71967038676503,5.64544712114629,5.81370902776429,5.96117770054382,6.65355389055943,7.6497133130675,7.85240608269577,8.11460617265374
7.61861786603317,10.3684537539912,14.1640186666073,13.0344928248564,13.2360357065987,13.4316173526896,14.1567852120187,14.920546350079,15.152112104796,15.2867340120044
8.08393948537426,9.79927961472294,14.1529743342398,12.6372695959317,12.9793521828856,13.3138139532922,14.1399577407597,15.0858173942029,15.3356904096857,15.5561714883248
4.3022680556817,4.40633952694925,10.8082771313292,9.51533829092886,9.67007707320366,9.89963098228882,10.6824915431479,11.9386523686809,12.1914037144414,12.3464702614424
6.16276072025122,6.3034428615301,11.4429140761412,10.4361615835894,10.6170933771636,10.821136935548,11.4677682043488,12.0494550159502,12.248841511019,12.3894793747339
6.59589830289018,9.96714744725815,15.4884520065255,13.0749580562354,13.3474586057344,13.7918399949096,15.5882611117438,16.9448388229778,17.2683511404842,17.4799374489591
8.06447799130016,8.76153822827862,15.5754499431905,13.6245866489607,13.9326375891056,14.250795205251,15.6363386139077,16.7666402418416,17.0551077452061,17.2992527455179
7.40105964493049,8.87100336488573,14.9658514349017,12.9708147892348,13.177278485999,13.5141005511359,14.9932776945986,16.3032688800342,16.5135541442425,16.6827677414172
7.37654821741326,8.54556173876238,15.361599485696,14.0363555400041,14.2194208256895,14.5087882755065,15.404561763634,16.1389088082969,16.3544879707704,16.5574138617857
8.02546929673669,9.33009991967408,11.5951943029534,10.358309570555,10.5127904937985,10.7675494263313,11.625522898646,12.3570108694848,12.5459573543194,12.724602881239
5.06514135362816,4.86994337673197,10.6500340395643,9.17329020336009,9.34721495116904,9.53917814210915,10.6341798527386,11.7017646391728,11.9331895932522,12.079938871184
7.03358037290727,7.29350097302745,16.4913566717032,14.7898396747745,14.9921779999568,15.2171693640257,16.4157418704671,17.849562223526,18.0356459391791,18.2236823162964
2.8582792986332,3.37205530918214,8.07969490084273,6.79873855617371,6.960216345757,7.10438730576273,8.09576221297516,9.05677159197214,9.30625711026754,9.44067978635368
8.11072849824378,8.83347591530291,13.9383655742134,12.4818532606701,12.6676806683976,12.9118718163332,13.8075493836998,15.1863422127968,15.6040157381587,15.9746943373484
7.27302613430013,5.88306935917587,9.43620053505736,8.50027019498596,8.59662983858194,8.73121708678469,9.4426685735072,10.133120388498,10.2745507150816,10.4294565441539
7.22644859658782,8.34816987364503,12.902118984508,11.4656102915727,11.6698799361199,11.961879538699,12.9640215518498,13.7263428540629,13.8951506536254,14.0963573667741
8.84414070109617,9.92127824248456,16.7367107217365,15.332211111125,15.599084633933,15.9010174949617,16.8068896563077,17.4444181439877,17.6223690202568,17.7811529229132
8.32239275636853,9.90382536569665,10.9201118890042,9.63819669582183,9.77584663403976,9.98940430221899,10.8321911388109,11.9811572050081,12.2309650616944,12.4544577647631
3.99489091863518,4.7421487131402,10.0260652977866,8.78167069853468,8.98346968841241,9.21107485391178,10.0433331001928,10.8267002261838,11.0410029183565,11.2632097031256
8.63878853366638,8.45136156084972,17.2395432586893,15.471414912208,15.6454498436897,15.8638861246245,17.2919673754855,18.6052017276419,18.8677476903334,19.1080539087393
7.16401107213262,8.53281922216549,15.4275811189711,12.9654722834931,13.196699314884,13.4692091680909,15.7651757630351,17.1696947149051,17.4111811528195,17.5893538541074
5.08642026690133,6.04747446072721,9.38872176055932,7.43767941826987,7.67112454575355,7.95022247764703,9.5554843731096,10.4503070933193,10.668564585414,10.8358327849409
8.29849655589138,10.2079844252385,16.8769057256869,15.2341532284123,15.4228839722207,15.7114483508611,16.8831931976298,17.9638533213239,18.2425317809761,18.4398297170757
8.63784702641058,11.1268475049284,18.3654257283964,16.145483116435,16.3981104188059,16.668612410645,18.549760856247,19.7389577363447,20.0033559563647,20.1850051820098
3.59516385542955,3.08125146834479,5.06780297193611,3.61023019246737,3.737161009625,3.91137419815233,5.14661958321678,6.07308301162732,6.28363502334999,6.40033492001055
8.51604361382079,9.47645106634479,14.5012023745556,12.52036807885,12.6909157724234,12.9688278078308,14.3546806212707,16.3791474138733,16.6280398869786,16.859255784669
7.02920516439683,7.69603184539941,9.7085506104072,8.74331609506022,8.98625594876064,9.13775665178493,9.70150329772186,10.2817931239009,10.4689872641802,10.6017893456326
8.48707614004785,7.67044431700776,10.1990479542648,8.95186063079085,9.11125837659856,9.31545857091099,10.1819222473806,11.1370957129726,11.3121861069499,11.4698105104551
4.90227511757607,4.12730869066899,8.35394516117071,7.36774527412743,7.5377175432447,7.72511888630191,8.36607519574018,8.99327355510009,9.16265944145292,9.29965475833906
2.61614029428982,2.84443852183885,6.54310147680182,5.32247497274094,5.46167938030859,5.6380685825765,6.56528430657955,7.40106498092343,7.54842431409032,7.67828898622632
8.62942726249679,10.9259175368781,19.5325129297188,17.953974310426,18.1716234892592,18.5427465524222,19.5048958353744,20.6433968747985,20.9511584154723,21.2642654498584
4.48730864404271,4.93034818305446,11.3053301369572,9.57534459324019,9.80981146374172,10.06862713488,11.2748738199635,12.5868120324541,12.8192654032419,12.9869838540741
6.7470189717835,7.29956862142949,11.6004489246914,10.4976620455329,10.679052548815,10.8892226160447,11.5646589431445,12.3874721648194,12.6504768258697,12.9103553817695
3.79593662747776,3.37205530918214,7.26491906365776,6.45389440194584,6.56364073176014,6.67418104812508,7.21157726024073,7.93488317916517,8.12265385851029,8.26245816683356
7.22644859658782,8.25439600186323,13.7943507749,12.4780730389503,12.6409779218364,12.9723974758724,13.8407312015129,14.5405126709904,14.7303143780705,14.8475432203796
5.48097341337781,4.62553309199328,9.9216354427499,9.03275391928475,9.15226848155689,9.31449760850918,9.90633922159659,10.5861459944146,10.7867521468371,10.9034819765022
4.87828000673847,4.3807578303429,13.657819484433,11.9073326094554,12.087483886678,12.390273624842,13.71496684323,14.7925331012338,15.0095896900453,15.2167306111415
8.43502438344198,9.73369975187164,16.8684093810737,15.1470176908446,15.5875358064762,15.9514366819515,16.9441169055443,17.6810417932103,17.9302072770708,18.1356161535822
8.51269077008141,11.3679502705955,16.5951986904255,14.6486227343514,14.9685830042614,15.3871791760379,16.6273462924991,17.8037098824316,18.1297374627311,18.3281428392323
5.41233496935576,4.80526091784227,10.8534357249463,9.28011555021301,9.47951499311682,9.71358063495966,10.984442621991,11.6942543499596,11.869410918415,12.0063465704538
7.3615224598277,7.47447351346445,11.7669331551995,10.8172047389194,10.9404030492786,11.1211991216915,11.7599664788417,12.4069442680967,12.5770019982393,12.7899124446979
8.36663572693849,9.65071230980925,15.9119034328308,13.6290507369583,13.8228625783005,14.0706995914458,16.1999531149224,17.1556831319453,17.3758575607675,17.5475055816718
7.24890094761783,6.04653240836683,13.5911069947578,11.7689196859749,12.032758953379,12.2662434977711,13.623045991516,14.9316545630579,15.1925176272673,15.3385011945456
8.97346772319599,9.27857453287975,12.0087358126973,10.8726805201755,11.040649323681,11.2145921794852,11.9288642097279,12.9787093609722,13.1954743507809,13.3332680718529
8.42992830014441,8.78149680984067,9.87439800507731,8.76021863543978,8.98072603030363,9.15150994686925,9.92709413451533,10.4990430468248,10.6698997760835,10.8159807976811
7.77636095097812,7.90536078620194,12.2340533519571,11.1141939132174,11.2271382535234,11.4159366860005,12.0953144605544,13.35494639074,13.8320249123746,14.1894768313767
6.51860322418327,7.43850013101248,8.47838679461122,7.50522615156059,7.65675851086564,7.82288317516679,8.46538463638758,9.20000361654951,9.39059750462195,9.49577200435998
6.68062304275379,8.30181465409638,9.58974360730029,8.74103674510662,8.89065311862828,9.02542430250296,9.56887740444982,10.199768820047,10.3588492226482,10.5090639957276
8.87537815866512,11.4748612204855,13.7077073715684,12.1097862811805,12.2528482979283,12.5464677648972,13.6172581978601,14.9671188350119,15.2654156388223,15.6297703805246
7.14163323197077,10.2109103509382,15.3117369694144,13.4683648611598,13.6885872506345,13.8925615698929,15.4349349963913,16.5062300284,16.6351805254109,16.9082536627001
8.61051504393217,10.5984081781773,15.0135243098051,13.4228887209995,13.6601897312074,13.9476463806818,15.0572274198153,16.0125191735123,16.2913948601313,16.5563952583501
8.26373892276757,8.36790609094874,8.42781187362637,7.23115864054215,7.38629045123229,7.61751772474922,8.46170967249571,9.19506372784511,9.38712662756663,9.57833062290217
7.84981098720091,7.01625482487243,14.7034394576514,13.397447550726,13.5363319925083,13.7536610663919,14.5964664137537,15.8380738481671,16.0803445353407,16.2873386262532
8.12935723066227,10.4214698215949,18.7396185471857,17.3654466749354,17.5494559418682,17.8292757384595,18.7719727707798,19.5741333820317,19.7597353787691,19.9010759640781
3.57410125484727,3.06775145002921,6.05696914911058,5.04857355616912,5.24734399429462,5.41572267910154,6.05621281797267,6.73950189994196,6.90276746274983,7.09197115969503
5.29988678524744,4.43355309391171,12.4199730513396,10.8150774225678,10.9905255805326,11.2438183374596,12.3014627109948,13.8628750694754,14.321197607964,14.6925527520935
4.7121026016297,4.78810000430986,13.5848121441599,12.1050297567037,12.2977587256867,12.503386823148,13.5009388727944,14.8283393435721,15.103697450198,15.2400323725125
5.01725782788239,4.85448399786659,10.2403586902068,8.79972694513415,8.93185556327148,9.15710184864748,10.2649874737607,11.286813686293,11.5090154570091,11.6668895104582
8.71633889196775,11.1826251212192,16.5664681939614,14.8440301041158,15.1832770974597,15.5233086053104,16.6532747821278,17.4042602338858,17.6343859836298,17.8478096407924
8.24100050215073,8.57570797305297,17.1677707496513,15.011670628628,15.1197310206019,15.3826250787855,17.3309298133287,18.6203608521536,18.8219967422142,18.9330538521038
5.43178763345995,5.21170519358993,11.336728461175,10.0078741522613,10.1704638484619,10.363764598039,11.3286372023601,12.3387465175686,12.5680256977974,12.7735651074147
8.36685893951644,9.55476211303679,18.7311376486193,17.7112139281098,17.8392070125588,17.9572064349593,18.7135321907439,19.4811976595141,19.720049889782,19.8803469004251
6.61077579187998,5.35591713461333,6.52154735373833,5.49277344365559,5.62582469604614,5.77941642680563,6.48916619533054,7.36277278373871,7.58676026037393,7.70762739285096
5.7973743314692,6.25157390714764,10.9710308925362,9.0187228989886,9.23175975619678,9.58884553306629,11.1214230849991,12.0119762411784,12.2089676824766,12.4294459560355
4.25660703746589,3.88699125597439,10.7019002128583,9.52003535455611,9.66641614348289,9.88678231887833,10.6964373993404,11.5504284168632,11.8096586113396,12.0609293632337
8.01691759185862,8.88336565828644,12.0961393096533,10.4688206690676,10.5978825213226,10.8465468216405,12.268465223934,13.1120518303294,13.3396854093897,13.5809739589732
6.27520904025276,6.30617097049868,13.2424744455191,11.5216672824584,11.7325727781346,12.0718526747552,13.073578750442,14.714241296206,14.970565765392,15.1527802069762
8.07879374944536,9.34163583995309,14.0418824184631,12.9288232090674,13.075936511089,13.3247013512989,14.031563621713,14.7496104293588,14.9714928880597,15.1260054163523
5.31862127624582,5.18329001332788,13.1656029177643,11.307986161759,11.4411122647278,11.6873017218629,13.1333039704936,14.6368775947293,15.0162182633063,15.2724958089074
6.86536896565038,7.4708294716137,9.47734737615552,7.78541315163708,7.92272301375722,8.12617863712271,9.35024159076083,11.0154474569089,11.2255628707631,11.3741691239548
7.33863898074961,6.45357366194204,6.89762224476666,6.00518723196659,6.17197714193823,6.32853193568047,6.90501963907046,7.49474828911384,7.65096503481888,7.78888224882687
8.20955181966615,9.23244814518105,11.0778240368272,10.1859184634915,10.304955186484,10.4760392190883,11.0770048267539,11.645387109185,11.8502530246404,11.9842005121022
5.24500711416666,4.76879610174103,11.6159579062994,9.70340811869992,9.99681320975245,10.275354514379,11.8342607774271,12.5342791075688,12.7123322054451,12.86503922876
6.67636997397474,5.11583184883169,6.26545388470295,5.37146258032977,5.51873711594253,5.67665396582214,6.26416210904438,6.8553420669678,7.03043443946567,7.16450687054354
6.32170254537642,8.25389973403167,12.4796966220657,10.4120320125833,10.6282092400584,10.9492056705853,12.5836056156734,13.8562155046378,14.1568931422214,14.3464726102235
5.94360864910892,6.20990150760149,11.1870734310872,10.2052385177996,10.3446690682773,10.533477649615,11.1750865309513,11.8482248687249,12.0402579711674,12.2289133781491
6.87135615839903,6.91889750919154,12.1047791375955,10.6590056379965,10.8283593569925,11.0291711332158,11.9805817486992,13.5132232838099,13.7287675906994,13.9331209969306
6.8497942899524,7.60749762640898,8.51119414496338,7.14991944003461,7.35402312073983,7.60735038448312,8.50375861278221,9.34885472689341,9.60521408766126,9.78681349790594
4.09051168234961,3.78981284791804,7.79012219609712,6.47186805476674,6.65514077193641,6.89036967343257,7.84338961710666,8.59322804448823,8.7825133017846,8.97221868175819
7.34046233048426,8.06257314648663,11.1310309486376,9.28121679029179,9.40184509946769,9.62793096470501,11.3245188882106,12.4832689651003,12.7605904367154,12.9808589214226
6.74098259720613,8.481058945062,10.6289345684744,9.79065981026595,9.90668538099798,10.0023259656163,10.611889558106,11.2916873441519,11.4580061081774,11.5858720606712
4.25580695697707,3.08066131557895,6.63165876139374,5.52648305823854,5.71620966372733,5.91748895056701,6.65407844405653,7.31908570403396,7.50249738106701,7.71145176260805
4.61445584140151,5.46880897828851,6.24370461217001,4.83866448213879,5.01851613504594,5.18853844197511,6.20823350191456,7.33819264932537,7.61146550118668,7.77287544843329
7.49472324076684,8.22096173947129,14.3287725545702,13.0505064818635,13.1997677151314,13.3550337592553,14.3273176649432,15.3125734988056,15.5079308277214,15.7120340863575
6.15458239059153,6.33627272224019,7.33116652254735,5.9330485200207,6.07270532659013,6.33832277911764,7.37365150888309,8.2506049641113,8.43229767535825,8.67265277395769
8.37375582689311,9.31524270878412,16.6221940362989,14.775374080404,15.0077022827226,15.3479031794313,16.6478796120144,17.767476734926,17.9879032202938,18.2183387977707
7.35562567122065,8.64225814533704,11.5104950649563,10.2582853131734,10.4636269281442,10.6827782095684,11.4862105795718,12.3583947016063,12.5632678340849,12.7412653372276
4.67293447682338,4.67384277926482,8.27745793210732,6.92691787674208,7.10949765769223,7.32388838568824,8.32555311659164,9.1278958288824,9.30755224108864,9.54140400921543
8.66109013039813,9.97846585819831,9.49255211204425,7.73031583674594,7.91384391886634,8.17349598384263,9.55754611860774,10.7495514875028,10.9497943348337,11.1382009086616
7.30202424916861,5.83740008676648,10.7567228248572,9.29241087707966,9.47597596905681,9.6688052509872,10.6327812782244,12.0065265569005,12.5307948658828,12.8454096574906
5.87000464418861,5.72415693831489,8.12959160185072,6.69429773935134,6.8390378141876,6.9966487404739,8.03526934433267,9.33733936004268,9.59208883747169,9.7312111750577
7.67089997565794,10.0980735071751,9.82469987893208,7.84254899986978,8.0503653254641,8.41299296841644,10.0247343796594,10.8478168034316,11.0351585503218,11.2595068740025
6.81218170949215,8.38769553076628,12.5317162410858,11.4958413205846,11.6032024692638,11.7814051204886,12.4696234320862,13.3520649259195,13.5440519619123,13.690716581892
4.96141359527445,7.40070862847293,11.3261620320346,9.91720879046125,10.1186531595013,10.417821757471,11.3480789758756,12.1709457785636,12.377013384153,12.5238227840868
8.94522631793538,10.3717275809465,17.1943061073344,15.6699270032631,15.9997064787269,16.2869614652819,17.2207155396672,18.1019383553663,18.3314273769961,18.519877500278
4.17985812831092,4.07522117219077,11.1356554208921,9.78426419678711,10.021510758004,10.2301469104045,11.142629391267,12.0958985126067,12.3282707755509,12.5568208947764
7.23783323079227,8.72592818428016,14.357370838496,12.3824373463231,12.5283957397916,12.7609939306251,14.4980650834985,15.758843126489,15.9822915231379,16.238234576856
5.61356289459394,6.35841134467656,8.4544203708118,7.15409215014141,7.32745988192104,7.54130567588084,8.48357773466768,9.27754759251721,9.49334427969748,9.66815171038593
7.08973570829748,7.67765434876606,12.0023185076622,10.6088998545276,10.733911838348,10.8920850377964,12.116816295099,12.9501077720742,13.1323642393095,13.3015641325171
7.77275500026404,8.85039887795812,15.2926902090866,13.413674731846,13.5563459821861,13.8522720587612,15.2522812020493,16.784843329812,17.4239289250488,17.7243864292498
8.0302237185046,9.0019576454956,16.8750880679981,15.568850318967,15.6900994071573,15.870260334489,16.9267560853743,17.7585352864519,17.966373283385,18.1492475544594
8.27949829609965,10.220447697306,12.792104535283,10.8616101939377,11.0654701365599,11.3138096406196,12.7147493796911,14.5296747431979,14.7853427467909,15.064278467285
5.53400551690102,7.25925356796317,8.45348281144692,7.31440212116299,7.50034856944457,7.65706794125873,8.47495644837107,9.19374096466561,9.3945055405511,9.58136204531612
5.8038911873615,4.99351198629952,11.9433763089824,11.0301422065354,11.1539589526988,11.3250160975858,11.9355801474713,12.572096647759,12.7210140282113,12.881263231829
6.85605488106396,6.15080375017211,13.2503841541317,11.9745100291892,12.1290122587092,12.3798723924324,13.2638370925597,14.1092075174071,14.4226264709533,14.657676078911
5.30844680161614,4.19195701479583,5.84528552047067,4.6690792532556,4.77944546360204,4.97512878495538,5.90817377479425,6.61341547212114,6.77780450832666,6.95520454211747
8.17974050059383,9.65860673336472,13.7345206925535,12.268069798926,12.6139302344837,13.0799391032266,13.7579751933503,14.4540375788326,14.6162491926738,14.7395431635486
7.51533739671635,7.60733592082295,10.7489849866749,9.14074699110171,9.24648230039821,9.51078006929573,10.7277061387959,12.1499792348243,12.5178578039577,12.6962628380944
9.1417594270064,11.3285560556081,19.1553299843311,17.6101803371889,17.8747673405365,18.2173360177779,19.1142111476636,20.1517143622463,20.3833977394413,20.5958267120761
8.07963609837133,6.51972269843747,15.0980480954326,13.9647205191976,14.1180857350544,14.2645146138668,15.1100138805233,15.9452742165274,16.1178228442964,16.2916687623245
7.92221360986208,7.55133285496601,13.058085539403,11.5095230150195,11.6474666556062,11.9063812250526,13.0562592850705,14.2065655723204,14.4178159489362,14.5602792441879
8.56252916601156,10.0560616925414,14.9494848173267,13.7271781626627,13.9524005888663,14.2208969393418,14.9847992795299,15.6389948146882,15.8089578835566,15.9528178402604
7.47449798896829,8.52299456321644,16.2401644742878,14.9104362896322,15.1850430978297,15.4432710543737,16.252337399705,17.0870749023139,17.3055295881743,17.4898200564647
6.96576713912457,6.5385936716043,12.1082264352572,10.8507109949048,11.0568095171712,11.2910135144763,12.0899612039051,12.9738587583271,13.1928119032716,13.3257675557457
7.0821750265103,6.77445556493594,11.8448682818224,10.5210779899453,10.7121882185495,10.9474739895556,11.8104950175323,12.8437359115194,13.0491191443309,13.2964300492191
8.56354499816782,8.73783365530825,13.606366728066,12.5595346403634,12.7122453837468,12.8735932273289,13.5837117723249,14.3461911691318,14.6382786740047,14.8377510963955
6.76858999633914,6.93521559454555,10.5507119821335,9.05903512674885,9.23241650555274,9.48679251597796,10.6728520689106,11.4516566411799,11.647784489641,11.7773355722409
6.24147552806426,4.97125342802822,11.4331990392801,9.80918864225357,9.97655486829198,10.2186766081287,11.5303120054778,12.4207821545939,12.6138049130465,12.7626175684317
8.19517151286857,10.2653932930582,15.5570848726949,14.273693904019,14.546865508994,14.7760915328552,15.5367966674723,16.3916983399543,16.6057460803545,16.7677419631537
7.71868250662394,7.06353977300221,13.9228873914342,12.6308565587675,12.7821750036073,13.0056325275103,13.8660071440288,14.9304798516192,15.1729741516949,15.4517686293257
3.54928348548538,4.53121678225238,6.66642153033565,4.92205122711249,5.11310165595467,5.44408561102693,6.7892648126989,7.59840826486968,7.7642304265696,7.93195890981819
5.13988894924485,6.12383945131194,12.2297573082382,11.1170512351735,11.3107649196784,11.4833682148025,12.1979599688589,13.0233006477046,13.3283663015875,13.544952669496
9.0759103069529,12.1486234301396,13.8389592099011,12.2383275465282,12.4506027856166,12.7869668842235,13.8278563196865,14.8901845767479,15.1374749922358,15.3024889849752
7.12993776407291,6.51308431004738,10.3449207896224,9.28206934394868,9.42424442087947,9.64206910724092,10.3278614943053,11.0720401563605,11.2938648881118,11.5468494329105
6.07968805055221,7.55779242591263,12.3135873649148,10.785438374686,11.0043586091771,11.2203666836649,12.3179819311294,13.3616616542566,13.5846805601513,13.7584955535593
6.89258936570113,5.39262804102688,13.4592458658141,12.2721539659425,12.4283931758084,12.6803143705171,13.4802542610881,14.2264639888479,14.4596127995055,14.5599844628079
5.42348603374854,5.32162121135432,10.7385924303505,9.70205819903692,9.86362723217794,10.0285555395946,10.6608583100359,11.5701492164357,11.8712101760004,12.0372762531322
7.07632793309782,8.36010709689053,15.3894350423651,14.30451394599,14.4540633893108,14.6305129769101,15.3184788012847,16.3172144462879,16.6393740405412,16.8905758932605
8.01508720039927,9.29177987530464,16.2147465599491,14.4685599196233,14.646365072369,14.9912805661537,16.3312598563694,17.079356077948,17.2896033824201,17.4849487408855
5.77306717302186,5.05407656120647,11.1478936255019,9.77569187456535,9.94599521023805,10.1568788972301,11.1556410095917,12.0808471233868,12.3304472726156,12.4807776801922
7.52464721181919,7.77886294576955,17.9134013150463,16.2694953019194,16.4767200969519,16.6216755878511,17.9301642164496,19.1789379877217,19.4064892131226,19.5466170205621
8.13403512935612,8.51753884953568,15.1459725821563,13.7918967954847,14.0072770204234,14.3063107646282,15.1642356386236,15.9077540098315,16.16426386723,16.3900106089192
3.49400080117692,3.63863617741699,10.1182087803938,8.9581260093466,9.09789666552348,9.2464964996917,10.152972061229,10.8580118928939,11.0035955796451,11.1319536810931
7.15167009460536,6.6135542953823,12.5392461898643,10.8693562904847,11.0299042357937,11.3306459946272,12.5981751620326,13.6779731037637,13.9375437575069,14.1330269328877
7.34658567807903,6.9085750547082,11.0141977219547,9.43842228161623,9.63505578249921,9.88220675111827,10.992480425403,12.1855478794571,12.492305236079,12.7144740555163
4.57039947174526,4.94302804631438,9.06535627484363,8.15051244633621,8.2935888593228,8.464971172897,9.04285312127613,9.69675928414718,9.88906941496785,10.0279820867559
7.71359240559133,8.88824308825282,16.5555734540217,14.751498517208,14.9563288831127,15.3258220483646,16.640424631671,17.5986046459748,17.8228218460872,18.0366060231409
5.43426333004405,5.14001248966348,12.9294603651318,11.975084923338,12.0969657744572,12.2367722891198,12.9055360565831,13.6472154689928,13.8483430854699,14.0196735385339
6.90718882094897,6.15885344313734,7.6814808844916,5.8496041525223,6.06529050266724,6.41624925623445,7.83222042212436,8.7796798806391,9.02436773805656,9.14903255523253
8.9876460728067,11.1109938555298,20.5523637399904,18.1462795807921,18.3292443534914,18.7905915530739,20.457710202395,22.3742581435675,22.6174710583189,22.7276204771869
8.22535371942985,9.85398382016763,16.1048397407396,13.9684544980896,14.2975225337854,14.8158703372169,16.2504968018337,17.0229562199138,17.2244359496221,17.4194812286819
7.51091170186505,10.7241442653712,12.5952479185624,11.2559622442985,11.4219759653807,11.6286439662424,12.5902532721319,13.5567358949939,13.8748080527027,14.0787048902027
4.98995420301296,6.63220272367991,8.00068875561959,6.72038254483029,6.85092575279127,7.042701998173,7.85757465659673,9.18110570994252,9.43220151501811,9.63017281913045
5.87181818823455,5.37635552405815,6.87119933716105,5.71678009495762,5.86391071453318,6.07735338017612,6.90454650557569,7.59266845785274,7.76609627384144,7.90560476108329
8.58901284851371,10.8009112461617,12.3202420218325,11.0642875712286,11.2551947351778,11.5209920259974,12.3470894799802,13.0383210267045,13.2669092780365,13.4096219513832
3.51074898124148,1.89902245906996,4.65582209708974,3.59783597911713,3.77245955387816,3.94625768864918,4.6569002750945,5.34215059285464,5.5357415571516,5.64922032754165
6.3275502032395,7.95425929903463,11.6493245122238,9.70187146557756,9.86264811110053,10.0549469196182,11.6382264841085,13.3582183264801,13.6063826106867,13.7901676378177
8.62156209999777,8.68674435808631,16.7216328148755,15.8349870888776,15.9805878994655,16.1204017817934,16.7000645865204,17.3914607163907,17.5684740232529,17.6769817240907
7.91558734482992,8.87198518798214,17.1986138456505,16.132436064253,16.2909719147103,16.4549547450271,17.2084989207214,17.9230672947918,18.0662768272393,18.2400105378611
4.24542020552952,6.5275530693018,7.33509575487711,6.20175576944548,6.36413579696652,6.56799424829287,7.29983205637132,8.17088664885267,8.39141178804438,8.53334223743645
8.75052835267608,10.1340926537997,16.732998202909,14.9935304730146,15.2506496443967,15.5111527522626,16.5465215735087,18.2899412837662,18.4813413216392,18.7153765117801
8.90601671364274,11.0120837053651,12.2586733176187,10.6882048190246,10.8691526756192,11.0426178119149,12.0490471045268,13.8123182686486,14.1025360798739,14.2521138451929
8.52844710483294,9.6341719733943,15.6223961346561,14.1465788342666,14.2990961616437,14.5259667195753,15.6493208939481,16.6107983484521,16.8815534878361,17.1000526588398
4.4011153398759,3.75864815671108,10.1287955124288,8.46522289231111,8.64450575424078,8.89986648580545,10.0265856230681,11.6572828875598,11.8673641406197,12.0775931853944
6.67434366440562,4.75773937385595,11.2888633788749,9.75370793845706,9.94714685920419,10.1514660118769,11.1560827299886,12.7112130306537,13.0455208024388,13.3144301996296
6.61571285098138,7.66764109972522,14.1191896722358,11.9473923071034,12.1321891377883,12.4482855296778,14.0494408727237,16.0496069325486,16.6586048176526,17.0444237891602
5.10590009548594,4.91746847673721,9.82809517757179,8.62442048657149,8.72174394300191,8.87535290861721,9.69423765934365,10.9972691150177,11.2062896234296,11.3862975866546
8.25878697079763,10.037814907538,12.8742435558176,11.3107359283618,11.5853669689318,11.8893640237789,12.9275909473754,13.7906913008114,14.0042778998037,14.1587151308277
8.2315569527044,8.90162662628834,13.4417256109994,12.1725948084782,12.2954890614472,12.4924012367272,13.4862827274458,14.3385779820741,14.5149194191853,14.628841424581
4.17782932689103,3.70710319094438,6.44740235023703,5.18475427361506,5.37465195338597,5.55725961770851,6.41015946422875,7.38674278054401,7.64092228657395,7.88999089294677
7.84539347571689,7.51541582515597,10.123074844745,8.52551280896451,8.88642718219778,9.23519157765839,10.0900919000776,11.0737520841754,11.267960699226,11.3822204876169
8.55717018460347,10.8400865765813,12.2019569566096,10.3082217552841,10.5826506700486,10.9010248152241,12.3166140288014,13.3406064234269,13.5712305678567,13.7242439830155
2.75656809269073,3.3744645157471,9.11364206786817,7.95049220095866,8.07226493608187,8.24052108085252,9.15508540720768,9.87501421033208,10.0242853356167,10.1241077654877
7.91040453263388,9.09540116031773,16.7207488409352,14.7491212201195,14.9310674985612,15.1422488982493,16.9743877886086,18.1545328274417,18.4317215637046,18.5779932490737
7.19538103913875,8.15686341248465,14.4913396228214,13.1130374317746,13.2231292922387,13.4383925642347,14.4239139130998,15.7258841153547,16.0741569315952,16.2913340555358
8.63287231181602,11.2263710693113,17.245713098839,15.4923520097449,15.7806388405335,16.2394613793982,17.2102598364732,18.3825114077868,18.688319745164,18.8370836282488
3.10890304675809,3.37254869284547,7.53799613089958,6.68448647992048,6.7719238723273,6.97410406498871,7.53889897142006,8.09299511416946,8.23519322100629,8.36520950435787
7.55024230790973,8.58744716542623,15.5942915795976,13.2633384886784,13.4570832709458,13.6776553379722,15.8933185439159,17.283506965125,17.6713672811947,17.8953900110106
8.41800032625397,10.9328552937258,11.9658556029562,10.6431723317185,10.8385012721517,11.0342012394515,12.0102618125545,12.7881704544441,13.0101273481748,13.1713592251513
7.14206700795244,8.50501854723351,14.9848186747037,13.4397340904401,13.599759320037,13.7699722120804,14.8671535458006,16.5701911896334,17.0700942476683,17.322435098629
7.70303865048133,7.00892084735073,9.23403970168686,7.82557707158895,7.97417161192316,8.19016756949066,9.28969952250431,10.1765220467257,10.4188823537334,10.5821625827777
3.79386876455145,4.02871444276588,9.81175082712564,7.94353882985065,8.0933829018181,8.30373904694272,9.84979490287336,11.2350468773941,11.4596790114254,11.6802314708249
8.18608885297069,10.9140661038284,12.040859129599,10.7875843992429,10.9207086589367,11.0603487972094,11.9528594859753,13.1524105288621,13.327380446151,13.5611731194602
4.06596391474422,4.20338586114879,9.50676646273255,8.54795514766119,8.70737495895916,8.8996654849923,9.51267463446675,10.1261453618389,10.3158388232672,10.4497283693166
5.93578944446748,6.74006094934541,7.88961191311481,6.43274134994202,6.68828929680123,6.89355676667442,7.91581085373414,8.77838499633859,8.97846151883653,9.13913918699088
4.98426199160227,4.18646725460821,7.17955639632228,5.73449564842429,5.97652140807226,6.25118540120636,7.17495648901788,8.15615561461382,8.30593693268668,8.45419641147372
7.9027935752161,7.86612929549933,13.7389980409272,11.8014246929277,11.9629328344331,12.2285641624423,14.0699956794678,14.7020670636865,14.8509706897836,15.0169890854837
8.45439211584011,8.5942388179681,14.068969081281,12.7857942122899,13.0000284136431,13.1667349113729,14.1087003746033,14.865976291017,15.0339310904428,15.1941806087975
6.54906151945701,6.06452988252176,8.21385238010341,7.1895918924943,7.32121922308373,7.48346733465072,8.17666580782819,8.99391438544396,9.20680174104506,9.3424376817805
8.96044643466714,11.6393525146584,16.6544458271049,15.7619816156561,15.8934542484768,16.0338521716613,16.6628091742348,17.2672233820488,17.4304738683636,17.5902031628861
5.27118511590048,5.27800667441472,10.7750137157291,9.34383851304518,9.45938003327314,9.67664942656936,10.5872715930036,12.1987096364459,12.456024701086,12.6730701540202
6.67126637283362,5.0663048288359,12.8090715274504,11.1499595943267,11.2938816154945,11.5979815847172,12.949061310961,13.7839947513272,13.9542497045414,14.0790107094317
6.64613879445147,7.61100549017612,12.5302504604234,11.1721064619471,11.3759773498426,11.5959639604866,12.5215115813473,13.4796267993933,13.8144582972279,13.9483730835542
6.76067141366748,5.11302745122488,8.9629695577404,7.59122208559749,7.84490558870684,8.10638944199096,9.03100618775905,9.73105933336622,9.9002775671186,10.0020319416881
6.66840600526412,5.66522267467134,9.71916434981673,7.68992756811142,7.87908552380023,8.20887080577433,9.682956014601,11.2590148759855,11.506464658358,11.7705712302828
8.17974050059383,9.70647712398552,14.0388457560847,12.7884637517602,13.0362665279325,13.336626925903,14.0474467853057,14.7194785972934,14.916907865274,15.0732094665653
6.48197034971329,4.91828100785323,14.2666433256573,13.1380587694583,13.2746121216137,13.4455390599627,14.2836238536346,15.0420236270708,15.2328405538987,15.3580761143399
4.22411102256136,2.77208277924467,8.06206187197419,6.864453390793,6.98673116479656,7.19065186553686,8.15105909777173,8.75281871657065,8.87792975638974,9.02296882966963
8.28492630975852,8.88027391295728,14.6647465116975,13.2836916998384,13.4756051857818,13.7217064248001,14.5808310596064,15.7702129230883,16.0991351028352,16.2979250850334
5.20988939604845,4.97743831440991,5.87063679422083,4.75276745424604,4.90385978062,5.14429106789994,5.91429856081661,6.5309414832966,6.65052112558311,6.77432649886819
5.26807015731617,4.72476510106361,10.977967969122,9.51392621888775,9.64961219098335,9.7884812294588,11.1431592519094,11.9870616690461,12.1934499954026,12.3554251351216
7.77379919728611,11.4720335274163,15.956546443806,13.9015783624786,14.1130766199367,14.5603005670601,15.9968114974522,17.2696553200393,17.5970132876137,17.7785022569898
5.14146803245719,5.00388796320872,12.860765881593,11.2387105321739,11.3480216054724,11.6203928079964,13.0346243065835,13.8797331540678,14.0354100770887,14.1791852188309
8.87487101471131,11.3916088443211,18.0951060128047,16.2326826089659,16.3996362759383,16.6047120962247,18.2861054006004,19.3208439057072,19.5940258292887,19.8080567700893
8.32508597528066,9.1841537981831,17.7468314707799,16.2076326076797,16.466105786944,16.8229290549643,17.7149813969239,18.7138292021302,18.8913199531306,19.0845594029928
3.99426306157484,3.47474995074913,9.71598824236539,8.84694645052682,8.9729788584887,9.13179083715,9.70876557701399,10.3295946900543,10.4753760435236,10.5853412010038
5.81710268691436,5.60358018933066,10.9391481501971,9.87432666519213,9.98771247605783,10.2042963054044,10.9409433947657,11.7006310769303,11.9328068094346,12.069123829819
3.53658105655375,2.77644750524254,3.51924264112134,2.46051016790598,2.62315889755573,2.75603576572292,3.5326867208825,4.26043840321106,4.4495741213962,4.58759973249628
6.02864174234661,5.87207320533025,10.6996553712208,9.19380539607456,9.40006391897268,9.62032438843173,10.796611662818,11.6597739464969,11.9115023703372,12.0628743600641
7.35614672738631,7.87798300530766,11.6540844925368,10.7910890052632,10.8885155145828,11.0590317190649,11.6562421229209,12.2653355855397,12.3755036471848,12.4849955936834
8.53824053684978,11.2149683905181,16.9989688741796,15.0178012562537,15.2314448010711,15.5138786655308,16.8937407951499,18.4654384936907,18.8138588066522,19.0042961972264
5.5545462596174,4.82594099937766,6.92051554390823,5.89741637274261,6.11470023557331,6.28777605624922,6.90478035195385,7.59236947838207,7.77973641584469,7.9457192871744
6.64797013443204,7.35516191248972,10.9942712264986,9.86411702737509,10.0343527516204,10.2289796730366,10.9790564256479,11.7448676074191,12.014750986141,12.2669398178777
8.21313080859189,9.08119360616982,12.5850217663954,11.1385896107966,11.4310559973092,11.6407619496909,12.4817670893678,13.7480153981128,14.1021225966424,14.3529246784822
4.24501040365666,4.4092066317239,10.6351101736073,9.87282335404642,10.0126398062187,10.15914061517,10.6403080114638,11.1476625221066,11.2881424628118,11.4469986851185
8.69097998625802,8.46174610438307,9.99887977959983,9.03258996765485,9.18790789862478,9.34686662089405,9.99170901531252,10.6531781882139,10.8175225703869,10.9665479722737
7.00977655643991,6.06393267973235,16.9755871606265,15.651713788878,15.8197908420083,16.0488528201786,16.9890853770763,17.8557554068332,18.1030050678144,18.3385559321397
4.18587052664172,3.30629456175417,7.061201829027,5.72992854039263,5.94384119205556,6.22157828954587,7.07761201292146,7.84767554146541,7.99358354197675,8.15635983190438
7.94816332946815,9.24508391976719,13.4816265426707,12.1871339083745,12.4415246901425,12.67105383835,13.458616566828,14.3244398154607,14.5331031322216,14.7170141511134
7.28437104711187,5.23310203373943,7.46650626346847,6.29464162828352,6.47159657806476,6.68551833412063,7.47409038533383,8.27373257580609,8.52359043489088,8.65126146647037
5.98254596190464,6.01829793667041,11.0668264302701,9.96010405981216,10.138519091998,10.3292733406629,11.0376865084057,11.8689937127976,12.0530552149044,12.2240953221092
7.4130750692369,6.61246571241048,13.2533689260706,11.8881517006571,12.0538994759608,12.277976084794,13.2242918547781,14.2327211205754,14.4671699035788,14.7197099526586
7.3406212170381,6.89273062611479,10.2829364471741,7.95155106885246,8.23641788611734,8.90982184965607,10.4309042598158,11.2765203472963,11.5027787299619,11.654709884122
8.25659407174743,8.58541919507621,12.7566346256176,11.7401930888471,11.8989285710186,12.1154263652205,12.7650948672232,13.366246782727,13.5512953938339,13.6826640515086
8.05713341564145,8.62449830548148,12.4153091046935,11.3226740950131,11.6260089497944,11.8019121255725,12.4200885471332,13.0009217267459,13.1872405443445,13.2966917573793
7.12700323798435,7.70464304015882,15.159772870467,12.7961710164791,13.0415638004698,13.4236328586891,15.283722307699,16.7434090703506,17.0359536307544,17.2768586424455
6.17691612344851,5.90970943187564,14.9622986003662,14.0663854502125,14.1957089512836,14.3831921303132,14.9516304913372,15.5819064276645,15.7307655178143,15.9123626254822
7.13931666169435,7.82685393243303,12.8770119872748,11.7035863912335,11.9570573313228,12.1892487274594,12.8649149480123,13.6011183975017,13.8253652272512,14.0054673542401
7.98812869889567,8.88336565828644,12.0057095709234,10.66456158392,10.7716512715441,10.9897772081412,12.0709555947099,12.9593725497472,13.1931135732768,13.4428244054836
8.21941094188832,9.32858321570129,10.8505566840512,9.7275690454181,9.92699877075543,10.0866441351667,10.839558207292,11.6098006519705,11.8306199114017,12.0062578312198
5.59979716490039,6.17867236494286,9.45847871218031,8.20689375003864,8.37622263293072,8.63671088037512,9.47654157381335,10.2616063972348,10.4767889640228,10.6398361850174
8.06973974006254,8.36697934405586,12.8494157538382,11.3981100530764,11.587838904361,11.8378326891629,12.887810847429,13.7328947408756,13.9594591211086,14.0746738369872
4.48276822574816,3.96648079519162,7.00174855327723,5.69861436948042,5.89764395904466,6.08607310236698,6.92982367070532,7.99796370938842,8.25530928537591,8.51903595879515
7.46213757712451,8.44943290884739,14.7839597230208,13.1069182359089,13.2985041756563,13.5754090545673,14.6667952949243,16.2897029466121,16.5980681489303,16.8306987321613
5.04803113176109,4.50091850018343,14.5926754336033,12.9341508833107,13.0863248721041,13.2863898503029,14.5171605736715,16.0334655755066,16.3347799463872,16.5624338286478
7.83813374056894,7.42086918984011,12.8042217419196,11.7739011502965,11.8901918660213,12.1106504804976,12.8100750299149,13.4706137078754,13.6575319276487,13.8898228556786
5.3901847956552,5.32282195170426,12.4435507597419,10.4604628200745,10.6128614337484,10.9433336076838,12.0996804216394,14.2732702194347,14.4447335523149,14.6756600840424
7.45628799522118,8.46972426336746,15.4126521895427,13.3451350012621,13.6046194607787,13.8437844940534,15.5988131129137,16.6320370016625,16.8471426723335,17.1217832514488
8.06396338713768,8.56231722390848,11.8521998381397,10.7436871706295,10.8819661639577,11.06500125677,11.9044030014055,12.5733541479979,12.7230362661746,12.8836445174949
9.03011148292754,11.5148497131926,20.1915357950414,17.9924259788725,18.2966161044595,18.7290275621128,20.3763300302787,21.1754780837829,21.397761513367,21.576319658456
6.34633168245544,7.75781564614273,6.06809534420658,4.9376061930623,5.07359697315252,5.26177904490786,6.07255272361007,6.87549351824766,7.09348561210674,7.22418910472685
7.48435842282234,8.48084299626444,11.8089963835984,10.0204622495081,10.1546682024901,10.3821113275039,11.9307300464731,13.1735674794893,13.4298634474584,13.6265751682781
7.50844451337917,6.12571757986202,11.3869677923974,10.1156128343146,10.2826093684959,10.5999631179053,11.4464636123424,12.0759641352837,12.2998233316992,12.4827731004216
6.11583453308173,5.66771475028207,12.265978165263,11.0602334020976,11.2302339064488,11.4615705449085,12.1842661608287,13.2208388000476,13.4027526139652,13.6402733299188
8.38871446321166,9.54802084954498,17.5542154685642,16.2483504452823,16.4175005987447,16.63317386691,17.5752267884745,18.4458157405785,18.6320535668817,18.7920181183075
8.59532216235359,10.282754869296,18.0389146616965,16.4903433187282,16.6166335281024,16.8484701206522,18.0266438423188,19.2336488932091,19.6672836658914,19.932201095316
8.24363116625484,8.85390763567703,12.1862259235515,10.46776853239,10.6284800371331,10.8559654780094,12.3158148242719,13.390320049959,13.6013924289561,13.8012947854849
3.95716320152703,2.77208277924467,6.0474127407285,5.0232023171604,5.15651914229213,5.37355549858504,6.04659941247436,6.72515719775994,6.9179381201049,7.07184843546229
5.37625887835947,4.36230506659207,9.33126808912844,7.65397273745858,7.7733488787323,7.97902656609363,9.51190647542855,10.3405842262756,10.4974414834477,10.6128613109306
8.50264738425524,10.4186085746838,18.5205890072502,16.5549723634091,16.7876338282868,17.1258867153168,18.3995248787773,20.0294212908061,20.2563292837424,20.4451147465854
8.32239275636853,9.90382536569665,12.5181604719729,11.5658629882477,11.6915975610588,11.8762961065899,12.5255461255621,13.1358978490025,13.3483098811526,13.4708983439177
6.26940879685776,5.01265946132178,12.2270223650224,9.18684630569262,9.34617125758358,9.59350793625344,12.5457114589445,13.924164018082,14.1606381839613,14.3427307425248
4.54276181245639,4.14535416254043,10.3786215270236,9.17133564099198,9.2938331050902,9.4534660991697,10.2452721205437,11.4973082091305,11.680315753322,11.8731629136011
6.45881871785294,7.87317496726347,8.7986522434085,7.96682662621967,8.10849721465066,8.24787287771283,8.77684927476186,9.35334771538685,9.53914732543469,9.70072154944712
8.13574241827583,10.4732249727456,15.4401449964698,14.2866730296027,14.3721413887611,14.6094147219288,15.4623933653201,16.1763142210403,16.4221508234481,16.6664169259777
7.35390747659626,8.52149575527595,14.2978378821019,12.8982853457516,13.0670891805778,13.3797256030348,14.2683488156097,15.3052086497758,15.6227058973695,15.8679516332703
9.05981034469839,10.5808704877038,15.2452245234954,13.2280694995973,13.4487060651883,13.7479573532934,15.2738273392406,16.5686242887969,16.8734464782634,17.006741917906
7.17281380873973,8.25180885607305,12.0177225059813,10.6914640084289,10.8578383703671,11.0540834865338,12.050812328292,12.9441544661267,13.1548566838996,13.3207187558285
7.51211248041022,7.71715535294822,9.39384613015454,8.46027896932894,8.58712725668679,8.73757638071223,9.35376266375803,10.1062762775061,10.3058319143298,10.454713542476
7.11799921251013,8.34605602555191,10.9530913935331,9.5936448485349,9.8766497236528,10.1871066112343,10.996800486266,11.6298964015522,11.8154797912589,11.9410111665685
8.2938056193469,9.34339013772371,14.3098112946653,13.0726264783772,13.238515197044,13.4468518169886,14.3304233632844,15.1901689994925,15.3935786599479,15.5612959052524
6.52227251516496,6.72576731213778,7.80751347891807,6.23403756511592,6.43607055255441,6.75357975949726,7.8436567662566,8.76310423558749,9.09319916195216,9.38031606196209
5.58173963991653,4.48345432584363,9.76734555629067,8.36270898312634,8.50186001681457,8.67527747485904,9.91649117024313,10.6172876910477,10.7541015818636,10.8795437092136
7.02468063040387,7.66313532621987,11.7322043817644,9.95967290882929,10.0952693762399,10.3748124406407,11.8791653393024,12.8292698265155,13.0010913207405,13.2194021920841
3.42303826406114,2.6382877107907,8.17432034226428,6.61220793538147,6.78475220123018,7.022457119751,8.34583049010875,8.96607441358008,9.13349578838689,9.25383990530827
5.8687248880636,5.91843652426206,12.4424166729524,11.2594977591964,11.3869600759033,11.585049849453,12.383605170718,13.3543756953397,13.5170710892217,13.7007251648342
3.06736441523254,3.77614711688565,6.80201245695413,5.58413450074785,5.72427593721911,5.88522781395232,6.81319596886624,7.6750615938831,7.90144365587256,8.04932821865643
5.64698371372264,5.11364094981345,10.6181997695725,9.24848507971171,9.3937326661433,9.6163776410806,10.6470048421302,11.5345635527693,11.7776496849529,11.9596672274711
5.42344656087668,5.60503833811889,7.26208791387203,5.70528057259368,5.85084995225228,6.08746585404394,7.10132679652554,8.63744940738336,9.22968067333196,9.53909665595529
5.75982224593252,5.77369270384179,15.8262537755065,14.3605885034802,14.4802889224726,14.7186177348043,15.9653207530883,16.6545631828585,16.7956288973483,16.9097116795228
4.78804255353389,5.56986500443978,11.7300867516019,10.5096359420985,10.7553663367879,11.0021785098448,11.737905352177,12.4696881849156,12.6630900791708,12.8034869670686
8.87112995034481,10.0366329711508,17.9372083391611,16.3028256535649,16.5686850327147,16.8275479824107,17.7773431009305,19.2688713349492,19.46256867387,19.6721549946667
4.84957915697713,4.13354154877245,9.34398871504321,7.72710317431014,7.91875958611868,8.1464943870655,9.49295218775368,10.2728675075599,10.4944048986759,10.7195213534892
7.76442555439813,9.85568001367439,14.8968813887875,13.0856908232323,13.3262725717789,13.5395486333521,14.9094377348953,16.1421460648377,16.3756883540554,16.5970851953057
8.3042622769866,8.97612650669835,10.2345979030702,8.67865152266298,8.82853220914951,9.09076396877561,10.3362188565552,11.2297010375343,11.5102141259572,11.7443067733318
6.71072565421266,5.32810772720813,8.08535484221789,6.8462295458286,7.03593037610081,7.21613147517906,8.11337971962596,8.88313203810459,9.0920917352476,9.21228977966231
6.68062304275379,8.30181465409638,9.76593953234334,8.69374896132793,8.87195874280783,9.06306201661246,9.73939533978328,10.5042553544318,10.7386928749598,10.8788138418589
8.02569772143342,7.72567087708292,15.1932375075744,14.0656224892308,14.2152792386096,14.4175971985704,15.1776682140643,15.9830244313127,16.2218116837354,16.3760441783166
4.87823444119007,5.24186690082454,12.5343641071252,10.9166180832886,11.0258180011781,11.2513238154602,12.3869992611925,13.9161970110314,14.1476096767571,14.3426342505077
3.62096535312073,3.02638008104193,7.91249781494435,6.78769333456861,6.92880141153958,7.0626823141785,7.91677794112318,8.72659977158164,8.88028871738405,9.04806710724917
5.28981006384558,5.79913221753594,10.8671011714989,9.62264658271724,9.77109517675448,9.92972431941608,10.8795128478593,11.8437792196085,11.9964559105549,12.1119012420097
3.01155412049196,3.35576480530666,8.45382143097518,7.50984078192918,7.64151177579738,7.83035210247587,8.42171841270946,9.16236970773923,9.34857678472367,9.5524052667779
8.10893412714721,10.1899286386898,14.5976030553759,13.1778195309037,13.430355697991,13.8516417224253,14.6306172826989,15.342721937973,15.4964450182468,15.6223639350936
7.36390960876989,7.87139931358347,10.145603755759,9.28094059223679,9.37959554102008,9.55799889133633,10.1398968630482,10.7557529693671,10.8971009516684,11.0597428347868
5.65604851583376,5.57149665593552,11.9802908047492,10.7923661820036,10.947341997413,11.1112165815951,11.9455486309069,12.8196281839412,13.2024031542156,13.3538022585933
4.70195948408468,4.83106480170097,9.24933391346778,8.22853508806065,8.37515594932976,8.50479942255254,9.21629114515583,10.0174466059127,10.2429190522292,10.4273072925645
7.10662959474389,8.07660370358446,13.6741707187925,12.4997303891233,12.6365063185678,12.8028984091827,13.6149432567961,14.6352046620311,14.8607698263495,14.9891242957826
4.869328867746,3.78482373252205,8.80976493832921,7.79347821750591,7.96266433497093,8.10113476674233,8.76438590697625,9.60964733595414,9.87431031115683,10.0188037667798
4.78262000585964,4.04430017244286,9.51996250105494,8.32104204582558,8.49691235798666,8.68697923713993,9.54749059940862,10.3152812555254,10.5313868089126,10.6903016500968
8.0751960752639,9.53147442761496,16.1091285350686,14.4255345884247,14.5795497933043,14.7842752907807,16.229482623177,17.169939308519,17.3883510655784,17.6224851567699
4.51287072427918,4.12537287899712,9.37521062913046,7.87114969538636,8.12488108334419,8.36436136037112,9.37018523726486,10.397296109277,10.6088406477057,10.7633412875449
7.49478596914635,8.69799153591638,15.7443256542207,13.371647064609,13.657107035008,13.912634875,15.710317646059,17.727611169852,18.3598667996623,18.5957296715135
7.49247707112103,8.75151263369683,10.8570337827421,9.01474381407143,9.19021555759503,9.41777427928621,11.105255483611,11.8689687762224,12.0454846532616,12.1905363720441
7.11347173277876,6.45363003776542,8.33781738253599,7.11069551845692,7.27125635292072,7.51707328630503,8.32937773709916,9.2493840942934,9.44728789125232,9.71266160626645
5.68240311289885,5.1330498604635,12.0985295415549,9.53564983132673,9.77964518294155,10.2171001582571,12.3137872109442,13.7493225566878,14.0218060327795,14.282398873092
8.34154607872858,10.1488606785731,14.9117007920521,12.9185678439449,13.3264018257736,13.6669752242343,14.9810014627877,16.0800870351771,16.2848941260283,16.4353971314321
4.54250397909454,4.30429425637483,8.50248383595003,7.56186885883605,7.70990991490362,7.87266320415612,8.50339448178989,9.14276519982143,9.25115846742317,9.42897511759866
7.96387002933275,7.57189088465588,12.9879695716779,12.0381822864726,12.2143996211338,12.4059553855945,13.0042743383737,13.5570297586561,13.7686689534308,13.8756047225737
8.44786415160458,9.29970671171581,14.5526794558512,13.030373376025,13.1792575928971,13.4353565770826,14.5560837555927,15.6340326082874,15.8074848214085,16.0532131677765
5.82802290653022,4.38953898659738,8.91596259268688,7.24316332004373,7.34791820193951,7.513104386928,9.00654799719127,10.2224834659426,10.3962593514695,10.5540424152749
8.48528324665439,11.1289195015614,13.1408679179052,11.3521666566366,11.5641501665583,11.8733161673419,12.9911946164024,14.5248826263282,14.7543955519735,14.9908985148755
6.59895023399361,5.94550403673099,7.77732778208108,6.8242956231768,6.93480702882836,7.05705390400351,7.72418709959278,8.60514743669235,8.83150560469464,9.02206967627189
4.25288314723922,3.63736081429222,6.45473900446476,5.36050725660196,5.55804842583158,5.72169789759451,6.47949427507522,7.16125013113633,7.31565610698484,7.47608185897106
6.40835244064783,7.81396272486416,13.4416169936439,10.8911376354866,11.1051318920925,11.349103751285,13.5387000451333,15.5399847263281,15.9925467864397,16.26900613022
8.0493889700241,11.9621313454822,16.3395467781351,15.1726962199382,15.3341653576836,15.5286460975981,16.3074955919809,17.2129804715587,17.443997712821,17.6530681416078
6.6153879129584,5.76771602190119,11.8307188289698,10.0925834188843,10.2534757046244,10.5110515082196,11.8696570274079,13.0943635512442,13.3232170197067,13.4954064443736
5.12371795420855,5.18804741581111,9.53872135407343,8.13073595346414,8.26281302645295,8.49805074361384,9.46441843973356,10.7114557167083,10.921385077159,11.0735576499211
8.22632814675077,8.25350194247853,14.5406546263447,12.5896899081249,12.7514789284067,13.0142608112173,14.7720314062582,15.7690463887538,15.9699067104203,16.1235561096363
8.20523562091989,8.53025658382114,15.8376581522442,14.1055172710977,14.230694166922,14.5003248009068,16.0442548083027,16.7163791610737,16.8557331126799,16.9774320079313
7.5498557215905,7.36971567818431,13.6782869917046,11.7809850319694,11.9687806736448,12.1828577586079,13.4712953842267,15.2828982418658,15.5515397237583,15.7384867706899
4.10489090075703,2.97708448827104,8.92762422603051,7.8699529285096,8.05979910271716,8.23181162609986,8.90622690010456,9.64371023380533,9.84727293980047,9.98841308404839
7.96685296307771,9.48964093462615,17.6388265264793,15.6781021079107,15.9047126854198,16.3241810138444,17.6657248494666,18.876861522631,19.1151938535904,19.266785044416
7.05246400258733,7.44857726364123,13.4699754888646,11.90703933075,12.1340110029016,12.3830111591125,13.5383869459819,14.4362261900808,14.6224178925264,14.749663935333
5.36784565746671,4.63943140398408,6.3673641316799,5.49161201363878,5.60702196341626,5.74893874132421,6.35339110949472,7.02238844644586,7.15861161545785,7.27665836222941
8.52204025267934,9.0157060202072,9.83920734048843,8.25754142788464,8.39035093495161,8.60411925112763,9.91202106526826,10.9736313999558,11.282836899913,11.5298604813051
8.8869512004842,11.3916181449605,18.949286324894,17.5910934930277,17.696776250546,17.9003656223511,18.7408271686846,20.3055777540789,20.5908460765963,20.8377163730176
7.33548991605945,8.55401271590582,13.6454164084137,12.5694672705396,12.7294838843203,12.9255421454075,13.6332420764047,14.3548664940904,14.5742481323061,14.7105142052443
6.77711064235046,6.87074054430614,8.68427333559064,7.48257952029717,7.66655227855217,7.89701575015909,8.68394584153028,9.47766451648073,9.7114527310485,9.95478932735547
8.68926198097019,11.5005487077937,18.9610041924385,16.5473522595701,16.8292825553873,17.2036684025896,19.1450048307186,20.2760116804893,20.4773716075773,20.6452044003198
4.39993241596433,4.53661857659942,7.97702271482063,6.5558397537299,6.71978221752812,6.94693449199566,8.01770799714732,8.89169901371879,9.16236663666276,9.38629638308066
6.63092372296192,7.61735782074503,11.691244576011,9.98118841884689,10.2048881423758,10.4813242734684,11.668662176327,12.8433946355946,13.1494535620805,13.3410476066572
7.218856138954,7.64371823080708,14.8411227105953,13.7828097956474,13.9257631084893,14.1404416916826,14.8165893956967,15.5564476301067,15.8049176430469,15.9831326790767
5.82225251716493,5.76419766868087,10.8829860436213,9.69801679846119,9.85418165938646,10.0569102600358,10.7974462144015,11.8505454073152,12.0364966363383,12.2430002603432
9.10814815235394,10.5645257593777,12.7912674650031,11.2856251125744,11.4542544094789,11.689601244324,12.7344259875319,13.9525541025373,14.1690914005134,14.2946039998932
8.32239275636853,10.2156448989924,12.9046801119567,11.683541989552,11.8035125935338,11.9783148943234,12.9991448339358,13.6196748572876,13.791416179654,13.9150372894292
2.57298604789601,2.5499747639615,8.48469516239021,6.95280231257196,7.09341227190716,7.44881643167962,8.53979656016417,9.36671281013017,9.62312886478041,9.83249517039649
8.00893933048054,7.28245420760429,13.2736417665395,12.3548979515331,12.4831670798118,12.6420414988381,13.2222417998727,13.9754746325991,14.1950813179087,14.3852309350895
7.24100401890115,6.52170182869427,11.6761558292563,10.2671169569108,10.4017175814152,10.5966156424651,11.7721708054308,12.6575830063708,12.8482707643714,13.0957974695941
5.97030734939271,7.69142245900096,14.3579908350691,13.1658482187577,13.313166156711,13.531421415016,14.2770443012723,15.4059968745425,15.5928689817683,15.810815762233
7.12012742074357,8.69780880986326,6.72866097018176,5.57782242119497,5.72829621667981,5.88136742632345,6.64131537370839,7.71147237430193,8.06986860002326,8.37503100121409
7.19855311407643,6.13595027590365,12.855400321953,11.236623095074,11.3984700851642,11.6253567467638,12.8369107611739,14.0762387467505,14.2549383681106,14.3708209165434
7.74582856647928,7.9680712996225,13.3498260277804,10.9719764265492,11.1997074207646,11.4509145395731,13.6919603989111,15.122753252213,15.3874075563138,15.5595250166336
8.88789227017007,9.15169547665676,13.2643517188973,11.8432636237007,12.0704246205918,12.3379981402416,13.3479497423759,14.0753831244894,14.2396669185987,14.374175296001
7.4138236068935,8.70363576063401,14.3980401553285,12.6604893954041,12.8895599385196,13.1931812330957,14.4379667005945,15.5245332526391,15.7565068838543,15.9611147931776
8.60897081802104,10.5549917586416,15.8452363756119,14.1831642141096,14.3351994928947,14.560266429816,15.9641471772399,16.9161085199517,17.1088470026139,17.336379049508
7.02948604747231,7.34289622949436,12.2268435993955,10.2927475383323,10.4845972345188,10.7825690219863,12.2842169377627,13.4566992661511,13.6949828819694,13.8225364880988
3.20001985893465,3.02247457426259,5.8353342932752,4.77906624251835,5.01452480838009,5.17182830905683,5.86357613050602,6.46285737822074,6.65437070923253,6.82748920560739
6.99707611612769,8.07857182600006,13.8305706186092,11.7463687109635,11.9297025749937,12.1926020145827,13.9275186878385,15.3814653907665,15.6683736143601,15.864547742753
8.33394062436396,10.1931999864444,18.8580745322143,17.3861955014305,17.5904815350056,17.8850021819922,18.7971346092289,19.9381962820214,20.2053098918804,20.3458400493316
8.2315746255866,9.01300877066144,12.0527489180371,10.1217928438919,10.2880598970524,10.5766645558757,12.2281305455225,13.0916176777421,13.2961714065053,13.5166167188527
4.46204271178481,4.29682781384444,8.77918226939179,7.62640660660767,7.7760381572272,8.0532974454904,8.77127677681897,9.53023613013066,9.73543109194897,9.8918012320081
6.28174628908783,5.10912613351083,14.1393755373229,12.4822588678612,12.7418672347486,12.9545404606921,14.1169770480216,15.4289937858449,15.7590732446429,16.0256129347983
5.2116288260288,4.32800054490748,12.5807891060501,11.7108663253222,11.8188361549892,11.9544643432115,12.5830085499749,13.1835078570407,13.3733269945093,13.5196636352868
5.25599059557712,4.37161770226336,9.54569212688141,7.97890526183921,8.24190528864899,8.47844874757918,9.60069038919208,10.4936629569163,10.7099579228728,10.89209819064
7.68622381311848,9.91098812242179,15.9756664202389,14.5379012612431,14.7298884695845,15.0146603685843,15.9033465879897,17.1281432104798,17.4998228923107,17.825942154633
5.42818978011151,4.23433583850515,9.91774575124234,7.49689911969371,7.84828124986046,8.23744463447969,10.1494180735843,11.3015311619177,11.603754457065,11.8668214829634
6.17533776889548,6.54606801021158,11.3304550199269,9.50595088028896,9.73982187849536,10.0101980913971,11.5015829364508,12.3246468972998,12.557103662626,12.7593529931506
8.09039627463117,8.7337837651544,15.3225788795,13.5771965484507,13.7208590320209,13.9816642689826,15.4544248009122,16.4144670234015,16.6504333640099,16.8452068671431
7.50745131727831,7.74590058547803,11.2154868170392,9.67539560391217,9.80262750676399,9.99874905061082,11.1698304238885,12.4623616750623,12.7005538942662,12.8933016360523
8.10358926624155,8.36521289376859,15.1164359439858,14.0078633475976,14.1888485516602,14.3908043152951,15.113782197916,15.8684982908824,16.0714969920406,16.2190802856154
8.32858861644893,8.8704639969608,16.2808495820623,15.1127350602985,15.3490075916112,15.5688424667371,16.2440401905152,17.1213412532672,17.3949501873699,17.5918131019051
7.5650910906111,8.73622272953306,15.2861899476499,14.0333559834571,14.2285105932238,14.463188737744,15.3084176163255,16.0768341730212,16.3192577390057,16.4634436192154
5.42947323601785,4.97104249037141,9.55550483440709,8.36010702783015,8.52733155896338,8.74200636730401,9.5880273814765,10.3201653093116,10.4900709097003,10.6922810841528
7.75874053888495,8.58738354539634,16.008701726827,14.1108556991335,14.2602280268805,14.4932008038274,15.9726899353041,17.4667098417503,17.7228385677943,17.9743485509633
6.56153414549503,8.64563284138478,16.7099389111798,14.472475524213,14.7267633130427,15.0336392209304,16.6684123033185,18.4764826035204,19.032426516858,19.2949429545414
7.30582769423743,6.07122585611757,12.7337296624772,11.0025312841183,11.2446757391284,11.5844128223208,12.8306339778059,13.7027884331749,13.9497957152834,14.1037410317794
5.72225775085369,5.76064464718114,10.2170387969315,8.50528839798481,8.67504914359362,8.90500097609831,10.0908480877844,11.6999127486346,11.9024528214286,12.1397262663114
8.2216706433223,9.20657561483828,14.0696125315111,12.6086644580124,12.8636478698073,13.0825576311444,14.0936011397422,15.0071442599246,15.1935749100766,15.3632684237366
7.77232536136043,10.4273216241693,13.6329247577386,12.0454409454234,12.2735682285387,12.5955349396266,13.6017172228826,14.7584024468688,15.0797080622906,15.3218192337661
6.83210563468679,6.32493741869204,15.3782187239801,13.8290426977216,14.0229303322141,14.2401520247298,15.2550047179875,16.7239022873857,16.9893046855841,17.1517262231966
4.87797975565348,5.28469781503834,11.6009959757227,10.6052557182207,10.7291271107046,10.9464255705739,11.5901203876374,12.2847854499526,12.4852690151472,12.6307156038623
7.13996498915964,7.37175318484856,9.05288037345534,8.12272420034468,8.23573613681761,8.43306943470935,9.06154964747988,9.71249122474823,9.88490984215618,10.0345227240467
7.73296941170703,7.85642419038727,11.3506793365627,9.85023950807558,10.0694687892442,10.2612373606163,11.2297699239339,12.709674867891,13.1196059471886,13.4633586253335
8.13216876069203,8.71224060232946,16.7290302504529,15.2987655511815,15.4799843096591,15.6839144948526,16.7745277991043,17.7224932567043,17.9331554848803,18.0824169535642
4.31665184049654,5.14298835902634,7.26810499564708,5.70259435765972,5.85595840946044,6.08913785733801,7.25463740784458,8.47645240983763,8.69428504114509,8.92398660304019
6.01023928759463,5.5363312636886,11.6461443227563,10.0911926064645,10.2860913377381,10.4850446811849,11.7549963408226,12.6230885826203,12.8477400115485,12.9865585314388
8.55173860136281,9.05482405076822,13.7868577562773,12.079865333934,12.3144949007348,12.7931639946709,13.8409846621483,14.6798408109559,14.9227566045665,15.1238584222586
-13.1943702598861,-13.5820959834086,-20.7058490020624,-22.3901205107207,-22.0967111111397,-21.8772233519115,-20.8524016602174,-19.2215409265798,-18.8490370119993,-18.6041240043733
-9.10111249544961,-12.4972449532957,-16.0529129437481,-17.8073635950543,-17.6004974900342,-17.3245952574547,-16.2540973396459,-14.4567878150753,-14.1141518409302,-13.8933836261152
-7.78609796749819,-8.43583401081612,-15.1602785332895,-16.5156301283868,-16.276703714544,-15.9944198286481,-15.1422912709492,-14.3414473650496,-14.090725495504,-13.9307174583326
-7.96424509775625,-8.21348918834762,-9.79134568068466,-11.8930310622425,-11.6819695378624,-11.3058268343634,-9.67936973915131,-8.4330457135733,-8.21655605477471,-8.0805848913525
-12.9812040848007,-17.0131594304216,-12.3438843066668,-14.4190148405745,-14.2123963035445,-13.921709880055,-12.3723781022055,-10.7308995489756,-10.4501034637441,-10.2178841135851
-7.61417858962164,-9.50543676792631,-13.3761156655344,-16.6991036596289,-16.3307453014988,-15.7968145874665,-13.20220632269,-11.3899917812636,-11.033161648363,-10.8243111068017
-7.59615923280854,-9.06652637061268,-15.745599770717,-17.1596011312187,-16.944966775438,-16.7028534161965,-15.818909535194,-14.6752882828558,-14.3378211037563,-14.0915268848514
-5.64569418567084,-6.82519767130897,-15.2550111289384,-17.3934849173693,-17.1270821441909,-16.7517102011514,-15.4106230795574,-13.2520419763976,-12.9370504746249,-12.5831021667489
-7.7915961852993,-8.23020484643562,-18.2991492558451,-19.7663242139657,-19.5230829281844,-19.2715941657356,-18.3166978708842,-17.3070301034273,-17.0682874261728,-16.8385410046845
-5.67366567205137,-6.19115587106397,-17.0594267534627,-18.7271283891674,-18.5611631239365,-18.2743804787478,-17.3216330758193,-15.2574185324419,-14.8191014720578,-14.600287396985
-4.6951802470965,-5.22645760262696,-8.06267025475707,-10.2126710880547,-10.0041629599481,-9.65886430584358,-7.82534881118937,-6.75882267677187,-6.53829449183773,-6.33840824931405
-11.354981306083,-16.0574039032397,-15.7163158287023,-17.2498983966111,-17.0611026295845,-16.8378517330644,-15.864450782794,-14.3071699843509,-14.0039597574942,-13.751697046494
-9.83683441414077,-10.8773901090644,-14.5369873810969,-16.4171591617176,-16.2244930040786,-15.9704060276415,-14.8947382826503,-12.6543683520469,-12.3455629838848,-11.9722281683222
-10.2924539018611,-11.3691995234916,-17.3148668106266,-18.6901724698891,-18.4339434811143,-18.2304228972725,-17.3678008246529,-16.3133999743972,-15.9846277779915,-15.7770365321046
-12.4862158005092,-14.4368610321256,-19.4942071550716,-21.2226657843864,-20.9454856199634,-20.7370795006503,-19.6437194874407,-18.0312993890875,-17.5484369134992,-17.2585603004025
-10.1134903715899,-8.84356785207448,-15.7351597246039,-16.9850674298333,-16.8036898920638,-16.5865630077318,-15.7197563121939,-14.8978222902242,-14.6889092317985,-14.4142389787358
-5.91547194786149,-4.78539373299937,-11.2766506353132,-12.7819527463572,-12.5455757330918,-12.2633816554725,-11.273575109281,-10.3046095846906,-9.95816591071167,-9.69832394110098
-11.0709020698603,-13.8926965656578,-24.2602448535668,-25.6588356448586,-25.4488801691308,-25.2088684582348,-24.2596459940878,-23.3005251069552,-23.0494332007941,-22.7897044643262
-8.05456727562824,-10.6191561552377,-21.4993960561178,-23.9863472001355,-23.7306948819043,-23.4064797754496,-21.5539719633205,-19.3923043353146,-19.0542984745213,-18.8489465984503
-9.56347020538648,-13.668524192947,-10.8079801237253,-12.1702323254095,-11.9502657585626,-11.6264620738637,-10.7774570887288,-9.97675179959135,-9.75756064940065,-9.57187536226937
-5.71588606749709,-4.02430753987146,-5.63283606798067,-7.0300967192924,-6.87100658080662,-6.66684095155948,-5.69610132779111,-4.55067106700594,-4.38830409779369,-4.25484702127104
-10.0063933292816,-11.1488593312192,-15.5058443815569,-17.1272506474084,-16.9408247758904,-16.6376584420314,-15.5447414185257,-14.2586723915919,-13.9565595968953,-13.7026867490753
-8.73927913120519,-10.7130703929326,-12.1844696750209,-14.1191161743868,-13.7571568979514,-13.4072159311712,-12.1519581700573,-11.0765777826812,-10.8003275947326,-10.5208602255599
-12.9082045063228,-12.8460466864326,-18.5033506121513,-20.8685670665892,-20.5855741147109,-20.1632726840944,-18.6526615377389,-16.407690376717,-15.9441232476643,-15.6414400847667
-2.82321694806728,-3.38211552880057,-6.73623018745855,-7.91352538141144,-7.72031301171237,-7.47132726233408,-6.73468958636272,-5.97748538749608,-5.77544221368208,-5.64276425528292
-4.63436078292169,-5.29956218079084,-16.4446729389259,-17.9924433567796,-17.7721042342346,-17.5266694504015,-16.4302507855131,-15.4159743990539,-15.1667058261325,-15.0162225231881
-6.03094930752986,-6.70493984757575,-7.66863857938649,-8.75772568275043,-8.54627105013189,-8.35293112447115,-7.65593767861959,-7.00523977809398,-6.84594392253978,-6.65061627604786
-3.19297146679096,-4.54112242211382,-9.0429057846024,-10.4541679659175,-10.2653209996062,-10.008183242791,-9.0383645714091,-8.09296519456189,-7.8410946260315,-7.60451803956864
-4.52676346437798,-6.00544698676511,-12.9475177204185,-14.2907029240219,-14.1299187494276,-13.8899870715026,-12.9376839693239,-12.0524456129599,-11.7443031941892,-11.5402783488341
-5.23290391429308,-4.43513271014341,-14.6337764699529,-15.9068561590524,-15.6792333184836,-15.4663715744393,-14.6005865526775,-13.8731305705463,-13.6400559210602,-13.4784319843287
-7.68827353948583,-8.99431601992072,-12.7855243180159,-14.0607334292565,-13.9395806883464,-13.7082030357528,-12.8342766905649,-11.8291010267118,-11.5945664488629,-11.3789282836768
-9.69438156281792,-9.95614129139153,-12.2252857404151,-14.2526475500121,-14.0605964600755,-13.793452374612,-12.0720821038223,-10.6908124070326,-10.4157256806575,-10.2452768288636
-7.52956992239862,-8.6900605262147,-11.2167486661329,-12.9848839817884,-12.6135788232883,-12.2086481425454,-11.1608070681394,-10.2993794757029,-10.0784231812602,-9.8536549804855
-8.02028218024032,-9.12255112594723,-9.75199771696991,-11.5649933025546,-11.3469021046618,-10.9719893842623,-9.71145924910961,-8.68171905468594,-8.34795962970087,-8.05926982363627
-9.45887814564606,-8.48307694186091,-10.4498348649381,-12.029524034864,-11.7799392431658,-11.5156920064152,-10.3898351500226,-9.49765099327279,-9.27449700664697,-9.11898894070077
-10.5560365845548,-11.7198629839608,-13.5392867269861,-15.2336767899449,-15.0155241792822,-14.7482707257213,-13.6121974447538,-12.0848384049608,-11.7516889190476,-11.4900945737858
-6.73386257979788,-8.13111619963045,-17.5681126080548,-19.3715964667202,-19.2549658536351,-18.9922639505154,-17.7576776121167,-15.93626061134,-15.6638626006201,-15.3987945329794
-10.1421126777067,-11.8841476384785,-17.7142860632184,-20.1778603782233,-19.9383144321703,-19.6082656175741,-17.8574514113996,-15.5683608749239,-15.0969093913188,-14.7947990857412
-6.63993662056453,-6.28978240085043,-9.40462755182574,-11.2372730206456,-11.0258201581583,-10.6887341015534,-9.28626762852207,-8.36637474910924,-8.15652610010675,-7.97695116300309
-7.01530380047938,-6.97710750185026,-16.5226799924988,-17.6223642161043,-17.5060407724248,-17.2624243999214,-16.5105041362046,-15.7948288261512,-15.6149996057425,-15.4760182075101
-5.75353915308201,-7.32913515861018,-10.3044740373143,-12.046283687249,-11.6521970420549,-11.3727871891717,-10.3418240068299,-9.1892487372434,-8.93119586133059,-8.69671801630766
-7.87880161609949,-6.55086493997291,-13.5306191851889,-15.5765449901353,-15.3243905020429,-15.0114323113431,-13.7067292792166,-11.8415497059485,-11.4639064520103,-11.2537008721764
-8.27122195454515,-9.02270049718999,-13.4364116622334,-15.7146522085978,-15.4583913954986,-15.1537876525944,-13.596739057596,-11.5382869968956,-11.1669323581984,-10.8726577851061
-7.99428357460282,-9.33637331387416,-14.0131200668232,-15.8151566264246,-15.495403869584,-15.1384525723888,-13.9379164661506,-12.9662217873276,-12.7896834816533,-12.6017934877941
-7.97585734540074,-7.11959730115647,-14.7831490179794,-16.5636676254035,-16.3134931998272,-16.0924779565573,-14.9590668246492,-13.1908512676306,-12.8884081031358,-12.6136881703773
-10.0649913330616,-11.4065193908776,-12.7076298053258,-13.980324701064,-13.7680593417599,-13.5793788421938,-12.7593525160067,-11.7759555584765,-11.4954123421754,-11.2588935574402
-4.42829518162608,-1.74268626337723,-6.99442223597842,-8.16732090837765,-7.97389812526866,-7.77840443340549,-6.98065982700965,-6.22691791465833,-5.9902854705939,-5.85346597054028
-6.52169152870887,-7.99413819288623,-11.3100445285667,-13.0101097656815,-12.7282348328351,-12.4610968746952,-11.3727252328786,-10.0260908466255,-9.77038460952815,-9.53226934821883
-8.22508917934087,-10.1881056913751,-11.4284937191615,-13.0267449398522,-12.8485915634716,-12.6396509335523,-11.5038744673521,-10.1773742316095,-9.9170528014613,-9.68451077375036
-2.07128783809053,-1.11042665448489,-13.2376480919638,-14.3854217347268,-14.2226971132651,-14.0103164497201,-13.2290914963757,-12.4592868258687,-12.2764019964066,-12.0886060821474
-12.6518481013781,-16.0905840477595,-18.6896640176135,-20.5521421519652,-20.3363116798575,-20.0301776892348,-18.6775452174297,-17.3868608047906,-17.0682655837451,-16.7806408191311
-8.15057517760458,-7.02378835965998,-16.8732142776806,-18.3385641904183,-18.1321022815222,-17.8680495808602,-16.8066638663496,-15.9856032201184,-15.8051094065722,-15.6561603369066
-11.7598565093239,-14.2188579572701,-16.8704504839043,-18.9023787632728,-18.6773208692248,-18.4107397466656,-17.0977544043324,-15.1647281768662,-14.8970455513711,-14.682158247254
-4.85986742680946,-4.72741426974031,-10.722143256479,-12.2540680098892,-11.9994746171072,-11.710077794959,-10.6757471939949,-9.80700207998478,-9.61618599036514,-9.38311135775214
-11.6291824966247,-12.6140237169176,-17.7321282092661,-19.6765843106251,-19.4604732907545,-19.2616636643836,-17.8951668506777,-16.0718832707041,-15.7455188959932,-15.4955499365044
-13.9856970658046,-18.3527851325215,-19.9726956220539,-22.3318443675185,-22.001372143121,-21.5414590133243,-19.8500477138763,-18.5729648602502,-18.3295901330007,-18.1268410249399
-12.1131051192497,-11.2415955520295,-20.0632377522799,-21.6693691009389,-21.4748836194937,-21.081347217076,-20.003636010938,-19.1468283366002,-18.9289113565345,-18.6509291411503
-11.0886862268525,-13.238945410082,-16.5229676961534,-17.6566354272275,-17.4430680954047,-17.2821138183803,-16.5420414793533,-15.7615102493298,-15.5687598573164,-15.4015065429357
-4.42914391690999,-6.42194360194182,-10.7590943858296,-12.0090250761976,-11.845416808127,-11.5631691338068,-10.7763751131287,-9.9778546427595,-9.65377291090017,-9.44687183159576
-8.77948395597423,-10.4875380774532,-16.2210937187025,-17.6213893807986,-17.3828167608319,-17.1488547293015,-16.2055872900533,-15.3774807000648,-15.1687183531203,-15.0173018528464
-9.22461557019054,-10.3532055296235,-10.8359694418314,-12.3369064706861,-12.1539478606222,-11.9045945238211,-10.9294564557611,-9.61946852927637,-9.3091134171792,-9.03455645710745
-8.8282846061816,-9.46584212469879,-11.2399981128242,-13.4143415086085,-13.2034623556752,-12.8802923349862,-11.0507085243681,-9.93350093131704,-9.741664042648,-9.52899807831824
-11.520534957374,-12.1308774899946,-13.0438640780055,-14.7289163062738,-14.5141543988794,-14.2731532978004,-13.1310863858886,-11.7659803942813,-11.383190396795,-11.069436971162
-10.3153864151652,-12.5391299231174,-12.2004199324906,-13.7410530586106,-13.5471445878976,-13.2850365837622,-12.223019510782,-11.0968784918683,-10.6955769875195,-10.472387302323
-5.42141117601028,-4.75224800470764,-8.68604778523767,-10.162605490138,-10.0089278418987,-9.75451043737873,-8.81202581819698,-7.32987903732645,-6.92085842190951,-6.60724493182001
-13.2275631159809,-16.0260055837095,-17.7923922789806,-20.2003451685952,-19.9684179762127,-19.5564922390269,-18.0120133604762,-15.7730184540564,-15.3781798010318,-15.1449734545903
-8.61170770671008,-11.7230865933279,-16.6120786966949,-18.0455924979283,-17.799139308583,-17.4926870799493,-16.6497578418443,-15.6383523101466,-15.3513329421668,-15.124447012239
-7.90169182184563,-10.5912332652159,-13.2812198077751,-14.826663149414,-14.5955284997726,-14.399372931943,-13.3898935194276,-11.999293522398,-11.6640293922597,-11.4092304156487
-8.36801296593552,-8.27385477184774,-13.5457274958454,-15.7347869923538,-15.3986402391602,-15.0526026272662,-13.3556202768616,-12.4203637284454,-12.1854112729755,-12.0301765486302
-10.0858312375322,-11.9782779214307,-18.566765082435,-20.3751527430732,-20.080350520518,-19.83525674219,-18.8912363150584,-16.5310904606684,-16.2128852570217,-15.9598869465062
-6.32549434655361,-5.85930391769172,-11.8350167382514,-13.218799253566,-13.0581316998871,-12.8489191746387,-11.8493107520828,-10.7768025939962,-10.5224116423982,-10.3224601416615
-10.3506526691918,-11.8849192803914,-16.3155434628098,-18.6937912473282,-18.4171526179186,-18.1287164239991,-16.2189926530518,-14.6916897889945,-14.3047998501084,-13.9869529381666
-9.76826038085389,-12.5012130905461,-16.1055216239087,-18.5358497768742,-18.3381493093492,-18.1120201503089,-15.9407718828388,-14.2738688485014,-13.9137614781936,-13.6021724699714
-6.40437270291636,-8.61052365707329,-16.9120212316545,-19.5073667754625,-19.331206048998,-19.0052678245901,-17.3902197249701,-14.5608595896005,-14.223649186858,-13.9393552538838
-7.66890866581716,-6.76182621181102,-6.89421907353873,-8.06182427506188,-7.82334140923572,-7.59348840303786,-6.86465657980001,-6.22314748495288,-6.02887365558639,-5.93838412691489
-10.4356159669467,-11.5321824546976,-11.0857998545354,-13.3721591599119,-13.1568862458734,-12.8486621081916,-11.3334385763628,-8.87496001951274,-8.51419857665459,-8.28015071703405
-8.25620678437302,-12.3057373983024,-19.2490559903785,-22.0952679601443,-21.8955801022323,-21.5273181257789,-18.9079057805671,-17.2220929103481,-16.9521074786954,-16.714655411519
-7.0506220286465,-9.83435457158334,-12.5384310081361,-13.9647111273868,-13.8340810008183,-13.590464408327,-12.5679137195715,-11.4453943398715,-11.1926525072136,-10.9076797114911
-8.01342595630552,-11.0257948931286,-13.7097334277049,-15.0342570056539,-14.8265196823753,-14.5737510645591,-13.7467851967089,-12.7728018566577,-12.4656126847448,-12.2622025121542
-10.5360000243225,-10.7653598051988,-13.7921639329476,-15.9235268558897,-15.7393902979043,-15.4408701715581,-13.8704796247832,-12.0884920306014,-11.7759351893677,-11.536396368891
-9.46162873511218,-9.54968132755514,-14.4328091422563,-16.6740274645794,-16.3536759237006,-15.9824618272466,-14.4096877427116,-12.9653376296114,-12.6692035270532,-12.4754201549416
-10.6348426817424,-11.1100159309627,-21.1078386164617,-22.5032139552531,-22.2470548661851,-22.0000568724097,-21.1147384525955,-20.2078415440177,-19.9244878558945,-19.6294311460969
-12.4862775535629,-15.0086221615246,-20.137646772227,-21.4823589741922,-21.3099078442654,-21.0600751320634,-20.1295166779847,-19.2187022450145,-19.039576626565,-18.8727607159645
-7.64559911499949,-7.95133753666951,-11.5844857483424,-13.1395086554079,-12.9487542512282,-12.7156676222401,-11.5767202005003,-10.4593047602985,-10.195321311036,-9.94977092929267
-7.91736761363466,-7.59029666783407,-11.7326854091649,-13.4832371510999,-13.2124055416768,-12.9662855868551,-11.7762304259458,-10.38366516352,-10.1546046675954,-9.90279567918339
-8.63865583340735,-10.6190441449375,-13.3885328561702,-14.6941558019827,-14.4291205408787,-14.1889839631925,-13.3760263146445,-12.5741152365783,-12.4010047232744,-12.1739861667295
-9.25126298403387,-11.7145826206407,-12.1613383075521,-13.6011450839108,-13.3625448847528,-13.1816651599087,-12.1565929986539,-11.1731670631187,-10.9149669034844,-10.7052428471689
-5.96701016684644,-5.50331941594096,-6.12226786102184,-7.82983406374711,-7.59983089779704,-7.36624187608735,-5.96395126882928,-5.07575717400741,-4.91542753458616,-4.77011630432646
-5.53598110264098,-7.15268994378935,-5.41396805661026,-6.38696779129055,-6.19322619182812,-6.02780431509287,-5.41514792480159,-4.81928404116212,-4.65090570271752,-4.52887195512475
-4.29645114905734,-4.15790020893001,-7.29462595418847,-8.44266361289119,-8.28816709134449,-8.12138173353264,-7.25226439601009,-6.54497263989742,-6.30757754242355,-6.16547447356237
-7.25157725462343,-8.35782128763715,-12.4612933538427,-13.690705157608,-13.5311422922393,-13.3222620625294,-12.4920775665391,-11.5351148248868,-11.2937306916791,-11.1866128403723
-6.84831155265438,-5.44377216937528,-14.1579564426028,-15.6430721300991,-15.4125613275664,-15.0985475573313,-14.1470395887381,-13.2637049711596,-12.9686107265047,-12.7644141386524
-7.44073213755867,-7.67185240500177,-15.0308209552177,-17.3740496253936,-17.132962625136,-16.8807977849345,-14.941764507808,-13.2228694629761,-13.0065214436699,-12.8164042997425
-8.25882978813483,-9.63796975118922,-14.4437773747259,-16.5332657503483,-16.2851332068264,-16.0217058780869,-14.6144464332831,-12.5682806759115,-12.150766848309,-11.8488075941722
-14.0602321612516,-17.9177575652581,-26.2661660191455,-28.5114998344802,-28.2523104564523,-27.983800702171,-26.549297410119,-24.2798416517834,-23.8880032526766,-23.5003369981173
-10.4989642993423,-15.0635628633392,-14.8975457217474,-16.2415900462974,-16.0039288180683,-15.7824314118569,-14.9160492641071,-14.0078508764438,-13.7452151028195,-13.555905387049
-10.0402016612688,-10.5547274469217,-17.5960081090535,-19.3007619943061,-19.0791067637928,-18.733998413356,-17.6547375286213,-16.3991649347308,-16.0469548853442,-15.7476803846921
-10.5914320770689,-10.6599484225944,-16.8416203435198,-18.5756957308535,-18.3366551655108,-18.0635799993434,-16.8542987470898,-15.6192285893936,-15.319431722923,-15.1128809016472
-4.62536330149921,-2.90992811557416,-7.74812937960331,-9.08125751037322,-8.8650859347713,-8.59699196594402,-7.71641188817226,-6.94857004468512,-6.75582639913504,-6.61178938661771
-9.69504356774551,-10.2254044498359,-18.0481269444105,-19.7876869233121,-19.4859730613886,-19.1978200164947,-18.1021385403287,-16.7637902536936,-16.5040447197402,-16.2600343913191
-14.1493892730296,-17.5946521250026,-16.3405651002457,-17.5844390360754,-17.354477242828,-17.1523077149191,-16.3247126442007,-15.5457713580111,-15.2952844951716,-15.120596265233
-5.10847646284648,-6.42461351790864,-7.86843249962646,-9.44304455135999,-9.20314135657031,-8.82236644760265,-7.83717413747531,-6.97009053231851,-6.74468035442906,-6.57061861247567
-14.7052883527639,-17.20397573273,-16.535297349824,-19.6518958994739,-19.393938566922,-19.0252954750691,-16.1772210254148,-14.8558120895078,-14.4847177217141,-14.2215300897194
-2.33142101905332,-2.03494647505945,-6.27628707744108,-7.45567874102398,-7.25081008693509,-7.06884651143872,-6.26970593337797,-5.516235248997,-5.29814219432776,-5.16793613859786
-9.3003251985392,-10.8343243950544,-15.4117402956954,-16.7313763804259,-16.5570653113685,-16.2803822002111,-15.4175816582928,-14.4679124388368,-14.2316267559818,-14.0680049391812
-2.61419687730429,-1.95830568769337,-12.1140685455845,-13.3038790231288,-13.1362655879319,-12.8835728615861,-12.1002619484822,-11.3035367321288,-11.1093289686978,-10.927089333706
-9.79851319962368,-8.99697506376617,-25.0332877397626,-27.4648705505119,-27.1454510331374,-26.9144629347532,-25.3745196413918,-22.8463086589559,-22.5113721082995,-22.2296807151486
-7.90861992617606,-9.92521925599345,-17.3870270411046,-18.809583634377,-18.6472444894278,-18.4022552806621,-17.5120693617349,-16.1277976047673,-15.5240568885239,-15.1426394551434
-9.39206422719369,-9.78713183872502,-12.0002614784079,-14.7005832953055,-14.4900871775929,-14.0853807389236,-11.7963502810664,-10.2659556872339,-9.99117122361968,-9.80900875957699
-9.83303875000155,-10.9290736612157,-14.7372213154163,-16.3889200267432,-16.1899767735976,-15.9584864123746,-14.9376395166189,-12.9509535788765,-12.6084871516913,-12.240397132825
-6.68614436731915,-6.46111706470749,-16.4397194026967,-18.7621947487113,-18.4941183031374,-18.1238472742631,-16.3222623241699,-14.8763690475192,-14.48432845807,-14.356911685957
-12.2242212494083,-12.6754146771866,-19.8156490722561,-21.5066744673333,-21.3376676419043,-21.0484164751399,-19.9400574279554,-18.4585515500194,-17.8034100026246,-17.3703368891158
-7.54164138267936,-6.99495722208346,-12.027599210224,-14.2337869339337,-13.8908901802049,-13.6178660509367,-12.1609390935941,-10.3602830108116,-10.1112153816262,-9.87906457540415
-8.07350969832918,-6.32815863434898,-12.1592509425492,-13.9269967407746,-13.7651085294314,-13.4721444022803,-12.1023500381735,-10.9014281541311,-10.6501606689316,-10.4279255503245
-8.71058405290434,-10.1208175946913,-10.8720857299447,-12.2851637131423,-12.054525104452,-11.7922032884196,-10.8769175990378,-9.90699870800645,-9.67910273279389,-9.49922047767104
-14.0600851507214,-17.0483721876856,-16.7401602300427,-18.2054322515303,-17.9667565650302,-17.691690300363,-16.7541631323474,-15.7542224490895,-15.5188201974777,-15.3218347246841
-10.2390615911853,-11.2934480818655,-15.8877273595649,-17.3406233622335,-17.1009180239726,-16.8603207060528,-15.8883287629961,-14.9215293688,-14.5869381980248,-14.4418484058439
-2.1731938990816,-1.69814090831347,-15.1670001913163,-17.4528031243065,-17.2897276112298,-16.8842113833448,-15.2581961254403,-13.0598302589423,-12.7576287307453,-12.4830096277514
-9.52175058860023,-9.98104309971589,-14.9014240512105,-17.2483864275168,-16.9750468765279,-16.59674091015,-15.1202509822292,-13.0599090129697,-12.7806579656293,-12.5176341679003
-10.8521754332327,-10.8953947105845,-18.7625321634972,-20.2016812220478,-19.984856185607,-19.7978167161236,-18.8616096905923,-17.4898227660942,-17.1002734248283,-16.8239391797006
-5.71919690409767,-5.74900015684437,-12.6622534630931,-13.9977787666108,-13.8242366113308,-13.5821577217265,-12.6935126479557,-11.6723747415434,-11.4050974927586,-11.2326758465006
-3.41619176978903,-3.8665856695807,-8.85566422331388,-10.2035410731051,-9.97507919201662,-9.69485453250204,-8.8403900719377,-8.01515543077848,-7.80561942191729,-7.63427456932533
-7.10479201475013,-8.95640677746583,-13.0455700861377,-15.5638722954532,-15.3588378443923,-15.0465780591695,-12.903590030465,-11.2696612250303,-10.9884720898669,-10.7983891882263
-7.66461226222315,-7.18985967344743,-8.0254519084533,-9.68194758383584,-9.45545370799271,-9.12104845818826,-8.00859135045094,-6.94972180038285,-6.73894751299365,-6.57412029916644
-8.35826086299551,-12.3891056137224,-15.1970817265432,-16.8705864789032,-16.6774721833548,-16.3781023854093,-15.1110098166908,-14.1363682386198,-13.9411566004199,-13.7717379649154
-4.48129304057678,-4.24918637109023,-9.08017628374293,-10.4236761771718,-10.2082503248289,-9.97738182869466,-9.05801065063984,-8.20755271075508,-8.04420977888784,-7.92092751000643
-5.9144266223801,-7.24059171346033,-17.5386838589876,-19.1994277079818,-18.9642255236805,-18.603246843886,-17.5401703222608,-16.4184943974077,-16.1815758753392,-15.9043063012444
-10.1438214246999,-13.9854115483143,-16.2402133059442,-17.4320018739075,-17.2053058069357,-17.0060970149307,-16.2202235143636,-15.5234863298779,-15.2899913966167,-15.1124481939648
-13.8596509176093,-15.246537754648,-22.9920159308283,-25.1783927794854,-24.9356011569866,-24.6691801355927,-23.1736654259406,-21.1821576980499,-20.9376221766451,-20.7212971176586
-6.53393283025517,-5.85417352733674,-13.6496910386123,-14.77533003364,-14.6645226702554,-14.4213266083936,-13.6422365554481,-12.8776473131506,-12.6554770032362,-12.4289256489555
-5.48317718024588,-4.37479362141446,-6.84272525724894,-8.19579504992842,-7.9560033916205,-7.71424340739446,-6.82626677120419,-6.02031336765987,-5.84149609328709,-5.64288176668787
-4.03664272550091,-2.9309851626422,-6.97605333086165,-8.17755128750277,-8.04081865016221,-7.80515605623478,-7.05072818742003,-5.98271550719066,-5.62036546026626,-5.44787687208181
-5.80501507043645,-5.34498660873155,-7.55997718415794,-9.05459020008848,-8.82871331231811,-8.57179325220017,-7.49659141967976,-6.60821208230572,-6.36032704769216,-6.11808985222062
-6.6768177600997,-10.6510007667912,-13.6784088863369,-15.1883842698366,-14.9369388335891,-14.7107195862011,-13.8184041949777,-12.356737030786,-11.8796444652501,-11.5840505279872
-6.72997133485172,-6.76775859727556,-9.72585322374496,-11.3128308283503,-11.1061412832041,-10.8651929877623,-9.80606897000754,-8.35102921668948,-8.02805626141828,-7.75797272690766
-5.32765737693028,-5.82884053208741,-9.64688710951183,-11.4366018696257,-11.2525334230223,-10.9692674902617,-9.6927747754502,-8.28263030353074,-7.81017191250748,-7.33566184091037
-6.53838694671344,-9.16445332077999,-9.63547220363887,-11.1024694882927,-10.9181333384723,-10.7447512107064,-9.8262908971608,-8.21237548920503,-7.79117105317091,-7.41078867913915
-7.36578760854207,-7.12707573067131,-8.01404995596437,-9.47161836883921,-9.13947098573011,-8.9203670042485,-7.99758475685231,-7.14844727910316,-6.93131253078202,-6.74385489462961
-8.5349435255942,-9.55300363618598,-9.28651177372002,-10.987117753341,-10.6700548035527,-10.3248739121877,-9.30004777276933,-8.20532864271685,-7.94938003555822,-7.72110361645906
-13.50058339021,-14.2889382902607,-25.8790441214395,-27.8516762943412,-27.6374512545642,-27.393052912265,-26.0309663513758,-24.2082910587489,-23.8850993716332,-23.5906715244696
-6.26377419358482,-6.43306762077152,-20.1790513151097,-21.7806642517667,-21.5859350963709,-21.2921969127321,-20.3143172940651,-18.8098802156318,-18.4381146216675,-18.183411816192
-4.37096997979608,-2.85692062438127,-6.13013033759595,-7.29596343655892,-7.10225801162208,-6.93086298659969,-6.1446415172908,-5.2771331781822,-5.02682408372953,-4.88639630182355
-4.96618628793063,-4.56727986533717,-16.9043400085745,-18.7998339403341,-18.478296609799,-18.0832964154249,-16.8588890766254,-15.8183514532009,-15.6078363608782,-15.3632634702216
-4.48742662429706,-4.49943163639913,-7.75480927329635,-8.99329733750337,-8.7619760880141,-8.55948255923734,-7.76638602394027,-6.94865682272208,-6.73754865684272,-6.59463267639683
-7.41755978056124,-8.12344319470582,-11.014421131793,-12.3044398916344,-12.1605527903309,-11.976949963609,-11.1116013371417,-9.93154857175526,-9.5704326029767,-9.31449562371493
-10.3679522030599,-9.96420169539149,-17.6844405712168,-19.2389481418808,-18.9932932365724,-18.6471227715571,-17.6647227003186,-16.7353533741741,-16.4729975194827,-16.2588094250165
-6.40217414873095,-6.22316252817492,-17.0965713003482,-18.3677802906709,-18.1426183589887,-17.9381193856485,-17.1073008286072,-16.2564620434882,-15.9410280901559,-15.624991621792
-11.8137291267192,-17.3224131682125,-20.6408800365541,-21.9637624376554,-21.7380881315275,-21.5147395872498,-20.6648198922507,-19.7582375651525,-19.529049138607,-19.3116911353546
-5.63435992550845,-5.59059044549302,-12.370289445347,-14.1266556936876,-13.8384190446336,-13.5778115319899,-12.3370047305679,-11.2100994183677,-10.9327529818663,-10.7479649341086
-3.65838848579777,-3.43391633938135,-7.2807085864375,-8.50774327272164,-8.29827221413646,-8.07343123645814,-7.2645895958995,-6.50437193966215,-6.27048253998532,-6.12709426605623
-6.33292337470461,-8.20278374355727,-9.51127978039577,-11.0451196394509,-10.8450046033952,-10.5574890059371,-9.52325922878611,-8.47445177012273,-8.28619468874865,-8.13137682071192
-5.86850131872041,-7.22497904403639,-11.3059577769495,-13.2573517820885,-13.0125623174362,-12.6210587848304,-11.2783454564703,-10.0653405830633,-9.80617767581377,-9.59508612379226
-12.2306911052555,-13.0179796357385,-15.5559437274687,-17.5189323767893,-17.2868622031317,-17.0067413704996,-15.479883545864,-14.2803150133144,-13.9593949565604,-13.6098470698447
-10.1571278988685,-9.93672659900553,-14.9695078581987,-17.1093372591754,-16.7900943121777,-16.4228993052821,-14.9974303543788,-13.3587014501792,-13.1395022833238,-12.8957686724233
-6.85150323349575,-5.7008173358124,-9.82795847078219,-11.2434008190849,-11.0596846482407,-10.8138045531129,-9.83522610694007,-8.8389358149547,-8.64732911356188,-8.47248070092317
-6.4253021169372,-8.51633371217698,-23.1017055989614,-25.4640097759215,-25.2014284780888,-24.8248183711193,-23.2097430452215,-21.293916786556,-20.9659003780288,-20.5301887261823
-8.77744791277592,-11.1738298837254,-12.5517914943084,-14.9742539759491,-14.5923276169829,-14.2373664742184,-12.5014991523915,-10.7987409790661,-10.4428364385301,-10.1734474413566
-5.33088327523712,-5.7133266585509,-18.807211107611,-20.9346666607303,-20.5891470836374,-20.2853394930848,-18.7950865549499,-17.2789873416502,-16.937290773416,-16.6939935900245
-8.36799447525956,-8.61372415139624,-13.6777181470699,-15.7779804000374,-15.5616687973668,-15.2829500591624,-13.7971717543987,-11.9260344501533,-11.6382126991029,-11.3891972767062
-13.4560998205448,-11.5003455223554,-17.3694633692908,-19.0451625477184,-18.7634632871759,-18.4714672022619,-17.3030552640162,-16.3471982548588,-16.1052519264608,-15.8717811520933
-6.88847179562772,-7.82746011974316,-7.70188092875389,-9.54770370745173,-9.39873023392916,-9.15265995547249,-7.80278216222658,-6.0008433171036,-5.7141421869958,-5.49238026029504
-3.62881997980161,-4.79628558409278,-9.86199931283012,-11.3795463240741,-11.1958273622923,-10.8585935315976,-9.83502781073491,-8.86810044838417,-8.67409333800387,-8.47959058251582
-4.52303995406903,-4.59271138944473,-8.64137549891922,-10.1131867376017,-9.86592959414145,-9.63932154418871,-8.61538360354793,-7.70069010725624,-7.44400229864937,-7.28095490071712
-11.1371820850951,-14.7119028135612,-21.5051104632406,-23.0451598699916,-22.8732147844581,-22.6323555653534,-21.5532810451186,-20.2952973311355,-19.8935068362638,-19.6462036154953
-9.12726656226722,-10.395980017392,-14.8434416594208,-16.6536834570676,-16.3512315283946,-16.0841975211289,-14.7906948950135,-13.6374762092964,-13.380161071705,-13.1771144026188
-5.46415192883792,-5.45103255327904,-6.85177353040532,-8.20801625690467,-7.96763497750637,-7.75020353418397,-6.84677003293255,-5.93510580098849,-5.67230604549616,-5.45411034884751
-4.96988476313159,-4.72617755914869,-13.54521846947,-15.4070382827803,-15.0998746175531,-14.7535533228532,-13.4896923473772,-12.4610870768881,-12.2279314680423,-12.0337309766559
-8.12870767898709,-11.3228184025717,-22.5806630066034,-24.5654694214134,-24.3752359595742,-24.0728361736185,-22.7403717626355,-20.8575877306072,-20.4608505034431,-20.2086623921225
-13.1557348238625,-16.2599295053925,-20.822925433777,-22.9843617726567,-22.7007905156844,-22.4598991748499,-21.2432164876321,-18.5585589460294,-18.2749875586844,-17.9606140670586
-7.38710587937341,-7.96642028129379,-10.9579512961476,-13.1594928612037,-12.9264359320215,-12.5584505966853,-11.2410992229399,-8.88978321666697,-8.62848662229156,-8.40545507854634
-4.04872369699248,-4.61416493229222,-9.33362443442866,-11.0200725928544,-10.7875308374553,-10.459463844514,-9.29978955607168,-8.2537128622519,-8.05773255640933,-7.91326344463922
-9.39259895313763,-10.5401023460314,-18.0900740362146,-19.2794050865576,-19.133505592724,-18.929782531424,-18.1498339432248,-17.17418411262,-16.9142173106252,-16.679613806059
-6.88256069509733,-7.22587966234373,-11.6305158302315,-12.9800741771001,-12.7739023939676,-12.5985521632775,-11.6778220658287,-10.5347460067967,-10.226201954204,-9.99063335954008
-13.2734975351529,-14.8914777718685,-12.1219693693762,-13.5774005457276,-13.3624379154534,-13.107602603184,-12.1347514760499,-11.1728183560804,-10.8892414410766,-10.7353963333772
-6.57352148652461,-6.1717872382062,-9.62333109787679,-11.2916681435743,-10.9305884108938,-10.6054954402471,-9.58574706328168,-8.72358154553573,-8.50044725499048,-8.33721260399775
-6.90709639641409,-7.4784460380121,-18.9151665277543,-20.5251063623239,-20.266097498681,-19.9745466953697,-18.9199862125271,-17.8371294471903,-17.5822090786765,-17.4152282379869
-2.00341336473131,-0.644432113083583,-6.33484859544522,-8.29098273309282,-8.11189803555656,-7.81012435110765,-6.10867860023407,-5.11673517416074,-4.8427253416385,-4.67694553874522
-4.33441833631301,-5.5480509352051,-14.8634273814798,-16.2422864265017,-16.0024067687371,-15.7816697811626,-14.857179091174,-14.001701763879,-13.7630250489263,-13.6177001302126
-6.80697464158427,-10.2966504018327,-9.46544795571979,-10.9893714122549,-10.7815948437114,-10.5541933613729,-9.45914373961351,-8.34690535328091,-8.0814142976509,-7.85865662673028
-7.96893802960029,-12.1821114047287,-13.6779205936368,-15.3577346468922,-15.111477031171,-14.8029884991675,-13.7264023788978,-12.4616686266035,-11.999625076667,-11.7564964280503
-8.59208204730695,-11.9074179281434,-12.8706078189912,-14.7510618250927,-14.4979462513005,-14.2103960576292,-12.8716522599254,-11.472057077626,-11.0416180559391,-10.7383002619084
-2.65475206051537,-2.11455798128712,-8.89667829151358,-10.2047833261826,-10.0214892276218,-9.80518611234031,-8.89217336076736,-8.05144865752732,-7.77759363902778,-7.58526822961294
-7.90503702505129,-7.79760582362204,-11.0196039203778,-12.9289278712563,-12.6589657116344,-12.308839248383,-10.8742882222122,-9.99764464919178,-9.78083790640076,-9.63838797435131
-7.69146466988084,-8.81891863505566,-12.4469498998514,-13.9325060028197,-13.6929241991966,-13.4628769608415,-12.5088217784858,-11.3677397968951,-11.059130502464,-10.78605348873
-7.99040437285429,-9.78771169662965,-20.1614593775015,-21.5537292795251,-21.3634621109312,-21.1121865398764,-20.1741984966187,-19.1819588139566,-18.9500346588491,-18.7478257877198
-11.5979420566847,-11.6671855117201,-25.1253558395525,-28.0065210443095,-27.7292560127648,-27.3349854984667,-24.9983267955798,-22.9872356098248,-22.4825886664233,-22.2585385410241
-8.04560161274171,-6.55226704026024,-14.4489657646794,-15.9390612379082,-15.6920587951829,-15.429815857617,-14.4999169268709,-13.3231056520539,-12.9856721432368,-12.6139561076414
-5.16797583458862,-6.04198557654072,-17.3047374894687,-18.9058473405469,-18.6858908456648,-18.3903765450717,-17.2484137632826,-16.3443341007733,-16.0928409012679,-15.8527248107968
-11.0631273325731,-12.1897623950394,-14.3678807339523,-15.6742001854558,-15.4936851583813,-15.206661412097,-14.345706421913,-13.5670593678307,-13.3531169183057,-13.1459974903374
-9.8547202317413,-12.6627080293503,-14.0900885812783,-15.6538364982195,-15.4517205412986,-15.1572654402615,-14.0871395045642,-13.054981555691,-12.7742303896196,-12.5667320282273
-11.7292394737088,-14.5753338181062,-14.9687864689417,-16.6577642881745,-16.4108503587312,-16.1156883672107,-14.9109805593236,-13.9390047384611,-13.6466918265937,-13.473487565871
-4.36210377062155,-3.04631506526964,-7.99105215152951,-9.39040494143791,-9.22927123635705,-9.02380455285173,-8.09087821532163,-6.80225438342932,-6.35887816968166,-6.03105191248527
-7.28274247536375,-7.8396892835626,-11.1562457935598,-13.7410131450207,-13.4687239915765,-13.0924718646002,-11.1275958244656,-9.36447730684863,-8.95029954442113,-8.58066493384305
-5.0376257163974,-5.63913288339593,-16.4103592308221,-18.2435287969981,-17.9537292350023,-17.5879567948411,-16.3695824293089,-15.2853382287838,-14.9972288200516,-14.8408408431187
-4.12396184455477,-5.36640044334468,-13.3602384492436,-15.0773907794333,-14.8988643996936,-14.6223339366618,-13.3527290735271,-12.0942480176569,-11.7940317199011,-11.6102883130598
-8.29479574737742,-7.1313278196371,-7.84893208194885,-9.33417237826723,-9.17059775841854,-8.92560170856884,-7.90685249665114,-6.6926096550604,-6.35194807621454,-6.09241019059391
-8.23123048465824,-10.0970008064663,-22.3771092386493,-23.7034931535094,-23.5022189094583,-23.3116660385301,-22.3921445798301,-21.3663324695328,-21.1074434297762,-20.9185577977387
-6.73592868600696,-6.02532007254431,-16.7492469858801,-18.4092142717238,-18.2015794075072,-17.9326233506325,-16.7408242209632,-15.5394549658968,-15.2057134896803,-15.0085072300215
-5.38420736451359,-6.71494422200089,-7.8045333692738,-8.88424991054538,-8.71790017075219,-8.48824827970951,-7.80265082435827,-7.07932072798287,-6.89958132986925,-6.74734982703478
-9.43126786623113,-10.6356790606137,-16.640979067543,-18.2428784389607,-17.9892387815129,-17.6863785329331,-16.5716383889547,-15.674644674605,-15.4417587092469,-15.2218099622415
-3.86844827226085,-3.69297418891752,-14.3733682167102,-15.632938453742,-15.4363584269335,-15.1607159332162,-14.3885145552055,-13.5458646446059,-13.2986498493339,-12.959019917218
-5.27034921091002,-4.61296981379711,-12.3740386516075,-14.093688082148,-13.8355259174646,-13.5985099056105,-12.4977140949848,-10.9695791729017,-10.6863976363168,-10.4396080048298
-6.32734101586739,-6.14152964025922,-8.59927953305744,-9.98649394372175,-9.74843060074519,-9.57701151268405,-8.60417812542305,-7.6587069289847,-7.35845940530297,-7.08690693652746
-7.56107691889095,-7.97793011613831,-12.8927365832726,-14.7982135818638,-14.5397289896661,-14.2822853673118,-12.8722384967453,-11.573217545182,-11.2876838999234,-11.0368346061229
-6.11311184177561,-6.05869951775028,-12.8312665612865,-14.2282001538066,-14.1054814166807,-13.8626488222644,-12.9009280505446,-11.6049672405854,-11.3472250411891,-11.1503416258792
-6.76950713992941,-7.7173876905437,-11.2752501467136,-12.7265162560766,-12.4687009567316,-12.1676399365524,-11.2607222376923,-10.3843019929211,-10.2031700973006,-10.047899028278
-2.48418932010486,-1.09710948957548,-5.34189706402796,-6.48978588336771,-6.31433646990185,-6.05817994545161,-5.31163447095787,-4.70580823425939,-4.52232543560419,-4.4115144115606
-5.2663146433013,-4.19475731954231,-7.6959743387879,-8.89257844672507,-8.68460551347631,-8.51022660182407,-7.64973934389335,-6.93548339258149,-6.80221093476066,-6.62090623347321
-10.7223107119547,-10.4714947797206,-15.74002473245,-17.7924477597774,-17.5409994961557,-17.209292171055,-15.9137160172521,-13.8444448485381,-13.3269655665645,-13.1216960381477
-5.40742950114748,-5.06053808205156,-8.01955545639591,-10.0658283860812,-9.71632179382575,-9.34541035894981,-7.88065889382213,-6.90940327357727,-6.6671799705005,-6.51231150060441
-8.95347057255952,-8.67853752675414,-9.9539297744379,-11.6985355921024,-11.316073567137,-11.0132035113719,-9.91651749160292,-8.91168114847419,-8.63548103766992,-8.38946045911661
-4.8018164387498,-6.00225061937921,-13.5185332138764,-15.7666562458313,-15.4679311814056,-15.1447851398581,-13.7779390000622,-11.6143074069164,-11.2748610930093,-11.0665055604079
-8.69805257368174,-8.56596362138262,-15.426935801622,-17.0745547752915,-16.7701185253372,-16.4712521181553,-15.3413367125557,-14.4281166840738,-14.1561431255726,-13.9248591551243
-7.4224233306621,-7.143451408983,-21.5694144916116,-23.694559776561,-23.3287224761062,-23.0429414729243,-21.5942735943731,-20.0361114627219,-19.7158659581138,-19.4916955117237
-9.74512396324851,-11.5724677330155,-19.3491039126682,-21.0437012568307,-20.73625119094,-20.481177275806,-19.3615103670369,-18.2158310747061,-17.9111353952423,-17.7605896541693
-3.87350574350739,-5.77106208171206,-11.8372572708803,-13.62232842371,-13.4082779311185,-13.1625505609318,-12.0868989316404,-10.0598230333564,-9.77762094837094,-9.51694842184283
-6.39900810695795,-5.22576484924134,-9.15957873576243,-11.0471388131289,-10.7274479474281,-10.3267711760494,-9.04345977122365,-8.17567558724847,-7.94926110780348,-7.79281573278015
-9.15258713771479,-10.6877654036363,-15.4199893827692,-16.8375844298158,-16.6549966464405,-16.3841651673191,-15.3780214172993,-14.4779425856828,-14.2584620274013,-14.0597001168617
-5.8711681234505,-7.05568936699583,-15.9199520363955,-17.4560837251276,-17.217625645803,-17.0432641693984,-15.9285128679505,-14.8160043497997,-14.5463243176567,-14.3589944267616
-5.74319080798927,-4.8538018807142,-6.26548124718838,-8.14744269174004,-7.83118056183892,-7.49135051162054,-6.32780794938131,-4.88306275127197,-4.64237363728045,-4.41055400027394
-7.45774237472306,-9.60701892756743,-12.9488888207746,-14.4584623151244,-14.2341259256412,-13.9230553168988,-12.9430115415207,-11.8870132079584,-11.6437927189736,-11.4978594848183
-4.20816476188354,-3.20650286369716,-11.3291012678402,-13.2248878171199,-12.6716256195865,-12.2507322773043,-11.2427023399192,-10.4428153727552,-10.23911495461,-10.1216032848939
-9.57140013042293,-11.1299335347826,-15.8345959283183,-17.4231973702644,-17.2323369625182,-16.9891366645299,-15.8842519604782,-14.5763699499402,-14.261407473989,-14.0268392861483
-10.6961067838795,-10.0756240133107,-14.4990960130429,-16.2608415256295,-16.0115191633881,-15.7150802773782,-14.5426193587149,-13.1844927636427,-12.715318701664,-12.4029180852742
-5.65848172063127,-6.77394720117257,-7.93980490117678,-9.7565419147204,-9.50420724328339,-9.1690502182603,-7.90763240326081,-6.72663951218429,-6.50466521410415,-6.36656603836259
-4.58956978724177,-4.37269894189259,-11.7881339268536,-13.1037150415975,-12.9066913512145,-12.6719171594597,-11.8518263273176,-10.8114779665184,-10.4793207370303,-10.1374595410655
-9.89804772163185,-9.90331289605296,-17.8442768932382,-19.2684584965656,-19.0183536063824,-18.7495278622914,-17.8480860648028,-16.9732788172055,-16.6332313496895,-16.4126750765429
-3.34232928905612,-3.08825241407765,-12.6969655379779,-14.9887240196201,-14.7119996874044,-14.2056165160317,-12.5300346792882,-11.3231539025879,-11.1072968059225,-10.8995033243233
-10.625420278685,-13.7519524836098,-18.3192525132436,-20.4763475613564,-20.2380340201518,-19.8706852450291,-18.3470266018308,-16.7660367399784,-16.4351265742976,-16.1765053073379
-6.92198623726104,-5.41625363025597,-17.0814413056399,-19.3120318722676,-19.0288516269898,-18.7326087712132,-17.4185096647099,-14.8218052242262,-14.3562156859829,-14.0677133497291
-3.90976856090938,-3.0020286400583,-7.81025866320759,-9.52401661445243,-9.20424283662832,-8.81919190411494,-7.71728638725058,-6.95263906608977,-6.75571455652182,-6.62120480620096
-7.79093634714204,-12.6990118362577,-15.1112730137775,-18.1619959958041,-17.9060524053201,-17.4505847503035,-14.6790494648967,-13.3713519507306,-13.1581663691738,-12.9003904806907
-9.13966532107295,-10.8667836974566,-13.251148034227,-15.1781834538982,-14.9604387366085,-14.6946030598133,-13.1811749530764,-11.8940392338643,-11.5646424481498,-11.2356314465514
-9.35873151955978,-11.0294625672616,-12.1244518378262,-13.2209867280838,-13.0372522504945,-12.864749347943,-12.1262015983374,-11.4155665175502,-11.2187300098015,-11.0336252046249
-5.72193489417987,-4.4488596807957,-7.59118213998668,-8.9828534472575,-8.7768798054245,-8.5525966196335,-7.75571654629896,-6.24346969082422,-5.55611676031166,-5.17840427614547
-11.3804732411165,-13.0755787820793,-16.7166015224445,-18.8685821481299,-18.6346868502201,-18.3723419547116,-16.9112220807396,-14.7367784372118,-14.4383682501944,-14.2010731551577
-4.00965539024253,-3.25146837810964,-9.0741971948549,-10.433501853348,-10.285906862685,-9.98541648119518,-9.12620719622225,-8.05878474678281,-7.77481830399341,-7.59102887017582
-10.4620021471349,-8.87594365310816,-7.79924925435834,-9.2487916094966,-9.01276023559203,-8.75301873865226,-7.7843400685437,-6.87705532724659,-6.65515997818893,-6.38418571057312
-8.81166417793913,-9.54172347178597,-12.2810871989375,-15.1274215389186,-14.7560823744958,-14.3270826370337,-12.0295188125724,-10.7111832439806,-10.1908122783525,-9.93363973993755
-8.44846974581648,-10.7774528985474,-9.89036872455569,-11.5775934214909,-11.2862508229239,-10.9452614038091,-9.83331210353312,-8.90889842942155,-8.70699421605794,-8.54097890447725
-4.45628344206061,-6.19051139429371,-10.0589107798462,-12.5045514570842,-12.3474075819867,-12.0602064113678,-10.1605360084701,-8.00644533129367,-7.70381610809577,-7.40858673792264
-10.3666555330231,-9.75506550333312,-15.8498608317807,-17.307346898585,-17.0759168171938,-16.8782955752116,-15.9622183402938,-14.6054904221079,-14.2848092689021,-14.017925764485
-8.63763797653239,-8.54717654894504,-10.630744110188,-11.9761421267558,-11.6965178158383,-11.4471204768989,-10.6218178317103,-9.86058864537317,-9.64057986841426,-9.44983287867065
-6.75439398390497,-5.78769428958889,-7.89073773873297,-8.99329615750648,-8.81788176081567,-8.64116811823687,-7.89583691134074,-7.13652488066375,-6.94037214516112,-6.72195243810151
-6.60673663578665,-6.59014743270146,-8.52530829188229,-9.941896023842,-9.72489640348305,-9.45029156430931,-8.51018960673265,-7.61868486252656,-7.43811702655135,-7.25813623232045
-6.56558637229498,-7.31000030449781,-9.69386524513926,-11.2230532912507,-11.0209536531426,-10.7141242351954,-9.68135014348393,-8.73397493234751,-8.53124526145689,-8.31178475179919
-7.23890857396503,-7.11548286382686,-12.235847757654,-14.679790448169,-14.5164077132148,-14.1274086367922,-12.7274524688509,-10.0627324336809,-9.78280432037393,-9.63072076493316
-5.78196849726767,-5.5514142452886,-13.0542391972977,-14.4101678296663,-14.1655766270724,-13.8489729255815,-13.0413996384712,-12.2344338980594,-12.0513425680984,-11.8596000624246
-6.15728706119902,-4.60338216265931,-11.0266549829029,-13.8258229400749,-13.5022756847564,-13.0806054577514,-11.1705348860068,-8.85181906741034,-8.47118229403647,-8.22794573797577
-5.65590725957528,-4.53896778953933,-8.52799125695475,-10.18629646601,-10.0022150252797,-9.69038112608517,-8.65951764952485,-7.13948990323971,-6.88216633692961,-6.65869531199577
-5.17668214436167,-6.77145717200552,-7.22472888113781,-8.71703348483133,-8.52526690880421,-8.23169455172924,-7.16535985069647,-6.34571030632037,-6.09800707009809,-5.81973853950574
-8.59643689604618,-9.16106658740632,-15.7032157703927,-18.0970965302719,-17.6896802164975,-17.2102707640758,-15.8152014291238,-14.0632307623102,-13.7418032547004,-13.4201050604751
-6.80952444691052,-7.42001081680593,-10.4829964008112,-12.5737985003712,-12.4079179764189,-12.0967976322973,-10.574146045404,-8.77094625138484,-8.50504682647185,-8.32290324565639
-6.20808600078677,-7.57607411592582,-7.64117513181632,-8.68604077128423,-8.58811823079273,-8.36864222888135,-7.63883784799654,-6.89060604458613,-6.70469343546867,-6.53563548576935
-9.7638400393125,-12.8041507009015,-15.2374938055647,-17.127663144554,-16.8928223599991,-16.6361439890135,-15.3708294155382,-13.512194308559,-12.9897845026662,-12.6339726085561
-5.07591218151949,-5.31495907542575,-7.17760604721691,-8.2060163147421,-8.04168703812404,-7.86802339664431,-7.16743840299667,-6.49194761280202,-6.3357039491823,-6.1272201953114
-8.38648809289212,-7.68579993686624,-17.991192523606,-19.4369452574514,-19.2588021332689,-19.0104428204549,-18.071196548478,-16.8604628247423,-16.5061602503965,-16.2981948188812
-6.9875912834813,-9.28251412073504,-19.2375452035138,-21.9245983048999,-21.6061760395914,-21.267743588547,-19.3564085890035,-17.0065448883772,-16.5337915168734,-16.1623306385632
-6.8656484219059,-7.1490532717177,-15.611325153884,-17.1224232228349,-16.9367869863857,-16.6307028637588,-15.5879634892326,-14.6474929220579,-14.4279998211063,-14.1788462212792
-8.05730296686437,-9.2589237924184,-11.4444473129591,-13.6765852640931,-13.3143799228904,-12.8012058135917,-11.3575008187962,-10.1690699446438,-9.90595846179292,-9.74159359167631
-10.8282521231269,-11.8578707474203,-20.177831276015,-22.1547209667122,-21.8401428891296,-21.5264267212997,-20.1859112125424,-18.8045478371423,-18.4879300855252,-18.2523542061426
-6.45672112672022,-6.83488826688769,-14.3397997776552,-15.512047604018,-15.3795725939499,-15.1780233244529,-14.3153872683671,-13.578124640837,-13.3344002122721,-13.1233767414726
-8.58188786625371,-11.6216936430066,-18.0779884988006,-19.8083591432992,-19.5981948854322,-19.317150265106,-18.0671216389789,-16.8702520956248,-16.516492611535,-16.2971087498532
-5.11845597084699,-4.11985572602639,-16.900290245517,-18.9757691129568,-18.5656849901899,-18.1674969205857,-16.8065156350673,-15.7729383648448,-15.5066193275098,-15.3123241866358
-16.8262968028285,-20.6724123936678,-22.8525730038801,-24.4731823555689,-24.2132924029488,-23.9589914567337,-22.9106239368889,-21.5824779536233,-21.2603974135647,-21.0261174457371
-7.56934439718615,-6.09100541416813,-12.5138926205241,-14.7065226518998,-14.5280589251325,-14.2004442411233,-12.813925870441,-10.0205480204311,-9.67405701160011,-9.39465330634105
-12.9218930327437,-14.6440096780463,-14.3378606979203,-15.9938889166366,-15.6964222954346,-15.4435294419814,-14.2698640698906,-13.2890693436974,-13.0176866855995,-12.8301055083604
-5.84849254589729,-5.43663697648322,-9.12257060769476,-10.7894164699214,-10.5870460620132,-10.411737100555,-9.28453285048749,-7.61745788831915,-7.24619778532107,-7.01447197705002
-5.81283202655176,-6.67610658048312,-11.8641343498847,-14.1664970228823,-13.8038426746495,-13.4833618462542,-11.9128097467726,-10.1811712220246,-9.83596780149715,-9.61727151153207
-5.93148341625255,-5.00750461532366,-10.0386314568548,-12.190299664062,-11.8806363005638,-11.4406782592767,-9.9499484155883,-8.74236823383044,-8.52487752542077,-8.35938822346775
-7.87686263130878,-11.1450238277623,-10.8446940306814,-12.6102146357787,-12.4279987876884,-12.1492552596655,-10.7796253723329,-9.60191617270293,-9.33924108188318,-9.14507938929579
-8.483671567565,-9.62537170212165,-6.86237556546768,-8.314817988653,-8.14965845672532,-7.92755373445019,-6.83987267446773,-5.90074687924329,-5.58129592361096,-5.3869476848382
-4.79560143252703,-4.15356773692226,-11.2374949856367,-12.8063537605868,-12.5846060206861,-12.3377440694872,-11.168905059613,-10.2472424376859,-10.0417340846961,-9.88868817292626
-10.2732448400186,-12.818428439245,-11.4955892297484,-13.2278011326245,-13.0609322676639,-12.7809318146015,-11.5020740056391,-10.2684113323213,-10.0261045295689,-9.9120081386336
-11.0640229007095,-11.0912998195153,-13.2730673323531,-14.9384297163308,-14.750155099175,-14.4573671205166,-13.260343078431,-12.1185184122883,-11.8336516005136,-11.4822146922855
-8.77369550287654,-9.21821224522286,-13.8298637139491,-16.0863121604527,-15.7228641500323,-15.3195062959691,-13.6457325832577,-12.6628083518521,-12.458987431173,-12.2943113417244
-7.84693021928423,-7.94414521694407,-14.7259392066695,-16.1014844568029,-15.9602677046132,-15.754848716482,-14.7071728707049,-13.7923350117741,-13.6059077559611,-13.4386977040783
-11.2063938879617,-13.8014081748648,-18.0114359376322,-20.0367077999744,-19.7099866269357,-19.3917767200598,-17.9337814667512,-16.6551564661577,-16.3676774758139,-16.1544833818731
-10.7895961789256,-11.8278727676232,-15.4004353054369,-17.4715955463417,-17.2451688500747,-16.9731307614116,-15.7554483386565,-13.1955238962027,-12.7417895983727,-12.5358178096628
-4.09893155510091,-3.31071705528644,-6.13716812045386,-7.18553059944229,-6.98713895811848,-6.84807967876774,-6.13715942103451,-5.45491440577595,-5.28220831336135,-5.10645896833102
-10.6405556805926,-11.2228558375735,-19.9723254781171,-21.5314786741753,-21.1938446168851,-20.9101955093791,-19.9496398905537,-19.0329272813687,-18.745061292436,-18.5784339211954
-8.53679697620987,-10.751841688036,-17.3514705516772,-18.5074701351762,-18.2899914831865,-18.1030678800289,-17.3562614000555,-16.5680274971453,-16.292742104871,-16.1995820384657
-7.9075827713512,-6.72085591826566,-14.3506226670215,-16.4065993762184,-16.1480090669775,-15.8287610216829,-14.6239624818604,-12.6010252929587,-11.8449788944305,-11.2111715345428
-6.86774112290475,-8.58659064216073,-9.98823753479824,-11.4552135360131,-11.2330918081802,-10.926867098648,-9.95289190811411,-9.09420651722117,-8.88247439163827,-8.66984439115645
-8.03315729444919,-9.16803338247313,-12.987837202508,-14.572129403678,-14.3863560659212,-14.104668361975,-12.9799253913593,-11.9128807788616,-11.5359040917083,-11.3500439114759
-6.52795329411657,-6.0587406712296,-7.60403361578886,-10.3515445851054,-9.8961250104602,-9.40555248978527,-7.42719096390775,-6.15891165474368,-5.8895888115519,-5.72144956150168
-10.1646904794516,-12.3253674631292,-11.1110144557149,-13.5230776433116,-13.1366327973879,-12.6790180249651,-10.9765480270924,-9.73692392779482,-9.48031308411427,-9.29698844438847
-11.5667053068306,-11.8864120243588,-21.1844008653858,-23.3501297518057,-23.1032548336428,-22.7753591080095,-21.5349159004355,-19.3491997575805,-18.8971191498669,-18.6751058731908
-7.29599892036821,-9.08657459668735,-11.259359461043,-13.2200085453308,-12.9572840896523,-12.6692847909833,-11.4524512260126,-9.56416837191968,-9.27564240202369,-9.04273665664112
-9.35074492925796,-11.9473614403893,-18.6836728702695,-21.0834920869192,-20.7651408020291,-20.472362384828,-18.8658399995097,-16.6406429512204,-16.2756526330883,-15.9217191450469
-7.13097081196169,-7.88537117284031,-9.85162763936492,-11.326308594941,-11.1032326035014,-10.8216240337669,-9.89569198817713,-8.77230680814243,-8.47210213042753,-8.28008143935551
-6.30060509530731,-6.79891484531153,-9.5618906644672,-11.0924585711849,-10.8522651178669,-10.6127145455664,-9.56841456620167,-8.55006579085313,-8.22255739062072,-7.99901074654859
-6.17049954651012,-6.39126483110007,-12.4779364120944,-14.7609049925378,-14.5338690734011,-14.1504424229413,-12.507867596056,-10.6830223456658,-10.3333636065603,-10.1096675035707
-9.25894992214753,-8.81415997875365,-11.977954107895,-13.2970732001917,-13.077227383459,-12.884990209683,-12.0470733350764,-10.970058860545,-10.5903783953758,-10.3129124694489
-12.3718552148787,-12.3178475009522,-20.3855221582375,-22.8039765581731,-22.4472628849079,-22.1241687534617,-20.1336618296877,-19.0338460207225,-18.8138639395452,-18.6014310377746
-5.39809411675936,-5.18637028160078,-14.3472920928613,-15.600977381177,-15.438394533144,-15.2186605191416,-14.3882729201114,-13.3892096281388,-13.0301284908424,-12.7332722170696
-10.2236130618979,-9.19528414617852,-20.1041952779483,-22.9230288033247,-22.5051612200255,-22.0610449158178,-20.0302632465687,-18.3913999970771,-18.0957436962951,-17.8164528079275
-8.84961873546095,-10.245057670833,-15.4237762428505,-17.6274838391298,-17.3880687431836,-17.0334262232482,-15.3301728107287,-14.0412405849452,-13.7889181425685,-13.5881658654799
-8.24469058808604,-11.2300216544226,-13.2772840304672,-14.6683617733002,-14.3826449749992,-14.1396978494254,-13.2682984492036,-12.3917103877118,-12.134879274559,-11.906984808693
-7.07298613607058,-8.40741558370809,-7.60559856122075,-8.9510754647201,-8.66449428201777,-8.34058804609436,-7.57695225846841,-6.89612401443709,-6.70960254174212,-6.58740056100994
-10.1467635687461,-12.0200539120294,-16.0974930559923,-18.0373685744816,-17.8463287939584,-17.5347852194996,-16.0825967841003,-14.7073700680078,-14.4356151491604,-14.0755847525963
-8.89209650685452,-11.4210595139772,-17.7934119878456,-19.8970755290656,-19.7082646089477,-19.3458858350146,-17.9012633406477,-16.1064753928949,-15.7901680895136,-15.4907696973403
-9.58241822306219,-12.9586674440235,-19.4805580836834,-22.8345170078295,-22.6114399405032,-22.2408473731861,-19.3895747319957,-16.7142706510106,-16.3471594743014,-16.0775319177042
-11.2060599494368,-13.6854890327397,-15.7552202693226,-17.4666157896021,-17.2902144562278,-16.9863677763248,-15.7756587774399,-14.4820393217292,-14.1922230752315,-14.0108274151973
-2.98417075695226,-1.74056405671861,-4.97800938335528,-6.25695955797928,-6.03729388821415,-5.82407132787672,-5.0369161603252,-4.05240577070291,-3.86820333037,-3.7220898373414
-10.3285926896486,-11.2230526059562,-18.1669962635495,-19.9687984260108,-19.7787334130056,-19.5040021513418,-18.2368804877803,-16.7021468512065,-16.4256596670496,-16.1274060807658
-14.6925338756249,-18.5065950102583,-22.0873245732472,-23.6552181265126,-23.5058848982681,-23.2124851015981,-22.047950177234,-21.0546171323724,-20.8182432339132,-20.6582432224485
-7.65693823650271,-11.2259874325899,-14.8566420480609,-16.2995641534345,-16.0909574235652,-15.8419819810289,-14.9079249212214,-13.8252262410688,-13.562063264184,-13.2609036776724
-8.70956748881088,-8.43898712717797,-16.1872780104067,-17.6624289186872,-17.4253636833034,-17.215815157293,-16.2238940281501,-15.1506442207128,-14.8884064698242,-14.6348699001119
-8.16357079733611,-9.5853134695889,-12.4329565988441,-14.4456487785069,-14.2319310736527,-13.9413184190391,-12.3540847555315,-11.0630575058686,-10.8314516129124,-10.6164867344868
-8.80976855049781,-10.2562295067425,-17.8934798348866,-19.0747341939446,-18.8977800773306,-18.6473090803884,-17.889513649686,-17.1291238010142,-16.8687035034593,-16.7539882685889
-9.30550752870947,-8.72145258273698,-12.7789828916753,-14.6666855631986,-14.3759794764493,-14.0037385722531,-12.8146380309931,-11.4387373646196,-11.09215285636,-10.799078736414
-3.59740576444713,-4.64162624639714,-11.8613897696111,-14.0961420317508,-13.8392849532591,-13.6000387514002,-11.9466583190767,-10.016901802618,-9.70553985726715,-9.53399094605769
-8.0680573901931,-11.0056533791705,-15.2924305397274,-16.9025767237179,-16.6868267064158,-16.2970062213236,-15.2571348074244,-14.3147363254083,-14.0983900802945,-13.8527152434816
-9.97389638038038,-11.3341995602779,-10.8299715097374,-12.1679421055478,-11.9628130875997,-11.7043081426904,-10.8678982822405,-9.85613301102464,-9.55696504058295,-9.17671669590492
-7.64815598037464,-8.64923046756833,-14.3647797034607,-15.7861262176526,-15.5152467738542,-15.2979818224549,-14.3750813024862,-13.4240135457973,-13.0984927701701,-12.8523035832443
-11.2782933311732,-16.8559522961409,-15.8901901361287,-17.5626698665434,-17.3438709846839,-17.1098227565524,-15.9680120907163,-14.5282078973617,-14.2580567119974,-14.0088091136176
-6.60654322039905,-7.80609700631902,-7.55476275978464,-9.02276258357714,-8.84525012039654,-8.57205584637955,-7.58535668624347,-6.48359926805962,-6.14971252630773,-5.99596695868196
-4.89257226550922,-2.56352950269597,-12.3001844727074,-14.1208117105327,-13.941655014501,-13.6809929898352,-12.5261508724646,-10.7073097686276,-10.4721985904997,-10.1881081465546
-9.66163451150099,-12.1207783607513,-12.0175314094181,-13.6050025425225,-13.3689131338609,-13.0210125300848,-11.9461458488378,-11.1584979219327,-10.8913910604358,-10.6422030445329
-5.63685330896832,-8.88612720564464,-12.0641126385652,-13.5006541389609,-13.2531446228907,-12.9728785173094,-12.0347409647061,-11.1955587114598,-10.966050926566,-10.7642706905608
-11.3192729666709,-13.3860204606973,-19.4091929939769,-20.9332283280123,-20.6388676421082,-20.3829612714013,-19.403254132327,-18.422229567768,-18.1767854372426,-18.044470671057
-7.04417329016589,-5.7977436124266,-13.3163681885116,-15.833692322958,-15.6231955878668,-15.3097317287477,-13.7070049125522,-10.3975970289542,-10.0973799541811,-9.86188287374452
-7.62887409137156,-9.84449076818668,-11.2288517213482,-12.9394520560773,-12.7033464396928,-12.4196750518945,-11.4347157549857,-9.64441353170369,-9.35981738575992,-9.08027929931693
-12.3936003253818,-12.1245364600271,-9.97887599994475,-11.7145522565407,-11.5003389279455,-11.2614753476307,-9.92980986410255,-8.71618583606698,-8.50704676579932,-8.29338978120381
-5.68859305293695,-5.74440870199405,-12.3048906914119,-14.0967596511531,-13.8639660777093,-13.5580662880381,-12.2077368879701,-11.2524931543646,-11.040167578665,-10.828447695366
-13.8836670858771,-15.391459756735,-20.3974310453412,-22.2382370577795,-21.9980389715245,-21.7867997439155,-20.6011610636232,-18.7796833552571,-18.3708514606697,-18.0778093755334
-3.79239321790812,-3.38381692481301,-7.43032822501549,-9.24647847966398,-9.08767266991529,-8.81679301675357,-7.44421679257608,-6.04680757261455,-5.62359941433714,-5.28072927812243
-12.1941531869814,-15.5135919903038,-20.8140443877327,-23.8591019146342,-23.5897230471055,-23.2227108592395,-20.7154620109274,-18.4232739983011,-18.0801823235192,-17.8675238400602
-7.41171767947979,-7.29804281668471,-9.75182149484652,-11.9861843269435,-11.7728205937881,-11.4123391622376,-9.93869242377686,-7.99428477287314,-7.67529283500059,-7.51635753451535
-6.49931694890554,-8.22603968043622,-16.1090944935068,-17.763548515634,-17.5995367915568,-17.3373670169319,-16.0569586492313,-14.9753931258945,-14.7732418435263,-14.5584889893266
-12.1904361000256,-14.6050770520837,-18.6338444963737,-20.1252794483582,-19.9228368444126,-19.6105668727446,-18.5844114314009,-17.7452776710592,-17.5014075127128,-17.3566999411044
-4.21358329584671,-6.00267704646761,-6.19479421324766,-7.2966008618052,-7.10576223017141,-6.89937562994092,-6.19433708713884,-5.45238815008323,-5.25046049846328,-5.12079020378152
-5.89109379118094,-6.24472840281236,-10.4913725647325,-12.1716885647513,-11.9235453196158,-11.6821064471199,-10.5415368358366,-9.19667394557923,-8.99655664362499,-8.77992816403039
-10.6952698059944,-9.78078786125958,-17.4611805230493,-20.8423174109834,-20.5726620693461,-20.301313016545,-17.521649011134,-14.5795151748983,-14.2354054190757,-13.8851153258398
-2.90420449178244,-2.69636090378276,-8.87363785615934,-10.8015819950932,-10.5732354473202,-10.2791475944303,-8.75552075784908,-7.57654549701464,-7.29841496837563,-7.0073657033161
-11.0899426024364,-15.0055387173373,-14.3998859096486,-16.3823342073167,-16.1302472346714,-15.8015991177011,-14.620459712786,-12.553128622884,-12.2273472626628,-12.0856972765228
-11.1027412354492,-14.082343715137,-19.7404876272646,-22.4351131906086,-22.0334343119567,-21.6095689730116,-19.9258708733832,-17.7192389841847,-17.4511046936937,-17.2912100902829
-2.50445895227815,-0.814770470568668,-5.50123497144865,-6.52322829607941,-6.32813848962788,-6.14960561595505,-5.48369384111363,-4.88430089729479,-4.73091174811642,-4.60818457036642
-3.06389531818026,-2.46915373889378,-12.9304937786243,-15.179430214949,-14.9525096448709,-14.638561659189,-12.9774122831285,-11.0062389727287,-10.6874641682247,-10.3352008215417
-7.32846821953454,-8.76262795387739,-17.1321491931619,-19.0677296715066,-18.9232933602453,-18.6739837142219,-17.0968001494122,-15.5686750592476,-15.2814763584139,-15.0004109047797
-9.2113817082405,-10.3262048565482,-12.420337889139,-14.9232959324445,-14.6888575019581,-14.3520152299523,-12.457262105486,-10.5340469554631,-10.3188406442977,-10.1397397201387
-6.76032699255429,-7.01858446904069,-10.6417868363773,-12.0236944909715,-11.7415881096064,-11.4898355556077,-10.5957332926628,-9.88838983710235,-9.66470398890738,-9.51365319946196
-5.64472175394949,-4.37888031770251,-9.95333081322071,-11.2842897257265,-11.1027553561136,-10.8931335425728,-9.93236751625462,-9.10806025061087,-8.90473158601857,-8.74936292706223
-5.11634665444844,-4.87836825638413,-6.39655279858926,-7.55876012981158,-7.35015748980819,-7.10016599709425,-6.38804276481479,-5.70145179421901,-5.54642305807563,-5.36980780021152
-15.227579121656,-21.1631211358898,-21.1454122962896,-22.6916275345902,-22.4838794015864,-22.2225518270247,-21.361976208235,-19.6734529400989,-18.547139347462,-18.0495992577799
-11.4014138069298,-11.7268503358504,-19.211023563333,-20.8392844397665,-20.6324541983971,-20.3601347970334,-19.2249578270368,-17.9304042592891,-17.6767421206597,-17.4541940435575
-7.38104202949334,-7.01345349300018,-12.4570102984924,-14.6908712022699,-14.3490134847191,-13.9193203330318,-12.4576754503989,-11.0399593427861,-10.7448772409291,-10.5954367948624
-8.69408557180654,-6.24040241525252,-10.4899115355305,-12.3142792027548,-12.0706498561747,-11.7857018368728,-10.479609766514,-9.19929681768885,-8.90193301719549,-8.7012990234518
-5.44241221407752,-5.41594664339689,-8.30151959898742,-9.81744119594505,-9.59020998200762,-9.37072422677834,-8.33175251867934,-7.16980865371159,-6.92616811753788,-6.76999279168597
-9.23073322366276,-7.58208233538948,-18.6245108959387,-19.8763989910256,-19.6489536082277,-19.4734563401437,-18.6827482530682,-17.7203862809125,-17.4236835600858,-17.1836015927361
-10.6504793286275,-11.1594977521481,-13.3413707405546,-15.0666901733768,-14.7807805773238,-14.5289496619219,-13.4135649259863,-12.0209312595123,-11.6971072268188,-11.550482195995
-9.27127646774605,-10.01107164577,-13.4605669006268,-15.7343527471211,-15.5158593061637,-15.1551437692181,-13.5708065112986,-11.7156381082442,-11.4257253758641,-11.2538305283908
-8.83975058376632,-8.28078624357436,-14.7969914931025,-16.2885453451566,-15.9318139389717,-15.7117871371447,-14.8031018508551,-13.8580453451993,-13.5956353013837,-13.3797572914219
-9.44589714945712,-14.8051431263803,-12.0706970998308,-13.8970478497086,-13.6749241874388,-13.3666986108896,-12.175332671309,-10.5440540646905,-10.2848231216333,-10.0614325992129
-11.149992329679,-11.7364956019732,-17.4744011277845,-19.1583598325845,-18.9622285463935,-18.7011872695683,-17.5790264668236,-16.0950859525532,-15.8240083100295,-15.6278289593306
-6.79786543547026,-6.60117075432276,-8.47244367378735,-10.8500571490816,-10.6072083013707,-10.3336877960416,-8.14077076888437,-6.9740733458211,-6.75039173721413,-6.62268202128853
-4.94544558972233,-3.99836543525059,-8.06683147379837,-9.33141333630492,-9.15670391265912,-8.95329043306865,-8.02636152393834,-7.24701699782068,-7.10071112024102,-6.93394986495724
-9.07677133802321,-12.2612156066495,-19.8604128337911,-21.7539110637041,-21.5090374546594,-21.2442084967208,-20.0342894078711,-18.1540352752689,-17.7922236092321,-17.4938418274391
-11.1224563117354,-14.5425331797296,-13.4938212644032,-15.3246949598151,-15.0226527097475,-14.6649425711195,-13.5238959659712,-12.2781228490191,-12.0535956618114,-11.8404693522608
-4.90744744580844,-6.82597181277771,-7.20893463719965,-8.51921193729171,-8.30131243025071,-8.01722102021616,-7.19051438506309,-6.431583595806,-6.23423823087999,-6.05638595160395
-8.0875495285569,-8.44757732372543,-11.338938617219,-12.5955487703833,-12.3665736778223,-12.190040185731,-11.3644081076251,-10.4296277812025,-10.1641986835393,-9.7433949829599
-4.95498649098826,-3.20352818090385,-8.85983102286736,-10.0108756806282,-9.84235321714183,-9.64301957640444,-8.85912816393473,-8.10403510641622,-7.89721120754067,-7.75863568279031
-9.08140411831455,-9.58772622063321,-11.5371376659233,-12.8679944268534,-12.7138497691749,-12.4340844731365,-11.5141901702817,-10.6725304831723,-10.4674379109285,-10.2786047458121
-10.5052500906319,-14.8419888764093,-18.3659174820435,-20.8136730040335,-20.5345212332174,-20.1427453518176,-18.4274184935337,-16.5317446820792,-16.2323648009573,-16.0387980847853
-12.608884079882,-16.5213531349884,-19.3493098339149,-21.1699990245087,-20.902463871742,-20.5097557055903,-19.3122611628504,-18.2386264045456,-17.9266532628037,-17.7165428132399
-11.4007857472216,-10.2593860149854,-14.5685930230645,-16.3091070747346,-15.9726701903757,-15.6370392847637,-14.5067539888112,-13.617375931564,-13.4179846931115,-13.1886112496376
-9.22905242573325,-11.1185074246063,-19.1042213061634,-20.9163770704648,-20.6867407133373,-20.4033875787646,-19.3419226123569,-17.3525845657456,-16.9550381296335,-16.5697907413196
-11.4116099417421,-12.9261195606956,-14.8012279651323,-16.4645979914119,-16.2242219231538,-16.0083322120845,-14.9265058765633,-13.3951416916551,-13.0977298866785,-12.8891406507949
-6.75787738309859,-7.37034904387702,-16.2215045030792,-18.4387941574243,-18.1886837977154,-17.8697205667887,-16.4710601317278,-14.1520104295595,-13.7903633920219,-13.5508598641303
-13.2157188052414,-13.6876870860052,-12.2695575648564,-13.9375549808661,-13.7248175476837,-13.4322306052435,-12.3311124119222,-11.0112836214693,-10.6681652663375,-10.4236158929544
-6.92301313371123,-6.52233142110396,-7.68419915611369,-9.13085977601932,-8.9098163385182,-8.64510675147874,-7.65001802247776,-6.83711950279984,-6.59081627995618,-6.43347775749695
-7.7483035190092,-7.31396369025641,-14.5677955903959,-16.35051305846,-16.0692874073769,-15.773674415255,-14.5230475078669,-13.3817629198097,-13.1009386386188,-12.9104060737275
-9.57400175917395,-7.82508329519969,-13.4817507247528,-15.4193367303091,-15.1729661048677,-14.9274663524359,-13.5403129647355,-11.9086756941775,-11.5983461092754,-11.3406172083087
-4.12413790809633,-4.88657778778355,-9.4372978923785,-10.585474224837,-10.3580780368154,-10.2029675757445,-9.45465267413835,-8.68261760323778,-8.46564102241757,-8.23472003174511
-10.3839255110584,-10.8972519942934,-13.6362395251783,-15.3776488390084,-15.0654095997425,-14.7958167917781,-13.7620012426749,-12.2291745150798,-11.8605485384276,-11.630285486798
-12.354207019806,-12.8997922980209,-15.2782916012727,-17.0155361095769,-16.7500877721799,-16.4579666607412,-15.1777878326541,-14.2498254357175,-14.0150254294119,-13.818593319646
-11.57821347384,-15.7617052065461,-14.2321904414167,-16.754924884815,-16.5138336212176,-16.0897264129458,-14.2394017365184,-12.3372589310108,-11.9771004880036,-11.5733184280409
-7.41568176403735,-8.41461109618551,-13.5163084606744,-14.9028100711447,-14.6835083260057,-14.4521565443494,-13.5216090926018,-12.5572537922982,-12.2258473108699,-11.9913260199006
-8.11357898276611,-8.23029486003336,-13.7223752148367,-15.053146160232,-14.8184280771689,-14.5892591193687,-13.7253627183799,-12.8393003591424,-12.5832691727725,-12.3574054064886
-4.79937033181567,-5.13811893467284,-12.1881503671249,-14.2751854043355,-13.849973876461,-13.5031294257869,-12.2481014473779,-10.7528016552867,-10.3223994522568,-10.0806018155556
-11.6051573435475,-11.8149365918321,-12.5946850830324,-14.3424877942093,-14.1552539265454,-13.9680893838839,-12.8360586830125,-11.0265759512104,-10.7125066998153,-10.4844663363824
-9.95563643036774,-11.5825219806365,-15.4327362323935,-16.9424666688756,-16.7085555635153,-16.4605468553958,-15.3873317439712,-14.5080188477317,-14.2752238582255,-14.0730468172089
-11.1646041524797,-15.2114790831729,-17.196215559461,-19.0990300814598,-18.8485998143946,-18.5135070385159,-17.0665410790897,-16.1034859353948,-15.8216980145174,-15.6280134203172
-6.87016465857368,-6.84528359372241,-11.5428178841103,-13.5235228485738,-13.2841653600668,-13.0029174028839,-11.4231808018186,-10.3733877036845,-10.1262226074278,-9.87527605666143
-6.72654915497184,-6.65882676126115,-8.05182199220557,-9.93835077675538,-9.68081431028706,-9.37358017488732,-7.93993859919555,-6.87460026871119,-6.67124740789643,-6.47405826215159
-4.16853450270773,-5.27073095361769,-6.59526327998121,-7.98021782965478,-7.81340346684076,-7.55694626923451,-6.57866446444279,-5.64810463867047,-5.4066031587466,-5.30078967576168
-6.70379179076168,-8.44284640235553,-11.6484533111897,-13.2478575655986,-12.9903907369111,-12.7048142986962,-11.5910603799517,-10.7163492249345,-10.4446415970198,-10.2751229139641
-6.32443069996989,-5.60100314374915,-6.67300423279958,-7.8269196834087,-7.69915559411765,-7.48118606497043,-6.64972297644791,-5.87287325169287,-5.69636996486702,-5.539952444303
-6.53017478171348,-8.07383103047714,-15.9958861065837,-18.6427165124713,-18.462245224077,-18.1740325430964,-16.2620388524164,-13.4477052065618,-13.1455026434986,-12.8882587786584
-7.08192230906772,-6.89195844876741,-5.81557791679195,-6.88643746569302,-6.68309501070432,-6.48639262678712,-5.79735322661269,-5.14713177788918,-5.00776493854457,-4.85928962790277
-14.5795767726562,-16.6962923417806,-14.6636524766502,-16.551896269565,-16.4001515097903,-16.1770501050708,-14.9555339103944,-12.7372321521715,-12.4031246678049,-12.1916888070198
-8.66968017630959,-9.32798033653228,-14.0217354362309,-15.4284351185782,-15.2063708728406,-14.9790942917636,-14.1571130825574,-12.7272180473837,-12.4094356872636,-12.1946585748385
-6.6161033279433,-7.87895250672042,-19.7850460009499,-21.4176609555016,-21.130268876458,-20.8652760896289,-19.7413786297453,-18.701558726533,-18.4944632084502,-18.2762966138111
-4.96083032211836,-5.31819793932525,-15.812107533114,-17.1555385056047,-16.9307781758406,-16.6711249846029,-15.8346318789877,-14.8749879176543,-14.6350735918768,-14.4789476414474
-5.7281950944061,-5.67332677115473,-7.49515364102575,-8.87319964575973,-8.60685438775475,-8.36371286650814,-7.53203429374681,-6.59196583495005,-6.2144561386424,-6.07189047527173
-9.67341122069676,-11.1574564201699,-17.3305790180287,-19.2477331914641,-18.9565073402404,-18.6682860644099,-17.3076232984357,-16.0255516947715,-15.7099667817951,-15.509669394366
-5.26860213476943,-5.15229466792772,-9.38697068469974,-11.2158456101705,-10.9171801535005,-10.5578396523052,-9.43818319284597,-8.16261875186436,-7.82469106970548,-7.66795593677319
-5.44673336447635,-5.19698490530653,-6.30149319465098,-7.33923639693476,-7.1811907390651,-6.95273508580037,-6.28101729879416,-5.66668823378415,-5.4755639649967,-5.34195812397165
-10.0646428879297,-12.2661002344764,-21.2561464043754,-23.3963094030383,-23.2418607748251,-22.8950346692357,-21.3876186688008,-19.3503903304126,-19.026812276303,-18.6485317406534
-11.6553865135678,-13.1987097879888,-22.8452053892697,-25.1321300837587,-24.9101065553095,-24.592311425243,-22.905737140657,-20.86454674781,-20.4786705821017,-20.2261154102564
-9.50050692278755,-7.98848780285453,-7.83670098578671,-9.45611945023122,-9.2168074216885,-8.88235294345196,-7.83823479441959,-6.82513436026505,-6.55328770460875,-6.32203240801861
-4.78504554220283,-3.58565619180415,-12.6643595238068,-14.089618496061,-13.8589138211175,-13.5866990015343,-12.6700559980471,-11.7059121191569,-11.4094174810001,-11.2127092062583
-6.76417297524471,-6.34365979368703,-12.1822045249066,-13.3656120022034,-13.223361202455,-13.0202482013423,-12.1972300479148,-11.3644810178148,-11.093696473418,-10.9307094005874
-5.1307664958056,-6.51332588289163,-9.15639592034648,-11.6467848650979,-11.3709015327113,-10.9688152166685,-9.08935521926027,-7.4545194458674,-7.04924691581656,-6.73029902634057
-3.18576766413966,-2.49885260098635,-7.33698396365203,-8.97142912074498,-8.75407451956099,-8.58392586556795,-7.42946871106503,-5.97187997931726,-5.70027234861665,-5.5181124554725
-4.86532065633781,-5.08954679445285,-8.95619186425302,-10.6862342999924,-10.5819584749642,-10.3420121032382,-8.81071976215791,-7.64843028403441,-7.39979719606356,-7.22034790859606
-5.88827795258697,-5.49128036247176,-10.1463725286118,-11.6758625052664,-11.5068458767408,-11.2437532556928,-10.1485116846278,-9.02231055677587,-8.83254404942448,-8.66958849446959
-6.17430554913565,-8.89000703380895,-14.7486806996653,-16.3060884524572,-15.9847919259401,-15.7270607617094,-14.7598756848905,-13.706962985138,-13.4527102384917,-13.2238003278547
-7.43165154509338,-7.41499084917723,-14.4478903815851,-16.1600961468518,-15.9541559483114,-15.6628543275744,-14.5334447096243,-13.1097332170925,-12.8711636444702,-12.5247201065751
-4.39972154122594,-1.96784322161675,-13.6424412705436,-15.5410222749104,-15.3139444126991,-15.0483238676726,-13.8392333377911,-11.8001442123371,-11.3475007029641,-11.0562167358829
-5.93438011659571,-5.21171370415736,-13.232044904482,-15.537524069626,-15.0406115327404,-14.4898670673768,-13.210499441001,-11.9669181934096,-11.702789376748,-11.493396497073
-5.98436227355602,-8.75230477578841,-10.260058153928,-12.9099441995459,-12.6859028042692,-12.4475495029554,-10.2260631151867,-8.39104154872766,-8.21274390045014,-7.98698857677071
-9.22599918644974,-11.1456651846233,-11.0422317289206,-12.7737975975449,-12.5856683320286,-12.2642880613908,-11.1380399662169,-9.72426151062606,-9.45803361624164,-9.13362157751083
-8.88002572271804,-8.44412453527045,-9.75339904914841,-11.1063977028083,-10.8781975877306,-10.6264771772456,-9.75957333160311,-8.84364464397302,-8.55930189817766,-8.38681037847511
-11.1457223756189,-14.144382669237,-11.7511077520665,-14.1502681101548,-13.6861305673321,-13.2663780905315,-11.645353708546,-10.3654298452863,-10.1386919505102,-9.95516760206343
-7.10264638513401,-8.22515161027632,-17.6432926491832,-20.6449358923093,-20.4314675216704,-20.0592276601592,-17.3757367209379,-15.7784715009008,-15.4354732916158,-15.2638093740585
-4.57273950526149,-2.51018483026494,-5.03120121501722,-6.27026570731562,-6.08594048399912,-5.87338062562087,-4.99877342630448,-4.25720987957955,-4.07198155916978,-3.92294200048439
-1.69035364713371,-2.00378549357405,-5.28567925898162,-6.31045103359064,-6.10304798904103,-5.9242095112596,-5.25953288192164,-4.68249612948262,-4.53987576950259,-4.40854570106341
-4.32987931106045,-5.89985104002502,-10.5186698338409,-12.0998563138313,-11.9089680637903,-11.5582115603297,-10.5052512363187,-9.52485145070156,-9.19036121832409,-8.93145655952306
-8.29345985842989,-8.17393017410853,-14.152115069499,-15.8265603930248,-15.6214240367644,-15.2941185536983,-14.2527887608991,-12.8272831048962,-12.6266732063543,-12.4025960437883
-5.38612191270732,-4.95452044055956,-9.19868339124745,-10.5906271924601,-10.4293640994154,-10.17335267279,-9.18810708895633,-8.21672623598766,-7.94428364958253,-7.76047920866065
-12.845216907615,-13.8565871436565,-14.3330108928836,-15.7911553135589,-15.5305668056396,-15.2067426733969,-14.2891002672736,-13.4713844414925,-13.2864775535415,-13.100951499933
-8.21771764594664,-9.07808883491563,-7.889393919915,-9.19402643859163,-9.02437571084989,-8.77570354752497,-7.85323859799889,-7.05584782718787,-6.83643164827153,-6.66875408739628
-4.69697252478243,-4.08704048998827,-12.533983600748,-14.1546674797776,-13.9059504231035,-13.6544427316672,-12.436683521872,-11.5883678737254,-11.3569764305549,-11.1712656389312
-9.66626714936796,-12.163003687183,-17.1977613611662,-18.5696225715734,-18.3624490203908,-18.075764279716,-17.1872481730515,-16.3171468531906,-16.0493797382777,-15.8741865067129
-6.59545331265455,-5.11520240028461,-9.98331103603507,-11.1364413017426,-10.9647094823317,-10.7794384370285,-9.98281014750426,-9.19894337956642,-8.98167060216973,-8.8556589687011
-5.56857328242529,-5.72161664033333,-11.9930565410038,-14.0001636063403,-13.7240540911925,-13.4557873889224,-12.242105243923,-10.3107359728641,-10.0811402259504,-9.86151948963008
-4.96955515676864,-8.4511943678384,-9.28050198864826,-10.4718618652588,-10.295050448203,-10.0734992712403,-9.29400722456133,-8.48662873436514,-8.1785417396695,-7.91772300374838
-5.86452854390803,-8.03711418051417,-15.6087234226692,-16.8453632683975,-16.6686800938833,-16.3945617268288,-15.5889284422624,-14.8734208349398,-14.6376300605857,-14.4821779736988
-8.25309131735145,-8.87142438267791,-11.2682562384196,-13.3794814490986,-13.0282299449509,-12.6903332022209,-11.2466381988356,-9.67873884230435,-9.23929199699013,-8.95881041158415
-9.00256256005305,-10.6657256279069,-11.9338612060475,-13.6986183704544,-13.5067082401371,-13.2368176557916,-12.0662103983928,-10.415901814295,-9.63859395211927,-9.22495058240352
-5.87703543626251,-6.28738314781288,-16.6273353575491,-18.939556482101,-18.6961390004983,-18.2721665372048,-16.5175125030996,-15.1928955337775,-14.867168121232,-14.62290446155
-9.68581789129319,-12.2900696856233,-16.5344014541666,-17.6146683039771,-17.4509161057146,-17.2222188022479,-16.543447400831,-15.8093796428552,-15.6043810929792,-15.4705888497627
-11.4506186112714,-13.1512739673083,-18.2935089845187,-20.0745213778673,-19.7795602780411,-19.4411728213891,-18.3057227965016,-17.1014405399877,-16.830633782251,-16.6664953159082
-3.01790995907015,-2.97837071099936,-6.05479667146579,-7.15065308522508,-7.00897952556906,-6.81588395217172,-6.04966044601038,-5.32981209484579,-5.09709892329748,-5.00840181576124
-8.25067989676259,-8.54484619088104,-11.3636150127773,-12.7621297145417,-12.4777752970597,-12.2204317816282,-11.3267175414504,-10.5834243782992,-10.3849596099176,-10.2373546875974
-10.7055923532132,-11.7404093297827,-9.92151281037349,-11.3589096859933,-11.0920896881052,-10.835806574136,-9.8994096907908,-9.03758004018285,-8.76042351398443,-8.61810711433463
-12.5748577524976,-16.7862437880034,-22.5177838195213,-24.2936963277532,-24.1154554927158,-23.7544871061768,-22.4988957688688,-21.3271962545687,-21.0554796020723,-20.8016102940148
-4.60663728218669,-4.14217881585822,-6.28453905202819,-7.35728881842584,-7.1816646700188,-6.9535102153195,-6.25756810623363,-5.58920432930246,-5.41641461867669,-5.290960140396
-8.50845076274881,-9.51543366543521,-14.4208386810389,-16.3140159054279,-16.0948399937879,-15.8404748681888,-14.4028749935336,-13.0412473602273,-12.6986677828105,-12.5089130717538
-5.10055542093545,-5.27289900271091,-13.3998040235246,-15.9298063925112,-15.6643508955742,-15.3217804642091,-13.4516012398047,-11.3686977218929,-11.0382390879718,-10.7791845264734
-10.4788666506313,-15.8103990104409,-14.2700455546071,-16.385977580392,-16.0073546132877,-15.5776122132745,-14.2130847278803,-13.0921473056642,-12.8411585900096,-12.6055073197168
-5.34451225772884,-4.67902674958476,-8.2938106924376,-9.541208968456,-9.34538078125304,-9.17907685936448,-8.45041031244759,-6.94032344151841,-6.52722953955073,-6.32914236336205
-3.52656554978327,-2.10161821769356,-9.55867831014859,-10.9964306939142,-10.7159509392086,-10.505689888426,-9.58161891093745,-8.5373716448061,-8.26068826263875,-8.09989774284439
-5.79320933920658,-5.8455771883726,-14.7366581458616,-16.3707332721971,-16.151628748029,-15.8864539148735,-14.7214620630889,-13.6760984987865,-13.3529929259265,-13.0913696509909
-7.28651462185305,-9.73773727966029,-6.37467555929841,-7.95978211886748,-7.6324917645475,-7.2938927008356,-6.30804280732329,-5.58075431690859,-5.39619685326329,-5.22639926048745
-5.78384116047192,-5.91949148987612,-15.6959114702587,-17.5852639571107,-17.308676048647,-16.9451051524274,-15.5968852639281,-14.678732737189,-14.4960160354165,-14.3361870903493
-10.3612769714246,-9.99068020569445,-16.1754087681094,-17.8405077420439,-17.6438028693835,-17.2802541640964,-16.1817373091547,-15.0250294309174,-14.6884047334063,-14.3189937059757
-4.08776671334686,-3.14549191361592,-5.16518918986439,-6.53856331525044,-6.34254288271925,-6.10947614881656,-5.12627069817235,-4.3211669102454,-4.03918896287633,-3.85246861221243
-10.0559153132109,-11.3800470745318,-10.8059056021876,-13.4435720537871,-13.1296359953105,-12.6291391386261,-10.5244314247576,-9.57457398123074,-9.35537994310947,-9.12351879671814
-10.3920014261466,-11.639618606009,-9.76517294940912,-11.1300187838634,-10.897567672309,-10.6724489627273,-9.79931535253433,-8.76786329639841,-8.57633472271633,-8.39150426511936
-5.73999772683309,-4.97367275209641,-9.0624440210387,-10.6936421677463,-10.506618259904,-10.2335970871038,-9.04427796250718,-7.92971375862623,-7.69765681392388,-7.5573039781813
-6.94887044691584,-5.1225387908777,-8.22457100419036,-9.28981349906935,-9.08996496553228,-8.90516647708107,-8.21916355158662,-7.56814350785274,-7.32877781832272,-7.14160520236881
-6.90436949572293,-7.01657720699561,-13.5904324660928,-16.7859613191646,-16.4950759277359,-16.0239872985135,-13.1869779518698,-11.8798412818425,-11.5663315266504,-11.3743466394825
-6.88883607902526,-8.58043644361711,-6.70903322894232,-7.97952785046644,-7.81694471012215,-7.63069568356019,-6.77815004561412,-5.68819397893703,-5.42680454809124,-5.24770003804578
-8.92937581417869,-8.40527031333814,-12.0610353172272,-13.2402774921229,-13.1115346972702,-12.889263811675,-12.0731349590751,-11.2300561485335,-10.9654708168081,-10.7651755651524
-7.80192898699524,-7.00762420064156,-15.2547476949754,-17.0621045405788,-16.8978283128722,-16.6579698592909,-15.1796991916336,-13.8681448436902,-13.5964376505608,-13.3256589695322
-10.58142028566,-11.6766387771615,-18.7971513827817,-20.1356571733289,-19.9935595691789,-19.8003387672701,-18.7806368515673,-17.8621060859668,-17.6122203488764,-17.368524724747
-6.83152538418804,-8.76356111757077,-10.391463473603,-12.2117645389746,-11.9527412865724,-11.6676812075266,-10.4730938878376,-8.94095921986862,-8.56902176201723,-8.29083552387898
-6.09836414222115,-5.02850088993407,-15.5472314233258,-17.2958751779598,-17.0663788314598,-16.7632785357067,-15.702017716864,-14.0717999367719,-13.7774722306052,-13.5449300984208
-6.49713861925455,-8.81354053126299,-10.7207672569926,-11.7939853402926,-11.6601630336936,-11.4599397799252,-10.7401587342266,-9.95305380749185,-9.73622098828834,-9.51868860521569
-3.72840565630927,-3.40610871261946,-13.5792790327053,-15.3710253456085,-15.1391377372069,-14.9188524618973,-13.5414404031213,-12.3561028062749,-12.0774389583115,-11.9338825270581
-5.832758314372,-6.27685218376188,-8.76260866733907,-9.99523229284091,-9.87239340898275,-9.62074361300454,-8.75717419149137,-7.93275488402539,-7.70918577676443,-7.53051679792199
-7.54700763024787,-9.64630572927494,-9.99900526845571,-11.4446639159431,-11.2319995491277,-10.9703387738868,-9.95271581260869,-9.12224785940503,-8.85653264660014,-8.64179793366834
-11.4309133466,-12.3105579780005,-18.1995752785858,-20.8055783332031,-20.6015213094371,-20.291312146253,-18.3681411055033,-15.7596533510277,-15.2864306905787,-15.036829929645
-11.9797665060976,-12.0766960487325,-16.2485740454239,-18.8169660198395,-18.6010269781348,-18.3444942648845,-16.5141608125697,-14.2355496252574,-13.9144771593803,-13.6523814292509
-9.32198845299651,-8.94617384241698,-14.1665446936947,-15.8662952358053,-15.679392589241,-15.4178819099672,-14.1019131985495,-13.027472693717,-12.8019676451683,-12.6243859980731
-5.59927107130676,-6.70986952523726,-9.06742843135128,-10.624063155843,-10.4197855421313,-10.2052477150813,-9.21353744958704,-7.61970109895083,-7.3637620316908,-7.14396410738523
-7.92495494300029,-7.56085839371754,-12.0024424180438,-13.5726363816446,-13.3817299086432,-13.129105242208,-12.0529912396895,-10.6760003596463,-10.4066365246143,-10.1835604174168
-5.43987987584153,-5.12994480947472,-10.7428253969498,-11.9816078170624,-11.7812598011007,-11.6030322967571,-10.7735725129243,-9.86690152484482,-9.44240998423941,-9.17033249615603
-9.06658648767547,-8.43547765132242,-11.3696067157293,-12.7958130123311,-12.5570137607736,-12.3582046275556,-11.4076000100649,-10.3297957505612,-9.94436693225444,-9.59532351019849
-8.43871632192315,-7.6924063983034,-9.66613878431774,-11.2219586002474,-10.9958638114191,-10.6208066786844,-9.60928171645328,-8.72432228332691,-8.54703147785792,-8.38813807066429
-2.07757528726088,-2.6860246713152,-6.71744497462565,-7.79128338529326,-7.65869651428139,-7.51137086319721,-6.78925168976234,-5.7978086367257,-5.48625267514379,-5.23711776295519
-3.77699937307725,-6.84968881460504,-7.15998670706736,-8.56774227137578,-8.35012557576882,-8.15223950442519,-7.18439969260398,-6.13803690559581,-5.81587863578021,-5.56601635622955
-9.41199758943383,-8.07678461047435,-7.42411008791779,-8.77846242516747,-8.62900656869038,-8.39645659486349,-7.39969530587006,-6.50209905721237,-6.27635028347482,-6.08398148924114
-9.33732237343817,-10.6653930304513,-15.5222059840752,-17.5525634249786,-17.3327444516962,-17.0558079170272,-15.5911172852448,-13.963769776255,-13.6840302602689,-13.4376223620672
-5.83493874659068,-5.09955597801385,-16.2894269104389,-18.409667696521,-18.1515988031111,-17.8032685845584,-16.2846540296537,-14.7215709371005,-14.4044053969565,-14.2148437720825
-6.67437185410649,-5.92235853977439,-17.806899421079,-19.4313262422554,-19.2112669367698,-18.9713455563201,-17.8169698814583,-16.6866302046832,-16.4574440403657,-16.213504200858
-10.0167063660186,-15.5264855839141,-12.7919498361185,-14.4527719107286,-14.1630631544716,-13.8877059226881,-12.7919269334089,-11.7201527968661,-11.3969957785587,-11.1885635597276
-7.52244356087516,-8.37798933150926,-10.3272210369827,-12.0722478002701,-11.7788986380399,-11.3887303716143,-10.3263422880071,-9.25132737953055,-8.97717374890174,-8.66307322508426
-6.91695190685174,-9.18682146312082,-14.5366840396513,-15.9729612813536,-15.7568919378155,-15.4373025295721,-14.541092962044,-13.6068522423167,-13.3612696900195,-13.1842176746224
-7.87961446325208,-8.91562456275242,-13.1029083281761,-14.608291035019,-14.40534901169,-14.1736447721302,-13.2003011785346,-11.8348351303391,-11.498969390099,-11.1308615917844
-14.0668978992231,-19.1012415165128,-24.0130733727982,-25.9323923253628,-25.6924981903067,-25.4637846960695,-24.4153851084621,-21.6629648816462,-21.1640382703856,-20.9538921447484
-8.03281537314469,-9.9059232885718,-15.2029231354235,-17.1171696988881,-16.8524301667492,-16.5260603167974,-15.1494750817898,-13.9587184556082,-13.6677661581734,-13.4485566401482
-10.1812705279337,-13.0253148129612,-14.8696049074551,-16.7425504220227,-16.5528313656288,-16.1896414335448,-14.7680359746511,-13.7082298647932,-13.4637565645383,-13.2735108901573
-7.28249746015352,-7.39197515826064,-10.0660382249231,-11.3172831467262,-11.0971419882385,-10.9161036538205,-10.0490984382871,-9.25555043122722,-9.02234545715626,-8.80706919961232
-11.4245209660023,-13.053714681795,-18.1696600512517,-21.0958237929665,-20.809079825307,-20.5146224942802,-17.9387360112981,-15.9122401085433,-15.4345549939012,-15.1125341881096
-8.54057186056423,-10.4455570602437,-13.8506127656666,-16.6975456148425,-16.4189915571353,-16.0924759572255,-13.9818833076492,-11.2556097204055,-10.6686161276808,-10.4195142280044
-7.72292399688217,-5.29688240928576,-11.4023902592954,-12.9710984715244,-12.781360833284,-12.5145631268787,-11.3319615076074,-10.3735315090127,-10.0719007788471,-9.80639367202098
-7.6203382702027,-8.95476741890593,-17.6431846972672,-18.8959169644544,-18.7087520903959,-18.5110251618598,-17.6316280945798,-16.7914357438552,-16.5184717092156,-16.2685149821644
-8.19978247642089,-10.4863535315292,-14.1150566090691,-15.7286173800012,-15.3518528097063,-15.1044703173254,-14.1071788936605,-13.1906456952504,-12.8921406931518,-12.6422084101792
-4.9599936333334,-3.42198064947554,-19.0217062355664,-20.8172303470145,-20.6700050221652,-20.4368840999116,-19.354412117861,-16.8341255692849,-16.4374758026434,-16.2056929304823
-8.03965103068311,-6.31426872681666,-11.9887440076565,-13.7464151888948,-13.5670793656416,-13.2813627837294,-12.0207009476233,-10.6894495936991,-10.0914972186103,-9.76589091261371
-6.61316803645573,-8.00389312074907,-6.67276974293163,-8.45712588893807,-8.18389024230851,-7.52724798414241,-6.61012865446731,-5.88795693532481,-5.68679716148103,-5.51999977000807
-12.5165883527566,-15.3419326850536,-18.4730864660564,-20.1474500762734,-19.9487636017273,-19.6258662035371,-18.4425494820968,-17.3607091832826,-17.1352248024054,-16.9900836900459
-2.88942313950459,-2.91753102564456,-9.98583811176826,-11.9818116987204,-11.7756874146434,-11.4019976027378,-9.87383752274381,-8.71770976343806,-8.39904168612015,-8.21661116521981
-10.7933447514006,-10.3597370382693,-15.5939085600199,-17.1424216139413,-16.8928503877674,-16.6592852478747,-15.6983273919722,-14.2992102973611,-13.8764794866331,-13.6054157534467
-5.7200003074732,-3.73420626751567,-6.71359065525743,-8.71975701630468,-8.49062158664679,-8.15758219982904,-6.55383087400561,-5.60053882140099,-5.35541773812326,-5.13552587227844
-11.796810648862,-12.1919831363206,-12.194360104555,-13.8335538996814,-13.4939997835692,-13.2030269489469,-12.203242883815,-11.0718604794876,-10.8268652826518,-10.5826263541406
-5.70279895079393,-4.57126136050571,-11.7387438759535,-13.5087513595859,-13.2365601648376,-12.9271034108698,-11.6971043330283,-10.6076334065245,-10.3240309723147,-10.1265538955202
-7.65337465983878,-6.93438212254935,-12.3612357856465,-14.2666468090676,-14.0212502160124,-13.7380287215886,-12.4106181177797,-10.8478459054178,-10.5853760505501,-10.4036061870069
-8.21262807878453,-8.87368285849212,-11.4365263575866,-13.0740243093916,-12.7501170853228,-12.4713676043641,-11.5193199197283,-10.2180438699359,-9.74605124893469,-9.5347215625682
-14.6325959275315,-19.6500470230523,-15.470536356347,-17.3548078298615,-17.0677228878284,-16.7356178686141,-15.480050851132,-14.1487238636502,-13.7877531921341,-13.429947232264
-10.3901480171367,-11.9328601829653,-17.4319380622985,-20.3092512825166,-19.9263672645503,-19.5521361283953,-17.4770448212107,-15.3551691728388,-14.9247866393307,-14.6792478186972
-9.87791113845893,-12.7594672346117,-17.1058223794639,-19.937303240463,-19.6477910095261,-19.3166669236188,-16.668479696797,-15.3368806664546,-15.1330646924824,-14.9170184947025
-7.62613794475167,-7.62621533267308,-14.0648368297438,-15.4052938120127,-15.1811895436875,-14.9470712100261,-14.0977800057334,-13.1040709546706,-12.8437224671336,-12.6679914126639
-5.39484164573597,-3.78705020938429,-6.94493104577091,-8.4535413538344,-8.28756190996718,-8.070346057982,-6.99293113992055,-5.7383175824434,-5.51730537095365,-5.30907424353248
-5.01307257223287,-6.691672615528,-21.0096214167451,-22.3178470404215,-22.1300051821936,-21.9433961785292,-21.0785761803797,-19.9507581983086,-19.6074366391826,-19.2802281994535
-9.81859487793725,-9.9149669018301,-20.8301862318929,-22.7071000479489,-22.473691953687,-22.2295608432575,-20.8783883886765,-19.4109324011948,-19.0918155417568,-18.9073192256393
-3.07648415183958,-0.252356047343664,-4.1263679492204,-5.08984196438854,-4.95870261162354,-4.81577838948316,-4.15620424411903,-3.36728333684207,-3.21615635076705,-3.11444245253917
-9.27048738110741,-9.36485587530572,-11.4314930629711,-12.8926143678488,-12.6656869791064,-12.4263674694561,-11.5029616524098,-10.3493455279023,-10.0853108001949,-9.82982536855085
-3.7266526374112,-3.19463065128157,-7.44805884506968,-8.99606671728784,-8.74500594668196,-8.53713623658901,-7.53471171660277,-6.16262366829364,-5.89060820909311,-5.67731227135824
-8.56791238388323,-10.3980215833123,-10.000406632014,-11.4049627672673,-11.2098011890748,-10.9476946009748,-10.0020843300078,-9.05886090336415,-8.84457201095597,-8.69686379012575
-9.85392184556413,-13.3736884847235,-19.1874033287488,-20.5537043684439,-20.3605883768779,-20.0695147459853,-19.1671456596955,-18.2944397422732,-18.0427857000471,-17.883716215176
-11.3757681608573,-12.9314431353255,-19.3813266534677,-20.7644274977916,-20.5587612311265,-20.2715543015789,-19.3828661680386,-18.4257224660171,-18.2389698679837,-18.0756412885868
-9.65204396832905,-12.775900074443,-13.7245148427277,-15.2394571564575,-14.9511290078584,-14.668696747087,-13.6979956447877,-12.7728424595221,-12.5495154072186,-12.2975612534649
-6.73658418570789,-6.29106939405565,-14.9063574201919,-16.1825169328228,-15.959073383181,-15.7173068542406,-14.9299465469153,-14.0602805583738,-13.8352098825914,-13.6038391049811
-5.05676271955098,-3.37752754844852,-9.67982882675937,-10.8064566263079,-10.6569081048372,-10.4997991042035,-9.68008315295543,-8.88281688142603,-8.64083853779429,-8.4556002789029
-12.2714923012746,-14.4469191423126,-16.4102799576952,-18.3523766514273,-18.0609221378476,-17.6275687571855,-16.3420232062827,-15.3384265732728,-15.0030444514991,-14.7915325194534
-12.6775588545054,-15.5256734536704,-18.3730618168973,-20.5261496727618,-20.2846176929575,-20.0033332208946,-18.3922901953549,-16.7547630672011,-16.4519469512535,-16.2898955292442
-7.77907229233401,-8.22756983886507,-8.69587311020106,-9.92656496423174,-9.78239159799361,-9.56616505987456,-8.69047456837356,-7.88305171754091,-7.64158524287825,-7.41122340809598
-9.43743412778176,-9.64954115229293,-21.9139065186751,-23.7988754737471,-23.5406697727861,-23.2654367427049,-22.0679305381349,-20.2485159906843,-19.7950285889349,-19.4920636178899
-3.09699469571571,-2.97530362097071,-6.28754399917576,-8.1249697216817,-7.85001330912243,-7.5304648667216,-6.25435075160122,-5.08891776056897,-4.77583889584967,-4.52263091566604
-8.41073324962172,-8.85964418088823,-14.1988315427002,-15.5396234169271,-15.3548794299894,-15.1592859945662,-14.2391029609969,-13.156037723634,-12.9114797705447,-12.7387358931775
-9.3444158015612,-12.4635839719563,-14.1234830933974,-15.8223691463242,-15.5998964104894,-15.3196632325879,-14.239394406623,-12.7693397183305,-12.3883278153032,-12.0733419421181
-7.41494824763716,-7.4245040732248,-12.7335868026132,-14.3991329047567,-14.1465977413207,-13.9228073466329,-12.7310477871101,-11.5815814480859,-11.2423691471187,-10.9716923164564
-12.0488987834502,-15.1474704070793,-20.7923415560821,-22.2006179220128,-22.0223987477825,-21.8010663889727,-20.8310380139592,-19.7937093146593,-19.4753317175507,-19.2200334113397
-3.86463814657034,-3.25379296319758,-12.2704906882055,-14.7343772956415,-14.5119190181231,-14.1664051802949,-12.3346725125217,-10.3233046555373,-10.0762682107711,-9.86941762897128
-6.82549515834905,-4.7631864186215,-12.054676898404,-13.3918329895601,-13.2019306824657,-12.9901080580216,-12.0364999756152,-11.1625511844374,-10.9562578155199,-10.7790674842108
-9.84019489059465,-6.89053235071756,-12.9682996796978,-14.1429266817519,-13.9975819308171,-13.8350849786946,-12.956382361451,-12.1191068829304,-11.9440205022387,-11.74823007011
-4.64754733242968,-7.31374897591513,-8.36777962243929,-10.264985188579,-10.047786843927,-9.77444124490351,-8.50272849528662,-6.86781526129967,-6.64460376182167,-6.52782585732217
-7.52232795823973,-9.03204227995449,-15.2852141444181,-17.710667929982,-17.3577929638426,-16.9989375396301,-15.1650964964079,-13.8241474111913,-13.607900584884,-13.3898282069871
-5.4615799306274,-6.88429132472812,-9.85664808166763,-11.1640554699898,-10.9323975447184,-10.7027307776773,-9.83186459574823,-9.06100711926521,-8.83670525751736,-8.65532231900753
-8.90949318387535,-11.1237294447067,-20.1491238034082,-22.0082132267954,-21.7229962197786,-21.4142458365239,-20.1613023083543,-18.8487094388916,-18.5851527017354,-18.3716781135736
-3.78975286969546,-5.22312885740631,-12.0915477011233,-13.7338973721186,-13.4788622406271,-13.1119818588014,-12.1167216897748,-11.0227507377256,-10.8212430610061,-10.610533310294
-6.51415636441834,-7.40595715991856,-10.3252963252292,-12.8408087247723,-12.6229867620113,-12.3941818911513,-10.3278901838712,-8.44186270202963,-8.19033711378872,-7.9887433461264
-8.5756769336791,-11.0299249673507,-10.1352849460716,-11.7836376648987,-11.5387018297827,-11.2330538242262,-10.1336230531626,-9.01951652629958,-8.80410954589359,-8.64723084099174
-10.6289630241245,-9.87799261755351,-14.7388507873508,-17.2744116099307,-16.9109011539669,-16.5311001577243,-14.6087768822863,-13.2819207975311,-12.8988370968774,-12.6904003146967
-6.65127169451889,-6.88192856246847,-7.3159806817326,-8.7624722153481,-8.5927154817037,-8.36827443021376,-7.42129627885468,-6.11916599916865,-5.85344048319754,-5.69580296302203
-7.55226874914112,-7.11830758533674,-13.2926869721208,-15.2386291786591,-14.9896468716677,-14.7160422098175,-13.2511070104912,-11.9758599884276,-11.7808635387507,-11.5661413695754
-3.98509462864818,-3.67059181655878,-10.0333843870278,-12.696005307892,-12.4325960740979,-12.0042668734102,-10.1542484333963,-7.80928189261717,-7.43636647847887,-7.21526802631913
-9.28143429697478,-10.549791403872,-12.0551619949495,-13.5846512473896,-13.3814959292656,-13.1805418138264,-12.1710707680518,-10.6963023513749,-10.2705129726102,-9.97403659399065
-7.25002618043432,-9.03099181027114,-14.8179838139871,-16.1764179716617,-15.8985202617427,-15.6637447079214,-14.8801829376404,-13.8941092864767,-13.5491872291126,-13.3405043103509
-8.79994232871967,-11.5018194003452,-19.7938287347975,-21.4460653558315,-21.2202336138866,-21.0453863675329,-19.9596960928142,-18.1740215331906,-17.5533600951821,-17.2792051332219
-5.41333579243466,-4.45710252681334,-11.1640063373117,-12.8736828330575,-12.6973440490097,-12.4133676305893,-11.3311797613054,-9.61198424828175,-9.22185212696217,-8.9466473644848
-8.44169917053869,-11.754380112726,-11.6422198563367,-12.7843590068603,-12.652503956376,-12.4226867104088,-11.6433028702151,-10.8488886268395,-10.6076208928958,-10.4403505827427
-4.12416682086012,-4.06351515650106,-5.96092373444479,-7.34945642623258,-7.13933439691603,-6.87188211260842,-5.95599423051016,-5.03096815362563,-4.80192385610134,-4.64103772961608
-6.5157250283385,-6.08482789835524,-13.0621558434912,-14.8212649496728,-14.5722259064504,-14.3013562244477,-13.0220951507716,-11.8618164934945,-11.6311997861197,-11.3276825428383
-9.29658699190547,-7.52652782978225,-10.2017441607506,-12.3217990473875,-12.0887596981068,-11.7372491107088,-10.0532968439317,-9.06099166171814,-8.79541082477153,-8.6105061393325
-10.5129887053993,-12.6061104303994,-16.9448361185114,-18.1703164523981,-17.9615991293661,-17.7186442178834,-16.9385011519524,-16.1579865648968,-15.9555473655877,-15.7915367657812
-7.99952358769492,-6.4324645691416,-12.1292095217724,-13.7396338234583,-13.5065290666433,-13.1927308898905,-12.1525074606861,-11.071579482755,-10.785763595621,-10.6085110067313
-8.55220661962784,-9.60824608506368,-13.6057144103824,-15.6826787236609,-15.4390395899154,-15.0826773749546,-13.6438446424462,-12.0537969091723,-11.7183858782601,-11.5320850175004
-6.16535625207004,-7.14884381384377,-11.6796519302989,-13.7185383314056,-13.4899363022941,-13.2279618839663,-11.5637903684022,-10.3119428614134,-10.0347737111066,-9.8248773899369
-9.32819588764644,-13.5403871534197,-17.0732049590418,-18.8947306981111,-18.711684970397,-18.4846695956588,-17.2665286098851,-15.4684810648404,-15.24567702691,-14.9808288996112
-4.42824857292483,-4.28025767061134,-14.1572665449698,-16.4448310245405,-16.1712131763485,-15.9037862789172,-14.0972265913973,-12.466227444346,-12.2727896402651,-12.0440704914599
-7.99317076034026,-9.78215726766716,-11.5500863536156,-13.3122981278488,-13.1219194006847,-12.8712737301847,-11.6028321596966,-10.0689155985147,-9.77225185199282,-9.55626066594375
-5.64720604105624,-5.84081460129643,-6.31084419874243,-7.59827826632921,-7.42480250742117,-7.19830644223046,-6.42048588521321,-5.13593529175694,-4.77799646330859,-4.58048857590832
-4.09166799460716,-3.26680484501426,-12.9678483006367,-15.1912229379725,-14.8872666379121,-14.4689202692106,-13.1974040726674,-11.1893896854967,-10.8913443464553,-10.7086013381667
-5.34365359990032,-4.71885785129948,-7.82131581755959,-9.11421740909917,-8.98420581923753,-8.78557276526575,-7.9557569232435,-6.54639593392903,-5.85022291759897,-5.4703240919657
-7.57428703645858,-6.26566283679692,-11.5229599926133,-13.469977543663,-13.107652502398,-12.6752982754975,-11.447317654774,-10.4441418961027,-10.2245134824221,-9.99795951655547
-7.61498507327332,-5.70026653530227,-14.7255704982999,-16.3582655752389,-16.1716040688204,-15.7807108725576,-14.6695825186214,-13.7954775101159,-13.557503482103,-13.3349374541889
-8.08370961974573,-8.51227638163533,-12.0734929024462,-13.7018084765803,-13.4868361215352,-13.2169382223228,-12.0499178901632,-11.0317948899285,-10.6381552522903,-10.3750924655668
-7.09511419527784,-6.21158033242382,-9.2974786771403,-11.7629707380303,-11.3364397964286,-11.0230581893084,-9.3646651360506,-7.49145807386595,-7.2477705438099,-7.12634218679379
-5.48324154022021,-4.56699525921081,-8.4753073381089,-11.2153961293537,-10.9394129840588,-10.632430251975,-7.89600062228592,-6.9228338613541,-6.69700156760602,-6.56550379326947
-11.695142195945,-14.368097546767,-17.0829061541781,-19.1910176318357,-18.8789264964339,-18.5909410425588,-16.9906928261187,-15.6039370869596,-15.3338633224224,-15.1178112288111
-7.61905090669714,-9.22826337065321,-10.8835722422418,-12.1873890527407,-12.047278078807,-11.8573883803482,-10.9686638288179,-9.80337985101326,-9.33121630367097,-8.96015117843114
-9.89759095616007,-9.47484636888448,-19.1169245898512,-21.2156745879846,-21.0461235397118,-20.6330094949238,-19.1417823501444,-17.5469190614402,-17.1879636573852,-16.9399690594692
-9.4358267013818,-7.41905359930681,-16.0404895869351,-17.5652725533505,-17.3144367812516,-17.0411514994817,-16.0130936584286,-15.0400655234983,-14.8098303638402,-14.54020332575
-7.30970317154484,-9.29527283767808,-19.8885657795135,-22.6946861239961,-22.3976694705277,-22.1806552157872,-20.116293970655,-17.1574747163382,-16.5781455732676,-16.2645850366547
-8.93294069622286,-6.94180064749458,-16.4434618646611,-18.9062142616844,-18.6821522509863,-18.3232618648261,-16.664063585064,-14.3890649583056,-14.0660909579378,-13.907497527122
-6.45233966996676,-4.67981822467931,-7.02804310253418,-8.96022932203658,-8.80888789773796,-8.52644923237021,-6.77078077596874,-5.86137166359687,-5.65886297706191,-5.50405808072269
-7.01556121055176,-7.53780444421299,-10.8502634988167,-13.1973207413261,-12.8585459286398,-12.528667454743,-10.8478557110727,-9.28843945474654,-8.90016839246633,-8.59456785077688
-8.37664136091763,-8.95193358572554,-11.8109890304427,-13.2331042967131,-12.9778398648381,-12.7562802172936,-11.8227722655616,-10.8294402186244,-10.6109715390451,-10.4076238841357
-3.1754820629205,-3.23071550198779,-4.497830163095,-5.5781330571553,-5.47963254261443,-5.26172844367669,-4.45185100740905,-3.83785542864931,-3.67803184432347,-3.59797791592203
-9.73317885511785,-11.8866151472473,-21.6648411120326,-23.6248958654842,-23.3520863706732,-23.0624680382684,-21.8211568649116,-19.8507284260445,-19.4127755723932,-19.1369971510979
-4.75395773584569,-4.1798431428944,-11.8142522133089,-13.5103347409666,-13.3138765509192,-13.0387967153942,-11.8059953897598,-10.5845310403282,-10.2791730164022,-10.07872353532
-8.84518100458649,-9.42093188196176,-14.7891230633032,-17.3030700418788,-17.009106736314,-16.7203500987447,-14.9134715528831,-12.8263224154572,-12.5409254367699,-12.2487311764819
-7.15772474090711,-7.60033112542967,-12.0563655137964,-13.3658788210266,-13.2510667129839,-12.9978547283759,-12.0571120989071,-11.1356025110497,-10.8925640357314,-10.7636027065743
-5.22670283836706,-4.95735774212627,-7.8645123683358,-9.33864376822386,-9.18751613309442,-8.92326412802268,-7.93878577221947,-6.64196843823647,-6.41170477447213,-6.16652907982637
-6.93910715804505,-7.61671494829042,-9.19913925273387,-11.7073155938528,-11.4288148639303,-10.9713812488692,-9.22397213723087,-7.45945114020194,-7.21253930755491,-7.04014121868416
-8.00494208035987,-10.7159923711073,-17.7072018896482,-19.5471096449443,-19.2842254980948,-18.9424434960851,-17.8273225799223,-16.1372181235385,-15.7038340867226,-15.4601869388526
-3.72783153725652,-4.25016743701418,-12.4251324946159,-13.7160144622446,-13.5298268391101,-13.26581351238,-12.4518308236093,-11.5321524763742,-11.3053139905886,-11.0767744259463
-11.3236843976929,-15.0871144836722,-16.2234663107192,-18.1040732996447,-17.9217024885277,-17.5913837760468,-16.1321840550319,-14.9989808871166,-14.743762152138,-14.4642287429962
-7.41197261804987,-10.7391124087093,-11.9077668255579,-14.0583762649578,-13.7993834723082,-13.4010818923011,-11.7039302894363,-10.8163573388198,-10.5486401072732,-10.3625926155578
-8.80262473411208,-5.6935145451085,-9.55483763785893,-10.842146677422,-10.6604416318458,-10.3825214161443,-9.58295456202525,-8.68238042462201,-8.40399908739346,-8.18176322827631
-10.7078870144276,-12.9035134037847,-16.0859868598362,-17.4327966859692,-17.2290968777773,-16.952618921152,-16.0693162835662,-15.2829918495874,-14.995860872929,-14.8398951114842
-8.6805202161558,-6.7325083532805,-16.8194436915566,-18.5081521045578,-18.2392095608459,-17.9740779986961,-16.8628749653952,-15.4890743570336,-15.2123467699593,-14.9464897291321
-8.59321153922888,-9.70826873319486,-13.2948377942267,-14.8683408883378,-14.514457246207,-14.1933495258052,-13.2136582706007,-12.5015240916208,-12.3475042535661,-12.1750047649474
-9.52738332918413,-10.3399356585839,-18.1918067260141,-20.0233018579351,-19.8565006768005,-19.5144858413457,-18.2508349984999,-16.739343842029,-16.3680083272375,-16.1890259336334
-6.6655231579316,-7.48985208698287,-18.3498377072745,-19.6590278128871,-19.4864658182334,-19.2479444022479,-18.3247829789003,-17.4970591439857,-17.294773473465,-17.1171901097242
-12.5661967163982,-14.6956289378731,-18.0097167339544,-19.66162406071,-19.3780689862788,-19.0807984488339,-18.0890673729137,-16.8142598913403,-16.529010090357,-16.3159551014178
-7.81977015657808,-8.5427364163264,-17.7276495471961,-19.1239824296706,-18.9340426976989,-18.6789323331563,-17.7566370726187,-16.6871118903162,-16.4330341381674,-16.1859868284836
-9.02425591434586,-8.5709750229527,-10.8513000605335,-12.4330824697243,-12.2807351052436,-11.9917141868632,-10.8930088360853,-9.61088734148482,-9.29810819103655,-9.0187518639999
-8.90373945850857,-8.70917926955419,-9.9716426201293,-11.1656980807497,-10.9674836498892,-10.7440213022024,-9.97120234141344,-9.21887568799053,-8.99728548441916,-8.82469351395313
-6.02046414345671,-7.3543439823949,-12.898714282351,-14.2185666333117,-13.9827181687622,-13.7184370034697,-12.8897299400914,-12.042664123361,-11.7843990232173,-11.6197830395215
-7.96256434623812,-8.48390658945192,-11.2461711227209,-12.8963511888331,-12.6267597819365,-12.3360253342923,-11.2025442503193,-10.2244005735367,-9.95863671113264,-9.79214950068446
-10.2209901384987,-13.9779951935559,-15.5472751162961,-17.034289714621,-16.7667238643293,-16.5168240431673,-15.5262117670185,-14.604077179786,-14.3928625947317,-14.2091046794471
-5.99184718774251,-4.51099620079046,-14.0221208453202,-15.3837633924637,-15.216065385147,-14.932078996477,-14.0628028898774,-13.0744863776365,-12.8545665635898,-12.5574348563843
-6.1149649057595,-7.75792222752099,-8.04100309062053,-9.18347914429075,-8.97254334205894,-8.7974441764334,-8.05969435608113,-7.23112247684745,-6.9913212170465,-6.81521903306301
-5.89577132947148,-5.76518188285786,-11.3408306495708,-13.0056589145865,-12.8075894614238,-12.4952744137357,-11.2919099958911,-10.2079004457607,-9.93231173524388,-9.8113428765312
-9.3830517450386,-9.38776293105148,-11.5843319223895,-13.213227171693,-12.9676403362087,-12.6777686870886,-11.6479562472941,-10.3020846686548,-9.8757158748849,-9.58041248343672
-6.05122839992894,-4.93531747205884,-7.44811334496007,-8.82512659420964,-8.68378261771584,-8.4533988810246,-7.50003157240137,-6.40502449466211,-6.20901998503174,-6.01017980272828
-10.1263478757821,-10.9104985295152,-13.8955412222456,-15.5004977152429,-15.3061740785237,-14.9783717505883,-13.9605226684018,-12.6889872977406,-12.2918531645561,-12.0146588672373
-13.9913941948362,-19.1072107194737,-26.6693760222084,-28.6639676882618,-28.4711842361896,-28.192414038564,-26.6822335352863,-25.1310600342441,-24.8741973566251,-24.5810496302513
-10.3155135214635,-13.0309871057371,-17.7715674423761,-20.3637400554664,-20.0472521811573,-19.7624848063431,-17.8484278817612,-15.5855097398999,-15.2342058513278,-14.8488635300487
-8.98857869473376,-7.27705353396082,-10.2880978387532,-11.6997202842032,-11.4923101296438,-11.2663894850487,-10.2774781585318,-9.34746837147033,-9.04101170573334,-8.75271554554964
-6.19225456515191,-6.85135072387808,-10.8827558064032,-13.1281158602254,-12.7805341954944,-12.4133891098593,-10.6755983057769,-9.80578816303075,-9.60342583165725,-9.35332295999895
-10.6220041206024,-12.745573552238,-19.7659891396541,-22.488787760899,-22.1561361017447,-21.8977021500881,-20.3881499673415,-17.1819080460539,-16.8056546781171,-16.5399074829289
-7.91843172058357,-11.419372666919,-17.2717925338038,-19.450396682649,-19.2189637210501,-18.9353410426082,-17.4544696147253,-15.5651420055254,-15.2261609854237,-14.8164855258335
-8.34007768907544,-10.190486647937,-9.52766879157365,-10.8211387785031,-10.6251848832913,-10.3898354846355,-9.54399293295871,-8.6238192110881,-8.36376394012838,-8.17018804316416
-11.2146051004412,-14.2404888757505,-15.6950558818025,-17.5542796508427,-17.4022337532468,-17.1051765307367,-15.7984844494353,-14.0735496100869,-13.7525804857012,-13.5298059292847
-4.07464302336724,-4.51780129438018,-11.0496948791646,-12.7120735350648,-12.4885851240009,-12.1387723467621,-10.9729004233302,-9.99001212111755,-9.813352816972,-9.62881280797405
-11.0918254362706,-11.3842305050353,-11.0177614597961,-12.8331739008373,-12.6112253877787,-12.2254321927928,-10.952699651024,-9.99013366385621,-9.81261372034723,-9.58512064976781
-6.82449004090975,-7.34017101832911,-12.4873864324361,-13.9995235205474,-13.7984571818845,-13.5630826644599,-12.5133416842064,-11.4059839903851,-11.0063487507516,-10.6767686870843
-9.52363975633316,-10.8482800599864,-14.5535498972917,-15.9447895320709,-15.7288812936513,-15.4918292727635,-14.5728621706583,-13.5705634447571,-13.3598468471913,-13.2119163778643
-9.51596870703691,-10.5362635428619,-16.8483319042531,-18.6764818132908,-18.4444652520486,-18.1774738093992,-17.1129212240568,-14.9716100233384,-14.5923374018965,-14.3964461409007
-9.29288676123164,-10.2786422420454,-22.1901630436453,-23.5998208071106,-23.3811796453248,-23.1230775944067,-22.2191046052718,-21.2117518170096,-20.8542315818523,-20.6325372262449
-5.5932396278304,-5.55203245802717,-11.7707542385231,-13.0517062502351,-12.9082027229293,-12.7092420742164,-11.8393717502365,-10.7229842476198,-10.3959167795739,-10.1599235068425
-10.3301342822982,-10.833856165177,-15.6837167718857,-17.2115468884181,-16.975059887788,-16.6844239375947,-15.6897501067974,-14.6321553542177,-14.3623129174478,-14.1868674549383
-7.84011065782238,-7.47931271236995,-11.5080894279572,-13.8470721744423,-13.5550131340091,-13.1580128256958,-11.2820700509806,-10.2796892233094,-10.0299248628405,-9.83039134172328
-7.56748394637256,-8.09897473594729,-10.2495934000207,-12.7808957640063,-12.1371824305133,-11.4405150483946,-10.0460601545999,-9.22163455029597,-9.03122015492883,-8.89276520227887
-9.38057007174115,-12.7593308327478,-11.8314302125641,-13.744710871604,-13.5378538340633,-13.2973879699932,-12.0226237114265,-10.1279089196482,-9.8521854135709,-9.69086655570037
-9.66654490545203,-9.24977146962642,-17.2966989430049,-20.5596122194829,-20.299463335496,-20.0022719563655,-17.1629214238233,-14.8932892760981,-14.6267682646553,-14.4804972913878
-4.15034172321757,-1.92601534133438,-8.13478636917487,-9.51660413515459,-9.24416354146728,-9.02749670449109,-8.16195432755296,-7.21402524626689,-6.97442112736612,-6.73734352423584
-12.2122285584844,-10.9895462815032,-13.2170070891867,-15.2373866353727,-15.0381554321647,-14.7787785359171,-13.3413771543852,-11.5887450764864,-11.2801817335123,-11.0584954384531
-11.9266050726016,-18.8669195831796,-21.6902908544422,-23.5299610271786,-23.3321286679062,-23.0284495658875,-21.8266597557889,-20.2140159970077,-19.6832223859411,-19.3564480753844
-11.7913055248573,-11.5096151249818,-14.0783521481708,-15.7192674559493,-15.4909840152232,-15.2641337269771,-14.2177337427366,-12.7327580657416,-12.4358816650629,-12.1204024506972
-7.16585515899522,-7.29196026070098,-11.1082972740434,-12.9361598621841,-12.5140012580457,-12.1980038372372,-11.0732893130247,-10.0454103249919,-9.73750786521989,-9.46555621134408
-13.7127827424303,-17.3296104432321,-19.392237743753,-21.2911514181207,-21.0888325109274,-20.7584328584131,-19.5175784527103,-17.7883964882448,-17.567189539113,-17.3191364040133
-6.68002477347823,-6.76772824036917,-8.91372268869493,-10.3504398431602,-10.1656121000691,-9.9195895613329,-9.03676474041448,-7.72492277954151,-7.36583931634182,-7.14774070313372
-4.82308420279178,-4.28539780221752,-10.5054999103168,-12.1266258151067,-11.8922150583003,-11.5890128371233,-10.483051254175,-9.42330996032961,-9.17739175175876,-8.95168683966666
-8.89066027903986,-10.1837016874168,-12.9083845371498,-15.5501619721403,-15.2556553145558,-14.8512747412674,-12.7615345942835,-11.3261955138794,-11.0480833693151,-10.8416999074403
-8.58438562310367,-8.13756278323942,-16.5562779911712,-18.0352198276154,-17.8468804794924,-17.5363343668757,-16.6117438924638,-15.4197506519439,-15.0452664713821,-14.8382201129797
-4.83566970100251,-3.77512251038372,-8.04987572073419,-9.62857698210976,-9.48615474563552,-9.23999646019364,-8.12322922225929,-6.66422188896198,-6.33066693932261,-6.14315863789081
-11.014529470147,-14.8466746044285,-13.908999339738,-15.7726934238627,-15.5348744450531,-15.2335572690044,-14.1129409234201,-12.1478070214029,-11.5575369487516,-11.2929670767492
-4.79508860526894,-5.9501920441659,-6.90081004944663,-8.12429046375828,-7.89344269025443,-7.71594085181299,-6.89893539245273,-6.0585967091278,-5.8710008050932,-5.6949049224093
-3.96726321895957,-3.62607743241671,-8.74554294918321,-9.86091168446598,-9.68289528616339,-9.45713094189601,-8.77224856806165,-7.95831233594372,-7.68677231356217,-7.53283623525919
-10.1043050900262,-12.3607602795242,-13.223909263066,-15.3314784762884,-15.1521854790132,-14.8066103271869,-13.0691020786145,-11.7380287969787,-11.466395416942,-11.1852303386908
-6.12753493696262,-7.22930028522172,-8.89377954515946,-10.570230230721,-10.422189980609,-10.1406526292977,-8.94734628717845,-7.58033596442788,-7.29904175660192,-7.11062071961961
-4.53977034659925,-4.61118952108284,-14.163231780739,-15.6176406022103,-15.4515978231923,-15.2128084108363,-14.1195900269162,-13.2148274021507,-12.8761546107423,-12.7294566884997
-5.12267455240616,-7.90076128768287,-14.4826331145271,-15.8286665615881,-15.6148801617965,-15.396500933629,-14.4519212518578,-13.6340366998735,-13.4246159570909,-13.2338825453316
-10.6028515681,-12.0365059083433,-13.9779001295853,-15.9550310892991,-15.7991937430442,-15.4691717421252,-14.2129254640464,-11.9514936655017,-11.6176621688433,-11.3243102577796
-12.7637364630872,-13.1253620843532,-16.2225741222136,-17.5134102862055,-17.2760742181819,-17.0871378330638,-16.2041262839626,-15.4020830769186,-15.1519930374277,-14.9174477610777
-7.97597953328017,-7.24811745959355,-13.5439233942968,-15.3028299686865,-15.0634615530059,-14.7531668673275,-13.5422361551906,-12.3427185147118,-11.9030715439122,-11.5388923032159
-6.41682620745204,-6.85380422435242,-12.910500187408,-14.9416691228774,-14.5575847090052,-14.2207631247344,-12.9252594527753,-11.627001492474,-11.3174771881112,-11.1132627214976
-15.5654304767599,-18.5137206700418,-22.280247780413,-24.0881386639711,-23.8955235236231,-23.6438833064457,-22.5173047769967,-20.5710673339913,-20.1942364827171,-19.8617280104573
-11.5184130999449,-12.4527694374258,-15.0184944100651,-16.8373826141186,-16.5005577950788,-16.1678136535792,-14.9881219312058,-13.917259157423,-13.626154393987,-13.4267022742028
-8.84306184231136,-8.16038987429196,-12.0971495972847,-13.806677817802,-13.4384663182705,-13.203530678951,-12.0258943650034,-11.1362332776051,-10.9307359958138,-10.7851089445365
-10.9092043254639,-11.8745886777824,-13.8356875042751,-15.5021806103287,-15.2090674737136,-14.9683506118726,-13.7800383058897,-12.789866842929,-12.5821914541526,-12.3387685745922
-8.50236159652781,-7.0879035491176,-12.6309456049515,-14.1924837095463,-14.0366529811315,-13.7618881043016,-12.7682845598452,-11.3131585639691,-10.9030754673093,-10.6450779604337
-10.3844640814745,-10.1297334698442,-9.1986631094738,-10.9866773042842,-10.7287284953299,-10.4319055600098,-9.19755369549598,-7.98670303200627,-7.69423398583101,-7.51949735424019
-6.35082429654421,-5.47985217995746,-9.0814258402574,-10.9468854857474,-10.7283183372982,-10.3498934419021,-9.04507786466303,-7.90085141384793,-7.59353862756136,-7.40037912842525
-3.35946805535954,-2.29941795535324,-10.7092693941979,-12.3340949261907,-12.1143621626834,-11.9494557253782,-10.8916763434324,-9.05811802625514,-8.70175925752692,-8.51493439396824
-6.88136378913825,-8.42014053038795,-10.2519010192636,-11.6637867388271,-11.4114848120531,-11.1621343013686,-10.2496789337139,-9.30397313219426,-9.02300407299376,-8.80228984723654
-8.50677833632879,-8.91235768697076,-12.4848600711428,-13.6757266364281,-13.5242320422649,-13.3144833610517,-12.495843661378,-11.5920134649868,-11.3324269925837,-11.1510782375656
-11.2012182442611,-11.9825023355359,-16.0252612268109,-18.6161420315804,-18.3314012982184,-18.1173360718721,-15.9033942252789,-13.7695897065879,-13.2708935844386,-12.9783027022912
-7.47497109195372,-7.64173493355032,-12.5792429168821,-13.987800286301,-13.793636462123,-13.5273464851898,-12.575604039141,-11.6256861038954,-11.3710776443155,-11.1711922729206
-8.68619961954427,-10.8641882188209,-15.9761720642412,-18.4058708318293,-18.2034421666426,-17.9070601076948,-16.2041557527811,-13.6602709841452,-13.2899851983047,-13.0419382284768
-14.0573395424651,-13.8026509462544,-19.0449197667718,-20.9720714147288,-20.7688706404836,-20.475541842182,-18.8934501288831,-17.8389757145456,-17.6412373761197,-17.4673858032247
-9.11622166950076,-8.89830748594905,-23.2061237265219,-25.4330219483679,-25.2074665551591,-24.8887615058087,-23.0172801167142,-21.6991791161553,-21.3695913999771,-21.2017617192654
-5.20614423863738,-3.89514560459136,-11.2567276898771,-13.3370681144786,-13.0621450583616,-12.7830497289336,-11.2307789977282,-9.69941689344861,-9.37567484065715,-9.25127859672676
-7.3899819928931,-7.32907084593946,-9.52601790190672,-11.1747838249544,-10.9144137062198,-10.6380593160065,-9.50872648207355,-8.51575141920297,-8.25638754663533,-8.05009955687177
-5.10558420846978,-4.40404768886001,-9.23494660842204,-10.8842604977275,-10.6467352441215,-10.3175956869759,-9.15948722544991,-8.33897331228896,-8.07627293669223,-7.96208746812338
-11.3514642820309,-10.9144056011821,-12.374746830656,-13.8730375999715,-13.599786997511,-13.383710075402,-12.3941334577399,-11.3595966773672,-11.1078816405841,-10.935553581564
-13.3823981762014,-9.61675060514597,-16.270242674241,-17.9311056109499,-17.7244376136077,-17.3758893747186,-16.2356466071712,-15.2182668408845,-14.9298049601301,-14.7367358018879
-7.08984573113178,-5.62315588746412,-14.9147924802267,-16.2822886473966,-16.0356083401045,-15.805485008144,-14.875806010246,-14.0822701611202,-13.9046411001671,-13.7498250492945
-11.4233967273043,-12.8744974799361,-16.7910041517568,-18.7857470980537,-18.2786205488508,-17.9079307353752,-16.8058175126071,-15.5557737876822,-15.239510640069,-14.9659483825654
-10.9632344652632,-11.8681025627048,-14.5719421875767,-16.5951222541605,-16.380627234239,-16.0428592873643,-14.7352958875338,-12.7872074392315,-12.4638285435533,-12.1924282793112
-8.39516605557213,-7.02413009162496,-15.3448657689395,-17.0225840711208,-16.7007431932682,-16.4196870949047,-15.4237287548164,-14.0687420714582,-13.5921660289941,-13.3260701287136
-9.5448487744099,-13.1388556556764,-16.8546565798054,-18.1640474748681,-17.913730712268,-17.6595514401102,-16.8524234407232,-16.0572094847342,-15.8656759151535,-15.6312385627436
-6.94577378107122,-7.28914598208717,-13.1488188900857,-15.3752067644131,-15.0846477982064,-14.7756025451876,-12.9667022865984,-11.668563013794,-11.385220505708,-11.1853517680186
-9.86223973159998,-10.1820629672236,-17.2491189923839,-19.1360084566863,-18.927514058223,-18.6129507805699,-17.355154670411,-15.6148947285208,-15.2105026761728,-14.9067894425719
-6.85166709023019,-6.35996376126644,-19.5376427357236,-21.3672149495876,-21.147111303954,-20.7737431829904,-19.5769322957105,-18.1734777112382,-17.8627578182165,-17.5402438046211
-7.35260429326643,-7.0085551325733,-12.8885607858765,-14.2480271580112,-14.0372262353126,-13.8006250988889,-12.8400453605482,-12.0526321942851,-11.8157339488472,-11.6704482954964
-8.7548551351095,-10.8208250349719,-12.3913013239124,-13.8578525687935,-13.6276383950608,-13.358531395445,-12.4000420132505,-11.4484041670506,-11.1983437404538,-10.9336484239217
-10.1111513826313,-12.1863322173813,-12.8869902553606,-16.1855430771267,-15.8826055234076,-15.5065902964841,-12.8718715806594,-10.38562194218,-10.1251992473429,-9.87720314265797
-9.6469610407862,-10.8809552906232,-15.934215282668,-18.3816991880238,-18.1845295129178,-17.9508450203886,-16.421323316843,-13.2435449871509,-12.7470485966079,-12.470539017191
-14.461411292836,-13.9020746809848,-16.506515621934,-17.8625299536301,-17.6441144966592,-17.3730056179302,-16.4834302896722,-15.6499562001902,-15.4096448028687,-15.1423217734344
-11.1589673103869,-10.5758938970529,-15.901732516541,-17.7896465732442,-17.4377546692477,-17.0947367527235,-15.8357823550005,-14.8357515462618,-14.5913848956411,-14.4489631848102
-6.1120240149028,-5.24517244397622,-17.523713007417,-19.2256828328604,-19.0533914689813,-18.7976160003013,-17.4898770664682,-16.3391314354158,-16.0154331090005,-15.7648883062407
-7.30805394121735,-5.0869003236929,-7.29805581804603,-9.01248012477588,-8.84445941559267,-8.57650129459455,-7.23945593303161,-6.03037541228063,-5.67444559375206,-5.36119749189683
-10.784440267154,-13.2517520539514,-16.0847613412488,-17.3580106265765,-17.2056046449035,-17.0349426111376,-16.1495678009871,-15.0550877774949,-14.738193400226,-14.5234518956357
-9.78475340951398,-13.1520531685805,-20.2311681072819,-22.822493442705,-22.5688804564652,-22.2579949717477,-20.0460880251859,-18.4759923514839,-18.2093438718826,-18.0169256536362
-6.35603141511389,-4.92885468011267,-9.85960705774503,-11.8473569431216,-11.5382900630538,-11.2049794551553,-9.84882408528431,-8.41878716109888,-8.08646479099859,-7.78812014567182
-2.16813562825116,-2.34611675660302,-8.94602843446088,-10.6445818290002,-10.382446170497,-10.094107860029,-8.90212605711602,-7.87407729565233,-7.70244564934919,-7.54612670002096
-14.1536907972076,-15.2007890944783,-16.6483778343574,-18.2657181889614,-18.0296255066164,-17.7493547070092,-16.587368448885,-15.6523219919441,-15.3846874874137,-15.1886214940378
-7.16594523989737,-8.93886200194142,-10.9399887149146,-13.1761731276387,-12.9218705185799,-12.5070694971659,-11.011399564657,-9.45382090195648,-9.1576138593961,-8.92270241471157
-4.35892622939232,-3.31644385100452,-16.083360854505,-17.9432994556009,-17.6617704081129,-17.3571760424901,-16.1115540920581,-14.7271208014928,-14.3586033189722,-14.0590735111846
-7.19545613648389,-7.88324967500935,-16.0538340505148,-17.5722193046181,-17.3888533151168,-17.0681910748186,-16.0172352824785,-15.077932834167,-14.887964080469,-14.745198406411
-6.52390913880888,-8.0981880389673,-10.1349245494326,-11.7207036960602,-11.5405713182089,-11.3072343471634,-10.4063597203821,-8.4504194377574,-8.08278023084367,-7.86075491439
-9.58608405255118,-11.591216480924,-19.6021186056097,-21.9820105521836,-21.7458451204221,-21.5173571110348,-20.1160530162498,-16.5134614436502,-15.9633566906364,-15.5410040451878
-12.3654956560183,-14.6995949429999,-20.4657258134243,-22.4107897280855,-22.2079730271796,-21.8687289649046,-20.4047147760121,-19.169972892238,-18.8962586266999,-18.6908062355508
-8.56110397894538,-10.9498022158014,-17.7558236725106,-19.3510885805145,-19.0862932483703,-18.725597947085,-17.6875344569026,-16.8274627153828,-16.5709809625612,-16.4128765995506
-8.71168010585576,-10.816287761897,-18.3132635308229,-21.5154150168568,-21.1021576310295,-20.6863373288082,-18.0350650534293,-16.3272484995091,-16.0697141047476,-15.8548977938539
-6.37786838442031,-8.65085926058707,-18.8244925605817,-20.3382599397274,-20.1988572002522,-19.9307805159191,-18.9535917356773,-17.3532872210592,-16.908278971396,-16.604905743983
-8.1960671133339,-10.360305402892,-10.9060152218251,-12.6351331753143,-12.4455381706359,-12.1874690030214,-10.8580238914539,-9.677066459019,-9.33522970018425,-9.09682203117947
-9.11555021731192,-10.5738125484249,-9.66740423704638,-10.9023348952859,-10.6203453546097,-10.4202525536849,-9.64788707635175,-8.91060849715092,-8.73120036776452,-8.61572431175485
-5.59881281973617,-5.68647789728515,-9.09508667012087,-10.4939423266046,-10.3217028082283,-10.1109493000678,-9.04833108123466,-8.18141801022971,-7.95768371492264,-7.7545721691037
-8.53980832079412,-8.09428766846903,-16.8282109846932,-18.9616676693263,-18.6355110979806,-18.1497482217426,-16.754035598629,-15.6491395953479,-15.3064681695892,-15.0723506984219
-10.4088781159641,-12.1335461315777,-20.7874480718176,-22.3418282800035,-22.0735407450426,-21.79152467007,-20.805250376059,-19.7673701137101,-19.538073465051,-19.2703421236246
-10.1702975593853,-13.4813414269052,-17.937995849958,-19.5477670162497,-19.3663491510126,-19.1111507285304,-18.0676153465779,-16.5538823371632,-16.1611694807214,-15.8608938603815
-9.90617395219973,-12.1724717411846,-17.3676320830187,-18.8327850173241,-18.4985045877764,-18.2254965117028,-17.355326111792,-16.5128639444751,-16.3095784589599,-16.09138485754
-9.54190220544583,-8.56731050710247,-10.9849031844114,-12.7449755250828,-12.536309061399,-12.183472813149,-11.0134457226814,-9.69286785797906,-9.41375937548655,-9.15630070659761
-6.66174659465024,-6.80852666047597,-16.7830029897937,-18.9381349050197,-18.6602776417391,-18.398561510696,-16.8784121470131,-15.1303055233823,-14.814657128801,-14.4766655033962
-2.97379002463884,-2.09223844393531,-5.44311343554072,-6.73593579424177,-6.53894576108133,-6.34569278677241,-5.48302064593125,-4.45930316989805,-4.24581020692605,-4.07135548145339
-2.0615527669222,-0.234278982673385,-5.2905232442091,-6.25194207970109,-6.05276049315116,-5.87283515146059,-5.28229984296513,-4.66590717506623,-4.53618193463855,-4.38048992844066
-6.07381062925631,-6.16373416952255,-9.14163757220504,-10.5266177529989,-10.3421131374404,-10.123918937117,-9.22621398895141,-7.95467712205361,-7.54511892503813,-7.36269664601011
-9.72954729905968,-13.3550663840359,-15.6231734964342,-17.3135757459764,-17.1085190599326,-16.8288584294009,-15.6746758974548,-14.2885560177017,-13.9867640755857,-13.7208195434491
-9.74535962768132,-10.3144366268348,-17.4288493878015,-19.1245564429967,-18.9244017069913,-18.6958817678858,-17.4500056927352,-16.1509251569919,-15.8545558255353,-15.6419275370916
-9.2651728014387,-9.53159673271529,-9.8643906092572,-11.2694114859855,-11.0598975718157,-10.8313574139629,-9.82141048704097,-8.94539500526917,-8.74133903832518,-8.56659537854332
-5.42371746865314,-5.4245097531229,-7.88422376561233,-9.40270218058492,-9.2187039616498,-8.98817829025024,-7.84802883429195,-6.78506594625642,-6.54940191450756,-6.30998102052306
-6.82807829629774,-6.09232782169141,-10.5718453286621,-12.1610197778552,-11.9538775322983,-11.7438114910273,-10.5684567210455,-9.41288598320134,-9.08621531309887,-8.84927494677691
-5.94723817576107,-5.7569792259124,-12.3972643753347,-14.1332123769004,-13.9228442537208,-13.6283180320357,-12.4867223719473,-11.0203372588004,-10.7141018223581,-10.4648974441601
-12.3168870893232,-18.2888983808799,-15.9814948356619,-17.6464576144289,-17.3963469155435,-17.197906136448,-16.0528181685904,-14.6707604225507,-14.3097425048137,-14.0283557175955
-9.65963155121789,-10.1211846878468,-17.0048953381537,-18.3508945009152,-18.1606790907651,-17.9389250928441,-16.9926352647637,-16.0450366497664,-15.7568380269781,-15.5627358649967
-5.41252462446617,-6.19435684020611,-7.43761796004364,-8.84848861371627,-8.62428624791237,-8.35535382417678,-7.37343420978779,-6.60027908391617,-6.42535206604091,-6.22338265790116
-9.48708451405867,-8.12307076397703,-16.0521558194384,-18.9741264290124,-18.7215795503547,-18.323874073907,-15.8990676049647,-13.8347069084862,-13.5059414685299,-13.2303024874204
-11.5096670438689,-11.7426718036401,-12.7219179626684,-14.9726927288308,-14.7797982024212,-14.4596858806982,-12.5467366889566,-11.3194517603258,-11.0141202023929,-10.7070131609117
-5.01284894785381,-3.20915821704436,-7.23827167093081,-8.58821398003107,-8.28030202916047,-8.04376470936201,-7.21779850168701,-6.41430683483133,-6.22228977578971,-6.05593441591257
-7.41544945832686,-7.45493175528132,-10.8722123572647,-11.9989160206789,-11.8582966509058,-11.6657857178013,-10.9005222539729,-10.0438721815026,-9.8587004805873,-9.64560297163048
-8.64011311256479,-10.1869067749187,-17.8189037205321,-20.0912614390232,-19.8956720548407,-19.5731240897368,-17.6733668575091,-16.3870634810239,-16.0798079017961,-15.7708090200844
-12.2094847503013,-13.1949469621711,-14.9685066603521,-17.6973486332512,-17.4536670200586,-17.1374246882551,-14.6798265168802,-13.2057473072748,-12.9443561973044,-12.7677221104201
-6.65681439189275,-7.60880166488754,-19.5153255795164,-21.1685237099032,-20.9576748386215,-20.6444079885292,-19.6263517973142,-18.1894032346159,-17.6783520600205,-17.4253540591257
-11.2800927656658,-11.8314038310676,-15.4552960731552,-16.9356008564467,-16.6467079027744,-16.3973401540259,-15.4217117047916,-14.5451292400036,-14.260572705439,-14.0677738326778
-5.53243612976132,-4.28033394180948,-7.90310136458569,-9.0539289068563,-8.85722960336605,-8.6657999568117,-7.92499689062838,-7.05723554877101,-6.81855153871454,-6.63053591756161
-6.98539172542614,-6.25348095120625,-12.2163274324018,-13.7806034550105,-13.4872249630639,-13.2539077887552,-12.2929697012765,-11.087302441671,-10.8118864166951,-10.6331038741986
-5.43096767932031,-6.57874244948674,-8.86283862227548,-10.3354531921871,-10.1092521979603,-9.83117249237519,-8.83787006656896,-7.96542033071886,-7.76419659882768,-7.56486215515367
-6.26116211926579,-5.56883120026369,-7.42305679693749,-9.37663450610964,-9.11412751717933,-8.80867909863847,-7.47384802771483,-5.92135300877379,-5.68003374763774,-5.46427690986831
-8.77588740690206,-10.6893406467788,-18.5853539595538,-20.9240123000598,-20.6988646171534,-20.4541010262281,-18.5661558320458,-16.6357398984884,-16.3372840512435,-16.0803052168322
-18.9921562602613,-20.7034245723873,-23.188634228079,-25.106724459535,-24.7489091087996,-24.303683492482,-23.1528668943445,-22.0981136155609,-21.7881337780601,-21.5113267877216
-6.21899078267281,-6.6328008429533,-11.1492188936883,-12.4492133353575,-12.2920245609939,-12.0484236229023,-11.1675586717048,-10.193823428735,-9.89094253877424,-9.62227292182923
-3.95793895986919,-5.32094363794978,-12.4860607745187,-14.5373916321052,-14.2385512676617,-13.8887832903334,-12.4828800452856,-11.078507612521,-10.7815722741268,-10.5455375403703
-6.87052356286903,-9.19816630458822,-11.507562567417,-12.9363449621401,-12.7140972923515,-12.4035201652023,-11.4598321695884,-10.682776224176,-10.4484533600896,-10.2467851888255
-8.35186159542998,-9.51074033863511,-12.7740289493049,-14.6888816514128,-14.4099010453646,-14.13511458817,-12.7524738418969,-11.4674532795532,-11.1271334081539,-10.9717537432345
-8.06854837811903,-8.84359714118815,-8.41550732504869,-9.71402527109225,-9.55790681703752,-9.25739236513119,-8.45783686997486,-7.45760284770063,-7.24153427401925,-7.03834296320168
-11.6004537509847,-12.6925926141017,-10.5989339777468,-11.9704362170907,-11.7947443336113,-11.5252312065371,-10.5979219904506,-9.6182092361412,-9.24695730767689,-9.06613403680969
-4.28888691000047,-3.76226421808505,-8.96202810150364,-10.237993162443,-10.0403471232286,-9.87297396600373,-8.98998363551206,-8.02194968911975,-7.61199698827425,-7.43617233487817
-6.7020375028271,-6.96976352770746,-16.4219336790359,-18.8729462616947,-18.6300694952455,-18.3307205476003,-16.6681362728754,-14.3802247784324,-14.1256320451934,-13.8942266767769
-4.70284422611948,-4.18503024132148,-9.74149617292399,-11.2353737252537,-11.0289960265308,-10.7414625437184,-9.73396001426019,-8.78739863987063,-8.50044236281827,-8.30465585416454
-11.018482268668,-15.1812427574082,-19.9229540836238,-21.5518787102671,-21.2994881418259,-20.9919717926309,-19.9420361309514,-18.8069434205183,-18.4414564048596,-18.1482788588054
-9.01255753936807,-11.5909148267165,-13.4990266710901,-14.6955590492249,-14.5083491149452,-14.2856043307726,-13.4965761578857,-12.6626658059976,-12.4529015600455,-12.2851845277255
-4.27461372630134,-2.96225942110497,-11.4903835150979,-13.2287115101777,-12.9694656292995,-12.6937315095571,-11.5170712271264,-10.2438282394933,-9.86941096125027,-9.6122135260781
-4.44691671539338,-2.28249540860091,-4.73404001134169,-5.59106620209154,-5.48073483581689,-5.30675158238893,-4.72713435468866,-4.16294506087211,-4.02151374020992,-3.89229094282929
-6.03911253615598,-5.43813674696138,-6.83325778685034,-8.56890754592397,-8.38496468472827,-8.1175779156293,-6.90824478133512,-5.28211647752239,-5.03933665976445,-4.7869755231499
-4.24797081881345,-5.02229156400435,-6.52357201025872,-8.74846851935707,-8.47488963662044,-8.16391727997459,-6.26145829565168,-5.41715600298129,-5.24589846928985,-5.04693994814587
-5.60934341235681,-4.99539495518207,-13.3069601274408,-15.0980524523335,-14.9276441726403,-14.7580240382889,-13.3561944535708,-11.8121025220065,-11.3918971312054,-10.9978373017498
-11.0987305556547,-12.3477019977567,-15.2741812937679,-17.1362899515256,-16.9259834023506,-16.6873436873226,-15.3677280379274,-13.7013309398567,-13.3299652972397,-13.1042001205009
-8.84504529374627,-8.05086356994318,-14.255261587083,-16.735737961536,-16.4083285729382,-16.181153531187,-14.040111387068,-12.4756574652747,-12.2103828773809,-12.0545042611375
-6.74766360315291,-8.7235164424444,-11.5546681939667,-13.3320792832953,-13.0457000222726,-12.7575999158552,-11.5507365390003,-10.3625141973037,-10.1311080505516,-9.83801740888246
-8.01493709501895,-9.16318267242246,-9.90264739619171,-11.5841701573858,-11.328040376907,-11.0722430986312,-9.8992107898866,-8.76388816180994,-8.53028289372638,-8.2828145217805
-6.48874152955011,-5.78345596291603,-9.62006268725381,-11.3280763985964,-11.1649585254667,-10.9370953301118,-9.38870697659005,-8.62619407595847,-8.41740478721106,-8.25253794766945
-7.48713891730948,-9.87355063940596,-10.5161132013698,-12.0740432775472,-11.8671728723445,-11.6329323616977,-10.5050496731142,-9.38224385918922,-9.16991885463651,-8.98064942657415
-4.03542517710445,-3.4730796944205,-11.5875971498024,-13.7130325808218,-13.5238428752616,-13.2420593709958,-11.7630025837893,-9.46712521619177,-9.06256649552983,-8.7989209957955
-9.27303379919857,-7.89484060703773,-16.6450374598379,-18.6454650502985,-18.4017676512859,-18.1171604256257,-16.7742242788043,-15.024286582558,-14.7019517219916,-14.3796370372645
-9.35524222534111,-9.76118121188629,-16.1678583425111,-18.4787857533884,-18.2382318699993,-17.8763008495734,-16.3534882166943,-14.3046026220332,-13.9359048468266,-13.7005101222729
-3.45852634736457,-3.54946776550151,-7.29705884489094,-9.1439695782987,-8.5727837391041,-8.1562740648707,-7.22107264007956,-6.42764325012239,-6.26323226488659,-6.05319523432906
-11.4715998612669,-13.6958285905872,-21.6624776955945,-23.718075674085,-23.5100027138969,-23.1379898650793,-21.5897811741828,-20.3280262643856,-20.0081611800172,-19.7668875999119
-9.08867401607368,-11.7523788148105,-9.49325717479636,-11.3255265995616,-11.1159837798005,-10.8750072823095,-9.39020145382655,-8.34917720793472,-8.10708160015283,-7.90583704153836
-7.27120141973031,-8.94929883175653,-15.6237537813712,-17.5189610464526,-17.278850757769,-16.9830028523609,-15.7597413280182,-14.0352546400585,-13.7418375672204,-13.4679069768112
-4.04103638031405,-2.21163123332857,-10.0540294381818,-11.4832969177129,-11.3639966524439,-11.0111329264769,-10.1271795668514,-8.91981791461383,-8.68191461231094,-8.40550974695798
-3.75425551901837,-3.26628747362363,-5.77149219541601,-7.04013381175472,-6.82122756618321,-6.58373442457361,-5.7535656390565,-5.03834464333436,-4.86343405919155,-4.67670757621122
-4.17270745311586,-4.20275148011928,-10.8525360955455,-13.3929205877434,-13.167451962607,-12.8943228772415,-10.5985535911645,-8.8838183683853,-8.52484305097579,-8.29615023104264
-8.00565807735159,-7.54858746301044,-13.5832638371815,-15.5822767411996,-15.4005351915322,-15.1636594782741,-13.7742310075634,-11.7185678134528,-11.445383129928,-11.1541822944227
-5.75536402789949,-5.07560413348466,-7.58182918004788,-9.00777497447436,-8.7721076440689,-8.57710966255262,-7.72056658478584,-6.39631722672645,-5.88062042149941,-5.64454602935538
-10.3623700867369,-10.7147198265496,-23.4047405151277,-24.9233380051125,-24.7080211433889,-24.3909759976819,-23.3594231866912,-22.4168266736743,-22.1667764928047,-21.9257419378383
-6.13452793169583,-6.43264939556012,-9.89009677988994,-11.24358841816,-11.0849904898033,-10.8591425161198,-9.93882152398552,-8.81333377011916,-8.53767425480864,-8.37036313080733
-9.74939131836224,-12.2404924276958,-14.3789166082127,-15.8376594202324,-15.5431402808963,-15.2923292333508,-14.3956810328458,-13.4772577030809,-13.2108176090379,-13.0338019391013
-8.66664764067191,-6.50148029841176,-15.7155295073612,-16.9615765994822,-16.7907129971019,-16.5680738778227,-15.7057456179824,-14.8652725410971,-14.7138009081962,-14.5126776041922
-5.11558432336772,-5.3755374194029,-11.2936439920126,-13.4356516562782,-13.1722057287544,-12.8501822291064,-11.205478648948,-9.77330012730083,-9.4496712752211,-9.2725760146194
-3.57370770483907,-2.69182359564441,-9.68856852818527,-11.3119979626863,-11.0538532224181,-10.7586727121096,-9.70292573689079,-8.60823734018018,-8.28647810121176,-8.08998495849369
-9.35853144785786,-10.2539336177217,-9.33280924002554,-10.7896434161077,-10.5780325344444,-10.3426223693125,-9.3446689893357,-8.30374655521145,-8.04936718304142,-7.78325091576019
-5.64366675467991,-5.74892645105133,-8.12023666598605,-9.42120472559108,-9.26219287839703,-9.00501264738686,-8.13727310232247,-7.23148318340239,-7.01742081915511,-6.81176695212546
-7.80880933097043,-7.07710451420964,-8.61758333331662,-10.0537789963162,-9.88205666574268,-9.69536316869021,-8.76192881292192,-7.15491627289326,-6.84892283291149,-6.66106501846529
-9.98101273230858,-11.630259004943,-17.2224381233616,-18.9973443269071,-18.7329176231601,-18.3928244428608,-17.2152810479603,-16.0503590121038,-15.6962893033145,-15.4096605202155
-7.20913011168755,-6.23395101008218,-12.3213192205442,-14.7095744284876,-14.4526116306152,-14.1096442077091,-12.1048512034922,-10.8604882130556,-10.5941083061048,-10.3072484785837
-11.2796204576781,-13.6175742943354,-18.0335848921067,-19.8003911625069,-19.5705553662974,-19.2934643174996,-18.0318770518572,-16.7569128218608,-16.5365719200768,-16.342516943884
-8.11628729725286,-9.57178935261535,-18.8192498732081,-20.1681333822225,-19.9750846101907,-19.7219107131867,-18.9265767287663,-17.7133289728966,-17.3558850445533,-17.0474975037384
-11.2255144074757,-11.7119457727721,-13.1875863651173,-15.2473408439352,-14.9051392412428,-14.3346228866656,-13.0868376333104,-12.1684436719094,-11.9985864504958,-11.7728983717002
-3.57341244700288,-3.54271710322551,-8.63820102558857,-10.0748765506658,-9.88426146422555,-9.6254212584108,-8.6705209702065,-7.62330448794044,-7.3624046158666,-7.17248900544475
-7.53324157770356,-6.08027194491034,-9.69428920223217,-11.1761041367573,-10.7728061586763,-10.5136038981248,-9.66468258031623,-8.93781468336015,-8.71366991375984,-8.4964378738468
-2.02518195435173,-1.51573204770164,-11.2228561893468,-12.6298510044798,-12.4410161769042,-12.2391191032141,-11.3289977040986,-10.0754822190989,-9.75350893122999,-9.58482693670851
-5.36328315021589,-4.43601944228049,-19.8959669200836,-21.3790986892644,-21.1572257516542,-20.9111007685633,-19.8866064175115,-18.8345173279296,-18.6155493028022,-18.3731641091101
-11.3938472358636,-12.1160491306753,-21.1442348598978,-22.5080891957692,-22.2837057258922,-22.044979900806,-21.1320047848851,-20.2598371790235,-20.0788862435201,-19.8016030925975
-5.93501491082582,-6.99938196470607,-13.1325960558037,-14.8953728245397,-14.6235215762599,-14.338779735088,-13.1182344341664,-11.9465133474546,-11.6660564729955,-11.4173058989305
-8.00781315544469,-8.91730535402776,-12.7442014622989,-14.4156062009677,-14.2789069031563,-13.9976455273383,-12.6897386670057,-11.5651276659059,-11.3362915156854,-11.1796687842831
-8.29969522473552,-7.65639682021013,-11.7972876333946,-13.5736486869791,-13.3395061930235,-12.8309129626562,-11.719355388038,-10.8511563322776,-10.6707035835979,-10.4358355937142
-2.28726344588717,-1.46345491611927,-10.8404735169146,-12.3083819674524,-12.1172895952529,-11.8638413802045,-10.8319952923639,-9.81863425402971,-9.51489848974653,-9.28844187734436
-12.3312984327842,-14.5745955307718,-20.9353751845838,-22.5535619587044,-22.2887982901915,-21.9428088712163,-20.8933777503585,-19.9782916155831,-19.6878108486849,-19.4966807790118
-7.58073369219479,-7.7089885676813,-17.2709794248108,-18.8547164085459,-18.561264480139,-18.2633500963899,-17.2590301309299,-16.262066516814,-16.0468157573026,-15.8014170726828
-8.18069175275322,-8.92662368270676,-15.1762339882267,-17.2516335083022,-17.0002026834444,-16.6742050470391,-15.1231894740359,-13.7389966549,-13.3359555276619,-13.1163645249714
-4.4086105195371,-2.89731802144707,-9.27279662944243,-11.4433403526819,-11.1700405798869,-10.7494603482729,-9.3052569236457,-7.69322943402265,-7.38083934938723,-7.11278167346493
-5.79596119253749,-5.49277961046531,-10.2530663639151,-11.8601464224554,-11.6665260764061,-11.38927105681,-10.2771557410874,-9.0793494195624,-8.80929670156572,-8.53201498120484
-7.05368189736239,-6.99905442519551,-15.208408297422,-16.7462402796707,-16.5328644219041,-16.2618258070894,-15.2633836382091,-14.0395442825631,-13.7735916363778,-13.5514818820109
-10.238584059862,-11.7691997472203,-12.8423992364765,-15.4556063931075,-15.028932355798,-14.3200196595657,-12.6953867332019,-11.5145368496945,-11.2496418816414,-11.0533512566684
-9.0686913477497,-10.618301283074,-15.2980534460759,-17.8942464137939,-17.589149133526,-17.1848890374696,-15.2516073856051,-13.4042055982734,-13.0992728282849,-12.9177733456686
-10.1672222415427,-12.8125766619304,-17.8749111163671,-19.5321947928273,-19.3136528597056,-19.0188024711848,-17.846528279352,-16.8029192069327,-16.593560437883,-16.3418201145407
-9.2508409357096,-9.10303282474882,-17.1999739515128,-18.6847240960802,-18.4553786767177,-18.2395989844673,-17.330699445285,-15.8467535537324,-15.3875843934883,-15.1147907016541
-7.65746459446151,-8.83284164699935,-11.1842520112836,-13.0275119416281,-12.6245407137085,-12.2717836085271,-11.2530804175742,-9.90027012004656,-9.61326304149661,-9.4304822860347
-8.62236982631097,-6.94279975478424,-17.2063623539802,-18.7692027670747,-18.5827802513113,-18.3526754809522,-17.2998959131207,-15.9602358992326,-15.586282517532,-15.3157620034776
-7.07180851801166,-6.62795093656043,-9.27513711598638,-11.4790195530073,-11.1667924753231,-10.8679827359046,-9.05276955486551,-8.04692551813763,-7.83553703053262,-7.60423617036657
-4.53242423645547,-4.0262845421371,-10.7798960062046,-12.6988866940979,-12.4121022022289,-12.1247167735943,-10.7205770703448,-9.50618391982206,-9.2648028016261,-9.10151314015532
-4.6543696615641,-5.78333178793233,-7.38019879173427,-9.78948557436956,-9.44815689420457,-9.17944905529075,-7.1712400678364,-5.70207939021491,-5.45576816924052,-5.2780731644532
-7.52885010074773,-8.04748255267982,-12.1911432245481,-14.0688035883471,-13.757425133858,-13.3753067525121,-12.1605098859721,-11.0608696231135,-10.7196447291824,-10.4648673287948
-7.47587704815378,-7.28734213913081,-14.9866159581981,-16.5262079397536,-16.2721619268184,-15.9923148696779,-15.0974837760235,-13.7614177629267,-13.4080711549833,-13.1618836838613
-5.31310307601411,-3.7707580343989,-10.9988903498823,-12.7111963589583,-12.4450046359664,-12.1186215210971,-11.0278978862669,-9.81381471173924,-9.55579127607509,-9.35933352846678
-8.39591878240432,-9.23600807309677,-8.56912325363194,-10.2898549004063,-10.0262056834125,-9.74094435790671,-8.5646091171343,-7.36992466672727,-7.15666204586572,-6.9806074405753
-11.1628827273494,-15.9398187172501,-21.1817544405263,-22.7126647354849,-22.5220938785468,-22.2214300973804,-21.1668391659374,-20.2376408840666,-19.9464979028358,-19.647999728451
-8.3364145472591,-7.87316249326341,-7.8685877057496,-10.5486279960968,-10.329827821942,-10.0573472673772,-7.72474001485348,-5.91392030851275,-5.61143396717723,-5.48830264948451
-8.0080387880352,-10.4699698191583,-14.0646260467165,-16.7861290753297,-16.5107918156039,-16.2136207017063,-13.8541417729185,-12.3508291492534,-12.0172982079915,-11.7934300236119
-4.3301828555194,-5.15085327875918,-9.28169975047139,-10.6753043851775,-10.449281770827,-10.2700008776605,-9.26761936282629,-8.34917962341333,-8.03260858608918,-7.79797986541458
-12.0259013799705,-15.0274097587862,-15.0978973354107,-16.7932531075795,-16.6025848229258,-16.3797471185834,-15.0963900817139,-13.7961075818893,-13.5046599539643,-13.3216937734336
-8.93438304082817,-10.6168895309617,-14.6618075137883,-16.4111674549825,-16.2115465472411,-15.8308862258817,-14.5469838268033,-13.6688300874444,-13.4656699878687,-13.3026607955132
-10.8207537030096,-11.2929000592314,-15.3210125934831,-16.7623352433313,-16.5847046435722,-16.2712950796743,-15.3444089608623,-14.3631347302567,-14.1176036008957,-13.9035709296503
-8.65618086443549,-10.9946726164239,-8.85583963832021,-10.4703828233752,-10.2517977107316,-9.93026863637198,-8.910700481104,-7.65306861184285,-7.28111333886808,-7.06394185729034
-5.04511205502077,-3.58992268067813,-14.0271513556799,-15.7272136654341,-15.5095783951984,-15.2384690512021,-14.1914315001088,-12.3968416944841,-11.9698921877685,-11.6955376550584
-6.89145732061184,-7.74449660002696,-7.6214626033484,-9.42338474039721,-9.25934676204945,-8.97853538279387,-7.45619176999885,-6.49509251312073,-6.27281038689291,-6.10482650640437
-5.88590973731878,-5.09028483859537,-16.0997712222554,-18.175426885246,-17.9539122130892,-17.5843783719035,-15.902218726038,-14.8889106718102,-14.6394288311391,-14.4302235752601
-5.74529524137057,-5.61930324478863,-6.80381134620242,-8.12570892416686,-7.96058288792748,-7.75606682056146,-6.89711713324389,-5.65479166221338,-5.25850971717955,-4.97049735948798
-7.86228681922715,-9.56792561000756,-19.8469653017324,-21.3438724545062,-21.0638246504127,-20.8222202492077,-19.8736018109576,-18.8252814751639,-18.5302318358179,-18.264818477456
-8.74849916842751,-11.9804389896608,-12.6628538136971,-14.7083425509388,-14.5003951465777,-14.1158989875851,-12.8485732705144,-10.6239788212983,-9.87093701416103,-9.58459818358899
-9.53910505040295,-13.8483873517601,-13.4977485046926,-15.1207112721846,-14.902562962931,-14.6261812716418,-13.50171428054,-12.3193404787385,-12.0257510964888,-11.8337063890051
-8.99886193892974,-6.22927980717267,-12.3092082303558,-14.2376756900673,-13.9989021782884,-13.6134430144753,-12.2183243981578,-11.218914850899,-10.9154663368873,-10.7023559600002
-5.99233968720667,-6.12361793946525,-22.0393463505036,-23.8635452127181,-23.5391650390913,-23.2535836146449,-22.0667732474813,-20.8490165677091,-20.6007494618838,-20.3520769685207
-5.8254149737958,-7.04335880375221,-9.61587251542997,-11.2776100164828,-11.0074677304546,-10.708221712344,-9.55162508658428,-8.56910854804051,-8.30025174397926,-8.12982551317137
-6.28541315235059,-7.66244121638992,-10.7588823805548,-12.0731477389153,-11.8769575310957,-11.6390618307962,-10.759774251202,-9.87497029902216,-9.66265465837398,-9.49513676225823
-11.1771952641975,-13.5531352110858,-12.0951287378214,-13.6895478694114,-13.4481339542861,-13.1121785302422,-12.2024757873561,-10.8573027251425,-10.4602038243586,-10.250659676954
-4.23430751374594,-3.47960214871268,-5.77599935208622,-7.64765263422588,-7.41802629165824,-7.07815868674215,-5.78527648874024,-4.40839482744238,-4.12284098594697,-4.00077828806037
-7.44007569148755,-6.46484224190899,-20.7951007492737,-22.1695855015337,-21.9854602337568,-21.7831199920014,-20.8141237218433,-19.7888715969858,-19.4933724804069,-19.235256306148
-12.526749504933,-13.2606601748676,-15.7805087269519,-17.2217584577715,-17.0865848678691,-16.7905780361195,-15.9236764200592,-14.3801430055916,-13.8912290329257,-13.606658037359
-7.57584363938305,-6.71183475061251,-11.204906061249,-12.7565446205412,-12.5380084042935,-12.2662436369627,-11.2485231731837,-9.99313843140447,-9.68717173659002,-9.46172084179253
-10.2199791448553,-10.4560195489478,-13.4707388041709,-14.707728674576,-14.4947716961074,-14.3117816707939,-13.5111985814226,-12.5756169214258,-12.2626267466165,-12.0845240854429
-8.19900131902119,-8.19918016523664,-7.60060450771895,-8.74093679010274,-8.58458144499126,-8.40047082985951,-7.59114364171172,-6.83011860251984,-6.61838531203296,-6.40248016462598
-13.0882957454476,-17.0031638780938,-19.9107699344131,-21.5303458865536,-21.3073162006016,-21.0188090941147,-19.9172570777145,-18.7875158916965,-18.5160242648539,-18.3300275133289
-7.75694009772978,-8.55228420995455,-11.0734411898004,-12.7035243686678,-12.5086963806323,-12.267879648296,-11.2398966838621,-9.56063618415376,-9.235268438267,-9.05857970297181
-3.48100449736145,-2.64813614522226,-5.43760175023856,-6.64242552818125,-6.42748756683902,-6.2120965472676,-5.3843597158893,-4.737133059601,-4.59496122983839,-4.48801861104448
-5.43558388584492,-6.14172819062059,-7.07532057693318,-8.31498347420688,-8.06689534335496,-7.85897220608628,-7.08483632003073,-6.26314178012488,-6.02751128401761,-5.8277106264023
-8.17402558303007,-10.4562375015811,-14.2882164919184,-16.2929705638126,-15.9697094707468,-15.5731971895265,-14.1870079916615,-13.1798489563604,-12.8566015207651,-12.6699907545914
-6.18506725371217,-7.04654440103184,-9.94085460179476,-11.2147071803983,-11.0162809450577,-10.8394660011933,-10.0102423427706,-8.92339696457197,-8.67300940359989,-8.50343021391143
-8.26375131831875,-9.70474404242331,-7.75686226551456,-9.0008308064471,-8.81444462789132,-8.61762429428542,-7.75367447208186,-6.89380661039248,-6.64148570374573,-6.46297759425272
-5.47498437227466,-5.20802925283018,-10.0505815265944,-11.4949288624585,-11.2109619127273,-10.9709283933977,-10.0342943741769,-9.11743205043365,-8.88085177582427,-8.78484618903821
-4.70846275247381,-5.45407178093725,-7.11415755057301,-8.66332945429637,-8.44964943203465,-8.24070188086751,-7.0478029090964,-6.12346202952363,-5.91909812833495,-5.8060551305033
-11.0817356493174,-10.3239922596128,-11.9421503936801,-13.4304933123592,-13.2257031011968,-12.9717309656998,-12.0266551927961,-10.794178044953,-10.1724786131218,-9.85648995058451
-7.3130255303083,-7.52400436983068,-16.3718141870052,-18.8827553901466,-18.643535426194,-18.2991975524538,-16.1056396166509,-14.9711504394312,-14.7173148026815,-14.5443455639581
-5.89287042024701,-6.81438210364984,-10.8346175026341,-12.8492650057776,-12.5608757770215,-12.1370813008375,-10.8060243092651,-9.55213131598016,-9.2739156012082,-9.00925023685252
-4.22286474895834,-2.84465923933292,-11.845939943484,-13.7543360015041,-13.5114735529072,-13.1995165129398,-11.7193180161915,-10.6903028360248,-10.4815943789992,-10.2679205815201
-6.9301263000408,-6.28363677301971,-14.4730422710856,-16.8305898781824,-16.5919486890224,-16.309704606337,-14.7906325948208,-12.4416090261865,-12.1680064983134,-11.9005310652845
-7.23900000317939,-7.54129632059413,-15.3512106513713,-17.8728544696678,-17.6883661689703,-17.352747040486,-15.3655395259532,-13.3957222289445,-13.0584591568883,-12.8371970355462
-6.89873415604827,-7.06192310694486,-9.59534632851974,-11.033841646039,-10.8056959336047,-10.562477498351,-9.68137568813133,-8.44712835314975,-8.24249068674721,-8.0730736956197
-4.52800560200471,-5.66445354267731,-10.1002328535836,-11.4946658063049,-11.2875874489568,-11.0765656729054,-10.0571652333396,-9.2860637787044,-9.10556613926249,-8.89772631023187
-6.96223159529609,-8.05945744101493,-14.3070891764116,-15.7641374244612,-15.5072800512525,-15.2420565059262,-14.2882779622799,-13.4066353326718,-13.1262664137648,-12.9002234545909
-6.74812267748382,-8.03523586730131,-15.436561197244,-17.8429927556395,-17.6098207955632,-17.2159273921719,-15.3761321862732,-13.80599480249,-13.5723047687566,-13.3644680633834
-12.0268767874678,-16.5493169062566,-22.584785075977,-25.274953623494,-24.8472884965637,-24.4226959890543,-22.822961252096,-20.4109873608693,-19.9520715581549,-19.6240753674577
-12.2845564802161,-12.8316191456913,-13.9720217105804,-15.6840100739903,-15.4733557175404,-15.1991589676258,-14.1113531867163,-12.4771467119171,-12.1879282490822,-12.0059414672238
-4.84257720202109,-7.50147063891075,-11.04757382543,-12.6194390058725,-12.3654172361415,-12.1117651112263,-11.0932223350092,-9.88093233627649,-9.60937798218037,-9.38901612708455
-9.84140438719283,-10.3895803035226,-14.3430723452838,-15.5067690290927,-15.3708902712046,-15.1680960632302,-14.354064455459,-13.4779505761223,-13.2191381365303,-12.9887755310513
-6.32750293880792,-6.51195850567962,-9.39449352556634,-12.2919547392192,-12.1146107067096,-11.8822182019809,-9.51051801430267,-6.97058629940569,-6.76742507890478,-6.54069634212291
-5.80989991742414,-3.85192062219939,-6.17683901589229,-7.70988014850915,-7.47973658027963,-7.19827597656726,-6.14952931370636,-5.21440657116805,-4.9541694102329,-4.76643173588757
-11.760207037846,-13.8872761834906,-19.8729318149774,-22.0452060193271,-21.6364936669979,-21.2862337711267,-19.816190578928,-18.5864583712798,-18.2106667308704,-17.8655798467565
-5.36842359790377,-6.20994176020567,-8.49439325897553,-9.91091849992361,-9.65225624414609,-9.43231001145592,-8.40454567366977,-7.68017016101897,-7.52955073127637,-7.37785789099379
-4.10433160889118,-4.83992592829298,-10.1096468229116,-11.2583790993703,-11.0533016426097,-10.8368423045419,-10.1075726286701,-9.37459923399581,-9.15892765762453,-8.99913266799888
-7.63084236438574,-8.77285845492384,-13.5520554212719,-15.6807095556606,-15.4784005822149,-15.1837454829455,-13.6713128048043,-11.6298031773261,-11.0823709533819,-10.7409581786214
-5.3362847848342,-5.51976486635768,-6.68888500120859,-8.8897288786813,-8.54025299026982,-8.11083077102968,-6.53923271345146,-5.49345007042835,-5.22620666030628,-5.05650902093247
-9.76852357498303,-10.8045391323923,-8.89499524401146,-10.8045350083186,-10.5990083605644,-10.2773062058907,-8.82864328093988,-7.60146500206791,-7.38126561656218,-7.16697156192803
-10.2878044628,-9.5369351725469,-10.0199513494233,-11.6062332243434,-11.396698817372,-11.1350512576969,-9.93679644282497,-8.99106234067393,-8.77777362277046,-8.57331442157484
-2.30638728984165,-3.0237612410703,-12.7262964396049,-15.3296307104161,-14.7704834726861,-14.0720535986088,-12.6085145636751,-11.4558916566113,-11.1423655851688,-10.9483660674727
-6.61148457859798,-6.74528817156539,-7.45253490503047,-9.10003248511545,-8.91069179008438,-8.69508187534063,-7.47255296545713,-6.21814541149164,-5.97053408422223,-5.7796529461066
-10.5923407859264,-9.98733118081082,-23.0161569292736,-25.4577489710022,-25.0707650236783,-24.7453554946868,-23.2671761476968,-21.0299811594215,-20.5241309006717,-20.1895693410664
-4.73388956012913,-5.83446936379302,-14.7502835225905,-16.3017573719948,-16.0295458085103,-15.7477266584645,-14.8176339944167,-13.588039049069,-13.1505010966142,-12.8329692410628
-4.60082897620468,-4.61647881479277,-8.15329906457569,-9.45535051307385,-9.25217308921941,-9.00277924475659,-8.21508476597167,-7.24042709031308,-6.85475407800034,-6.34024537300679
-9.56921097879929,-9.53240308446479,-16.1858854162448,-18.3265556509356,-18.0652302253724,-17.7463443119425,-16.3650972557673,-14.3540819958325,-14.0413398041195,-13.7814672756801
-10.7141297513246,-13.8348554936796,-17.6990968458293,-19.4738278554179,-19.3064898234536,-18.9758396804716,-17.9180488470349,-16.0003043148775,-15.7161364933071,-15.3761667179709
-4.57233700531106,-4.65162023884397,-9.36820335740243,-10.8836306983216,-10.6637263458063,-10.3970009634373,-9.38089498215154,-8.257300025794,-8.02593642425679,-7.84461066815589
-8.51431533018003,-9.02148442226902,-14.9652606614546,-16.34372763255,-16.1370840932745,-15.8907854566455,-15.0114290949712,-13.9096097788247,-13.5771784264769,-13.324116356344
-4.22042450811942,-3.34257305469698,-11.5780653049457,-14.1145776052151,-13.942305087093,-13.5902851502818,-11.3345123639752,-9.73202255397363,-9.4759873009262,-9.2446668756153
-6.5716887608753,-6.75608265485862,-12.5887599150916,-14.2797912873609,-14.1144718718244,-13.8641189007413,-12.7485465179015,-11.1578644190011,-10.7644581736257,-10.3525354799315
-5.1197356140972,-4.34988242436298,-7.72603933168192,-9.04647419558943,-8.79462853020978,-8.61529401914544,-7.71041691964597,-6.86112624998878,-6.6718794631162,-6.40120995711524
-10.5377589039076,-10.0550151299305,-18.4483823595277,-20.4148356427312,-20.1069919414346,-19.8061342028471,-18.4474514317392,-17.0809864885701,-16.7437011112807,-16.4164218361123
-4.1142327184253,-3.22548828639598,-8.80620659418982,-10.0665567938423,-9.86313930535631,-9.61976489463592,-8.81094356204556,-8.03430542486507,-7.81025037523612,-7.60191587372901
-3.863108642361,-4.11501205969242,-6.44374393392697,-7.52161887873996,-7.34004318910158,-7.10395801536428,-6.42539437530667,-5.75630598903196,-5.59699017581483,-5.48173900845447
-5.71706464567744,-5.67669860363075,-9.28089666849432,-11.8801115078329,-11.6252028340398,-11.3201306111037,-8.92601150763942,-7.90729631350549,-7.69242471080065,-7.55742077153374
-6.76649098367852,-7.06572790891207,-7.43983328726176,-8.96254875568116,-8.78326338509989,-8.52809058321411,-7.59112669823105,-6.18699561485362,-5.86363177393251,-5.59501237090551
-7.97402555334588,-9.63472818672164,-11.6606415507671,-13.0077882504231,-12.8474707942196,-12.6303259656162,-11.6186259263943,-10.7508561645754,-10.5084871463965,-10.3457867875988
-8.35910142565367,-10.235472773924,-20.2025659927677,-21.6301554906314,-21.4067203510479,-21.1017232498009,-20.2053610720102,-19.2922014671773,-19.0436660526426,-18.8071635192774
-4.84809310469978,-5.95562853688288,-13.3660593954845,-15.3005287305065,-15.0328847426657,-14.8022113481458,-13.313611270649,-12.0070211121682,-11.7237906210003,-11.505933120747
-11.9504510336392,-16.0584859194457,-15.3672493336904,-17.4170866573684,-17.1440558186524,-16.8075745955329,-15.2430135177254,-14.1522854232872,-13.868394286513,-13.6833697744628
-9.58217119936153,-10.2212713933668,-13.1316450408026,-14.5871364654618,-14.4215306007672,-14.2031032899081,-13.1577318798472,-12.0475423969975,-11.7808893234537,-11.6078487005636
-9.32589021650029,-13.3258648708169,-9.00046066691245,-10.6642878302412,-10.4527023809125,-10.1887760782517,-8.90804257795208,-7.9948481372715,-7.79901256910607,-7.63930675249692
-8.26023477421526,-10.7064375080036,-15.978801256091,-18.1462789210622,-17.8397543958886,-17.5500446697351,-16.2490692071113,-13.7479827799801,-13.2376149367345,-12.9641914241649
-6.17438825463519,-6.00051471639224,-6.23823393950544,-8.22223941254761,-7.99117964486031,-7.73451316089702,-6.0318708984567,-5.12236488098444,-4.93303401447897,-4.71068041465037
-8.75970737719921,-7.57070642821614,-17.1050792959177,-19.0806126607072,-18.8642298130656,-18.5801617328303,-17.153938514419,-15.6150601478143,-15.247693824948,-15.0450663623404
-5.80904369663479,-4.25108146997329,-11.6593104863805,-15.2119676034196,-14.9736906286236,-14.6695059969073,-11.2232673956459,-9.03084977428367,-8.67088840827718,-8.21928230631405
-7.16473286230923,-8.71475678079892,-9.18681069137798,-11.3663878223502,-11.1824164675122,-10.8344709299443,-9.19394738971061,-7.61535235243733,-7.24903803745344,-7.04994141282278
-9.5983897431176,-13.5598677554763,-13.0060001743909,-15.2806078604203,-15.0427685374123,-14.777419024585,-13.2961189240084,-10.7720310209815,-10.4766454552005,-10.2427618684064
-7.49920198433686,-8.36422127530951,-9.569465236405,-11.2967872629807,-11.0431754230207,-10.8038515695838,-9.72662259512253,-7.97745837079022,-7.60534939748614,-7.38423318799771
-10.0259838877921,-10.7840994510633,-17.0567004650465,-19.3613498623306,-19.0412989939597,-18.7041306596945,-17.1019918874046,-15.2014537890744,-14.7436895458861,-14.4547281216704
-6.71950478713933,-5.77351401025001,-16.8747898946658,-20.2922857201438,-19.8578816926425,-19.4164791974441,-16.6134677781291,-15.0187211296271,-14.7111170570102,-14.2953176985388
-6.57531699701087,-6.02583846156457,-10.5676482837643,-12.0164024761317,-11.8437733298154,-11.6035299973454,-10.5772166491159,-9.52958071888133,-9.26022447136272,-9.06851777858965
-9.1488684614725,-9.39649287336657,-16.7016241533773,-18.1267954844191,-17.8926897698568,-17.6597160115057,-16.7190351007881,-15.7216307604671,-15.4290780085991,-15.1931923492211
-13.5451779883171,-17.3418386499355,-27.7791515291715,-29.9513225756981,-29.7397467228243,-29.3890309577833,-27.6410731367539,-26.3977798049141,-26.1209793723843,-25.8756301744607
-10.5674257149889,-10.9123803803658,-13.2672530732933,-15.429832403915,-15.1344327332809,-14.7180587507236,-13.2605273304159,-11.7011234751582,-11.3471800277141,-11.1123773484871
-7.19246606349755,-7.49930618919456,-12.3088008118879,-13.8263160986212,-13.6756129494636,-13.451934542311,-12.3770552246364,-11.0745739886968,-10.8123338373217,-10.6021559862244
-7.17805241836634,-6.01028914897926,-12.406854684341,-14.6729927861003,-14.4594469310114,-14.1801021268952,-12.5373688770822,-10.5250184692559,-10.2294380289122,-10.0121728921766
-10.8542282505247,-13.5585234992979,-14.5538705926399,-17.0560681474145,-16.7649201119758,-16.4843046867957,-14.4651225641225,-12.5428808068701,-12.2287286536784,-11.9403260015438
-10.1927488175262,-14.3092014477589,-14.7868807411626,-16.1020238056704,-15.9368883529597,-15.6751704320502,-14.7438910056276,-13.9689184332275,-13.7801404659491,-13.5409086919852
-7.66939835482344,-12.1247944538097,-16.9322244120055,-18.4489455502513,-18.1872818961655,-18.0101967471703,-17.0548712047078,-15.756570822429,-15.3976350740752,-15.0997377737995
-8.70506099162628,-7.97190970034554,-12.2438539078926,-14.3036926744625,-14.0264881823227,-13.7110939192633,-12.1197528293757,-11.080100407783,-10.8725170774092,-10.6580909560247
-8.17481642580902,-8.25557563323913,-10.7975605928415,-12.070098773582,-11.8971270524981,-11.6913109299519,-10.8931406218883,-9.76657708596605,-9.38770193838798,-9.18239139797494
-3.74364224301854,-2.69207929876845,-7.90940711097192,-9.34635414115478,-9.10850749694135,-8.82449348870529,-7.90540883491901,-7.00257737431219,-6.78381773520108,-6.61584654199085
-8.7904640742434,-9.53951654686482,-16.9092792754114,-18.9939173153274,-18.6455507498057,-18.0912209237267,-16.8722821608725,-15.6939126213718,-15.3867633853669,-15.1581123885782
-6.40679178351517,-7.61415527953671,-11.4913521809685,-12.7233796938622,-12.5762831950262,-12.3521155033398,-11.5829681315539,-10.4195771799941,-10.0957456747839,-9.80962437163571
-6.197232722769,-6.66634653518981,-12.9312972679986,-14.7923885789244,-14.5072956516665,-14.1070955656339,-12.8046169251449,-11.9726301709245,-11.7292641846824,-11.529627896948
-9.46367031107244,-9.68401125710942,-17.1685598421699,-19.1223893603744,-18.8993888261016,-18.5651870397418,-17.3597574312568,-15.3566212724326,-14.9215132814813,-14.514216040326
-9.21610401043995,-10.7437552111628,-15.809825536587,-17.6694969901469,-17.4927056821262,-17.2186677495366,-15.8827626339038,-14.3606726131648,-14.0716378996631,-13.8008875064329
-6.7756566937473,-7.28648718809045,-7.27862805181646,-9.32875186815756,-9.09348532052635,-8.80953068635403,-7.01729198664927,-6.08060041529994,-5.87089400493672,-5.74332438507244
-13.4156544742391,-17.7285017898681,-15.335956807231,-16.8391703099698,-16.6385418932176,-16.3573976774743,-15.2927625891925,-14.3996388472852,-14.1931873063494,-14.0093225709746
-6.58031598904433,-7.87336758684751,-13.4770889371354,-15.6062119130505,-15.3346659840827,-14.9382638352434,-13.431430047487,-12.1226841826869,-11.8302299512859,-11.6250376137624
-5.85381301298437,-4.24755746326095,-9.40399086438292,-11.394744748072,-11.1629081181724,-10.9014268872209,-9.40443833203244,-7.92409210198216,-7.71053152637056,-7.5048604415325
-6.90085645444996,-8.70514946587473,-14.1294346272272,-15.7477819462442,-15.563696506474,-15.2178317045911,-14.0785052857733,-13.1081279058583,-12.9035599917838,-12.7502334819355
-16.3333481772496,-19.4305826195858,-20.9892785469633,-22.8057471873472,-22.6101852155151,-22.3159962385964,-21.194990399118,-19.3068721585999,-18.8820785638026,-18.5755687456235
-10.60193454172,-11.278019229558,-10.5926608416739,-12.214043007887,-12.0105131270859,-11.6669786331038,-10.6052465465717,-9.48534031164397,-9.2622023392322,-9.03119754979032
-6.60166414513574,-10.1321355938476,-22.2804426103071,-23.8353820531792,-23.6496941148182,-23.3959481355719,-22.383810102958,-20.9586635623837,-20.4699219512965,-20.132577983384
-4.5601280890891,-3.3148488205371,-6.75643728173669,-8.31520844865487,-8.12503128040521,-7.9269558333911,-6.81000324329076,-5.51843232324052,-5.26575205369792,-5.09048438945479
-7.4553793323988,-9.5385352854428,-12.2578674832041,-15.352497021542,-15.0927377134311,-14.6834467445492,-11.9973668900453,-10.4745629307276,-10.1779365399497,-9.98496533037418
-9.52728322563752,-10.028274397219,-14.9738792436429,-18.134528859547,-17.8327367872548,-17.3395352388162,-14.9274537914327,-12.5622751170644,-12.2234033990324,-12.0091404790489
-8.3780908784465,-7.84915405375233,-8.5628880119522,-9.87741258805132,-9.69129590451692,-9.47479042294052,-8.50184228278773,-7.73321694878296,-7.53591584362341,-7.35038348047741
-4.09387461556093,-4.21435944786867,-8.61977899755435,-9.70285662054043,-9.59748687703857,-9.39848227214468,-8.65868213076288,-7.7798921470245,-7.58177215777898,-7.37007837555563
-6.7837001101444,-5.95310820718526,-6.56172418389649,-7.72904731538243,-7.55973978172688,-7.3565715033285,-6.56704774572848,-5.80135971187248,-5.61071493341075,-5.46061925211489
-10.5895633676837,-11.6289004032938,-16.58122481748,-18.2499100571148,-17.9552498704985,-17.682845143191,-16.5865842930438,-15.5062519929031,-15.2241643092816,-15.0091447411559
-9.04753558730249,-10.6424472977927,-20.7890293484782,-22.3722326150225,-22.0548908462113,-21.7881966509106,-20.8368403211138,-19.6712233467096,-19.3054156114212,-19.1109346113266
-5.65947409539153,-6.66737760276062,-11.7412076809489,-13.4185644427787,-13.241284389413,-12.9844673350455,-11.9930021787657,-10.2967094937656,-9.95083212949517,-9.48646438585086
-6.90540377906008,-9.76743347890523,-12.3378363310871,-14.0567075361384,-13.8152587976647,-13.4937773753786,-12.3600076731636,-11.1473506596056,-10.9167344901744,-10.693937747846
-8.42850569714554,-9.33395999294423,-9.68622655264377,-11.8122378469824,-11.580578434665,-11.2900141812971,-9.72138725380154,-8.00130483227161,-7.64818015177499,-7.43871564361185
-6.50859777986815,-6.75359169279174,-9.94630038705589,-11.4537822580765,-11.2283429091601,-11.0037204957904,-9.93796581618331,-8.9061376578863,-8.65821015205945,-8.50327030446798
-7.55475435373472,-6.07258331279034,-16.8573027134352,-18.2151915959405,-18.0116963292076,-17.7919527622543,-16.8681228704611,-15.896191956165,-15.7225283162847,-15.4514938560906
-9.58819151470655,-12.5271544368675,-17.1408932921524,-18.7325216045378,-18.4162035035558,-18.1209358573852,-17.1278662384696,-16.2228129832166,-15.8798701740784,-15.6931872547143
-3.18051881351156,-1.83856830291948,-5.28313660792477,-6.54324424231852,-6.39449415732318,-6.18199762442017,-5.28349774263233,-4.39967842210905,-4.20314334620608,-4.04100999010237
-9.540246950375,-7.67948684375278,-16.0287466976266,-17.7707978660263,-17.4745835710926,-17.1908925610424,-16.0299065199518,-14.8624551715655,-14.6229738206459,-14.4228113843463
-8.11908552843674,-9.01762928056439,-11.928669613262,-13.3056729030617,-13.067329152334,-12.8729979934853,-12.0030254048845,-10.8631737395022,-10.5623354981167,-10.3444571293693
-4.52482646227525,-3.58540732727958,-8.09503941273661,-10.1906765903301,-9.88535056082608,-9.56236350010594,-8.022423543997,-6.63442416206559,-6.12528212726414,-5.80045333202105
-10.8870269399103,-12.7858838785868,-20.4233320680895,-22.822784534086,-22.6520571314738,-22.381758887907,-20.5384705785769,-18.4917479751452,-18.1470144389483,-17.8974497892411
-5.56166209299393,-4.74019598187446,-8.29015822119507,-10.6158241048196,-10.2334979243634,-9.89205355922697,-8.07908229686679,-7.10529865583856,-6.88605715525862,-6.69984448810724
-7.73178339974171,-7.92314665946379,-12.4122437350878,-14.1933716673862,-13.9870126443374,-13.7452224875104,-12.3408529571024,-11.201782745989,-10.9899152347397,-10.7023962729579
-8.23285396237866,-7.06538025049559,-14.7795671555458,-16.7170964209808,-16.4098084026878,-16.0327820350369,-14.7648733260084,-13.5161327983849,-13.1777616637457,-12.9118673597575
-5.33269474305419,-6.67468351888689,-9.03710739907354,-11.3147344844239,-10.9961694565989,-10.6709928224743,-8.78653919601315,-7.86056673860218,-7.57870131345074,-7.44507733600174
-5.53046524937303,-4.2373265829259,-9.31776696370173,-10.8287959316618,-10.6539003027924,-10.4098582585076,-9.38614593204664,-8.20222285606646,-7.69417269370751,-7.29255484449218
-11.6931871072332,-14.3142876693822,-18.4082347245622,-19.9883802771323,-19.8111168500762,-19.5077096444653,-18.4945710801392,-17.1792984969161,-16.7940446881981,-16.6160620270562
-5.76781574498965,-5.80724262263448,-12.5812236535963,-14.0576010704484,-13.934142447867,-13.7137351388934,-12.6967881303009,-11.2263215163839,-10.9123809187609,-10.6810942249028
-15.2682107411746,-16.5286405789,-17.9240483360796,-19.867996677503,-19.5953164357812,-19.3181110260139,-17.805390132872,-16.6638516255848,-16.3956144705808,-16.1798544443575
-9.24377759182802,-10.2028181597569,-22.8221333014137,-24.2776188188478,-24.1203056175895,-23.8324208785057,-22.8003971536328,-21.8349216966122,-21.5823690828545,-21.3596075614045
-6.44461925497722,-6.73786312189292,-10.8627222648586,-12.7231458553097,-12.5251803572326,-12.1605715275759,-10.8387518769036,-9.56459527220949,-9.23249372909893,-8.9381409316651
-9.05949893322951,-11.7891072263039,-13.5684154622879,-15.9443969814151,-15.7186493615067,-15.3584312005522,-13.56202481062,-11.6743274312645,-11.3573856127927,-11.1564236735766
-6.45729593677968,-7.69866117716273,-14.1550930536585,-17.055481135096,-16.8042153440791,-16.5403265129284,-14.2378409192896,-11.6837277178428,-11.4187653581021,-11.1936848442436
-6.48750085349818,-5.13967235135284,-8.01538543847838,-9.80241777253427,-9.56288789637436,-9.32440866523316,-7.97637923299397,-6.79359074975046,-6.61685521562052,-6.42449359667717
-5.23990885405475,-5.2700525829768,-8.21834575964714,-9.52931052944756,-9.30078646367922,-9.07833195920267,-8.18117767970571,-7.43506519788667,-7.23257160398204,-7.05111715471448
-11.5711205529464,-14.178783896503,-16.4596809937066,-17.8593933244092,-17.6077572910109,-17.2753913531522,-16.4301163110278,-15.6341907881446,-15.4400346997101,-15.2588912137288
-8.54284285408958,-11.8444217839123,-16.1268941679551,-18.7548273363055,-18.5450949614186,-18.2850767719208,-15.8190308364004,-14.3235544894679,-14.0403323960898,-13.7325606701425
-10.3838809233863,-11.3015113647452,-16.7256800815846,-18.4047527728741,-18.2274691758888,-18.0163534610156,-16.931434618324,-15.2027094541347,-14.939310473547,-14.7112169963794
-6.95715910728801,-7.99031989729931,-11.1344255606139,-13.2816528093621,-12.9524533553271,-12.5201076557417,-10.9866897307873,-9.9090447505013,-9.66938641797024,-9.52151599038689
-10.297795401952,-11.7291950097767,-13.8962168912639,-15.3019246462849,-15.1240542514223,-14.9238578399378,-14.1111117211121,-12.3362238418779,-11.7699883023719,-11.441859350422
-7.84843774036751,-7.99815482479386,-13.0489428729998,-14.7429716584342,-14.5057264772779,-14.1871508844977,-13.0509290214323,-11.8417470608185,-11.5463350474246,-11.3494502532657
-3.45311225428249,-2.28434380039677,-5.70569039974445,-6.91931181783316,-6.71441714888909,-6.48654113155216,-5.65370956140277,-4.97559996773086,-4.83713951502241,-4.70622472536236
-15.1365913582743,-16.3959133809426,-22.3322434912834,-24.0553316076522,-23.8131190181921,-23.4884834285022,-22.3588127243275,-21.0839268707264,-20.7645987295243,-20.5744529276522
-10.9768498897393,-11.0816270420908,-14.2696860716155,-15.6136811367102,-15.3435004567988,-15.0975026447209,-14.2735142890202,-13.4405576855223,-13.1814694010205,-12.9714964847283
-8.61856632853018,-9.40223674675209,-13.520607631419,-15.4202391755783,-15.2330498160324,-14.9585941447419,-13.703391444469,-11.9535982491159,-11.6820811323799,-11.475281935828
-6.55961193163696,-7.71591304475965,-17.881033707561,-19.5279747824743,-19.1991300705753,-18.9492455977253,-17.9177506572422,-16.7636202389708,-16.3661225000786,-16.0426024277607
-4.11226951056257,-4.22870641836451,-16.7598914263911,-19.1200526682231,-18.8051459614321,-18.3201166620585,-16.588292914746,-15.4249940614964,-15.1721640172041,-14.9662524661244
-5.08910803143559,-3.70142569873049,-9.36621586873326,-10.6213649046859,-10.4040124317834,-10.1603826539437,-9.38126506313273,-8.54803361095213,-8.35162185398431,-8.18500057856154
-6.50482063373785,-7.9951329886254,-15.2407620270833,-17.015743475969,-16.835716950042,-16.5489938592373,-15.1768382744574,-14.0833441784905,-13.8176087964712,-13.6933372915125
-12.6497442577803,-14.9193642006976,-18.834659496259,-20.8452404864079,-20.6313974833056,-20.2877487847149,-18.8910113980473,-17.2100784689799,-16.8770425636282,-16.6210071800054
-10.3614057540011,-8.6922098899611,-11.1092361037646,-12.8116195356456,-12.5795931250726,-12.3310574776652,-11.1713437507485,-9.87225135565376,-9.51337235458885,-9.29479448992194
-10.3965952857335,-10.9154692298135,-9.70264713864532,-11.1676324063838,-10.9707035253236,-10.7975198657615,-9.9536359297458,-8.20365887231143,-7.97383880232118,-7.70759516154353
-3.51778997854592,-3.06890326462464,-9.63151421854366,-11.440110744651,-11.222391395749,-10.8979657129687,-9.47664395720625,-8.67007959861474,-8.46858898755093,-8.32216842533177
-14.2828575423259,-19.0634665851512,-16.3179185786957,-17.9259491575824,-17.7380949034692,-17.4928905420119,-16.5189755249696,-14.7406178013928,-14.2429719828079,-14.0326831407897
-10.6182324168022,-12.3300952834061,-11.9882848658243,-13.6677069337153,-13.4066778204862,-13.1507731806252,-11.9923730260298,-10.8306841124597,-10.569736148743,-10.3586223844192
-6.34858533203455,-5.94141288794478,-7.32977735848808,-8.97443366281467,-8.78843059594293,-8.49475338757958,-7.37190857319194,-6.10049190949956,-5.86188875106137,-5.70597101846469
-10.8111077471804,-13.2505670723413,-22.5787412528567,-24.1716986673634,-24.0050968276249,-23.7720308663982,-22.6189061158354,-21.4290921183776,-21.0910462859293,-20.8570055895623
-11.6874582166273,-14.3491972863654,-17.2774635587143,-19.3498333192853,-19.2102737359332,-18.9190035834222,-17.3633389899035,-15.5683826000215,-15.2292895795602,-14.9043804134453
-10.4503632386455,-11.792632381648,-17.1529001992304,-18.928794705945,-18.6196798050456,-18.3601515787947,-17.18158888241,-15.9255707802221,-15.5804999761072,-15.1211297935373
-11.8283579767402,-13.2810121553964,-18.1647115055226,-19.8607119773309,-19.684650091764,-19.383150166307,-18.18789523466,-16.8724979103226,-16.551613854611,-16.3096613540923
-7.63836309140717,-9.62243116142063,-13.7302970912787,-15.4067801030364,-15.1515581617841,-14.8637078959239,-13.7631984296332,-12.5305103517213,-12.2487403329904,-12.0421300889969
-4.25034379053008,-4.10885681162044,-8.05844762432947,-10.2766060485594,-9.9033783882758,-9.36655054365496,-7.8766032262055,-6.96969986169265,-6.75048364087992,-6.56491580007594
-11.5765464079257,-13.2364579703328,-16.1640009000958,-17.4310784617121,-17.228543371057,-16.9772957892485,-16.1603260134892,-15.3838157112824,-15.113738573196,-14.8698841789167
-6.96175695120493,-9.85723127213041,-6.87252979387627,-8.54602973417944,-8.38845264523911,-8.02852969803815,-6.77653678077713,-5.88560373915326,-5.70492671412853,-5.5374954977628
-7.19061143420535,-9.65390770112023,-7.27963317033189,-8.6231450259953,-8.36535137175855,-8.14920005755414,-7.28030576831282,-6.38531862622022,-6.18856199734461,-5.99478756745216
-11.374046910961,-12.565907734579,-12.0469874794845,-14.2040097975553,-13.9187570457959,-13.5817074679355,-12.0218007939153,-10.576301092548,-10.3416989143351,-10.0655008111768
-8.25538255948016,-8.7358166324747,-11.0325417495844,-12.8917203909697,-12.5963220734712,-12.3191970436869,-11.0236912973341,-9.77161249077689,-9.53333928858785,-9.35513408552487
-10.2768217992702,-12.5070152052452,-14.5028995360801,-15.9336520063177,-15.6172234996336,-15.3881881474701,-14.4663649025509,-13.6782109695034,-13.4651766394609,-13.2814584869364
-5.52892346368947,-4.64426516134095,-11.5189108491601,-13.1020633056701,-12.8844540348625,-12.6469967168844,-11.6572577575792,-10.2587266842479,-9.97650390483396,-9.74823139482215
-7.43853504227631,-7.12128488376335,-17.3730339172631,-18.5701407359327,-18.4227602712805,-18.1969086867521,-17.3952138813858,-16.5081122253544,-16.2580043341927,-16.0661994262106
-5.74423515805562,-8.3984757896817,-12.2693627362219,-14.878059354266,-14.4804097453026,-13.9297846567597,-12.2195830689589,-10.7344702357697,-10.4270090843455,-10.1126215494272
-8.59685789489761,-12.9607195715386,-18.410677850732,-20.2271331109334,-20.1064766540734,-19.8101889987713,-18.50749555407,-16.925304008685,-16.5569158536896,-16.2493408748629
-4.38540212834809,-3.56812477844551,-12.4723441358499,-13.9935317362121,-13.6647710469592,-13.4329545398955,-12.4445216556685,-11.5682018550426,-11.3119270678135,-11.1022268055058
-14.6485307249628,-16.5531737694716,-21.1150869193848,-23.4833674138037,-23.2040248525082,-22.8300968483996,-21.3757344682621,-18.6061172231252,-18.1962413231981,-17.933843080435
-8.81650590226306,-9.28231116546917,-9.09429607497385,-10.5671143570117,-10.3168669976666,-10.0457643848211,-9.07204156986601,-8.20010708295246,-7.93190198235234,-7.72381703032223
-7.76497790951702,-7.06036359601583,-13.4216768869118,-14.9587085331896,-14.7493012427492,-14.4829975679446,-13.3711466564492,-12.4535669603478,-12.2219511062075,-12.0648399714357
-5.811121559906,-5.49774037310191,-6.95338556122085,-8.1186350550387,-7.97958056479363,-7.79539615823543,-6.97910312107112,-6.06579637522895,-5.8314030726636,-5.62077390732563
-6.24174158517861,-8.17061599673917,-12.5901148589068,-13.9688820355776,-13.8159085722531,-13.5917293992908,-12.6280427971386,-11.5684947156701,-11.2857465282726,-11.1020151728832
-4.3991402090055,-4.63785895807376,-8.77461365603689,-10.9611881937731,-10.634514082927,-10.2842638919753,-8.7576757542869,-7.34301018623444,-7.01777174746298,-6.87156317840824
-5.76596248473361,-8.18561870209068,-14.6511580570844,-16.6373873915534,-16.2866050040342,-15.9975374655272,-14.6634842984062,-13.2781540948704,-12.9587597635418,-12.6332842172722
