7.38342927159311,8.52860990264932,12.5483023005405,11.4850895076159,11.6481066799595,11.8698468749457,12.5537690163011,13.242127807353,13.4346970080408,13.6101088008156
6.42853201699603,7.67297837645798,10.6723737610192,8.72553277598684,9.01177683474127,9.3081123907921,10.6302365910921,12.0312013865847,12.2978310536885,12.5100559990411
9.37674154828801,13.0644067081191,18.1411546218846,16.9702898674074,17.1531720215198,17.3604003110621,18.1650800344651,18.8749753578074,19.1196778869915,19.19773929529
9.30260778606331,13.2793154374563,14.2735827412455,12.947714557929,13.1616795318877,13.3779258315357,14.2704151555921,15.143632247999,15.409445202395,15.5933251791403
4.46229947825087,9.35788873398683,8.92338160643998,7.83508214086561,7.96003123012354,8.14632056347245,8.90859222524822,9.7530896343842,9.94083470761469,10.0531034961314
10.533582310126,13.0806817197119,22.3992778878135,20.6933682179406,20.9000939779959,21.1739617523366,22.3997794676554,23.6094428047946,23.9310332819368,24.1708042823626
9.01025460996294,11.8619565743359,16.179077375646,14.7576908688678,14.9288856201334,15.1486907320967,16.112835476729,17.258488410423,17.4912972581114,17.7210870512509
8.79142780602627,14.1736508216471,11.9854559534477,10.3420882786616,10.5585663905055,10.7819499306599,11.8815423787133,13.3816065632025,13.644838473195,13.861523971866
6.60271627396538,7.44795801031306,9.8291729901743,7.70868400043964,8.00867138209855,8.32623285877422,9.70761920265377,11.4867797203345,11.8667997544448,12.0878165316758
9.15282495242326,12.0706026929483,14.6960897437719,13.323705320435,13.5519934141268,13.7852154072821,14.7316016527029,15.6024778350194,15.7959024252468,15.9032009888761
9.3323572700235,11.8094428428318,15.4801690474151,14.0767361652791,14.2636988252785,14.5284015907575,15.434645407013,16.4976717475742,16.7834095044935,17.0453418727858
3.41684341721301,5.34275952111478,7.12308275621136,6.20289263026546,6.34353497532711,6.49543149851389,7.05632653950135,7.88079000089757,8.09133808775697,8.28940469455652
3.4111912722407,3.11270738093026,6.61481495372812,5.35987882262916,5.54163465222236,5.7352315260711,6.64722612264335,7.44787405975488,7.68385922866007,7.88888727018436
7.85208673465515,9.30136096485768,19.2484792522267,17.3428196478039,17.5634513273053,17.8483685428349,19.0387119617786,20.8469175189153,21.168709974098,21.3783197445229
8.13678005702496,9.12091248640426,11.9325626154534,10.415179742568,10.5221026201341,10.7478861187636,11.9848264076713,13.0128354689867,13.3795198097942,13.7017620559993
9.2089218535253,12.1456556271236,19.3288663589174,18.0548665823864,18.1780944396572,18.3964858604605,19.3852966085919,20.1958999341874,20.4323645995439,20.5978039134815
7.78596752186931,8.05402193705077,12.5887243232674,11.0757464952168,11.446190981536,11.6750314817707,12.6169337605747,13.5121599285549,13.7070448758706,13.8416670930888
7.64307068910514,9.09161122435264,9.96921386114708,8.00049877887846,8.152122782424,8.38107865182063,10.1283960037538,11.5576454458727,11.822970526189,11.9994890034464
5.2306270595295,9.73644326947831,9.96604130565997,8.51568133241551,8.66749857982877,8.95344362881286,10.0739740881556,10.7246665633924,10.8787833550879,11.038283312274
9.46941237993061,12.5328452380395,17.0460105585381,15.7748299580066,15.9566832607899,16.1707824660999,17.0879368773576,17.8785288522346,18.0946607933013,18.2534286528328
7.58579993269822,9.17674965943245,16.1999522982239,15.0783819645449,15.2268515643774,15.4570075208526,16.183381250751,16.9740845705118,17.2165083273525,17.3442901051416
7.38749747721476,8.36855064231172,10.850512597663,9.78169527632175,9.96604203786586,10.1010449976656,10.7847500886213,11.7292946404893,11.9813902778785,12.1958792254667
7.67092819960625,9.28232353302039,13.288502475959,11.7692180335264,11.9505951238339,12.1484178481554,13.2514793246636,14.4295878066136,14.755359420858,14.9564137648344
9.14801379088517,15.3550694661523,19.5133144943072,18.1007199145865,18.2875462391099,18.4667813480433,19.2572700630463,21.0913589596921,21.4443496380985,21.7097084817329
4.33535792270845,6.26846508818779,8.28454683508877,7.23476629836019,7.41002563715658,7.61738554744186,8.28037433511255,8.96365736114135,9.18064266584341,9.31253574472603
7.29170765758104,8.96891624316157,11.9624033542676,10.7017991986021,10.8481803423805,11.0926083576865,11.9605997237352,12.865943429657,13.0765102456346,13.2555436997607
7.52265305772323,9.3459640860784,15.9089711669662,14.4533859008252,14.5779496494596,14.7830428814597,15.9220048567609,16.9634227722033,17.1798202396837,17.2823155136988
8.95122968501029,12.3204488127091,16.9907848493365,15.426356099959,15.5746570105361,15.7479220538595,16.9168332504205,18.2441396127518,18.4683458091798,18.6149837392561
8.37901975642079,11.6140905752188,16.0029188390662,13.8985486490931,14.6011306463489,15.0126796831994,15.9595677016104,17.1437179478055,17.3617734344925,17.5071224194522
3.78289714090322,6.5502094788166,8.31673204373592,6.82644297186135,6.9992497141124,7.28259367560625,8.25225412301024,9.4632907985827,9.72085733079079,9.9360083160415
7.18017256396576,7.29817117119564,11.1518215650633,10.0576859593788,10.1815249205916,10.3895608926459,11.1554340077517,11.9278276801651,12.1229619289108,12.3214320391586
4.41147793844018,4.64717182521755,6.49432244764281,5.56116079891207,5.68863040029217,5.82761629588103,6.4892569823594,7.15817583775793,7.28652113366274,7.42429782899389
8.05388656021329,11.565739150013,13.5458168106204,12.1549627073853,12.3329833515263,12.5755680456579,13.4015557525978,14.7237435475712,15.2736070728395,15.6847249189455
6.21309849140366,6.58485331272294,18.2570609059263,16.303616845483,16.4456216916141,16.6959816471024,18.2856741839572,19.7223151998701,19.9828293307108,20.112991335779
9.8361741823936,12.4588594599348,10.8148054689172,9.13291638335175,9.35022277658613,9.67230587394076,10.8668498283697,11.7600038429208,11.9976792957125,12.2046055339512
5.55484107206835,9.15103708139635,5.88786641093428,4.60767410036975,4.81095687183354,5.03592286845337,5.96252948484469,6.62647113489839,6.78254868202124,6.89431733883819
4.72721343727678,4.92932413872474,9.71489634581421,8.44063926124023,8.62708477778343,8.82059240763622,9.80242480999068,10.5503195074232,10.7142594863622,10.8535862551549
5.7155119789156,7.58233443083883,11.5607715345225,10.3894890994398,10.5297461459665,10.7113259048581,11.4824815031215,12.5738775736147,12.8798549477395,13.1099089994974
6.36458513002476,7.96622227897984,11.7240304799618,10.4344830062557,10.5575706801226,10.7960886672096,11.6768910476991,12.6968234191551,12.950554931587,13.1568410512276
8.70084266591284,11.6122779673516,13.049090792222,11.9229416694698,12.0799479448157,12.3146927083793,13.0544206327033,13.7864248937722,14.0074123684996,14.1715833590141
7.59452363674294,7.78252061038411,12.5665982040981,11.3571266827636,11.5338171212325,11.7679616129663,12.557654600304,13.3513996866356,13.6100787122713,13.8172992682213
8.37699725687512,12.2397309044035,10.9413054062983,9.96498818269868,10.1017052862605,10.2753543840079,10.9212091115307,11.6165736561213,11.8486188782786,11.9934300069931
6.20143980031168,10.1660434153192,11.8022060195426,10.7310166596083,10.8594546969033,11.0223332041009,11.8074706948689,12.5802493486334,12.8266388246095,12.9896977398288
9.03209832598402,11.8827019119992,9.13527727677146,8.20324642496671,8.3757856797322,8.51813577653246,9.11903036636656,9.75932920313655,9.93941021090952,10.0915643458754
10.9851665881491,15.9204221144008,15.7024757331469,14.0754998456872,14.4020407469915,14.657953122125,15.724210707994,16.7145448036419,17.0044639515706,17.2548047108374
6.37211716607472,9.87878576150099,11.3623275830147,10.3934060184829,10.5597231574095,10.7326800200433,11.3605042826233,12.0152609824578,12.1379759578013,12.3013261996638
7.87469613075745,11.896675330906,16.1321338210772,14.7890904199343,14.9596144620143,15.1685944794647,16.2046771630691,16.8978283428321,17.1049142941034,17.2643097462061
8.19568866093373,11.70405618995,15.8208754112776,14.083661732711,14.2639803621121,14.5398963198987,15.836253112028,17.086768839737,17.4335650012418,17.6734826911741
3.81668571865311,6.09521017926275,7.24312736268371,6.41922443374608,6.52478413672143,6.65771634050328,7.21252754221523,7.9062233713855,8.14324902029932,8.26725049793873
10.0438426337783,13.0643225191426,19.3069260327667,17.8642507314988,18.0160708343801,18.214890996397,19.3289973970721,20.4378057954279,20.6826591430262,20.848461158385
7.28312019652456,11.15309819017,11.1336239246907,9.53070430641311,9.73202451523802,9.9978006109617,11.1958948864691,12.1406381921071,12.3692195143963,12.5682646804352
3.55015852132869,4.82038873884685,8.88768964000864,7.43882958725694,7.70643437030876,7.95963688469426,8.92750354603557,9.79497330597911,10.0407708994136,10.2117014907313
5.37359409594056,10.1550753259714,9.79893702099432,8.94065543588367,9.04272864803469,9.17187930244375,9.78847044399275,10.3906441192793,10.5693665604013,10.7279645255323
9.2114188758818,12.2828160247108,15.4357335530213,14.2473404795985,14.4297963163575,14.6458789533885,15.4444947200763,16.2581656678918,16.4739719287863,16.6652996215142
7.22946715708028,8.69219846831656,14.2895837877212,12.7498170413725,12.8912032514662,13.1270320980678,14.4528842890442,15.2687388222721,15.4811230466287,15.6561987624773
4.43427210984161,5.49284923167057,6.1925726136692,5.35910753444762,5.51662635720882,5.64398409796682,6.19091256407371,6.75883109835984,6.89576909431871,7.01788637730084
6.14623364904465,5.87678510132247,12.2296096478295,10.9326725901876,11.1827558992395,11.4765182855043,12.2559821405687,12.95011892851,13.1095218433108,13.2729897879144
6.16238451420862,6.13694413760207,9.06146256774348,8.12982995697183,8.23878637275399,8.38696172656774,9.03016615327568,9.7803308217043,9.97862565698039,10.2258881921721
7.95380677884386,11.4638230827093,16.917906330809,15.5044803088322,15.6923143871161,15.9316861473594,16.8759092486183,18.0195277350891,18.2897551648569,18.4653800114345
8.07104155730075,11.1842224351659,14.2548175914603,12.6135228042224,12.756486177881,12.9511273743218,14.0633239512396,15.6953796462688,15.9231421134933,16.1559130293448
9.91017331755504,12.5159882916767,17.9480350323603,16.8612482459683,17.0376293625467,17.2395148320567,17.9549043856163,18.6597603664888,18.8205608012712,18.9973290333406
7.27154269917738,8.30356049408789,16.707179447167,15.6281899987019,15.8022107452454,15.97258227521,16.6688035748223,17.5240901938871,17.7261590210185,17.8425578456706
6.53248724655677,6.66759523333537,11.5250426739959,9.72946077549026,10.0205837278062,10.408670421476,11.5446456282025,12.5606101847557,12.8708130757512,13.139332381025
7.24407147880471,11.8414401017106,14.0998719374315,12.7061886722565,12.9902562080239,13.2580711285525,14.1052217517222,14.9549426946776,15.1952401977772,15.3953130187488
4.46378960238896,5.2728685690115,10.290452476319,8.79658421712217,8.96189610783719,9.17417188182224,10.2851536956878,11.4951937060571,11.8029708558952,11.9732693978728
6.07107249108529,9.37040835071436,10.5217059682122,9.37505181025263,9.55524048657015,9.77984471078398,10.4690045277741,11.329588718855,11.5953094568569,11.8420130506815
8.92395204158404,10.3578204677434,14.0013553311578,12.9470148989341,13.0819830476492,13.2413879484638,13.9955375185423,14.7501711959803,14.9264830431415,15.0428916715027
7.40801790604197,9.13884789637068,11.9087347522282,10.6939276016086,10.8478121707074,11.120675093014,11.9011331159817,12.7392649900587,12.965007879587,13.1204651273827
5.82383048551211,8.6836471958974,13.7099186705762,12.5546115187506,12.7583508207992,12.9519893336906,13.7256305730706,14.440862987681,14.6290599944837,14.8519990701686
7.67307159178381,8.82177780666647,14.1114707820874,12.9520483123313,13.1200434510348,13.2803366526291,14.1439822747711,14.8973728519563,15.0896173733394,15.2409141942436
7.9807098102934,9.72005267242054,16.2236760971905,15.0092366742267,15.1992390097291,15.4525493419691,16.2240137161765,16.9826696617372,17.1899660324014,17.335061766956
8.94019879861485,11.1023358476328,17.3914157326545,16.0658659526933,16.3033400257008,16.5015384695918,17.4610886463683,18.1795562932163,18.3388505638577,18.4669730108386
8.61978171903821,10.5705587776445,13.424370510052,12.089177370898,12.2552152980855,12.4632350956148,13.4495326591951,14.3456182827325,14.5695453902229,14.7380825596114
2.92914535467418,3.93109179498863,13.7144668191803,12.0074927213194,12.1726044599811,12.454587804507,13.832223794756,14.7469063296442,14.902505637603,15.0093613367968
3.97332545080809,4.98374850023846,11.4917599096215,9.87446071456076,10.0632624116625,10.3373735318562,11.5931277215768,12.3677469478337,12.5140339442615,12.6884945781414
10.8465191058817,16.1991819281847,18.1232755362398,16.6158543178641,16.8511495755227,17.0767963910506,18.1861739197061,19.0564313004811,19.3200046796454,19.467619774002
9.10582090762951,12.7084315743281,18.4923403963101,17.4172963828181,17.564386931923,17.7898795860661,18.4926429019193,19.2117135630089,19.3889176174853,19.5533101851065
0.607601259120373,1.08328389747013,3.15177250972915,2.36286669715212,2.48976861058142,2.61988730065451,3.15566039404885,3.70194934414348,3.83599215260935,3.97389530755207
10.2567743645394,14.242551059696,20.976682567864,19.5528673577359,19.7780852753461,20.0411059771707,21.0408419492418,21.8216531847649,22.0304674960778,22.1880616770425
8.46762893941784,9.32881290862172,13.09801807554,11.4922849622824,11.6428146280098,11.7969918713429,13.3139527653305,14.1679995838958,14.3826722523143,14.5259301915121
7.7749351962835,8.91470672726607,12.9131810118485,11.3458462566539,11.5018644811411,11.6763463441398,13.1099778765075,13.9049970638527,14.0860727760129,14.2384610735713
1.90765685284234,3.45778419060281,6.82791562503995,5.82478991669132,6.02087056654325,6.18077507334883,6.8314400490198,7.45111108076435,7.63001799134669,7.74497378404622
6.67730734302945,8.08190538244806,12.4491881787896,11.4260741733162,11.5807498667409,11.8033395160611,12.4869629298978,13.0540051347989,13.262346132213,13.3508919292664
8.46289246950161,9.75689810009414,17.5577295306966,16.420335667975,16.5766870594479,16.7950982651206,17.5607471133401,18.3315763296769,18.4989020455874,18.6508303315311
9.18139305467364,14.0904962940276,12.1244312711994,10.4102823456212,10.618957152486,10.8889612447436,12.0179696253871,13.6366753736761,13.9604076882258,14.1715076087186
2.13663633290599,2.58744962857839,7.47082848941709,6.46718448841203,6.66316623531634,6.86406561550545,7.49698444255816,8.01156181783471,8.16729861274651,8.29616865095675
2.85056068708194,2.11932328732721,9.50980096945198,8.43221428566291,8.59026761387094,8.75884983728214,9.48511453389919,10.2819898597199,10.5076286662992,10.6478427470452
8.4386597265006,10.1107092473133,12.9405047884953,11.5904333789093,11.7689159082995,11.9237557573729,13.0086133124182,13.7816525022757,13.9828540052467,14.0892284851192
11.630348331257,15.2910077983652,13.9962828805622,12.6924057890718,12.8861979637823,13.1783631411285,14.0080326837367,14.7669300453293,14.9573214217054,15.1023891985044
6.35229051145423,9.42628411123179,9.72584614309089,8.79683697954307,8.94577723760596,9.09782678372925,9.70441593686784,10.3686138403041,10.5416526066955,10.7484462815312
10.533582310126,12.7039466912668,20.4763470537189,18.2533855371228,18.5296572047576,18.7802421385289,20.7311998996186,21.8668921678244,22.1060850711829,22.2889799661785
5.06377743484535,6.20784801723196,11.9161954855117,10.5743638603123,10.7667372199072,11.0408178610227,11.9216836812078,12.7578615755433,13.0067065468336,13.1772911495361
9.50859281318843,12.1391881002663,15.7614040276105,14.4904861774318,14.6257604653182,14.8513901007663,15.7149142083299,16.7385984598783,17.0818472648705,17.2267947892608
8.27420362016129,7.31102288338423,13.7180599773745,12.1340784473271,12.3036395426501,12.5688176930948,13.7986451912706,14.8284786258,15.0104398443821,15.1824488407309
7.70151875347188,10.8940823967798,17.9041913949402,16.9680452895239,17.0388451227248,17.270144288466,17.9081389307582,18.5004583278481,18.7138028371592,18.9029158790856
8.82127694119369,11.5940352418262,15.3012815710643,14.131405805847,14.3110949650674,14.5115557347902,15.2710232992939,16.1608751099257,16.5276436795156,16.7987511252272
7.90878626173448,12.2148500181737,13.4866829883686,12.4180445418595,12.5926021643154,12.7752767414747,13.4798468482142,14.2135115617069,14.3760635498614,14.5634178093088
2.61317415913105,5.57248194781334,9.95036472022172,8.83225046872074,9.03762027511746,9.22095249882576,9.97892433877862,10.602660958535,10.7939636740158,10.9814941333466
6.36259494784374,7.32896924674351,8.64675782857593,7.71411890240538,7.83793234141845,7.98551273263191,8.63674473171678,9.30552751471967,9.47972568773451,9.62292547735951
9.69604963270454,9.56002238020757,18.0093932465674,16.8615803967118,17.0939040496017,17.266932709407,18.0056171625413,18.7629034762865,19.0491049003326,19.2411247696516
7.19792270887952,6.86817902739471,13.3896569967898,12.3522036326392,12.5115557237367,12.6875464782793,13.3608280689824,14.1175241690696,14.3546526840723,14.5914421638002
8.65533270048831,13.1045840775633,13.8174638129876,12.5780274651439,12.8144966388194,13.0321012815722,13.767832491863,14.7068890431373,14.9697477469858,15.1721442727074
6.72954619301051,9.07496940534292,13.1120611598017,12.1768735832879,12.309919050848,12.4691167754827,13.1051552592984,13.7354804982817,13.9004036366411,14.0983529300225
7.99883423132629,12.1665015262533,13.3968174422665,11.893968192362,12.0465648759211,12.2752260991124,13.3976297909878,14.5271593306587,14.7471126078601,14.9431122601322
6.27103457501862,11.1613570381365,14.0387475837164,12.792845467313,12.9960465036614,13.2626437396364,14.03890026579,14.8390799594892,15.0214069369861,15.1854215869723
7.80870735121914,12.0689979840015,15.6524071773355,13.5389374699765,13.8654304251349,14.2570048110702,15.7573083613698,16.9168490003303,17.1147973750002,17.3630064658008
8.44606442807266,9.14355185555373,13.8992023555661,12.7315725462305,12.8825454541099,13.0957481417071,13.933314097577,14.6494391018267,14.8579418741315,15.0249709034768
5.46213763093649,7.04527306852074,12.8338225614812,11.4965977274255,11.6774679961341,11.9711589977244,12.8891195812313,13.6531429161586,13.8400348177712,13.9676580496226
6.04336767180878,9.37077187083063,12.7099235899754,11.3490478799703,11.53591505158,11.7804595999632,12.7187577989398,13.6412311589142,13.8692610003994,14.0341131742002
6.01393520341533,9.80265038019367,11.3916053884701,10.0887360117646,10.307055807398,10.5118837913596,11.4328464916714,12.2175702239031,12.4836924770029,12.616557853804
5.26365757108749,7.01938926294757,12.6205500414419,11.5302519582033,11.6914569382884,11.899233804478,12.5761714921785,13.3893470802696,13.6360276625998,13.7834904378827
9.59763547667696,15.9257803640657,20.1500261367245,18.2975084407292,18.574629295294,18.8224973701174,20.0984924870279,21.5000940680659,21.6938004067985,21.9135956315321
8.82084793877761,11.0066254476701,13.5621452755668,12.2258853735696,12.3839089496746,12.5912276103898,13.5929951520231,14.43398422343,14.6115563537478,14.7587334895844
5.43885800775848,8.75638862848499,11.1047684175632,9.28486345216377,9.47229395392212,9.69435187439012,11.3731962614579,12.20488712358,12.4608903774824,12.6711167088317
7.74606067769514,9.54643095167359,13.1722615822589,11.0775945578659,11.278074785698,11.5428747640684,13.3702881319239,14.5413686610013,14.7725789517477,14.9268365691676
5.14107948504544,8.52201855797371,13.741165388806,12.5483100037094,12.7326094348253,12.9680861817146,13.7402893377532,14.5165012251243,14.6873253312784,14.8397426825555
7.13310443272775,9.28764231176112,8.87796155293839,7.09114148414867,7.30150261618085,7.59122275034248,8.78661269151786,10.2878128220476,10.6215791400925,10.9212742867616
3.22084653685267,3.40882493669168,10.6918863926569,9.23983459770301,9.48457404269389,9.75687315051555,10.7418694541802,11.5665561152507,11.766268426501,11.9611044841027
5.38254746260415,5.78306049037108,8.58201435375399,6.94585111791228,7.14707831190195,7.41969744534693,8.69746934598725,9.47724086136719,9.69079030452342,9.85576097768493
2.39954332751749,3.31539205677397,6.658495607569,5.82391288519647,6.01056424489286,6.13915109798211,6.66260170361044,7.14098008263914,7.30059438399934,7.42643357175658
6.483365758885,9.45182671452992,13.5173021363628,11.9060729761859,12.1353294637822,12.3888345525096,13.5427138789581,14.5302235481278,14.8233034796424,15.0973815717344
7.70022279894661,11.2104269946516,10.8410428972788,9.50851028855005,9.71425069933519,9.92509088198021,10.8201905509175,11.7852487351548,11.9834370360005,12.1547174628288
6.14203351477755,9.13784088904808,11.5049842553597,10.3164983671217,10.5185489007761,10.7463173029734,11.4860942940529,12.2965013440172,12.5079543315528,12.6912182890949
8.747259196054,13.1565688569587,9.25376850031044,7.98181854245535,8.08732570551227,8.28862564827214,9.20857832995523,10.311766090866,10.5994648965536,10.8328271008086
6.89452762807577,8.38128465458586,14.1411906941814,12.4767151593386,12.6309268725695,12.8665824672616,14.2283165224321,15.4265145255042,15.7061139811423,15.8619820061562
2.78539436060514,4.13785447178522,6.90164340148975,5.79183075634001,5.9759881180873,6.12655977210955,6.87715923367328,7.77126452409663,7.93862279813416,8.0726031822545
5.73705000570211,7.9623595774456,12.2147280784606,10.9516584289797,11.0741438740335,11.327028512262,12.2569686971276,13.0256124564125,13.3083109983402,13.5296619575358
9.17806815176183,10.7855831179905,17.3979202715892,16.0963714136484,16.2352972600236,16.5426419751051,17.4062215344284,18.2589174944534,18.4601930948229,18.6504352145656
5.72755089702283,7.939746704486,8.53932173249231,7.50100766205801,7.65903552038864,7.8442268934329,8.54150244555943,9.20011156096274,9.39894602450494,9.55858509968685
5.19851544469117,8.33719872818235,11.3388793705491,10.2007993887217,10.2975323853377,10.5006769941089,11.3260673190269,12.1852729733719,12.3303625595463,12.497042883804
7.54919617360748,10.2701201784309,15.8830245379837,14.6372848765627,14.7847670946192,14.9743704965518,15.8890734152386,16.8022370062488,17.0336811995606,17.1663546551648
6.73061543916998,10.4203175351782,12.8969188075456,11.7917536092325,11.9718464643466,12.2055401028355,12.9254232064086,13.5210462760155,13.6991552627335,13.8604213731632
7.10301391982267,8.41546133425566,12.0297240024398,10.5812487321447,10.7955458838266,11.0164707316565,11.8689332521055,13.3075871983447,13.6876765392244,13.8666562209827
3.94105990888775,5.67468247980744,9.40089723078895,7.81266546013252,7.97922366268092,8.25229779207726,9.47278875272943,10.4061877643351,10.6440061792753,10.8566566916202
5.91891993917603,8.45924882814276,11.5431132000652,10.1219292566584,10.3538682496829,10.6427794463939,11.5299286764259,12.4698971410154,12.7315242384223,12.9111949736129
5.73438460330178,7.58395131050872,8.04502956584032,6.77563111819866,7.01194902816146,7.27155359094932,8.08851445558643,8.7429845517475,8.9566764151461,9.14404432669836
2.8708189640503,5.44723885462277,6.49784137478582,4.77910252794936,4.94395169991669,5.36530514725866,6.66600275877389,7.32944043921377,7.49958357133581,7.72371301080382
2.11881666657391,4.13467325578155,6.39853545084697,5.15040597433055,5.28105898813593,5.41096618254696,6.31123634176012,7.47087133467756,7.73620785584037,8.11293073784176
3.50736335300148,4.58242270070626,10.3700784551346,9.06480973572473,9.2089978321898,9.44006103046177,10.397268598703,11.2878361433164,11.5682821238203,11.7864386368804
7.76658477264015,9.00673119599129,14.1816496741946,12.5261539343579,12.7023363477523,12.944084740934,14.1499271443456,15.3748864681982,15.5755246279702,15.8300603075527
1.83428320384718,4.07128575852762,7.14632124326722,5.96533296286915,6.14228037126253,6.32266788583826,7.22121899073194,7.83257108142927,7.96178966702305,8.1088987898068
4.74855206679685,5.76596693879594,7.48440439383262,6.15988671852307,6.3770946467125,6.72378375344607,7.51758099872841,8.16558524959468,8.32896251986073,8.50458529002461
2.65034009802531,3.46433656276805,4.64573488871351,3.50440692689165,3.71326103411293,3.93333682990893,4.6995920214214,5.29791030325002,5.4466421617307,5.5747852042761
8.24712490637082,8.43512175233244,12.6486787148788,11.6709951767378,11.8013039358927,12.007364267152,12.6511917796146,13.3209035827219,13.4596829275817,13.5921122122617
7.47666830364995,10.6424577619449,11.5815109232409,10.5277759375157,10.6686037195588,10.8720653553109,11.5601878771634,12.3130415642549,12.5156224171273,12.6313799857332
8.26892760964638,9.97082870156652,17.4934203472264,16.384099310886,16.5684391573245,16.7816294789049,17.4858526472627,18.2571470024068,18.4092623362232,18.5939286652179
8.99499936775369,11.4524598950717,15.1711322293769,13.8152660770717,13.9853968030018,14.1715785817751,15.2142697174134,16.0529678106979,16.2463804793253,16.4152460144097
7.99669041995824,10.2081108101808,10.5408860744797,9.40388336371306,9.53227589517383,9.75112033046241,10.4773786731274,11.4513125115405,11.6558040128948,11.8247024954184
8.23125639928491,11.4694165584116,14.7599739988487,13.4494937361741,13.67853486026,13.8721184410596,14.7096560287148,15.686011620665,15.9121193089486,16.154788707744
10.1926147202949,12.7410942920542,17.6787817911208,16.4323112193179,16.5961105491381,16.8437959822507,17.6766309599854,18.5538844208867,18.7500120948096,18.921165531163
4.13907867017042,7.17419642691263,12.0931162082055,10.8925082267588,11.0627961186031,11.2494334181059,12.0940152208148,12.9600698335647,13.1716016222224,13.3527749532945
6.20683647888285,7.06154045991208,10.9469201365598,9.71158612979574,9.84164609547356,10.0638172210394,11.0230018161611,11.7080404686486,11.8866134841844,12.0070534051967
7.38528396189852,9.55990859148782,15.4300754040557,13.7538825678811,14.1078347971913,14.4599088674067,15.5022859404628,16.3287667354253,16.5335147984946,16.6997109193218
8.87318559072766,10.5001805154652,16.7608890899002,15.2080599309315,15.4081768809512,15.6484842837393,16.8326527033781,17.780208087767,17.9631526698296,18.1169034650066
5.76024484285232,8.93761316464382,14.8386928962303,13.7609581859078,13.8701371729474,14.09473128815,14.8594405841871,15.5674159561921,15.7654677330473,15.9091459888957
5.34468400402045,7.70240792275665,10.0442554929683,9.16714367252584,9.27854401067283,9.41468434826104,10.0393285486772,10.6377484129242,10.845502845156,10.9621751337552
6.59846823122287,8.51248145823174,13.9849328849101,12.9019467841546,13.0946500552362,13.270965729121,13.9768940657474,14.7472623888022,14.8951195406054,15.0240715759842
8.19763469282153,9.75074195257667,17.6339174856438,16.4857743244876,16.7079018178354,16.9036916990039,17.6153799894051,18.3946155303786,18.5775328864742,18.7702658048273
6.08168716731237,8.60258249464709,13.7030441642275,11.7082388946437,11.901887927286,12.2261201120966,13.8830760024724,14.7388080284233,14.9357555973999,15.1622288135009
8.03351737308787,9.37636513996949,18.6163549720698,16.6862638037089,16.94179548839,17.2697199000532,18.7240848504295,19.7430244439973,19.9440036048697,20.1602945925014
4.67968669347541,7.67450621433044,11.0320326406526,9.87035779263209,10.0424279782526,10.2121519683203,11.0255959210064,11.8159864290915,11.9865230917328,12.1556588684756
9.5152074166359,15.7830319173424,16.6591901606195,15.1628161601694,15.350827104489,15.5641849175609,16.6043220984286,17.8003634967087,18.0075675855689,18.2806083760226
7.99364776435805,11.7459895776992,15.2602372068946,13.7242122341626,14.0250437734848,14.2835770146031,15.2955198757812,16.1039643888768,16.400745038256,16.574610844452
6.05760706332878,5.74813924800403,10.6194425566834,9.34595091330248,9.47019329446196,9.68632049430039,10.6124368600168,11.5307167524373,11.7587797737198,11.9352133079147
3.34349476783924,3.6732279218174,6.63530274927025,5.91645149397958,6.03131195181662,6.16654008682818,6.65688270519679,7.06570452904997,7.19714504951747,7.29065131855588
6.99755614828143,9.89570188683185,12.330986093093,10.9011925724451,11.0999180594467,11.3490794158127,12.4103130085534,13.1472046917694,13.3368168333307,13.4503695536736
2.67064429787289,6.01590452725334,8.3243695906731,7.20884145003673,7.38317178953492,7.55035998087854,8.22036253848798,9.25361181266389,9.48467212210759,9.70606375790616
9.21579744574243,11.7493118856045,17.1893360292801,16.2937524752059,16.4124377660205,16.5549779904365,17.1824791954139,17.8174949541959,17.9625459730415,18.1102151999208
1.74489668289989,2.89153890534091,14.431025565317,12.9900633275277,13.1911624148189,13.440091656823,14.4721603354878,15.3330725266637,15.5650258241562,15.6756125074943
8.36524009408685,14.3953018816198,17.4607553371909,15.4554761428069,15.8426210311439,16.3128454070003,17.4354549437511,18.6432179664106,19.1828701081981,19.5160827187677
5.56630367369739,6.61475020728592,13.1060050025665,11.2701639283267,11.4618679350109,11.7554838527147,13.2628293320916,14.1547715611656,14.4435100662188,14.7067049059233
6.08138168333746,6.10069475003446,10.0362658616424,9.09698536974152,9.17970261011144,9.37066717717794,10.0592871297581,10.6319902125213,10.8031228668381,10.9618222116031
6.21132711273393,6.66468414822852,15.1013705544043,13.6739203177489,13.8574775873937,14.0967376663058,15.1369197425588,16.0639953458011,16.3197991337993,16.5309573315703
8.83313488908423,11.7578063962403,15.064540656364,14.0076935713123,14.1267179950675,14.3446395142722,15.0649422005439,15.796919868477,16.0336299745983,16.2063541464653
8.46568028182289,11.6587812603421,14.7065992400775,13.0650670748065,13.2595414908232,13.5090024299012,14.7655348561294,15.7977767562726,15.971372028046,16.1723863559841
9.12905024225316,12.7921523033921,16.0083887588163,14.7379953513467,14.9407867190326,15.1582008784347,16.0325306478417,16.793058250665,16.9603155360726,17.1044294681486
5.45819399189463,7.0613658321619,10.1679730079827,9.01032891704763,9.1260765145112,9.34727596705161,10.1801162983288,10.9527892420726,11.1215070949482,11.2170389423091
6.48542855036851,8.28838056430208,9.67475905059982,8.84093664807076,8.92501437177564,9.08646746964155,9.68292107144195,10.2591080922448,10.4647487223388,10.5653845790237
7.57636203969835,12.6105134073782,12.549781279584,11.5332354703742,11.6388243458533,11.8453315847343,12.5622890857397,13.2468170645041,13.3997407951915,13.5499571009914
8.39352225432305,10.9320739353588,14.0627863528346,13.0944463872433,13.2010175682546,13.3802007203417,14.0575608783405,14.7317366354879,14.889068303578,15.0789142929291
4.37293306371052,6.3669088020208,14.3075339172079,12.4492760591889,12.8090948034571,13.0933210038861,14.4747373258625,15.2350232485834,15.4497174151284,15.6170488203341
7.65314112020309,9.2652312212721,19.3298661393464,17.7087330209867,17.8727201353596,18.1102622822209,19.4788429063575,20.3651347250242,20.5316309345508,20.7418802854257
9.58558495460244,15.2737546705064,19.2327211850689,17.4965248421063,17.656663636372,17.9223048515527,19.2675537075662,20.5125328637753,20.6925764636854,20.9444575716255
10.4297444092451,15.0279656298398,20.3863618191145,18.9787906192855,19.1824914442002,19.479722262451,20.3533787627543,21.4405371116773,21.7065107121512,21.8321502490143
9.13359724840048,13.83550925331,20.1389168058232,17.8060034811437,18.0918488917931,18.6037388102422,20.3885354034135,21.2901560194677,21.4726487839006,21.6889841758067
9.37787244110483,13.6116370162264,18.7717420432702,17.2291765930349,17.3934944696919,17.5958527084274,18.9037352933544,19.6807271838086,19.8949275034612,20.0521807549787
8.73116660258195,12.3926489440078,10.8656412638878,9.33036665790917,9.61057148425865,9.99715622777915,10.8947669558237,11.6956314185649,11.904142396556,12.0697517242732
1.7851392828448,2.79823177058275,6.58440284782064,4.9901116155299,5.3370453338852,5.77806039337099,6.66141341407649,7.31705949948929,7.51187730807132,7.69419427536103
10.1617585488537,14.2321434837884,18.3921867472962,17.2406675334552,17.3954061915901,17.5531273410549,18.3327727199467,19.3606701955561,19.5962015140654,19.7611546690757
4.5077702672716,8.33572927300811,13.1119218506789,11.7732606431624,11.9144889748661,12.0621601177091,13.074384942229,14.1911165572996,14.3632889762699,14.4963771049783
7.01871844316303,9.12755436994054,11.2653007596602,9.96272371493935,10.185793994109,10.4070352325652,11.2692496199933,12.0616034944255,12.3389920185982,12.4925304443382
8.87214075127799,10.8478594803301,19.529165653209,17.817461561441,18.0367048547231,18.289468042934,19.5927838062584,20.666275564893,20.8822246818392,21.0540679105698
8.22680094667207,10.7101647321802,14.376553485373,12.3397391963685,12.5519738029453,12.966000881921,14.4453228111437,15.6582876546866,15.8330282751092,16.014932959838
9.81657298252137,13.7843478239464,18.8352851893183,17.3406714535378,17.5323196089319,17.7926101174157,18.7865697372406,19.943057524365,20.2357421054163,20.4665438723034
6.05702205926635,8.57768479159987,11.0888886268047,10.0197919430695,10.1662458733402,10.3464377397915,11.0523921311653,11.8713913583545,12.0636699504959,12.1907601238815
7.79581911954988,8.55652692480735,14.5705209754602,13.474343478599,13.6436558363967,13.8488437358131,14.552960371717,15.2992306118653,15.4838700412921,15.7490174203144
4.46701617387628,6.38223898032277,6.54351385722145,5.60315251463186,5.72471351904625,5.87697296747625,6.54340737858599,7.21589663891894,7.38535932515533,7.52174382654976
6.17587674771403,7.39468595810706,18.3849500403816,17.0055767418259,17.2269005939036,17.4307770721828,18.4262290379268,19.268006491829,19.4655285967069,19.5893046604479
8.21376353697128,11.2853495711068,11.3151242722599,9.96522334537115,10.1464828232921,10.3709821487221,11.3218355167717,12.2235463004858,12.4910269941009,12.7584301361731
9.98907979019462,13.7970569738211,19.8263975977892,18.3607960872422,18.6851897017267,18.9540896191685,19.8179561362332,20.6655333373734,20.9253815730759,21.1259738574628
2.05893659361452,3.83297169611346,6.12084255359762,4.74904519371331,4.98618670264739,5.33069932952089,6.20589038522514,6.70873690178447,6.85716716385334,6.99245991158431
7.40870653539856,9.70104622711878,12.6070770276254,11.3671187565152,11.5818369131665,11.8525333895333,12.6185093728123,13.3239882427781,13.4845881147239,13.6429865975729
7.94128895389352,9.31559118550313,14.4396914597537,12.9644929292215,13.1572225782056,13.333443722503,14.5122385243826,15.4575972624307,15.6485552154309,15.8286323798794
5.92032078382318,6.34117994744564,7.86590400640191,6.58850671082818,6.79396159173966,6.98686100883234,7.9062153061352,8.68573794442101,8.87686057809084,9.1060222666673
7.84379544900662,10.9518449125583,12.4642683031944,11.2014712940852,11.3940306052367,11.5799690512857,12.4154824755812,13.4687254016605,13.6786871100052,13.8215245330724
7.78971472753657,10.3294947248197,9.54334223044203,8.24837675670141,8.4285772018188,8.62911515620437,9.45072297932888,10.6037199296393,10.9164673297534,11.1734904238158
9.24253052500606,10.3683427443593,11.8923933220812,10.2082417961694,10.4267933117424,10.6237668653636,12.0410014278831,12.9459545233186,13.1516990401976,13.3206251966055
8.95489172559321,11.4944869138852,14.9372656515515,13.8045175840233,13.964114163423,14.1928741658001,14.8964242106767,15.7497874880435,15.9732859694908,16.1805913444487
7.65693370681706,9.64637288144364,12.2768709572761,10.6418745117418,10.8176355841353,11.0195122028191,12.3102133666911,13.442552409964,13.6609840548891,13.8842225278281
6.97613467824573,8.47524604381484,13.083151431282,11.7590757943662,11.9032353905002,12.1003156197525,13.0500108672326,14.1169249419764,14.3609959795275,14.5843417592333
7.8129049905772,10.6933034345045,12.9886173658888,11.3363869563841,11.4470300640679,11.6359290544554,13.1188008711013,14.1873759142543,14.3847360171145,14.5487112522797
10.6242025027671,14.4792907986028,15.7781366013936,14.4648068690422,14.6094197938527,14.8528395606571,15.7875969901886,16.6602001424784,16.8814811765746,17.1079707772877
8.07951307808161,8.64681991859406,16.1323468446501,15.1762632861577,15.3080346407187,15.4877173628943,16.0947592099641,16.8064792749089,16.9938513492244,17.1695579486407
4.76009315834322,6.43105244189453,10.0519123584999,8.82746113866559,8.94918303149742,9.12454230357794,9.96447241985382,11.1008163018892,11.4606051811295,11.6990320465045
6.97261612325181,7.57908535248973,15.1286487497519,13.614493080434,13.8008054431071,14.0535228936796,15.2783343650015,15.9941266244836,16.1527673921965,16.3140896586843
6.38333416210661,11.1099800491944,13.0523567934304,11.4660664546943,11.6784431511697,12.0022835011589,13.04165097537,14.1361693012728,14.3262783670811,14.4996525532092
8.83691394222748,12.8539218931908,14.9259071305666,13.7945515634272,13.9937072820439,14.1779919291641,14.9238382958823,15.6824514899875,15.8626270423876,16.0364481089599
10.0427716926375,12.6418299018638,18.0726927063594,16.7329713422858,16.9269591553099,17.1024264619428,18.0587684866042,19.0504383281364,19.3465361127803,19.4998322208754
9.56345434380219,14.1995057100203,15.8063557491251,14.3697879156842,14.5291354129836,14.749643317303,15.8778900915606,16.7516659078606,16.9653006079454,17.1088413544539
5.37726002044099,6.18994908147352,9.61866252699459,8.07098276965581,8.25018267719225,8.45305683777396,9.68639027902108,10.7394149581743,10.9531496335727,11.225068790472
3.40476248807519,4.20666778942592,6.12287625826925,5.43044526277419,5.51448964092613,5.65667416159755,6.11703233655219,6.57848575214002,6.73830063756367,6.86245930778724
4.31650383820195,5.48075285258692,7.06769895926203,6.07986278550891,6.25469301663235,6.41227498813777,7.01849835912765,7.77201857027755,8.06752227329941,8.21841969711705
6.25115679788584,9.027692652434,13.9596316323263,12.5083702140996,12.8321432193303,13.1918588829308,13.9841159226028,14.7315124713412,14.9079374429576,15.1791969204278
7.20145978310871,8.01572604296378,10.3321473715729,8.65981592271912,8.919534807355,9.14004211080653,10.3823543451035,11.4761707529834,11.7389359954612,11.9688977053007
4.73828734517316,7.16456025958187,11.4196387142419,10.0773606107605,10.2970344519994,10.4919645889688,11.4577782659042,12.2552212989258,12.4670043359155,12.7197886311333
7.35554775434994,9.12201526970294,14.422304450913,12.7414196954797,12.9395667043103,13.2478156146309,14.4076928646007,15.6046932350256,15.9453178112603,16.1749111144971
10.4476621302733,15.2270495773593,15.5548496766349,14.1008371967828,14.3478325381625,14.6153239086662,15.6299151362052,16.3399995630437,16.5150666298699,16.68166099762
4.86437558320819,6.58688414177086,11.4933418766475,10.2493024347954,10.4703754904421,10.6798566753338,11.5193471798087,12.2591176376839,12.5010523304282,12.7216148116014
10.8302802091661,16.6508241618635,21.6654034188678,20.152617299469,20.3363904289352,20.5662047105008,21.5378226655963,22.9759945510407,23.2492652294098,23.4146600022234
9.5546361214194,12.7306096979229,17.3205967540351,15.9996707762166,16.2303802072772,16.4426984443396,17.3627675646494,18.1312412335675,18.3543643976169,18.5785116808447
9.61129523671439,13.0163520242705,17.0158063132473,15.1917531150517,15.4419155670391,15.7528188354321,16.9904807761614,18.3124759886866,18.5287499208582,18.7046409838496
9.77981858246564,12.5368481656427,16.5266518594262,15.3594239754907,15.5427707259199,15.7578054651352,16.5036390600476,17.3451721660159,17.5397127079756,17.699109666473
5.8771231219144,8.31702626669603,11.1807133039214,9.87398708081765,10.0662223451433,10.2481256863033,11.1866644577707,12.1216781325022,12.3347279973967,12.5082758030994
9.48560147166248,13.1828807350992,15.8910749210237,13.8228199495165,14.0110694034489,14.2746556580062,15.9990210661836,17.3854260694475,17.6232166695394,17.7749672450921
6.2131684528692,9.90075332764477,11.7890664419249,10.1811177367981,10.4235595063963,10.7347625897694,11.8652107124976,12.6890180406833,12.863831084079,13.0661145194312
8.29635782991071,9.64198191533793,13.0658758305676,11.7886137546645,11.9905097338928,12.2109184375291,13.0974312903355,13.8403880704779,14.0128925649663,14.1884767196603
4.16741545003327,7.16726487854547,11.2001269615408,9.90033065499419,10.1225938295908,10.4444902056986,11.2542182472578,11.8994903320787,12.0831961945536,12.2567428802867
6.78154495764123,13.1548484213501,15.7636773117564,13.8914687823035,14.168215586972,14.5055862257213,15.7898603044177,16.9437545585073,17.2647532280623,17.4897576826962
6.91470365037621,10.0569659675596,15.6986113045223,14.6298802200037,14.7635090034766,14.9402124355299,15.7044072965602,16.4495271223571,16.6881559916279,16.8523269318114
5.59110807542578,7.86293196904391,11.4516951925521,10.1689240913944,10.3813548467716,10.6524180671174,11.5010111607952,12.2104118063214,12.4095928170553,12.5891327116351
8.89051604693318,10.043140285478,17.934065488692,16.5784057962513,16.7565307072774,16.9343530760879,17.9686606129852,18.8334681569925,19.034428506252,19.2193632005229
6.43393962742191,8.73033323442849,9.44531932446963,8.28811765939353,8.45802557382281,8.65695136039348,9.44528101244907,10.2067326023202,10.4669154707393,10.6723598551406
6.56855487658601,8.76585521244454,10.6542550722764,9.40034906171978,9.53728936299347,9.77680279903995,10.6831332707162,11.4632935527553,11.7234802341004,11.9193249064645
4.7918407719079,7.86978369269562,9.81601937650351,8.65337059631777,8.78543509959812,9.02702471118279,9.83739355832774,10.5424696596689,10.7311121201594,10.8941152648279
6.91508443725303,8.76631504386613,6.60834927458383,5.58873572305263,5.72624129984434,5.91350167125846,6.58212731652476,7.32381473101352,7.53597061456572,7.70930492735385
4.8397204566467,5.86479404116027,6.79991401754748,5.68423348910436,5.86497464537496,6.04131792100107,6.7636244581353,7.60857791986206,7.80461642125506,7.97746221921979
3.90695168720133,6.64500863940475,12.483709579609,11.0885506034165,11.2709185280723,11.6161813580788,12.5121190279287,13.2878190180933,13.4654482353408,13.6435984401767
9.52859915348924,13.4662259291378,18.6849503718484,16.7586010659574,17.0017761684388,17.4244525342593,18.7517858415207,19.8087631871935,20.0704918149036,20.2654566682315
7.46717105062223,12.5940539927883,18.6923283881054,17.4677107263333,17.6212736770544,17.7950459764111,18.682382844726,19.5794012119349,19.8287202467094,20.048626535795
8.32509116558955,12.9986395538633,16.434901513247,14.8935936649022,15.1152176215061,15.356455850165,16.4381982144277,17.4775593977788,17.7186468617028,17.9075549839018
7.10253798952412,8.74031137291063,8.47525782336279,7.4452802094282,7.63589801844496,7.8124932751513,8.46019309880504,9.18015078188625,9.39695688516454,9.5401718071921
6.24597200476929,9.76149160788261,15.3202532175556,14.2266410648771,14.3433357851541,14.5117727356119,15.3070781598885,16.1344645154994,16.3470644094348,16.5370673470665
5.34616368157251,8.10412772447514,11.1215266792027,9.8997998549318,10.0951107535006,10.2714185470138,11.1149474414733,11.9477112757244,12.2215804821492,12.4739122723305
3.47163806763979,4.25422002581523,5.19270406161402,4.56734378035148,4.68079918265382,4.80512652334203,5.190134538163,5.58797046756383,5.70720477935563,5.79017141371495
9.19840030989215,14.7860191524534,13.3177209317772,12.2274786341661,12.3756344290075,12.5625584187175,13.3121144308189,14.0184922361003,14.2161108058757,14.4488008537206
8.07239864326829,11.8021424571214,13.4014778709545,11.1540406543561,11.3359036931858,11.6977294433948,13.3396003197517,15.0637058220771,15.3305745624018,15.4866578512278
8.92134493850163,14.102233160848,17.9834158059326,16.4829271298402,16.6577763878067,16.9111652052547,18.0026878933334,19.0235423858129,19.2673557296231,19.5086772877819
9.3291435222132,11.9550254167538,16.7541054196348,15.3984267002975,15.5286846747699,15.7410185799053,16.7700067538007,17.7935516584421,18.0553772104591,18.2054997292784
9.25341070191418,12.0016325886464,17.1858474646156,15.8882284683176,16.140104358571,16.4006656331008,17.169738309706,18.0716630754316,18.2320514704129,18.3825899819194
6.65587138601179,8.1522656385779,9.45211561266826,8.10419779768852,8.28627226820215,8.51593888452573,9.5288742192678,10.3176532307465,10.4617210237028,10.633198174411
5.7819625673584,7.76701529534537,12.7211924922469,11.2952468648427,11.5104516560019,11.741929236569,12.583268039816,14.0992556762275,14.4502720596813,14.7226927831478
8.01346039956698,10.0146286477198,15.747745693018,14.7737243375203,14.9182202475459,15.0994528533067,15.7437190520169,16.3834304089467,16.5741773254372,16.7142381950436
5.45037272591597,6.2185889128122,6.54833805332287,5.79655606612774,5.89261724699338,6.05258469565567,6.56134035409918,7.04520532331098,7.18538738828802,7.2901397045639
6.56855487658601,8.76585521244454,10.6542550722764,9.40034906171978,9.53728936299347,9.77680279903995,10.6831332707162,11.4632935527553,11.7234802341004,11.9193249064645
7.00990640762101,11.0043025414864,11.9706305893493,10.8435777342174,11.0003359779122,11.2173481624283,11.9807012837561,12.7402815268444,12.9594743568688,13.0764853347166
8.2604985452725,10.0486656579448,12.3902965778963,10.9032106796714,11.1799667868339,11.3763856905215,12.3695883963571,13.5154054922436,13.7214877732642,13.9385812084078
1.14977249510615,1.21542101105327,4.21816888351351,3.27668682399474,3.40585528908853,3.55258743929849,4.25696339334558,4.80236371424927,4.96640213109446,5.06612552405571
5.43901081101321,9.64095917104586,12.4371873413827,10.7488857412164,11.0809581049009,11.3893321768064,12.4572465631818,13.4591692656656,13.68038486565,13.92943315638
7.27725201303075,8.76503593597961,14.2174323114252,13.1024201317067,13.2762894509617,13.4296857862779,14.2240545619525,15.0016425445541,15.2629873794462,15.4145970246361
8.14526607205571,11.3713547967697,14.5736660808037,13.0934192096508,13.3129253568493,13.5809106861157,14.5418821166253,15.5743704644479,15.8105892982955,16.0017427842184
3.05117732582437,5.39872467306396,5.53654321254844,4.34640325305353,4.48528328168148,4.67965256945858,5.56176992831629,6.30981135420733,6.49172258369607,6.64476593223661
7.53176886327577,9.67265567818456,11.9149999768377,10.5558243269525,10.6677961238594,10.8840764884138,11.7910814839235,13.1365601724294,13.496340716019,13.7724637605437
8.58338816654283,11.2801947478987,14.7726355314603,13.7125846582582,13.8638518291575,14.0665578652376,14.7720949061743,15.5021576465978,15.6845216345417,15.8115108718915
5.92156324433018,7.80106492816828,7.32182431154678,6.35361791496042,6.49534930508258,6.63462474867899,7.25673628725404,8.16426366875555,8.38524356890264,8.61454996456866
4.54130130385304,7.65055219070793,10.1639069916463,8.96031457754306,9.13470204073297,9.31360631497586,10.100476502258,11.1109079988445,11.2668975801107,11.3905567637996
5.7416490029109,7.82307716638989,6.46008768489091,4.70065795962948,4.85063909482271,5.06618706331405,6.37934660950633,7.88853899755496,8.08458394046705,8.3379605639766
8.85298395519642,11.5325914255203,15.8737375298949,14.5564378818631,14.7803363017125,14.9748056552641,15.8563276079413,16.746189005485,16.9110004898641,17.0500427667036
5.53686639747864,8.33381041473635,7.25592767973552,6.02091793266133,6.22241299772454,6.41117171302887,7.22215503303289,8.15760065181753,8.36469536535005,8.60519944530137
8.99500915531468,11.9737686381009,14.532146433443,13.2769388177894,13.4334572044591,13.6303514317818,14.5584075376648,15.3828093499336,15.5867949938397,15.7350418052793
2.883484272808,3.66134904574303,6.26367490605884,5.03601044418156,5.28060507173214,5.50341635534345,6.27024979847166,7.02854030314898,7.23718773904342,7.37754508881612
9.20160127970357,12.9415692332052,15.631196035045,14.3448352848783,14.4483428619317,14.6451421636649,15.5680479149992,16.6954430107551,17.0007112306284,17.2716640148536
8.18024588812797,11.1618553334967,16.232380887063,15.0329924982754,15.2061082323919,15.489036777599,16.2337582415292,16.9389233420845,17.2248322474394,17.419547430759
8.12550480462685,9.52342706503257,11.1552617656942,10.2201284964358,10.3580723717397,10.4871772140547,11.1093174428662,11.882018521941,12.1380766778734,12.3154196679191
9.14968661296916,13.1848946291622,10.3045908345964,9.22099744550719,9.38695066970822,9.60875663138401,10.3059024874421,11.0124268789824,11.2431815399667,11.3931456961577
6.35947959228417,10.7304211243383,13.7289769942176,12.31851398972,12.4756097097531,12.6434662204315,13.6643571301732,14.9153459592454,15.2478035325222,15.5399477421189
9.84407100399983,10.9697974032428,18.8190670136652,17.437731459213,17.6599720037429,17.8840044150514,18.8599194204651,19.6903288561382,19.9152076442859,20.06870254936
3.52318465532284,8.39157600700249,8.72344433433982,7.72671588746748,7.89183926080086,8.07214511634194,8.73635113800851,9.3645781016503,9.49752878120476,9.61072605597698
9.18348643688946,11.5121736018934,14.169808831958,12.9137490463118,13.0787837698801,13.306386360518,14.158120641009,15.0614704557391,15.2796877506618,15.4794679130544
7.15683859324902,8.33646594113761,8.69292365685638,7.21928805877826,7.41650255001082,7.65372123821585,8.74377148766568,9.64180114588725,9.82986867400372,9.96642278212452
5.00835924451339,6.35428627834817,13.2680170229503,12.015515641089,12.2438520102772,12.4202405695243,13.2483823940005,14.1339629855034,14.3313424428133,14.5519771917674
2.82696556078546,4.67989998447191,9.70649809309193,8.91715312661806,9.02821482905109,9.17957399494879,9.71219348350853,10.2368779122552,10.3800273194711,10.4930849016369
8.90059598085817,11.6539525281077,15.5500542865276,14.0339097416551,14.2440114341561,14.4540740663526,15.3721546837633,16.7963619392994,17.0447187729272,17.1892130251677
11.5359427112201,15.39905406555,13.3988095529176,11.9218486685062,12.0832495589522,12.2864163240485,13.3226501931004,14.6047031780984,14.8611438155623,15.0525396289854
5.39555961211709,7.80097043716984,11.5905090138907,10.3967926330636,10.5991382944756,10.8274146622226,11.6076798881928,12.2894921783373,12.4331853678341,12.5638917009196
9.23144170859911,12.0707574099568,17.2324055219422,16.0905326382211,16.2406055177802,16.4091096082946,17.2212964544673,18.0284020061075,18.2853217699691,18.5082032010764
5.73104109839144,5.83190869360218,12.1253097636961,10.7160981048249,10.895032801294,11.1499349487085,12.0158730289676,13.3081022659257,13.6636234422876,13.8926928971073
8.67747294563751,12.0799889332837,13.9383551043462,12.0032218611055,12.1946433783158,12.5597701581221,13.7495293115199,15.7839806764753,16.0968174507264,16.416718049732
9.21857749467313,12.370203545929,17.5355269733817,16.2047640695731,16.3870826224921,16.6052872887561,17.5911182794098,18.40793917696,18.598861581387,18.8145724923927
9.28577666226589,15.6488034895706,21.2415785670102,19.574172641344,19.8313425407133,20.0924306785489,21.2866182404933,22.2146177465112,22.4775537650962,22.654374629319
3.59915067319524,5.94510753958533,7.04613570801637,5.81361851841555,5.9274493661269,6.11495619013856,7.08441912470887,7.90989247169127,8.10670405322383,8.33603233009241
1.52535641767198,2.57968535553655,5.90979166523543,4.86987714255049,5.04893418138807,5.20746311783382,5.86634362489661,6.71172460713414,6.93332659193466,7.12642141002544
9.2248626836873,12.871681478291,17.024882338525,15.6368973333191,15.8684939070573,16.0475929132877,17.0596933211585,17.9269091642537,18.1811331972674,18.3280227916051
6.72954619301051,9.09185386869038,14.3856611057831,13.1986708150109,13.3533305537604,13.6092325740262,14.3862604766077,15.1373166161811,15.3289512598803,15.4847224643964
7.7134316059229,9.83756554963123,17.3403967854317,15.9913140222038,16.1549845456075,16.3799894048386,17.3409890214669,18.2980556655071,18.5291117598126,18.7061880878971
8.60172689396668,11.4594278864876,19.3739571396175,17.9882086882189,18.2082974813896,18.4674090079157,19.434178305407,20.1939412673188,20.4082926874353,20.5348305931541
6.39751071918253,8.29135173744148,18.4231387039215,16.8116274144772,17.0211990546315,17.3021989169864,18.389560139565,19.5511166581726,19.7960170374866,20.0032322588493
8.63958881823495,9.32325405134763,12.2420065320955,11.0881475637731,11.2494373088485,11.444540173854,12.2136386320858,13.1035179154092,13.328507563256,13.5236863908446
7.21189858345599,8.78722250189807,10.2256416049135,8.97858096239836,9.23443792507373,9.46446162870981,10.239808090888,10.9772320422218,11.2462321505513,11.4388599024159
2.6834979740294,6.54032220015711,9.07462132721856,7.59578554446927,7.84690284495604,8.12478975904426,9.14337969957971,9.92927913150478,10.1293441031083,10.2990926860138
9.72217420820879,12.9631997368449,15.2713803919371,13.8219045733828,13.9293191050933,14.1077494704737,15.3789990451573,16.3099108563666,16.4730404447532,16.637953130494
1.46846557598174,2.43092776750886,5.33613358688843,4.24065006274788,4.39650340908044,4.61959449496143,5.37154280200973,6.00288752576541,6.1590992278916,6.3125825398475
7.15406020715839,10.7718829797396,12.9236492899568,11.6033235802662,11.8460901327357,12.0729631123397,12.9329103134868,13.766256985556,13.9750129285822,14.2206813692664
4.73534844265833,8.10016908772479,9.63096425027523,8.63713821992677,8.77495577475706,8.95884451031255,9.62268547973356,10.3153049665632,10.5372536743728,10.7070897024674
1.50756841878292,3.67676801175265,4.78885237699816,3.88168572026528,3.99420652602225,4.17133107029004,4.77273386398938,5.43682628848096,5.57203044801071,5.73647084411985
5.40130124945447,6.44818856561453,8.35553950302151,6.91665665784501,7.02076069431958,7.2283281829857,8.26079196561151,9.53906134662542,9.80487217650262,10.0162457812354
8.55808449927015,12.4891291430167,19.1518791693226,17.5156421704119,17.7822242281058,18.0169892091565,19.1382866988883,20.3277342222977,20.5719712934027,20.7568056933024
8.16158545930541,11.8544823587956,12.5103353032699,11.1184926344936,11.2923739067963,11.5726598279075,12.5102352255389,13.4669131564662,13.7262467662094,13.9629137409763
7.71897998570607,11.122213825647,14.3855231537772,13.0610558627903,13.2708112986167,13.4982675321954,14.4213741706939,15.1891252086215,15.4707732795112,15.5812899574518
7.2979639719122,7.57282648007459,10.8988412674094,9.89086541760697,10.0509427379672,10.2370867456506,10.8864358387779,11.5901354312737,11.7802783293721,11.9885127674565
3.95232583561374,5.22268429503323,10.281712906133,9.36678106984294,9.4932650540682,9.67676495083106,10.3318951562104,10.8045448902588,10.9276035059942,11.0740858863839
5.89332502430058,7.05347017313855,6.64319069630265,5.59640853057653,5.78977881255498,5.97753065883024,6.63070887914594,7.33798640248257,7.52597087594825,7.69485516089978
9.73673151103485,10.8668026130251,18.8614234008005,17.4346186103861,17.7380083271999,18.0457353988057,18.929035548781,19.6416229540684,19.819462433149,19.9365633547455
9.4370985050324,15.5012774371794,20.3536447963884,18.4978953008742,18.7237662106361,18.9579339588723,20.4936419160616,21.6151800456147,21.8376847554563,21.9762967442852
8.20309556299702,11.2974351691714,16.8806058252545,15.3872855822297,15.5898823248635,15.8083065515165,16.9550328956237,17.8386766509333,17.9975209063813,18.1730704980597
9.7480081357573,11.8472584011707,15.5825714098031,14.2033520919367,14.4285324368844,14.6329803104627,15.625059425469,16.4534004947669,16.733581985,16.8768542061518
8.46792535208871,12.296194207039,19.628419127546,17.7442658523171,17.943292996014,18.1863887948328,19.6594731129544,21.0277130230517,21.3265831407186,21.5753949341214
6.78244644373138,8.41612116425137,14.0874349558146,13.1383556670884,13.2654858191878,13.4053927683229,14.0549411366063,14.8000760341346,15.0150583320472,15.2084870810122
4.70581021593924,7.1682113001815,8.07025559497206,7.16567649955091,7.28582307712464,7.46172873439084,8.09089605024006,8.62924971115457,8.86632022007455,9.05458816019568
5.87417336267644,10.5053188017377,17.4162420238076,15.7179915582543,16.0035109322205,16.2495622236849,17.4438055104368,18.4924511356848,18.7378306454323,18.9299743168092
-0.22260680043175,-0.869219559827952,3.32482142786733,2.41141101409144,2.47440519790737,2.55956418056411,3.36767583182847,4.04919981865874,4.14269283405365,4.21083252221203
8.19763469282153,9.75074195257667,17.6339174856438,16.4857743244876,16.7079018178354,16.9036916990039,17.6153799894051,18.3946155303786,18.5775328864742,18.7702658048273
7.56859175206422,9.56784125994023,14.426642838722,13.0793530608509,13.2328089680497,13.4722841603244,14.3642422479969,15.4808133346337,15.7149125903823,15.8862614377141
9.47731417286093,12.7104436902119,16.6331883583497,15.5030094352583,15.6546688286354,15.8700515056755,16.6167652721288,17.4168901889489,17.6580502864975,17.7917667323666
7.25786858659617,8.97829286652131,15.5494096412252,13.9212195505706,14.0887875267026,14.3396411984118,15.7337132609669,16.4755707539475,16.7031794679718,16.9035435791803
8.83315717062022,11.7127018139921,18.3036094792031,16.7900699388997,17.0358272113203,17.3659523491039,18.3241952945387,19.2553701019953,19.4691481881695,19.642591143442
7.99371442441553,10.7644435948481,13.9854425316629,12.6281074890106,12.8678000554292,13.1457345376468,14.0332350853307,14.7680548133413,14.9524464527584,15.1042281894114
9.19662420599649,11.4951467492673,13.8662707304245,12.1888571596813,12.4470513089349,12.7845610679043,13.9309285457078,14.895975434936,15.1378764836439,15.3426737117133
7.06547967727662,10.3935932826807,13.3516254579405,12.0544460604026,12.213973957564,12.4576464597132,13.3484124371507,14.214240766788,14.409266754706,14.5879517134681
9.71745268199744,13.4320287877941,11.2639549226392,9.9725544236763,10.102348984015,10.3075988702647,11.2799912902188,12.1439986782618,12.3670616342554,12.4696428040443
6.69558405378877,8.34015921717633,9.90891333553976,8.32865961734359,8.52424949323582,8.75578115459645,9.94426890637083,11.0271389855135,11.2306009688556,11.3960754552693
6.32974415142993,9.79881719046482,10.7316939709929,9.69468770079351,9.83450370103072,10.0145918621505,10.7129762523656,11.4387003682281,11.6389999937244,11.8711439662965
5.87872665630036,7.14060476719887,10.3311897806686,9.09371354882767,9.24137360747606,9.41572348480309,10.3193860103514,11.2423252800896,11.5503212395001,11.7511949723384
8.67871086402853,10.1557641958203,15.4820301596909,14.1403274220121,14.3208385574653,14.5346271794554,15.538084372162,16.2769812517152,16.4818670222299,16.6855047615082
8.83691394222748,12.9028485886259,13.7738060614002,12.4841060053726,12.6933141313646,12.9066135288334,13.7334387809105,14.6958840626315,14.9739711190995,15.1443497884919
8.21292834818455,10.7617412115555,16.6004792010658,14.80898184453,15.0651786777922,15.5081244166819,16.5925444731772,17.7279183216839,17.9440370460962,18.1138691864511
7.82391368204099,12.9778295138271,16.6368411879601,15.2853182077533,15.4582438464897,15.7376533479995,16.6147505024439,17.5473084702977,17.8110459973974,18.0792988650422
8.74539012931622,10.2084859719591,15.848004051441,14.2436570795991,14.4307036860022,14.6106986596777,16.0568025522398,16.888809498311,17.0480954149243,17.1848701126183
8.54396281376628,12.2708939101982,21.4236498001792,20.1618872733312,20.3909514347851,20.6523721178212,21.4346224916997,22.1694467177674,22.4167782114081,22.5781022975017
8.29293016362006,9.13941503086275,12.6539182574348,10.4837061932459,10.7276558178428,11.1082588553601,12.8726994865669,13.9745449522917,14.1392100636016,14.3267030104125
6.3520028952445,10.7334648091916,12.942376163987,11.6361652560692,11.7918391788879,12.0149281567067,12.8126464572743,14.1448442314624,14.6390846468676,14.8390692220156
4.63790037351936,7.68299238703445,10.484937482659,9.17734189103479,9.38705281819961,9.64499119365452,10.4952695312799,11.3401222446458,11.4918166303787,11.717610534003
9.20224661228544,11.7493118856045,18.6624149384757,17.4963620365393,17.7201655573266,17.9162535546095,18.6584887373243,19.4223047413576,19.6133479857565,19.803243308985
8.92794874895445,10.8235699901846,15.434980930184,14.2100890225498,14.492934603031,14.6713501212779,15.4202371551764,16.2723674196202,16.5189487039337,16.6993588308647
3.76176767661296,5.26795295407726,7.2010330826618,5.96047598264325,6.12953020535553,6.32115803390262,7.22330045434486,8.01770298288567,8.2485650266111,8.37193627423834
4.28477607887165,7.95924551342116,9.34475591701058,8.11543583002988,8.22241002275362,8.39217725404715,9.41321811943697,10.2072848727989,10.3696148914451,10.5297824894274
2.77666548347503,5.26940805677763,9.68044585900022,8.65727478488881,8.81188552612368,8.96145607323684,9.69240338204584,10.3592327292537,10.5621438918323,10.7150541183622
8.73043822200964,10.3445281576297,11.9913461708004,10.89173640902,11.0909700510002,11.2778567837587,11.9656834607276,12.7814585274778,13.0268646226043,13.2488862855696
8.73803233307883,10.9466487344173,14.4159954130243,12.951010812291,13.1811338563939,13.4812101747598,14.4324617643749,15.3361892887288,15.6061112932075,15.8003187153115
9.09981629494635,10.4133891254236,16.9242035889047,15.6053265971231,15.7383156650159,15.997601798445,17.0076495705842,17.769123622325,17.9515340425727,18.1673904413566
8.24095475062946,10.349839408794,15.4107126866765,14.0045391048714,14.1655156213429,14.3632594252496,15.3672281033666,16.4948000794193,16.7544387306776,16.9731926893039
8.04282570631683,11.956916876623,19.2110970768246,17.9209660514373,18.1074417573327,18.3764691296144,19.2071789013273,20.0649125594697,20.371125964881,20.5410328548282
4.99657311011281,5.28078020173766,7.55379064927407,6.69187157631032,6.84048596548899,7.01688603264555,7.55463446929376,8.08300046742274,8.21464875196081,8.3912159732994
7.84381438134234,10.8803805100704,13.3300496243813,11.7938810004986,11.9649423467921,12.1557359282975,13.4214360646972,14.4131720867283,14.6804391222895,14.8409662983847
7.72859490375179,8.70858758664228,15.4045984902548,13.9284615642382,14.1362812080055,14.3437468330792,15.2946092651811,16.5217368737376,16.7306466504772,16.9620967617849
7.47731150659283,10.773712005963,12.775828096828,11.419406116747,11.6929600767393,12.0241943968492,12.7907398781922,13.5068137061169,13.7153568965494,13.9045866435625
10.5267821070428,14.1052139449339,18.9638391105349,16.909018677691,17.1350867825693,17.4151555207648,19.0070787355462,20.4068322501231,20.6703315510876,20.8801981656024
4.73114923100509,4.54286149168083,5.67988200591107,4.67270779681818,4.77586371464129,4.96525097557892,5.69068583592108,6.36547080487955,6.54403206742169,6.7433531522835
5.24986063245239,8.01841560544118,16.95280897927,15.2512950605695,15.5112778381068,15.7083603945959,17.0203881238495,18.0848270050509,18.3307131174281,18.4711656919594
6.17587674771403,7.6698009745027,19.0358982300704,17.4834474582535,17.7004550396479,17.9816240992948,19.0311281260612,20.0651422293436,20.2923555287283,20.4522310803372
8.86496267130481,11.2273018124281,16.5066578356569,15.2180008546969,15.4317506524263,15.6306458753626,16.5631071060038,17.2801305947645,17.4454820363284,17.6375883154475
9.51785152061553,12.1442796503741,14.9245402384188,13.2496567755568,13.503991369771,13.7741191152687,15.0369074260824,15.8684786559133,16.0776466621584,16.2095213096349
6.03028223107986,7.56537741112075,8.13133566369121,6.47381897254718,6.66012252314099,6.93484888147085,8.05286281405413,9.43775850191165,9.77173952095794,9.99794213017169
9.2089218535253,13.988887815435,18.2746503542801,16.9465230034238,17.1698480065528,17.4320437418447,18.2913421775207,19.1042422496511,19.2930866218159,19.4236611502467
7.01653472744671,11.7318218193162,11.2041635075221,10.032222908028,10.1718925074901,10.3834943077955,11.2620575211327,11.9204614050554,12.0922434398533,12.2648341632269
8.65506036266695,11.2667012202468,17.3521754813068,15.9613493874665,16.1616195895612,16.3753982601707,17.3771756496106,18.32478604216,18.5633546262225,18.703056017316
9.57083774283292,14.052437898174,14.3205463504718,12.646547557893,12.8418440929449,13.1027529582795,14.3709827160359,15.3996572246163,15.6027189647053,15.8069309350681
8.21585036096661,9.87008557614544,13.9610970511775,12.299978423758,12.4789995328543,12.6581879765893,13.8191750221347,15.4026186368342,15.6295961750807,15.7993336317892
7.98236264973501,10.2616411583226,11.5320958469991,9.96027940298874,10.2094286172031,10.4855605003546,11.6364933286952,12.4224846556634,12.6492329516188,12.8174555106374
8.09431539735023,11.564421023849,10.5545665076727,9.24382079529262,9.44364136237185,9.6236382846474,10.5186142444876,11.5195827741452,11.7392529596158,11.9394843895407
7.79408671915279,10.1408219784129,12.7883007399693,11.7745881019001,11.9225955125188,12.1184611270123,12.7546758682997,13.5181420449576,13.6863191143518,13.8638047840636
4.46285359459474,7.27880001444179,8.56249963524659,7.58957470510074,7.71067449693904,7.9029050677692,8.55183030963193,9.230911250797,9.42304295836577,9.62572098168592
8.92126243573096,11.9242323473117,19.0868195804509,17.4958826301506,17.6843061354399,17.9661956598916,19.08674278138,20.2254844857065,20.4707179639332,20.6490962866445
8.60188890315031,11.613794293519,14.7456587005462,13.7063287940446,13.8412218294362,14.045457698857,14.724649882375,15.4857039650211,15.6667049532915,15.8594736425322
6.3127089188686,10.8635492601726,8.8899025499871,7.66133384614668,7.80740424340506,8.01556908917653,8.90956192863039,9.70625044368411,9.91165173581151,10.0760697743723
6.64099980518128,11.7899690415946,18.8915579547426,17.5241037894626,17.7234615612488,17.9425873734999,18.9020072467484,19.8543629138776,20.0570286941192,20.2485987700332
9.17713025903669,9.9301344221321,15.8809869372875,14.5709982291342,14.7602146693172,14.9757748560676,15.8158510942141,16.9215019495952,17.2499417287703,17.5387473679361
8.18753907474617,9.13968821548848,16.1789169843115,14.7860674071902,14.9455893980987,15.1755558985232,16.2553674439705,17.078304523068,17.278464456801,17.477823940693
7.44407873873032,12.7495441780673,12.1890509530341,10.8873042568461,11.0881359562966,11.3675615929192,12.2082055607313,13.0283926565449,13.2439790107184,13.3900370759427
8.39971064441266,12.3171129660732,19.0279388176931,17.8458271851009,18.077012801695,18.2463839345062,19.0275403195612,19.7927603875159,20.0038613192189,20.2291314046952
8.74326072061477,10.7471412157095,12.1659333576489,10.3669188078573,10.5005112039543,10.8879698696188,12.2365387860954,13.2753534826821,13.5120314721471,13.6389916463226
9.05156271822436,13.7537324025667,19.8809739613701,18.7034827702889,18.8863396923799,19.1236133180758,19.8357731082391,20.7365767964863,20.9207632937399,21.1503596325094
-0.552401356464517,-1.30790735177692,2.31086743678554,1.49446515205914,1.60956930018874,1.74468865945429,2.31352495600794,2.85317244286776,2.9780028632254,3.10893867272732
8.18753907474617,9.4599917129622,16.0997479450832,14.6468566467751,14.8482968646821,15.0355510870745,16.1248488293537,17.0715534162713,17.2988386471578,17.489037813411
8.69324932810109,12.7190855404825,16.2097108940529,15.0826770160043,15.2314729894252,15.4318399784519,16.1841965548567,16.9920776588761,17.2101538998136,17.4306762214912
2.21838717679922,3.1082613441132,9.57301275640692,8.10757819175738,8.27519264252694,8.47198807760171,9.67000470742721,10.5082310179764,10.6857997945595,10.8575224601449
9.56436308675596,12.9833730722024,19.6979452099615,18.0082227455082,18.1665723799018,18.3712571909196,19.8333948957409,20.8896699358592,21.1300886632594,21.2966457332202
7.80379194853659,13.04479289209,10.8358930756387,9.67923487698709,9.84370619674939,10.0430922344544,10.8285542290736,11.6111833440047,11.8242238402645,11.9721755326174
10.2038753719459,13.9213253621688,17.6290906216728,16.3742014222352,16.5353293706463,16.7596606927444,17.6357957395359,18.5271689037005,18.7407411112808,18.9066992305646
8.27493030131551,10.5612399637861,13.6157504219309,12.0477651944376,12.2492437629872,12.4600828637234,13.7316302422615,14.7001451753452,14.9120536086527,15.0393403477164
3.75670706565639,3.49005714813827,6.78174645933288,4.80884940496163,5.03218413018281,5.25962648322897,7.01213536080626,8.01433681634651,8.30783919971576,8.54642626742697
0.975487180090157,1.33178919788483,4.95652277479131,4.16421113885168,4.25878323811572,4.39399715756546,4.92068798574781,5.55920555939287,5.81623074036703,6.14699553974394
9.2089218535253,13.9632716020936,20.7078720283803,19.671453684936,19.8448088480116,20.010967665574,20.6941652128756,21.4348422836592,21.5943769270687,21.798781746166
8.96392108359401,10.3981949959507,16.4089153145407,15.1254339155693,15.2899690445359,15.5134521723496,16.4444992987228,17.2450870546829,17.4796349108659,17.6614448584184
5.44830712607296,8.03498366539297,11.9204997167733,10.9575719230436,11.1047171846043,11.292584151206,11.900106674075,12.5566064009646,12.743404989201,12.8709544268068
9.22649585790173,11.3780166285901,16.5726465604875,15.1674504615492,15.3651067605888,15.5334731582779,16.6456077174965,17.4526340363115,17.673395061257,17.8736016410393
6.52691605571283,7.12393122106558,15.9355388593235,14.7964548006025,14.9305601228893,15.1428929558052,15.9029710914725,16.8105629786482,17.0041477761374,17.1368277683324
9.21918253489237,13.137092189903,15.5586478725064,14.379586454508,14.6054282069503,14.7947907784251,15.5483727426931,16.3470258572398,16.5908820217612,16.7858416764772
8.00773802954117,12.4893836538539,13.4079842418808,11.6491275642197,12.0411137025753,12.3800913591439,13.3772962624797,14.5001636169993,14.7818065000923,14.932818075236
5.83407346397457,9.48140891268481,11.2443134869729,9.98690724068041,10.2497073831372,10.4461522324246,11.2071566990241,12.1021607641796,12.3751418849117,12.5661012066786
8.48625624938605,11.535290024282,13.7473326920524,12.5094915784478,12.6507474452239,12.8820466528129,13.7395394460738,14.6170407167493,14.8512971194133,15.0223713880543
8.82655916927775,13.073270809385,17.377688885228,16.0441978132273,16.2159156389255,16.4636185251531,17.2737482675488,18.5208437696026,18.8404641010972,19.094464743982
7.38623576703409,8.81883556319557,16.6606229130909,15.5400157684204,15.6977888525078,15.8786866434935,16.660217095321,17.4660318558855,17.6334766943873,17.7781737001641
7.41051144429683,10.8274834955591,12.7917837758444,11.1234515169332,11.3266447140088,11.5874322526913,12.8919390132575,13.8212785621936,13.9691464672523,14.1762959452822
8.23246334406079,11.8577365020624,15.757160069677,14.2826681777261,14.4584480401072,14.7698365535552,15.7596900704116,16.7319445515344,17.0330368187721,17.2913713431896
9.43458634806848,12.4511190786127,16.8616859642036,15.7260335956088,15.8948261307702,16.0833227459479,16.8793801836864,17.6493028647864,17.8168523837026,17.97181592614
8.4159755917176,12.5697690882441,17.7182441016433,16.4926461169704,16.6981271049541,16.9022783782281,17.7379755111716,18.4632196011287,18.6770315379663,18.8105702182875
5.87192487429933,7.52287874070936,11.0896465982872,9.78830466227106,9.92350195838416,10.1748864469641,11.1429249646378,11.8989610768606,12.074624946931,12.253169458107
6.63085270030195,9.8150610576375,11.676996861132,10.6749668535752,10.851793873348,11.0258005727178,11.6701916915972,12.3033665650899,12.5138483889684,12.6407627879768
10.5413763492957,14.2514678761238,21.4814711072325,19.8841187998555,20.0471289986267,20.2169600878812,21.2512509405898,22.9556512884006,23.1874456715176,23.390141195753
1.08555011111503,0.870661317088147,5.84627412428739,4.98394562878877,5.11100536857469,5.23717336199444,5.81404357991261,6.52475953927872,6.68598538743377,6.78263252953791
5.96440700989863,7.58804970060894,10.8261925825432,9.80616934703257,9.9491530314523,10.1304144577554,10.8257068067061,11.4814597473335,11.700885758231,11.9006471061105
1.65538405400909,3.35003664936465,6.96972776538089,5.98164288787864,6.09116761856151,6.26274792544888,6.94803304303726,7.72263058977208,7.95491154386529,8.0581437569612
7.84971146276671,11.1708021083966,8.19081403251611,6.86659646444655,7.01442353426854,7.1763741032144,8.00600966499259,9.55313123001364,9.89782758370589,10.1715925233222
7.32747334622248,11.6912619090011,13.5416471647989,12.3173347044814,12.4979047188175,12.7131095476665,13.5637261941378,14.3399691258791,14.5673243039123,14.6972077923922
6.5361747194694,8.24187122989716,10.1780943468046,8.86799576026279,9.13769881045745,9.42195122349953,10.2122460093563,10.9163672616132,11.0951431923045,11.2423753262902
6.49589782714889,6.86396173708259,8.87937530916786,7.63241620016259,7.80584222565559,8.0415760830989,8.85991156465706,9.75867626408344,9.96924678740478,10.1372699521357
7.33410471746146,7.5451589532849,13.4232572282897,12.1126634973139,12.3262650460123,12.5623265303507,13.4185679563989,14.288630058621,14.5463389565814,14.7166674897726
9.26239972378794,12.1979896206583,20.010510746698,18.2698131696326,18.5735094571376,18.8639713744968,20.0932627153597,21.0095450454243,21.2171022854636,21.3936166583674
9.11166758400699,11.0640130716729,11.082520284051,10.0216805747995,10.1314334932644,10.3072070161931,11.0848336610309,11.8129092433938,12.0170027592394,12.1665092826404
8.29142124175582,10.840049500026,15.9207741596267,14.5691284909993,14.7596806828119,15.0206772182599,15.9428931860016,16.7867250819295,17.0015750364023,17.1646745039212
5.50725699569586,8.22252593395257,12.7000884817884,11.6092211658527,11.7655713068625,11.9874354262916,12.7415715286019,13.3343553059084,13.4914259281335,13.619225531369
8.038555700101,11.9181075319549,12.6872924949454,11.2973582626611,11.5311572976964,11.8902250642712,12.6826169701488,13.5689520068011,13.8302437876549,14.0276314571997
5.66673514311873,8.04373860806453,14.0604811979666,12.7000218152912,12.8416132985488,13.0480501815975,14.1074731784882,14.9733694864742,15.2181682259257,15.3755025768031
10.5110140459852,15.670527612563,21.2986635076126,19.3418466929092,19.6145175115742,20.0351830921917,21.4488664480006,22.3948676517686,22.5951953895705,22.7774868954573
9.61652090888114,12.9555986730207,12.7782685839689,10.7904775889575,10.9625697706534,11.308999086303,12.8889396877609,14.1900845637892,14.4803320072883,14.7086419916367
10.0970038061993,12.9781025712475,11.2140920872577,9.96608079668389,10.1347858982543,10.3097026377235,11.1379202871354,12.2476649423534,12.4741749504457,12.6344776406435
6.21468267530001,9.64433662772968,12.6004632135842,11.2198890984515,11.359508489894,11.619386047756,12.6647698125238,13.4288254814257,13.6295212811186,13.8094872545999
5.60618671348576,7.36145710170348,13.9287136806062,12.5682409148008,12.7743621323963,12.9670030275983,14.0277902075111,14.6980374586221,14.8709553613438,14.9894150447176
10.2224249246489,12.8046005025274,14.0027751946107,12.5986509180592,12.8248997542706,13.079776106585,13.9793372430603,15.0218632235389,15.2009277422354,15.3500867683048
2.96842646961332,2.83642212198202,7.02892432247165,5.97041197036477,6.11089769582511,6.33155935133409,7.05252666371834,7.71397869442979,7.87327929160291,8.02550350581773
4.33535792270845,6.26846508818779,8.28454683508877,7.23476629836019,7.41002563715658,7.61738554744186,8.28037433511255,8.96365736114135,9.18064266584341,9.31253574472603
6.32969622042997,9.01189372071128,10.3528658330919,9.00743589654819,9.25098717936718,9.52177172535999,10.3703980929675,11.1415780758251,11.382296186185,11.5473983306999
8.84886805199224,12.6747932304208,15.9520245936999,14.9294970912269,15.1514350465213,15.3142936175209,15.9443787084501,16.5759582211668,16.8169685722464,17.0429167044695
8.04616236879247,11.4187436888553,14.8653522864119,13.4942178896625,13.7038925643374,13.9356349625722,14.885274144929,15.7473580634721,15.9698749431068,16.1205648521381
9.33222291981966,10.4611373461889,12.620282806676,11.33490645968,11.5410057538404,11.8478101126947,12.6662506772285,13.3080849085434,13.4709510285565,13.6082667939156
6.85018536070159,8.7542696558716,15.9997320107066,14.4582215166329,14.6282206950873,14.8579545575173,16.0483248079926,17.0485446176052,17.2497131507715,17.4714370750658
4.63786553468366,7.12412497229957,11.0355875074708,9.91502821339024,10.081491930073,10.3000735320829,11.0389755048558,11.7871029209131,11.9854531636288,12.1762002488135
7.67487028385066,9.22856118702709,15.590454461776,14.2177816554989,14.4540976266743,14.6648573457771,15.6437401766511,16.3747145762398,16.5782139567028,16.7484018038789
4.75477716708235,5.64921887437243,9.48462098809469,7.97621739931963,8.13061237208083,8.40576008592667,9.58856566379132,10.3536437704942,10.5251968030426,10.6779710332188
2.09497814398178,5.53410319233959,4.25851035657686,3.26460791579718,3.4133451427029,3.54479794765036,4.27767374163288,4.9278253436207,5.09699409348026,5.23353878955986
9.51785152061553,12.7147721980947,15.4177103625469,13.8962092463752,14.1045974273433,14.4696094900069,15.4611169037732,16.2671001749645,16.4714488583349,16.6452550074335
6.76002100677816,8.59694930052786,12.397220763701,10.6016383845084,10.9355797515147,11.3033468426528,12.3986593847068,13.4609209665155,13.7165456862815,13.8729013700475
7.32560334729068,9.64119075161175,14.660634619206,13.6711246179179,13.8122800691583,13.9732726317779,14.6374792286953,15.3451193820797,15.5674536458111,15.7497774197755
8.18102675610085,9.19925529698786,12.1152226095532,10.6216559751381,10.8441917429502,11.1274626838852,12.2109850441112,12.9536168784497,13.0883964282347,13.3080207287813
8.43641123251851,10.3387209373807,14.37425103195,13.2874456069223,13.4851283466031,13.6871518304561,14.3865648149679,15.0503302887629,15.2175632162906,15.355550450123
6.38885237537633,7.8793019280173,8.29654608767556,7.16927145500232,7.29322574312713,7.49755451848475,8.28210794839972,9.13460217299384,9.38221970526933,9.50169720637182
6.76629736459091,7.04144297436135,10.7697322725087,9.39029863690221,9.52201434135466,9.79120242429277,10.8891385314624,11.61818208763,11.7899194039933,11.9119024031007
3.25509364966742,4.43979772269377,6.3105986071781,5.35239223133093,5.47150907384404,5.63839152213924,6.33426495023906,6.93567817946955,7.10933807548379,7.22883458998861
8.81290050431285,13.3999949750768,10.1741667312663,8.80762592590928,8.9896723763784,9.25245451836959,10.1201386754172,11.1725991438505,11.4619143999281,11.6399890284111
9.31205457140773,12.417643663653,17.4322225727707,15.9959810545909,16.2229801791805,16.4063259394312,17.4417578887503,18.4068075769315,18.7006941555993,18.943320862732
6.85483881338798,8.93883414423307,11.5630897906178,9.74619742444276,9.99884804177034,10.3989063875295,11.6129802990395,12.5804994716464,12.8309592085123,13.0306138296585
2.88017428564414,3.03094285365414,11.4902372216831,9.47369984507832,9.74081612013335,10.1005509163481,11.7702667300914,12.3714741422645,12.5118277444779,12.6239391438026
7.18086798701785,8.68869817340525,10.7388590373313,9.69859821555975,9.8774142905629,10.0749946796805,10.7469960858991,11.3927798581032,11.5713440000967,11.7818108224926
3.89533475390114,5.70968831447363,6.46791455091056,5.63239401458642,5.78477340290395,5.92596104994178,6.44531295648698,7.04711079452686,7.27142992627763,7.40036759599108
9.02116205657777,13.2505141643539,18.5055275488469,17.1516049485562,17.3896345076521,17.6024352244982,18.5161877532612,19.4346315458899,19.6357949242104,19.8327010111439
8.74016483897335,9.44049269789766,13.6730084739783,12.4805132596191,12.6540714607315,12.821738730223,13.617207848296,14.6191448788371,14.9382912166331,15.0962946830485
6.10863033637157,7.07072007770567,8.12666290727634,7.10569799450711,7.26153192590294,7.44455470363779,8.09636673376752,8.84949911744688,9.04716372107552,9.2306511030424
4.46130716509789,7.29347540018417,7.63324107024539,6.04731335247346,6.31241229506509,6.80771858157553,7.6480926618889,8.47573643672004,8.70786673035061,8.89160528040791
8.4593254732027,11.0422637123987,18.2421293932659,16.9041494210859,17.1529322607127,17.3762677794057,18.2221211169242,19.1481377207141,19.463159274807,19.6909097449089
7.81783776816076,10.1508523573335,16.8321361441939,15.2891677224779,15.5112056350762,15.7528350452109,16.7968200403661,17.9508978109104,18.1606313081671,18.3686228903424
8.28422146260288,13.474366180545,18.0453512087296,16.8543938420452,17.002419182583,17.2572028715145,17.9955986598988,18.9360205075787,19.1561475185354,19.4296810496108
7.92381959963547,9.30840742740315,13.7501552974822,12.1809394992001,12.438986925443,12.6874623318272,13.7556466830236,14.8031920964257,15.0375712044901,15.2292870304864
9.23587650864111,12.5995582307258,15.0492952320552,13.3755129944369,13.5752096970648,13.9081857381418,15.1280136438461,16.058857623662,16.3037981781527,16.5602421077656
8.90944526386368,16.1709940075423,20.6623492710771,18.8807169680359,19.0368425382557,19.3137326629952,20.7658002216277,21.8428512628778,22.0657261776098,22.1998720565458
3.8781978081822,6.02681030196437,14.5854831829831,13.0207583614088,13.2673922247424,13.4834028665756,14.3772490832207,16.1673935234317,16.6097866961628,16.8984874154533
8.89722321905139,10.1567066315702,15.7081383995689,14.802863627614,14.9262559458505,15.0818270059166,15.7112870008352,16.3579049891663,16.5495099151229,16.7136861530224
9.12126693224801,12.2887054548837,17.2139087383617,16.1054710125802,16.3309008711907,16.4963549521612,17.1994825575586,17.9554615629822,18.188967127108,18.4409137625732
7.01794906086843,10.4886308413752,12.5076954730266,10.6977491293794,11.07660411613,11.4559069420932,12.5477543760404,13.5306698908289,13.7539294075968,13.9586696268618
8.47140390783296,14.2468267577111,17.5694498375742,16.2293420431521,16.4277581807293,16.6714093770163,17.516163061678,18.6039211983373,18.9537975820478,19.1357070338007
3.04283297933392,4.33352149506576,5.62039150980451,4.84900774515433,4.98824152509694,5.11942654132732,5.61359346836589,6.12342660932433,6.24542646788945,6.35043209849047
9.07933455351532,11.440301015348,14.6887632177221,13.3243778960761,13.5067785494456,13.6988373114631,14.7450698081091,15.5682091858648,15.8153535485597,15.9629260555749
7.96252317534111,9.58714217584417,16.307009334364,15.2183098146624,15.3681621148156,15.5513958213321,16.2778229675413,17.1267113545022,17.3239798160943,17.4755357657083
6.17733775971659,7.33265266078528,10.7752826172445,9.70166989148802,9.89106523470012,10.0426678601647,10.7858571160899,11.4413560926985,11.6072292216051,11.8161201186816
3.14234445091171,4.57288196749294,6.89726961540832,5.30019678180968,5.5080878888149,5.87374938788677,6.92048060097433,7.79760400242521,8.07384120222432,8.3004612425683
8.43896312091639,10.1427082597067,12.0300509820359,10.812271644112,11.046202474532,11.2515721370509,12.0137499833998,12.852699647899,13.063623244716,13.2565796110618
5.74111031715348,7.92908864889273,15.1282638805229,13.2034779978886,13.4042343596782,13.740338080544,15.3640889132583,16.2027517068067,16.3939935207496,16.5289780449452
3.65879044826632,2.96983743259854,10.0164812267617,8.67660212641088,8.8293751191387,9.08285448154985,10.0288170744093,10.8929014451464,11.1697793174698,11.4037555047369
4.98712068328974,6.68394869910842,10.1720771053104,9.00468332363154,9.14295461865177,9.35175563882909,10.191104119012,10.9724303371807,11.181459961744,11.3332040386541
8.20341214455098,12.0412642399121,14.3682048013123,12.2639352031046,12.4516732107168,12.7524280330244,14.5598420800016,15.7720077416464,16.0212653439549,16.2373163989849
5.49605447443143,5.42696272289308,7.66493719386689,6.33573493987724,6.48149070017448,6.64802524492022,7.60307836005689,8.79649403052291,9.03221605330789,9.20471268045314
8.90545110020488,11.3041280179082,13.8795218435253,12.6603479263009,12.8871655493824,13.1010608629633,13.8760138283329,14.685824465195,14.8314819030201,15.0302957817901
9.79961992461206,13.7692794296297,18.4288720803125,17.15811658162,17.38069327367,17.6355676860665,18.4591167158395,19.1619197261094,19.3877719895001,19.5627555957812
8.54961283660998,8.35922418293328,12.8486564231522,11.0690126149797,11.278945598053,11.5588150186514,12.9725043402095,14.0305267105674,14.2100486133032,14.3895783154676
5.06892170208353,8.54584645892387,10.3902818706162,9.30043323540346,9.51031771440822,9.70910616768897,10.4090144245564,11.0628888879892,11.245593469798,11.4044421730286
3.59041072508952,4.18813922980648,6.68314604786653,5.41780231539904,5.63151191588039,5.86535958298121,6.67130699012224,7.45893215440322,7.69117623115182,7.87551338126106
8.49499677073127,12.6865890858232,14.029522748731,12.0946627828301,12.3120769393214,12.5665518128022,13.9631759937914,15.619189236589,15.8122216819116,16.0383408242422
7.77962940172812,9.26138610692297,14.989113263802,13.395188225201,13.5533913373018,13.789908894904,15.0578333743431,16.083324174368,16.3337115904725,16.5337872189664
6.37089197114435,9.84866656950792,15.3134358838186,13.4652859346304,13.7742943592173,14.0708658107039,15.3865580704007,16.4109381934625,16.7045319060664,16.9613053664828
6.81126526654026,9.03576393654111,7.60195639794994,6.53740855903798,6.6992521414011,6.93129670805116,7.59003616161809,8.30909757019579,8.5415938795301,8.75855675361709
5.35918260384114,4.82341084244693,10.9212055487467,9.86659771409713,10.0249460558012,10.1851049854517,10.9235077434802,11.6715946430992,11.859121202257,12.0424044236254
6.07659018905743,9.09183435759238,9.67743544189734,8.35971686760111,8.54420680178364,8.78892455067649,9.71880326755782,10.4856300575886,10.6618749680696,10.8149134792075
9.31548198249533,13.0982068602787,13.9359650972504,12.8527860052468,13.0236703316745,13.1983032882478,13.91634962275,14.6623541024732,14.8783045992325,15.1306163589669
7.38625194764352,7.01653047478294,10.9954662967212,9.60680545723294,9.76796819884584,9.97723680869166,10.9540865031135,12.023543431563,12.2943024125146,12.6796353154769
5.79792584139206,9.23987780117942,14.5678474189809,13.2072880144827,13.4040530648953,13.7034548642508,14.6313430173597,15.280410959073,15.4843204699364,15.6167390771708
8.00688629254675,12.9817748503027,21.0880930415366,18.917260434267,19.1001345059665,19.3941194472464,21.3628740068689,22.4287125968191,22.6643316372903,22.8963823006736
2.88057606426957,4.03712190069218,8.25258919302623,6.87520868214314,7.1107062357806,7.3654739824952,8.33918033920916,9.03570168620632,9.17403769790643,9.29809024073267
8.10863043157869,12.1943499707891,14.4656524107121,12.8064776434761,13.0912346461428,13.4655498253221,14.5203999693119,15.334855176044,15.4974884477032,15.726178084773
5.56299063775518,6.9686771450895,15.2909723032141,13.8924606253927,14.0469300094193,14.2785884553501,15.3940507124087,16.1758532038847,16.3758502639023,16.5203687098338
7.57571838297131,7.79800844307048,13.7312439625598,12.5398703427649,12.6705258906906,12.8535117611432,13.6342182059577,14.7062081559348,14.9384802370944,15.1308817336259
3.85530968521664,5.94755125868854,11.728366216005,10.0741139311942,10.2901402947411,10.5510671005976,11.7820352687385,12.8449977233931,13.0586266172713,13.2459017334222
9.16391876196609,12.9922692346006,13.0360268419005,11.4451219603184,11.6864260490483,11.9897970873845,13.0669673652357,14.0772456932285,14.2453920687706,14.4397471582002
9.26993299149751,12.1079113051073,22.1255283002672,20.9591053463268,21.1298727847712,21.3632722413284,22.1084370817693,22.9243777195009,23.2091737268669,23.4118376607965
6.60866038750569,10.151022529103,11.4028564025423,9.95768873212773,10.1343302728932,10.3872026771166,11.3951401327702,12.4958818216673,12.7817028107746,12.9497392519969
7.76532113231334,10.5575204505316,15.0575179306672,13.9418446440109,14.1435083177426,14.3206140092544,15.0683990210456,15.8283826638989,16.0197177268038,16.2368005412716
7.14339541697859,6.49776006013498,10.4508630202013,9.4021158664803,9.55400289144982,9.79842110529321,10.4245695286712,11.1245904208976,11.4221008363994,11.7774567891875
10.5912601005498,13.4293055057795,16.4150514374425,15.3877924615068,15.4849276483468,15.6920549114949,16.3830616906148,17.1434854349388,17.4226075962542,17.5623122603099
9.77122602026379,10.1889729626611,12.7297187808514,11.7511636832618,11.8791969500736,12.083772897978,12.7186862567284,13.3642500475193,13.5709914750884,13.7149550593584
6.33536644618294,5.46077877064705,7.98679782153192,6.84404795623112,6.99865615846789,7.20866149934209,8.0241527313093,8.73308691280362,8.91039142572041,9.04491929614743
8.47237010229067,10.4154279283095,18.4296999700002,17.0918602187866,17.3137939918054,17.5414151565359,18.4399352763481,19.3349670746117,19.5113364391779,19.6583192632685
6.31943521060543,8.88560337358535,11.3326650789422,10.1729335421402,10.4441873109122,10.6520965611652,11.3318215328769,12.0282775123784,12.2132361140791,12.3900772030242
4.74959938246287,7.56276254280212,15.3004810078559,13.9903163246306,14.132561370297,14.3122652150555,15.1851201180165,16.4654463730583,16.6779941514491,16.8556783489063
9.13564386563056,11.7055962776997,15.755091592993,14.2168495755449,14.4642469286911,14.7084098789573,15.7939384923029,16.7181690356911,16.8934444896073,17.0964027609609
8.93671222664368,9.86900920172232,19.4453694005531,18.0723220689657,18.2952863743745,18.5319541277657,19.405097144326,20.4291383159539,20.6670793341452,20.9858851696167
8.46128953684775,11.528911966942,11.6667601381028,10.2577810778301,10.512392267056,10.75837031769,11.6822526330506,12.5491570850942,12.7971134065333,12.9573134416062
9.42843660083221,11.4090761009619,21.4120076922159,20.1309874968358,20.2709745267658,20.4899511380532,21.3774668351233,22.3755375004081,22.5607674463601,22.7290094319066
6.5361747194694,8.24911295867585,10.3877970134666,9.26888638898566,9.47550936470999,9.70578384556183,10.4048932185626,11.0166249541358,11.2083242531108,11.2914037243401
10.2621320126594,14.3438551877239,15.7399134822564,14.802629041852,14.9558825982068,15.1482855283438,15.737288792427,16.3445670871672,16.4990163894654,16.6950574642925
7.01471340109917,7.30486006700967,10.7588194064023,9.53092949209716,9.69584119076567,9.95931388958805,10.7732349798474,11.5751990619322,11.7192060964425,11.8398189844444
3.63575427971636,5.5776235802876,9.81628776098054,7.77310865243744,7.99458488771812,8.57212219460738,9.9603806798013,10.6845018309208,10.8313569256227,10.9975824661651
8.21614019208499,10.4065187330511,16.3129453477305,14.6475804448467,14.884881229928,15.0649680088262,16.3989317468931,17.3750989277725,17.6486116328092,17.8169738829145
1.21182738475059,3.17141757744454,6.78951014859783,5.75254435040236,5.92827899475044,6.10184406520479,6.7819493755158,7.49269997904285,7.67859848481223,7.81574439932452
8.67594878859676,11.2401393282317,18.4550445261746,17.0675490729904,17.2593663955588,17.5045377712848,18.4296065494747,19.4437731901644,19.6680071162916,19.9094166143531
7.73332691335965,8.91636961280495,14.7974721174744,12.6318354635689,12.9289871625886,13.2876937572794,15.003802532321,16.1157834756446,16.2980466712135,16.5080593313075
6.47766085975721,8.74992196623437,10.9200534171318,9.58403200728045,9.77244535997804,9.9644522549942,10.9754638851682,11.7646965089726,11.9332535723504,12.103717399828
7.94786493769359,8.84002126202396,14.758291049614,12.9502255162408,13.1682182524951,13.3709575051046,14.7270417216821,16.2013502470638,16.4829775563547,16.7268315369182
5.89075221374901,7.66439368625165,11.1744058645099,9.47334242212485,9.65076264240668,9.88491022240942,11.1379988317426,12.4937543773589,12.7970700705765,13.0009561413783
8.64324794649794,11.516686008436,13.33322104089,12.0696076504021,12.2491297942632,12.4834992445139,13.3909797600808,14.0865699564064,14.2547879909176,14.4256656204978
5.46314002120862,6.95911251531201,9.24873757542268,8.17061214780657,8.33982306951547,8.53299323512703,9.27476416035342,9.91758403925583,10.0860773987261,10.2587953813627
7.68468304539777,11.2705626819845,15.2696157088746,13.6460485579539,13.8100699450023,14.0524071071718,15.4141065096868,16.3017685210624,16.4963397057101,16.6297002802972
4.83319285297338,7.48251861656256,11.906772976467,10.3823677500397,10.618236882721,10.9916923315989,11.9586666828395,12.7220956892083,12.9832294042173,13.1422161364896
9.37090125063613,14.2891867449692,16.4042602497715,14.8074889583587,14.9716092657277,15.2041779999034,16.2886496786583,17.7519944730254,18.1283572227932,18.464145651989
8.21355145149442,10.8208825364929,13.8459530142196,12.1252651089387,12.4477423259068,12.7978590509392,13.9156437123767,14.7538507146861,14.9377707370544,15.1393259541719
8.75350895998811,11.8223253567982,18.8455080101636,17.214297821946,17.4323345576923,17.6920920036042,18.8077637036408,20.0520539699181,20.2501826800022,20.4687018357992
8.99407976570413,10.3786566293529,12.1524071451256,10.9036726142639,11.0902865286638,11.3346825891768,12.1068200635724,13.0264667119384,13.2606378307123,13.4064667150798
3.18857527274899,4.66255505811538,6.45837946439827,5.34138599253444,5.45799200698528,5.63654574778433,6.44403048941425,7.32836476505998,7.53107562329572,7.72607200037871
6.3879168109505,7.32705904031253,11.1781344034649,9.75109821037611,9.96912418977567,10.2898327045411,11.1560854802452,12.1185488651979,12.3187213358918,12.4917008532785
7.4897772153555,9.28230346396817,13.3993135501906,12.4380508951995,12.5671684288759,12.7401100700726,13.3675770878152,14.0747423918172,14.2513510103952,14.4806235687525
9.18499125190301,11.2048378568165,13.5856401550403,12.0558690789989,12.210112970011,12.4559784966798,13.4098712948026,14.9516974726594,15.4095021917466,15.7546667741789
6.42153617817413,8.09030410670382,10.3203719946854,8.99230321079907,9.18469674800236,9.36689302963999,10.3833401032395,11.1277853811954,11.3571053962498,11.4796042300061
4.87082109906739,6.23831102345746,8.77652937994772,7.77480104064023,7.90523597391922,8.11047736716676,8.76669328218526,9.41006693562392,9.6524826828268,9.83032407830176
7.82563724550941,9.88109512427637,16.0709164608789,14.753095756964,14.8995281548559,15.0956113276353,16.0636997657393,17.0376315812224,17.2310275831522,17.3852329190056
8.89960783121692,10.9159441905596,15.4810813286908,14.1497664560036,14.3116579877481,14.5123930931024,15.5966500247632,16.3057723123603,16.4481211973994,16.5995611674238
8.9215665085353,12.6778661293924,13.7023630277332,12.2716902121961,12.5044528493562,12.7529397084194,13.7049778393844,14.5936514298663,14.8863866895175,15.1474319137977
8.82106550969205,10.5291095381706,16.7124699205611,14.9796406373779,15.1419765030112,15.3323369785682,16.7825406333244,18.0259228366991,18.3060468821341,18.4783435097107
8.13150981013944,8.80419720749461,14.3459559518704,12.8314134155616,13.0477824899717,13.2542275506906,14.2959702107024,15.5166751803051,15.7628368019252,15.9325799218777
7.94029979323489,10.7536949920603,14.4384597522825,13.0931205443437,13.3109439158613,13.5064388297821,14.4324165779466,15.450742556939,15.7121700981592,15.9151960535723
6.52702841871942,7.13184112335323,8.3648169555381,7.29225656157409,7.42567067089004,7.60101143480706,8.3799673855801,9.04770015026814,9.28113268184631,9.40309244484189
7.11689708186246,9.35960763924549,14.7302526773435,13.3814915571827,13.5498765122214,13.8035090802174,14.7988950469159,15.5713205754891,15.7410980007846,15.9029169120845
7.47846576586022,12.1994551812295,12.3787858156458,11.1372772150402,11.3267918567043,11.5034207435086,12.3672347544907,13.2674630887165,13.5363364596385,13.7172689303193
10.932144423111,15.7909805135264,15.3474505073106,13.871348737872,14.0680649266379,14.3520517266696,15.3786390599385,16.2853330293285,16.4506088784285,16.6249947582896
7.33935510536191,8.97820251965446,12.4414841368087,11.4917320713896,11.6720860608484,11.8395355082506,12.4299324736624,13.053529210881,13.2231756630919,13.4081287188741
3.71330836881935,5.44776772201065,6.34403171334826,5.03805408131593,5.1738164388779,5.38131460012596,6.46395343971562,7.18226686331364,7.34727158022698,7.51397274892933
7.76306277770719,10.916423455567,15.5722236118187,13.5655494194171,13.817290493705,14.2229952590306,15.7087271048166,16.6744897299517,16.9200898032171,17.1331293001874
7.82391368204099,12.5934467750697,15.6854339852028,14.0251613051646,14.274504801645,14.5194922419574,15.8001436836813,16.6866977424518,16.8894543495811,17.0234842303421
8.26030055104642,10.2274809909356,13.5250693520314,11.817275238788,11.9754756343542,12.2647280944904,13.5694694957751,14.6762932812015,14.8606809505809,15.0395439972589
5.84558010218458,8.22672328546403,14.4321567804678,13.0224528478144,13.1825587737742,13.4721290846943,14.4700135441577,15.3698150228968,15.5621270149849,15.7133115047662
6.39356299876705,8.10168289650034,11.1442221132985,9.66803489295574,9.86677938137638,10.1308685105827,11.1513178239808,12.1915258846781,12.4050668559028,12.5842560559795
8.7542673072458,12.1323302438814,13.0407273434094,11.8668592493167,12.0314779196516,12.2563076768273,13.0463056077266,13.8449263950098,14.0174190314126,14.1713620557391
5.27390320427018,7.84308667312476,14.0474812071524,12.8610352170957,13.0699134505582,13.3061647727643,14.1058504622067,14.7068180578142,14.8360592854664,14.9547949222005
7.9716742048524,12.106941465927,10.0028586937391,8.93219420041509,9.06755432373215,9.24044132674477,9.97921649762622,10.7709872995365,10.9770506022584,11.1492654130284
6.06176113290121,6.43117537070496,12.193203106896,10.9356016555917,11.1207997050176,11.3434583866178,12.172502238544,13.0762723866352,13.3088150183933,13.5582092182007
8.56441249478253,11.2115482512662,10.8345305623683,9.46065413522492,9.69376525650588,9.87645644528821,10.7679659753632,11.8790925966909,12.1351265041368,12.349595983554
3.11913579251088,5.32709487149609,9.16760835124381,8.12497072639113,8.21997661974115,8.38015693393278,9.22348910958942,9.84471409497296,9.97669505136764,10.1058942360441
8.8241583129582,11.2827816013661,17.2835152807007,15.9270388266143,16.1111513903169,16.3173302946953,17.3117470997355,18.2721270427837,18.4392566449938,18.6711373233987
6.66731361731619,8.71288349118839,11.6867302890351,10.4636699736367,10.7168390832639,10.9926082755432,11.7184385488703,12.3776174286517,12.5349514910185,12.6894461693718
4.9245764602882,7.96982357626471,9.91211963993664,8.92786695643449,9.1010871881167,9.27208698665782,9.86281533355672,10.6306761181324,10.8658302235843,11.0004194283397
9.70639797824235,15.014078514101,20.0166751345268,18.6975084622345,18.933535845274,19.132432086709,19.9943918632033,20.9189244548507,21.224663009185,21.4324408269221
9.39209005849603,13.5213135172457,18.6448490698637,17.2705827222689,17.4198494948575,17.6304252172594,18.5357967266507,19.8225705327306,20.0856900491572,20.346206060875
2.85271122328409,4.94822921798416,9.6149653717287,8.52516015168447,8.66077658738799,8.82828484112128,9.60311636240464,10.4152363875129,10.5994539399831,10.7871104933424
6.80674547927259,8.24198358689654,13.0736339120701,10.7003158364872,10.8787439474756,11.1165617523841,12.8870371809742,15.4592144446111,15.8010415728134,15.9974310156121
7.0336199729702,9.91833736303834,14.9876189879874,13.7024970725055,13.8583944024837,14.0930546672651,15.0285465705143,15.8551516758463,16.0675061140799,16.243265086523
9.35701365090584,11.9356143933082,13.3664286390507,12.2388258318509,12.3611077545875,12.5520343544885,13.3665129733144,14.1893854137637,14.3914086143465,14.5914560819187
9.56526688839382,13.6968179933494,18.1405727074875,16.9095590190655,17.0721891391552,17.2411685827292,18.1155990852659,19.0161973683434,19.2240620062277,19.386943970762
3.01060014548698,4.23780999773567,8.03411431176797,6.38800581715205,6.72239499249035,7.04688296465627,8.10536918261956,8.86807397987961,9.03247587673764,9.2974336995769
8.20186138166645,12.6475611130282,14.9004960452082,13.3955191687228,13.5477011664983,13.7982112453702,14.9541164947849,15.9232357392228,16.1009582607424,16.251182014798
8.17730267320832,10.6848590100864,19.3436605583979,18.2734744923827,18.4027926584521,18.6241741728016,19.3351194558816,20.0960077282111,20.3572459933752,20.5739440489527
3.35922519995463,5.34601500976972,9.62939317227561,8.73956374616941,8.89397558702164,9.04821272539323,9.61721144301964,10.2253978575986,10.4256977297529,10.5806504030086
0.349119734918135,1.08389424768537,3.11630014276052,2.25205614308057,2.34130036057064,2.46913960882788,3.13901516842804,3.7347915422047,3.90273379351726,4.08064198080918
10.041886084589,13.7591339022989,17.899913538937,16.6894257332572,16.8414324751351,17.060782661332,17.8836588048713,18.7510570611594,18.9926928963758,19.3027998075586
6.79970556117773,6.61221297601722,11.5785220614988,9.93765064465058,10.144696998777,10.4865408011218,11.599666021677,12.675729659218,12.9860065722607,13.1690560218593
9.72698351132164,14.6321643216647,17.72271766684,15.8795326135656,16.1131855367279,16.3329273894356,17.7164624439361,19.105859592868,19.3234310487285,19.4982378404454
5.31871877328128,6.06371332667954,9.51581759626715,8.05473409416035,8.24056446053059,8.5627524556967,9.57543385801726,10.4073103599756,10.631869275416,10.8303871030416
7.42236201644773,7.03872699675307,13.5680742967352,12.1934833059192,12.3637791578656,12.6043608943316,13.549751209848,14.4650932900065,14.9443964504108,15.3783001811655
2.78275029055865,5.02363911372213,6.84902186252401,5.86109537164841,6.01564835151995,6.15883660310303,6.74440177120116,7.65242060374626,8.20871335181767,8.54700656753431
1.93765495007599,4.26487717265587,6.70631253158222,5.71563826484347,5.87421162156686,6.04265544266515,6.68371817937999,7.40167978223757,7.62017260937659,7.7898351204001
6.45743679565683,8.92931630851825,11.3076587199023,10.3747079072524,10.5131655828809,10.6887789037874,11.2955998201371,11.9166370477929,12.0806317468983,12.2823082101467
5.93344781984085,5.93458280647364,6.71205888149798,5.60721431936831,5.76603117905983,5.95021276379868,6.71516822642174,7.43352065077187,7.63290826367401,7.78683009516817
9.2089218535253,14.0335276609032,18.7794694193598,17.5026152182371,17.6970841164908,17.9299145561337,18.7519744752832,19.6533999564509,19.8804515810628,20.0586876296014
9.64570904416115,15.3007539635772,21.4666553746971,19.4151291702007,19.57657051873,19.7838923992608,21.6750303332904,22.8552020651475,23.0591963146996,23.2594906083935
1.92374909790692,4.52688264276352,9.93506244478692,8.92937832378526,9.04646161271886,9.26522195154287,9.8907202123149,10.6642968118359,10.8315211126315,11.0263302346356
7.36713321645023,8.01267773361828,13.0774515371013,11.6977508366454,11.8971224900655,12.1010308024856,12.999774961565,14.2255707579783,14.5460441454459,14.7800729937406
2.95594898082009,5.42029610970918,10.4627277410687,9.23565154915173,9.47340482677916,9.70101808394393,10.4636911298404,11.2022323815225,11.3687067828485,11.5557622623624
8.92794874895445,10.8066855268372,15.1482848940596,13.141418429637,13.3421805565686,13.6113545184136,15.4919198475961,16.3140165913487,16.4929428520849,16.6659693400123
2.87146745725728,5.28641030767825,8.88990909037681,7.6723494727376,7.83202852620885,8.02541036612999,8.89953021726618,9.72248958576472,9.94264345025718,10.1356212417223
2.78446138165185,5.3189859384432,7.5030033042686,5.91793676443167,6.07909141400652,6.47503569576004,7.65329610362252,8.25313354305697,8.50046793114378,8.68023453681574
5.67616797253882,7.04419577824433,12.1562738647254,10.4608727649708,10.6934487138085,10.8809879064885,12.4021456621149,13.0689520448445,13.2336846195978,13.3922145560537
5.78689636359471,8.26018730365026,14.8403006602709,13.7843253121207,13.9943382458519,14.18178672404,14.8516723652883,15.4787587712235,15.6644157968154,15.8380683465685
5.30512849797332,8.59115838501125,11.0213559867322,10.0971919259448,10.2526091238353,10.4058109438474,11.0089537826913,11.6779623624614,11.8279764206332,12.0449681013874
5.72755089702283,7.97246679437041,7.15564332389843,6.09558569468454,6.21707913168244,6.42790509800452,7.15545484344132,7.86837739222216,8.02392442743704,8.17563813828802
7.90878626173448,12.2148500181737,13.8566516248098,12.8639724979116,13.0275711020543,13.1864710344732,13.8328805262852,14.5853165904251,14.8046042091053,14.9277625207455
9.37146576557194,13.4278475277912,16.4041124242219,15.081933057968,15.3120694597345,15.5328640295743,16.4058815340393,17.3405510285842,17.6517356851177,17.8378453665435
3.72116553883144,4.39105645154007,7.708796986232,6.69455497088825,6.87050459318483,7.00975987575902,7.60321513603022,8.69523169553218,8.94144345564655,9.09153256603268
6.91047074144755,8.25354027215746,16.9785793520496,15.1553152166732,15.2661701023749,15.501072179047,17.1565993267241,18.1985648802107,18.397056855737,18.6221994497843
7.64042285390367,9.05776632900582,16.081841984069,14.9164685136078,15.0671983105429,15.2382756265667,15.9764407172111,17.0756886875769,17.3692901949235,17.650962253985
9.54938718690381,12.6701254316944,15.0116250065198,13.5119581336895,13.6862852562656,13.8860397927504,15.1074948097253,15.9573846194074,16.1906165937051,16.3925882045651
9.21773066670413,10.9309535235825,15.0139588327396,13.4249670982287,13.705787319919,13.9807676056584,15.0125663973622,15.9780181141891,16.2021700891608,16.4044810593899
10.5970146135974,11.0406404561069,22.7888914285381,20.4985839723682,20.7527126498071,21.0082770136367,22.7866961976031,24.5473743576767,24.8347263200575,24.9674675932408
7.84794576358903,9.18630299835441,18.1951299658282,16.7386454503286,16.9041060474555,17.1774147288135,18.1679048601449,19.213019943245,19.4004304218194,19.5779039301932
6.22228298963991,7.80939089215494,9.51340395450209,7.91275420973248,8.11856652489907,8.44836448760057,9.57025050757078,10.501582114703,10.7176842716791,10.8955482571164
6.94220209107209,9.14673690079657,14.2862049603869,12.7000808573199,12.9092797320641,13.2011985050001,14.2865027026121,15.3863690862808,15.649346917261,15.8282936972593
7.47581325461519,9.81177299296395,10.6772923186302,9.43154514118035,9.63204393172432,9.83927672548982,10.695211470522,11.5420524756037,11.7555103704841,11.8974294775894
6.50859629908355,8.09822047082947,15.0207805247497,13.8815823613188,14.0215310748213,14.2407062392184,14.9895464521108,15.8656802449129,16.0801476996628,16.2611998650994
1.54454849783086,3.52275921170016,6.27222781706244,5.49862431431908,5.61064957436832,5.74310885498767,6.25031961412386,6.83196124219198,7.00628879937234,7.16234505234849
4.22273462658417,4.51755324180903,8.06432558174464,7.07168038383173,7.19554414056049,7.35826314705353,8.07886389393862,8.73021644933081,8.90296520367119,9.04831989304074
3.98209903774618,6.00610474337625,8.40331344658731,7.11455108732748,7.31006213432112,7.52806425345943,8.32797902439588,9.44878337535246,9.75565649122009,9.91517618065525
7.09065970305347,10.6381373126126,14.6112105626015,13.699630091716,13.8318724290285,13.9968401268234,14.618256871563,15.2315885831308,15.4717331008155,15.5709597844298
8.91048492212629,12.6895627557827,17.5744278352179,16.556918623273,16.6975531452222,16.8914189555874,17.5791166851829,18.2427258456462,18.386911185876,18.514904020734
5.06973912779621,6.97650020157882,10.4838807199367,8.99036443685375,9.15134143145447,9.40576854806927,10.4086699074883,11.7041018741297,11.9137122363788,12.1535479240736
6.29774034690323,13.3890199565926,10.5903860026655,9.03402831544759,9.2610998743796,9.53884341528859,10.5466882686511,11.7356393664447,12.0123255079103,12.259801199047
7.92371211033253,10.6093349748178,13.946160432261,12.2005719343232,12.3733935705055,12.6594274847479,13.8273713371114,15.4831291803919,15.8494902391016,16.1205489141973
6.59123616242506,10.4642688501132,10.6405269291942,8.90093506463829,9.11941308778484,9.46222638231454,10.7262350158254,11.6986826588796,12.0153296476024,12.2327380711781
6.11757733537788,6.78021554830055,12.7041311293066,10.8450126709844,11.0445685829031,11.2731289173588,12.8981783226835,13.9741587535103,14.1575869026717,14.3342798828695
4.33825424298229,6.6880189918807,9.72539806309149,8.28598918200102,8.45106858729498,8.68214930409494,9.73616352709527,10.6974473540993,10.9301302033724,11.1514361590524
5.50339533545837,9.92905584578771,10.6565452297241,9.3496522607745,9.5155791998597,9.67621090043935,10.7018627594389,11.5584549122585,11.7057894492714,11.8710397965823
4.24400948364164,4.38774208759933,10.87933624973,10.0657384927328,10.2044565802766,10.3433624634999,10.8788463455687,11.4134504455293,11.562964318177,11.7069690704206
9.89802972977294,15.4005452537284,15.275908110291,13.8279139642684,14.0020867644599,14.2009060891307,15.3496647920081,16.2332213348043,16.4801580498759,16.6544781428045
6.59941517783535,7.0534972576539,11.2137327897636,9.94655873076894,10.1664605605579,10.4266295167738,11.262187948115,11.9040837148385,12.0784112094993,12.3367189794516
8.09178580540017,9.30563991423868,14.107151963863,12.711909283895,12.8940906744771,13.1185026958914,14.1374581264037,15.081048105338,15.2933224936804,15.4762036861837
6.25724733201576,8.9225155103179,13.2279659068467,12.3815614944442,12.4855477483769,12.6291379691752,13.2365158363689,13.8054282486309,13.9568670124911,14.106143879932
9.14771122600743,12.5921794941742,13.852789785875,12.6006628766738,12.7892323191085,12.9725306406275,13.7447254883668,14.8303169059048,15.4496294858306,15.7934059319165
7.47705556158867,10.0057750038881,20.1956905130241,18.2295383076113,18.5570927872733,18.8435887163978,20.1945224725319,21.4917371617282,21.794428528466,22.0620619741993
8.83637225075655,10.8260309817917,12.5715625304138,11.4043313304685,11.6232281475658,11.8233171449614,12.5553999061247,13.3340467312546,13.5625385690459,13.7929356960732
10.5644295957599,14.9918771433242,19.5912561293666,17.5990636195454,17.8554935683547,18.3156209272112,19.7763988153667,20.5661953053977,20.7504796122329,20.8727793158846
9.10088505398953,13.2954250854303,11.3125046260901,10.1889162982059,10.3899144432348,10.5599656797967,11.3072009144739,12.0630282986819,12.2324219087488,12.3831671255653
4.15277259829917,5.97158501344365,9.0479768577999,7.46231244759659,7.72952249626124,7.99531772723744,9.14289999189063,9.92835126353856,10.0901728237618,10.1861012221917
6.15986254571879,11.9234138404529,14.9247243471543,13.6726004611371,13.8234188234211,14.0518105594551,14.9259763298133,15.8012599014618,16.0153413158471,16.254255777624
1.04807979495764,1.04401278577679,7.61629720688101,6.72048250965833,6.87366594790377,7.02604044689522,7.60751813479559,8.27863699714554,8.44730096019993,8.58170112610339
8.38925942803928,10.5914961277789,15.6195856197245,13.5506503380455,13.7752503876038,14.0655632074545,15.8173379160795,16.7885614566452,17.0647839272966,17.3125434320539
9.80198708445975,16.0277619760193,19.7094599938384,18.1933973360153,18.431840341562,18.7403652060824,19.7813271134581,20.593380641316,20.7957952676085,20.8877189795471
7.21628888978372,10.4061159828176,9.22481421234365,8.14528168413687,8.29262687463136,8.49565396118772,9.20139270641539,10.0350915173396,10.2061567207066,10.3458423105136
9.30186981196163,14.5586134283492,12.4324711422447,10.9044390400764,11.102255097683,11.3105460359395,12.4553020084357,13.5600472202139,13.7992561765738,13.9928831884365
5.24389542164954,6.55022447630592,10.2464792740719,9.04147226335724,9.15796243901105,9.38375644037463,10.1985416517904,11.1672694998674,11.37796553439,11.5802859511836
1.54784046772043,2.82131608245199,4.19061851590851,3.37471673778284,3.48773337863258,3.6094238031772,4.15770190546256,4.80117141509397,4.9638281804333,5.09444282341099
10.4842584485057,12.8509567473822,14.095823678949,12.7311139405659,12.8961630320865,13.1733850208152,14.1487479195951,15.014433846929,15.2802764578731,15.4566539040072
3.96191108580889,5.7578018712619,10.8009936551034,8.31022789262502,8.64244647548555,9.410536260437,10.9962135238955,11.7001236316877,11.8459630742027,12.0637791958719
7.02052369044613,7.92019064350145,16.5764241876703,15.2702133469667,15.4344921100335,15.6526399072157,16.5469390584762,17.5076699755461,17.7648938534972,17.97917124749
6.75957200108579,8.68150696001858,10.6286441442265,9.7013536139047,9.8052857709572,9.96848537158878,10.6180793814754,11.3024523059715,11.4932658253678,11.5963086268377
8.64202878432105,10.859487912258,13.7136874613997,11.9184940167102,12.1454824637111,12.4286014797726,13.7436492834414,14.8764744559692,15.3861509358108,15.7129985570705
6.4282369284427,7.06557208262488,16.5117315322408,15.0866153160703,15.2862779704549,15.5211745986852,16.4618104834887,17.5759208122936,17.7335927462864,17.9302556242162
7.90495848676444,12.0612056657958,12.2323636706955,11.1110923736463,11.2497927454825,11.4146831419683,12.1397453970317,13.1950222090922,13.6275103488421,14.0603004492425
8.37623895182334,15.7834601564781,11.2744640221628,9.50307850129135,9.72957621090181,10.0254520751713,11.3845381229669,12.2886722960966,12.5221606817072,12.7519711778943
7.53361063850166,9.29534094099334,19.1416310392928,17.4193567169443,17.6353699608493,17.9309053033126,19.3227990498301,20.1219539205544,20.3288858762393,20.4774404332221
7.92292685607465,10.193520977556,13.8238096376322,12.5752069042576,12.7341673572671,12.9466971702993,13.8854030369863,14.5906686217506,14.7594390954699,14.8882506942233
3.61636906134196,3.74753724521198,6.49147523258947,5.73400905164235,5.84168611261629,5.99148921788518,6.45062143851071,7.06503882990538,7.20686932108414,7.35889637715726
7.13670235253583,8.96622717477808,15.4530193429995,14.0762567185612,14.2786359578826,14.5217640789198,15.4864426524421,16.3025270582256,16.488847554166,16.6204314328946
5.74111031715348,7.92908864889273,14.3108701171512,12.9304282083736,13.1078578806774,13.3480121073807,14.3977194260256,15.1409616787034,15.3786632304828,15.5119481129278
8.58338816654283,11.9912518494628,15.3816792026243,14.3453482151522,14.4697090460564,14.6671383746534,15.3599293024404,16.1276054911072,16.3091649059481,16.4904391179055
7.77090443020999,10.1721498405187,17.9908439475164,16.5198507509988,16.7163221292936,16.9630488633128,17.9083211620757,19.1228388198476,19.3803532999195,19.5505059380284
6.21386661660239,8.50605688481931,19.11608297406,17.5725389718742,17.748882269914,18.0647899912645,19.2084442343635,20.0089976261976,20.2100067315512,20.3195190037552
8.63175523582098,10.1323778359921,13.501724534307,11.88462136205,12.0889928870318,12.427377942732,13.6160436881423,14.3092854199063,14.565681594446,14.6931873629327
9.16990974715798,10.3790415519496,20.2675609376444,18.8693640930669,19.1057730870947,19.2772866257355,20.1149746627934,21.5933506187989,22.0240270744372,22.3227596691233
9.20647327497615,9.85365696597926,8.25360219347851,7.40461650315926,7.51387043383125,7.67427082155197,8.24967650933101,8.82129371792353,9.02158636643783,9.19593120274416
8.92391990240787,12.0409859921097,17.688757209964,16.1496956732351,16.3585347843045,16.5625445436714,17.7756226300874,18.7099011804431,18.9538762657015,19.0929069363047
7.56051538723261,9.54692556578327,14.8676535721724,13.3011883439137,13.6171729731285,13.8466835718724,14.8808211560233,15.8893734880231,16.121008155694,16.3791938607577
6.78632683911204,9.78565179925581,15.3828593082705,14.252996998157,14.4347750357449,14.6464236867913,15.412713554884,16.0935565919373,16.2531687961627,16.3889988506335
7.94911801561769,11.8974088402743,11.7789655646682,10.6565677897765,10.8088210442195,10.9725250437643,11.7582075216424,12.5585981066259,12.7793327340085,12.9659591357444
2.40201096406217,2.87844851450651,9.60541689269469,8.24437397655084,8.40895178583048,8.65399196984762,9.69094484904116,10.4443352616444,10.6089015392397,10.7666386124082
8.63837458461762,12.2182660091661,14.4590349998207,12.4624872437882,12.6946131956213,13.1237643851675,14.6421102183502,15.5250413369409,15.7189752417304,15.9163791319122
8.3403262847473,9.51761989531198,11.1626916915515,9.46061109011736,9.63398600503777,9.8404222483802,10.9351765244766,12.7684486450162,13.1158045939184,13.3535550580354
9.57889634095876,13.5948193071282,13.958382940239,12.3123435312073,12.4207212751054,12.6629377480518,13.7221172388925,15.7547870370723,16.0961095653703,16.2735315985769
4.4025822711309,6.0167423614035,10.8735813077473,9.66395553680654,9.82798115248534,10.0555434034738,10.8454160038199,11.7471463916026,11.9795814531143,12.1969426428981
3.92745311156302,6.05444440611406,8.58709222657348,7.4058358420412,7.56971994392796,7.70934742360761,8.49175556154667,9.61677778142365,9.83147772331626,9.95986369711513
8.37878495797079,11.0385466414771,14.5845278944422,13.2305637040047,13.5102062625941,13.6982460098277,14.5991247695461,15.4734803979662,15.7138484068772,15.8729897923089
10.647395295525,14.8546611504707,14.9267608713341,13.5778141841711,13.7654209280532,13.9407655037698,14.8291636863032,16.1031708564636,16.3779302592818,16.6644174019897
9.65813952686385,10.1110077880162,16.4374615891704,15.0446252020965,15.2082988115413,15.3782513382214,16.2574910604761,17.6453442967701,17.9082756935141,18.0212042927746
5.3252713572299,5.24313175193639,10.78778495217,9.70540438847813,9.83611863464907,10.0197327962006,10.7462289571825,11.5634702347001,11.8096673270733,12.005165242256
3.61550657546995,5.37219909903948,6.3342048844664,5.18529212556799,5.37359474978347,5.57065514453803,6.35788105863288,7.0876207127794,7.3062235549858,7.47026962163479
7.29558068943587,10.3272893308712,11.0304919927149,9.73890372914612,9.9060069979285,10.170807138993,10.9814479424444,11.9762332794757,12.3379480571598,12.6061925536652
8.30429276785453,10.279502815432,17.4498989681105,15.9675338977978,16.1608556324958,16.5092357882566,17.4540144567098,18.3674674180267,18.621106819367,18.9545919949305
7.21587245785076,7.88104535586826,9.19994237746257,8.19721560083097,8.31911910246543,8.46748306334694,9.12254858963766,10.0170938097971,10.3083789463534,10.6005217265116
7.53917747148959,11.3091462258887,13.9532789670444,12.6987616904725,12.8951779023712,13.0845271255259,13.9101677467121,14.8483354070557,15.1109900147536,15.2795284861442
7.94540715166258,9.29721213625754,13.7328264918947,12.1697507099609,12.4029321832215,12.6190501651414,13.8529066343404,14.7410590839777,15.0122599466892,15.2090656281826
1.30984953741615,2.69057231624519,6.61677789324693,5.72659680922494,5.86286336576344,6.013961638905,6.61141207539945,7.2383809385918,7.46225206617006,7.5686472950907
4.8131607146798,8.92569211121343,15.1605126176451,13.5950601363769,13.8080485451584,14.0404773642024,15.1845364460624,16.2703032884881,16.5273246586276,16.7112385963771
3.84037554086106,5.50307383721829,9.1197371851447,7.96274621207886,8.12506248525825,8.32485221589587,9.10438988266395,9.94999004287997,10.1501057433339,10.3113999690809
7.5393414140565,8.42794764379409,15.4474184637241,13.8004992592869,13.878841148099,14.1014346018093,15.6164148629184,16.5853815634082,16.84122437872,17.0881309359386
8.32573699445743,11.2958635768705,18.398379474044,17.2576876832605,17.3909672656164,17.5660669759608,18.3763816560671,19.2479237255552,19.4573985641827,19.6288944502826
10.2114906370678,15.8093188212328,21.3600497750753,20.0547204524758,20.2954944047721,20.5034692411402,21.3605836398371,22.2015183014152,22.4179103266307,22.619126456571
8.14330885037374,10.4664240457787,16.1746588052955,14.3004278458398,14.489432832402,14.744613613891,16.4658836464199,17.3575157631034,17.6014882102569,17.7662905908664
3.96030480403988,6.41820694191684,9.16504391429853,7.92170521477527,8.07237324657549,8.2755723062839,9.20290721715585,10.0034293198792,10.2010786768814,10.3404263465939
6.08168716731237,8.60258249464709,14.2720164066696,12.2305033908275,12.472505004516,12.8104339985423,14.4732881720845,15.338428826118,15.5677359573265,15.7647778266674
4.46567590153116,7.81035443677395,11.600252192654,10.4876135680686,10.6674492224986,10.8554259625491,11.5924827661001,12.3375901541373,12.5663456746898,12.731213497591
6.55936777298511,9.76357254838136,14.6916408248366,13.4736998956482,13.654269633649,13.8718665204432,14.7121116082794,15.4780218361443,15.64229855962,15.8040895919735
5.81213408495451,8.28645047228155,11.9726915447598,10.6317094164404,10.8110577530976,11.0151073858191,11.9139862765178,13.0544999356617,13.348571591265,13.5481967986883
4.55734863935278,4.93929801513842,8.82289590968539,7.77345465349047,7.91469118457865,8.11831049560805,8.82555289431333,9.53636007281522,9.7322820426971,9.8447844388872
8.1106576750834,12.3192879343601,15.4675274031204,14.4885965430289,14.6654545968189,14.8367064493772,15.4863366212557,16.0955056207288,16.2570570635945,16.3857227263495
4.99260964151006,5.78932639027762,10.7285866938095,9.55554582548793,9.71809781288157,9.89986873566998,10.7190305303064,11.5503457091064,11.7565740397917,11.9039022238681
8.55202832444512,11.2257370743339,16.2093418336163,14.8318019761116,15.0803911634062,15.3192655743303,16.2234622636007,17.0924122008611,17.30266252335,17.4585892685496
8.23246334406079,11.8426278523838,16.1463306211975,14.6892762025976,14.9142734099129,15.1084258090321,16.0828578719349,17.2791483054622,17.5883569572861,17.8770045152702
3.94967827760568,6.05291525099777,8.23962058659677,7.25693276764629,7.39134440651121,7.56142450217985,8.2514784118933,8.9105929860941,9.08617281684893,9.20139403359013
7.62399526502531,11.7226490623794,12.4801647894608,11.4447813967532,11.6024115924811,11.7930015204279,12.488141279954,13.1712618139579,13.3461931160323,13.5148344745214
2.64002275336612,5.1625982631349,11.0762520021734,9.93405599926204,10.080780622781,10.2474177725862,11.0868951471219,11.8382361503663,12.0637318405995,12.2405586557823
1.5044058286893,4.07128575852762,6.42417702588954,4.98795837606295,5.25382494593804,5.548912968446,6.45761525900127,7.28421349934825,7.45221848787578,7.56707353568194
7.95057932974592,8.2553789346888,12.5728254546619,11.5278664978782,11.6613081073955,11.940985546974,12.5797411054476,13.2303095406182,13.4194934875285,13.5636782494624
5.94195870786541,8.95054500792275,14.2664550991585,13.111041385532,13.2453570271934,13.4357550863874,14.2400247003791,15.0961105253189,15.3216904644716,15.4694034260863
9.78405377461447,14.1154225624474,20.2446047779606,18.9859910728237,19.1718567354236,19.4564945724344,20.2540552882914,21.0456343322725,21.2645899460245,21.4531899965252
8.30514254626607,11.3386979724626,13.3080374728974,12.2363836132092,12.4214360172224,12.6100497992679,13.3314546465327,14.0048000006938,14.1521908999178,14.3343405179529
5.9392318669223,11.5498070298737,8.72923986564017,7.4922327054005,7.75516562325638,7.95339988841098,8.70031682865829,9.61212736608673,9.815679503009,10.0562378441423
7.67677026946118,10.3464019425668,15.465425944263,13.2704131581742,13.5552930191161,13.9957250015005,15.6956000941897,16.7059242392422,16.8781070684118,17.0243594622705
6.38069863817198,9.89540607300509,14.0865670153032,12.4310031248585,12.6816719739431,13.0188273810176,14.136876240045,15.0216519263655,15.2794283273214,15.4926194905865
8.53199360258434,12.5002830047784,19.853411680005,18.4032542827791,18.6180237861328,18.8347886037029,19.8285245803159,20.8706089482524,21.1131677482242,21.365543701587
6.75070583047238,7.4934567713991,9.48427650747071,8.05207119257454,8.27805025108776,8.51347907530919,9.48081049218181,10.4924270841423,10.7569366406751,10.9142533019798
5.38382908221438,9.46674310142162,6.99396400676252,5.73298413495104,5.98098411815385,6.1836593187344,6.93747290955725,7.90410033308392,8.17388444005068,8.3701053032721
5.50697139602068,7.66319024143016,8.9106668954903,7.84701491957444,7.98781879867119,8.18025410233438,8.90785976670018,9.66125885021875,9.85518529231796,10.0749610266539
4.577648170341,6.52746133460437,12.9899329735906,11.654706034772,11.9031266344881,12.1651551435022,13.0168902066877,13.764272807302,13.9571732681779,14.1171565492117
7.54945759293439,12.3061912147393,13.6880887072339,12.5281372045137,12.7176988100063,12.9300839950751,13.6923789838945,14.4585286008714,14.6465802037033,14.885163782737
5.38363544188874,8.03611122281083,14.115265612842,12.696619050787,12.8266408599305,13.0083853247287,14.2151861215716,15.0751577181842,15.2951700564241,15.4178249483991
7.94400233785918,10.732450801682,16.7811439273116,15.4228736425939,15.5730466301158,15.7793399263316,16.7133048729503,17.8373484366411,18.1339120785989,18.3226245835777
8.29999559927441,8.33346343835467,13.4056396439359,12.3420138207953,12.4830750055895,12.6925406183965,13.3818761461182,14.1582056011146,14.4426295333012,14.633307824274
6.99724458926173,7.99719145988965,12.5050338368234,11.4634302944294,11.6079487531291,11.7878009393164,12.4540937654959,13.3500493291565,13.6039119150981,13.8373167318682
2.37892414844379,3.18583809414395,10.8139085991645,9.69014679164071,9.82977583413177,10.0420999418152,10.8075088649549,11.6103082715668,11.7230023680671,11.9086572367189
4.79160453911917,5.02374324936452,8.99066895103308,7.63614381518219,7.87886433351501,8.1575621585101,9.03763943441887,9.66374271631775,9.80959093476583,9.97208939739529
5.72748600787738,7.97246679437041,7.58621125838804,6.57757204083089,6.76400928247423,6.89883741108747,7.60258143256204,8.24099939943158,8.42624245408907,8.59428939182764
9.61129523671439,13.8005999773382,15.9279017495101,14.2338496833503,14.4863412408469,14.7578667279909,15.9036971530437,17.1219152113976,17.3600172611251,17.508185939717
7.65804644455159,10.253798838286,13.2309086846924,12.0491383837919,12.2330230028187,12.4089179857213,13.2295005637645,14.0643103610987,14.291236121031,14.4917166037096
9.21918253489237,13.137092189903,15.7249544773035,14.4133506489007,14.6656354314095,14.8621443890506,15.7333169117107,16.554125468323,16.8211529834256,17.0357106592233
9.21857749467313,12.4351818860452,17.5430404283016,16.3128103251985,16.5207551932215,16.8041338212999,17.564676407117,18.3057446602048,18.4484746412947,18.5868973170613
3.09888669073627,4.60494282028284,7.195100266719,5.88738688525843,6.00537753577334,6.17089529087516,7.05640024081851,8.38946989977918,8.62069847895931,8.8273273984774
4.6467155124309,6.92237575501006,8.41221192871658,7.07780185777733,7.21611651186741,7.41191248398941,8.46050135248345,9.32557740041321,9.54420201379138,9.73807060411504
7.24529984683988,7.88596361700869,13.0641227617652,12.0306589727207,12.1336239745898,12.3163996184316,13.0467743263234,13.8222947829151,14.0387477246137,14.225688670533
9.70714305710678,13.1334452000665,18.528941148516,16.5009292666804,16.9598537153091,17.3761948788344,18.6337822480933,19.4615350302794,19.7426843826459,19.9044506755596
7.06555767757594,8.39397437921806,15.4175084819333,14.2853732704452,14.4204485443396,14.64640691826,15.4099789548736,16.2073028111659,16.4997895268985,16.70333586463
7.50316749697307,10.3003524732144,16.7308448924633,15.4471433084477,15.6953982181116,15.8738904297377,16.7609123068752,17.568538775412,17.8196117048227,18.0363947579136
9.5151542279346,11.8669477408332,15.1379516132702,13.8557466506184,14.0514251146897,14.2769110534618,15.1260519665065,16.0021130827126,16.2441235316385,16.417762474011
1.31048384948243,2.12810633697422,3.76834113196207,2.95824500094148,3.08868767465728,3.19315156619703,3.72877558201362,4.37472501372202,4.60231063265234,4.74515429050558
5.59110807542578,7.30006525073728,11.303623633727,10.0118102543227,10.2453057505575,10.4752215015465,11.3690510905828,12.0306727092722,12.20882729116,12.4080573804619
5.64761361344379,8.63740852929104,9.92509245075131,8.72230977953049,8.93016228886205,9.15547362476053,9.90891213517047,10.7382764059858,10.9618899892747,11.1367191067846
9.29599980360625,12.626058010885,15.1674873408047,13.8278992658273,14.0181066735855,14.3115275199884,15.1436762661364,16.0280837166342,16.3356136300756,16.6434417137127
7.17274877908342,11.7291053650744,13.5741671643074,12.5395875134616,12.6593812012627,12.8055196039259,13.4988332761155,14.5288312311941,14.7460712687405,14.9862877304291
6.13280226949028,9.53803308081301,11.8486634737474,10.5442171288836,10.6964276635633,10.8982771413905,11.8583215886844,12.7797414939047,12.9625736500352,13.1473743773758
4.10226605716932,7.55399785077736,7.82428504955077,6.33307915084344,6.49696948543455,6.77922893365824,7.68784749754662,9.12014340962113,9.47260744705968,9.67133564607082
9.42065372024716,13.7258524465104,12.9917480920939,11.4253810979857,11.6699651518694,11.9426169015633,13.0362646417314,13.9772400227007,14.1812974210049,14.3555597541686
8.27707735428809,9.7685953696029,16.5928557358476,15.3153952572985,15.5878716083006,15.7864735414279,16.6187576799459,17.3610314932493,17.5659522077242,17.7064635598309
9.68001216600315,15.6934371920067,22.2954359317509,19.8993405445151,20.1540471337952,20.5703696150749,22.4475739875487,23.7779633369796,24.0285236572024,24.2220710320363
7.8468991873388,9.83388273259189,15.1753180949551,13.5507320092212,13.7316366870728,14.0130973150903,15.1563547009812,16.2959420700965,16.4650713776733,16.6750728372436
9.67269303329471,14.0101945941234,20.6732375761392,18.9472094653518,19.0882131614591,19.3231176321267,20.7388119294918,21.9463756223591,22.1664687679916,22.3384128538877
7.53457254771621,7.96580993188703,10.5147398422924,9.39072255752599,9.53890684416329,9.7650518718362,10.5126410212815,11.2877436674206,11.5224313821847,11.6833719463816
7.87703087981378,10.554135613259,17.6028262674154,16.3263609192408,16.483984479391,16.6963032057945,17.5630128576751,18.5875220724415,18.836319308385,19.0106156327794
3.91460355299182,5.96171600531258,7.73313597962428,6.49790017981384,6.62490017935945,6.74821328588065,7.65207372008382,8.78071616766178,8.99646386833168,9.13789944796924
8.05482575355631,11.5462739078997,11.081963851142,9.61737053088165,9.76679114079638,9.98999417559281,11.1188745476077,12.0756117505797,12.2864528947971,12.4740918619898
6.66250777296883,10.4137060869968,12.950053721417,11.285058488463,11.512706218599,11.7541766703848,12.9379230640123,14.2165491433319,14.4907104807554,14.6708520820697
2.13307003800176,3.91621796828855,8.43495219886809,6.68919810029951,6.82198324017899,7.21401647249097,8.5749820551041,9.31755386980153,9.46803676116672,9.61106299318627
10.1799720456205,13.3342036398359,19.8241945109893,18.4996681444252,18.7248471540771,18.988257717279,19.8288569917358,20.640254973062,20.8188572196203,20.992743309332
4.36933352056176,6.23451115775372,11.0424943460186,9.59489549510769,9.79892703238011,10.0572185729424,11.101198277708,12.0135528717227,12.2281001227454,12.3924467928229
3.74494137583506,4.12014778065358,8.47201914889017,7.2011495846112,7.33443813684774,7.53933549938219,8.47748702163772,9.39868070509745,9.61130846376901,9.82233159473683
7.66931326535026,8.79965243137056,15.4816180241719,13.7921509894291,13.9810251537313,14.1615824331944,15.6121808291395,16.6044263057381,16.843191610852,17.1774342681007
0.916638490569299,1.10185557801305,7.12530115309569,6.03236686198494,6.23757520828347,6.40911988713518,7.12970730160164,7.78393971680105,7.96955876439253,8.12525480258532
7.85787553849034,8.98755544807554,13.4450111286377,12.5165279877,12.680887404697,12.8380929154699,13.432391192215,14.0843925493399,14.2662705121239,14.4362985562214
8.04216488708209,8.11259523096274,12.1013849557192,11.0691269378053,11.2560871273844,11.3978660789744,12.0815638039392,12.7852074825728,13.0311791865548,13.2402915188045
1.17366521452221,4.55543123458853,6.92976372643007,5.78644447028646,5.96033748879685,6.14943799367308,6.9308131477596,7.70343052060128,7.88982114746165,8.10138366877614
8.61482048930946,11.3716704281464,12.1215154273156,10.5382520019672,10.8066305398949,11.107282417105,12.1994101171778,12.9049495423622,13.1503657738995,13.2765713775659
5.72663012382556,6.72892846439846,7.93013081384905,6.68496790263617,6.89977046573091,7.15861318493986,7.99626695869959,8.61565044253611,8.80206782031426,8.93604336676811
8.73068764575389,10.7937850870194,15.3281698019728,14.1958349033399,14.3553179656754,14.5244407302262,15.3244670686028,16.1652801888848,16.3789969389544,16.5750658812561
5.63135536493289,8.96362753140095,11.3175180438286,9.60703747502368,9.80820191145373,10.0553623777929,11.4632792385996,12.4026107052077,12.6044469062582,12.8118726503406
8.94019879861485,11.1360598628438,14.2069695149984,12.7268542850416,12.9655318322237,13.2178183403296,14.2255849673238,15.1290876773524,15.3273589688921,15.4813441052555
8.98157404761319,11.1816865414124,15.1453622498561,14.1458914583999,14.3060606994466,14.4710127176915,15.1245636076222,15.8225888619572,16.0157013168296,16.2158674185195
10.2598918236506,12.4029193628223,14.737897743277,13.6837430051037,13.8386785287502,14.0352259796411,14.7354835411196,15.4651835897251,15.6889546764687,15.8425105093259
8.86325437238175,12.05847800974,19.0497813984119,17.8110082643974,18.0839868970078,18.3244477497506,19.0569792413608,19.7962124348678,19.9969586173295,20.14235321344
3.91364342473304,8.22412172374223,9.90190650505043,8.47759117510276,8.6890094833165,8.89233719585811,9.94171675530387,10.930482854171,11.1913096555109,11.343114547421
9.01850303583467,13.6332749644931,17.1757448368563,15.6042934607886,15.7875205309332,16.0542665844107,17.1077728920446,18.4247986372859,18.6415367089129,18.8585779847998
2.13355921577567,1.69112358113535,3.23387036082756,2.43396690415203,2.56764948819266,2.72592367075879,3.26252331305694,3.70072116728948,3.83152256067635,3.93391314271668
9.24293729107936,10.5235528849458,16.2544380108976,14.9191946293221,15.1187376355679,15.3144161556824,16.2697175603183,17.190577704069,17.3925799474101,17.6248465551046
8.38953942264187,11.1486844656,14.9146322626371,13.5076946702836,13.6879973035084,13.9025919157288,15.0208258502197,15.721835730126,15.9121465933212,16.0641069235083
7.43059682502435,8.59062765979144,14.6588094603297,12.8662502167236,13.0928113448,13.5395187699425,14.7312750751327,15.6503217865829,15.9584212820082,16.1400630542072
3.56216049090916,6.04165192149259,14.478163126933,13.1943068352149,13.3796431892749,13.6192945932459,14.452389750702,15.3502575615758,15.6438438262268,15.8583191120728
8.92126243573096,11.4664356444166,19.0806067941365,17.4949597789907,17.6806436752693,17.9510079061686,19.0767202921205,20.2254844857064,20.4707179639331,20.6490962866445
5.63766815317342,7.69297089757943,10.0324072229325,8.82680884723668,8.9683422256342,9.18355491475603,9.96964144064401,11.042784703942,11.2931900105985,11.4512354215909
6.75330495764625,13.2210380285081,13.6144040388857,12.3355651494949,12.5548454835296,12.7523029199882,13.5897081554869,14.4742049830557,14.7956305616739,15.0121738638818
6.95375330895475,12.2848853536079,13.4290178393199,12.1954165166111,12.4301267096282,12.6950145128294,13.4319502630939,14.1956155972396,14.3935562154138,14.5558767501519
7.55016228192742,10.6482930304868,15.024845339459,13.4481838699654,13.6504891739099,13.8880591186684,14.9985858121991,16.0824643037259,16.3049494244262,16.5095709245302
8.68019028736689,10.8186705242374,20.9373562949122,19.3729861491997,19.6570491720223,20.0121667072886,20.9589497306302,21.8545308016871,22.0824200359902,22.293086460282
8.00401793530776,11.8073781899662,19.8839115171591,18.3461941735577,18.5226927187569,18.818078081458,19.9763402670065,20.8209719410185,20.9840215415568,21.163381591454
4.59284806896115,5.82514678267519,7.56935169334567,6.57753598916651,6.73094279571679,6.89131929785194,7.57201887683041,8.25634442418493,8.42481339676628,8.57296840738531
7.15395565881024,9.09140721085351,9.62490762925966,8.46291342404481,8.60602061278826,8.80280551659623,9.55122894585759,10.5506783709095,10.921278761528,11.1799722818612
3.65879929773469,5.94238778414588,6.69856008418705,5.47299140145189,5.6374948402084,5.84921286853549,6.76863190797467,7.42289723757592,7.58652687244899,7.71274411132986
2.87146745725728,5.28641030767825,8.47596287170587,7.08789743758391,7.29605086948129,7.58712072319656,8.52536851734717,9.24624079914263,9.47871946516848,9.67557376700522
2.14187503999489,3.88723466095617,7.54062375557315,6.55838837645863,6.77449259714326,6.98971227279276,7.54943104853751,8.0937357460125,8.27740428071147,8.44704291654544
5.09195678799218,10.0950334944222,11.0405520462083,10.0082926167869,10.1638723750736,10.3489434493362,10.999475341804,11.80174591407,12.0125897899215,12.2206449161858
7.85610262785591,9.14443317991075,14.5211167947771,13.1936415965331,13.3255012382426,13.5369781006291,14.3977875549303,15.6979395885413,16.0056046595133,16.1950551979194
2.26247353531162,4.59726994028399,4.40832081920378,3.53997695040533,3.68013297662513,3.84144569392905,4.39870510819537,5.01709099186869,5.21136237226037,5.34115505694256
6.72449013893309,9.22241262266056,11.7601257398543,9.79161432617696,9.99501936061496,10.3057208439142,12.0136777056949,12.9131844725048,13.110103196479,13.2860057286179
5.53663900188858,6.66337238840354,8.40073852917386,6.86297791315005,7.09920981469202,7.35045805693865,8.38067164135049,9.40017322379078,9.67350928262663,9.83207868461533
8.00566055534386,10.2248965974196,11.3274692421648,10.1208682068941,10.2676051270352,10.4290386734166,11.321090843445,12.2184138431264,12.4828027787156,12.6988197272476
6.89111835311147,9.70452795229264,14.6085099523557,12.9904812329591,13.2799280004266,13.6510585765206,14.6473117217482,15.4683289290379,15.6981617204486,15.842683765885
10.1277839745196,10.0348963920816,15.5281016501959,13.7652397781846,13.9734811651622,14.236132547314,15.645589103142,16.5572198261281,16.7576694819082,16.8712981537366
8.19485797064945,10.3478680574701,13.4822393854532,12.2942537783558,12.4661877368707,12.667335871306,13.5055613507785,14.2336567896565,14.401824283924,14.5935467131637
7.27750858144389,10.0797021644107,12.556829476762,11.0977733254364,11.2454226026985,11.4960078791204,12.6373005780975,13.4995335226656,13.6680697911966,13.8658403341442
3.79508402505467,7.54363250113068,7.94955482570039,6.59731923980555,6.77954438920815,6.99184238246469,7.96320383718598,8.95395471751412,9.15185298680178,9.38345995439149
6.35229051145423,9.44292022663048,12.5220447806187,11.392539571843,11.5595425316825,11.8154312058195,12.5426723749441,13.225439777694,13.3879680343648,13.5816070077727
1.31405791740378,4.08367816225507,5.54791950730098,4.14500000865931,4.28326819464495,4.55996786667506,5.60636956259416,6.48707223611532,6.62886381225552,6.82170020314261
6.60861101363925,9.66445812915149,22.231659642117,19.7504128368016,19.9315105384248,20.2145834210857,22.4654489151049,23.8557852507134,24.0742275854249,24.2731300773761
7.00367339387048,7.70738214839163,10.5251644885878,9.18371877695188,9.39587716851303,9.61731093792334,10.5876057151494,11.3241665124593,11.5045355754205,11.6549510797217
5.28483160132772,7.64468880032925,7.72273843194271,6.69300368019017,6.86043855470537,7.03540776059959,7.74286307910909,8.37343713860166,8.59876849320457,8.74300161110761
3.61405082713432,3.54539912474455,8.41659218091841,7.49158466790954,7.644812428444,7.81187678354357,8.45141596940537,8.96515723225531,9.10264033636046,9.20925732820914
7.11255342932551,7.74583206293387,8.15549858139305,6.75236702345351,6.87301928404262,7.07463118571347,8.25686453131552,9.04716558874571,9.22990910356016,9.36466127891563
9.20224661228544,11.598159100223,18.525932950816,17.5919070272955,17.707600021481,17.8911064869189,18.4909205146936,19.2103700951723,19.4127956804562,19.5281014307805
8.07774099046013,11.1525551203409,10.4266075907852,9.37067658831925,9.48403835286096,9.70961744412647,10.4371924167835,11.1477288546912,11.3605196605983,11.5154344091326
8.43952224091814,14.4658218715339,19.810134660878,18.0048236308158,18.2330717792317,18.52665599683,19.8843510875279,20.9411198160851,21.2258874333181,21.4731640009685
9.69445811496996,13.8884890217989,15.2316358743108,13.6446062539923,13.7954323971845,14.0676450891734,15.4021416352658,16.13567654684,16.3347782016265,16.4790381316049
8.46135403955938,9.66033388876556,13.132051908507,11.6050432706945,11.7990253264786,12.0927959653069,13.1282155370364,14.1524342185416,14.4096589508705,14.6439092091913
9.78770925073131,15.0282890589496,20.8755197436153,19.3151385271386,19.6758515867567,19.9160821745721,20.8436217309376,21.954188411599,22.1751609180751,22.3720028776024
0.0478541686688296,-0.321290272981048,2.63138358678407,1.76154696939836,1.82741943619956,1.98515996366354,2.66019552839656,3.24514892983364,3.35984944600754,3.45366421850527
6.97627604556057,11.9262268139455,17.1698913544364,15.7612386288466,15.9257408768291,16.1916634586366,17.1882743770522,18.1472369155629,18.3454264298652,18.5286065524393
8.51335264788513,10.6075252874398,13.3171611176156,12.0580939240344,12.2373910061362,12.4246772631032,13.2149572594312,14.3830113394991,14.7253833318519,15.0740383392429
4.67406165935135,7.44348009603931,11.9926969774121,11.0873572073615,11.2034031043408,11.3535479193951,11.9825769930247,12.5999125790267,12.7670013958588,12.9452072393451
8.33935362669906,13.1165481043638,15.0979996331302,13.9338470438407,14.0934843424851,14.2760544941185,15.0452991232848,16.0132110645547,16.214199077642,16.4586133994045
5.48318370311715,7.14644179128487,13.2816155259933,12.5197257975072,12.6123281107527,12.764674351259,13.2742224188403,13.8254097221927,13.9311645634626,14.0898084099211
0.874480051466099,2.66718804709592,5.829719409295,4.5600900684944,4.72622229153453,4.86164038582324,5.74478686479338,6.89668017697743,7.13643870199457,7.36944677526419
5.4887320582765,5.6660005677968,10.5455179318595,8.96141151978914,9.06743165500371,9.24196818017133,10.5867970034596,11.9096436362947,12.1573916634588,12.3676667382646
8.75871454336319,10.2243079714161,12.0831280125699,10.8172118052976,10.9416207807563,11.1319222597926,12.1159624648589,12.9912877610133,13.224858207205,13.4593980368262
5.10065960864224,5.27478445467724,7.1716815530994,6.07487645493896,6.24349209436217,6.36357053553105,7.18266301955281,7.96220455629241,8.1378671161975,8.30807876169241
9.35531456196712,12.3780600744079,17.6056195282232,16.5610200254892,16.6827503742144,16.8530380993456,17.5813692234639,18.399526956168,18.612580106173,18.8373767908879
7.11377330312627,7.69373419457824,15.8825068780452,14.763051272404,14.905506874649,15.1008871514382,15.8364831664646,16.7167810669269,16.9302768473903,17.1643418183457
0.633786169490129,1.29942850391857,5.37673735141554,4.2956456646433,4.43942135979681,4.6334915594336,5.32329568553469,6.23347830411024,6.48236982818441,6.68505073159839
9.47867167845179,12.8525842539587,16.4614939147945,14.6005995549999,14.9066352942631,15.2911034356686,16.4806315674258,17.5901892577998,17.8895238308664,18.1604660616923
7.19472774016038,10.0928108193103,10.9045453846825,9.72892630686307,9.87340061507031,10.0920079037338,10.8652920133641,11.7956856135276,12.0185696565593,12.1865694138654
6.05904062592225,8.80423290900976,13.1023273918901,11.449566263007,11.6896880474733,12.0283408048398,13.1836328570806,14.0020983992655,14.2275114459397,14.4674081457687
8.50192121075849,9.73782105768687,18.8367404189535,16.961949424612,17.1618234995264,17.4299352568931,18.9466425878812,20.0588659260113,20.2197379358098,20.4851954201503
1.27940851689886,1.21542101105327,3.34590134337072,2.36894632999375,2.50363762958456,2.67566803602266,3.37058228347115,3.92247503025019,4.07882220727294,4.23206371924815
5.42762443581929,7.48869446284901,15.3224329723895,14.0694811349911,14.2470702653152,14.4448769722899,15.4129348670683,16.1193018590007,16.3318570654298,16.5363482492168
3.06650133856064,3.66554813535284,4.82667582239729,4.00739894663643,4.10043475937202,4.2461696407556,4.84173805042871,5.36807724139087,5.53830262986598,5.63551583949507
8.10226861965316,12.6285026913232,15.4184570700603,13.7276163507834,13.8612350665721,14.1836999223812,15.2106443255731,16.9107508386901,17.1904947772076,17.4487944734547
1.94404223525263,2.98552508664429,7.55000306361861,6.12504699384897,6.23997722162608,6.43268679870837,7.65998881714646,8.39275530039247,8.60337848456438,8.73711733821947
3.31700046645931,6.05352037013639,10.9570919182273,9.9123516557434,10.1111284480604,10.2623130403353,10.9849493380688,11.6094163380933,11.7930925245194,11.9491142758871
7.89733669170146,9.39630825540575,19.3084608353256,17.8218409967072,18.055365025762,18.2368279051105,19.3361674462519,20.3628878737582,20.5694462798441,20.7259109044622
4.99831648957585,4.59901118843891,12.469881104398,10.8784595600545,11.1136797479708,11.3378360059781,12.5668527404151,13.4363655726638,13.6904034459822,13.7744385692134
9.58677215541566,13.119134797265,15.7633654119184,14.3041679613298,14.5825010646399,14.8155875219796,15.8255453464877,16.5508843028433,16.7339493369454,16.8932245417761
9.14452148620812,11.6521725059704,11.9700759579433,10.6325422370255,10.8168167442926,11.0250465313565,12.045195419055,12.8150445348821,12.9638332706665,13.092852611458
5.91482824620173,9.70370435593603,11.5832574944144,10.175979625245,10.381894683508,10.5622278786367,11.6528180864029,12.4366864963352,12.6181971936451,12.7591281336611
5.60717544488767,6.91706247035241,11.7212777977582,10.3078697577211,10.5160486738907,10.7431657815047,11.6801579210402,12.7208470215464,13.0786432007526,13.3671778972561
9.35250404962053,10.4242047469769,16.3805065743473,14.9937968697974,15.2166481438244,15.3967983598221,16.4046689651343,17.269634468952,17.5120935026228,17.609297076676
5.28284202273989,5.78053754356068,8.22456454406966,7.32710881386232,7.41298434578185,7.59971121452388,8.22590679090845,8.89129729706615,9.05638866282226,9.20361095703991
7.62560377716083,10.2412804484105,11.5007136904663,10.2688704989511,10.5017576924253,10.7774014840311,11.5225920262713,12.1967659009476,12.3761325624408,12.5588887691085
6.57184312455595,9.74016018460498,13.0665504122263,11.5865770566952,11.762839219871,11.9930640132701,13.192753852855,13.9519273265658,14.1250728443681,14.3224170955007
7.49576819104432,12.7216359045941,18.3634994970165,16.9990197375787,17.177828960499,17.4253518876559,18.3621990933381,19.3391885225896,19.6203867718607,19.8254141037737
2.37186614858352,4.28785089337709,7.72512906334901,6.66181145821569,6.78331508313308,6.9030740469053,7.7723446874718,8.47666006758463,8.64410818530495,8.75889361830845
9.35022535057476,14.8071807779139,15.8170334393382,14.1247754064886,14.4116045827312,14.7243495683367,15.8691571339757,16.8018106360842,17.047254019812,17.2564270161952
10.3002732579682,12.8991912144721,13.9617172742934,12.6190396450319,12.8318970523713,13.0880125808314,13.9745031582173,14.8638009054341,15.0862295605642,15.2953484314232
8.8177711707975,10.1530994898285,16.7700078153981,14.3648346567441,14.5921955398866,15.072097549932,16.9127219044562,18.365493931626,18.6209499552229,18.7844584547551
8.31555457118058,8.48833703130562,15.0180065584791,13.6817519359628,13.9461335029805,14.1407140823228,15.0187903606406,15.8757535745953,16.0648545634767,16.2173334238464
7.58495429893247,11.037264868674,15.6446778919656,13.6530841138752,14.1670859983347,14.7539288118594,15.7204992974614,16.5117300241418,16.7338553047583,16.888682410441
6.60521471896417,9.70437335102116,14.7669172556927,13.1050445829389,13.2638875885535,13.520043710758,14.8462215273471,15.910895213304,16.1383040753089,16.3484384594372
2.73470520917222,5.11436221589372,10.6737003335801,9.54175865479615,9.709614932519,9.93781967359622,10.6255943474765,11.5091785243159,11.7635436506388,11.8861924952853
3.00925054070434,3.93216184643496,7.54553048382225,6.35915933850605,6.51972773283065,6.68584295681535,7.47921549318212,8.54909610091357,8.89885318533708,9.12947717111533
7.50047676456723,10.0228025114461,16.4335858874323,14.9296508399323,15.0916163618869,15.3211456832423,16.4447913201628,17.4728221193747,17.7793135872822,18.0645481536599
3.12640715907057,4.49444939204284,9.17525082893545,7.56402287201133,7.83113529876837,8.14006704637258,9.28382977444002,9.97451082627962,10.1210468751978,10.2144532186334
6.63275399416652,7.61665061222878,9.62251264164407,8.05204148397716,8.21029641467036,8.45169152882258,9.51094651778604,10.938170748821,11.2179328050526,11.4492123822904
7.53721384206245,8.21892598177035,13.3616623206056,11.9085430473494,12.0736095379369,12.3672509763032,13.4054890055287,14.2894597034711,14.5180932019925,14.6775555207936
9.46890419916916,11.6756918188728,14.9506542122197,13.5130216573393,13.7584689401821,13.9771844352779,14.9520229341719,15.9507743359373,16.1958008301906,16.3593316010403
6.44726676597973,9.9307316623855,10.3285392045364,9.04030563066807,9.19448669305694,9.46427094332528,10.3225710115487,11.2158451238329,11.5126931159436,11.7284446114949
7.70151875347188,10.8940823967798,17.9041913949402,16.9680452895239,17.0388451227248,17.270144288466,17.9081389307582,18.5004583278481,18.7138028371592,18.9029158790856
8.31606485299254,10.0852219026602,13.7470546265607,12.5672791373114,12.7118365331315,12.9396280698343,13.7693300688483,14.4739985385498,14.7255134493407,14.8781478899166
1.6356338771544,4.77292850808682,5.44669803114887,4.51007377938406,4.64008902170881,4.82908498818115,5.45568693074271,6.00467465913818,6.20650662426491,6.36902846051542
3.90577328631975,5.52879181236165,8.27393464159384,7.1161961609458,7.25453595159177,7.47520725107517,8.30273920095804,9.00628775911921,9.2137237413989,9.35035448213551
3.91460355299182,5.99689095423928,7.57416752846395,6.41874216748446,6.53737531385794,6.70608342515857,7.5435116741191,8.47067611212336,8.65967474509908,8.76380000679547
8.97601691556556,8.82996504952516,16.744308177251,15.1838171195822,15.3668213720328,15.55396665946,16.806193347827,17.824961166531,18.0544541785473,18.1591144742702
9.88873040977534,14.2313055073671,17.640598819875,15.9530490023346,16.2418753346278,16.6035364975403,17.7405557220781,18.5203038643206,18.699161575573,18.8503304431736
6.00417991647968,5.56843619794174,9.67851783234939,8.85123077054893,8.97146970383886,9.12469541130887,9.66614241784739,10.2226744035032,10.3866474259521,10.521748000024
6.65769267074159,11.1063064343059,8.6763846154289,7.57702021343957,7.73571449664009,7.89968541581156,8.67876212826309,9.43422792502663,9.65705877554051,9.84859638906986
7.64615959488302,10.3786280436532,13.8231187865323,12.3923224313428,12.5502712094492,12.7993648156928,13.7546440232024,14.9676374921334,15.235730407943,15.4422704684215
7.45074789471214,11.99710633468,11.9931861066593,10.9591440670778,11.1093545979904,11.2852108906829,11.996568051818,12.6675721766908,12.8738733744571,12.999377819521
7.20980575264672,11.5859426762592,9.75869065520349,8.64818704518656,8.78899432729109,8.98664230312494,9.76897353478036,10.5289874265137,10.7133715283725,10.8775946514723
3.66614782544696,5.39226647790117,6.60772184082238,5.1658999660718,5.52201526625477,5.86370901636113,6.65963995307962,7.27503117144468,7.46615806454941,7.62329536844586
9.69604963270454,11.8409779318609,18.5771620968352,17.259337314033,17.4540271426084,17.702820927282,18.5568982999456,19.5058735219795,19.7263099579203,19.9107250111907
3.08501312586361,3.61243807610259,7.72510078655438,6.90652250198405,7.03820712378766,7.20880208049192,7.72886049778688,8.22917016557354,8.40424371186985,8.5388054152673
2.13658574863771,2.79823177058275,8.152216196434,6.78099843847977,6.97391945958078,7.24896091627367,8.24611810805145,8.86610496611027,9.02547524739172,9.1651489336355
4.63617590983734,6.01376354308944,6.6787769625513,5.64745047159201,5.85617563803166,6.00892267347133,6.66647859239936,7.36334772256286,7.5467739909823,7.70234864162868
5.45140100787678,8.25543719215228,14.98838983825,13.3784273454193,13.6811166565079,13.9839231472724,15.0587535056673,15.8366914417747,16.0995304673405,16.2924411106355
8.03148430511296,9.0852757347969,14.2846956579052,13.0784491113372,13.241991460349,13.4317688226588,14.2971216397304,15.0577085795997,15.2660507651735,15.4229078206272
6.7722463722971,12.8171876301352,13.2610000067526,12.1397644984838,12.2685704355495,12.4744048098268,13.2335465119523,14.0272188615545,14.360652022713,14.5681133630812
6.02325115500661,7.89581995443092,10.8566141310965,9.06252145607507,9.25295802582429,9.55918134898908,10.9626178925483,11.9344633679427,12.1137644976278,12.2718709126582
6.59094156285571,7.22854082021956,7.44785707449922,6.26670534510431,6.43531577573666,6.63343666317025,7.44511232016596,8.20490294506474,8.47584638015386,8.73160054887477
9.65289389005615,14.7095708220401,19.2366958115882,17.9492844335028,18.0934515901386,18.3560634263094,19.2743995040162,20.0179326944779,20.3057317279314,20.4533743690566
5.31606948471248,6.5550452092889,9.21725363029163,7.81094029822678,8.01107085067936,8.20720667787042,9.07652889457326,10.5713599042872,10.9431968721315,11.207337344944
5.58989095567088,8.13300872761441,12.3386129371155,10.8938015117449,11.0866885325611,11.2825788926785,12.4590173184017,13.2111074903971,13.4177836322863,13.5936002750451
6.38175319193674,8.28633709183068,13.1345930988603,12.1681056929451,12.2997389569222,12.4959424026379,13.111331216301,13.7855789572245,13.964510451202,14.1155143821943
3.8965572574404,5.73430913266834,6.62282586122836,5.78088307116927,5.91498319765807,6.06674644219589,6.59927694656338,7.21278442426462,7.38198828855624,7.55474334182615
6.1286932231864,9.59217833368216,14.2822362239856,13.1926008428989,13.3453372567384,13.5540326742734,14.2911401582245,14.9995735357708,15.2541749512142,15.4434776442793
5.46932963227859,7.10334488456774,8.47088409864429,7.24293809931275,7.43127311090594,7.64990059300534,8.42703891171542,9.40328264465156,9.83620011520098,10.087633667254
8.71713595581271,12.6422103199745,14.0748500159231,13.0074905887259,13.1418551533476,13.3280788716099,14.0773125747097,14.7785582729737,14.9580086515616,15.1543470234349
7.45027047716276,11.6793276423274,11.6981653120702,10.6298472925952,10.7852082261763,10.9902709357336,11.6860199673731,12.4349473044374,12.6775678011885,12.782791699896
5.75574925364356,9.04673539501137,8.70022695206562,7.80089725270897,7.96179583710908,8.13679878467043,8.71506246161381,9.25848320110048,9.42075283525476,9.60924734742361
7.92960222585069,8.4110177236615,15.4511494469793,14.1713509235938,14.3826230933507,14.6124036454383,15.4465630927436,16.2493301000499,16.4297872478049,16.6799101733499
6.99879311636717,8.525561929384,17.975113943542,16.2635241944154,16.6219778006147,16.8600733190778,17.9406862291535,19.1907484842265,19.4759937770163,19.6649476957677
8.65322292948356,11.3354997311077,20.9251714596691,19.4162309865324,19.694091031823,20.0049458288028,20.9542072602177,21.805382279678,22.0415640433349,22.2244455628845
0.334978991475217,-0.135325798743677,2.99050944250339,2.29575327459011,2.35624435370319,2.44127415199992,2.95638210432903,3.56124160586471,3.69734780442977,3.78696212151708
8.11509467898178,11.7308997636933,7.98864026515426,6.6117607894647,6.77915776722498,6.98806385070823,7.86417902012389,9.20896799394414,9.58504296317306,9.75744147763535
6.60866038750569,10.2416395733576,10.8282032217476,9.41294749649686,9.54390669026172,9.76724518556033,10.7908535704413,11.9140583866407,12.1644878918212,12.3669758789448
4.63174482693235,8.0099489939199,13.0756798152308,11.7272442460873,11.9121344814506,12.106072049648,13.0914053323896,13.9906334573747,14.2756164210193,14.4435901094262
8.94905120186721,13.3955452988841,12.2537077461017,11.120516182086,11.3462737403475,11.5219636076597,12.2564186343989,13.0048649753694,13.1971702594933,13.3118638547431
5.26365757108749,7.42120267237975,13.0052224170764,12.1427428672509,12.2703922972907,12.4319041649718,13.0156485760661,13.5728878398855,13.7756494498721,13.8818243489813
5.90478249786462,8.69524800361408,9.61994863451334,8.43422396918881,8.63070430756955,8.85684237698703,9.63297941108149,10.3944155330855,10.567332569417,10.7685439773782
3.43489420689814,5.42699042728195,6.88033053641526,5.95936215819086,6.08988460576835,6.26056245609303,6.87213848657209,7.51770926803987,7.7061100991948,7.79496032900923
8.26996071257105,10.6617025737555,16.8221172399833,15.5103070294221,15.7147303312255,15.9206633711864,16.7657286503405,17.8626920079047,18.0583580523554,18.2392185389288
6.08464919030646,8.30647522280642,9.32254154318219,7.65638322795092,7.83539905845329,8.20816412228583,9.40174064909648,10.4053216870666,10.6719012859906,10.8524504725658
4.36831069315303,6.36655816161955,13.4435407173827,12.1731415711843,12.3411880687902,12.5026104788277,13.5343879174806,14.156753993858,14.333246178155,14.515243376227
6.30218531833689,7.34962032955918,12.1401450541871,11.0671715060313,11.2196408035443,11.4135010884273,12.1255560240757,12.8824669986021,13.0698817704087,13.1853349841408
7.89512249781025,10.1170837065725,16.9228427353645,15.608565140195,15.7567112919339,15.9499819392188,16.9467539521386,17.8678359168197,18.0509053165754,18.1796534729135
7.38165701784513,9.00953403513059,18.5530991031539,17.2467885513322,17.4301249429694,17.6582132397473,18.5001416769475,19.5575240347782,19.8388585102969,20.1310457252006
9.99821681487605,12.051724333318,17.5118776094419,15.5928605748611,15.890946844476,16.2512155148799,17.5718286413298,18.6546176663272,18.8592792369819,18.9899731689632
8.80802088060408,11.1473559743143,16.6499943080519,15.0572052136998,15.1962386661892,15.391154540704,16.849891215232,17.674565975427,17.8865517138703,18.0210029877177
8.50329747584008,10.4641932244717,17.8402092026401,16.2549517953493,16.4583686718972,16.7538743537664,17.7825121310153,18.9482932930081,19.2035207871091,19.4556617411043
7.94142588708881,11.907127340563,12.0779701471559,10.9756350732463,11.1825223203319,11.3993376484646,12.0743652551883,12.8019979605862,12.9565091851621,13.0941087659285
6.87443278093033,9.54883280111367,16.1351856818109,14.1578494908991,14.409563615812,14.753757050274,16.2409075174114,17.2350555312403,17.5091557612331,17.674617361415
7.68787809165328,11.8448316948387,12.9300839070975,11.9408627057922,12.1293001643412,12.3051290449458,12.9214087408328,13.5720618570422,13.7763144275543,13.9864302814153
6.72554890935595,7.13401550123477,12.2869415496495,11.1959652209384,11.3754688628033,11.5646214613689,12.2942762339195,12.9824789173183,13.1305831476665,13.2675092246464
7.88462875053677,13.103032216196,14.599510836228,12.7394247010835,12.980589123916,13.2006532482273,14.5279448873446,15.971536599931,16.2006479085651,16.45520401743
8.3831893470823,9.34178276924618,15.0014476465829,12.8477810550346,13.0468848543599,13.2951428908536,15.2527601526385,16.37817603992,16.6572121863628,16.7900150539403
8.73409048753864,11.5307893126794,16.4348739832041,14.7478659240178,15.1328628356796,15.5911034283736,16.5017615449384,17.2931669275333,17.5009023184786,17.6761683106551
1.82645570769917,1.34735285817232,8.60013020297832,7.58001399611156,7.71466764328756,7.8918711524818,8.55006088802014,9.38811060109351,9.59273052911394,9.76940732272463
7.35112562229655,8.9499248477421,14.2173166115985,12.9875072992562,13.1227718418376,13.2730614483739,14.0942343189567,15.4097726831367,15.7519563256708,16.040762464552
10.6115066831897,13.7131894243398,12.9245216761414,11.4635834761267,11.6314069059822,11.8753063515788,12.9504117560779,13.9463934527885,14.1670514237333,14.3151594185532
6.89078583666861,9.92080232931122,12.4196375380083,10.9846731473983,11.1736957214606,11.4354009557833,12.4536139495068,13.3917057165633,13.5713741439324,13.7841123598418
5.24882591615091,4.9433713523742,9.99965274664506,8.45923161910946,8.62866366199334,8.91877637475768,10.0910399419511,10.9245080630901,11.1549290726172,11.2452364524288
9.7939064443269,15.3768274152636,15.5273989654944,13.5785037974328,13.9128077631477,14.2911870988363,15.543039505951,16.7099091799698,16.9055745924163,17.09574742956
7.97651384398848,9.65124115166275,9.56160760296792,7.78978336579096,7.9572492377692,8.2108769105205,9.62293884159095,10.9194522148851,11.2034665489491,11.4565167655029
3.40288397439529,6.28461462367007,8.6274440441229,7.1371779884887,7.4282133328716,7.70381817888727,8.66158135296724,9.53445639919742,9.76241630925155,9.9340427649476
8.00674519340931,10.8731455316824,14.1437679703609,12.6886700827981,12.8147026051201,13.0388291925949,14.1791315226499,15.2010034365283,15.4256291106008,15.623982178191
8.67574110444196,11.8691622354409,15.019093050837,13.8943374257454,14.0915098368285,14.3024910023364,15.0259253730955,15.7375383057183,15.8997402750048,16.1085605461406
5.90754862195486,6.92124874272916,12.8542962613427,11.6319450071171,11.7861223170991,11.9760427909709,12.8191746553007,13.776471759988,14.0818461988055,14.2545344642763
8.07951307808161,7.67358107939458,16.4269921879094,14.7975802578649,14.9832570222305,15.2869035608334,16.4291384965158,17.5488342933039,17.7357475675199,17.9330372967972
2.34276701896028,5.22383008060604,7.15749863388113,6.15493767956363,6.32624188748589,6.45654354320381,7.18177794501724,7.82938985554104,7.97612227353428,8.06650744612778
6.51323552147637,8.49297677627406,14.5064179742404,12.8580587684907,13.067638460499,13.3154872325393,14.4663866572112,15.7824588488017,16.0813572714516,16.2903792659408
6.77099893139877,10.2243754675705,13.9667869845997,12.7309725631115,12.9732454949547,13.2394755385068,13.9890404599432,14.6726635574256,14.888748177688,15.0451294537387
9.36627179013153,12.5901539316671,18.4642503293471,16.3162173454492,16.5589736786855,16.8954905500978,18.3251007474409,20.2945169605198,20.6038042225167,20.8301229604629
6.27101721005732,7.45503816271155,10.955094607598,9.80763637709003,10.0019535546177,10.1817903973752,10.9445440007841,11.7435721790115,11.9527824756406,12.1673689894214
3.60690444611672,4.16433165957652,9.38339109292518,8.36775984210056,8.55677405133819,8.76445565667625,9.369240169894,10.046943247105,10.2832099930811,10.4452205786031
7.0018236993883,10.2798802895606,13.0284300325153,11.3830394420902,11.6644706513297,12.0281972264214,13.1022513356943,13.9338881267079,14.1235905637709,14.263002068864
7.76865237209697,8.67436085696812,13.943120473287,12.7313802865421,12.8533510125196,13.0481947756569,13.9100654702375,14.8534669243471,15.1033528091498,15.2470334226224
9.04667874167422,11.947382816031,17.1215536423299,15.8259130925778,16.0071837002637,16.2371610858002,17.1186498077939,18.0296553124064,18.2533706372759,18.4008321031284
8.29558382131371,11.8231172226994,15.4605865251507,14.2770964557684,14.4686521547199,14.6597395273882,15.4947767786677,16.183942808203,16.3261926403765,16.4455096699619
8.55038140761646,9.87001231592327,14.6651041930942,13.3412182534833,13.5857724574659,13.8049180270709,14.6586079809155,15.5547802021667,15.7397880420418,15.8957303617616
6.34042577295136,11.1356392667554,10.1491374110236,8.97931508375058,9.17500093514378,9.36985987649015,10.1215945514396,10.9855379037553,11.2483242382709,11.4746125262792
9.08624582472162,10.24244172709,12.1962227268707,10.9843208498644,11.1711802874381,11.373525298785,12.2069437792066,13.030737819794,13.1887209481842,13.3749155724279
6.58344884415137,8.77171877099158,11.6243343617028,10.3103322963297,10.5144895039471,10.7712539076897,11.6014161872956,12.5583118736997,12.7872623502885,12.8978021895998
0.858038046378949,3.84029640054573,8.79039881389752,7.55399666186926,7.72077741015314,7.9593052277403,8.80057285514226,9.66702355705664,9.84650263078686,10.0387653627146
6.85498509394625,11.7587185538039,15.0647009319541,13.4315826063549,13.7110990726411,14.0103292654194,15.0883787149485,16.0875308201852,16.3942568353831,16.558075906333
7.83722023913371,10.0461523339712,15.9367962573627,13.7703167652993,13.9544066071388,14.2916762940584,16.0582264482188,17.2365468242888,17.4960170064207,17.6311229386784
9.08604967560791,12.6171200814416,19.379385512053,17.5663033568408,17.8384063503826,18.1569121295707,19.3596249844202,20.6926627685939,20.952291624106,21.1491804725589
8.72979580124671,11.9730276113948,18.6888084000307,16.6100533511895,17.0425193447439,17.56015627512,18.8267836741816,19.7123287832452,19.9249642073832,20.0559741554246
10.5965158033252,13.9329333607393,12.9855056711888,11.6834936316744,11.8890783970683,12.0567808064375,12.9087577614618,13.9698259501164,14.2067344396529,14.3777771457506
6.86831647942727,8.11853348934573,12.08589048419,11.1043981822891,11.2227106628535,11.428524398796,12.0839317502702,12.7331032275868,12.9298800907459,13.1828521628812
7.33733014614816,11.3452595487898,14.9069340408157,13.6667720976883,13.8308703764302,14.0545225098291,14.9158799659582,15.7229235009128,15.8944847768105,16.1407227358039
10.0614682068428,15.5815200581859,16.4365081717762,15.4619942083659,15.6195117481724,15.7803626429134,16.4246078977176,17.0996921186393,17.3114778499835,17.4952408289051
3.94022182562954,6.14531874865817,11.2078702039079,9.98959251009872,10.1903981780928,10.3725878795051,11.1651113047344,12.1269896616719,12.3383537153007,12.5869846163123
7.1155707037472,10.1687426480466,10.9366785110623,9.62081986852198,9.85591388014346,10.0153131817172,10.8835614803107,11.9014197207972,12.139298520079,12.3636350496932
8.52900008679044,11.6357849446131,17.7705077142414,16.6808863231833,16.8547641226584,17.0342904047204,17.7452360669111,18.5135263667151,18.741884469229,18.9275032555353
7.76504189856157,7.38030428944748,13.9339988127843,12.764776124718,12.9119495541189,13.1882422189261,13.9875182200912,14.598522877989,14.7614182458649,14.910196739376
3.53315030678316,6.4919036595829,7.05411176960434,6.2359083613732,6.35414829466887,6.48775846026562,7.04223901944039,7.62912433901554,7.81814669310954,7.97412872410797
6.98236375177482,9.65879220621617,11.221188293857,10.1057494823252,10.2724232294381,10.4291313520098,11.1517335916037,12.1145712049553,12.3332832711556,12.4861387815555
10.2471476311839,14.0581951897759,16.6072008424234,15.2024284738917,15.3534202438189,15.5651856343406,16.5429954003834,17.8160411402037,18.1307045455877,18.4005893697193
5.95585516764366,8.01021639241589,11.0599093876693,9.85530745718359,10.0189398762783,10.2082416682999,11.0224004720955,11.9474646833957,12.2934249416803,12.4281840043418
9.07680772130628,12.8341236917372,13.7908013915654,12.4491377518258,12.6624010471987,12.8898717087945,13.8273111959371,14.6258931822991,14.821987066113,14.9991989015503
10.3620505735394,12.0144481361849,15.1517465770822,13.6062780973401,13.7945023378463,13.9982605734833,15.2137946647849,16.1889593145701,16.4268696590411,16.649332999519
8.96392108359401,12.2732858174728,15.1603923735757,13.813281800098,14.0555150628458,14.2716488044565,15.1476657801324,16.0849742648579,16.3440436547878,16.4978419736734
7.44208806277874,10.2614835170128,12.2135644013076,10.5970322695834,10.76194991154,10.9908829344536,12.1554955037961,13.4656074098029,13.7175169754916,14.0393120468612
8.4786194562242,11.1010061645641,18.5879366948204,16.9819895444046,17.1822761471999,17.460082345941,18.5811371090583,19.7308697391606,19.9662859222929,20.1929580957254
6.4585463176573,8.28106456513524,8.840984235637,7.70008592033702,7.85724571009713,8.04969274547064,8.87746115328755,9.64703660790506,9.8195082629423,9.92363192675815
8.28933275485646,12.5951873122682,14.1283913182049,12.9330955695616,13.0680031908009,13.2289008387604,14.0446373824375,15.1887227330079,15.4001727538025,15.5799706657299
6.3745145235731,8.58591653473489,9.67729110297815,8.04986893412168,8.25556240708176,8.53348393451452,9.72561618252664,10.7601693818329,10.9269022408422,11.0924748182923
3.78706190469522,5.70406663236646,5.57796226954218,4.82232306321225,4.91527080767562,5.05603415314697,5.57082747323927,6.11152452099918,6.30113153508717,6.46633464983957
5.80094153193561,7.95034972977147,11.0588041734926,9.59002050368864,9.75476204333867,10.058521957948,11.0949616327408,12.0068990227524,12.2235241666132,12.3657290763507
7.33512342059902,7.47415325049452,11.1722286680981,9.54318455129514,9.6752491329085,9.9215321741226,11.1136876537134,12.5009722177379,12.7697903928096,13.0303964687499
5.59755500007178,6.59545743754747,17.5622454991002,15.9168545898495,16.086713208159,16.3384122485537,17.6600064727119,18.5976606216448,18.8263562326718,18.9771730643595
4.827870624935,6.62224482259685,6.16744872604993,4.79831958656126,5.04614478703658,5.30821358360059,6.19984503079469,6.99975966942491,7.20546644556145,7.42254575249372
8.50561880830621,8.96595325793358,14.9605987642389,13.3379368334068,13.5422979561611,13.7752490955296,15.0184398800343,16.0429799404631,16.2853498863586,16.4623659361573
7.81329009218695,11.9196270636324,14.6449641555947,13.3125232617608,13.5234390466963,13.7090612279453,14.640989199531,15.5935804275806,15.833914803567,16.073197272923
7.4265033011863,11.65277664879,14.0921748835639,12.6484931881267,12.8811782389268,13.1697055393285,14.1286099305272,14.9823834499417,15.1675834754242,15.3491010296216
6.98731734034669,7.98794589947704,12.6089628744088,11.1582583637458,11.3437804924382,11.5347887956901,12.6604516272385,13.6230565768009,13.8195911292601,13.97665885174
8.08623538399311,10.5034630995992,12.2563901533444,11.122226847631,11.279699775502,11.4551045899021,12.164890430925,13.1809471576045,13.4694738761,13.7784298920374
9.18106522885097,10.7200486272694,18.1948520164156,16.9621988094265,17.1186283704756,17.317612449836,18.1687374786461,19.0826715088294,19.3273113967983,19.4783250177891
7.21805024019878,8.78480609384981,15.8599710476703,14.7373365867265,14.9009688404355,15.1015509051505,15.8933842518435,16.6107001669054,16.7496439812474,16.8792900180522
8.40574219277297,9.71303290458705,17.0244008074163,15.7428372811782,15.9412345376751,16.1326902915289,17.0561458137906,17.8504442440061,18.0305117995269,18.1897832526323
9.74279098668192,10.8970980918926,14.7794651652914,13.5904682747121,13.7774778695383,13.986615647562,14.7952956898022,15.5089382019102,15.7282871294546,15.9562518861005
4.29034301001056,5.10774780769879,8.4864224228585,7.66632373037535,7.81085509381258,7.93341635858054,8.48181407465751,9.03601294742113,9.18445691415695,9.28313821064647
7.89828805774127,10.7157266552056,16.404461114419,14.8836055375732,15.1260145060088,15.3874248834209,16.4194780244955,17.4410839860883,17.6854159435187,17.9762587411984
3.61173124856498,4.01631914365799,9.901878600569,7.9305263994288,8.29629194886683,8.68088014106364,10.1143835180388,10.9190754251962,11.1135907350213,11.2744702483311
6.71035323441555,9.2016062174258,16.7700794278274,15.4355826999323,15.6588905506649,15.9262133057195,16.7892207354811,17.5576595793315,17.8063357797175,17.9951077782974
8.31166712216327,9.31207907212438,12.2106783741353,11.013339288054,11.2575219041699,11.4294566373258,12.1838024553409,13.020640185873,13.2324855779455,13.3913827565579
4.32713060623577,7.25544977006003,9.03985057255654,8.2030765238706,8.36391412305722,8.49829368348205,9.05251404825817,9.5559739724434,9.68870580583254,9.82009926504539
5.24724450441774,9.37946747447172,11.1392217630355,9.39412424773224,9.56311538979299,9.86508189932315,11.2137633071314,12.2615744169522,12.5432212213756,12.7063085625502
4.99713754462716,6.11846746696654,7.4101499006624,6.40164115543104,6.5879148180948,6.77763235213516,7.41072962991539,8.01707623520056,8.19644317218417,8.32930002143518
9.14478445691397,10.5622986833334,16.1010511393991,15.1913909753058,15.3192679470563,15.4924603175985,16.09829159605,16.7157510427891,16.8933037450664,17.1162166419158
6.71366044584894,8.47956432856139,13.7043092101517,12.2486836118887,12.4335228693096,12.6126162824473,13.6574694490436,14.8514754226027,15.0612026029463,15.3063727353759
7.65826788446986,9.94641515162949,19.0420192735023,17.1580414656091,17.3616454031393,17.6480263540072,19.1563781603399,20.2489882902734,20.4247093578786,20.5971783665288
7.04151025073696,10.0418942904088,13.4649809440021,12.1959448982295,12.3592068353382,12.6668219110868,13.4614049155154,14.331053467673,14.5655909336607,14.7211858915979
1.32101331794239,3.09702821374136,4.16177583733354,3.26996307571981,3.41727549630096,3.56122435855154,4.16160206160249,4.78439988183229,4.96065490422916,5.08593981883608
6.21827293196921,8.11642418008985,9.29661776240071,8.52154343223329,8.64831857397244,8.79367324486503,9.29649760885974,9.82024919509821,9.96749625740383,10.1049721302251
6.95341319252836,7.09571483350344,12.3837090359308,10.8141003760765,11.0536821003692,11.2362320348991,12.2862271201539,13.6582650414362,13.9502562010229,14.148562058267
9.71280363344381,10.8779557398118,17.5034975540087,16.3029167534719,16.5027857867432,16.7011715280141,17.5331201011931,18.2153159509148,18.3752115896457,18.5501577799023
2.98927102195559,3.91084765929866,5.50142506533706,4.5963709695754,4.76371070237147,4.89331152675247,5.49956607366061,6.08879822420604,6.27138744609768,6.4148685463701
7.84779916164076,9.14443317991075,15.0081455230112,13.5882863980659,13.7647620013338,13.935935894927,14.8701156055841,16.2589192883845,16.5394743795272,16.7965023411307
8.27393470534252,10.0644539508646,14.9971361003572,13.466623720187,13.6640241495668,13.8714357486445,15.1284000151398,15.946099403084,16.1765326514155,16.3747024889191
2.1436962021777,4.51095404196835,4.61623845227632,3.82770905267663,3.96849859703944,4.13911661704769,4.61835658062105,5.07536356397032,5.21748824782792,5.349050728365
7.90892931053172,9.91732016070381,12.906128436844,11.4290322875697,11.6138037728275,11.8834408853454,12.9095257020236,13.9470730484631,14.2146290062404,14.4198349754372
9.30754312261413,12.1079113051073,21.6604483408443,20.4701287393304,20.6323144063364,20.8721907657104,21.6424375221021,22.4835317795479,22.7816691604938,22.9847440583552
2.55175899265317,3.21270469331,10.1517478576593,9.13015258622499,9.25051079094343,9.46025189786937,10.1397740538515,10.9052637930339,11.0988659413229,11.2541809075033
7.78423955598162,9.02193586067522,12.7101783543727,10.9562968191673,11.1121691418495,11.2749718085416,12.9370060530098,13.9490569424849,14.1141416403733,14.2570236067683
5.33993226207787,5.26874636260987,6.2997119132152,5.12640934269166,5.2732947039452,5.4615997850871,6.27200722205274,7.18693482001616,7.36814441007212,7.55118250466723
3.31662457738813,4.25422002581523,5.75360344423695,5.14387960620226,5.23890382342769,5.34161006730834,5.75193334867397,6.15805249461788,6.25894369826424,6.38002369126341
3.68883024975142,6.0380378056339,11.9861710888627,10.6620106008507,10.8634589817181,11.0978630865152,12.0140525238819,12.8201211467073,13.0520630455635,13.259290511219
6.82700368201913,7.72973608048904,14.6925403363538,13.4995198338619,13.6636687555231,13.8258445706077,14.6083664526723,15.7175408594065,15.9584957410625,16.172806759624
8.25549146392414,8.50657492121324,14.4097832246675,13.2433677975037,13.3944185883391,13.5672091534748,14.3963367918618,15.2763542693846,15.4870578760305,15.6557307911992
8.64710614267775,12.8301725997556,13.1128274807942,11.747538012052,11.8597380621405,12.0759045619149,13.2106252720429,14.0086874770776,14.1884469903792,14.3671421101416
6.74884777926298,10.567260158082,11.8347278178811,10.4472450603863,10.6517398136812,10.9449149933788,11.8651505795065,12.7227289284906,12.9278814044478,13.1006202590804
5.46213763093649,7.04527306852074,12.8338225614812,11.4965977274255,11.6774679961341,11.9711589977244,12.8891195812313,13.6531429161586,13.8400348177712,13.9676580496226
7.19486021174237,12.7473095966013,13.0634545329333,12.0368276457702,12.19406141273,12.3644270112466,13.0631487684946,13.745035256903,13.9428553972187,14.1669312642377
3.89154107403834,5.96171600531258,8.15002294763434,7.19733509203998,7.32391619037078,7.4864369660435,8.13382730135343,8.83602820680169,9.03583255165388,9.20595105663132
7.57506415202297,11.8139425551018,14.49352147428,13.1291970621446,13.3124302238625,13.588296050832,14.5491018571036,15.3674519312712,15.5595858851481,15.7675428108184
8.09501946142644,11.0777460129162,11.0686043798087,9.7912524200245,9.9873476366438,10.1808500173173,11.0402193659115,11.9656918683812,12.1990461321425,12.3217235849879
8.4988235969519,12.937890078716,16.2169598565484,14.7276867004817,14.9005941177467,15.0867852578465,16.2411286955241,17.3275294641199,17.5511892220439,17.7148998676873
6.54448235457317,8.34059885346885,15.1795970067706,13.2756454939557,13.5328731512379,13.7988545897995,15.1450636120076,16.6532898129665,17.0038854608537,17.2082214028392
7.79933083992219,9.08471924636569,7.27594653584704,6.26294925553095,6.41901436889105,6.60101423244955,7.28850543607427,7.91371526348049,8.06533216453294,8.2544451480185
1.30395983334794,2.4100040914367,4.0747965270005,3.38069618828101,3.47001524510597,3.60579055061121,4.07039566718107,4.5214565309098,4.64607899024421,4.74863025844842
8.02980344621239,8.03531271983281,11.43712407784,10.242792967029,10.4080499522066,10.5915842765774,11.4037619223772,12.2969937714328,12.5117897995676,12.7622828701441
6.91885746768755,10.108277660238,10.7953311734775,9.58834250309976,9.81903790812403,10.0533640769411,10.7346959976928,11.6623225542831,11.9383827334677,12.1109440317795
10.652035918316,15.5067803033156,20.5829445572918,18.9339378823012,19.1221871996261,19.3860618881023,20.5626025718958,21.7328221654402,22.0745032351611,22.2770030022273
8.17771108314565,10.3631520150279,14.3231353595688,13.1088804063039,13.2503142801411,13.4510435833515,14.2876456365817,15.3053683657138,15.5253379949366,15.7963718787647
9.67902266233027,11.3959670353672,17.6538439430887,16.3992022445634,16.545425981829,16.7725487625416,17.6659684921652,18.4910845512789,18.6757575952926,18.865687422851
5.27819906920305,6.95767812934428,11.296809054631,10.0368134249719,10.2737201264055,10.5048540407014,11.3278469026937,12.003817049193,12.1840650536002,12.3592250664849
4.7830225495251,7.03890735087682,5.21148808087656,4.13010208194579,4.25905381132669,4.44028517862336,5.16787841965369,6.06407273660705,6.28038752410869,6.47683740941923
10.0666705437651,14.6267663344072,19.6140805280697,17.8371749670326,18.0193553370381,18.2009878555237,19.688008819987,20.949926376522,21.165705687841,21.3805578395685
8.14663565433415,10.9798026830637,13.4474084693887,12.2798506279207,12.424713026864,12.6787424055382,13.3784827263343,14.3182246934611,14.6254344324609,14.8801214374947
8.75348772309607,11.1671471379129,19.710239895371,18.1578740915968,18.5231512183998,18.8201639665983,19.7584243441859,20.5238389408784,20.7759434481923,20.9706161384831
8.44161802629548,9.48295831392038,14.6294043167133,13.487627271896,13.6542249280906,13.840782280606,14.6133792751918,15.4521481933849,15.6976832049385,15.8915912682709
8.74315659510678,11.6698934812586,13.6704081424143,12.5079810639694,12.7521878894009,12.9617413154171,13.6996656273027,14.3587733344621,14.5210867375094,14.6704750205529
5.67513493885478,7.83466073211307,7.8207520383494,6.7068119394783,6.87900661171951,7.06250859723823,7.81292261316508,8.58123286709381,8.8246821555897,8.99956875208549
7.29469633079088,9.25218949841413,10.3471028076878,9.07539533122171,9.27925941432587,9.48245790497783,10.3812622549061,11.163362549555,11.415612787381,11.6141247875249
8.82616311361175,9.39178516524885,13.5781822644189,12.568507585889,12.6954784055465,12.8447811399221,13.560286456848,14.3330514495573,14.5820108697994,14.7483684362986
6.11345350050713,8.66091613561063,14.0065888420928,13.0531817343787,13.2251217012158,13.3942770527526,14.0186533824071,14.6051893123108,14.7420854504344,14.8783445791814
7.80570987474187,9.07268677262974,11.7594028131787,10.7818020004709,10.9820296880146,11.1309778541994,11.7482401362522,12.4297715732291,12.6150816616525,12.7765077150269
3.56181616559346,4.7873022725349,7.05641006520124,5.81459965353367,5.96842787252641,6.17476197995145,6.95232762806658,8.116270209743,8.45410953616663,8.73977723642874
5.09618319469734,9.27138616643438,11.9141028209233,9.95289417287824,10.1727752009367,10.4170053025682,12.1437257187944,13.1221740357999,13.3210707696212,13.5262189186741
8.02098090812849,9.50747746820523,16.3114573571248,14.6457894632849,14.8373292388378,15.1910420042414,16.3852947623509,17.3472375995476,17.5233001107437,17.6731894617307
9.70517987361109,13.9020540024423,22.3969768812463,20.2792803803991,20.4557410984351,20.7122644542383,22.4915853314355,23.8786096275492,24.168123559768,24.40755999053
7.41582072983451,10.6144548185855,14.076197854348,13.1173988533883,13.2861713820264,13.4528163598167,14.0734587127279,14.7175747297323,14.8841068723434,15.0962689812294
8.92072930113975,12.5386721747088,12.2185368404202,10.8209176957237,11.0156393492719,11.2165699379547,12.1203604813227,13.3293455410853,13.6239016991701,13.9127227107706
6.04271179196743,8.19078704916013,12.8722075178422,10.5126481449473,10.7430439788114,11.1345135598882,13.1374859960916,14.2277903749724,14.4490359464201,14.6323180773229
8.89507784946753,11.4614292216334,14.0684238222683,12.7131738067925,12.9069779590368,13.1042807324875,14.1229409485448,14.9641400377334,15.1915536240928,15.3496823001596
10.1477118894081,13.9765234050197,16.9042496788444,15.3249867876727,15.598890483178,15.8272000469017,16.9117048073632,17.9463203339019,18.2028851064389,18.451788547103
5.44782446855742,9.55355118674933,11.2127605296625,9.24799101327159,9.47006691585301,9.7909868196957,11.338010879963,12.4408631096382,12.7613882468063,13.0282020517293
7.61303526994319,9.50902951853863,17.412909856322,16.224275142276,16.3722233632278,16.5909680317009,17.3671410029661,18.288230091793,18.5245370725058,18.6841692077637
8.60975956307335,10.665336229996,18.5345220772315,17.2583731180698,17.4339474513863,17.6579713143347,18.4915491582881,19.4662799906312,19.7079923530937,19.9109564024695
1.94404223525263,2.98552508664429,8.0534648254069,6.76313538464736,6.9128790299177,7.11914687299115,8.17012758285689,8.7692959818092,8.88568980582298,9.0109507144411
8.06513358180691,11.503620383849,13.4641400238265,12.3033095777571,12.4630712595138,12.6581158128289,13.470560940724,14.2645454039747,14.4645625422865,14.5774080207939
6.40201107324104,7.29361122985356,17.8732168402603,15.3593004612729,15.6103801734815,15.8994583637952,18.2016837618308,19.367472422063,19.6611040606492,19.9093385422829
6.31578472407021,8.91773964442742,16.9872698684956,15.8597117666174,16.0328374461964,16.2129629799502,16.9480489703855,17.7900668673411,17.9669939140254,18.1468952738994
6.53383392305189,10.2099253401806,9.75784345914559,8.08976417047242,8.35045925539441,8.60538616108457,9.74037696129458,10.9559916772631,11.1834678778625,11.3578518875151
6.95167975758255,8.54268406779013,8.25235420139094,7.17337691733198,7.37972701224841,7.55357607355706,8.25103011980478,8.94435657302018,9.09602826276897,9.24395526577827
4.41256202084641,5.97465387758982,8.38719555506732,7.30819664913455,7.46686332496753,7.62109116337229,8.33213319703583,9.22909497786717,9.45162660385899,9.5753616979347
8.61087238641095,9.37813064410548,16.2563376482511,15.2412417915299,15.3706652566702,15.5306542767108,16.2557473737333,16.948944473391,17.1547833836208,17.3754358845453
4.6679442462981,5.9293835608485,5.76524360683896,4.70113958610831,4.86670540900339,5.04361259637685,5.78214848358545,6.45639954945016,6.6697154070293,6.82557784935322
4.92537703735456,7.71417162113471,12.9510202963449,11.9363413546697,12.0784694323282,12.2608498080809,12.9727113854977,13.630014905199,13.7928586163036,13.9519727148225
9.65829234287875,13.9002508058637,12.9381061341888,11.5909290874007,11.7775818153044,12.0478687599888,12.8944314381932,13.9282418558944,14.2925559232484,14.5601405141927
8.2867812941231,9.50639965489742,12.3948615906208,11.2499173329405,11.4233332205415,11.6266770333558,12.3564776192393,13.2027632855887,13.4319590903223,13.5989639265653
5.46752381674863,10.627057618839,11.7034261984315,10.7216420705468,10.8857470974635,11.0706853054956,11.684671856966,12.3790645158655,12.5724095109001,12.7894523628107
7.85322380226742,10.8887888081255,17.3866392457811,15.4760781927756,15.729245357855,16.0202605778912,17.5494829456788,18.5311188858508,18.7287044926108,18.8241437964589
3.20512423765365,3.23508168474485,7.61169641364574,6.67481185657017,6.81514199738837,6.96982879073256,7.58756686782646,8.29182469511288,8.48667259335205,8.64787345291044
1.52808938996979,2.83355492969887,5.89308923768498,5.0288526536779,5.14562045139201,5.31617324217708,5.87921060779512,6.46873156667854,6.6468242905524,6.79312930124369
2.862425468222,5.27064933885124,8.29851725114336,7.54403159198758,7.64705970984626,7.81208474110653,8.28915687433418,8.78818327121089,8.98775376867534,9.13177102747488
1.57319962397974,4.35864361642729,6.7320547017321,5.41267789140665,5.53310215258798,5.7309002400455,6.73114878216809,7.74204247183027,7.98395367849836,8.11658288963998
6.91334609315732,9.52059351751766,13.7246055777245,12.1368642762614,12.2688722069283,12.4838913183835,13.8765821691999,14.777596011879,14.9405213352997,15.1251728924742
9.56345434380219,14.1591334349631,17.1755205420946,15.7969705105235,15.9256134103177,16.162177947556,17.2698015495409,18.1159846949276,18.2966222537062,18.5125243970797
8.8793813795358,13.9569293869971,15.5408332411508,13.7156667934661,13.9571539109112,14.250424928661,15.7149505897685,16.5321385117037,16.8160352330951,16.9734750528453
6.19080479764105,8.86296068603411,13.4219853238858,12.1991024594025,12.3819792877436,12.6284618880901,13.4462319448556,14.2629901418745,14.4546485610583,14.6618754155774
8.87965829378265,13.131052989861,18.1148510611565,16.2682723420136,16.498791660333,16.7490173513022,18.2198756823237,19.4269746955111,19.6172783134121,19.7771855103515
9.23441902686573,12.731106245413,17.040456486872,15.6616076526479,15.8402851177758,16.0697656269079,17.0077488877557,18.0552327914484,18.2738848316197,18.4248464987014
7.63144691786494,9.53104617241773,17.3274542580129,16.2792645058131,16.4253841319839,16.6415624634506,17.2918126739946,18.0294365739533,18.3521527823231,18.5654687118255
9.80976651859953,13.9452330365702,17.9865103662818,16.4853204552285,16.6811331205773,16.9146915310157,17.9514339011385,19.1283008029326,19.3988265878042,19.612044876016
9.92826915270752,10.3604657834839,14.1830553695044,12.9787390767493,13.1975743526531,13.4516887479359,14.1808991637884,14.9867840256402,15.2432905448675,15.4421922395169
4.98345963453765,8.28595879849296,10.6523998216281,9.51281601727382,9.68451331364929,9.87309324171136,10.6476436426012,11.4165365052758,11.6792670580969,11.8648538456868
6.0417723972675,8.99663980936032,9.20518425884251,8.20336980158915,8.35932071127615,8.52611425667188,9.15975678104907,10.0075318073986,10.1764785155481,10.3853378137365
4.82892724138944,8.21308297199591,10.3001003891181,8.86881113976859,9.03149041640525,9.30566293466659,10.3474070726693,11.2558696775068,11.5315900951052,11.7037086337193
5.90772798513211,6.46362569749751,13.775693611968,12.3572831408139,12.5263372772047,12.7558611764948,13.8041233208847,14.7351151765939,14.9289818559771,15.1125480153422
4.97383286515612,4.39633833576351,8.41382409209321,7.04563410261807,7.17787494910814,7.33576828705609,8.45312033586528,9.41536577861623,9.56513208992147,9.72590164800844
6.99942634995716,10.1523787972435,16.3071614493358,14.8026027280878,15.0233031724002,15.2861517314562,16.26095504813,17.4594381498085,17.6987830022555,17.9277482967945
9.64223318395893,12.6034328996991,12.9058873138046,11.4407163334596,11.5529763364229,11.7695296515298,12.858084490989,14.0954855048997,14.4371291078202,14.7280928716778
6.11611147151906,5.95303554325835,9.24549331057126,7.90059975160936,8.07109602289857,8.26726524361098,9.26752174536222,10.1561625894043,10.3477649524021,10.5501137264289
3.35165576252717,6.30386986409086,6.70842702894917,5.67766737515111,5.84049952480205,6.00138218100961,6.66612991440438,7.50551937305789,7.79786796786338,7.96739338352315
5.47249661339945,8.1316852725336,11.3965092547948,10.3409378294755,10.5401626929745,10.7292537469009,11.4088155451942,12.0590578870537,12.2444391674636,12.3816035091608
6.90434282758208,5.58874043597461,8.28586658885709,6.92566683977363,7.07987301092874,7.34345326871748,8.28054602153042,9.20528668213001,9.40861750328541,9.59648188110855
7.36939617191121,9.22054785196018,12.3761662135699,11.4058491166338,11.5055861391896,11.6687903153877,12.3685798847868,13.0838922468628,13.3240446230697,13.437628894143
5.40264853271877,8.25457403340997,14.7561129887932,13.1569521573843,13.3339565960632,13.6338267890203,14.8340636842591,15.7854074778111,16.0084810797176,16.186700665483
4.30964073928362,6.15363476822073,9.96868344801555,8.54422525015626,8.7512320188246,9.00701870986306,10.044330193406,10.8110831316932,11.0192593042968,11.2704669047387
6.75388247792799,8.68825471785896,15.4857671074222,13.828151400349,14.0103946502824,14.2964010637841,15.5857324353212,16.5259926100465,16.7475688809034,16.8991441414444
5.29590374897579,7.19076004308891,14.3161877969366,13.2652302887732,13.4514704275577,13.6300128287454,14.3236955378837,15.0102829435756,15.1878221432278,15.4067117698181
8.64510853684514,11.0506491925018,17.3154122095337,15.9931304911434,16.1561362812325,16.4177971167686,17.3227553140053,18.1766447648846,18.4956437753066,18.7716840933343
9.82673994423629,14.0683505308648,17.5032937474593,16.1571651701585,16.3749152199418,16.7022569565365,17.5717525942097,18.2001017025297,18.3804844922162,18.5642279855998
7.29818660409771,10.3452556245454,19.7668192167764,18.4547272274283,18.680257553398,18.8780402142119,19.7773556824287,20.5664659719927,20.7477052917554,21.0182781338158
5.96605864755566,7.06849768025227,11.1384983717949,9.42066436986917,9.68991105414918,9.9124481936572,11.2723815529924,11.9798718744065,12.149278894539,12.3018854787287
8.60729793432436,11.844816044418,12.7275365227076,11.488729495365,11.6421867152868,11.8278856771103,12.6675227002186,13.6797815683,13.9825968995746,14.1421110561485
8.00061039089588,9.98128456477822,15.4124750606365,14.2810240269961,14.4654044364999,14.649044316768,15.3448764068468,16.2964652951422,16.5397346385411,16.7258218160669
5.42842160165621,6.01944092886441,7.00211899768943,5.69120793313784,5.86939127982753,6.07319369292401,7.04145697662391,7.84836831114086,8.08105048079505,8.26217163846688
6.17446422141789,7.13704056300286,9.47032657365161,8.11045366669479,8.30552421752512,8.52561598186131,9.52404088282378,10.3490234512752,10.5431660473625,10.7176030432292
7.52265305772323,8.48930346538318,14.9136906513284,13.5511893464555,13.7383997112234,13.9421337209868,14.9263077961188,15.8369954090952,16.0422682801122,16.2201566752165
4.23462900969448,8.3344946141749,14.2514914349111,12.994994112203,13.2940903364843,13.4869530325847,14.2851260430763,14.9444642309607,15.1617418526915,15.3204504120402
4.15382274585031,3.40721281588007,5.24526169919744,3.48273012315458,3.60180601227844,3.78387714612331,5.209791349964,6.65186879136922,6.88570217352908,7.10090615201381
9.69489783220544,13.3789792306251,18.7045306686499,17.1084510865348,17.281390615009,17.5131892592224,18.7691825037807,19.7359361142072,19.968062373878,20.1363860319336
8.17877224132273,10.9816420245668,14.5159030469797,13.2616609162025,13.4568880115335,13.687594348033,14.5320370952081,15.3091547119749,15.5559450942028,15.7498005526261
10.1385846503795,14.18319314327,11.4269819344674,10.2552985037553,10.4761696505282,10.6159980968626,11.3411688724138,12.4298931605401,12.8072339202371,13.0769315846917
7.30126276364914,10.6254283869881,15.3377354522641,13.7623119505185,13.9721430539909,14.2165942856791,15.3590274472494,16.4212319394323,16.67506578685,16.9751293114261
2.77084970870884,3.601836508861,5.34155862343681,4.53396396979585,4.67885083976245,4.81089873350376,5.33733545225606,5.9084754498677,6.03207344256081,6.15095721812279
10.443282048611,14.7924670003504,13.4348678574116,11.8198661266491,11.9957505553094,12.233036325951,13.3604936493912,14.662369710767,14.8943926410666,15.0711198985736
6.38175319193674,8.31726335361056,13.6147781026509,12.7193201732985,12.8343289355116,12.9768239293079,13.6111534812952,14.2501254314161,14.3985251240837,14.5472097873913
3.84361502167401,5.93433259588661,9.69262197537576,8.13596027669774,8.3031378023327,8.51987266091193,9.83971589027377,10.6555281672601,10.8524650893957,10.9305419571302
6.76653335556489,9.62611201067986,13.8505880508346,12.2928862238156,12.4822865169929,12.7548102877322,13.8725027159537,14.9754412455263,15.1468066726122,15.348455839381
9.69604963270454,10.826628087756,18.5213243289977,17.1924789774033,17.3248435672556,17.5172806076349,18.551195296268,19.5161543594427,19.7095907794461,19.834591335456
6.06180498437854,9.31450798363362,10.7905468117156,9.26342928720933,9.59750240958774,9.97221016102476,10.8529954996868,11.5765697936689,11.7951727294847,11.9527367985204
6.00871544766106,8.58989274188087,8.80291202289653,7.49468483085463,7.68578172238572,7.9073012820628,8.80567564865876,9.69303268960143,9.93074580295994,10.1161430764536
8.66065697613474,11.812183193186,14.4616830515152,13.4795236174681,13.6716654421083,13.8385666530382,14.4934216653408,15.0225569203882,15.1881012086041,15.3566824444559
4.73181578195566,4.53367715560095,7.47065696323929,6.47861272214597,6.65507954894973,6.7990811200136,7.44859318254719,8.19192843781316,8.39581101640329,8.54780632323554
6.92439155086356,8.61002652149799,12.2823356372655,10.9777500631766,11.1555279390565,11.4113350331777,12.2659262188642,13.1821412062676,13.4343604643888,13.5991676994859
8.487386230113,10.4917228935094,11.8593528310832,10.6469552969238,10.8003353273943,11.037897820835,11.8679511783559,12.6546858928501,12.837541111776,13.1108831691693
8.09678933224774,11.3187041520172,15.4896813551541,14.0581837069164,14.2323562614096,14.4996290927233,15.4823440533164,16.4711759904344,16.6640102238106,16.8336894181145
8.72618594710543,11.6728768540586,15.3211308628335,14.3536632893931,14.5572888599791,14.731065769502,15.3246877264681,15.9037986470184,16.1371587297551,16.2742210114122
2.71305313036942,4.03596793761385,7.34913121893439,6.18605115780033,6.32812365224473,6.53226461946056,7.33715270785172,8.18479565425262,8.43807865158085,8.60991282159452
7.6333256928971,8.84403347436152,11.7784092861115,10.7310983188282,10.8994908730497,11.1042849787092,11.7965370473308,12.4230039921697,12.5978759694007,12.7684518767275
8.34737293961551,12.0248541475843,21.9497865857825,20.6848906297583,20.9023021044846,21.1466409644713,21.9250464907707,22.7736979574424,23.1111121876687,23.312911876404
6.32172124084707,5.69671409122072,9.44177763309755,8.18944415585312,8.43988915102342,8.67392832281623,9.37383009796826,10.3426692849054,10.6687203669902,10.9485216233548
4.33439597247201,6.3932536993585,7.67265374307591,6.786018101908,6.91302660065599,7.04660344209639,7.66863569449427,8.26780048072622,8.42280371507367,8.56830074702761
5.8129186701508,8.95522532536713,12.3024141846918,11.1075526289921,11.3067299243409,11.522401668487,12.3014791294912,13.1057780874745,13.3013699745522,13.5367181352447
1.96018833792408,4.8068910540435,10.0552539362418,8.48275443350271,8.62052430768785,8.85886959539475,10.1318342609474,11.1168131330443,11.3326482548201,11.5577064860045
6.82637998247098,7.99115968735339,12.918365133085,10.7928233540715,10.9479150091392,11.1626019359038,12.89327240163,14.587731561426,14.8791978590596,15.0949076808792
5.99114371258857,8.56081900981498,18.3117450039545,17.1258035938315,17.2979181081164,17.4704986256075,18.3269288096364,19.0914088704739,19.301239707243,19.4917808166337
7.96905889756458,9.34846865681101,16.4055377963607,15.3265279799597,15.4519438216291,15.6598398795974,16.3918455466578,17.1753815201263,17.4254372604195,17.5501297240385
8.4593254732027,8.72811618434988,13.1829081548233,11.882978261356,12.0835883812581,12.2995917211243,13.131149014906,14.1281701699407,14.3847172997175,14.550034790231
6.26298139494067,9.47976297746819,11.5029652026892,9.74617375498007,9.90391576511553,10.1121770166646,11.6170481812263,12.8213606201213,13.1207209047092,13.3259833565924
9.09114224292137,11.4377079391018,12.5756736969844,11.0215173041879,11.2355964737448,11.4829892924266,12.4640742482765,14.0384848307098,14.4083136101166,14.6571269651292
7.09065970305347,11.5178505862662,14.2333405584485,13.1296810112774,13.298374946497,13.5005041601328,14.2247644286177,14.9314380481445,15.1320379569136,15.3167533956564
8.32324961564117,11.2992137630829,13.8113743712062,12.4520071043616,12.6774482597275,12.8742252613766,13.733010771367,14.8840487311153,15.1506475357498,15.4803065489386
7.59195142244441,9.74230069197822,14.1940749385667,13.0800520791443,13.2204553595568,13.4841373360378,14.1866347006072,14.9609579103761,15.194535028978,15.3936219973543
2.41275479556161,5.87389563455911,5.96123648804384,4.9333988849805,5.0969542608368,5.26521022590928,5.9047347692294,6.75739840292151,7.03610923497878,7.24614737928578
7.42866762076203,11.3979111919054,13.8010281889135,12.6685852261565,12.8737557752102,13.1364229279192,13.7996290189603,14.5396180114714,14.6729459292788,14.8475199602012
6.23439114216264,6.69298196217616,13.1638214185578,11.7718800205583,11.9490414677403,12.2534209090468,13.2024040925846,14.0004396422559,14.1967376745316,14.3735918755804
5.28845942969174,8.43903332504693,14.0626861689222,13.0415479404557,13.1843189130019,13.3341693724052,14.0408541497663,14.7756742115357,14.9957094059029,15.1619558846335
2.84015690072264,3.72217842307064,6.57610379028096,5.26637284825235,5.42253606648277,5.64373068256085,6.64949534577817,7.43395267652822,7.6281181831651,7.79455350245609
6.85324807895307,9.27128649353697,9.77510226141854,8.65541646353424,8.77820946373647,8.97857910950439,9.74570264004332,10.6200027280369,10.7964853254589,10.9586032677913
6.07583283518109,7.95467910643108,16.9570454056582,15.6262185772181,15.7693030021238,15.9625225777923,16.9769220742261,17.8978170903618,18.1565783645482,18.4105990995019
9.08616829488311,12.136946857025,11.08225893926,9.43839357129136,9.66392531654418,9.92642634918556,11.0245289145953,12.2836189582681,12.7012037763803,12.9584268918703
7.24661845983186,8.01010114038665,10.9324973174447,9.89822632204791,10.0692595694618,10.252279770392,10.9145493127197,11.6439438155804,11.8692857674285,12.0411246073667
8.68318389072642,12.1076680181442,11.6511323084968,10.6033348029863,10.7440797448066,10.9823528705285,11.6407520745076,12.3623681902526,12.5766842709713,12.6836718079708
6.70057906225709,10.1658058581898,14.4267068652877,13.1545926391316,13.3552323114574,13.5745623906134,14.4576869899541,15.1918961713606,15.3905599890426,15.5547763756906
6.48389297886188,8.59725785293899,12.2171033282734,10.6196091277544,10.8021836088045,11.0901571491131,12.2146242387887,13.3269889191122,13.5957261034038,13.7402144944622
8.31142619246939,10.9093904628269,12.4398466962084,11.2012432764661,11.3910272606494,11.60664136507,12.3946490201593,13.3335687958094,13.6206071018953,13.9010093773938
7.97735277858229,8.97693733715788,16.6994739233774,15.2891639818664,15.5008688849467,15.7776214667843,16.7641754241533,17.4237012919907,17.6748933281503,17.8485211221332
9.12350321233967,10.237814135305,14.8283877982098,13.5592039328413,13.7582315873575,14.0229527233331,14.8486152637998,15.6210147985941,15.7922879516353,15.9385392836777
-3.27527347784163,-3.37841222434481,-11.5051755380264,-12.557626150708,-12.3887235925986,-12.1682290841835,-11.4971485643237,-10.8412729419283,-10.6918301182748,-10.4921020534054
-9.25177746971692,-13.4192407681485,-15.0148444456448,-16.6066322561343,-16.4373417067259,-16.1463021251391,-14.9438089695392,-14.0242473480353,-13.8032553702562,-13.5267191472139
-8.5629533224655,-14.0946559333247,-15.2133355331635,-16.7777063519553,-16.5469891103792,-16.3035711575399,-15.1768775097388,-14.2179095780746,-13.986699758186,-13.7915678193829
-8.53526231005875,-13.5025609492318,-19.324118825102,-20.6429845288451,-20.4450349524559,-20.1879190821574,-19.3022435521421,-18.4711507190612,-18.2563281214844,-18.0860529529724
-6.55524299522324,-9.53710046468872,-12.0563610896702,-13.5606004221442,-13.354061482186,-13.0335092190603,-12.0410796699614,-11.1012832500096,-10.7676974078476,-10.4808750445847
-7.92338577609368,-11.4400450349019,-21.3455239639049,-23.5833921127133,-23.2558850358292,-23.0153236374844,-21.4808164056557,-19.5771976329208,-19.2531883055974,-18.991400128479
-6.89096589250992,-9.06202927395682,-16.9338828607917,-18.5403200611228,-18.2993479189516,-18.0695762206466,-17.0540008168834,-15.5302472689564,-15.2630355872288,-15.0011601988305
-3.48830688402989,-6.08042499342595,-7.30553102646522,-8.6532122466184,-8.44519235910119,-8.19886578291327,-7.32989193606761,-6.35137155308465,-6.1085317897546,-5.91556234088557
-4.96614483759127,-5.75008815190068,-9.48404090867682,-10.6317378896391,-10.4699089084646,-10.2316386045009,-9.48212988745237,-8.74690765570473,-8.56074403653509,-8.37393784240156
-6.59381108361423,-7.0720181178494,-8.69608440293135,-10.8526032274266,-10.5961015493911,-10.2135466935987,-8.77936020111055,-7.06300580144347,-6.78864659790483,-6.59051156838605
-6.2065859413938,-7.98828464729803,-11.3358137593052,-12.3446460111662,-12.2305696085404,-12.0221034256292,-11.3602317762041,-10.6435690583466,-10.4251802754728,-10.3145061302286
-3.56227074558226,-3.54720283786979,-4.762387505409,-5.7888840982159,-5.65091246970468,-5.46632139466359,-4.73832249634405,-4.14478258656683,-3.97889078751607,-3.78379311387388
-8.15814278708073,-13.4745252790816,-15.8001760304737,-17.4834402187103,-17.2464492248189,-16.7845214764946,-15.7419845681635,-14.882628173189,-14.7299218285056,-14.5628173218316
-10.4659396730364,-14.9282199693884,-13.8473148594656,-15.1029808317541,-14.9247902414983,-14.6458692201456,-13.848127098197,-13.0264299272303,-12.808773509358,-12.5978726166969
-5.79536757229106,-6.9944237061752,-6.80970245993637,-8.29990702311521,-8.17115665435773,-7.9207432382445,-6.7951450960636,-5.80807390628741,-5.6048679753248,-5.47467350756684
-6.25631427955142,-11.3092366068013,-13.2394646021357,-15.158698502153,-14.845618711369,-14.5948318210511,-13.4491260174719,-11.3712602593145,-10.95030296655,-10.7363450970772
-2.19963203593306,-2.78386181908963,-8.33155329880953,-9.78442809759897,-9.61199494012207,-9.40934926756093,-8.28739915840452,-7.29663642691466,-7.07545578603435,-6.9092450243362
-6.57786281758017,-11.9568011782037,-16.3744731914484,-17.7468662454454,-17.5748838459897,-17.3724510443088,-16.5110671384928,-14.959982093449,-14.562143422628,-14.2710481174031
-6.30396853110989,-9.2907798038057,-8.59571464378279,-9.6154089928796,-9.48336152914054,-9.32714463904414,-8.6598707069676,-7.8273930116765,-7.49970001465174,-7.22707298718279
-4.58416516509437,-4.88968157563824,-15.9736440212873,-17.3280963622771,-17.0854627475006,-16.8302933537697,-15.9653806402958,-15.1283301804214,-14.9566062319448,-14.8046714542233
-2.64498421535522,-4.93025285901009,-9.63096800202757,-10.755441731583,-10.6017383097082,-10.4220576571696,-9.61558989316525,-8.88752402770651,-8.68086590285574,-8.5374040078218
-6.88895167840883,-10.2817013192099,-10.353322185138,-12.2533584233071,-12.0773481667394,-11.742781258747,-10.1159048260733,-9.3288451306143,-9.16878389685245,-8.9602035521756
-9.25853356962075,-16.6857535279346,-16.1258259546831,-17.5567515952275,-17.2686388516611,-17.0193587648107,-16.1544555527486,-15.1791249949081,-14.914650835489,-14.6692646701575
-6.89773155263328,-6.31439918064006,-9.11640130991478,-10.7659753850199,-10.5588242092026,-10.3715326229521,-9.26611281581275,-7.69053007483095,-7.23100857935837,-7.06090829218981
-4.18895929259412,-5.20895242779787,-9.19042263778095,-10.6120400423155,-10.4133511610233,-10.1343625479083,-9.18967269108852,-8.25693598165085,-8.0936500557573,-7.86731105323725
-5.82936713906258,-6.35763237501428,-9.12939871113862,-10.1423758586109,-9.97282743527306,-9.82096124468701,-9.11342164807294,-8.47713842407028,-8.30850095452061,-8.17974562045808
-10.4819043127088,-18.7271483729038,-19.4601859157543,-21.2590117884196,-20.9936929400913,-20.7398839202121,-19.5384105253645,-17.9741076931248,-17.6641365484767,-17.4328177596196
-7.11539879576245,-6.86333335586227,-11.9309653039734,-13.0078652258462,-12.8506052282353,-12.664492714046,-11.9875845376377,-11.1588969304956,-10.7213252658697,-10.4643954534397
-7.1187302056081,-11.8513695227906,-16.3210490177081,-18.1526651916882,-17.922321540525,-17.7096395846339,-16.3102057946964,-14.9998416567883,-14.6722844932824,-14.4793604110782
-6.03224624232379,-8.00800864370711,-7.20886614663148,-8.17876085006639,-8.04601383645707,-7.89658357242152,-7.26315678309675,-6.4330722248392,-6.26658517677511,-6.10407316706579
-5.14556232658608,-6.09392638405933,-11.8744585219599,-12.998812172332,-12.8757735178729,-12.6782941911718,-11.8765803462261,-11.0736082476664,-10.8818177796626,-10.6962962812339
-4.51184275274543,-8.76240771921687,-9.17241300812891,-10.3504029761208,-10.1854217183224,-10.0200311415939,-9.21626342267725,-8.27847748160779,-8.01666658271191,-7.8609484687896
-6.31413088530529,-7.08494518935946,-17.0787091969802,-18.2819712975136,-18.123719168239,-17.9660599748532,-17.0907172903823,-16.2167032276034,-16.0361109360622,-15.8698902704173
-8.92146499471339,-17.6881340399435,-17.7446110120045,-18.9033400127226,-18.7749458624843,-18.5438250556733,-17.776770450496,-16.9187902059191,-16.7117621984676,-16.55837496053
-10.3769723781432,-17.2882028426125,-15.9742382115713,-17.09312594292,-16.8926271078428,-16.6902003968143,-15.9843769625264,-15.2476606123947,-15.0223840226248,-14.853932149081
-5.38514605933964,-8.12364189894679,-14.4839803864544,-16.0111645828539,-15.8488681597679,-15.6606951011177,-14.557061647087,-13.2322282780124,-12.8711447822166,-12.4019191646732
-9.0288290413143,-13.0733248969526,-11.4294408242956,-12.8232188335874,-12.5737088571666,-12.2955910411461,-11.4689690542741,-10.4774867863472,-10.0661501134749,-9.68434146305408
-4.15971633045966,-7.43110733431179,-9.34006855290894,-10.3586920847674,-10.2357367005221,-10.0311715786438,-9.35347904843821,-8.60473954778419,-8.37512290007864,-8.09721297892772
-8.45861906322171,-11.4185103459464,-14.2040336844041,-15.5975836258141,-15.4378900369354,-15.2610959197088,-14.445959884998,-12.6120624646616,-12.2237098768969,-11.8671064893592
-5.8578447317598,-8.44130129800751,-9.15673489784888,-10.1496316838202,-9.94315151660598,-9.77428546968694,-9.14217625186573,-8.55968034000583,-8.39372759284681,-8.18495298759363
-10.0485873095613,-15.9877462864183,-23.9275520286441,-25.499620410485,-25.259221370206,-25.0595286318657,-23.9998662056838,-22.6662618122051,-22.1816288987763,-21.7912292653517
-7.50178700645078,-13.9168941651809,-15.1366138133946,-16.5887821987986,-16.4076068230027,-16.1698262802197,-15.2916654945274,-13.7228355567513,-13.4015394078794,-13.1692431848365
-5.26968646543239,-6.06211142561923,-9.05165250333134,-10.1821061702606,-10.0128112250209,-9.80416452928343,-9.0576194393173,-8.27580414680661,-8.07222367132173,-7.84411159981401
-4.56321832112617,-5.75602927965152,-12.9613549174263,-14.3418974682632,-14.1717692951657,-13.9657639006978,-12.9537232805488,-11.9688126227186,-11.6806882378273,-11.4939996031141
-6.54013944859734,-8.64019611911349,-9.88000666055736,-11.5837180964639,-11.3971732748595,-11.1238724241722,-9.92334009595145,-8.50301009668292,-8.31560699232958,-8.1899015449358
-2.96052990042326,-2.90806472943757,-14.2407423504699,-15.6181316237252,-15.4642393366439,-15.2428455780754,-14.3045103368418,-13.1038695711749,-12.8960390708881,-12.7807662532137
-4.89389026062151,-6.14533811977446,-5.05644014012654,-5.80582594121573,-5.6966762264812,-5.54416968233206,-5.05765287703079,-4.56261982909813,-4.44638604926766,-4.30009573848206
-3.02454303825856,-5.9602919511087,-5.71372601899508,-6.68831509263357,-6.54157746974236,-6.3564018695239,-5.73950395609423,-5.03357520170723,-4.80843181988826,-4.65080105031761
-3.12243434531769,-3.10816409085567,-13.1195079417109,-14.2666906429235,-14.0268758162305,-13.8365434409951,-13.1223459191241,-12.3797549775205,-12.2072277203683,-12.0631145171495
-4.87221235782898,-5.11505634645022,-11.3770958403973,-13.1241139128378,-12.9283152676734,-12.6989422499668,-11.5688895072315,-9.88112681112758,-9.60887064243919,-9.46265525893094
-5.43554572240685,-8.36022742684028,-14.7803955296824,-16.8377549859326,-16.6078331403858,-16.2339261058006,-14.6783437301783,-13.5116365701447,-13.2511048456554,-13.0416343301263
-6.0497166814366,-10.5365668732744,-12.8231170323354,-14.2996521297914,-14.0973136696503,-13.8257362986291,-12.8406832991651,-11.7142629684381,-11.4246490776579,-11.1791386324257
-5.68784008503619,-7.4006862785936,-10.2537539537771,-11.4764348357716,-11.3102149959837,-11.1296692607305,-10.2933667729973,-9.29699367120711,-9.10381982811642,-8.83385545954773
-5.07135644115389,-9.36122625135888,-11.8580125687801,-13.5237408244735,-13.292434730277,-13.035865687669,-12.038815030805,-10.4325847598124,-9.77465945453507,-9.38385276794659
-4.50349119825354,-5.5704041185251,-7.81180972256904,-8.95246678066229,-8.79295771435002,-8.57046836419514,-7.79881481975576,-7.09770331133975,-6.89190307544192,-6.76527380943957
-4.32302098836041,-5.69046456154993,-12.4972185325432,-14.1027924621277,-13.9144236421975,-13.6842716238856,-12.5006942767333,-11.3288236773915,-11.1294273967699,-10.9744352764397
-5.88189971963516,-8.21878304512086,-10.8160335962588,-12.4797907765164,-12.2011983171643,-11.9518347826731,-10.7422810940545,-9.83470745117477,-9.65222131676509,-9.45025404778564
-6.86902688470324,-9.90704272898324,-10.8585741991607,-12.0008236580238,-11.8736029351404,-11.6593174092044,-10.8859699200212,-10.0488782739233,-9.77507679044106,-9.56836635595493
-9.75977416854833,-15.056918052959,-15.4614849772267,-16.6874909323313,-16.4895020937416,-16.2492445426554,-15.4401857766982,-14.6949770125102,-14.4966195679801,-14.3103073474076
-5.68868716828864,-8.1761360464747,-13.1479516760808,-14.5644540167871,-14.3764039461097,-14.1441331943737,-13.2730665074231,-11.891132501869,-11.5067223667699,-11.1970581316097
-5.70686933618605,-8.81881417626195,-14.230574710425,-15.4383525497732,-15.2535818375835,-15.0522476956865,-14.2305539897388,-13.4072423978226,-13.1443145224274,-12.8846286502456
-4.12169149265744,-5.14900328192856,-9.56523053453021,-10.6511370519849,-10.500608724028,-10.2963035630533,-9.59031068418503,-8.79960776866827,-8.59563273224115,-8.43382493151903
-7.03864498320332,-12.4807589311058,-17.610782304979,-19.1713749481377,-18.9461585914646,-18.6707812723004,-17.5738991500047,-16.5988933282396,-16.3918870142588,-16.2293254124231
-7.03901680498707,-8.47403368283423,-11.6046804473307,-12.7264363450959,-12.5626753514417,-12.3600563151692,-11.6145022369692,-10.8628700260345,-10.5955874078239,-10.4098377315584
-4.28930168823993,-6.95180722185874,-7.78067749221322,-8.98380007423953,-8.84180193722878,-8.57294370739154,-7.72251702198392,-7.06709879787604,-6.92775125411843,-6.74208469882158
-4.71899551614717,-7.82345155609113,-7.9191412653365,-9.50062069694174,-9.24895209667383,-9.00375892488764,-8.13746190451805,-6.55893282996086,-6.3029390784756,-6.0612774641122
-5.98268583467808,-11.6812308527929,-11.8779300262792,-13.8142088759949,-13.6490876365356,-13.3563851353591,-11.7190595109727,-10.6755495970046,-10.4887505393978,-10.3228642561063
-4.63771574488535,-9.47474996145427,-13.2268440447973,-14.7232572826244,-14.55424315006,-14.28748997481,-13.3057516266142,-12.0732503311205,-11.6802500320527,-11.5320999220523
-6.68864520462424,-7.97221872026067,-10.5736713331206,-11.5794862548058,-11.3423423181684,-11.1896466097166,-10.5629731531974,-9.98596065507881,-9.78254154952836,-9.64407918343704
-4.53907045546024,-5.86196560609288,-10.0434798087718,-11.0957984247535,-10.9773106259407,-10.7191525387001,-10.0462921179094,-9.32144561052069,-9.17092802340084,-9.03580794092444
-3.43488509800298,-5.60250569989466,-8.18690484093415,-9.31075001610849,-9.12184218472851,-8.92844962734358,-8.17710291774764,-7.45176999822168,-7.28467794473278,-7.12920707677223
-3.60478163926643,-4.55512226761418,-10.0893793610948,-11.6322514307558,-11.4197186335541,-11.1984188393302,-10.21514869486,-8.849245262556,-8.64454888532578,-8.47369544823246
-6.51628157264615,-9.94747455934216,-9.2435492354914,-10.5396550326366,-10.3882336968456,-10.1863652311197,-9.23687161482817,-8.32053881622155,-8.11969035408474,-7.83997423965867
-7.51554728357749,-10.6784311256833,-12.2780270552251,-13.7800150214294,-13.6033635049412,-13.3133599894633,-12.3212012120415,-11.167079286764,-10.8148222847327,-10.5704318075707
-8.45643747227547,-11.9895797293207,-15.9527144279451,-17.008369839859,-16.8042933791292,-16.6156869263698,-15.9656763069392,-15.2587983689324,-15.0348484936401,-14.881120208163
-8.00947007285305,-11.4720483401794,-15.8166054390361,-17.1147062009171,-16.8779632770639,-16.672383144012,-15.8016197494848,-14.9701553633977,-14.7858427394015,-14.6313300421268
-6.43530597141306,-11.0088770701056,-10.7859957185653,-11.9965421007719,-11.8225764992169,-11.5983975159981,-10.79285771492,-9.98954789005406,-9.78402268718296,-9.57534775834752
-4.24476657603392,-5.99975919393846,-9.93712156886912,-10.9134108981695,-10.7474241470292,-10.5774226584473,-9.94330042469486,-9.27188238013152,-9.10958079318106,-8.94998772027277
-6.0328738265973,-7.07147487768273,-10.2806433486973,-11.427874511174,-11.2868482117332,-11.1318563365207,-10.3789348074449,-9.30439361400287,-8.98217526689645,-8.76546017872061
-8.3793711844253,-11.1736801926308,-12.9594317830504,-13.9729122871994,-13.8200706692355,-13.6451706041699,-12.9855900201352,-12.2361733845456,-12.0160578878029,-11.8958706545846
-5.0231250600813,-7.23067115805235,-8.28004831243046,-9.51457667560951,-9.31244202712652,-9.07914291613935,-8.28202578971909,-7.50662854729407,-7.23389744003921,-7.0591694356893
-6.53610628367017,-8.22866121800507,-17.1668385704023,-18.4860581943141,-18.1875023010836,-18.0083228434059,-17.2202847683355,-16.2186377437125,-15.903794467505,-15.6929747288924
-7.85996001774619,-13.0003211728689,-12.784945986331,-14.9151408728534,-14.5922835381031,-14.2965889627173,-12.6932758528969,-11.5348590370738,-11.2814416831675,-11.0455467667776
-7.08399293882162,-9.32600792766297,-15.784815976323,-17.448978323955,-17.2034051786395,-16.8648065510518,-15.7861169070046,-14.7024341606644,-14.4728786324679,-14.2101323754522
-7.78181422386457,-11.0701369938748,-17.1836776838097,-18.5824603798154,-18.3713037236027,-18.083095769287,-17.2011753568205,-16.255319620218,-15.9714458766211,-15.8451528898113
-6.20578871110524,-8.38118556417473,-12.7053845101553,-14.3251825602832,-14.0547232418585,-13.6589549054217,-12.6915630844437,-11.7728629071461,-11.5414796623865,-11.3543464176426
-8.23602061481485,-10.358162922473,-18.2480303355921,-19.7163954718494,-19.53914123483,-19.2380318707622,-18.2789942133897,-17.1611888754772,-16.9347696728036,-16.6786029308166
-3.84770150072234,-4.30818617319639,-7.23742157259687,-8.26189045996978,-8.14297837245639,-7.94401267233465,-7.25051886255874,-6.50950778676954,-6.31282260324171,-6.19765617682558
-3.78109797018536,-6.6767801387801,-8.30338801471522,-9.39369051045485,-9.24756909971419,-9.07492282325816,-8.3831883074908,-7.38963877643666,-7.09676834627645,-6.94432061643789
-5.26056135209317,-7.8175620512535,-10.5541545101075,-12.1778857374418,-12.0154957594038,-11.8442993325381,-10.6456895267236,-9.17752721290051,-8.96535140183924,-8.77950335325315
-5.16580001203888,-6.18231351299912,-10.104915750071,-11.274729512492,-11.1262162373759,-10.9526111736667,-10.1641947012478,-9.09451351536679,-8.77025668652404,-8.60700198968467
-5.7609497750929,-7.37630618982047,-12.0911702721431,-14.1350136322182,-13.9659993040024,-13.6688143726588,-12.1402446152014,-10.5604289412837,-10.2722304773316,-10.0971547572249
-5.30248153289364,-7.07447620040221,-10.2353027865629,-11.3649460411545,-11.2144857049911,-11.0251780943595,-10.2599127064182,-9.3827013533436,-9.12128656336688,-8.98060815964409
-3.77670417386558,-4.32935555656959,-6.50231843117798,-7.54901699221115,-7.4082501736883,-7.20674023980607,-6.47785944551474,-5.81556667962517,-5.66879427211194,-5.54274237064275
-5.92779718160147,-5.93700254725853,-16.5119333824124,-17.7476015708286,-17.5830415190297,-17.3268941124133,-16.5441043562468,-15.6598326090196,-15.4345371648317,-15.2676250577089
-8.00875737165346,-12.337052005327,-19.5913612724018,-20.8163657309341,-20.6613080259364,-20.4004771402441,-19.5941990797102,-18.7493554319418,-18.5719849167433,-18.3380174893929
-7.56793467251828,-10.8083035962387,-12.7446579161108,-13.962586251805,-13.7836966959596,-13.5499509405758,-12.7732570343227,-11.914354478409,-11.6892750735264,-11.4911055361756
-7.38477435851144,-9.00407820223697,-13.0252472048609,-14.9106892208607,-14.7072381029715,-14.4478735666228,-12.9267977420479,-11.6724435013808,-11.4785609397692,-11.3011763463017
-6.17564568444528,-6.43847729611905,-8.02549979426003,-9.08511572228283,-8.95003119068994,-8.78147139826528,-8.01730980221028,-7.26962678579639,-7.07649978706943,-6.94564806557755
-8.39794245532633,-12.1471458012645,-17.4680831209191,-19.0041136959264,-18.7915097055043,-18.5395270654625,-17.4268783102691,-16.4814257478327,-16.2577181275009,-16.0978850453815
-7.97932037144588,-12.1550291703814,-11.2293628873928,-12.646804632429,-12.519178176872,-12.2851403744605,-11.1559087689568,-10.2535371552717,-10.1057352997633,-9.94560842552079
-4.78350486897613,-6.32839194548324,-9.16192916856422,-10.4382354990689,-10.2235436972093,-10.0227377201452,-9.15658417158372,-8.34408958088708,-8.1504498561431,-7.95645363854755
-3.92031657939815,-5.62381038280299,-6.80766453374215,-8.09499526804064,-7.93833424576905,-7.65324878113034,-6.71035633911509,-6.07805266386535,-5.93375771246418,-5.82204200562492
-9.47868858708041,-16.3960166098198,-15.4166946965921,-16.4438172685387,-16.2304838633074,-16.0434240970827,-15.3992391822729,-14.7507001867981,-14.5837375027371,-14.4603191411196
-8.45098739283499,-9.04737181552547,-15.463533226507,-16.4673621400241,-16.2603387881192,-16.1100268119743,-15.4801497049739,-14.7907631536889,-14.5988927237986,-14.3709930812263
-7.69134212987869,-11.9357533112976,-15.000970577028,-16.4216863118994,-16.1980129812061,-15.8888358624582,-14.9613941640539,-14.1601018233785,-13.9080016901544,-13.7661129122659
-9.93379543684982,-11.5766128901508,-17.2914425038584,-19.2831985720564,-19.0391596802143,-18.7165743409622,-17.1481934517794,-16.100102521618,-15.8084445363624,-15.5826050813337
-8.32958809428751,-13.0146787158092,-17.3968228847975,-19.8774853658386,-19.5939647301204,-19.3068881458515,-18.1120908061002,-14.5736088522005,-14.2259208853356,-13.9227319556965
-4.22337306712165,-7.33366494841605,-7.03946596584403,-7.94194344164765,-7.81527640433069,-7.63025714732475,-7.03716869242787,-6.47987901215547,-6.31155545997335,-6.16029678808846
-8.68353585046825,-13.0387036412756,-12.4786624668968,-13.6289600918056,-13.5190642515094,-13.3075281169575,-12.4845236178869,-11.6344466330851,-11.3987187903506,-11.1730992120815
-6.27949799950172,-6.55722202263723,-12.3323797208894,-13.5021526549734,-13.31860208115,-13.1096286093001,-12.341603816363,-11.5423832860293,-11.3092126808213,-11.1105886714791
-3.1094130106745,-2.07639002890628,-9.84018525622046,-11.1088363189561,-10.9213425277428,-10.7261151905134,-9.89759021339236,-8.80679240309584,-8.5489039184503,-8.31649723965126
-6.74727065952835,-9.60229052295472,-14.9978174995462,-16.1785115887739,-16.0317593493798,-15.8390582967849,-15.0126040065477,-14.1657160888694,-13.8434888135624,-13.6605312944402
-5.62158125589052,-8.54554374015108,-13.9408059897544,-16.6125218697836,-16.2433102058712,-15.6499508518922,-13.7635390953543,-12.5691769521321,-12.3018641219045,-12.0708425077444
-7.05558241917747,-12.2210648542919,-14.8069126294841,-16.8086239547851,-16.4983836044538,-16.1028694163896,-14.7086565451674,-13.7005492548467,-13.4379550114758,-13.2248689226001
-6.02607725776875,-6.45673103571731,-6.61991357233723,-7.84052211106232,-7.68378681319702,-7.42499563937009,-6.58898603636486,-5.82624356881196,-5.67313367609351,-5.48425402247853
-6.5324081113954,-9.34248702855167,-11.5597692488448,-12.7237073368367,-12.5657943495778,-12.3163882227536,-11.5344300678591,-10.8374958644303,-10.6559560469118,-10.5134526442449
-7.210476858989,-9.73352567639192,-12.4007928377884,-13.4526786217629,-13.2779972306295,-13.0782583044366,-12.3816187971649,-11.7634970544836,-11.6088569846687,-11.4420917011807
-7.42896000894909,-9.56691328007787,-12.2098263861536,-13.1117958120776,-12.9923031208816,-12.8107060932725,-12.2142996882563,-11.607625771362,-11.4604131914357,-11.3035836686839
-3.86863064120675,-5.99415785441121,-12.5052138907829,-14.1780628881362,-14.0263904521288,-13.7257407929991,-12.6040608119692,-11.1289019538315,-10.839999930619,-10.6606007944247
-6.74748146238262,-7.9333444379156,-16.5190170471774,-18.4764333581414,-18.2721244012452,-18.0492986920723,-16.9453387038566,-14.2630807771176,-13.9369663719163,-13.6772511885859
-4.13451992957858,-6.00051423979376,-8.58412140576622,-9.89669445609881,-9.74445759559956,-9.5073046857164,-8.626406692424,-7.62783581066967,-7.39824696715681,-7.23267774929264
-8.52565613329418,-14.595752011776,-23.0119077851386,-26.2396028730731,-26.0870170949776,-25.8327673319604,-22.7192466577646,-20.6625957592992,-20.3555442236459,-20.1147416473983
-8.20334829452008,-13.4448834468807,-15.7885505504319,-17.493197759624,-17.3245062631246,-17.0534967278267,-15.7330586297245,-14.6079988935071,-14.3222893636309,-14.1346320696205
-6.28572018422178,-9.97174040404542,-15.211251910357,-16.493002360166,-16.235367853539,-15.9902482601147,-15.2318088956949,-14.3613702403668,-14.1646396985124,-14.0007087117294
-9.6730162594103,-17.3738853699371,-23.1601480970163,-25.3438727179314,-25.0899768136605,-24.5855356734543,-23.1469974180749,-21.763447341726,-21.4366484409839,-21.2384963089045
-11.1077337779294,-17.1529456828367,-21.6818166516605,-23.3393479997845,-23.0655722460598,-22.8550351884297,-21.7841344664643,-20.2734917237593,-19.9750914378497,-19.7351974876777
-4.95699710240898,-9.55167143056141,-17.0682809596511,-19.4232019023149,-19.1169169861572,-18.7534088861647,-17.0313430058656,-15.427840374456,-15.1039666443811,-14.8845599212039
-8.84789526472035,-11.4791310776875,-18.6317585461212,-20.4107596066696,-20.1885429799305,-19.98888968977,-18.9400284633231,-16.7647438157273,-16.448698616745,-16.2494151176209
-7.10626071310766,-11.2847629933246,-15.7886501816761,-17.5188214944223,-17.2655397538583,-16.9515557407049,-15.7079225409734,-14.8256751888202,-14.6224186917516,-14.4252903038383
-4.83995594901916,-8.47122916277037,-14.412693536571,-15.9393145821268,-15.7973785496752,-15.5006397779325,-14.5202252361128,-13.1838601451722,-12.864325681826,-12.6902855700513
-4.27212010179638,-6.24037108097478,-6.25366017424678,-7.23755361649066,-7.08190952359361,-6.8761243912464,-6.23033850682965,-5.66686377169392,-5.43989834127855,-5.28156805239262
-5.66176027418469,-6.93075745900993,-16.7606148443607,-18.2933907538145,-18.1125431194857,-17.8557159802216,-16.8228390197385,-15.5933097969593,-15.3765213515758,-15.1451503127086
-6.02687746598734,-10.1818505154513,-10.5755032342131,-12.5683797332234,-12.3320310191443,-11.9520202537407,-10.4146461793729,-9.51912498451611,-9.22983305416854,-8.99928188587641
-7.18802789600305,-11.5076906842566,-8.86198265491787,-10.7689489972974,-10.4971506861594,-10.0615945179248,-8.77599813557192,-7.78900144547374,-7.5984002655692,-7.34952319535316
-11.309107148632,-20.888755669074,-23.7863276356511,-26.1288650919251,-25.8204087056204,-25.5019622349821,-24.086517114655,-21.8137938690337,-21.4254893173261,-21.1899239934375
-7.14952853594859,-10.8516080353129,-13.4095232349077,-14.7276822664933,-14.514814685364,-14.2658657403043,-13.4311788269698,-12.5344356915001,-12.2297695942568,-11.981022406232
-4.71999161361558,-7.06024434535802,-12.2939227565987,-13.5951398347883,-13.3900930700384,-13.1590853703308,-12.282008439681,-11.4764993478369,-11.2638857026591,-11.1035031569365
-3.70902492987088,-1.98559179900119,-3.74491319556292,-4.75940941957247,-4.62312466084012,-4.43092570062304,-3.74815194538001,-3.05357027179926,-2.8970016066411,-2.79141615611699
-5.26092884741165,-8.26435697742689,-15.4775898511683,-17.4905170141998,-17.2203523984627,-16.8505763917667,-15.4216712680771,-14.1683932517634,-13.9024664993503,-13.6809730610219
-8.7912805994605,-15.3598541498245,-18.4811850200635,-19.5780184994046,-19.4013371970817,-19.1298391266116,-18.4586641110808,-17.8632558534932,-17.6601408880285,-17.4798390559832
-7.84063633587854,-12.6533226428244,-17.8624766888948,-20.2980840911689,-20.0236815201744,-19.6493087961096,-17.9338622894305,-16.0266786506048,-15.7247251217133,-15.5107648979672
-4.36285149893117,-6.45048600056888,-7.25475085899673,-9.07235265990005,-8.90133200201814,-8.57589539612657,-7.25917994678663,-5.92982184278592,-5.6787130651976,-5.49612892249384
-5.05721508420806,-7.54099662990869,-8.69111627526323,-9.81427353865814,-9.61156419436852,-9.41160009924438,-8.70599502954635,-7.95128681391221,-7.75507211433675,-7.52113583912292
-9.66726809622004,-13.577383801062,-18.7862760284153,-20.7620041044999,-20.5216161141992,-20.2536392849339,-18.8445824805083,-17.2652115509367,-16.9344269075017,-16.6836810589447
-5.27416182784168,-6.88235477801644,-20.6854830221934,-22.2162218931039,-22.0072633833357,-21.7266471771369,-20.801777364584,-19.3840939235556,-19.0904790352487,-18.8613983823493
-5.38227541942613,-6.94745129605725,-11.3795477194667,-12.3733975656341,-12.2074294470387,-11.9861736120022,-11.3798786137824,-10.7572226891277,-10.5625120488881,-10.4126241319881
-7.49433092502953,-9.58393849324287,-18.3827681882818,-19.9023015488741,-19.7309243011228,-19.4410167918932,-18.4317903049592,-17.2570050986849,-16.9876690631375,-16.7566471388172
-8.70091379722122,-15.3994028887795,-13.3819842108299,-14.6847468535459,-14.4535728396838,-14.2139380554504,-13.3235304052026,-12.5884866246039,-12.4246133388598,-12.2676404424193
-7.20380187383384,-8.14726249455512,-14.6958353944601,-16.1133244169649,-15.9374251183658,-15.6532770468237,-14.6965166624666,-13.7752941933552,-13.500598667062,-13.3602724789748
-7.54236861533752,-7.56734839801149,-15.6147149526374,-16.7078534367979,-16.549194104306,-16.3673784897018,-15.6361885771898,-14.8344128091389,-14.615958893712,-14.4615777582541
-4.20013257048055,-6.69441471813758,-10.514727940857,-12.0376124314425,-11.8011191279899,-11.577392936435,-10.6191261918849,-9.25265485056724,-8.95443782478242,-8.73236998069307
-3.91972394906425,-4.97107618344755,-7.17925490544226,-7.94320498094652,-7.84468467733902,-7.70127617992231,-7.20241884302155,-6.65117054298595,-6.4633794477702,-6.34491916289608
-4.42572401057939,-6.86240371562545,-7.75097536600234,-8.98795799465679,-8.72528960415848,-8.49345960101179,-7.72132370407285,-7.0208201130764,-6.85602019914977,-6.74405791989508
-7.11794393154878,-8.41209903351716,-13.1297446454078,-14.4755869743557,-14.2217327552094,-14.0114512311337,-13.1161775025786,-12.2947512534234,-12.0611140404491,-11.8262254041074
-6.4533165124881,-8.91543241988127,-11.97509134408,-13.9560302970444,-13.6801332194106,-13.4005089717409,-11.8485829344957,-10.8210085894503,-10.5770107766974,-10.3733293672154
-9.00270130011717,-12.124930108989,-15.5512274887862,-18.1035633726317,-17.790467181185,-17.4160124314842,-15.8038280084854,-13.513657451378,-13.2511621660603,-13.0716735853267
-5.90571465125105,-9.95774747447242,-19.2937257962726,-20.4453919333364,-20.2990842021162,-20.0682068971385,-19.285029834492,-18.5229685475609,-18.3259730691233,-18.1915536440245
-7.31017563211926,-12.5542616310205,-18.7677009611192,-19.8619471009511,-19.6824473986168,-19.4092768335877,-18.7660447836755,-18.0816046439098,-17.9027564816099,-17.7724582029637
-1.97717042921265,-2.91320654722121,-5.92437835781284,-6.84929742820462,-6.69881986225781,-6.53281832391594,-5.9820114430483,-5.13403944608104,-4.91407259845706,-4.77806414340233
-5.37969091965787,-7.64087411999837,-10.2092466184789,-11.6860147165726,-11.4685571504156,-11.2557577670851,-10.2213558466317,-9.14617608311616,-8.93109033482288,-8.69905117489035
-9.52125313931294,-14.8959457718497,-21.8803039923119,-23.9063176197329,-23.7216928321762,-23.3648155425664,-21.7239878879156,-20.7069875107524,-20.4236812015937,-20.2571011984388
-9.32252828171508,-14.5135437934354,-21.2887852674614,-22.6162997731608,-22.4330677530835,-22.1779144148234,-21.2791754514425,-20.4245449021981,-20.2479422267188,-20.0671435660826
-5.43005855945025,-6.72920457700307,-6.9834767076959,-7.90246084039364,-7.76458183434308,-7.58442165730758,-6.98476805710125,-6.38002211014021,-6.22473896625572,-6.11012189779716
-7.14181924321566,-9.75180244528429,-17.5648729218482,-20.0082962568935,-19.6713594135167,-18.8608188708112,-17.4148485961143,-16.5905020215059,-16.3420309162367,-16.0673330383126
-5.11297016693754,-6.20763137272067,-12.9917816295784,-14.2303232008422,-14.1263178921509,-13.9541876782603,-13.1793362512134,-11.4031431641084,-11.1376064986541,-10.9851983802194
-10.4139378991032,-16.1957898303253,-17.4718184413661,-18.6898442344945,-18.512117844075,-18.2262145474307,-17.4551785467547,-16.7268475835149,-16.5058106381259,-16.2578834618513
-4.90505840943088,-7.17948269546378,-16.5950478630263,-18.0000167116727,-17.8314856612153,-17.6242686312371,-16.6889593003708,-15.412034677699,-15.1912319337112,-15.0248397333732
-3.3108243664272,-4.39173856303615,-7.77814198770656,-8.85623014893378,-8.744514904515,-8.52619765503953,-7.76232407802481,-7.09744496170909,-6.90321396666653,-6.7091055334668
-4.59768725060194,-6.67553666501369,-8.96383039132501,-10.284087786455,-10.1815830705287,-9.95424955876752,-8.92989995636781,-8.0265991118735,-7.84456236494746,-7.6685373926278
-6.82471031964904,-9.97616534763692,-15.3186001436018,-16.5855337956337,-16.3787831706897,-16.1788588386578,-15.3245869529682,-14.4381487243627,-14.2318382155182,-13.9791539928384
-6.57132003554887,-8.77127470745096,-16.669206180721,-17.8986250958966,-17.715264704133,-17.4967916600594,-16.7008624697591,-15.7664766964983,-15.5643932213084,-15.3712639357082
-5.33869557893333,-10.2733083333675,-8.89394288799654,-10.4859605483062,-10.3128671796466,-10.0359264823904,-8.94332103972037,-7.73716402483505,-7.41948539917768,-7.22289222996516
-6.05064084091869,-7.94571577315064,-11.2888244527993,-12.3525182570748,-12.2148667283814,-12.0279527231737,-11.2982749379831,-10.5530874836497,-10.3455932429079,-10.1069089001615
-8.83163256309835,-11.0408781330664,-17.1323051952727,-18.3875598677338,-18.2253533028325,-18.0277043744549,-17.2093301069897,-16.073792997068,-15.6554702322725,-15.3664740768399
-5.47841155922356,-8.93141316843273,-9.96098125285028,-11.9564305961474,-11.795289170418,-11.4430202311906,-10.2014009271817,-8.15012249887443,-7.73509848709822,-7.5677469523154
-7.63799442409085,-12.0555744943581,-18.6494791095958,-20.0469359325399,-19.8817853637046,-19.6729776116553,-18.7869321095224,-17.3710689903746,-17.1184847904079,-16.9065458607238
-5.71792627841647,-7.52918078478728,-11.4131271097604,-13.0683622917028,-12.869941327646,-12.5461662381483,-11.3248643125229,-10.4324173910838,-10.2197322193495,-10.0505307088668
-4.99554409976748,-6.48766172910219,-10.0873232008425,-11.2674269019713,-11.1033364447571,-10.8874036403085,-10.1804402832578,-8.95307176649573,-8.64386215400292,-8.44802036002792
-6.65191721340846,-9.3689865524975,-8.14118351838141,-9.94460477011853,-9.62190621710814,-9.23304008193475,-8.05988270330234,-7.23230249716595,-7.01224500607396,-6.81909247940034
-8.52920418836649,-14.0123581647576,-15.6645893285313,-18.3468590453048,-17.9902286337641,-17.6058354057583,-15.6701789843376,-13.6701665638726,-13.2913019990418,-13.0326516725194
-3.72552797736436,-5.56703233384177,-11.620271249257,-13.525087046141,-13.2683934062443,-12.9714274166902,-11.6084393913027,-10.1981719720263,-9.87201700177788,-9.62235129695083
-7.49485730893739,-12.5311303031436,-13.7366136181816,-15.104775442093,-14.8914183629377,-14.6136628054131,-13.7190527973668,-12.8920617973446,-12.687588677535,-12.5586331884913
-2.68839476651143,-4.53466332812133,-7.16614587433248,-8.19914058220589,-8.08151215566082,-7.91250858379214,-7.17195150218784,-6.42817414635586,-6.21883390083261,-6.03275715649567
-5.01622146217322,-8.05412949974809,-9.69966166121596,-10.8322578243231,-10.6611677444079,-10.4643457121814,-9.75209488208889,-8.84204063247855,-8.65553468186199,-8.37965953149045
-7.08663474544278,-11.0520120719197,-15.5087130405487,-16.7559964480917,-16.5243025719126,-16.3128416304735,-15.5228412254837,-14.7049886097806,-14.4881117493504,-14.3044125204321
-7.26929581168192,-7.28365561289284,-8.71687114776159,-9.95221500048723,-9.79657797426772,-9.56521562472218,-8.76681530992138,-7.73560269837453,-7.50750103213745,-7.29098872520444
-6.6479236604014,-10.1299038414563,-13.1822090275974,-14.396504589237,-14.2266832091073,-13.9823125102972,-13.1548312258502,-12.3999021115456,-12.1779132376585,-12.0060072745863
-3.18556512404786,-2.827885972547,-4.79849354551118,-5.82391046605599,-5.61531753247827,-5.47119206849766,-4.78637298501398,-4.175962096184,-4.00846686384027,-3.89578076885096
-7.12636812397627,-8.66563338025655,-14.9073699578152,-16.0895061256912,-15.9462884771625,-15.6903704159544,-14.884148595938,-14.1606366292409,-13.9644729355226,-13.7045005579626
-6.33379065919884,-10.6999245469798,-14.3005474937488,-15.3873918479665,-15.2656495282206,-15.0338810909912,-14.3169419794862,-13.5251561496086,-13.2438423828194,-13.0378208175656
-8.72272889600552,-13.4855900326325,-19.7196177437588,-21.6193378270184,-21.4000445857311,-21.1552174896542,-19.8866877659537,-18.1196201648603,-17.8196505716169,-17.551493719375
-7.11310039712807,-12.040937734067,-16.033011679173,-17.2788422348438,-17.1097376145576,-16.892200893922,-16.1105873288724,-15.0894557705623,-14.6362232506093,-14.1835182604893
-5.38727100252314,-7.45555158077726,-13.5074271576799,-15.7038606265372,-15.521974870817,-14.9147883801273,-13.323782270237,-12.6074295403677,-12.4190248131953,-12.2688546732073
-5.67892159600919,-6.66919190122542,-12.9426308678938,-13.774513940048,-13.654578893659,-13.484917493826,-12.9309594614306,-12.3787791510952,-12.2485583006486,-12.1254903882129
-4.57208852335712,-5.78715015608104,-7.67526937578701,-8.74216290619837,-8.54682161810734,-8.31870335535197,-7.65872235460323,-7.07809598776284,-6.88835849988575,-6.72644782620811
-4.03282168599955,-4.5262838671189,-8.42144300772381,-9.87553949588682,-9.65513417335082,-9.45912268403195,-8.44863960948958,-7.34012022481496,-7.10898767312845,-6.97680725693842
-6.91560266665635,-14.3668445491726,-16.1410048939814,-17.755159325593,-17.4508980887781,-17.1925922747434,-16.1021130511539,-15.1717600879474,-14.9644402258572,-14.7761114491005
-7.8347636113973,-9.77158810987464,-15.2724982892707,-16.558172828017,-16.4012471695329,-16.1049470877374,-15.2240335822867,-14.4688554833659,-14.2938046225831,-14.1296710026297
-4.23218850192323,-4.49315982666944,-14.517185180819,-15.7411547114704,-15.542195353673,-15.3089324846976,-14.5431920835362,-13.6769944411497,-13.4425240846125,-13.2588668057002
-3.62453416829466,-5.03695024814377,-7.20580056537942,-8.20144453673901,-8.07751314483638,-7.90500535790873,-7.22293523368323,-6.47266748965618,-6.26589173095725,-6.07680009911242
-4.44010750173544,-5.58313790439005,-5.79569752768507,-7.59754023361973,-7.36664174519473,-7.15233070850193,-5.67955856925392,-4.46002338283132,-4.21915535559035,-4.06543608382959
-5.28729682798584,-7.93247817864844,-14.6138644196326,-16.1026832258039,-15.9176105474616,-15.6742041794763,-14.570741804106,-13.6042217330234,-13.4115658581792,-13.2752060794248
-9.02097461462262,-14.0043741087896,-13.1835745040664,-14.9268996199282,-14.6481001917515,-14.2823491149696,-13.1357854029207,-12.1937470271489,-11.9450860066413,-11.732409978932
-2.74944754439536,-3.41895086181461,-7.89875012780031,-8.95529483910203,-8.78724140299147,-8.62787449464641,-7.86489427480999,-7.26946439946524,-7.09170314198644,-7.003640602365
-5.18216404527114,-9.72058832586328,-11.773917844045,-13.0221940144421,-12.8487340162277,-12.6655819543044,-11.8566319020571,-10.673101602647,-10.419589601474,-10.2666222318835
-8.45832233936215,-17.2673120715997,-15.9624052830573,-17.9849592811742,-17.7914570606583,-17.426280396791,-16.0995339094339,-14.2750044763905,-13.9771844729049,-13.7354562616786
-4.75421287476038,-8.12510675481401,-9.79836483104891,-12.2892306700038,-12.0025397230416,-11.6829465271796,-10.0734096860538,-7.48729487138039,-7.15485930229076,-6.99191382424503
-9.42335825612096,-15.2323774492152,-16.6466659562043,-18.3373380978589,-17.9940917763597,-17.6000905013322,-16.590012575819,-15.7660997675485,-15.5264619005622,-15.3771920588992
-8.06715105552635,-9.39810793616026,-14.2183575329721,-15.3320162672542,-15.1670890338971,-14.9762507026375,-14.2480278103706,-13.4154140299274,-13.0574981705359,-12.7491804628738
-7.35850990286513,-16.1116512303771,-14.3955217702278,-15.8134677711705,-15.6444616112209,-15.3979284731543,-14.4211751448377,-13.3574758214465,-13.1374159043238,-12.9626236853311
-6.2525671110228,-8.52532724072927,-11.6605794397724,-12.6215972936392,-12.4397876844875,-12.2647200104522,-11.654078912231,-11.0686591904404,-10.90143057892,-10.6823671166614
-6.9592447729484,-9.18314270071327,-16.11078953465,-17.9810349216478,-17.7142499776453,-17.4436655146196,-16.2584109354014,-14.504663045045,-14.1969877645685,-14.0407105462639
-8.03153061152013,-11.9092550078869,-16.8428905188106,-18.1981877117482,-17.9764391470597,-17.7397494726873,-16.8277600149161,-15.9477041908113,-15.7285806267657,-15.5191460234744
-7.26013557324888,-14.4217030378645,-14.6224941201012,-16.5190031807304,-16.1619515447799,-15.7661524442017,-14.5620571426879,-13.5863804847464,-13.3435825657886,-13.1100789425565
-7.79752079885359,-7.87966130237845,-11.5863784273222,-13.4537380025561,-13.1779582440015,-12.7447636554606,-11.5074575537676,-10.5334854389501,-10.3631931374733,-10.1457142017204
-4.52939089678812,-7.57201970219158,-6.63621760485209,-7.70222479731434,-7.57815242303234,-7.40687329724727,-6.68515199103036,-5.77961136238701,-5.56633110549486,-5.44129787809785
-3.58815252459443,-7.9214359967102,-5.8217153843837,-6.81421846470392,-6.6442031416095,-6.48624787700468,-5.79627570346366,-5.17740846916291,-5.03374125997546,-4.89269289871994
-7.3807459902884,-9.70014971675395,-11.2099217717744,-12.3536334872889,-12.2123672405606,-12.0155491532929,-11.2211306632044,-10.4090587696093,-10.2425732104164,-10.1134846263235
-7.98634616653932,-8.84209246537895,-12.208858377567,-13.7343618484352,-13.5170146335221,-13.3040975974486,-12.1515418266365,-11.1993078244192,-10.9714910269024,-10.7725053407286
-8.01063853151467,-14.4777213457766,-12.5620295848378,-13.912918345947,-13.7817171106927,-13.5398112259714,-12.6114646692029,-11.5157814093702,-11.2277590764446,-10.993820944403
-4.80349355940484,-5.50851500771395,-8.12591389412509,-9.62285277726637,-9.465914288041,-9.2414844408466,-8.2366852032518,-6.87233463628526,-6.61976346824735,-6.37608732894571
-8.39542180832701,-14.7029902982845,-16.2119379591283,-17.4932762723655,-17.3382514534646,-17.1060446578151,-16.2067129827632,-15.3337786960567,-15.0980198803741,-14.8995543166433
-9.14981794394802,-14.4526025794713,-19.8940684873349,-21.5449673511513,-21.2742937508048,-20.9351244607883,-19.8766504473995,-18.8996363820455,-18.6564688105326,-18.4543368053637
-3.71356561054666,-5.46696230315905,-9.46058575416633,-10.4693171193275,-10.3177630187204,-10.1203949155717,-9.47153296782248,-8.81490669729052,-8.60891323704648,-8.40625231923761
-5.01237096485721,-6.99177270776227,-10.4879580687715,-11.8846764813712,-11.7016331494188,-11.3635465729106,-10.4200040810808,-9.73112827249996,-9.59305943610416,-9.45635648946309
-9.11479596233492,-13.4189228143527,-15.679921953796,-18.0574814897488,-17.7371558857747,-17.244545078402,-15.6308745390561,-14.2241499787679,-13.9277771572766,-13.7307712625637
-7.48774495290181,-7.54953836780596,-9.9468364021459,-11.2876811920007,-11.0488645061473,-10.7419100932948,-9.91245109371465,-9.1825237056514,-9.0078304119623,-8.87289281784991
-9.19551864202868,-15.2080963837277,-16.8801642017248,-18.5989872917326,-18.4092275394537,-18.0733633792287,-17.0280902512214,-15.337565182053,-14.8636565136333,-14.5343771709876
-7.93454839863459,-10.997654189018,-16.6922481736485,-17.9249953514715,-17.6718337954769,-17.4900095394168,-16.7229547852927,-15.809052638722,-15.5185976593614,-15.302649336194
-4.44718697498135,-2.17696994389956,-8.38847421297465,-9.93055242801049,-9.63807860593175,-9.44177125438426,-8.45743393474612,-7.24167698805646,-7.06674697219617,-6.94887144684119
-5.35083714761311,-6.90923165425155,-7.80561441807455,-8.96611039935356,-8.83227733121637,-8.58493736686676,-7.83473926434104,-6.93127179852042,-6.68057255229463,-6.36960299296828
-6.81471653776701,-9.8759094075854,-14.564010929177,-16.2480309391855,-15.9802162762519,-15.7363448012162,-14.5161998991377,-13.5499219906054,-13.2929954208547,-13.111280058587
-6.07864941280115,-9.87524846982058,-12.4756679058727,-13.8033585548182,-13.5715775498068,-13.3104817107197,-12.4598840416095,-11.6476506730929,-11.466446630991,-11.2629738092149
-8.16984890332509,-15.3501361896906,-18.611598858821,-20.0029775898077,-19.8126197580914,-19.5948386158898,-18.5686057609492,-17.7018108839865,-17.4787484320015,-17.2753249425895
-8.97018115023593,-14.9683123908606,-21.2771718111069,-23.4624911713916,-23.2121657010876,-22.8528210553921,-21.2388372549784,-19.8456272335858,-19.5254671767898,-19.2735977181452
-7.58674343037729,-9.98221215353613,-16.4005802745667,-17.7253527475206,-17.5144355765848,-17.3145046401049,-16.4416725523377,-15.3654188898981,-15.0227278725996,-14.6723916701693
-10.8193297505798,-19.3688533734125,-20.2658393579516,-22.2925802822222,-22.0081523077911,-21.524816015344,-20.1616569857392,-19.2797960032987,-19.0523319331131,-18.8593287811651
-3.1343940806485,-4.89651094057175,-5.96811231420551,-7.26910621185958,-7.0625859236369,-6.82829370691853,-5.92976282528463,-5.19116515375798,-4.94328079068364,-4.82362894923092
-4.89159986633589,-7.44487178366575,-7.18953560369969,-8.18999869070138,-8.07428881871298,-7.8970105685036,-7.17623523568978,-6.53047947834148,-6.33540559368038,-6.09565110361262
-6.00954469754027,-8.18776049609173,-11.8100074820482,-13.527287930416,-13.3037193124946,-13.0402675007678,-11.9222059289731,-10.4211797113968,-10.1419312211713,-9.86622210098684
-4.98790381120984,-8.11980836021858,-6.66206342995854,-7.79059581188235,-7.6013192488571,-7.4198709100584,-6.66047443858506,-5.9308463064894,-5.7356330772074,-5.54930473500853
-9.88187252739804,-13.6610415236223,-16.8175308676516,-18.2217714911027,-18.0486790225529,-17.7589296158244,-16.7720873388815,-15.9829215373163,-15.7602511748618,-15.5830585066759
-7.580069626765,-8.05195586231715,-10.8499937377077,-11.9814168091028,-11.8086302711346,-11.5788082925519,-10.8506202272539,-10.1189106880528,-9.88417112247798,-9.75769245170612
-7.19418001022441,-11.241863439202,-12.6234689010326,-14.0685460932437,-13.8710114712824,-13.6558522354754,-12.6534049271537,-11.5241070877,-11.3201601942351,-11.1567781175161
-9.52096830726098,-15.6044972570448,-17.5110132719491,-18.9343233954246,-18.6541984613,-18.4137584682328,-17.5266573796098,-16.6092643499082,-16.2864047825038,-16.1356093573064
-7.75170695280198,-12.5236673060326,-14.9365727842654,-15.7583658278208,-15.60427981204,-15.4682732122935,-14.9586466621578,-14.3435161270738,-14.2109150609432,-14.0708330259226
-6.31541988080956,-10.3850757091381,-16.1164390926354,-17.2490756577077,-17.0453900103724,-16.8742534705859,-16.1495467406208,-15.3060627091045,-15.0430197701163,-14.9189148097216
-2.97013972231286,-5.51957978923377,-10.2895724935137,-11.8712860512206,-11.6506924746039,-11.3887454113952,-10.2704044357814,-9.27332897999624,-9.1097371924941,-9.02139369123971
-8.44995446932845,-12.213955110177,-19.75800897302,-21.0805507486848,-20.8586067422385,-20.6501791945051,-19.7494873661472,-18.8785379776565,-18.6585809987702,-18.4768556221107
-7.73243967037274,-13.9845202249489,-16.1487000413567,-17.270359699699,-17.1194264012503,-16.901060254655,-16.187112371112,-15.3153398594275,-14.9619727772563,-14.6679599004557
-7.4622922455237,-12.8272905256275,-13.3501830193296,-15.2356460640054,-14.9395177048345,-14.5668627860627,-13.2324230469275,-12.3543456829152,-12.1302537157561,-11.8732785925027
-5.71489222861938,-8.33954419461464,-12.3797451037833,-13.9215346271593,-13.701241259947,-13.4789683222537,-12.6556357455515,-10.7055945907551,-10.0418160406023,-9.80017805380359
-8.50752362724462,-13.4761208454941,-8.69221502235287,-10.3453931867288,-10.1339994925064,-9.8449577186822,-8.60279320477113,-7.73539845153223,-7.56745249693584,-7.40945016324297
-6.68727918405404,-7.59159928695245,-9.91443167827598,-11.5361897955262,-11.2194697697376,-10.7897386980004,-9.86044863629153,-9.11281431297206,-8.92905817192573,-8.72080795850988
-1.93792974234642,-4.09843515977014,-5.29256573088996,-6.29435844606797,-6.1565469764661,-5.97044777423758,-5.35985337291348,-4.45026531439195,-4.17438245186047,-4.02245392423325
-5.11236546674343,-4.92318752114915,-12.0201463006042,-13.5439928046145,-13.3826533953752,-13.1535595166108,-12.0322235268929,-10.8561334551692,-10.4993662538874,-10.2113164071572
-5.83332509957407,-6.49968188690074,-10.6675755558486,-12.1648436368717,-11.9365333202662,-11.7033692954733,-10.6562076181613,-9.59736977286159,-9.39751820219344,-9.23039172258994
-5.64284990746408,-6.93895316562641,-7.03404503623673,-8.3192919873683,-8.15768025927716,-7.89198855080618,-7.03346344936246,-6.26439697357763,-6.01585285940902,-5.80083597795451
-5.02622474894219,-6.12401482227842,-8.31056478305201,-9.24781918630618,-9.07962305118367,-8.94188860619756,-8.31612685222264,-7.66255738248821,-7.51222915451157,-7.33901321887471
-1.42385962142502,-2.8235752060379,-9.10300782340393,-10.48816232872,-10.2320137535025,-9.98590900770795,-9.12256919666299,-8.1783720822403,-7.91394783018092,-7.69998038534323
-9.20403288417738,-14.8983298078428,-17.8487435678804,-20.6479827167498,-20.2776040175119,-19.886987812753,-17.9088853383787,-15.7934112919631,-15.481209695988,-15.2283078971206
-5.54713706749933,-7.67305693038421,-18.5208219133787,-20.0559789787808,-19.8837681533359,-19.678243855504,-18.5612042726616,-17.3567251606336,-17.1255681674482,-16.9340834633266
-6.30444427825462,-8.53249919084032,-10.5126589670383,-12.190931268864,-11.9150565689719,-11.6319801238486,-10.4640447084821,-9.46818497425481,-9.22510189274366,-9.06748372804301
-5.68665439079538,-4.74226640277397,-6.52634193014398,-7.53838072608804,-7.36393140821667,-7.19167486921275,-6.52073022014433,-5.89256262816801,-5.74529709041141,-5.60844211810914
-2.16936163019496,-5.17887912042892,-7.54679723975715,-8.4992264581695,-8.36956687851082,-8.2170330236515,-7.54866869935047,-6.8567063266201,-6.67806428237459,-6.49628285536335
-4.32099906659659,-5.29799504038395,-11.3830400192196,-12.7552683816557,-12.5480016333628,-12.3073662390298,-11.3375466115946,-10.5622560709383,-10.3139380904895,-10.1196463347981
-10.3030714790222,-20.0349944137849,-20.892954598561,-22.9096776345531,-22.687892520414,-22.4123178170371,-20.7266118088934,-19.5851068122456,-19.314210057691,-19.1138358582858
-4.6105027882206,-6.58562818714181,-9.35352483603403,-10.1491784027348,-10.0306368789434,-9.90381334764097,-9.36282441522735,-8.78836490914892,-8.64892165243849,-8.52094373885159
-4.77388475686475,-6.34328186923208,-10.3288004643645,-11.8365768272579,-11.6317388547514,-11.4406591346573,-10.5187384485865,-9.00320937283634,-8.73810814951503,-8.57529356634105
-8.2321528249077,-12.3894332185681,-15.3223887982979,-16.997627606325,-16.6200401457841,-16.2192639051427,-15.2592550615048,-14.5148894875369,-14.3184461268062,-14.1914017722941
-4.63110773674286,-5.43443846599999,-7.99365895641535,-9.11373450063316,-8.96749770871268,-8.74838565210535,-8.01902074669908,-7.22422246253132,-6.91546079264686,-6.62737229341084
-8.53568943370015,-12.5860842429154,-18.727671804711,-20.0863494293529,-19.9018264511208,-19.6173339418134,-18.6986682664478,-17.8900532716392,-17.6699868836376,-17.5230615803756
-7.70074470861117,-9.5255770839695,-15.2725630757016,-16.6650859392518,-16.5078955429166,-16.3507987320258,-15.4399753460876,-13.7840287532487,-13.3417901329911,-13.075264526126
-6.3054750588568,-9.63866767878785,-10.1856015266194,-11.9544669495195,-11.6765837783878,-11.4530767452555,-10.1755850740065,-8.98374452200597,-8.72093712191044,-8.46501904147195
-9.31731062540028,-11.5353261029279,-16.8002890511568,-18.0442403954339,-17.8695972364275,-17.6598287962211,-16.8323709439512,-15.9021983087349,-15.6475467117041,-15.4409311863597
-7.84511253967359,-11.7856919056643,-13.1113951254387,-14.4607377384614,-14.2618588372616,-13.9921112204166,-13.1563776815412,-12.0832697335421,-11.8166222392075,-11.5559719475565
-6.39170731323973,-9.77600692037782,-13.6226472578894,-14.7264831587505,-14.56969880157,-14.3530684484497,-13.6438737416715,-12.8650485265427,-12.6412146342879,-12.4370815150676
-8.26577881096219,-12.2898802567732,-16.8365738172601,-18.0638790378551,-17.8910935941044,-17.6885467119316,-16.8327550383441,-15.9949218467208,-15.7716779617092,-15.6115362097866
-7.12861111462426,-12.039146004782,-18.204685104203,-19.8942602548778,-19.668446393685,-19.4073855531365,-18.3365870001574,-16.7950281189607,-16.4656993060034,-16.1999749615625
-4.21685706179995,-6.56368801381518,-7.25408592691685,-8.22925282056827,-8.114638659637,-7.93392703363812,-7.28314783061984,-6.53624796165288,-6.30087313414361,-6.1187142966399
-4.04071444659465,-5.48258533705098,-12.4232133805352,-13.8511480918089,-13.6860195994288,-13.4609846165036,-12.3994661368923,-11.427581450438,-11.275646627997,-11.1279243462226
-5.46972839727059,-8.13592681798237,-19.1198692803286,-20.8192699732911,-20.5998475586673,-20.3538455409526,-19.2073568413316,-17.7297595029308,-17.524701850704,-17.3499570572962
-8.39107288747468,-12.3701780928868,-9.73536689605319,-11.2044374406935,-10.9731026172821,-10.7723762024691,-9.77065781725031,-8.63201923836188,-8.406974061025,-8.22228719625772
-4.54195187390713,-7.48044827361997,-13.314386827309,-15.1387358677122,-14.8789848781298,-14.5117290573777,-13.1593888153883,-12.4366395908799,-12.2362600608229,-12.0855007800049
-4.26678353040015,-4.50417814721822,-7.96294279378438,-9.06896186846018,-8.90808013176666,-8.68693440553393,-7.88787952198342,-7.36871207102766,-7.2370510095226,-7.11462740131824
-8.43822817591121,-15.3138059339216,-16.8883120698081,-18.3784621951823,-18.1162214469597,-17.8890663532609,-16.879165560158,-15.9398269374063,-15.6932423070229,-15.5166398131375
-6.74752068467689,-8.71528414354475,-9.07390695482891,-10.2120028386581,-10.0344930114619,-9.83777356042586,-9.11492596544906,-8.19907935439559,-8.00212687817975,-7.81924488434265
-5.0541768549984,-7.6964363299078,-9.2940235586229,-10.4540912572348,-10.2226184992378,-9.97239879575489,-9.26637715862943,-8.57444050832954,-8.41769185500744,-8.28134483303142
-6.91716220745188,-9.97891041689448,-10.9216796069001,-12.5632668465263,-12.3640523763542,-12.0951282334933,-11.0083258171967,-9.63873230725814,-9.34992037527579,-9.0929878407597
-5.41484339371904,-7.49869616261626,-12.8289750313833,-14.3352374708061,-14.139878963429,-13.8645366641908,-12.8418296939923,-11.7221890612975,-11.4727380526482,-11.2247566627564
-5.42147251402282,-8.24557535350995,-10.7618417114216,-11.752904393031,-11.5884519027661,-11.4090542901424,-10.7786841822426,-10.0556143665533,-9.86607882336221,-9.76539885031901
-7.51358821934791,-15.6280677223522,-18.4618760356022,-21.2185905983244,-20.9590973041039,-20.5654666414513,-18.4811031505036,-16.0850131833863,-15.6510655992319,-15.3091660447231
-4.49646143888127,-5.37231129715915,-8.16708714847538,-9.14822030774351,-8.98431651296078,-8.79091851205187,-8.16552607161196,-7.55150237488705,-7.36151946482666,-7.23408939244563
-7.78625040526112,-12.1342851696367,-15.8540738747093,-17.1007310929566,-16.8774855915534,-16.5589404403857,-15.8233876425643,-15.136054985661,-14.9742397010627,-14.7951813771307
-5.35496193528057,-5.02665011335268,-8.60817174984892,-9.68584870698433,-9.50703173970894,-9.34685803562484,-8.57858271150398,-7.93032562196521,-7.7569944770957,-7.6047334755535
-7.29379806089725,-13.7012762441428,-15.1349013567075,-16.656835326757,-16.3725636204342,-16.1553899383785,-15.2249367234221,-13.9743060640581,-13.6444211728207,-13.4004386271238
-10.4736669327185,-13.2086720202571,-16.80683820851,-18.1677535502606,-17.954284184646,-17.7404844388798,-16.8721916525356,-15.7010490816393,-15.42303066612,-15.2185726885644
-3.55763963248423,-6.14501132240229,-4.91615670060106,-6.73769732995617,-6.54454891248038,-6.30597963977604,-4.98849853182209,-3.48722959424712,-3.31107778266895,-3.18056894670446
-6.0844366089708,-10.0209462930382,-14.7198529449773,-15.8913445098609,-15.7475111297164,-15.5494479093604,-14.8666610456082,-13.5173750465573,-13.140978611062,-12.7349580480094
-5.6027327399593,-6.41256463598594,-12.6495083402993,-13.8818882767019,-13.7084180799893,-13.4592487170877,-12.6860000323663,-11.7633021397235,-11.5235704132431,-11.34156542855
-6.3589907965858,-8.69492392385999,-11.7010400612154,-13.2121236077287,-13.0294132389192,-12.7687842478952,-11.5680692101094,-10.7928487912389,-10.6181414571297,-10.4452609614651
-7.90236826361418,-10.9121586316815,-16.3691755618904,-17.9363223951748,-17.7734553803825,-17.5165363697174,-16.3140344439079,-15.2536086127153,-15.0066522207426,-14.8345625392776
-6.62144941088888,-9.51454139480795,-15.8189386736652,-17.2277129125508,-17.0375783849145,-16.8084828231254,-15.8462522115692,-14.739847364675,-14.4600331413173,-14.1911555378302
-7.74420696357732,-11.8080128591795,-17.6640924536858,-19.1327478814342,-18.9332267494418,-18.6990813477316,-17.7947223165211,-16.4130905065208,-16.082858814174,-15.7380122027338
-3.6569355743707,-4.57053326923546,-8.92886879706064,-10.3414272988483,-10.145121734047,-9.9164895474763,-8.95990888383005,-7.84692116034611,-7.57942423697824,-7.387324464394
-7.87672282243319,-13.4898451429793,-11.0477022503839,-12.8844680204882,-12.5216993442152,-12.0481374459772,-10.9554941958361,-10.1794547517049,-9.94433974512281,-9.72961268998257
-8.74438037473964,-14.7842164688199,-16.2956923563856,-17.7409595319924,-17.5044989914906,-17.2074375295074,-16.2623548376489,-15.408735444745,-15.2385374420313,-14.9875305074263
-5.5621434445608,-7.40767272471713,-7.65890900668651,-9.13625981950017,-8.9329107247431,-8.707322623743,-7.7680662389563,-6.43128210108581,-6.06297959678575,-5.86716274306491
-3.64299273792666,-3.15624779870681,-8.24797443983844,-9.2243547886504,-9.08525036882696,-8.89425374657363,-8.26277353395566,-7.57282119664801,-7.43323767754824,-7.32540167695655
-6.57167733750053,-9.88237599428484,-6.82576344309347,-7.86260710939537,-7.67599997143321,-7.50382084268356,-6.79281577679602,-6.20365230991759,-6.04273375643556,-5.89758501313391
-9.31866212427854,-14.0775226478866,-14.7469589938799,-15.8383307495322,-15.6819755189348,-15.4696425809887,-14.7393421154545,-14.0236344724464,-13.835985807651,-13.704546641965
-5.66409806066459,-6.98245123679564,-14.1696799566858,-15.3905452228865,-15.1638550420939,-14.8768177590463,-14.1328324252934,-13.4922020573264,-13.3200963713817,-13.2038821264133
-4.55069733948383,-7.77188731662296,-15.3232803133104,-16.7407562528732,-16.4814562905512,-16.2125090442501,-15.3660042449242,-14.3589939653753,-13.9647967896336,-13.6256790429658
-8.18747272105092,-11.4196553391669,-15.9095440125296,-17.5032163178097,-17.3064509492968,-17.0107752224979,-16.0192606849562,-14.595478638638,-14.2621470951301,-14.0655664268464
-6.9354568104514,-10.0400786186206,-8.95286684917214,-10.8280002611758,-10.6143032781438,-10.2371877153392,-8.93206564886103,-7.7399825149294,-7.44192638113187,-7.22613056493674
-6.05985497204083,-8.62798911681131,-14.7273127269571,-15.7792843834185,-15.6245004038948,-15.4505540216274,-14.753735058913,-13.9935730191684,-13.8018181759585,-13.6107694606699
-6.17710596245481,-7.13519642151095,-12.8232552079939,-14.9960118593483,-14.6682444782302,-14.312277191586,-12.7138907000864,-11.5595316431806,-11.3430378499984,-11.1886395403354
-6.97908785089555,-11.2157702085139,-15.1993139579769,-16.8707532347819,-16.7132857819475,-16.5079838343878,-15.5378772534198,-13.6137584749664,-13.2971101838397,-12.9131854190996
-11.1167169311431,-18.18015207349,-22.1940123966613,-24.1620258080118,-23.7552743268003,-23.3053850599437,-22.2182636332834,-21.0889652124314,-20.7772700552431,-20.4765953567742
-7.79357035740682,-12.6677962467988,-16.0510037989457,-17.5684167853856,-17.2977672398343,-17.0383978431206,-16.0756138416596,-14.9391047282945,-14.6667239220756,-14.4475472966207
-4.11895969989884,-6.1589868959704,-9.4844813724739,-10.8052103343867,-10.5970509454867,-10.3980950093667,-9.49933493339244,-8.58390438287028,-8.28798819009517,-8.00254064464449
-6.41655039193773,-10.3621565526009,-14.0463943176334,-15.2977822906416,-15.1334987976234,-14.9109404734816,-14.0879638880922,-13.1348087127411,-12.722174708188,-12.4375234463288
-6.62577968549144,-8.88924841694694,-12.5016531262304,-14.1118432232162,-13.9281978145408,-13.6616565135036,-12.4729676623636,-11.403206696966,-11.0902188226651,-10.7582125692166
-3.43109959662481,-2.7630304811291,-5.35879415997301,-6.05235914772753,-5.92849622339246,-5.83451446833834,-5.37120545966854,-4.87559436888762,-4.66523904815935,-4.53431382639934
-3.47533320681049,-3.82656831257397,-12.9356612092545,-15.5037583080114,-15.2555394980541,-14.9662442886261,-12.5851049762636,-11.5653232235373,-11.3254831038212,-11.1943164094138
-1.99405661531344,-3.86364945117169,-5.00949482949183,-5.9799813565138,-5.7822345724479,-5.63784556590584,-4.99864138934274,-4.42107107810585,-4.28990741628906,-4.17696698144672
-7.74491370586022,-8.82401000363958,-16.285421710512,-18.2817219680026,-18.0037897666754,-17.6696306074721,-16.2265645050364,-14.9512770794385,-14.730588705279,-14.609017266168
-4.64149588204691,-5.98373468995127,-7.65842002618328,-8.83128665137254,-8.67247931465637,-8.52528974179602,-7.68891256316679,-6.73895485714503,-6.53267295964304,-6.25292245084951
-5.06807759957053,-8.38978614021473,-8.14402691077686,-9.52084901056693,-9.37487080925681,-9.1638945525065,-8.17117310951955,-7.09617244816538,-6.86730648520278,-6.70322877783121
-7.54855134121971,-12.5325852118025,-13.4015738859813,-14.5754564836212,-14.4266807589074,-14.221982828326,-13.4414486570851,-12.5618445005348,-12.3315914066221,-12.1375402087536
-3.13608460579618,-4.54297529198623,-6.97474438040664,-8.38948064620521,-8.10389778426892,-7.90266237396911,-6.96081129319037,-6.0703480614935,-5.86981643490111,-5.67325274716553
-4.65808811459941,-4.41289640688078,-9.42706531065534,-10.8591846264884,-10.6888113559505,-10.4512689697053,-9.69169171967063,-7.8239679862113,-7.37302273738119,-6.99671229185525
-7.72314252507566,-9.56861059837775,-10.6570829237771,-11.9073480456091,-11.7153695570033,-11.5139704780616,-10.736223709251,-9.67397510902162,-9.40879017365143,-9.11716215743359
-5.21794093396741,-6.34823618576952,-15.4737478883922,-17.5343017928051,-17.2897493012564,-17.0375336353979,-15.9303318451364,-13.4668872651001,-13.2005560689867,-13.0144565325705
-4.22722330297925,-4.97564293179714,-10.8747382892222,-11.8203265805878,-11.6932265483057,-11.5304264081672,-10.9058979052908,-10.1714571802027,-9.90697161434793,-9.74309488659691
-9.00605664368293,-15.7825463146563,-23.1728290249235,-24.5526589309728,-24.3634094982988,-24.1722513253083,-23.275719832676,-22.0550755390764,-21.7009266767081,-21.376088725021
-9.19433282687904,-11.7258327750844,-17.0480081242879,-19.1756594972678,-18.8505783430976,-18.5901407563952,-16.9190223503077,-15.8274196848633,-15.4459580798625,-15.1460991689414
-3.82689774093535,-5.97543566248578,-12.8197206641155,-14.3064203089329,-14.1012920637939,-13.7920344841338,-12.804167070085,-11.8422941865433,-11.5785217424663,-11.3715922339946
-6.38433790965097,-5.67435219127743,-8.01591766883426,-9.139953965607,-9.02798830070503,-8.81024619232734,-8.03478367719655,-7.23910371533263,-7.03980262122842,-6.87466423787683
-5.19992184386202,-7.74108089306072,-6.07851273183741,-7.33170251347179,-7.15710147755104,-6.94164246061057,-6.05179778326902,-5.23345829392592,-5.08736806409778,-4.89888050519046
-5.04704447278772,-7.32406380336175,-9.15632329131174,-10.402317516592,-10.2313166058859,-10.0685051336805,-9.30880859752483,-7.85131991913289,-7.59622428207792,-7.42486424708083
-3.95362263900773,-5.29481615696592,-9.24447526385909,-10.6128427209385,-10.4475373144971,-10.2666727842025,-9.37445108067314,-8.06995683200161,-7.89899075996885,-7.72518595498066
-2.47486054283521,-4.08512282283061,-7.39793493555063,-9.077051632907,-8.87171777912649,-8.60231914371686,-7.34100958852806,-6.33202340762289,-6.10406968528765,-5.92451051228698
-7.9612327225104,-14.7499046851986,-20.891996592227,-23.0112568987658,-22.8015011646581,-22.5796397934878,-21.0551150683474,-19.0333679558264,-18.7772280220962,-18.5370081140576
-4.00731869127995,-6.3026817686874,-7.72930007660676,-8.96061308124773,-8.81012057033168,-8.63394479101053,-7.72146148718995,-6.88050021566159,-6.67426337222143,-6.47977304699384
-4.3276597471594,-5.06063317030835,-7.51402676582068,-8.56450971054982,-8.41408654572604,-8.20605144051011,-7.50630794257969,-6.82758744728391,-6.69759407257147,-6.55241056301399
-8.97112827870873,-13.3528913021782,-14.4635944095049,-16.1565715120762,-15.8846675602726,-15.4920494526664,-14.4039488721473,-13.5311475166335,-13.3154730975368,-13.1631608976944
-5.78290770321232,-4.81628459451889,-7.44146143084181,-8.39352607194666,-8.29497309356273,-8.09928932981166,-7.39674770364053,-6.84793188094847,-6.7086940912663,-6.58997729631889
-6.21257303310218,-9.30170288430923,-11.3305827055357,-12.5262617495268,-12.369513459897,-12.1623847727159,-11.3632321684699,-10.4473326980698,-10.0806499212415,-9.89143879507402
-7.17514664080849,-8.83456684437651,-11.6243874523706,-12.8218760592496,-12.608400520888,-12.3080472375199,-11.596542974448,-10.9546191526786,-10.7977819385042,-10.5869579902357
-5.86782352511934,-9.42741254649356,-7.9387102684838,-9.65574425189045,-9.46271070693106,-9.19285916859464,-7.8404373608254,-6.73665179267436,-6.51237098844675,-6.28942622332085
-7.42371743131948,-8.1077138119737,-22.8327822074477,-24.1295504906496,-24.0130889372214,-23.7657818526395,-22.8285406027053,-21.9357128929458,-21.7697877822814,-21.5885634810192
-4.02456830425565,-7.40815134627603,-6.78476148763089,-8.32167557671159,-8.1057422105111,-7.88360467956098,-6.79493592466455,-5.73325021112339,-5.49008257932886,-5.33437429178172
-5.1704454256101,-7.36864460887706,-14.9187955637513,-16.7248738171908,-16.5492177664132,-16.2893175679383,-15.0921181939052,-13.2853521652794,-13.0000932698376,-12.7558344780194
-5.75713336871992,-9.88584145089014,-13.8122929624851,-14.9341418886578,-14.7712501360186,-14.5274441936181,-13.8318022956412,-13.0480629524517,-12.8159500943603,-12.6321722470521
-5.43372809785657,-9.14931621266858,-15.9093708155018,-18.3221054602559,-18.1417549935971,-17.8515027192535,-16.3124626343725,-13.3982648472302,-13.0183085745964,-12.7511515846607
-6.05774977975473,-7.33362850995718,-15.5167371745461,-17.0821213402368,-16.9023791563665,-16.5339488755071,-15.5055471768389,-14.5293954943074,-14.2652484216083,-14.0728164779726
-8.36883205646012,-12.0028079241989,-12.6917074034573,-15.2619846193805,-15.056344286339,-14.6746502681709,-12.4776618238573,-11.530354247293,-11.2527582829981,-11.0280070405005
-6.15906724872945,-7.96761143288665,-7.01568771994091,-8.05055879766976,-7.91178682348963,-7.67058039557019,-7.01081951501778,-6.37889632875297,-6.21981675617482,-6.03754843997099
-9.31358721594391,-13.588986185915,-18.9332564630284,-20.5370169215765,-20.3448960001292,-20.1390239188298,-19.2142457878144,-16.9580258785764,-16.2367635688196,-15.8271062562577
-5.54799862147019,-5.01549038842617,-8.8756622663685,-11.0580044164621,-10.8926707511171,-10.5453847743882,-8.8493424067349,-7.35971740032879,-7.16025486026295,-7.04568833535904
-2.96805923567601,-4.27686579455105,-6.29164273876055,-7.28079249848414,-7.11766942937788,-6.96082564250349,-6.27993158922704,-5.63576456017173,-5.44884507217481,-5.32927851218307
-8.74431906712436,-13.9847695192549,-13.9602087285134,-14.9854831024262,-14.8387534793114,-14.6717103372299,-13.9671046269606,-13.2471237538224,-13.0257750264182,-12.8858338098538
-7.29468137657217,-8.97274649899537,-10.0847229933508,-11.2230317862574,-11.0348625053041,-10.7989726414785,-10.0878225630512,-9.36038561415904,-9.18892581975912,-9.02654267520164
-5.13583451692159,-7.50901388972388,-9.39091751066146,-10.7457461350216,-10.5202172267513,-10.28679271545,-9.36759835159064,-8.44075392024774,-8.21805388638933,-8.04964091870648
-9.00676751373427,-12.7060311098058,-14.3181183789018,-15.9667174794671,-15.691599966872,-15.3179633071467,-14.2849160564465,-13.3891016014814,-13.0818777502763,-12.8648530123234
-7.43174251171832,-11.6085667684261,-10.9405000168839,-12.1274323076181,-11.9174899507575,-11.6797200326802,-10.8983316528443,-10.2844864294518,-10.1150827180515,-9.9868920615904
-5.720178639138,-7.31582581243783,-13.6784770217122,-15.4919636624993,-15.2621037407879,-14.9059003190333,-13.7551212402169,-12.3231732999148,-11.9167769548889,-11.6603815535104
-7.07779828945143,-9.65985979534655,-14.4480736028573,-15.9028578530927,-15.7124264448739,-15.4758305977527,-14.4905233127705,-13.3460324602647,-13.0256834241529,-12.784304876092
-9.9302685661287,-16.8564217513352,-18.3629090566339,-19.8242547297798,-19.5858524264469,-19.312597551553,-18.3419168240245,-17.4247125941438,-17.1483551635482,-16.9997413691
-7.97046108070226,-12.4350191105071,-12.1616442602426,-13.393571553728,-13.1810995569068,-12.9638053989748,-12.1662274487004,-11.2956092614576,-11.0296138190897,-10.8351297134579
-4.2308707812786,-4.98035563567895,-6.70783894020054,-8.01151946292142,-7.81289276479968,-7.6047406873846,-6.67264574213407,-5.84810530183183,-5.61956784686022,-5.52276505767232
-5.83894233786927,-9.26171784441867,-18.3621293851091,-19.8515213073484,-19.6728338516153,-19.4618746868896,-18.4955997531169,-17.1072162134724,-16.7437279709949,-16.5081000366145
-7.10414693337584,-10.0949088794786,-18.8990569003159,-20.1531508309028,-19.9950016938456,-19.7581313871815,-18.8759205043979,-18.0861553540124,-17.8799313090865,-17.6992863759877
-5.21623263220457,-6.94071789779716,-10.5676874158327,-11.5733585841945,-11.4297062957573,-11.2688143886235,-10.5793425269058,-9.81764991951683,-9.61443526326532,-9.4481338651682
-8.6430421561721,-14.002874119947,-18.4640275745424,-19.693817992193,-19.5154011575663,-19.3134226462231,-18.4800889233372,-17.5666893861029,-17.3730154224865,-17.1771028485609
-5.52623381616498,-6.8806422882005,-9.90535352398103,-11.1779259463672,-10.9191167048852,-10.6661893082698,-9.87094291374587,-9.2033817714645,-9.06968507156426,-8.86386735514531
-8.13338288050531,-13.0790427096243,-11.832447153892,-13.4743345862096,-13.2586887651953,-12.9309612281171,-11.903848218554,-10.6737864104952,-10.383817729382,-10.176084972307
-9.95472981345221,-15.3693921080599,-19.0840420074296,-21.1620431678613,-20.8625292528441,-20.5707922528773,-19.0421503816562,-17.5381666837955,-17.2554229804992,-16.9009017426684
-7.34796273199951,-12.5290363334762,-16.0742621385671,-17.333207725168,-17.1330626131059,-16.9690335710219,-16.1307483537044,-15.0719181259295,-14.8320309637815,-14.5249398741507
-7.73771675806174,-11.9763537948451,-16.526591531621,-19.0550116791463,-18.7299958974666,-18.4349545860661,-16.6467627668617,-14.2744551734227,-13.7470437004629,-13.4187116958555
-9.14443124096163,-12.7691578874656,-12.2732828265887,-13.7119389860926,-13.5124212916942,-13.236251020377,-12.2185985264852,-11.3965575219003,-11.1916502215726,-11.051179548591
-9.21341628613295,-14.8749052135354,-17.7423677829102,-19.2018622582889,-18.9386597420349,-18.6946067624093,-17.7989344317526,-16.656553591518,-16.4537013818533,-16.2514737995025
-7.51043122117507,-12.12931913111,-15.5264845279243,-17.2461405444431,-17.0778935777564,-16.7966364548687,-15.5557157777933,-14.1714707155689,-13.8900676550642,-13.6703840100346
-9.8067398205535,-15.9631142607014,-19.1090419899668,-20.8968438056333,-20.7407638226814,-20.4316711779409,-19.1627088945515,-17.7067276608739,-17.2929018586556,-17.0580157594525
-2.28558274186106,-3.8232991400878,-11.9125341601596,-13.3471948071825,-13.130047459595,-12.8725340311572,-11.8399489180546,-11.0423660825599,-10.8507453573272,-10.6407110478564
-10.5342658792564,-16.2256245029116,-19.4847150245908,-20.5915897716499,-20.4318326218252,-20.1963710781225,-19.4915393565951,-18.7889332396956,-18.5919947235272,-18.434919890453
-9.91080825594607,-14.2592583854352,-16.5638015063542,-17.8762108981819,-17.7190337091248,-17.4195883963687,-16.5669770240254,-15.6131000983195,-15.429320803682,-15.2854925377113
-4.15991085801827,-5.12344476676696,-10.9914631279412,-12.2345979277535,-12.0723245338931,-11.8334462686585,-11.0230387831403,-10.138490509873,-9.93958692408896,-9.69110434658494
-3.87959623099658,-3.80784900972833,-12.9686021616982,-13.9256466194236,-13.760590269702,-13.596405768626,-12.9557418418304,-12.3547125348941,-12.1970718947567,-12.1092369317056
-6.76282320497295,-6.78606417864748,-10.1793646730947,-11.6535942847559,-11.4321060613462,-11.1213485116706,-10.1825960976988,-9.1855928756305,-9.02123577599868,-8.87094136212537
-4.89885169850843,-7.99688952837965,-12.501117659647,-13.8028997750943,-13.6023116163529,-13.356751654904,-12.4623069701144,-11.6639818323847,-11.449273162209,-11.2892887494695
-10.4102526183164,-16.970451860787,-22.2702495232325,-24.0760001733908,-23.8477915923742,-23.5115889185601,-22.1629335021134,-21.221362465858,-20.9795144540877,-20.747017181454
-7.25845167681928,-12.3986060653736,-14.1183538037192,-15.7528126999563,-15.4457738054937,-15.208543765275,-14.2741794972348,-12.6841046755481,-12.1670019435916,-11.7348916519774
-9.63705916535149,-17.3962118650967,-25.2184070079528,-27.3128698679594,-27.0817707851854,-26.770108367578,-25.4152720377718,-23.2720414820807,-22.7226024263451,-22.419248493486
-3.86278139985037,-4.94344316105133,-8.1692019717012,-9.18776138859838,-9.05026680493046,-8.90152871867016,-8.18529640657214,-7.4268746757614,-7.25536406841467,-7.11316292741632
-5.72059069575645,-8.37537149223624,-11.9766940424644,-14.3703889188658,-14.1201598343074,-13.8067207895668,-12.2046379319783,-9.81871016860453,-9.49898976325009,-9.35020213987807
-4.88249829730969,-7.02794160241241,-14.8970795911555,-16.9789341861988,-16.6342992886825,-16.2637339168448,-14.9122411606481,-13.5260298457673,-13.2215263807515,-12.9803922938418
-1.20867388155766,-3.53627787543302,-6.3185261842961,-7.49058199202353,-7.36050000344571,-7.14927415651859,-6.29602529144623,-5.50434517042435,-5.31533367143391,-5.18584371895737
-4.3322576729124,-4.86019830559671,-9.00680279030015,-10.1188987998765,-9.89868052395421,-9.67833273873205,-8.9709664254788,-8.37962058150459,-8.19589774140571,-8.08438128027846
-5.26751545329356,-6.53343594707301,-9.883387043644,-10.8048064148208,-10.6533048776257,-10.5231719682868,-9.89298709336366,-9.2314241787298,-9.05009316455098,-8.88935378091115
-6.52275523859924,-11.3497451623449,-13.2456244419185,-14.4413134110306,-14.2678201711199,-14.0633088200092,-13.2717728008776,-12.3368788131038,-12.1151193234023,-11.8948437026891
-2.47366865273031,-2.22609401344627,-8.76837167888277,-9.81017370416273,-9.67595129169595,-9.481811591776,-8.78798669164876,-8.00382438780009,-7.82785517239923,-7.61948505233216
-8.48781232165485,-11.9542034955669,-19.4567314632104,-21.2363385967869,-21.0369929264262,-20.7493125842363,-19.716149019888,-17.6099264056547,-17.0730578400533,-16.8726197021735
-6.64247371957013,-6.13069779673781,-15.0280436592612,-16.3638618965324,-16.1366653721253,-15.9704908227203,-15.1517154284808,-13.8391041496046,-13.5610233303421,-13.3454424757124
-8.66980575978652,-11.6622839187062,-14.4002356870061,-15.8299112690273,-15.6115609061989,-15.3782790523202,-14.3788829742303,-13.4474174129238,-13.2292765937142,-13.0989675631469
-3.46368048571257,-5.56149405266785,-9.38284709250782,-10.5695385746088,-10.3779297929217,-10.162386861142,-9.32526008549925,-8.6805934950742,-8.48226721462696,-8.36504474984764
-9.47869789434463,-14.4047148301914,-16.7144358832121,-18.2604983079573,-18.0078396662931,-17.7570111752536,-16.6808128345807,-15.7151055160668,-15.4550152787237,-15.2892142808594
-7.85850277034382,-11.5763997424422,-16.0416866810954,-17.6476214250535,-17.4477399988479,-17.2288557099274,-16.3954897955046,-14.2078604019838,-13.8876741533528,-13.7127716873745
-5.13380416120944,-7.91106101712781,-9.80520510277191,-11.2342970962306,-11.0454459570915,-10.6906948477658,-9.73824615533277,-9.02785323150677,-8.8388198220983,-8.71824804969607
-8.43654092018302,-13.6805161559098,-16.234691292946,-17.2133942331236,-17.0344394550826,-16.8615008822414,-16.2243674130707,-15.6001443078311,-15.4706463608049,-15.3050021579898
-4.45479895939935,-6.3995810449462,-12.505165743927,-13.9600882630095,-13.7644399400674,-13.4909761346266,-12.5551714405625,-11.4115123547151,-11.04932093526,-10.7491369045422
-9.99324709816565,-17.7322416340811,-14.4026841209688,-15.9184416310063,-15.7101363592648,-15.4204393272447,-14.4171069700221,-13.3153786934485,-13.0385533062842,-12.7655593625624
-3.95210968395247,-7.67541524688667,-8.57254664064282,-9.72220071329208,-9.57654223952007,-9.35342743168878,-8.57095522730311,-7.75213465842847,-7.48999287133913,-7.28134672338528
-5.49239889139039,-7.01972184021962,-9.20119710002892,-10.6542501751292,-10.5032958597007,-10.2625433096224,-9.22453496862386,-8.14041020019082,-7.90219772548483,-7.73835855842578
-8.05355201256825,-12.8778732619798,-18.7628381199167,-20.4492730653804,-20.1901124608184,-19.8964810403198,-18.6725019421046,-17.7811898131634,-17.536250143776,-17.3465590221521
-5.61353096194605,-8.5904348150093,-7.95263846578588,-8.93276563113789,-8.8097390086118,-8.60576553925344,-7.97084493509569,-7.25284876701143,-7.07840988500495,-6.90859713746417
-3.44942890314524,-5.33618138105957,-6.0390981268935,-7.53676950936164,-7.29195299622024,-7.01990351901403,-6.01303943569822,-5.11459653012442,-4.87016957869003,-4.73707727523393
-8.18124451417788,-13.8059548241723,-17.9341388269658,-19.3579791024902,-19.1929771726093,-18.9587751138311,-17.971593680555,-16.8807385280105,-16.6313323025285,-16.4375126096596
-3.92323526732862,-7.04619213797233,-10.6734027173861,-11.9523760895934,-11.7659365530276,-11.540743415767,-10.6529001146471,-9.8598755613892,-9.66999220314693,-9.42372735460529
-8.61243826691469,-13.3113527630237,-9.77386123177273,-11.2430867449154,-10.9595600047832,-10.708401079183,-9.76227331995312,-8.89915544639022,-8.65129388549357,-8.46073074040525
-11.0331460927895,-16.426347957305,-16.740461680613,-17.986109195573,-17.8402525142815,-17.6117586138736,-16.738143358368,-15.8583319300345,-15.6072799228197,-15.3995220132049
-7.12428160744604,-10.1414019813016,-13.4287418212519,-15.1861484474889,-15.0478077018655,-14.7738967308222,-13.7063866570447,-11.4427346272074,-11.1594236996104,-10.9201774742149
-6.14998479509446,-7.92813057174287,-19.5678941515705,-20.7832001755284,-20.6615031621063,-20.4314215620051,-19.6233780100498,-18.6391285458834,-18.3618220588003,-18.1508342610857
-5.42675895359862,-4.39146521693633,-10.2800159358622,-11.7728030777655,-11.6258606564071,-11.420034222941,-10.5198305028073,-8.88143699608922,-8.61362722927296,-8.44132791129264
-5.44338582815224,-5.4839342203211,-13.5408173520221,-14.9117046792697,-14.7624540763083,-14.5666989190927,-13.714561066758,-12.2138167175825,-11.6427599301492,-11.4305771168735
-4.65255082921007,-6.00512881866193,-11.1571547091558,-12.1504280709951,-11.9861527108732,-11.791044761606,-11.1438559926315,-10.5266852328923,-10.3758533736598,-10.2871031867162
-6.43688413720311,-8.17791820844739,-14.1468118334659,-15.4697158831757,-15.2491347466085,-14.9806316958416,-14.126818115384,-13.3023873052635,-13.0915392446507,-12.9079204362053
-8.85778628467767,-11.6537770049286,-15.0615209369326,-16.360056857458,-16.1401467909942,-15.885656840231,-15.0689670768074,-14.2408748217761,-14.0427259788861,-13.808615261363
-10.1825460883858,-13.7952870031272,-15.525703319106,-17.2017474001948,-16.9143838091333,-16.6242238856809,-15.43263713095,-14.66638876353,-14.4747303199242,-14.3189364511134
-5.10549141675962,-6.17017327995838,-12.5452154666435,-14.0577047617965,-13.8827767501333,-13.6295994355748,-12.6594444148059,-11.2326273673553,-10.6910122749613,-10.448214364014
-10.7690643551556,-16.9427870508613,-16.9075086700169,-18.1636291935581,-17.9434910647323,-17.7056686096595,-16.8810257442937,-16.1708371414339,-15.9799475659579,-15.8138725782956
-4.25867484879221,-5.00712460383934,-11.7815422662237,-13.6347166236293,-13.3559488342576,-13.1573660746915,-11.9938469635416,-9.92780953341772,-9.56154932263569,-9.27702522919169
-5.7353541064885,-7.3328570644855,-13.9010868587929,-15.2454912200821,-15.0642058362711,-14.8360868825537,-13.8903058345366,-13.0060743730022,-12.7179048475967,-12.5251845614489
-5.95386937631662,-7.69787189916423,-6.67291041009113,-7.79330232312276,-7.60591577262601,-7.43363059490367,-6.66050776014411,-5.92610396496065,-5.80657597867544,-5.59077429645435
-5.84278014099351,-8.05213455965965,-8.14951499760706,-9.56492996415019,-9.32253932414178,-9.08427328191906,-8.16779592998589,-7.19868377063153,-6.94953197846046,-6.7306766746373
-8.69627673031995,-12.2568864381877,-19.0773102486546,-20.2478219600337,-20.1026464528293,-19.9366552974039,-19.1226314355558,-18.1796496001634,-17.8954479045882,-17.7548988296212
-6.73483574833578,-8.8199446831267,-15.6577969050239,-17.7935956164954,-17.6389179247054,-17.4618383180425,-15.9586937841395,-13.6498212762711,-13.3527884219057,-13.1494803987938
-4.57283438189816,-6.38750518036659,-13.3679807038477,-14.630348015072,-14.4481066069413,-14.2246686137936,-13.3528829533509,-12.5307150311601,-12.2820560669816,-12.0449259619439
-4.99845133964058,-6.06082524013715,-12.7268167609433,-13.7915907509224,-13.5742613803587,-13.4217177137219,-12.7523342838463,-11.9907573536326,-11.8251044657171,-11.7132365765922
-6.2696649357846,-8.05563641752034,-17.6469182229008,-18.9532166542736,-18.7052633149871,-18.4614723487074,-17.6075055934068,-16.8406300755814,-16.665654242283,-16.4936903431884
-8.92631070310043,-13.105048348066,-19.1456730860968,-20.3950692002696,-20.2318713267318,-19.9925370367528,-19.1459384418266,-18.3634822401438,-18.1233593373381,-17.9458993032776
-4.996734459409,-8.59904805672885,-9.48526833209768,-10.8582924806315,-10.6406556826543,-10.3291237511093,-9.47808686972787,-8.62558106259319,-8.38052987549747,-8.15667019515177
-3.56881403188049,-6.24114672034524,-11.8393345964771,-12.8168209152871,-12.6568255703231,-12.4938371716132,-11.8457103200891,-11.2094161996898,-10.9706676499221,-10.8024402874973
-8.71723399496326,-10.9341681349442,-13.9605322528968,-15.1117731437139,-14.8861002842357,-14.7011800133612,-13.9514929435214,-13.2462854872709,-13.0438194928272,-12.8715487736239
-2.89092030245114,-6.28132118711999,-10.1143338412521,-11.9435485892165,-11.7449740797832,-11.4967013252695,-10.3154047703595,-8.54823407934339,-8.21435840853959,-7.99214974408436
-3.1055871511183,-5.43086437598868,-6.37343160694435,-7.72115409861643,-7.50531976679782,-7.27957392713002,-6.44378451243018,-5.33468702835834,-4.95478579271012,-4.65891130188349
-7.55607645116393,-10.5029131376597,-14.7444267863318,-16.3130429229266,-16.1159312778894,-15.8792885477984,-14.905956645048,-13.3629730769885,-13.0347672780057,-12.7858559168028
-9.2741771074188,-14.8726537352805,-18.3191540655606,-19.5759751754061,-19.4054488263836,-19.1893193964196,-18.3561891194914,-17.4412491065414,-17.0426702420717,-16.7088310743075
-5.90374454814252,-10.0312607785149,-11.9129584951754,-13.2163066943881,-13.0475273588346,-12.8717933692406,-11.9180851920259,-10.9757048868775,-10.7340346129057,-10.6069945486662
-9.62736534838624,-14.7952011783006,-14.2889421695318,-15.5311533538793,-15.322202016497,-15.0983326019747,-14.2773332342212,-13.4871430330822,-13.2156520604671,-13.0438353371131
-6.50705066596754,-8.79474493539594,-13.8042200642358,-15.4377178458765,-15.2278849068599,-15.0164503695392,-13.8435819862328,-12.5269450711908,-12.2555738869285,-12.0425703041916
-7.48019346755845,-10.9917079494951,-16.3115973204534,-17.9926091758884,-17.8048073042877,-17.6147905742001,-16.4662928948092,-14.8134479581642,-14.4738543600656,-14.2055160406359
-5.8691368050605,-8.79076120244457,-16.7173212071193,-18.7363372797016,-18.5588719241554,-18.3050488813953,-16.6349767381351,-15.1793249561572,-14.9198847336612,-14.7415295162201
-7.09316461534563,-12.419788192385,-16.4874776047217,-18.5581995038366,-18.3089477706314,-18.006475677848,-16.3893555924283,-15.1764623008977,-14.9454188893044,-14.7307147077385
-7.64611496657017,-13.6031215437752,-12.4240463123764,-13.7042561565018,-13.515737789716,-13.2585372980485,-12.3872467506921,-11.6710833720446,-11.5048384577137,-11.3147105307081
-6.02579180813544,-10.0928631557025,-11.3061262356512,-13.2960729461732,-13.0307211022568,-12.6979131854675,-11.2212456037217,-10.1410511477629,-9.91661955566139,-9.67419765483016
-2.50252054148568,-3.77829664505911,-9.49322614653886,-10.5539839626734,-10.3830197049749,-10.202174825751,-9.4757460867019,-8.79865744220308,-8.62020234185943,-8.45571186541661
-8.00943092093345,-12.6487821210204,-10.1265969013586,-11.5848437643566,-11.2732030003574,-10.9766058448319,-10.0936014944051,-9.31680514977476,-9.08572743182564,-8.86740894503588
-5.59777863199096,-8.11760015717769,-9.90092391710851,-10.9223522488386,-10.8186587731725,-10.5798291693986,-9.88379801144678,-9.22944193934156,-9.03877542955681,-8.85961807123313
-8.52207635865141,-14.279350098068,-19.2072680317131,-20.9744416064609,-20.7432022522025,-20.4615055698683,-19.3296527312221,-17.7201744254984,-17.3231498820895,-17.12957582449
-6.02354133154583,-8.6963208908601,-11.3144878317496,-12.5271332719447,-12.3424811229644,-12.1215198295189,-11.3145732556909,-10.4922715763733,-10.2639782853524,-10.0789545380029
-5.22137412921704,-7.01835271074532,-8.16130747527198,-9.31838827255088,-9.18066980687906,-8.94936084969646,-8.14685903870122,-7.38401844244164,-7.18209179027788,-7.01657656621046
-9.98892335135823,-12.8897902036236,-20.2023485433689,-21.6893811954182,-21.5156402253245,-21.3088696407333,-20.4577182548756,-18.6082189070175,-18.3407586001749,-18.1119621376216
-8.50755426588088,-12.1317755543548,-18.1281840971655,-19.4705422722057,-19.3026804646188,-19.0781501662868,-18.081814509163,-17.2528568605814,-17.110378687812,-16.9573589402008
-6.86443776815871,-9.13456943592867,-9.6472271835024,-10.72390783043,-10.5639524505488,-10.3817859074347,-9.66207949543569,-8.91988212835176,-8.6490563357872,-8.49084439252536
-6.96116565260171,-11.225814084014,-11.132277215407,-12.6339976914871,-12.4431289921843,-12.2177265851319,-11.09860602848,-10.1450433235136,-9.8878566688395,-9.70737310927633
-5.69340031910074,-7.83942922538621,-12.6225113376874,-13.637219091102,-13.5018355411294,-13.3096242270829,-12.6229630121008,-11.949929560331,-11.7655383155373,-11.6047646065098
-8.24102808807326,-9.27138502245184,-14.5880214481529,-15.6067915622346,-15.4231808037741,-15.2568150211466,-14.5645909836621,-13.9526270573598,-13.7698472105307,-13.6123471009208
-3.27223859780146,-2.07127259646532,-4.04415004634915,-5.23834013251024,-5.07649145850382,-4.91344124342554,-4.18020044725933,-2.94512977698157,-2.79188958071888,-2.69334689170628
-4.56351267930919,-6.3638382701214,-7.53941317711326,-8.99980252719285,-8.76315101383746,-8.52903368194073,-7.50482631989781,-6.65526461522846,-6.46596412888358,-6.31244769600659
-7.52014729895076,-11.2987041229915,-14.4464004242642,-15.8264704237741,-15.5547386388076,-15.3971202698068,-14.5501005814889,-13.3429029886537,-12.9865317745589,-12.7578364911838
-5.98372900732206,-10.3067425706176,-14.1397922492051,-15.513884099267,-15.246035727537,-15.0010728221162,-14.1293208310097,-13.2923760951587,-13.1376392158247,-12.9973949618771
-2.6818259923865,-2.06130600759529,-9.39687487787528,-10.7546022096425,-10.5514040336105,-10.3044798586399,-9.35822365381455,-8.56711571659754,-8.3970433705125,-8.24407431193955
-5.71342041076973,-9.3871067996702,-12.163964867115,-14.2696068731681,-14.0877754503531,-13.8230429340318,-12.2076734555132,-10.4318299460083,-10.0611020156892,-9.90236718276194
-7.33196939622096,-11.276997608975,-16.5816384332523,-18.0517937752857,-17.8222823098033,-17.5871772347474,-16.5759110077552,-15.6027464934927,-15.4072565715758,-15.1960399864558
-7.6626984989381,-10.2111501433841,-14.884609809978,-16.5260614114962,-16.3272279834808,-16.0043327925279,-14.9353246453887,-13.7118897920393,-13.4398494288305,-13.2632847345306
-9.63054706436334,-15.5585996704867,-16.2526597060496,-17.9064923063619,-17.6496072170476,-17.3511399270814,-16.329892102738,-15.0275981049767,-14.7251459669039,-14.4152471089135
-7.31876157515537,-10.1628169418007,-9.25261255693406,-10.3931043732399,-10.2457109519633,-10.0167087406692,-9.27916055634095,-8.42741007812106,-8.23850616685206,-8.07690212713926
-3.6058245174291,-6.09389434548824,-10.0485930782488,-10.9514776022829,-10.8374972203624,-10.6720697860601,-10.0592710558884,-9.44254315165629,-9.26658851647337,-9.10878651802997
-7.71871436855844,-11.5118656499686,-6.66417790991944,-7.67893406608918,-7.53506537481841,-7.36667434010339,-6.65452699907279,-5.93113049235478,-5.79653606602648,-5.62521150769141
-5.53400775357751,-6.61497880233833,-13.4226333485072,-14.6595142687643,-14.4528212989698,-14.2517550365772,-13.395349226334,-12.6045249738749,-12.3731453419295,-12.1873631658254
-8.94797290469797,-15.0660346876256,-25.5066327503724,-27.9259897421394,-27.748020421344,-27.439072188368,-25.380147124114,-23.7920086528224,-23.4638111146209,-23.1784033238935
-7.5455848854491,-11.6489778224424,-19.388399696812,-22.3341185655518,-21.9760226660226,-21.1700181265298,-19.6247040865268,-17.2079659575413,-16.8286992963954,-16.4566111130397
-6.32617248355018,-6.25089945575015,-11.8597078556666,-13.6710461189852,-13.5149946588261,-13.2570802541361,-11.9475459100207,-10.3583457853055,-10.1578445126875,-10.0129804182812
-7.74452430726528,-14.7993550512928,-14.7473490514658,-16.0384643015187,-15.9064023882694,-15.6152928099184,-14.8036981487447,-13.7938673062343,-13.370969309252,-13.1219051342259
-6.25306839576269,-10.4281635389171,-14.3400157182882,-15.8516324858388,-15.7138717356469,-15.434826017451,-14.4125519011065,-13.1820994984299,-12.7851467211718,-12.5709471748991
-7.70108170346203,-7.70059634147689,-11.1045005912981,-12.134967071052,-11.9717308881854,-11.8210110402681,-11.1300306681444,-10.425213873492,-10.1984549984647,-10.0356321340025
-4.78074882998904,-7.89259491657401,-11.7200783974766,-13.3089240679177,-13.0762271521558,-12.8352232538141,-11.753589944494,-10.532627758422,-10.2316723196136,-10.0065180272056
-3.17077514162443,-6.71200368252958,-15.5598386923377,-17.20678048685,-16.971492161402,-16.7307971840241,-15.7269785741584,-14.0672115268402,-13.8345541663825,-13.5840741389533
-5.79877623267073,-7.71424576846001,-13.6632491635669,-14.6972108225582,-14.5888520999577,-14.432906441526,-13.6628717963503,-12.9486962795256,-12.7531637555232,-12.5850104057508
-3.09893275521707,-2.07023229636212,-8.24089696306756,-9.55444814799098,-9.42476511772289,-9.20816218366105,-8.2235569154794,-7.27568279396136,-7.07935087626599,-6.91094435942562
-8.02482720020057,-11.8755055198082,-10.4094899036609,-11.7586035231632,-11.5601923404605,-11.3296267020045,-10.3899836476406,-9.53463336986757,-9.28276649805532,-9.1258073538706
-7.6417203839639,-11.4007656010955,-11.5776416830486,-12.6303623680413,-12.4633592389056,-12.275728352773,-11.5691099254611,-10.8430021189705,-10.6650115239511,-10.5253830414193
-7.86610624829126,-11.4208455868102,-15.8371919726754,-17.6185856643328,-17.4061115848805,-16.9966944805411,-15.7465168348772,-14.8172872009522,-14.5275859365468,-14.3574608805569
-3.03078122281841,-3.06958919098106,-4.16964082209034,-5.06249586792579,-4.86173023415788,-4.70527277564514,-4.15745955525267,-3.63488403665831,-3.51457084587442,-3.42058501668022
-5.46409433490211,-6.46244485185894,-8.81409157861824,-9.95631213161348,-9.78847578319645,-9.59561817127549,-8.85022277493371,-7.9644225157191,-7.73809767208912,-7.62131622577662
-2.106038521345,-3.99648211325835,-4.41772681865388,-5.59779369662854,-5.3233329925183,-5.09245404682425,-4.38630594320949,-3.78218477384187,-3.62678042427113,-3.50869075454193
-5.49394656675443,-8.47502166753667,-11.7630518424822,-13.2013930931695,-12.9994496154453,-12.7481404162922,-11.7800235930676,-10.7472869060616,-10.427253677666,-10.0730991435649
-9.15347789677699,-17.6148610050396,-22.3888955919522,-23.7285975060833,-23.5397804605469,-23.3266917439671,-22.4214980169737,-21.3691292739993,-21.1049834967455,-20.8841993834538
-5.45358658501816,-7.96786344081142,-14.821424709956,-16.1263987904205,-15.9529024194069,-15.7001439711439,-14.826574332396,-13.8940451892042,-13.6519385610258,-13.5109685411801
-5.10935523444425,-6.14035391290693,-11.5367069266408,-12.6759994469343,-12.4990811591206,-12.302847340655,-11.5272305870586,-10.7977162516498,-10.603554562937,-10.388538362034
-1.3586587322106,-2.89605922396506,-5.42730218364121,-6.70820547815202,-6.49051944914615,-6.30849696440361,-5.5584411329335,-4.35548298316021,-4.12125420276666,-3.96910815792874
-8.70042668713254,-13.5809717264526,-18.8138265643067,-20.6649424860909,-20.4029191876343,-20.0919839737708,-18.9433307481514,-17.3309556959571,-17.0307409398895,-16.7964537237889
-4.93634585439591,-6.61768413924398,-8.64096366223423,-9.77279144150215,-9.57804605338067,-9.37941343698972,-8.68724990236757,-7.8448755493697,-7.58249443138931,-7.42397384847373
-9.02153061364371,-13.4539671126874,-26.498898157663,-27.8269146168009,-27.6326227813099,-27.4092690232903,-26.5172165210827,-25.6256551543902,-25.3058219901292,-25.064253444503
-9.64306805010356,-13.1553346665752,-17.776732134179,-19.806151059784,-19.4976957780086,-19.2017525171278,-17.9936670875638,-16.1135564778725,-15.2618719302519,-14.9796126840624
-7.44951953345992,-9.50627065126788,-16.3914776147656,-18.2484417773672,-18.0179255318241,-17.7380615313636,-16.3501811614589,-15.0782214298139,-14.8261108110309,-14.6415260759821
-3.28316380659985,-2.4288887605518,-7.85618281943679,-8.77188013705949,-8.63024200055449,-8.43876769135815,-7.84090819851467,-7.27503122661709,-7.13212180525409,-7.00206391555471
-5.35373385656904,-5.567808397937,-8.73830042037036,-10.642490852427,-10.3946314036564,-10.0651573394607,-8.59393112313497,-7.68217441264238,-7.45308647235974,-7.23048186335013
-7.15255039894312,-10.5228636921674,-8.80528277554333,-10.4495047322286,-10.1747885576519,-9.71923437313987,-8.70893397894907,-7.98850319332322,-7.79339539946279,-7.62950920728213
-9.10170510754029,-12.2857206200268,-13.8526043207793,-16.2162864777163,-15.7492677468716,-15.3541960946921,-13.8632197278896,-12.4018960968896,-12.0884398781198,-11.894844765397
-7.13724940468756,-12.9343434157589,-11.2847716847704,-12.6052161086771,-12.3624499112164,-12.1372479008142,-11.3192449726085,-10.3158720868904,-10.1095528285491,-9.98073322075504
-6.04002535110112,-6.43366158358655,-10.0888507358137,-11.2677288905951,-11.1187108151441,-10.915979066235,-10.1158535473049,-9.23737747434922,-8.9720082013123,-8.75434107253749
-3.50630055527544,-4.01663896225856,-6.67006235985028,-7.94155470314395,-7.75605540310379,-7.57851381076453,-6.66310610945381,-5.77300853930672,-5.5618572740171,-5.36097611602693
-7.78018904558923,-9.53643774419489,-19.6121841865288,-21.0185258098494,-20.8380797888397,-20.6359361030888,-19.7071844693105,-18.4454478676167,-18.1478665440722,-17.9321348455745
-5.47105207336471,-6.48601718318956,-10.0899937344547,-11.7373355996524,-11.5423549103684,-11.3518563752207,-10.0623399455913,-8.81533847581183,-8.49515410557117,-8.25415915714271
-6.04589163943571,-11.3729560660303,-12.9958776341786,-14.3971070398354,-14.2114152453188,-14.0182439950002,-13.1011436830716,-11.8673724664924,-11.6201858939037,-11.4191816520903
-4.68194486739972,-7.72470227683557,-12.0569022249699,-14.0459651667296,-13.7276047039394,-13.2987679634862,-12.0646211607488,-10.8101620761729,-10.5747047802053,-10.3722813714377
-4.25715636882121,-3.88444559857423,-6.99242231662989,-7.89627528681471,-7.74407509500665,-7.57343346528019,-6.9867984368673,-6.39016933614967,-6.25593524077281,-6.1439841146493
-8.76907795215891,-12.0487647498446,-11.3679768607695,-12.8518127088601,-12.5780088888084,-12.3029231827114,-11.3727537671722,-10.453835071821,-10.1967788308569,-10.0435625691788
-7.66814525375364,-10.962905067552,-20.5430445188466,-23.070334814928,-22.7518692197402,-22.4177043674652,-20.7912177643176,-18.3259878134568,-17.9806348971623,-17.7548559151544
-2.45978051601781,-4.58242105637013,-13.8043429434282,-14.8296191774688,-14.6843829169443,-14.4876695974381,-13.8238995484676,-13.0753401109091,-12.9104151938181,-12.761096579172
-3.50690029401625,-7.04055788682944,-7.69406970233033,-9.2497331093443,-8.92374592553521,-8.60098202984843,-7.65861043435692,-6.78815528094672,-6.60704611961088,-6.454823902384
-6.99307738156157,-8.25258435801676,-16.4838043630973,-17.8486630984069,-17.7184239559277,-17.5385087441553,-16.6969496995866,-15.1080055857168,-14.7722791678487,-14.5501397357139
-6.67382340801109,-8.8936609498657,-11.6796562766234,-13.1225749308537,-12.9859523203341,-12.6909210908559,-11.7907072203085,-10.4547342986025,-10.1893435601831,-9.88996941312389
-7.04913514772257,-9.99660046398776,-12.5008803188401,-13.8646375144537,-13.6546698446354,-13.4462288265003,-12.4327872423656,-11.5657361835248,-11.4124292459156,-11.2900317540253
-5.31145544501678,-8.83128734082328,-10.428435424382,-11.5822013688351,-11.3753687043507,-11.1106228657342,-10.4210265301862,-9.70896679904013,-9.51992443552248,-9.3537462863534
-7.07465101986725,-7.96691331142008,-15.1354851136574,-16.8656942218229,-16.6525501073352,-16.4521713296231,-15.3735535564336,-13.2038467652138,-12.8365930251393,-12.5532405980889
-3.70488529753295,-2.95437376411138,-7.43529446623681,-8.38279890715733,-8.24190524883626,-8.07923875338695,-7.45336375442065,-6.76096295894891,-6.57362200562373,-6.43690868395568
-3.72590950770696,-6.79914617259508,-8.20399702768605,-9.26559134572373,-9.0932624902606,-8.87511280663013,-8.18527367315698,-7.53864841607938,-7.36768457462595,-7.22760834895678
-9.10782903850263,-17.3542662016643,-19.1503787107322,-20.8024631440471,-20.6539159160545,-20.4317470770744,-19.4367527278274,-17.4078759215726,-17.0511206729781,-16.8493960822474
-1.96007071197717,-4.35207760179979,-8.31488141563045,-9.03756495111585,-8.93364752836492,-8.80038589758241,-8.30391789357096,-7.80153426914443,-7.65553976770283,-7.54937007338707
-9.10577198660998,-11.4671836988693,-18.1189109719079,-19.4858094597662,-19.2767071868725,-19.0749734962173,-18.2175442964595,-16.9326502594364,-16.5895169452224,-16.3839494756032
-8.81991064631964,-11.5621742307518,-14.0148282445539,-15.5280207900633,-15.3495351753738,-15.1665214354062,-14.2989021425351,-12.277153767182,-11.8841824607889,-11.6023950597843
-7.73070284742356,-12.6271857377573,-13.9819644442934,-16.1306794787342,-15.8342764285744,-15.5182174031571,-13.9088986354313,-12.4786000448953,-12.2355176555678,-12.0050266247366
-8.39322189551814,-13.1584754806606,-20.2973368410905,-22.7922014057341,-22.4437245333528,-21.9715238444623,-20.1175085859535,-18.9325311635712,-18.7247801785812,-18.5689725985519
-3.93832882208322,-3.89268816443039,-4.27191868608542,-5.30933276500994,-5.12419595697498,-4.90211471611932,-4.26689438091011,-3.65446114060845,-3.48576915220333,-3.39124658040054
-6.34954717013738,-10.2073772986629,-14.2656519988002,-15.7908009865607,-15.5683482975631,-15.3095193162435,-14.2371778300616,-13.248666962674,-13.0448707336414,-12.8287806393226
-5.40028941701258,-6.0320418201818,-11.4724218126199,-12.6290891937049,-12.4784105298266,-12.2588126383878,-11.47826023716,-10.6852933807381,-10.5039684922983,-10.2296781609748
-6.25046212946018,-8.85313395661461,-9.88647055185678,-11.1883998174647,-11.042275740523,-10.7845398953971,-9.8680039155483,-9.08728973120302,-8.84410645655506,-8.64494857033472
-7.62482291590693,-10.572206552957,-21.3791213462752,-22.4478746297894,-22.252617518815,-22.0745580338214,-21.3909082905791,-20.6860792333343,-20.4897915526296,-20.2631639549177
-9.19856754529873,-13.6143555240192,-19.0152238589202,-20.3296595982874,-20.1340588920487,-19.9370077343591,-19.0605960094172,-18.0682488854704,-17.8061252664535,-17.5883702382082
-6.95358702548829,-8.25195164497512,-21.2220216254889,-22.6675573800288,-22.4681003568279,-22.25969228336,-21.2842376251693,-20.0861459947313,-19.7493440815241,-19.5213833351607
-6.62806644010356,-9.27477461316406,-11.8944552486367,-13.7397649022882,-13.5524299846924,-13.2862178098989,-11.8814076023137,-10.5160366358864,-10.1405141235393,-9.78378881245961
-8.90416709601505,-15.9078736705461,-18.8299232175089,-21.4123599585593,-21.1325516431266,-20.7449697343918,-18.6614108529381,-17.2820525114426,-16.8364559896043,-16.5823866559905
-7.26009165115008,-12.6424918095892,-13.4985599659346,-14.7106663275895,-14.5215401844562,-14.2672620445746,-13.509914464115,-12.6945099988866,-12.4978091270769,-12.251697526577
-7.05126399857915,-9.14757502701524,-10.2705403759982,-11.553157191511,-11.3531786328659,-11.1017927738411,-10.3126789604685,-9.37215110130676,-9.14317355425036,-8.96699293099819
-4.1670997513602,-7.72963931669972,-12.5527331853472,-14.0464030110869,-13.8529190042897,-13.6194971144535,-12.6662064297997,-11.3521977964238,-11.1067803451237,-10.9093013753307
-8.25692650000567,-15.7262722605684,-16.6240674111244,-18.5515537624729,-18.3677018587022,-18.0934218305913,-16.7484552055107,-15.0494680571329,-14.6490009156744,-14.4291693636334
-7.45787469076653,-10.4439737646745,-14.2667742366113,-15.3772766816658,-15.2090853124284,-15.0519936523483,-14.2814487808682,-13.4985141584473,-13.2611405694632,-12.9984872415315
-9.88997875538136,-15.0978851383644,-22.3225214627322,-23.5697895468869,-23.3600324667836,-23.0950001675227,-22.3110869283707,-21.5035641867242,-21.2829033085518,-21.0805458838123
-7.997468357663,-13.0408775012634,-14.6584410833264,-16.1084537899998,-15.9215570517922,-15.6537804913242,-14.6265621129087,-13.7111699260356,-13.462874625238,-13.3132136641265
-5.30157928245491,-7.29078689878366,-12.3568675893985,-13.5942061877515,-13.3717057538823,-13.1747001023219,-12.3479930038479,-11.5639940783974,-11.3429088234588,-11.1933330891968
-5.50427939754112,-6.2346829545874,-9.19367469869802,-10.2391831033362,-10.0907216855795,-9.86340923047968,-9.19694485776105,-8.49098101013984,-8.30030993845426,-8.11193365918991
-6.55078768328874,-8.8157936292264,-12.9209516873004,-14.6819495609571,-14.5092721918524,-14.2827550227454,-12.8457924796333,-11.6237724717745,-11.444424970679,-11.2824999936986
-6.3538182498954,-8.66340985416444,-12.3072052039169,-14.2346038595038,-13.9675630341361,-13.6267444706317,-12.1748131026404,-11.1441440614059,-10.8996252097799,-10.6928314349302
-7.2926399691815,-9.51416716015869,-13.3004067031954,-15.4646387969052,-15.2285882569434,-14.9080902654607,-13.3196354598003,-11.7351405575597,-11.4392822591471,-11.3079386567317
-6.10760327356946,-10.0637070088454,-12.8430288569478,-14.2397339754824,-14.029426220093,-13.7663109939085,-12.8279510287874,-11.9366540044639,-11.6626086536917,-11.4874548185545
-7.82370840195314,-11.0992055773319,-13.0474000808475,-14.8962907854261,-14.6893551544963,-14.4462057866642,-13.036296808014,-11.6406406206332,-11.4363132279446,-11.2373705520226
-5.53232795254438,-7.34245501200041,-14.1282140906531,-15.1214672465118,-14.9966030842697,-14.7918874989853,-14.0922357472925,-13.5243702278301,-13.3546885225651,-13.1787728290318
-9.38568688581448,-12.1434696190489,-19.5669798485611,-20.8101350357568,-20.6090706340831,-20.4131333688029,-19.5887878181045,-18.7337514648889,-18.443982888218,-18.1455403495264
-7.39025364261889,-8.0560862932921,-15.5652153767456,-16.8708783129128,-16.6952618337345,-16.4509254257287,-15.5320430826848,-14.6781322808977,-14.5185784467991,-14.3937533020591
-7.93558007097288,-11.7715196475431,-14.7680857918063,-16.2742391805248,-16.0824973522388,-15.8733003088596,-14.8560232832094,-13.4446017109852,-13.0911647268667,-12.8123463473545
-4.70669766495379,-5.94282858634936,-15.0924248470383,-16.2841534812319,-16.1221005858124,-15.9254570865853,-15.1895665747625,-14.1200209162719,-13.8606863977724,-13.6944036858575
-5.58948950964086,-6.92321618829701,-12.3088281476399,-13.8107049314096,-13.6244355047855,-13.4290827547899,-12.5641546599411,-10.585706642804,-9.90031395873433,-9.49606807305608
-10.4714372094387,-16.6997067340146,-18.0392279352352,-19.2812218349976,-19.1369117489077,-18.9292248159216,-18.081945795955,-17.0854059017121,-16.835787065719,-16.661366947445
-7.06492357586287,-10.46130100291,-13.0862707370438,-14.8156764889266,-14.5682363039716,-14.1980468737333,-13.0821396528019,-11.9845594574011,-11.7655559465637,-11.5635969695518
-8.31096465157315,-13.0963897296313,-12.6854581593574,-13.844746798231,-13.6510811632032,-13.4328153961476,-12.6822596687781,-11.9157189769465,-11.7129795028033,-11.5822197958406
-7.79891528502834,-9.13391072109211,-17.945460745271,-20.1593459442935,-19.9160815070732,-19.6137675674714,-17.8395447958941,-16.4192433703592,-16.0471339695878,-15.8637873810501
-3.91953873288407,-2.62541624165954,-8.43127520301584,-9.40918346448556,-9.28057929777975,-9.07130564380502,-8.43597768628308,-7.76873887701927,-7.60025446073351,-7.46791123647828
-5.66990024397188,-8.85751342039883,-16.1746528550579,-17.4284041905682,-17.1637335481707,-16.9310826978625,-16.1742108837365,-15.3960689115983,-15.1632373557198,-14.9462137997568
-8.29471222337514,-15.3186680377539,-21.6167750715986,-23.4375965275935,-23.2561234240059,-23.0549319690266,-21.7159766529501,-20.0053157114759,-19.5962387423582,-19.300532513105
-5.14605847163282,-8.58590328533938,-16.4014846085287,-18.3111436096916,-18.1237605135359,-17.8082841938368,-16.4005019801654,-15.0232624953774,-14.748209824595,-14.516260802615
-3.98891442010769,-5.8277570147785,-10.2406264335048,-11.3224145731302,-11.1841414189025,-10.9833231718388,-10.2339602929157,-9.50991940158796,-9.3299340016335,-9.20656425121223
-7.01031703288341,-10.5051607742384,-17.5062348598366,-18.8668216657409,-18.5893645373224,-18.2724082208204,-17.4572667194634,-16.8039346971758,-16.6581047790087,-16.4934235579117
-8.29933567671964,-11.8676561149041,-15.9327197420017,-17.7004369788228,-17.5099662254334,-17.3381100085864,-16.2647763929867,-14.0415205377217,-13.485936398476,-13.1012900041851
-4.71457060687754,-7.53838480379434,-11.3915034852235,-12.6381074950931,-12.3948037149529,-12.1345854239872,-11.3491504088724,-10.6990920848321,-10.4856310404943,-10.3969509938472
-6.13480253862407,-7.66140629017872,-10.3035687015086,-11.7854115443888,-11.6034015407879,-11.3492334784799,-10.2126570263815,-9.44809102987825,-9.24587631102805,-9.11829910838147
-6.94121324817831,-7.08939523903743,-11.2935496883421,-12.3178412815396,-12.0997566739728,-11.9214241991834,-11.2786446339359,-10.6825106466899,-10.5382480688147,-10.4029824010637
-6.95828845917828,-10.1601662391233,-21.8146431873334,-23.7658337478674,-23.4988975820969,-23.2395031775523,-21.7273541488999,-20.5266673365795,-20.1897590510555,-20.0081207348301
-4.08348811740448,-5.26231483144759,-6.75856702393253,-7.86707899782882,-7.71711367892009,-7.56057320888415,-6.76014995809985,-5.97000776793368,-5.78880106187839,-5.58324517761305
-3.66479035820238,-3.93745807402829,-7.19314932841183,-8.74058706431444,-8.54942327664245,-8.31862756969623,-7.36069879459578,-5.89452604358787,-5.58429382110245,-5.34221032418107
-7.55791069046457,-11.1614624774988,-10.7579713906234,-11.9518323054993,-11.7436072270512,-11.5388962099428,-10.7457593327209,-10.0412113087737,-9.7619634313878,-9.6585434037795
-7.47101955620022,-12.5656204647758,-11.9375611198436,-13.9235767078264,-13.6773397679743,-13.44422471351,-11.8505336788486,-10.6035238603515,-10.3654901665868,-10.1016793857731
-4.15209930898742,-4.17290503630626,-7.13787509274492,-8.34655291399669,-8.12928409966149,-7.91856915020933,-7.11813032221216,-6.41062752263481,-6.17655141614889,-6.00963846460656
-8.50316406569281,-11.9996341736159,-18.0813927279908,-20.2964026189005,-20.0811067640155,-19.7975988932738,-18.2889902031323,-15.8060768465518,-15.5698071698093,-15.3746241507029
-11.5059960794783,-23.8680291617988,-22.2916688527272,-23.6826255243238,-23.4736208302921,-23.2038772067166,-22.3183165225318,-21.2789229609161,-21.1025730323112,-20.9537116509054
-4.12546389787718,-4.03415604998066,-5.61850720309006,-6.68045904381777,-6.50812470634812,-6.33679903530449,-5.58821895837304,-4.97329815180191,-4.80999644582371,-4.66021901035549
-4.94949174711485,-6.62097627480359,-6.24331232947286,-7.41332096865597,-7.29354689364608,-7.03918986559735,-6.24384187401927,-5.48421228971766,-5.29888931703413,-5.13829002764442
-2.32856886613112,-3.91649363947054,-7.04227592926346,-8.11120683235565,-7.95143852565209,-7.72583852461036,-7.01341236809008,-6.42144397990797,-6.25265435596663,-6.11486908693146
-4.86828646923735,-5.67070044706397,-9.64305794265051,-11.6372166170302,-11.4434203611539,-11.1769207574697,-9.46734880147203,-8.30603369866066,-8.09804121883905,-7.94209535284869
-3.65137772449174,-2.36756827536485,-6.50693213333561,-7.22527232450367,-7.10951394162456,-6.98562512386264,-6.50281133953759,-6.04787644030846,-5.90622250510577,-5.81026768246908
-5.25901865999441,-7.10235580957948,-17.6933572163628,-19.4203408866156,-19.231076146142,-19.0142115990151,-17.7996560992417,-16.2282517276241,-16.0045192157803,-15.8066580314239
-4.87860533796503,-7.75042486421219,-7.34431787660758,-8.42497005121862,-8.26589781405081,-8.05102871453244,-7.32126362482987,-6.64714215222787,-6.50498476918379,-6.44742303881491
-3.89438834669395,-5.66744938164815,-9.10468590706696,-10.1389148239865,-10.0088537689796,-9.75689922292426,-9.09629528952309,-8.43838923311755,-8.28994642484464,-8.11141057200374
-7.49972186382975,-10.3465867244834,-17.954368658475,-19.4713702746639,-19.2833314957279,-19.0126372698818,-18.0872049916249,-16.6008854123144,-16.2240688301579,-15.959025095721
-9.41067930985066,-12.1989150445963,-15.4840660383759,-17.0766516357663,-16.940402128046,-16.785726112773,-15.5140266053436,-14.1804025110543,-13.9848695355828,-13.8052761460191
-6.81074218132054,-8.58161857256912,-12.0257262001268,-13.1097388899646,-12.907301249009,-12.7315735578828,-12.0147548495497,-11.3533133966711,-11.2060045464874,-11.0266626637881
-8.53079999332521,-12.427183509891,-14.4486536165593,-16.2835441268995,-15.9868115112903,-15.7245485338453,-14.4589748470748,-13.0567205674648,-12.5634397767503,-12.2253526765859
-4.95466495378886,-8.97028414720271,-9.70381835049224,-10.8004202483577,-10.6337864356165,-10.4556070619272,-9.72682931971792,-8.93077597707491,-8.64871050214382,-8.39458009863459
-5.13242175641903,-4.40099144809302,-6.02365789404571,-6.79278404890068,-6.72802066904292,-6.56901411168374,-6.01845263848297,-5.51030031364045,-5.37993697841325,-5.29677061950975
-7.11581486406607,-8.7227702199232,-13.2227890785832,-14.492874354338,-14.2721626906668,-14.0551703863167,-13.2427624314818,-12.391677771842,-12.1007689655699,-11.8316559572639
-5.90175032103727,-10.0873699319304,-15.5848292651919,-16.695631602011,-16.5176588715487,-16.3175473691275,-15.5961056900654,-14.8248942992283,-14.6718326392206,-14.4583092550518
-5.27536913097884,-8.36310322678197,-8.49965463256647,-9.57175285475858,-9.44189581204095,-9.22377278367955,-8.48315847026948,-7.81440076790454,-7.61436270408366,-7.46746737324679
-9.79441462718302,-15.9852264622547,-18.9302751706325,-20.4396138275839,-20.2251003209072,-19.9071460338908,-18.8812967760979,-18.0242583587188,-17.7527704269105,-17.5296274431473
-4.6331577637675,-4.60504744473728,-18.3324796403939,-20.9810993076654,-20.7897186610024,-20.3924039718373,-18.1905498837657,-16.5909614937379,-16.2342741117934,-16.0255112258512
-8.50606466714713,-14.3828650354893,-19.4632256253113,-20.6446182488681,-20.4454287447138,-20.2073170160414,-19.4595838206053,-18.7255667436871,-18.4883905778162,-18.3385731581024
-3.3682234725377,-3.37138427398689,-9.81253357107187,-11.0889414848757,-10.9063748740836,-10.7015342347269,-9.84300017235431,-8.8716755519068,-8.53620745906455,-8.2770680851511
-5.56862470304738,-6.71785569558274,-13.7350112229232,-14.7146777543545,-14.5701009163709,-14.3806934469794,-13.7169606518031,-13.0905131910188,-12.9503198017835,-12.8122778995473
-5.97357914331017,-7.82352736704697,-14.0631554674866,-15.11124490866,-14.9763852171296,-14.791958969914,-14.0545102790363,-13.3427761997757,-13.1560354731248,-13.0256893327077
-2.82474974917873,-1.32545770650354,-6.57143783939174,-7.60220415751338,-7.44850781141591,-7.28940454688705,-6.59612231490837,-5.8082911854312,-5.63472360896081,-5.48631722644737
-5.90296599614851,-10.8630236608937,-11.4089296948981,-12.7440371505381,-12.5614168950551,-12.3830401698066,-11.3816131913498,-10.4736308946428,-10.2643449580705,-10.1307791148704
-7.00702959691467,-13.259544568605,-20.5659533060751,-22.1081452486484,-21.9021817856279,-21.623034983583,-20.5786042160548,-19.5134620955056,-19.3285395046029,-19.1410355142289
-5.97992878594572,-6.75460456497254,-11.8042965046872,-14.1734332384876,-13.91893312568,-13.4306011647527,-11.6461620755848,-10.6880145460823,-10.4206515175668,-10.1715971343746
-4.86695517812231,-4.9699259674726,-5.81985437655716,-6.84279285197701,-6.65889668774256,-6.50674149379342,-5.83876228529487,-5.10273671956338,-4.85503120561183,-4.72045320080865
-3.70162768564862,-6.35318612223088,-5.23546976626325,-6.37261855238982,-6.14359109744927,-5.97501137376572,-5.21719474625767,-4.54582618993643,-4.39307164136918,-4.16431053160389
-5.05049750994675,-6.75687208735907,-7.80271992359673,-8.82922451350266,-8.69514319029488,-8.49466923487191,-7.80583765775665,-7.08288898821402,-6.88599836450109,-6.70792728161275
-8.12107072364851,-15.2906973642883,-11.4336981920155,-12.7803001178506,-12.5989336808497,-12.3513067645408,-11.4027595875899,-10.5733813797503,-10.4094364884298,-10.1580170645175
-1.66240807922274,-1.00400498319422,-10.236024828445,-11.8804102040641,-11.6522785185811,-11.3775178166792,-10.1533817741621,-9.21413789194215,-9.00306974056888,-8.82433854060533
-8.04800464905719,-10.2340103855865,-7.73038618218638,-8.78174368739507,-8.58835909242504,-8.41448992155855,-7.71979095684472,-7.04913973063509,-6.86696657755508,-6.69774870329478
-6.96746247276331,-10.4407261397972,-21.3619964298031,-22.7077873299948,-22.5317548695004,-22.2507581906822,-21.3865948569084,-20.4335526940178,-20.2128296643679,-19.9433009396951
-5.72695900845517,-11.4537515703589,-18.994271834631,-20.5546538221048,-20.3201599334687,-20.0853948910811,-18.9755453894943,-17.9650925958141,-17.6877637067104,-17.4613201235831
-7.07764790864682,-10.6897112221432,-12.407640803001,-13.7521908418566,-13.5746491307578,-13.4045346881021,-12.4720470097826,-11.3076641914536,-11.0902374082824,-10.9085975869335
-9.5395287001643,-15.0794925285978,-19.4567982960891,-21.1128775964075,-20.9014645059854,-20.6163679551148,-19.4470199456491,-18.320028599229,-18.0487631307626,-17.7758971872089
-6.72324192843953,-8.02126743260504,-15.8026049840789,-16.8552446246617,-16.6958217499982,-16.5049633190301,-15.7781166801063,-15.1406141703802,-15.0036593803888,-14.8398824175583
-2.56037598260783,-5.15101742556648,-8.00514025628156,-9.12667302238214,-8.94603143924034,-8.72719299759332,-8.01150001943385,-7.30140209512247,-7.10351388290248,-6.85416051239952
-9.53026494478368,-11.1122211781007,-13.906864838578,-14.9456077842147,-14.7585447639508,-14.5761459119502,-13.9141015171444,-13.2030493588432,-12.9819617144566,-12.7769421123376
-8.05893742227179,-11.7149584841545,-14.8571520365244,-16.4266340088053,-16.1694036742437,-15.8668971681202,-14.8770657546417,-13.8253780608538,-13.5886636469528,-13.4407603677748
-10.1018535359617,-17.6071396776854,-22.6882246662221,-24.405780723752,-24.2099031306682,-23.8517858416839,-22.6560027185918,-21.558132616061,-21.2590154929155,-21.1109280375218
-6.71042237166995,-10.0163276597238,-18.5810499722792,-20.688594334227,-20.4587620263952,-20.1633042061654,-18.7164257228906,-16.9493977290378,-16.6807929074186,-16.4098851824333
-0.985861829423638,-1.70044284499985,-4.74991206272763,-6.0821348843268,-5.94356775759314,-5.80425247360266,-4.77539130951991,-3.66828002715684,-3.38544950578363,-3.17090112786753
-7.29082554119885,-8.64059018444186,-18.7211661351809,-20.0912643792269,-19.8716556333875,-19.7069912772493,-18.8338012759497,-17.5268831332228,-17.2877218226655,-17.1216886964864
-5.34998319612597,-8.37642652985721,-11.9352620072881,-13.3951074641354,-13.2046732445461,-12.9817079171656,-12.069744537818,-10.6249157057472,-10.2233566174973,-10.0310335768382
-4.9182242692021,-10.0991300372574,-6.39967771452108,-7.72239601010088,-7.5470407389587,-7.35834193869663,-6.36696380510446,-5.51095427238143,-5.28599933056881,-5.07793022810871
-7.78588440957874,-13.7427499030426,-15.1997403571939,-16.9425669585063,-16.7174775277839,-16.3593158885039,-15.1659056089463,-14.1456619339221,-13.9033136008115,-13.6301953273892
-4.67959062342456,-3.85483601218726,-10.7599372743599,-12.2752632582008,-12.0834553573061,-11.8545815434173,-10.9069267948925,-9.2878731594299,-9.07479508177955,-8.86707886453611
-5.42933237605211,-8.08229362567479,-8.82807643104966,-10.0434796459135,-9.86837833093503,-9.67882244821911,-8.8057483478511,-8.07390510740022,-7.87250953887161,-7.72441167743133
-5.32931574185881,-7.89625439661774,-12.4139106069279,-13.9088218668992,-13.7776814493221,-13.5349600679122,-12.5985048537056,-11.0261199426728,-10.7433071316286,-10.4694732078813
-3.44246798969614,-5.20826087456241,-17.5486146599022,-19.1858960340162,-18.9367058511911,-18.6612699909099,-17.5159660932312,-16.5218092464166,-16.2155064098292,-16.0782845929302
-4.73651381675623,-6.57362315037349,-8.01188984223666,-9.32345783168057,-9.103246792743,-8.82967908372869,-7.96008250430443,-7.30796272138577,-7.16181233031565,-7.05867469460513
-5.76459767557182,-8.63708492050251,-12.457171307845,-13.9609054853809,-13.7049258911884,-13.5215155529064,-12.6150530192722,-11.1639577632867,-10.7909741359083,-10.5306437516269
-1.30739497765808,-2.45687772765868,-5.03379989117534,-6.08024144108095,-5.89884399872912,-5.70239851684916,-5.00678149506809,-4.40589134780007,-4.25512267014932,-4.16724522164738
-6.87744038125217,-7.84708985668262,-13.6360459743215,-14.7293776254687,-14.5597360439581,-14.3956619068195,-13.6573091078969,-12.8275739775761,-12.6142291859513,-12.4128031394464
-7.51364563409096,-8.29730701389042,-9.56331404098685,-10.8417899410496,-10.66539647121,-10.4791508716907,-9.65667794419193,-8.48855230255508,-8.07890111391471,-7.85086773048247
-4.61377500205997,-5.44786002260623,-9.48989312068937,-10.6161816925072,-10.4576709359771,-10.2825783798205,-9.52779433145755,-8.59948584093591,-8.38399077793022,-8.10473315112357
-6.2993735016928,-11.3870476262475,-11.4430750012017,-12.8197000815684,-12.4435078996121,-12.1782476622539,-11.4006709099088,-10.7595729128963,-10.5605035990848,-10.3863743461168
-5.17284459202924,-6.6681473180928,-11.2499768850487,-12.5850874447263,-12.4052544553334,-12.1413431704814,-11.3687322231688,-10.3107707213427,-9.46895900677493,-8.93727950397519
-9.19116572551125,-17.4341322555409,-21.5703915229729,-22.9021908637967,-22.7199550074924,-22.4505553371082,-21.5963278235336,-20.6586345334804,-20.3474891164034,-20.0317183352383
-4.50711943757892,-7.43154146603402,-10.7619784234107,-12.0165651081657,-11.7932313824934,-11.5973521290228,-10.7732079183695,-9.88229490859683,-9.65571463991388,-9.41548233619765
-5.62451116981613,-9.37218716061075,-15.0329025051714,-16.4086772665153,-16.1990134068433,-15.9506322171412,-15.004810382598,-14.1820518520549,-13.8697149499813,-13.5727184943228
-10.0893581092793,-12.9580120844862,-19.4744291296673,-20.7924895656035,-20.5338826306229,-20.3316395493698,-19.4929974498842,-18.6213054999692,-18.3441511646754,-18.2190202029053
-2.76540810495476,-7.26842081576597,-11.6817255517218,-13.599464374036,-13.2971756027547,-12.932782792657,-11.6285058084926,-10.5464344815368,-10.2914128023444,-10.1360542380286
-5.7775336674071,-10.5607642629758,-16.4516756794928,-18.4395026131442,-18.2209540016728,-17.8839533794535,-16.5302439120365,-14.8979019484075,-14.5784352248026,-14.3527012888806
-9.40291553143946,-14.2933881990278,-14.529159190119,-16.1091148833734,-15.9556425711654,-15.705088869701,-14.6152077882475,-13.1470417511325,-12.8123262320456,-12.5074400208251
-6.17665462728754,-8.37448227209743,-12.5071110885108,-13.661311920473,-13.4510153086881,-13.2356547299908,-12.5354658790245,-11.7525804372449,-11.5410417351818,-11.3503577403402
-6.54459341504111,-7.5942461951149,-16.2516265803195,-17.3710663772689,-17.2238315365654,-17.0186566190482,-16.2656171878754,-15.4513637419572,-15.2401916017786,-14.985407338396
-4.77785169742658,-7.52313675401403,-8.77459701578631,-10.0498649751317,-9.90560718628227,-9.71344041754727,-8.79844220968695,-7.78813556315482,-7.54144814830294,-7.33209128797174
-7.89137951126986,-13.7141168042265,-19.7726591886001,-21.5234556376222,-21.3801493173066,-21.1705712282495,-20.1677360825625,-17.9127900151047,-17.5502488619808,-17.3148531016085
-8.74394608586324,-14.0582375723481,-19.9343849951863,-21.1596447098684,-20.9326894384134,-20.6942346373753,-19.9582326609844,-19.095716002038,-18.8312566566475,-18.6635100570732
-9.09985476078913,-16.0554609854605,-24.9428409970701,-26.7562780206232,-26.4908462551701,-26.1652348378024,-24.8863592161526,-23.7704278610176,-23.5584620527808,-23.315041423094
-8.29887398515776,-14.8961762006846,-22.2982644562854,-24.3317342897433,-24.0827365687444,-23.735889655433,-22.3809029090671,-20.6886026145342,-20.4282371614502,-20.0897732558171
-8.6289155536672,-9.11005132837778,-14.0280700932553,-15.6702536134263,-15.4050942490937,-15.1253624493479,-14.0769276213105,-12.8476562303466,-12.3935968777957,-12.1070122834797
-6.17509544227764,-10.1175029786333,-14.7457243541744,-16.702387379487,-16.5220918529027,-16.2641392497693,-15.1453449412042,-12.4613723012347,-12.1034793156973,-11.7798274929072
-5.91901242285719,-8.3526700406872,-13.4915259369771,-14.467512590029,-14.3539523443319,-14.2284197474915,-13.4940092820137,-12.768834523429,-12.5880853878672,-12.4564992044391
-7.05236281564337,-12.796202583913,-9.29088708202448,-11.2778577776239,-11.0700982352757,-10.7507353108592,-9.30990919023547,-7.66227493404284,-7.26887837399287,-7.00747893109053
-4.87972419031799,-5.9799333769766,-12.467820823339,-13.4448718215213,-13.2711914468607,-13.10008023184,-12.4712017805406,-11.8529827788574,-11.6730771979401,-11.4907749950317
-3.53929531971322,-4.14100821947802,-7.73367192557284,-9.12903852425879,-8.90159639427818,-8.68467270835988,-7.70097845139853,-6.85422743503534,-6.59540064005471,-6.41174520623159
-3.29107964515977,-3.84845229912055,-8.41040498784998,-9.36832262565341,-9.21003706661078,-9.02170814105173,-8.43242033238215,-7.75460772207073,-7.57473349128299,-7.40506010053217
-5.37948534988739,-6.08436802426334,-8.33967296415012,-9.6538353267476,-9.41055204948189,-9.1245106802993,-8.29040881221087,-7.59484693413279,-7.4320067198342,-7.309754170862
-5.60396272889818,-8.66529041686073,-10.8776233148883,-12.1107362032306,-11.9587430810888,-11.773866111636,-10.8419580083702,-10.1085099481625,-9.89983204572418,-9.77772984162781
-5.42481349739531,-5.34690059005219,-15.1871964024413,-16.19524305974,-15.9894707958888,-15.8509431359223,-15.1815053395456,-14.5325362828368,-14.3271905529078,-14.1542456836795
-5.35277220164535,-11.5255133742865,-10.5274265739534,-11.7178598398087,-11.5314524201434,-11.3086236499885,-10.5543740905418,-9.70132872395112,-9.35740603034176,-9.11970531363201
-2.20288009174941,-4.72994108034317,-10.336495633816,-11.8353715428158,-11.6738878221387,-11.4172685405583,-10.2995509090869,-9.31510876908451,-9.08629560374697,-8.82888828769558
-3.70157242788855,-4.45187622658293,-10.1500859425373,-11.5499460462225,-11.4061715664395,-11.1397913235064,-10.2519057291586,-8.91989605207272,-8.580652548933,-8.38215507117575
-8.04992802125056,-10.3782068619659,-10.2951282322966,-11.2839509157769,-11.1152738866015,-10.9422918853177,-10.3093491681983,-9.6320526001277,-9.41993355647802,-9.27138095117429
-5.09655562000407,-8.15346937162896,-14.9099411974338,-16.2475098155374,-16.0619136777463,-15.8226808040229,-14.9206628965336,-13.9991302967548,-13.753177149513,-13.5973905077655
-7.9052163265713,-14.4299572856095,-13.8894605253095,-15.6136558517063,-15.3404495386427,-15.0672527865371,-13.9280330385356,-12.6058609031692,-12.3382989738395,-12.1555093623331
-9.35618854615694,-13.9000523241338,-21.0626442319702,-22.4638841248455,-22.2538517769568,-21.993984828398,-21.0620820617536,-20.1549150791044,-19.8759036475518,-19.6858238188424
-8.07113639829864,-15.4634141437164,-19.1097399934902,-20.5248893943811,-20.3159773640512,-20.0208632936771,-19.0870312121943,-18.2134736122511,-18.0067652122071,-17.8296549981873
-6.70088056078873,-9.12187835202427,-12.0850843739336,-13.5453578220082,-13.3591153271932,-13.1092796362312,-12.1044010590904,-11.0036304270737,-10.8469657850106,-10.7058991426684
-6.58932324522398,-8.37209717141928,-13.1468601016238,-14.4986962490976,-14.293368619699,-14.0865130258225,-13.2270773569956,-12.070642798487,-11.6975746757935,-11.4391810679059
-3.08932691912285,-4.84473364613737,-7.44542494986974,-8.44452438543617,-8.28702987079916,-8.11302677767422,-7.4593584870854,-6.74583927777078,-6.57252590281307,-6.3715289470886
-5.80699452938937,-7.53669646496829,-13.720550182005,-14.6648425245369,-14.5242448292004,-14.3398315155349,-13.7140962639361,-13.0739195868414,-12.9095277086251,-12.7972883109655
-7.44603228647681,-10.6747973538571,-13.61352014561,-14.6563476951218,-14.5007141008774,-14.3090063218858,-13.5941404366931,-12.9528651100158,-12.779827697165,-12.6325940844004
-5.75072156960113,-8.99403005975739,-8.40560471708768,-9.87276222854515,-9.66490721221471,-9.30899462843256,-8.36850362547772,-7.58859327438405,-7.39586200451123,-7.24232486421588
-10.8365374056966,-15.2603726028964,-16.4069661279523,-18.019651127861,-17.8411028197104,-17.5947504012613,-16.6799084931795,-14.7029285630245,-14.2396905113871,-14.0171369342118
-8.34529121030871,-13.7791840745608,-17.6127679682297,-19.2848722401477,-19.1042037462377,-18.7953601280456,-17.573177697403,-16.5128456799277,-16.2630741009519,-16.0656427378827
-4.88625937261307,-3.93858082492057,-13.3706966074928,-14.7121320834855,-14.5416600344984,-14.3086257878304,-13.3722988212263,-12.4432672047524,-12.238656700076,-12.0916986842393
-6.1169416131405,-8.85421025267848,-15.2424138741604,-16.5136344958629,-16.3450224465394,-16.1718614371656,-15.2952596545035,-14.1830034153452,-13.914455279709,-13.7586515159738
-4.98212100134607,-4.75451078574598,-15.4307034028467,-16.6474999400667,-16.4001722823556,-16.1584414872488,-15.4384735044285,-14.6849308959378,-14.4709282776482,-14.2680771482273
-6.73457207931678,-12.2745200248178,-14.1993092005387,-16.0059906796461,-15.8180128073135,-15.5024691935337,-14.2020560924877,-12.7634876209428,-12.320879959386,-12.0671310589737
-6.66873914696833,-7.8766860078555,-17.335689370972,-18.6330043565167,-18.4983341567668,-18.2946261630197,-17.3500131704553,-16.4015230840546,-16.1460414728225,-15.9548974659016
-7.15039196341955,-10.5143605594012,-15.7453280634342,-17.0296067102579,-16.8116972541284,-16.5956912866816,-15.7355998369776,-14.8929918359339,-14.7044853996128,-14.5054637141797
-7.66726876107205,-16.1522989964348,-21.6891745323481,-23.9664781504436,-23.6751487493403,-23.3971500501648,-21.8045572699186,-19.6420086522744,-19.2485698839845,-19.0144551423521
-4.41589678919392,-5.83886993892756,-7.18623388096854,-8.04748066113607,-7.91871922178837,-7.77581847295605,-7.18935248443853,-6.57890391961624,-6.42821793800231,-6.27894637043561
-4.84025461117216,-5.91621643679369,-14.9075852216587,-15.9458929798568,-15.7910443270925,-15.6086296051204,-14.8894983928376,-14.2480706251361,-14.0271642619926,-13.8414861321165
-5.82966973563449,-7.16867658816396,-9.33947446044786,-10.6041076308398,-10.351699305756,-10.1565295342819,-9.38918847974007,-8.45973435398911,-8.21543261691689,-7.99606846074627
-2.73651705955066,-6.47825758398929,-7.35891843440692,-8.75504834745975,-8.56825491675806,-8.33948869534845,-7.50084914547194,-6.06500544493379,-5.75609174034793,-5.56000668595984
-3.38003599773588,-3.79353857479086,-6.63256049868078,-7.52205125925724,-7.39350200140736,-7.27445117396641,-6.63616501390436,-6.03613740444652,-5.87714109997499,-5.73001996535943
-6.29541723369005,-10.9819536812539,-15.2677719165182,-17.0794838661909,-16.7980126384664,-16.4454270880488,-15.197415366289,-14.1878845678887,-13.9024893927115,-13.7140203316989
-5.11062362516094,-8.04555618598788,-8.96100408194885,-10.2698542822621,-10.1159570282384,-9.9005126299785,-8.89429527684588,-8.12702798399596,-7.9790058525407,-7.79839621069069
-3.74764341012655,-3.05524193134739,-6.83444658581365,-7.59872377737237,-7.47768135759578,-7.35499525503661,-6.8281152037164,-6.33106918851192,-6.15964594475793,-6.03570413627374
-8.18576485809503,-10.5336214340148,-16.1853672611718,-17.174469407094,-17.0238089060899,-16.8543647420878,-16.1680022471885,-15.5214811715932,-15.3443622536782,-15.2133599035858
-4.17516464253782,-9.83389861013463,-16.3280037844073,-17.6701254597799,-17.4876635846146,-17.2716717359883,-16.3698154568694,-15.3140280798023,-15.0042169209384,-14.7906516849709
-8.69337186456693,-13.5970820423784,-15.9378272364276,-17.2327487264023,-17.0058786612702,-16.7468742323549,-15.9357332938655,-15.1461256411796,-14.929135483363,-14.655625480617
-5.68326300934459,-6.92784783316896,-7.06000498857278,-8.25264536109216,-8.09141197694664,-7.85886770978654,-7.09345482368896,-6.21124028434929,-5.95092935307358,-5.76543504054144
-6.34789679038665,-7.81647046572609,-12.7742327438526,-15.1138132350312,-14.7478500654515,-14.1861694233602,-12.9063118485562,-11.1813168013501,-10.9059547887224,-10.704086947703
-6.08438638856313,-5.22852128629976,-6.31371514484954,-7.35840981899355,-7.18834807147972,-6.96371114524597,-6.27383704757714,-5.73938711035893,-5.59643063349561,-5.49031072032803
-9.0354823977767,-14.6752949339655,-20.8453258530127,-22.1939135169397,-21.9058810595154,-21.6926625372697,-20.8362136773164,-20.0347816306958,-19.8333318040196,-19.6579269204012
-9.9553503348073,-20.4398290353128,-22.5180948525811,-24.1288033948768,-23.9521880864128,-23.702894283665,-22.4904235953913,-21.3957973726824,-21.0769719467824,-20.8601776450816
-8.04219918203252,-10.0031868225441,-14.8985237913711,-16.7933710857227,-16.6020907004843,-16.2955020471228,-15.3116064370011,-13.0163115622001,-12.6694488380765,-12.4271003353075
-5.7666174308446,-8.50495431303314,-17.8607061283391,-19.5570248018471,-19.2116146277448,-18.9239546185256,-17.971433234359,-16.4522311502802,-16.1108514634305,-15.8672771374973
-9.41030604440611,-12.4060986483553,-15.0835440641993,-16.1691745819014,-16.0123032729406,-15.8103905510344,-15.1137181216975,-14.2889810369056,-14.0559602341469,-13.8073904315296
-5.20412451595804,-6.133881355331,-7.65798773833104,-8.98152095081129,-8.8384864833643,-8.57651857081577,-7.60685228104882,-6.86426045638229,-6.68674263190162,-6.55093653215725
-7.07487539716632,-11.0729387570139,-12.6153523492607,-14.6170932667179,-14.3394348514343,-13.9756060696809,-12.4914385209403,-11.4716193977954,-11.2585053153668,-11.0666685193383
-6.00207693712226,-9.18872111513669,-9.73048777764417,-11.3524250944968,-11.1549748403112,-10.8292941721733,-9.69895739941364,-8.73040776254762,-8.39650222012004,-8.23219003857365
-3.1033908892431,-3.48147896013576,-7.25485791305702,-8.44165102566579,-8.24141875264448,-8.05574462302197,-7.23348643082993,-6.48945599807,-6.28777369639711,-6.08528248150129
-6.55675240219666,-14.1966664885488,-12.7738099205918,-14.1750552769061,-13.9165721283145,-13.6958426954021,-12.8164545390386,-11.8002730754394,-11.5728124057318,-11.3795504543586
-3.45361271640754,-2.62018223973329,-5.9025718870401,-6.65572988280592,-6.52110213709406,-6.40361207061089,-5.92502068606606,-5.36421785389905,-5.24430402737552,-5.12767353488231
-6.91537035728981,-11.0491592288009,-8.88649605253101,-10.6119820192847,-10.3482349373672,-10.0821716151479,-8.91907978740666,-7.63016601359203,-7.43686458011365,-7.21620189029485
-8.20226278409455,-14.0495823888306,-10.9651911252559,-12.8713272584006,-12.6236246469608,-12.2795853860055,-10.8906015931082,-9.69059413969976,-9.44419808893871,-9.30916365202655
-6.42602629769713,-11.1779349402399,-13.260508201776,-14.6142434702485,-14.4537094042648,-14.1943419948532,-13.2971248718653,-12.2354256017413,-11.9320336357796,-11.7417985850033
-3.17550258974121,-4.83869645777316,-7.35850795920156,-8.90886728205881,-8.72478897318197,-8.48370871672155,-7.52770359772073,-5.95307615082767,-5.72499620118902,-5.50981649786561
-5.95228891623083,-6.2869605125702,-14.3603915469521,-15.433608707744,-15.2601245351562,-15.048502998916,-14.3651364515795,-13.6406215713836,-13.4380186916758,-13.2974946592248
-6.90779677351654,-10.9499548890781,-15.2694295304748,-16.418549974189,-16.2739745615619,-16.0870246739207,-15.2571968215775,-14.4715095282839,-14.2375391399664,-14.1242638754215
-4.27043287122514,-4.25225354829713,-4.76213052799929,-5.68897061810082,-5.50116708236828,-5.35738032270369,-4.74292362408065,-4.18140505853043,-4.04586191007932,-3.91635396902318
-8.17789699542091,-12.4363298953141,-20.4735939869563,-22.2117310426889,-21.9928049312895,-21.7433250250488,-20.5067770700578,-19.201098392075,-18.872284147245,-18.5743261706645
-8.70272360680261,-9.30564634954616,-12.3854778623991,-14.2775425133355,-13.9591633032021,-13.6592744434588,-12.3640891390064,-11.1071544430816,-10.8503324728215,-10.6292025472274
-3.87905196781254,-3.18212828944107,-6.5026799491813,-7.50732888335919,-7.40795583476036,-7.25602748790787,-6.50083971569457,-5.77592638396359,-5.5791819026401,-5.452933667387
-8.40366824427119,-13.3361395218542,-17.4278054638738,-18.6100057590041,-18.4011651846128,-18.2103660673965,-17.4668103465817,-16.5806554031835,-16.3597358232546,-16.1288805978958
-4.01634831835184,-4.88884457265342,-11.1713460517256,-13.1336838548924,-12.8730968700706,-12.5290517789129,-11.3818331345601,-9.50735286556304,-9.09119011600519,-8.78864333758488
-8.14885330490027,-12.7958836418032,-18.0513614039484,-19.5228766422264,-19.3479664830221,-19.0868322180575,-18.1894372261385,-16.7988516412093,-16.4457229118503,-16.1692392264159
-5.01529801059063,-6.59831784648519,-14.5130382912541,-15.7800260555132,-15.615387821197,-15.4286172306353,-14.593756687869,-13.5163602947153,-13.2896547221839,-13.1515389938988
-1.54876825888659,-1.85831672279974,-3.14603929050274,-3.89081951063807,-3.80909326983942,-3.6537290418084,-3.13833312713239,-2.63359246151863,-2.50127160539236,-2.40941693532345
-7.91955308815998,-10.1041727780931,-17.1558148324151,-18.176243724414,-18.0367323336822,-17.8847503170504,-17.1991665985976,-16.3568547402857,-16.0528932444037,-15.729567282725
-7.6252210356992,-13.8581339230558,-18.8350018407345,-20.9066596676757,-20.7694501082239,-20.4712267975609,-18.8305628629445,-17.1079692173022,-16.800353680368,-16.5208279672239
-8.91858718270669,-12.5683552179998,-11.9279538691022,-13.4115828222985,-13.2692767324374,-12.9826599089001,-11.8860681695739,-11.0129844179838,-10.7530780311493,-10.4984611577441
-5.3971327788131,-10.0919229868017,-14.9456180105941,-17.0274737210326,-16.8704184277479,-16.6356188048168,-15.3240657028227,-12.792745374061,-12.4538440831518,-12.243081975106
-9.12429071124002,-13.5094076900682,-13.1632967556882,-14.2600192965744,-14.0949706236805,-13.8896335942185,-13.1563219361754,-12.4320748993134,-12.2247839786694,-12.0866502456674
-5.49638327886073,-7.56880059665156,-5.38888151705148,-6.34057181045095,-6.16761982414341,-6.00282219429532,-5.39189819229397,-4.76647457720424,-4.57565191023713,-4.44168198522064
-4.47733015292286,-5.62874687191141,-8.48024169644086,-9.38637733631956,-9.27698077762573,-9.14248194885439,-8.47418502888839,-7.82411613650761,-7.64737716366392,-7.49288425452844
-6.61290842025819,-10.0534844440912,-13.3607393426136,-14.7369379294963,-14.5609035601754,-14.3491558774023,-13.4892120470193,-12.0323319712893,-11.7562916168561,-11.5247569490993
-6.04847746571591,-7.9786606682214,-13.1103116722753,-14.6656700999307,-14.4116732508826,-14.0919372379844,-13.0154126051429,-12.1993999326758,-12.0110338690043,-11.8593845196803
-7.30802932242487,-9.46637358069961,-15.6852629887114,-17.4595429669928,-17.0780398173649,-16.7178733138386,-15.6659194860636,-14.6475759168286,-14.3956856630616,-14.234110734541
-7.46653845934866,-13.3982182548648,-15.6342474103472,-17.301502640948,-17.0626753477793,-16.8433701669431,-15.7072047323628,-14.2589174602724,-13.9471333083897,-13.7110425774823
-3.88262890130805,-4.65336398118382,-8.98983447129051,-10.200313705547,-10.0172163463824,-9.78331899998506,-8.97551775456116,-8.24799532830646,-8.03277194017047,-7.78922005303753
-3.12716087966427,-6.5039575238096,-7.41376891416852,-9.40242094436127,-9.19809302077056,-8.79214964801447,-7.37888010664057,-6.13464026380777,-5.87529049889458,-5.71820501891819
-6.3501490081151,-8.63071757061683,-11.8199536950892,-13.1465915235515,-12.9234083993242,-12.7330923016093,-11.9205008671394,-10.7639314913705,-10.4698885664642,-10.2985419106735
-6.22279479670744,-7.67786609375815,-7.55821954681513,-8.50384859367892,-8.369807333996,-8.17331201970721,-7.53824506769722,-6.99074425918361,-6.83474239064155,-6.65047526934219
-6.06612037027258,-10.1417316416632,-10.6892735386128,-11.7982460142023,-11.6434052236058,-11.4457370259446,-10.6952933256916,-9.94012996316973,-9.77882128173837,-9.60913026511125
-4.69706318204866,-5.59853509148398,-7.24127025257827,-8.33742634490357,-8.16834290592594,-7.93131554072009,-7.24873991949191,-6.51306752685663,-6.27813520115963,-6.10063356499904
-6.94633488112806,-9.19206269025523,-12.8967547452173,-14.1679182358286,-13.882369187657,-13.6214463321325,-12.8969142197601,-12.1216673492679,-11.9075011828414,-11.7441231654436
-3.93795495918518,-3.69490539789666,-9.01716035173043,-10.2707696590795,-10.0894732011835,-9.90120824122757,-9.03963005478342,-8.14560319486866,-7.97141786055503,-7.85650918595018
-5.09436269954704,-4.58568350687251,-8.38191970640655,-9.20435083617154,-9.1095365308639,-8.9645222791256,-8.40325694416879,-7.75777315905862,-7.53028981507207,-7.40770193302005
-6.74166106404191,-11.5376257552141,-18.4418260432241,-19.9694104127784,-19.7535773380554,-19.422533803393,-18.4482746439397,-17.4334421927639,-17.239382633461,-17.0861934677448
-5.86421373392405,-6.80547004438734,-11.6427032242561,-13.6006060371886,-13.2402275041932,-12.9043785948432,-11.5650070607456,-10.5300813149312,-10.2917661571594,-10.0436683520027
-3.24223992895417,-3.60772059141839,-9.79196031924369,-11.4831899400753,-11.2574594347663,-10.9949013796335,-9.73975186106994,-8.7189401430845,-8.37849542614088,-8.20492333220344
-8.70110849442214,-9.89697128723777,-13.6531815867242,-15.0928598623786,-14.8088497198638,-14.4689457164432,-13.5911838507442,-12.9028686040578,-12.7282212220212,-12.597816322593
-4.78706336141424,-4.86208138117044,-11.0169437761901,-12.0207170074914,-11.8747199727397,-11.6404343087113,-11.0099817431403,-10.3853378592782,-10.2264143998845,-10.0618760777345
-4.91088466779145,-6.5948665085194,-11.7781955618365,-13.169017502238,-13.0134166971402,-12.7848603582589,-11.7324757236335,-10.868912376882,-10.6301860929802,-10.4000342799467
-9.16904372786531,-13.6933849421755,-19.7868512842557,-20.9426047386756,-20.7491477245552,-20.5230368450588,-19.8417264637291,-18.9751873301798,-18.7286717989867,-18.5553941230614
-4.02191740855713,-5.56646324458816,-7.97121328482046,-9.08619320089324,-8.94204128766728,-8.74562104450795,-7.96715316459913,-7.19996331607124,-7.01172514058238,-6.86273769352791
-6.88832402280295,-7.80577276702416,-18.6475260582564,-20.3512482270221,-20.160860534962,-19.8769323933911,-18.8973079655053,-16.8908737314145,-16.3910372718062,-16.0720913362742
-11.6849500791363,-20.0454864278977,-18.0790050761913,-19.4687254521923,-19.1637649677447,-18.7722211831388,-18.052821625475,-17.3463375406452,-17.1601043481139,-16.970453557802
-5.55508928694534,-6.52406665189065,-8.62283551509071,-9.41006044931538,-9.29347039566179,-9.1681847469498,-8.61456989400891,-8.09555481899858,-7.89883053967363,-7.8089467041828
-5.36816923264587,-10.7887952258453,-11.4710083177153,-12.9097022445365,-12.644080802897,-12.3894255058957,-11.550748352837,-10.38354092758,-10.0708923920917,-9.8474469154554
-6.52881852186291,-10.8924094285377,-20.3335523873544,-22.0767379133462,-21.8433813601871,-21.5097655148849,-20.2922207410205,-19.2496449478881,-19.0062479608719,-18.7168445726615
-7.6781846577618,-9.87364283576055,-17.753855211117,-19.4221746239759,-19.1790777986166,-18.9553382759851,-17.8142741259627,-16.3747640010417,-16.0458224431118,-15.8020679735217
-7.96927953659436,-13.1704950881701,-15.2824965801625,-16.3388788355191,-16.1357732142578,-15.940366929114,-15.2646776202351,-14.6497023132139,-14.4451732311734,-14.3335221643484
-4.10234312919988,-7.86672252860721,-5.55219791897667,-6.82673729685927,-6.61832392206549,-6.35298442873866,-5.52271965818988,-4.83221804787117,-4.61995904435772,-4.41509121009492
-4.87201773825994,-5.59708002724887,-14.8399011203119,-16.0881309685746,-15.8727893195538,-15.6566418634221,-14.8364919881773,-13.9713190569058,-13.8267057015248,-13.6199042158428
-9.1748455074412,-13.0033876822988,-17.370747126275,-18.665077806525,-18.4369368214321,-18.1355150048823,-17.3491905936121,-16.6279479646605,-16.4305942957159,-16.2625743190171
-8.73764243602459,-15.5647468842895,-21.8182833226699,-23.3592227474865,-23.144956033873,-22.9020799230702,-21.9587484492326,-20.5296293284554,-20.2406787007497,-20.0299048607206
-8.63956182759161,-12.4617767563645,-15.7500980622874,-18.2373339834159,-17.9999106482385,-17.7385436580609,-15.9905846807412,-13.4477249351716,-13.1122110041845,-12.835790072653
-5.81837855438616,-7.39840826089377,-14.4016011446173,-15.8539020361395,-15.6916858680783,-15.461089090918,-14.4238654061352,-13.3466482602407,-13.1210301616436,-12.8697523657925
-9.48184036893866,-12.8946291721803,-19.5599433215706,-21.2089682318524,-21.0399473887799,-20.7560583833727,-19.7096168315947,-17.9117282604396,-17.5716521036347,-17.3707048984914
-6.33912863953476,-9.13817844910639,-7.67533004255742,-9.66813462047383,-9.44876085013049,-9.16963580836296,-7.44425506153267,-6.29123894130836,-6.01779758321051,-5.87063110626214
-6.12485479489489,-11.3175758678462,-16.8992549783567,-18.7600744997027,-18.5402930623677,-18.2097120789207,-16.7300510518102,-15.7241785108514,-15.4933887143181,-15.2287876568782
-0.889954710319468,-1.00649680586496,-3.47717320029583,-4.47829470972433,-4.35976170628494,-4.21064386792221,-3.45471504844702,-2.73800940028241,-2.61628444264519,-2.50868259924272
-4.39503614102438,-6.80220844166443,-16.4631184833362,-17.9040212062024,-17.7539616622751,-17.545084225722,-16.4673574013373,-15.3988859085864,-15.0741575561448,-14.8185909331329
-4.46706280060731,-5.46132506882675,-6.99088530084438,-8.42220144559,-8.21983580984167,-8.05293248643525,-7.05915925778519,-5.87252548835948,-5.6771396701284,-5.54146303806927
-4.51489564937278,-6.79781360198723,-13.5486899975953,-15.0389517328679,-14.7242155514242,-14.5431923553921,-13.5170080734079,-12.5975511725727,-12.3781110549009,-12.1922500954496
-4.41018432104402,-5.15705772841404,-6.41538178164609,-7.84586741370728,-7.66342955806433,-7.4323042982891,-6.45052223694472,-5.33357006236073,-5.08854635009176,-4.85772956820339
-6.19607202283254,-8.51675872412805,-8.21156830722814,-9.30971935729163,-9.10501964545411,-8.90138860515897,-8.21399508099601,-7.516261003939,-7.32918845727857,-7.15691487516745
-6.90461240700389,-11.0933991018456,-18.8534115550065,-20.7393301086812,-20.5794275432288,-20.33983655672,-19.2729859948418,-16.6203493706687,-16.2999855032441,-16.0487974883838
-5.44414292507645,-8.14872755553146,-8.09880887105891,-9.23483164690753,-9.08775192488723,-8.8546560350428,-8.10303488360085,-7.33860922565993,-7.14450463183443,-7.03990492730347
-4.19801490515665,-5.36762680264582,-9.98033876692624,-11.6846162821692,-11.4482006012819,-11.2133100837982,-10.3420753700175,-8.05949798417875,-7.8069031410074,-7.61641786170828
-8.96475163889001,-15.4420373562487,-18.0391024087869,-19.6813354835868,-19.4346313988694,-19.1910793017384,-18.0214096522066,-16.9025384102941,-16.6885166172724,-16.479580023479
-8.34177428901114,-10.7987229198193,-11.9956070956258,-13.7645813857413,-13.4780385291343,-13.2079757600498,-12.1678053341144,-10.5067060374465,-10.2307019539895,-10.0408004937072
-8.7334551870247,-10.8203432788587,-15.4578462724612,-16.8021395788522,-16.5343560717409,-16.274988872089,-15.4150667812515,-14.69501265099,-14.5456041913698,-14.3771592997225
-7.52189616642247,-10.1306488856303,-17.5311676566947,-18.7059745276456,-18.5439799080763,-18.3273549331278,-17.5356114251523,-16.7485431052419,-16.5121669871941,-16.3071878295665
-6.50068908655165,-12.0363385978444,-11.7146600969457,-13.5176949169503,-13.2767935500193,-13.0032024271115,-11.6189836508983,-10.5085638989437,-10.2831924661355,-10.0596027499799
-5.37672793454231,-6.80921291811471,-7.93441921715014,-8.87774136715496,-8.74563648222549,-8.56125357098736,-7.93290627006334,-7.30759856396733,-7.1179366659258,-6.99132423680831
-6.72534311568188,-9.83739020575132,-15.5126018037209,-16.8031834136761,-16.6338129245258,-16.3818793445125,-15.5213501465047,-14.6290771717817,-14.3499853540984,-14.1347300852649
-7.72287039661102,-11.7875617578798,-15.2621966938416,-16.4260358964668,-16.2434809290573,-16.0310064317895,-15.263763041571,-14.5566302760039,-14.3035847049616,-14.1098390307839
-3.70335602393812,-4.56238912481829,-9.63013750948856,-10.5075990348797,-10.3649019140906,-10.2108838730921,-9.61789195150337,-9.06069414691416,-8.91306064109683,-8.82745267250236
-4.01896754947152,-7.18253118102315,-10.8752743706722,-11.9839190968346,-11.7393662708125,-11.5330081815804,-10.8996355439406,-10.1404724554731,-9.94432701667044,-9.70380672356687
-7.94041476278842,-10.3793984143351,-18.4221401904614,-20.0042661590992,-19.6574474239048,-19.3958227883484,-18.3969622603583,-17.4895634866964,-17.2627072732481,-17.0706615945604
-5.76808941510148,-7.82663594482432,-9.27875904780519,-10.4483320493385,-10.2255477307316,-10.0457412515599,-9.30479831514232,-8.47590933490367,-8.20039570912494,-7.98342114793053
-2.96111750954337,-6.30627018651064,-8.33231131460565,-9.7825714833777,-9.59620709766985,-9.38697620716066,-8.4000698941603,-7.21985597304094,-6.83690091170581,-6.55929401181132
-5.16002970086204,-6.09427978568992,-13.0155496677259,-14.6544752571993,-14.5159569930489,-14.2931244654323,-13.1533797952512,-11.600169337169,-11.3368277336218,-10.9670497052709
-9.23390718496493,-13.0603711823386,-16.3582869138563,-18.0370881862752,-17.7795030165297,-17.5593161363241,-16.409167115983,-15.1295366598964,-14.7725802116819,-14.4934581810947
-4.1553598389144,-6.70821664261281,-7.55793994161492,-9.56092997962552,-9.29290807117057,-8.97433353571915,-7.58075436996798,-6.24022288339098,-6.05453809386679,-5.85130946074952
-5.7959088349089,-7.23452328408683,-16.2226496671105,-17.4726595851388,-17.2940339910503,-17.051037827685,-16.3238733070469,-15.2153761396785,-14.7362960726733,-14.3102335170166
-7.05316337312131,-10.2690283095771,-10.8700739941606,-12.3755086685902,-12.2309743213789,-11.9098593855468,-10.8577979159175,-9.86751649147924,-9.59780081991008,-9.43969573986076
-2.63974819444216,-4.00352413189784,-6.99200176001837,-8.09113526636573,-7.91680345685637,-7.73310946907401,-6.94160161017149,-6.31398418170132,-6.145716389579,-6.03993628068722
-10.0087785711287,-14.1214182571889,-22.2774158498761,-23.7353954803185,-23.5891359768108,-23.280171818801,-22.3586215504939,-21.1206051154869,-20.8391452903578,-20.6251200810492
-7.97668667452757,-12.708342824601,-17.0867914408261,-18.1688371794633,-18.0318580193692,-17.8678354959824,-17.0798077911433,-16.3426148642118,-16.1520592971042,-15.8957434532942
-3.14208446732684,-2.89346621790461,-5.6720055908432,-6.36305647212214,-6.27315160894672,-6.16249633712493,-5.69708593146736,-5.16241561872921,-4.99171142213627,-4.85132606998517
-1.57252998670232,-1.98769909401444,-7.83166863785012,-9.02045681112023,-8.83218401953035,-8.60652009456197,-7.80707981428482,-7.0895361511538,-6.90697675599649,-6.72754667504309
-3.10892781526629,-4.55954245760355,-8.27815291010961,-9.41851418230591,-9.27182727467702,-9.072461183853,-8.31996177336162,-7.41674085477396,-7.19355656245022,-7.04862391137608
-2.7173057354084,-5.95355087600167,-5.76006347985456,-6.89530420418702,-6.76463094087972,-6.5657926720516,-5.79372621870498,-4.93234455393505,-4.70304046776634,-4.55900759723491
-6.43696928766658,-12.8952852231865,-14.3981091357712,-15.8770515315158,-15.7129227466541,-15.4873047951744,-14.4138402475787,-13.3041673257371,-12.9732279449379,-12.8057583125326
-4.79392386993322,-6.01909993997427,-6.16156323963905,-7.58692116435178,-7.42146864518565,-7.2408425174272,-6.24894536851821,-4.96364678561238,-4.76589871587153,-4.6402668183869
-4.48307437420321,-6.08417176597077,-11.2510929568795,-12.3676266981403,-12.1695431577334,-12.0113930823346,-11.2332898792436,-10.5392270607618,-10.3991091660194,-10.3049376390392
-4.65973077847809,-7.5985468499016,-11.2598413435465,-12.8494638146697,-12.6759379710025,-12.5276690578296,-11.5509838363685,-9.67845407797075,-9.41914304571368,-9.21050451723899
-8.73072624035227,-14.4103307457363,-18.1797286303995,-20.3053480961237,-19.9928269345516,-19.602515517485,-18.0287589410134,-17.0680843340005,-16.7611140208062,-16.4755591789996
-7.49471962185243,-9.64144917302796,-16.942575787502,-18.2943264890982,-18.1695055784416,-17.9813174246627,-17.0646612403728,-15.6713884144392,-15.4437157363283,-15.2255972384359
-4.8713749858001,-9.08075810388396,-10.7442258711868,-12.3703153620751,-12.1028053938208,-11.8338692940037,-10.7141663254332,-9.69162402949459,-9.39678526593667,-9.19769163058683
-5.74909293502807,-6.60655892076102,-7.61144761225288,-8.5705917877834,-8.42254919726683,-8.27284175255397,-7.58629479329377,-7.01290426054864,-6.80177062505735,-6.64647420067294
-7.87866607758758,-13.6101525631671,-15.7479694131939,-17.0532707859431,-16.864618617908,-16.5468470653662,-15.7195851310283,-14.9477646229251,-14.7698619790311,-14.5496254571424
-7.17368476320125,-11.074807797929,-18.0438615588462,-21.2172313161973,-20.9405476421655,-20.3878142637605,-17.9002753102698,-15.7557557626816,-15.3048946920078,-15.000761642088
-6.93722305384709,-8.49264788668782,-11.4920090715288,-12.903999299177,-12.7118243262325,-12.5049529266502,-11.7131081648438,-9.94485944412031,-9.15724162675095,-8.76770532812699
-7.76365051686713,-10.2886485033694,-12.4130489836945,-13.7240332602885,-13.5827285444522,-13.3907206416383,-12.52107460266,-11.2470270975487,-10.8978149809889,-10.6825253857345
-5.38803047943497,-8.70458609225232,-9.3142523627863,-11.0560518732387,-10.6642423873953,-10.2770164681194,-9.20903802771359,-8.54686952044516,-8.33685880230073,-8.12778939813156
-5.43205669468317,-7.07587136158031,-14.7345437151494,-16.2395222747756,-16.0744628999193,-15.8828028247326,-14.9598114093678,-13.1243164105347,-12.8176779555587,-12.5890235664316
-9.9739444782356,-15.8234109508786,-12.1280772586959,-13.8374832282855,-13.6315076138742,-13.3418881666285,-12.339949250928,-10.4649804526293,-10.1688582765371,-9.93567113686852
-8.31744007115205,-14.5403587256521,-15.5415247148171,-16.7119276671062,-16.5737783143525,-16.3430352259673,-15.5466343786944,-14.7452892396644,-14.5060061288491,-14.3700717466247
-10.4445021549747,-17.1898758837722,-19.8933212898021,-21.7645065105179,-21.5677852331003,-21.2943780577527,-20.0048490181208,-18.4001430073605,-17.863286570351,-17.4640987937982
-8.4458346212873,-11.8314304570919,-20.9371450934215,-22.169352632866,-21.9485331821775,-21.7274090442285,-20.9079343053438,-20.1951515897838,-19.9540360613651,-19.7965234537755
-5.7293273236671,-6.8931682316955,-6.33664146517548,-7.60646481622542,-7.43346767916265,-7.24917549883575,-6.36106379260425,-5.40798240869474,-5.05947041154947,-4.77236077424335
-8.21157977584053,-17.8283838228912,-13.9958844738086,-15.9811312929686,-15.7343021283826,-15.3664475445381,-13.9706148127734,-12.705565104557,-12.3771780563448,-12.035464063993
-5.82312460251793,-8.62325944600343,-13.3616965690421,-14.7580318548604,-14.5975518921543,-14.3951653515997,-13.4194532008658,-12.2493568921941,-12.0072039423145,-11.8422704200304
-9.1922957676315,-13.5335432703672,-18.9544735622826,-20.3190853309645,-20.1417205341349,-19.914043793523,-18.9927635498148,-17.9551626835723,-17.6486811512108,-17.4357882538563
-6.42753403757984,-9.35915303049122,-10.3833982260676,-11.7261151446873,-11.571159552246,-11.335060209377,-10.4009798139748,-9.41508991841986,-9.16197990890061,-9.02509116457252
-6.17160362335723,-10.4125920794528,-12.4910085479666,-13.946141916048,-13.8371004405085,-13.5703451823384,-12.444940895128,-11.499732641305,-11.3166233919494,-11.1605103538522
-6.34857937225938,-8.73735839989704,-13.3723515444418,-15.1449839175882,-14.9808604170985,-14.716998032697,-13.4028859270127,-11.9760996061412,-11.7326162071486,-11.4995493420737
-7.11269679993623,-12.127204440698,-15.4927118707055,-16.7285269617103,-16.5873975370863,-16.3343810539186,-15.4980068144295,-14.6808580105884,-14.4514062854662,-14.2251544704972
-4.99590762239663,-5.57860076057951,-12.9633981752591,-14.3608925614736,-14.1248432640262,-13.8700646877295,-12.9618267206884,-12.0931737662935,-11.8615470220256,-11.6752567555852
-7.3438450191024,-10.096839847064,-11.8967089040615,-13.8198260889134,-13.5805404062277,-13.2652294497037,-11.9366705076349,-10.4940646883279,-10.2752631226666,-10.0549536600617
-7.50767823365188,-8.15785684208165,-11.7051072642893,-12.748030752691,-12.5664416231591,-12.3809237367633,-11.7339423201487,-10.9583288218062,-10.7650864100448,-10.5209471132747
-7.72468291636706,-11.6650462944113,-9.88725704864322,-11.1077989361933,-10.9158468996391,-10.6555597069185,-9.89410209492657,-9.10115988604994,-8.90062119299077,-8.73314441990699
-7.07367586580272,-10.4293690593364,-17.2239544288021,-18.5611203031974,-18.3170842135697,-18.0262992850457,-17.209766788525,-16.4463245005573,-16.2402029166255,-16.0731576597591
-8.45873115922997,-12.8020357667424,-12.7766061705345,-14.1060369591631,-13.8902612688286,-13.6754665549749,-12.7688754696702,-11.904020932691,-11.7128598492803,-11.5080019538227
-4.99746563354376,-5.04447082155719,-10.7865628397038,-11.9305903073673,-11.8142949805011,-11.6614561602022,-10.8320171495163,-9.86421752111171,-9.58525912893152,-9.3671810843371
-3.93296087238179,-5.53789017849704,-6.99131981119221,-8.31331134987305,-8.16237792854831,-7.93839014068344,-6.96618086324717,-6.14353114187952,-5.85795011983596,-5.65677968970929
-8.3442060077155,-11.2844581922228,-11.600150150888,-12.7611885559087,-12.6193192455025,-12.4059050463398,-11.6704123456498,-10.6621613565172,-10.3985035611076,-10.2156909707076
-6.38558276923369,-8.8208079572594,-10.5473456917156,-11.5972754448029,-11.4547123379318,-11.2649465422665,-10.5556841669514,-9.770598089127,-9.55634804296323,-9.38093025548999
-7.56116748264473,-12.1684766193242,-8.71723178691604,-9.84832020413597,-9.66916664640478,-9.43020821791184,-8.66792531328078,-8.05331156026435,-7.88265783645592,-7.76820007438353
-8.11676200851353,-14.9370876904272,-19.0751280910325,-20.6420428433775,-20.4375191039812,-20.1539379753804,-19.2929654353768,-17.5182938430567,-17.0229275905005,-16.7877776930953
-7.02404158175634,-9.02148401566097,-8.39666517775431,-9.7308923194693,-9.57330423829481,-9.34549328703445,-8.43540417648443,-7.31310068881247,-7.11581352157643,-6.9387543258836
-3.6706459863639,-5.5126449199583,-11.3520575593684,-13.0378303513539,-12.8509724652057,-12.5748272086768,-11.2252394595168,-10.2653073660933,-10.074656771875,-9.88203474725079
-4.26023603790355,-6.17454633281765,-10.5206388585461,-11.6643030166572,-11.4715790983444,-11.2903076535416,-10.5113584625519,-9.73590464192249,-9.54356599654191,-9.38200032634827
-8.46141301088257,-14.7662009672015,-12.0726021697005,-13.3702487663694,-13.1699235135412,-12.9019389921958,-12.0721356306878,-11.2151903162018,-10.9781600781223,-10.7999955959881
-5.19534444396994,-6.18791461037163,-8.21764721175421,-9.29044991941161,-9.09968249340376,-8.95406637735232,-8.19565646167859,-7.53243686099191,-7.35512873625248,-7.2280125277072
-3.70711908822312,-3.44149069517366,-15.9310394847331,-17.4699620174629,-17.2495511294278,-16.9762962407347,-15.9154327502433,-14.9480307216038,-14.6919171242625,-14.4790637928576
-8.14923875913563,-9.21734080274271,-9.98761833573777,-12.5738384281486,-12.2887999046619,-11.8862473632198,-9.73125125662456,-8.39452690425987,-8.15039749424685,-7.94326762838589
-8.29192730578015,-10.7509204242199,-11.4821809749273,-12.821023563078,-12.51901418753,-12.2553741773804,-11.4584794327817,-10.7430966483779,-10.5637743626582,-10.3509888965833
-8.56007285149999,-14.9092521311995,-15.6205323489529,-17.7365491999033,-17.438592490625,-17.115332225522,-15.716570177506,-13.8614449723749,-13.599905070679,-13.4006617142627
-8.0966608635388,-14.2606511038527,-14.1954116469355,-15.485111183525,-15.3338729707573,-15.0586908460356,-14.2226080400936,-13.3137358416146,-13.0629703625716,-12.9031443087497
-4.99698326648082,-4.68731220882435,-9.16670745999689,-10.238005203673,-10.0711767393427,-9.8501051010819,-9.15738487684051,-8.4539535099462,-8.28833474213968,-8.15506508888042
-9.10148059194768,-17.4799384269069,-22.5016933223793,-24.2809147199936,-24.0633394431948,-23.7041061905553,-22.5136410021216,-21.2707093704665,-20.8969992673154,-20.6396936658495
-10.2137842849832,-16.2496047841134,-18.9450115823077,-20.1605051668301,-19.9915602780862,-19.7758603573958,-18.9520025560024,-18.1497095633242,-17.8810723468592,-17.6452612306789
-7.39190722216519,-13.8683333636104,-17.7620932630855,-18.9796987692296,-18.8379217845159,-18.6454979780626,-17.7438520111971,-16.9175018947846,-16.726499321203,-16.4722951928499
-5.79947718313947,-5.83049697333206,-9.66839567346795,-11.7377193279543,-11.4672268285161,-11.1454485769082,-9.55069478465079,-8.37044328639701,-8.06423629235125,-7.85458943213597
-6.26848479070462,-8.67781428008644,-12.8625552781571,-14.0135944416859,-13.829246184968,-13.62895676345,-12.8382818337337,-12.0970943021811,-11.9423794117769,-11.7862625850749
-6.43919132392008,-8.40701596417862,-11.1883765523404,-12.1586425945915,-11.9906846987003,-11.8261439409305,-11.1940653752787,-10.5427589542833,-10.3128619264549,-10.1651319103648
-7.3604374843836,-11.6897347283684,-14.6509209857217,-16.2382279729685,-16.0480046147554,-15.7717176952869,-14.5402598526023,-13.7044913334829,-13.4991973240479,-13.370353698227
-9.05242919024858,-15.1320469306367,-17.3864512558374,-19.0957534395539,-18.8038110428257,-18.4872865300496,-17.400182972139,-16.2644068005245,-16.0303410431598,-15.7520492695644
-4.547416070859,-4.68954638575895,-9.5327748921355,-10.6656735745059,-10.4728073960978,-10.2871023022768,-9.54543868852456,-8.7738487337271,-8.59248081732217,-8.44286181343107
-3.52963390705721,-3.28786116752713,-8.60899484988298,-9.38574797530539,-9.24872232063355,-9.12113256247615,-8.60812412989049,-8.08902308393719,-7.96464333776603,-7.86420749539211
-9.12348249818744,-13.2574133067599,-25.6780435049218,-27.1183647268404,-26.9363918449226,-26.7221545458412,-25.7426950559281,-24.5741108889759,-24.2326389781209,-23.938275382156
-7.50134954238147,-11.4888973948134,-16.3622808801863,-17.6548715849926,-17.4035872360099,-17.1615112908767,-16.3646147148515,-15.5791210061101,-15.32386722581,-15.1978572763778
-6.06686956354647,-6.23819540471233,-9.27807270154176,-10.2624132688438,-10.1570637628342,-9.93031180722235,-9.26402008499942,-8.66432760304604,-8.50033010703293,-8.34806321974035
-6.26709533324263,-8.26922201525201,-7.25101679152456,-8.51687714026217,-8.34421817841797,-8.15438822295287,-7.19753487376341,-6.43493178265328,-6.25529269644159,-6.0788607878022
-8.06089839847427,-12.1424628184983,-15.1414829123157,-16.8344870056814,-16.6508497284398,-16.3838298900489,-15.3200938599893,-13.6633382287324,-13.2746397585302,-13.0192144087281
-8.82404794543318,-13.7491606957607,-14.209599736523,-16.2653898067046,-15.9096068335336,-15.6028157131593,-14.3492868288103,-12.6297824788348,-12.2547591121589,-11.9214585727692
-4.51408070100057,-5.24569493809098,-9.1888003359179,-10.4100765928296,-10.226744101084,-10.0245992665542,-9.20386732749422,-8.34610698613377,-8.07880438619775,-7.87073188525413
-4.42844350093333,-6.81231642279042,-5.69102565240417,-6.61840977137097,-6.5179506248235,-6.33452291348991,-5.70005545437475,-5.04981671500241,-4.8573113987951,-4.74640979089218
-4.47253648929716,-8.37201056528331,-17.0643771105042,-18.301680670856,-18.0662254865091,-17.8234908623066,-17.0666822832897,-16.2872439416897,-16.1256460186019,-15.94799142824
-9.16176575680054,-16.7426726892574,-17.4483698345187,-19.2984661254619,-18.9957748952544,-18.5699986196273,-17.5076503759084,-16.2081317293673,-15.9548670259845,-15.7289785411845
-6.37791058244251,-9.44992341855856,-9.42815281137212,-10.5929622248327,-10.3785255333073,-10.2336119636769,-9.44998727044714,-8.61271244433772,-8.40585661905713,-8.17710517897122
-4.15736477564142,-4.50910936690217,-13.3448627588875,-14.7455471458269,-14.5522705449989,-14.2882157374796,-13.3684431406855,-12.2841556981205,-11.9912466352199,-11.803599900836
-6.38186827200811,-7.92671217514362,-12.8111183553731,-14.0298672281544,-13.8842635060475,-13.6695708346181,-12.8279054389022,-11.8879934051956,-11.6744800165904,-11.4443842004574
-3.29127799672991,-5.98218999237465,-9.08972353348687,-10.3990478770654,-10.1892410122045,-9.91205329401722,-9.09495473115183,-8.22806817145586,-7.9948480423533,-7.81276034154426
-4.73160359720529,-6.7493905616303,-10.2830376480902,-11.4860960626951,-11.3181447846497,-11.1270708750515,-10.2611208417251,-9.4427882180936,-9.28376507261897,-9.08621183294175
-5.49899583792513,-6.58962878668628,-7.6214397381587,-8.62601905467907,-8.46861542324768,-8.26758753543138,-7.59684701899694,-6.99481471895088,-6.84797746954946,-6.71555160494242
-3.42098037931204,-5.03596148158753,-7.41497719478944,-8.69724240120879,-8.46576070742784,-8.25138554049784,-7.43167808166202,-6.55618871375139,-6.32626892120128,-6.12177157969241
-5.33672446451521,-6.10858791504464,-11.2291828071545,-12.1362464666267,-12.0131078962124,-11.8327343825775,-11.2350668569487,-10.6271575980653,-10.4415367525092,-10.3170636429264
-6.73549801771494,-7.64381731074746,-17.9535642477676,-19.2321634128631,-19.0244148505804,-18.769452782907,-17.9144738223457,-17.1945969935122,-16.9749700464129,-16.8793087862612
-8.32353892461826,-12.1262175821543,-15.7000910421305,-17.6773009734236,-17.4187099186346,-17.0501105920345,-15.6424021996774,-14.5071906210211,-14.2006884538328,-14.0063338337219
-1.19481112358184,-3.29975267014393,-11.257943392251,-12.2182931422247,-12.0504710828868,-11.9033300007388,-11.2709640115704,-10.5943622083064,-10.3663087622232,-10.1921784626096
-5.7440767196172,-8.73822739535626,-6.36957966914037,-7.32092922247228,-7.18526328558838,-6.98508491664187,-6.36364875941133,-5.73304149507934,-5.57902618901307,-5.46096060608132
-6.67253753142026,-11.8164642773052,-12.2921747695705,-13.9184464030715,-13.6526880624021,-13.3352737710113,-12.2461007429565,-11.3394078291646,-11.1234403995449,-10.9909642228773
-6.40828378396122,-6.57883906812594,-9.44371563770989,-10.8975913325174,-10.7338825326769,-10.5138497106668,-9.33032176292439,-8.45305175946912,-8.32053700580658,-8.19641707859731
-8.07448665253752,-9.82856731036441,-18.2056166916145,-19.3940922362642,-19.2308472059955,-19.0480998514197,-18.2223987747461,-17.4225745816311,-17.1812798212565,-16.9896183831356
-9.05421583176536,-14.3448470542016,-17.3278709569147,-18.8850283827973,-18.6143881144564,-18.3476400465319,-17.2832954744067,-16.3658219234541,-16.1323666575757,-15.9123058874526
-6.41940433880644,-6.70163167634837,-11.320107007164,-12.4959107005751,-12.2632363294688,-11.9555992478776,-11.3022583498355,-10.6497375101909,-10.419486774861,-10.308195823021
-8.39318735569591,-15.0412982187148,-22.050766591197,-24.2177792170189,-23.9001184748181,-23.5784402274386,-22.0402749399938,-20.5078556838016,-20.2332725376576,-19.9788594405731
-5.87521029466885,-7.63347047184207,-11.771326462522,-13.2645866503063,-13.0002189033832,-12.7940961062036,-11.7948319972034,-10.6787705943683,-10.4453852815612,-10.2684007355046
-6.81526826466997,-9.45511031679907,-12.8481700967659,-14.5287619215119,-14.2209413723912,-13.9560417978128,-12.7954665552638,-11.8805081897635,-11.6080493333421,-11.4200727936276
-6.69034293466337,-10.1996766814639,-16.3971918979591,-17.9568374429073,-17.6634355254952,-17.3602921247735,-16.4830918232306,-15.1981390641902,-14.9232650499867,-14.6599927760614
-7.82085078340166,-12.0582817584529,-13.9419913645085,-15.3166626875372,-15.0562194111104,-14.7619682978677,-13.9176622344543,-13.1432338923198,-12.8950459601946,-12.7005591795292
-5.91118662369955,-9.29098824295391,-11.6622162505581,-12.9012564102771,-12.7048953353443,-12.5082966379666,-11.7348918637713,-10.6715974776662,-10.4659355129707,-10.2406619160341
-9.06720775764472,-12.8402161843187,-17.0985458252391,-18.4717085510199,-18.2501835873233,-18.0262670143756,-17.0950281242551,-16.1960988450093,-15.940983703111,-15.771135444961
-3.3714809527131,-5.59261414354936,-9.16849871348565,-10.5651926087198,-10.3861861177684,-10.1622176721689,-9.11259699226162,-8.24994526072635,-8.0933165690867,-7.9315264742931
-6.94406497958439,-15.3990214501561,-14.20074267904,-15.6831137667949,-15.4828186618014,-15.1905625108972,-14.1817124454444,-13.2722024451125,-13.0163983605629,-12.7341654387663
-7.24789330077284,-10.6349785540984,-16.0194656398169,-17.5212043860103,-17.3465930143423,-17.0403984809531,-16.0510994015503,-15.0002302671743,-14.7126743058079,-14.5085897738227
-8.94303295757444,-14.3386707943673,-16.4441833398303,-17.6493063063927,-17.5051176182658,-17.2943580751464,-16.4742917011806,-15.526933949467,-15.1651492748094,-14.8955615977858
-7.20381395733191,-13.7648038695167,-17.6749102736105,-19.1188072916181,-18.8925267677767,-18.6742383151566,-17.6628846582059,-16.7537530292343,-16.4338684436986,-16.2097196259319
-7.86425662030697,-12.0810471216266,-14.474310206063,-16.0611563934877,-15.8582992944588,-15.5267593662135,-14.3868684440516,-13.5811707284595,-13.3529953532576,-13.1293216558073
-8.93959730693428,-11.1068913684136,-21.072205988757,-22.1867934246445,-22.0279511907954,-21.8744801260705,-21.0948818369017,-20.2718274777982,-20.0328168437918,-19.8408882618831
-4.75975193047384,-6.59294741878189,-6.83579433093911,-8.23001013741794,-8.04028007594394,-7.81314595423431,-6.80778468558112,-5.95888205397149,-5.73221379557004,-5.56288867287587
-6.05092613721902,-7.82615584814616,-15.5324853768718,-17.1587682052646,-16.9763676517076,-16.7532960432658,-15.7309248208819,-13.9319107015395,-13.2809918102069,-12.9185731955041
-6.33159382174206,-8.61962987387166,-11.8948575102774,-13.5074372781785,-13.1754388970384,-12.847989411265,-11.8645763897359,-11.0161843046773,-10.7726983906172,-10.5960650023322
-5.26562576632031,-9.51708518328733,-9.99995643821605,-11.1823777488591,-10.994901214539,-10.7713018211942,-10.0238806358736,-9.17134714774533,-8.92290537058465,-8.74806660005005
-9.00549672357953,-12.0290030271989,-17.2374721876233,-19.0961545637918,-18.8339971726079,-18.5280662712675,-17.3666302332693,-15.7388652440051,-15.4712308587741,-15.2881831000437
-5.04016776820314,-5.34167618570166,-10.6119963925163,-11.605286225798,-11.4724914062713,-11.2926730451135,-10.6106886001335,-9.94162924540638,-9.7112090344695,-9.47795710848409
-5.67532385931044,-7.30201835733784,-8.92635709101967,-10.7116840709957,-10.4800420652744,-10.243209072535,-8.86740838072831,-7.76417284820879,-7.47968945518404,-7.29512929191363
-8.37060785156953,-9.70668291371334,-20.4639509341392,-21.7796135752322,-21.5828576867402,-21.3535781721743,-20.4623403594736,-19.5561373219434,-19.3417484847391,-19.2037159535961
-6.18624194420069,-8.09616189284899,-12.1157810167663,-13.571673048496,-13.39659709883,-13.2259593005062,-12.1768560711891,-10.9251220118228,-10.6220363666019,-10.4041546988215
-7.158740886845,-11.1663426580121,-18.3721699385724,-20.0331520434243,-19.7816406729064,-19.5566901567505,-18.421560963256,-17.1033864457924,-16.8624168360977,-16.7057324209577
-7.81829680244086,-10.8098081221861,-12.1668295829949,-13.5156624518917,-13.3624042375999,-13.0962222566884,-12.1650387500195,-11.2374220729662,-10.9581807561042,-10.8017059128173
-6.99985380463602,-8.69195472649298,-14.0657891000031,-15.5899262393536,-15.3727542562333,-15.1235427859923,-14.099117587418,-12.9185093930394,-12.6767729689302,-12.4291183678097
-7.60863488993981,-11.1989125157812,-14.3017672222148,-15.7552022606126,-15.5593808481297,-15.3195068124923,-14.334006404587,-13.2257707455413,-13.0353847068102,-12.7511907364849
-4.81902827946529,-7.73514216928169,-9.25708131987104,-10.343910962006,-10.1947936213414,-10.0122072188972,-9.25129859616377,-8.54336465043297,-8.36029990594217,-8.17789692900835
-6.37438480934182,-6.96176088402478,-11.7099524970518,-13.244282752019,-13.0480322758017,-12.8400894554427,-11.7114278880238,-10.5888222678732,-10.2944442429717,-10.0415613353759
-4.90564312475921,-4.43637573408765,-8.42927004901529,-9.5356962435263,-9.36795721374719,-9.18234688550392,-8.4434597994601,-7.65673198914504,-7.33095849001419,-7.1058387702993
-3.69650080795793,-7.94610493392903,-8.22055723446275,-9.75457533818939,-9.58340252775285,-9.21257770319689,-8.12369076031409,-7.40482630438113,-7.23450642406041,-7.03798069550572
-7.62286026885682,-10.5539015089411,-14.9726661031441,-16.4779956210669,-16.320595902314,-16.0836053084603,-15.1856944469215,-13.5282122701552,-13.2683806491384,-13.0200739657836
-7.06668064978299,-10.581967692641,-13.4728450238142,-14.748762277543,-14.5715483397823,-14.3935000148312,-13.5085188951882,-12.5431207555613,-12.0134899761247,-11.7408240669191
-5.33918449348378,-11.0373899500351,-13.8807085340694,-15.1414214973238,-14.956775627611,-14.6983303947272,-13.9045766530265,-13.0092580433457,-12.7540439481879,-12.5812269346416
-5.43122980776888,-8.27755106321598,-8.38596786529548,-10.0995058296151,-9.85824828486314,-9.55525385894856,-8.31792488432322,-7.3593075925052,-7.15639008192276,-6.96925688181773
-8.05837134657093,-12.5540634400729,-16.4907852207549,-18.0300144642574,-17.7420281455805,-17.4119623639922,-16.4107059453811,-15.6358672199339,-15.4555973196825,-15.3087479889018
-7.72838502933848,-10.3938918343329,-13.1094545852612,-14.5382075914996,-14.3498920511347,-14.124247285789,-13.1575712325907,-11.9832980632616,-11.7317404763007,-11.5647644854146
-2.54755625650701,-3.61366546184941,-6.34373362591089,-7.52426731882698,-7.37504457211818,-7.16170101459822,-6.46747091996391,-5.2257965945717,-4.89315094770793,-4.67602284769875
-4.70437569168918,-5.85291897912159,-12.8449021461105,-14.295544333647,-14.0742241767149,-13.8445300953939,-12.9046356343063,-11.7262299341655,-11.406718135853,-11.1534165710459
-8.08143316666693,-14.110822320711,-15.7636558381321,-17.2807039417529,-17.1425044218584,-16.9129073778278,-15.9885901141203,-14.2123701722135,-13.9850825873832,-13.8107020556988
-8.32706012009694,-10.966777513411,-15.4536648849833,-16.6805524276187,-16.494431386998,-16.3043313604287,-15.4945524615229,-14.503816287911,-14.2388254063432,-14.0545459281169
-6.28138347371885,-7.72251266003347,-15.9728822431039,-16.9734560614664,-16.798633002442,-16.6455459296812,-15.9794045495653,-15.2991773789608,-15.1111616121791,-14.8999645862588
-7.78069312240768,-9.81936608697033,-13.9834843002358,-15.1832300069405,-14.9616137029449,-14.721331838229,-14.0157594386194,-13.1686493259136,-12.9043993337349,-12.7353834965427
-5.64249257421365,-7.102303020412,-11.3339665663878,-12.5831717197692,-12.3966755436507,-12.1670703028584,-11.3928848992849,-10.3594767807824,-10.0097867236476,-9.69620655059864
-8.36952675106333,-9.57736593977078,-11.1009796561512,-12.1611674136828,-12.0361177563054,-11.8190980270456,-11.1379872393119,-10.3218708606367,-10.0827694509954,-9.90422579313734
-7.50542394604037,-10.2971510400922,-14.0200561020075,-16.1627100463045,-15.9183768493949,-15.5823544590677,-14.2218099462131,-12.2379691343556,-11.9254159830734,-11.7236835149756
-5.43844939168971,-7.30588184159733,-8.08730455141975,-9.59369424491289,-9.41339745380771,-9.11493066579444,-8.12230523283172,-6.96636475833261,-6.65590452793657,-6.44156701074371
-5.12672303057285,-5.85768168006908,-8.86548479265419,-10.0727649807644,-9.93594499301371,-9.6667230043944,-8.8186469322483,-8.14655915308798,-7.98098230792005,-7.87519497215392
-7.50106534806693,-10.4370595324809,-14.1257509555852,-15.4715873930146,-15.3065724836504,-15.1182992529682,-14.1468659084867,-13.0890563500389,-12.82785670026,-12.6060683734032
-5.32099611738038,-8.18377962032336,-12.6143153326726,-13.6597383217234,-13.4775977328451,-13.2622885694317,-12.6112699938252,-11.9397521806029,-11.7122490149394,-11.5804792588295
-7.2501504517331,-8.87498233327089,-15.2102775590949,-17.1555641246503,-16.9009519720121,-16.6730386488229,-15.2314877720999,-13.6794420469273,-13.3536948619433,-13.1428716064924
-5.26138793307936,-6.89395058907199,-7.29784905995917,-7.98518627177441,-7.8688888281828,-7.71982722944587,-7.2996103582451,-6.86100098748597,-6.73675777143388,-6.60925779504194
-7.31479609005868,-12.3852771128898,-9.0247755270311,-10.2818386432151,-10.036113794616,-9.80275551393977,-9.03595780554881,-8.18647477786669,-8.02509107909462,-7.80890627717401
-7.14915386042559,-12.1318253302683,-18.710873670431,-20.2967538599466,-20.1232511289494,-19.8519866829464,-18.8894577270505,-17.2467917807823,-16.8785824066728,-16.6054443305338
-4.55007502145993,-6.05112064643425,-10.2198347170272,-11.3370433889048,-11.1865915136994,-10.9926201283272,-10.2746106857951,-9.38658982693365,-9.11039937039018,-8.97232131217885
-8.56052810252773,-12.6207397599977,-13.0171457948874,-13.971924518037,-13.8490599616145,-13.6862967821327,-13.0171512526544,-12.3554029483355,-12.1633582619329,-12.0569867062753
-6.16642270288346,-7.93591922081845,-13.8733716009775,-15.2057802422535,-15.0262192479996,-14.799091834462,-13.9404658278836,-12.8087109711233,-12.5235523337911,-12.2283839023277
-5.03798485474436,-7.92846488981992,-8.96420324558865,-10.1696375993367,-10.0392810343373,-9.86417419464849,-9.04999745428386,-7.90708494206601,-7.60916381863243,-7.33067913210938
-5.76034726956667,-10.7059595051707,-10.5290441613549,-11.9680532431981,-11.7232623101454,-11.487964538866,-10.5397322405118,-9.57692862624036,-9.28719091701485,-9.05892012449271
-8.24687541138564,-12.4412843659304,-9.45827205352622,-10.5637012300526,-10.3982809688996,-10.1839343511957,-9.49685175160417,-8.66081647664972,-8.4492049374935,-8.33988974008894
-7.47922033634878,-9.62237983323127,-16.7629789407842,-18.496375880586,-18.3070628159272,-18.0906756449724,-16.9694915082253,-15.0571310208165,-14.7815673462563,-14.6003630455806
-6.5519132709404,-9.15329683675238,-11.3225389831871,-12.4054202701054,-12.2474887021969,-12.0633039177766,-11.3072773516948,-10.6031821345238,-10.4008316636394,-10.2628893595321
-5.93543749513398,-7.70276504853918,-11.8244456353328,-13.0066340451131,-12.8548542824752,-12.6350072461702,-11.8249976810176,-10.9806816754196,-10.7603202080551,-10.5918434127232
-5.28034997265619,-4.57637299712723,-13.1263262100735,-14.8552030370422,-14.6355814361613,-14.363706397562,-13.2086598477073,-11.7763951886815,-11.3717268929575,-11.1177861305938
-8.74280644856847,-12.4482833300036,-19.4939765165949,-22.5491345638787,-22.2114499773259,-21.7952296744114,-19.5298215810153,-17.2556746121668,-16.8768609839679,-16.6470634145775
-8.45597050895597,-12.361604199779,-18.4989719798403,-20.4675166940533,-20.2653573437743,-19.9729050855456,-18.5039757001927,-17.0437226736423,-16.7537572208489,-16.4437462765714
-6.02815788923025,-9.10152693675904,-15.5363390111318,-16.7845553245263,-16.5452145760745,-16.3381220457535,-15.5192235409169,-14.7942703185502,-14.5326031161227,-14.2654808155195
-3.60965880674872,-3.61169738112368,-12.1745289624358,-13.8149764274614,-13.6153034134539,-13.3656193214056,-12.1932978754003,-10.9714165645793,-10.702214240776,-10.5053262500704
-5.20044591043843,-7.64790044359431,-8.06582013591021,-9.71270847185536,-9.504769498211,-9.17968760900747,-7.95204581315433,-7.09231268425973,-6.79090632390453,-6.59089451198515
-9.78602608739792,-13.5496410860495,-18.573795276405,-20.3872536033831,-20.0548270640833,-19.8169774847648,-18.5099102718364,-17.4483667428768,-17.2025600712506,-17.0225880950549
-7.58790958989532,-14.2012438790294,-15.513105179802,-17.4119522703723,-17.1867594509724,-16.9306442117223,-15.6513848426295,-13.8518090236265,-13.5609351022104,-13.3885151671392
-6.85262862787443,-10.4280289003073,-19.7185586988639,-21.9380477338865,-21.6485369192155,-21.3554408752057,-20.1315430048378,-17.7123721852762,-17.4147560844115,-17.1600433927175
-3.18897060338435,-2.24343802457384,-4.29574195378592,-5.10835571389852,-5.01905613064487,-4.88757081680464,-4.30461399626598,-3.71461329444951,-3.50962985345267,-3.38183998287867
-8.09784953036617,-11.1409322957153,-15.6736161923155,-17.3576898180385,-17.1725732102051,-16.8567121237104,-15.7003684165398,-14.4770019471382,-14.2012820132212,-14.0604571341122
-8.91865192034487,-12.1714779772726,-12.6370280470569,-14.0700514000717,-13.8466265763647,-13.5660744873016,-12.6091699149339,-11.7794903172547,-11.6034842242647,-11.4804494406964
-7.81207080878138,-11.2095513569202,-12.0974429005303,-13.6137863677099,-13.4300467710688,-13.160316120842,-12.0841292763616,-11.0113377026384,-10.7705246974323,-10.6276561531468
-7.00436394645177,-13.2736925193698,-18.583868977001,-21.0767958175159,-20.7783323633184,-20.4157971054319,-18.3598694284436,-17.1480056063479,-16.8754201108382,-16.7158768838745
-2.82194174853374,-5.13593626135335,-8.18770238307601,-9.38818221709696,-9.21916315169706,-8.98802442179979,-8.17322868970398,-7.41282641910998,-7.21571184667629,-7.04777313535238
-7.892581518776,-11.3152017172745,-13.7025892934554,-15.0722452280111,-14.7686982045031,-14.5258740115228,-13.7003832983324,-12.8578503946376,-12.6413230313581,-12.4607865071965
-6.06412379502241,-8.54641171941933,-5.8836087256163,-6.97817988394179,-6.82827751529216,-6.59374107552079,-5.88255665200286,-5.14078877621967,-4.98920851780699,-4.85264576213507
-6.34652144009839,-7.80815428183283,-14.6330504247495,-15.7362715020634,-15.5962903372159,-15.4148829743242,-14.6377132420923,-13.85011987705,-13.6184087079989,-13.4289225810421
-5.39176461442749,-6.23605224449831,-5.99037465947585,-6.81743542885845,-6.69178570660777,-6.51627538783207,-5.977197751939,-5.44366100736555,-5.28261128025506,-5.12564922624656
-8.59173261862326,-14.8892449889077,-9.28188592521941,-10.8474928444959,-10.6686992275074,-10.4155952563026,-9.17221244785507,-8.33783809300638,-8.14155691304863,-7.94533247190731
-5.84938867884294,-7.28841194410482,-10.9068006695786,-11.9549142602676,-11.78351923354,-11.6137894832406,-10.9209134587392,-10.1861886864539,-9.98469056782714,-9.87481070009322
-3.38319896254816,-2.51793358737098,-6.71080537666235,-7.69532309049619,-7.50246599937597,-7.34085854517519,-6.68358013524919,-6.09915656236644,-5.9623071711125,-5.8883088139406
-8.48627224100978,-11.0084475851621,-11.3026551112162,-12.6748809425427,-12.4823150610663,-12.2372661623796,-11.287316861826,-10.3437898041866,-10.1237385703938,-9.97705391144099
-7.51266262387319,-10.3476020897285,-16.3588387784533,-17.5171362724098,-17.3613791617233,-17.1555153479155,-16.4216970307835,-15.4752343431805,-15.2225663545472,-15.0421018343796
-7.26440440490555,-12.0345061436079,-20.4998896655656,-21.8181926331371,-21.706542701049,-21.5144802146834,-20.4872529247938,-19.4614576491562,-19.2638586329033,-19.0189654748052
-1.41013126809704,-2.4134630384787,-7.3648067564856,-8.35508189551339,-8.18585122383496,-7.99275386519218,-7.37057066341373,-6.73434383384757,-6.547126923389,-6.38844470136166
-5.22879429855373,-6.02450101420748,-10.6474515093581,-11.8827753033568,-11.6971997718894,-11.4826965665276,-10.6750169343112,-9.78109082962835,-9.5073532485339,-9.27864447271329
-7.52239576796401,-12.0945252667266,-16.983294373132,-18.2155148728332,-18.0611462411813,-17.8450199791069,-16.979065022795,-16.0933700648204,-15.8223229823914,-15.6225064990295
-6.21423227897061,-8.57590129822302,-15.4665503835877,-16.7073195988563,-16.4899554686004,-16.2179248961316,-15.4709760182155,-14.6981322872811,-14.4870043152999,-14.3228654624865
-5.50263420781201,-7.67745973051929,-6.81953986690368,-7.82237365956493,-7.6687091766616,-7.4549499525629,-6.76943497946167,-6.25371340746561,-6.10863112169893,-5.96420481583712
-8.40772917025905,-15.8931169288323,-16.8945956138089,-18.494477600017,-18.228515725746,-17.9611932638614,-16.8950946510682,-15.7747802623138,-15.5175180372551,-15.3477175326682
-5.884786112132,-7.43314835593729,-13.3987235619911,-14.7129491357701,-14.5352272752338,-14.2643087128573,-13.3544790247013,-12.599710874701,-12.4076547835066,-12.2678815542082
-7.74799205762058,-9.12245350326408,-13.7818392550043,-14.9892146657386,-14.8178361009525,-14.535701988882,-13.7643558931636,-13.0905612865176,-12.9073214020794,-12.735349672948
-8.06794800567733,-11.4794089657175,-10.3706800257665,-12.1027834621899,-11.7470935946905,-11.1592340671933,-10.2832723796503,-9.63496483940692,-9.4500262559113,-9.24403247076092
-5.40849606101873,-8.75561305479905,-8.47590347229084,-9.86484615822728,-9.65318247374352,-9.41683966536917,-8.42897796196219,-7.58229918747319,-7.36045171273111,-7.23392322541843
-3.94162108739223,-1.70074957759746,-6.85222680237561,-7.52954581036958,-7.42901975307583,-7.2951050737975,-6.85129465912153,-6.38857068079042,-6.27010118832465,-6.16000628176319
-6.31220751075837,-9.6784172418591,-13.1283047622637,-14.6507168619826,-14.4184871561536,-14.1856373242536,-13.1492153067376,-11.9639965008742,-11.7084171405916,-11.5179560477902
