"PC1","PC2","sample","split","method","key","pct1","pct2"
0.654929753280712,0.307914501091654,"Real","test","Dirichlet","d",2.9461372884044,2.02784000434576
0.0240899039256527,0.107424942952603,"Real","test","Dirichlet","d",2.9461372884044,2.02784000434576
0.246676340484246,-0.181294344169527,"Real","test","Dirichlet","d",2.9461372884044,2.02784000434576
0.636918219550669,0.192755028120719,"Real","test","Dirichlet","d",2.9461372884044,2.02784000434576
0.101591459093746,-0.0311286610249481,"Real","test","Dirichlet","d",2.9461372884044,2.02784000434576
0.418418204002884,0.269434995400299,"Real","test","Dirichlet","d",2.9461372884044,2.02784000434576
0.10568864191164,0.0863255435799872,"Real","test","Dirichlet","d",2.9461372884044,2.02784000434576
0.573226334554739,0.0230817568141826,"Real","test","Dirichlet","d",2.9461372884044,2.02784000434576
0.304109506255235,-0.174510687999422,"Real","test","Dirichlet","d",2.9461372884044,2.02784000434576
0.100008226747659,-0.147585550575329,"Real","test","Dirichlet","d",2.9461372884044,2.02784000434576
0.297248388539792,-0.216604321085196,"Real","test","Dirichlet","d",2.9461372884044,2.02784000434576
0.539341676180253,0.155984620153211,"Real","test","Dirichlet","d",2.9461372884044,2.02784000434576
-0.0386342166149534,0.131005937284596,"Real","test","Dirichlet","d",2.9461372884044,2.02784000434576
0.548987302134239,0.128047831024494,"Real","test","Dirichlet","d",2.9461372884044,2.02784000434576
0.593550901664732,0.202932468256382,"Real","test","Dirichlet","d",2.9461372884044,2.02784000434576
0.365236016217261,-0.414475841258485,"Real","test","Dirichlet","d",2.9461372884044,2.02784000434576
0.199322108610071,-0.266359744373348,"Real","test","Dirichlet","d",2.9461372884044,2.02784000434576
0.422830718574165,-0.338551328947018,"Real","test","Dirichlet","d",2.9461372884044,2.02784000434576
0.302602991675906,-0.578986930758046,"Real","test","Dirichlet","d",2.9461372884044,2.02784000434576
-0.0465276356456042,-0.571536626524033,"Real","test","Dirichlet","d",2.9461372884044,2.02784000434576
0.281135494574398,0.234731087810525,"Real","test","Dirichlet","d",2.9461372884044,2.02784000434576
0.599590901204316,0.218496901801328,"Real","test","Dirichlet","d",2.9461372884044,2.02784000434576
0.544523837304013,0.0960219488083678,"Real","test","Dirichlet","d",2.9461372884044,2.02784000434576
-0.196783547723915,-0.000789163050937504,"Real","test","Dirichlet","d",2.9461372884044,2.02784000434576
0.686948088785321,0.205959087515837,"Real","test","Dirichlet","d",2.9461372884044,2.02784000434576
0.64884024972278,0.219981200080245,"Real","test","Dirichlet","d",2.9461372884044,2.02784000434576
0.351875413014432,0.147755750033458,"Real","test","Dirichlet","d",2.9461372884044,2.02784000434576
0.25783530968754,-0.46413205330296,"Real","test","Dirichlet","d",2.9461372884044,2.02784000434576
0.272855166742774,-0.0646635636871062,"Real","test","Dirichlet","d",2.9461372884044,2.02784000434576
0.255491761077783,-0.134563347708183,"Real","test","Dirichlet","d",2.9461372884044,2.02784000434576
0.664597009219045,-0.347697015906878,"Real","test","Dirichlet","d",2.9461372884044,2.02784000434576
0.684274765475502,-0.357511800866762,"Real","test","Dirichlet","d",2.9461372884044,2.02784000434576
0.375746814776778,0.035740650463753,"Real","test","Dirichlet","d",2.9461372884044,2.02784000434576
0.325270614456334,-0.274117262100164,"Real","test","Dirichlet","d",2.9461372884044,2.02784000434576
0.230704191188138,-0.563273217373916,"Real","test","Dirichlet","d",2.9461372884044,2.02784000434576
0.596716331168765,-0.160368794197941,"Real","test","Dirichlet","d",2.9461372884044,2.02784000434576
0.589071177041084,0.0195549251784631,"Real","test","Dirichlet","d",2.9461372884044,2.02784000434576
0.183733831692039,0.21433457463197,"Real","test","Dirichlet","d",2.9461372884044,2.02784000434576
0.531445875252231,0.217129638721881,"Real","test","Dirichlet","d",2.9461372884044,2.02784000434576
-0.0466169349492619,0.0205213890579813,"Real","test","Dirichlet","d",2.9461372884044,2.02784000434576
0.362621485828098,0.0609842673653945,"Real","test","Dirichlet","d",2.9461372884044,2.02784000434576
0.291234656808677,0.0173017062476329,"Real","test","Dirichlet","d",2.9461372884044,2.02784000434576
-0.244177549849155,0.161626679011538,"Real","test","Dirichlet","d",2.9461372884044,2.02784000434576
0.64298500902519,-0.131148352308962,"Real","test","Dirichlet","d",2.9461372884044,2.02784000434576
0.593258934053533,0.0137794441197075,"Real","test","Dirichlet","d",2.9461372884044,2.02784000434576
0.308652810711592,0.0535651682200633,"Real","test","Dirichlet","d",2.9461372884044,2.02784000434576
0.170100007479494,-0.0860084816686146,"Real","test","Dirichlet","d",2.9461372884044,2.02784000434576
0.26026019873987,-0.186408637146295,"Real","test","Dirichlet","d",2.9461372884044,2.02784000434576
-0.0573079848252706,0.0834944813360695,"Real","test","Dirichlet","d",2.9461372884044,2.02784000434576
0.350973434711187,0.131026675611858,"Real","test","Dirichlet","d",2.9461372884044,2.02784000434576
-0.0639048416675353,-0.673789271277094,"Real","test","Dirichlet","d",2.9461372884044,2.02784000434576
0.550479542539738,0.104541711058223,"Real","test","Dirichlet","d",2.9461372884044,2.02784000434576
0.0616401970139402,-0.156775208350174,"Real","test","Dirichlet","d",2.9461372884044,2.02784000434576
0.493381115194958,0.0447115701015062,"Real","test","Dirichlet","d",2.9461372884044,2.02784000434576
-0.152257453858336,-0.223665142036039,"Real","test","Dirichlet","d",2.9461372884044,2.02784000434576
0.749035590346308,0.0843080774209057,"Real","test","Dirichlet","d",2.9461372884044,2.02784000434576
-0.107907397223075,0.0235989570586017,"Real","test","Dirichlet","d",2.9461372884044,2.02784000434576
0.33740281799761,-0.174109580266114,"Real","test","Dirichlet","d",2.9461372884044,2.02784000434576
0.483977763322531,-0.107250529073633,"Real","test","Dirichlet","d",2.9461372884044,2.02784000434576
0.082157489179631,-0.344281480965655,"Real","test","Dirichlet","d",2.9461372884044,2.02784000434576
0.258156868953686,-0.131369846912038,"Real","test","Dirichlet","d",2.9461372884044,2.02784000434576
0.629906534892904,0.0689467526126972,"Real","test","Dirichlet","d",2.9461372884044,2.02784000434576
0.366148154826206,0.0471574557893042,"Real","test","Dirichlet","d",2.9461372884044,2.02784000434576
0.46085597547653,0.00218454313374068,"Real","test","Dirichlet","d",2.9461372884044,2.02784000434576
0.579272677885845,-0.0393967865781471,"Real","test","Dirichlet","d",2.9461372884044,2.02784000434576
0.563162226178118,-0.416211160273711,"Real","test","Dirichlet","d",2.9461372884044,2.02784000434576
0.211731874338437,-0.0546224791526604,"Real","test","Dirichlet","d",2.9461372884044,2.02784000434576
0.661230427776575,0.0199897134688787,"Real","test","Dirichlet","d",2.9461372884044,2.02784000434576
0.0420444286456865,0.176538993729255,"Real","test","Dirichlet","d",2.9461372884044,2.02784000434576
0.331596908214731,0.120700118070658,"Real","test","Dirichlet","d",2.9461372884044,2.02784000434576
0.058039873644387,0.158747524970387,"Real","test","Dirichlet","d",2.9461372884044,2.02784000434576
0.386573350253681,0.0622731035386454,"Real","test","Dirichlet","d",2.9461372884044,2.02784000434576
0.187975066940874,0.0361207768150017,"Real","test","Dirichlet","d",2.9461372884044,2.02784000434576
-0.117470154564919,-0.67306445305256,"Real","test","Dirichlet","d",2.9461372884044,2.02784000434576
0.672325558583415,0.18356942658331,"Real","test","Dirichlet","d",2.9461372884044,2.02784000434576
0.322503095998784,-0.129068183194611,"Real","test","Dirichlet","d",2.9461372884044,2.02784000434576
0.374333414740964,-0.555389595228118,"Real","test","Dirichlet","d",2.9461372884044,2.02784000434576
-0.32766079285586,0.0911342481055452,"Real","test","Dirichlet","d",2.9461372884044,2.02784000434576
0.569060960694172,0.0336423777325918,"Real","test","Dirichlet","d",2.9461372884044,2.02784000434576
0.518344589142581,-0.340172957020549,"Real","test","Dirichlet","d",2.9461372884044,2.02784000434576
0.479524802021172,0.240589765761349,"Real","test","Dirichlet","d",2.9461372884044,2.02784000434576
0.0935080114739069,0.0686284811249764,"Real","test","Dirichlet","d",2.9461372884044,2.02784000434576
-0.00599069494513879,-0.2025145548479,"Real","test","Dirichlet","d",2.9461372884044,2.02784000434576
0.640668545495084,0.25167053950121,"Real","test","Dirichlet","d",2.9461372884044,2.02784000434576
0.281323713389985,0.168544323856315,"Real","test","Dirichlet","d",2.9461372884044,2.02784000434576
0.71162769241298,0.297880643753896,"Real","test","Dirichlet","d",2.9461372884044,2.02784000434576
-0.269812786081134,0.195730889787649,"Real","test","Dirichlet","d",2.9461372884044,2.02784000434576
0.57112656041853,0.196203600054439,"Real","test","Dirichlet","d",2.9461372884044,2.02784000434576
-0.376492913579639,0.171310508292079,"Real","test","Dirichlet","d",2.9461372884044,2.02784000434576
0.215132712238698,0.122035057562539,"Real","test","Dirichlet","d",2.9461372884044,2.02784000434576
0.10605588067222,-0.0881840532935087,"Real","test","Dirichlet","d",2.9461372884044,2.02784000434576
0.349298655124102,0.212513456022606,"Real","test","Dirichlet","d",2.9461372884044,2.02784000434576
0.188212647614908,0.12976050628734,"Real","test","Dirichlet","d",2.9461372884044,2.02784000434576
-0.321774035806255,0.107260810878704,"Real","test","Dirichlet","d",2.9461372884044,2.02784000434576
-0.347343447725768,0.0669766523311093,"Real","test","Dirichlet","d",2.9461372884044,2.02784000434576
0.067821539416365,0.0437062873104692,"Real","test","Dirichlet","d",2.9461372884044,2.02784000434576
0.629246038217286,0.131812519336444,"Real","test","Dirichlet","d",2.9461372884044,2.02784000434576
-0.313553193104999,0.191424535984788,"Real","test","Dirichlet","d",2.9461372884044,2.02784000434576
0.463110195288739,0.197714123198313,"Real","test","Dirichlet","d",2.9461372884044,2.02784000434576
0.174524655004648,-0.316006991137954,"Real","test","Dirichlet","d",2.9461372884044,2.02784000434576
0.346240352675843,0.190707122298395,"Real","test","Dirichlet","d",2.9461372884044,2.02784000434576
0.226556325415963,-0.290934241276175,"Real","test","Dirichlet","d",2.9461372884044,2.02784000434576
0.112795935175848,0.0961839931401909,"Real","test","Dirichlet","d",2.9461372884044,2.02784000434576
0.519677912395554,0.125474056199134,"Real","test","Dirichlet","d",2.9461372884044,2.02784000434576
-0.118325031141538,-0.096621881063451,"Real","test","Dirichlet","d",2.9461372884044,2.02784000434576
0.299797938068448,0.214037372812068,"Real","test","Dirichlet","d",2.9461372884044,2.02784000434576
0.264745865548587,0.123752427866308,"Real","test","Dirichlet","d",2.9461372884044,2.02784000434576
0.429857133188628,0.301808983398897,"Real","test","Dirichlet","d",2.9461372884044,2.02784000434576
0.62977193904978,0.205432514257788,"Real","test","Dirichlet","d",2.9461372884044,2.02784000434576
0.510106124593703,-0.16534707572053,"Real","test","Dirichlet","d",2.9461372884044,2.02784000434576
0.340015976893534,0.183106812301114,"Real","test","Dirichlet","d",2.9461372884044,2.02784000434576
0.683823009966608,-0.301208414089396,"Real","test","Dirichlet","d",2.9461372884044,2.02784000434576
0.362896991700217,-0.152501609085912,"Real","test","Dirichlet","d",2.9461372884044,2.02784000434576
0.226317082534393,-0.572935476605758,"Real","test","Dirichlet","d",2.9461372884044,2.02784000434576
0.0513345647646061,-0.173141368159173,"Real","test","Dirichlet","d",2.9461372884044,2.02784000434576
0.321156546613591,0.113119567623391,"Real","test","Dirichlet","d",2.9461372884044,2.02784000434576
0.747359913061811,0.335633408295128,"Real","test","Dirichlet","d",2.9461372884044,2.02784000434576
0.163678636101258,-0.532680024879564,"Real","test","Dirichlet","d",2.9461372884044,2.02784000434576
-0.152183610057505,-0.352527698391205,"Real","test","Dirichlet","d",2.9461372884044,2.02784000434576
0.352733641908174,0.268483488713731,"Real","test","Dirichlet","d",2.9461372884044,2.02784000434576
0.208656431147957,0.186861115527746,"Real","test","Dirichlet","d",2.9461372884044,2.02784000434576
0.358557826372862,0.285056134484253,"Real","test","Dirichlet","d",2.9461372884044,2.02784000434576
-0.011940450262763,-0.221805878550171,"Real","test","Dirichlet","d",2.9461372884044,2.02784000434576
0.59990727014737,-0.340282891591436,"Real","test","Dirichlet","d",2.9461372884044,2.02784000434576
-0.265274301185273,0.179782488687364,"Real","test","Dirichlet","d",2.9461372884044,2.02784000434576
0.632073248695977,-0.240776043770837,"Real","test","Dirichlet","d",2.9461372884044,2.02784000434576
0.668380468566394,-0.327570607885692,"Real","test","Dirichlet","d",2.9461372884044,2.02784000434576
0.28012020402706,0.12835367021014,"Real","test","Dirichlet","d",2.9461372884044,2.02784000434576
0.564775852600466,0.289895742933035,"Real","test","Dirichlet","d",2.9461372884044,2.02784000434576
0.438514226010461,-0.396805574393814,"Real","test","Dirichlet","d",2.9461372884044,2.02784000434576
0.473722879082066,0.180771359789311,"Real","test","Dirichlet","d",2.9461372884044,2.02784000434576
0.533136383507959,0.191003983397906,"Real","test","Dirichlet","d",2.9461372884044,2.02784000434576
0.553423500233706,0.20108647752132,"Real","test","Dirichlet","d",2.9461372884044,2.02784000434576
0.29956447155323,-0.325771587231167,"Real","test","Dirichlet","d",2.9461372884044,2.02784000434576
0.260578827604447,0.0727968523317052,"Real","test","Dirichlet","d",2.9461372884044,2.02784000434576
0.420858047439597,-0.526007353456886,"Real","test","Dirichlet","d",2.9461372884044,2.02784000434576
0.578457466010787,-0.164449919108977,"Real","test","Dirichlet","d",2.9461372884044,2.02784000434576
0.0645942819881072,-0.0446774360314391,"Real","test","Dirichlet","d",2.9461372884044,2.02784000434576
0.682985341408369,-0.192815260573357,"Real","test","Dirichlet","d",2.9461372884044,2.02784000434576
0.53850496627259,0.130059238824376,"Real","test","Dirichlet","d",2.9461372884044,2.02784000434576
0.339469368411664,-0.441016782627148,"Real","test","Dirichlet","d",2.9461372884044,2.02784000434576
0.350165803598342,0.274539342771088,"Real","test","Dirichlet","d",2.9461372884044,2.02784000434576
0.582055778283204,-0.338600055682265,"Real","test","Dirichlet","d",2.9461372884044,2.02784000434576
-0.167507417511524,-0.674651964598145,"Real","test","Dirichlet","d",2.9461372884044,2.02784000434576
0.655944215113436,0.255139902075076,"Real","test","Dirichlet","d",2.9461372884044,2.02784000434576
0.622573960023003,0.193654157015989,"Real","test","Dirichlet","d",2.9461372884044,2.02784000434576
0.688520821422899,0.127148848349309,"Real","test","Dirichlet","d",2.9461372884044,2.02784000434576
0.655244879494481,0.183189967171825,"Real","test","Dirichlet","d",2.9461372884044,2.02784000434576
0.497370939925341,-0.406478325479801,"Real","test","Dirichlet","d",2.9461372884044,2.02784000434576
-0.0914025070225177,-0.647786587509045,"Real","test","Dirichlet","d",2.9461372884044,2.02784000434576
0.216502958081463,0.0580660151008471,"Real","test","Dirichlet","d",2.9461372884044,2.02784000434576
0.752792985573323,0.230938128239173,"Real","test","Dirichlet","d",2.9461372884044,2.02784000434576
0.329059353194177,-0.389180269582755,"Real","test","Dirichlet","d",2.9461372884044,2.02784000434576
-0.196027073295035,-0.421451364975636,"Real","test","Dirichlet","d",2.9461372884044,2.02784000434576
0.233140264744529,0.0936131682521834,"Real","test","Dirichlet","d",2.9461372884044,2.02784000434576
0.421491969043457,0.234570119457695,"Real","test","Dirichlet","d",2.9461372884044,2.02784000434576
0.716549742517757,0.155834655997878,"Real","test","Dirichlet","d",2.9461372884044,2.02784000434576
0.564890558373215,0.0326320521298086,"Real","test","Dirichlet","d",2.9461372884044,2.02784000434576
0.0727152814527113,0.0969270352047491,"Real","test","Dirichlet","d",2.9461372884044,2.02784000434576
0.728156741946577,-0.239517274967749,"Real","test","Dirichlet","d",2.9461372884044,2.02784000434576
0.376653258770052,-0.506695041637425,"Real","test","Dirichlet","d",2.9461372884044,2.02784000434576
0.227531086646514,-0.190770757346599,"Real","test","Dirichlet","d",2.9461372884044,2.02784000434576
0.688118936525877,0.255972052095987,"Real","test","Dirichlet","d",2.9461372884044,2.02784000434576
0.316501184750804,-0.50156626366387,"Real","test","Dirichlet","d",2.9461372884044,2.02784000434576
0.475335607097875,0.279249035501972,"Real","test","Dirichlet","d",2.9461372884044,2.02784000434576
0.763913529348674,0.0224691928351296,"Real","test","Dirichlet","d",2.9461372884044,2.02784000434576
0.694888856501763,-0.336820870882317,"Real","test","Dirichlet","d",2.9461372884044,2.02784000434576
0.098592186188906,0.153093676588144,"Real","test","Dirichlet","d",2.9461372884044,2.02784000434576
0.763198785718565,0.116591977111343,"Real","test","Dirichlet","d",2.9461372884044,2.02784000434576
0.676965640683057,0.218971819164161,"Real","test","Dirichlet","d",2.9461372884044,2.02784000434576
0.101276043098043,0.130612763766555,"Real","test","Dirichlet","d",2.9461372884044,2.02784000434576
0.707466370168464,-0.123045208266267,"Real","test","Dirichlet","d",2.9461372884044,2.02784000434576
0.436506134962981,0.214608990014235,"Real","test","Dirichlet","d",2.9461372884044,2.02784000434576
0.214776894714212,-0.327522011472878,"Real","test","Dirichlet","d",2.9461372884044,2.02784000434576
-0.0572245753329321,-0.096486489836321,"Real","test","Dirichlet","d",2.9461372884044,2.02784000434576
0.213818231027835,0.0767484907698104,"Real","test","Dirichlet","d",2.9461372884044,2.02784000434576
0.312588283220111,-0.27138601898872,"Real","test","Dirichlet","d",2.9461372884044,2.02784000434576
0.64281216205263,-0.425649322566331,"Real","test","Dirichlet","d",2.9461372884044,2.02784000434576
-0.226653986989576,-0.469949566311684,"Real","test","Dirichlet","d",2.9461372884044,2.02784000434576
0.302256422426595,-0.0908489412963096,"Real","test","Dirichlet","d",2.9461372884044,2.02784000434576
0.44228597208698,-0.345931373859121,"Real","test","Dirichlet","d",2.9461372884044,2.02784000434576
0.335099997042252,-0.360424041063334,"Real","test","Dirichlet","d",2.9461372884044,2.02784000434576
0.293183015838202,0.183212234138277,"Real","test","Dirichlet","d",2.9461372884044,2.02784000434576
0.1811963745932,-0.183027493513707,"Real","test","Dirichlet","d",2.9461372884044,2.02784000434576
-0.362913571624892,0.118740232020992,"Real","test","Dirichlet","d",2.9461372884044,2.02784000434576
0.515206661431746,0.226854272814459,"Real","test","Dirichlet","d",2.9461372884044,2.02784000434576
0.366512853439376,-0.414476109681444,"Real","test","Dirichlet","d",2.9461372884044,2.02784000434576
-0.264766961652715,0.182288067349242,"Real","test","Dirichlet","d",2.9461372884044,2.02784000434576
0.494555755572477,0.0512580769806176,"Real","test","Dirichlet","d",2.9461372884044,2.02784000434576
0.170460229362319,-0.172918380955862,"Real","test","Dirichlet","d",2.9461372884044,2.02784000434576
-0.12046187603312,-0.683397746713743,"Real","test","Dirichlet","d",2.9461372884044,2.02784000434576
0.255032521266636,0.0440828277596488,"Real","test","Dirichlet","d",2.9461372884044,2.02784000434576
-0.254459875952299,0.145715498460359,"Real","test","Dirichlet","d",2.9461372884044,2.02784000434576
0.0268671605554159,-0.478768687706722,"Real","test","Dirichlet","d",2.9461372884044,2.02784000434576
0.178700486807106,-0.476910731190054,"Real","test","Dirichlet","d",2.9461372884044,2.02784000434576
0.315438523272943,0.243363105142145,"Real","test","Dirichlet","d",2.9461372884044,2.02784000434576
0.663055832133786,0.238373450829155,"Real","test","Dirichlet","d",2.9461372884044,2.02784000434576
0.110768406415008,-0.0371584879588977,"Real","test","Dirichlet","d",2.9461372884044,2.02784000434576
-0.0780128502704082,0.0537397679884417,"Real","test","Dirichlet","d",2.9461372884044,2.02784000434576
0.352029085432946,0.255310042331139,"Real","test","Dirichlet","d",2.9461372884044,2.02784000434576
0.432444413093674,0.0497088242601131,"Real","test","Dirichlet","d",2.9461372884044,2.02784000434576
0.285963256016549,0.231592155786446,"Real","test","Dirichlet","d",2.9461372884044,2.02784000434576
-0.116073615837977,-0.321090922314885,"Real","test","Dirichlet","d",2.9461372884044,2.02784000434576
0.761270085400641,-0.231362157766618,"Real","test","Dirichlet","d",2.9461372884044,2.02784000434576
-0.132110711486612,0.0645688771301581,"Real","test","Dirichlet","d",2.9461372884044,2.02784000434576
0.321014965566923,0.0943865694168586,"Real","test","Dirichlet","d",2.9461372884044,2.02784000434576
0.519535689717611,-0.189946708868315,"Real","test","Dirichlet","d",2.9461372884044,2.02784000434576
0.284411770111304,-0.372565574373479,"Real","test","Dirichlet","d",2.9461372884044,2.02784000434576
0.0720538178581501,-0.397353141201347,"Real","test","Dirichlet","d",2.9461372884044,2.02784000434576
-0.294241275616403,0.0630187419396065,"Real","test","Dirichlet","d",2.9461372884044,2.02784000434576
0.487650162461067,0.127079038423689,"Real","test","Dirichlet","d",2.9461372884044,2.02784000434576
-0.0417901176611742,-0.272235406957194,"Real","test","Dirichlet","d",2.9461372884044,2.02784000434576
0.604722466954967,0.348439831319066,"Real","test","Dirichlet","d",2.9461372884044,2.02784000434576
0.391362427890761,0.201545841298562,"Real","test","Dirichlet","d",2.9461372884044,2.02784000434576
0.781681340781508,0.00287841661566136,"Real","test","Dirichlet","d",2.9461372884044,2.02784000434576
0.702685515443859,-0.278975086398919,"Real","test","Dirichlet","d",2.9461372884044,2.02784000434576
0.0185617275211963,0.094776994132296,"Real","test","Dirichlet","d",2.9461372884044,2.02784000434576
0.271535673856801,-0.0647814702596137,"Real","test","Dirichlet","d",2.9461372884044,2.02784000434576
0.52482408291792,0.0306633692563876,"Real","test","Dirichlet","d",2.9461372884044,2.02784000434576
0.0784816423495925,0.0850061257886905,"Real","test","Dirichlet","d",2.9461372884044,2.02784000434576
0.678273491787846,-0.172907387338374,"Real","test","Dirichlet","d",2.9461372884044,2.02784000434576
-0.0805418789706193,0.125019359258404,"Real","test","Dirichlet","d",2.9461372884044,2.02784000434576
0.414672489612787,0.222176344685271,"Real","test","Dirichlet","d",2.9461372884044,2.02784000434576
-0.206451111489797,0.100459806280066,"Real","test","Dirichlet","d",2.9461372884044,2.02784000434576
0.122610881085277,-0.249071299155643,"Real","test","Dirichlet","d",2.9461372884044,2.02784000434576
0.543204507906577,-0.319491786723417,"Real","test","Dirichlet","d",2.9461372884044,2.02784000434576
0.767149076328997,0.18003683468727,"Real","test","Dirichlet","d",2.9461372884044,2.02784000434576
0.253525952847738,-0.0101254694545728,"Real","test","Dirichlet","d",2.9461372884044,2.02784000434576
0.759130563516043,-0.143312302073052,"Real","test","Dirichlet","d",2.9461372884044,2.02784000434576
0.539998179784015,0.208964500324342,"Real","test","Dirichlet","d",2.9461372884044,2.02784000434576
0.514751911721354,0.169329377251209,"Real","test","Dirichlet","d",2.9461372884044,2.02784000434576
0.814080459134464,0.245168309924385,"Real","test","Dirichlet","d",2.9461372884044,2.02784000434576
0.764701181250412,0.257764933051485,"Real","test","Dirichlet","d",2.9461372884044,2.02784000434576
0.130444925990493,0.0453818325418434,"Real","test","Dirichlet","d",2.9461372884044,2.02784000434576
0.691233090632146,-0.085233929424691,"Real","test","Dirichlet","d",2.9461372884044,2.02784000434576
0.463665227338153,-0.516685531121606,"Real","test","Dirichlet","d",2.9461372884044,2.02784000434576
0.553059194540251,-0.137003822404211,"Real","test","Dirichlet","d",2.9461372884044,2.02784000434576
0.367366778382523,0.167334070743653,"Real","test","Dirichlet","d",2.9461372884044,2.02784000434576
0.134030643858918,-0.209084192787988,"Real","test","Dirichlet","d",2.9461372884044,2.02784000434576
0.722823065494417,0.287629935055357,"Real","test","Dirichlet","d",2.9461372884044,2.02784000434576
0.446398620834406,0.0768269091690451,"Real","test","Dirichlet","d",2.9461372884044,2.02784000434576
0.755101447678946,0.320007628185265,"Real","test","Dirichlet","d",2.9461372884044,2.02784000434576
0.77716423538107,0.225902575202996,"Real","test","Dirichlet","d",2.9461372884044,2.02784000434576
0.509838495602427,-0.42369973515285,"Real","test","Dirichlet","d",2.9461372884044,2.02784000434576
0.564333615927637,-0.123970965367255,"Real","test","Dirichlet","d",2.9461372884044,2.02784000434576
0.659139581274922,0.186817564043387,"Real","test","Dirichlet","d",2.9461372884044,2.02784000434576
0.655752808098169,-0.224827650307826,"Real","test","Dirichlet","d",2.9461372884044,2.02784000434576
0.181516073686882,0.090996220429036,"Real","test","Dirichlet","d",2.9461372884044,2.02784000434576
0.292580936252095,-0.130503929509848,"Real","test","Dirichlet","d",2.9461372884044,2.02784000434576
0.202337298059527,-0.388668752425056,"Real","test","Dirichlet","d",2.9461372884044,2.02784000434576
0.673692787095777,0.230698165353222,"Real","test","Dirichlet","d",2.9461372884044,2.02784000434576
0.839060757469906,0.195048101878242,"Real","test","Dirichlet","d",2.9461372884044,2.02784000434576
0.134045943720639,-0.0236174757343897,"Real","test","Dirichlet","d",2.9461372884044,2.02784000434576
0.203762810823322,0.148425100702989,"Real","test","Dirichlet","d",2.9461372884044,2.02784000434576
0.801993162260908,-0.147679081730131,"Real","test","Dirichlet","d",2.9461372884044,2.02784000434576
0.44719485044341,0.23160657236395,"Real","test","Dirichlet","d",2.9461372884044,2.02784000434576
0.367602743892614,-0.184486677593967,"Real","test","Dirichlet","d",2.9461372884044,2.02784000434576
0.748662884440541,0.29882448367882,"Real","test","Dirichlet","d",2.9461372884044,2.02784000434576
0.221466104543408,-0.479350368788986,"Real","test","Dirichlet","d",2.9461372884044,2.02784000434576
0.185142073569269,-0.0124172393370858,"Real","test","Dirichlet","d",2.9461372884044,2.02784000434576
0.170897122030185,-0.541183875939923,"Real","test","Dirichlet","d",2.9461372884044,2.02784000434576
0.511592214362427,0.0143882137436573,"Real","test","Dirichlet","d",2.9461372884044,2.02784000434576
0.431641729668125,0.140263272590893,"Real","test","Dirichlet","d",2.9461372884044,2.02784000434576
-0.081757508713566,-0.548099565745769,"Real","test","Dirichlet","d",2.9461372884044,2.02784000434576
-0.1683655547128,0.0423459838391177,"Real","test","Dirichlet","d",2.9461372884044,2.02784000434576
-0.0206269728963855,-0.345460761216558,"Real","test","Dirichlet","d",2.9461372884044,2.02784000434576
0.132686274128707,-0.125950617061843,"Real","test","Dirichlet","d",2.9461372884044,2.02784000434576
-0.0879553034624741,-0.656732677169674,"Real","test","Dirichlet","d",2.9461372884044,2.02784000434576
-0.227655015860391,0.0359367058560766,"Real","test","Dirichlet","d",2.9461372884044,2.02784000434576
0.589865111812739,0.265367999152957,"Real","test","Dirichlet","d",2.9461372884044,2.02784000434576
0.177760261163263,0.0400800891911122,"Real","test","Dirichlet","d",2.9461372884044,2.02784000434576
0.491234972511449,0.171883292465557,"Real","test","Dirichlet","d",2.9461372884044,2.02784000434576
0.645898012941159,0.169446516751708,"Real","test","Dirichlet","d",2.9461372884044,2.02784000434576
0.680285188706847,-0.204050107049146,"Real","test","Dirichlet","d",2.9461372884044,2.02784000434576
0.6383942821079,0.295477354690349,"Real","test","Dirichlet","d",2.9461372884044,2.02784000434576
0.566457171250624,-0.0785958131834269,"Real","test","Dirichlet","d",2.9461372884044,2.02784000434576
0.230402868368244,-0.192947774973793,"Real","test","Dirichlet","d",2.9461372884044,2.02784000434576
0.581791093519881,-0.0867452786600871,"Real","test","Dirichlet","d",2.9461372884044,2.02784000434576
-0.32352300810099,0.199907008426171,"Real","test","Dirichlet","d",2.9461372884044,2.02784000434576
0.322416035021842,-0.227607477564227,"Real","test","Dirichlet","d",2.9461372884044,2.02784000434576
0.515338492703956,-0.0797895005538536,"Real","test","Dirichlet","d",2.9461372884044,2.02784000434576
0.565515361333146,0.136989761775312,"Real","test","Dirichlet","d",2.9461372884044,2.02784000434576
-0.129726563182719,0.16547594073793,"Real","test","Dirichlet","d",2.9461372884044,2.02784000434576
0.29973367012406,0.0288829289807171,"Real","test","Dirichlet","d",2.9461372884044,2.02784000434576
0.484427554769341,0.13724741992061,"Real","test","Dirichlet","d",2.9461372884044,2.02784000434576
0.429416486412079,0.224631700538055,"Real","test","Dirichlet","d",2.9461372884044,2.02784000434576
0.792141070222207,0.175795573369861,"Real","test","Dirichlet","d",2.9461372884044,2.02784000434576
0.191316822040057,0.186655229427175,"Real","test","Dirichlet","d",2.9461372884044,2.02784000434576
-0.0266396169546376,-0.141876925550233,"Real","test","Dirichlet","d",2.9461372884044,2.02784000434576
0.765775708773456,-0.174006569751553,"Real","test","Dirichlet","d",2.9461372884044,2.02784000434576
-0.11747015456492,-0.67306445305256,"Real","test","Dirichlet","d",2.9461372884044,2.02784000434576
0.106953804330662,-8.08207009037733e-05,"Real","test","Dirichlet","d",2.9461372884044,2.02784000434576
-0.232958364213011,0.114508260625564,"Generated","test","Dirichlet","d",2.9461372884044,2.02784000434576
-0.0771092683873514,-0.175780587701813,"Generated","test","Dirichlet","d",2.9461372884044,2.02784000434576
-0.00995509046108058,0.168327084836426,"Generated","test","Dirichlet","d",2.9461372884044,2.02784000434576
-0.255232807120528,0.141509291731246,"Generated","test","Dirichlet","d",2.9461372884044,2.02784000434576
-0.197524729261269,0.0662323957733765,"Generated","test","Dirichlet","d",2.9461372884044,2.02784000434576
-0.225069846879278,0.116292423166722,"Generated","test","Dirichlet","d",2.9461372884044,2.02784000434576
0.286257173675282,0.248536352036978,"Generated","test","Dirichlet","d",2.9461372884044,2.02784000434576
-0.185270376372808,0.274366784855768,"Generated","test","Dirichlet","d",2.9461372884044,2.02784000434576
-0.21732387087141,0.180903862796929,"Generated","test","Dirichlet","d",2.9461372884044,2.02784000434576
-0.312401428759747,0.178833668068919,"Generated","test","Dirichlet","d",2.9461372884044,2.02784000434576
-0.047909518629217,-0.105265676619197,"Generated","test","Dirichlet","d",2.9461372884044,2.02784000434576
0.0273297700136582,0.225392952662365,"Generated","test","Dirichlet","d",2.9461372884044,2.02784000434576
0.096994535164153,0.204047035480274,"Generated","test","Dirichlet","d",2.9461372884044,2.02784000434576
-0.162178528270438,0.073583190101591,"Generated","test","Dirichlet","d",2.9461372884044,2.02784000434576
-0.296356525387193,0.162728872429396,"Generated","test","Dirichlet","d",2.9461372884044,2.02784000434576
-0.0464143814338212,0.130884064077894,"Generated","test","Dirichlet","d",2.9461372884044,2.02784000434576
-0.188013024185652,-0.0327738487341068,"Generated","test","Dirichlet","d",2.9461372884044,2.02784000434576
-0.256508438305803,0.169657267683934,"Generated","test","Dirichlet","d",2.9461372884044,2.02784000434576
-0.173388018464221,0.153191020267819,"Generated","test","Dirichlet","d",2.9461372884044,2.02784000434576
-0.0920900070515903,-0.292785588495473,"Generated","test","Dirichlet","d",2.9461372884044,2.02784000434576
0.0392235471086774,0.0403008352605525,"Generated","test","Dirichlet","d",2.9461372884044,2.02784000434576
-0.157630297991697,-0.310488693091054,"Generated","test","Dirichlet","d",2.9461372884044,2.02784000434576
-0.173045176328609,0.13354367417171,"Generated","test","Dirichlet","d",2.9461372884044,2.02784000434576
-0.0105231634327903,0.0554079226015741,"Generated","test","Dirichlet","d",2.9461372884044,2.02784000434576
-0.0889404674046426,-0.03162742478633,"Generated","test","Dirichlet","d",2.9461372884044,2.02784000434576
-0.195984371246237,-0.352955626907899,"Generated","test","Dirichlet","d",2.9461372884044,2.02784000434576
-0.177552531842362,0.0604301209645573,"Generated","test","Dirichlet","d",2.9461372884044,2.02784000434576
0.097222149697469,0.227305374402878,"Generated","test","Dirichlet","d",2.9461372884044,2.02784000434576
-0.232806920145244,-0.0675960578273526,"Generated","test","Dirichlet","d",2.9461372884044,2.02784000434576
-0.235313069807484,0.183858683503987,"Generated","test","Dirichlet","d",2.9461372884044,2.02784000434576
0.0550525157327694,-0.31560428385841,"Generated","test","Dirichlet","d",2.9461372884044,2.02784000434576
-0.0504978273606669,-0.263118959312631,"Generated","test","Dirichlet","d",2.9461372884044,2.02784000434576
-0.185620871550252,0.120207203155529,"Generated","test","Dirichlet","d",2.9461372884044,2.02784000434576
-0.190948361965376,0.140344583479324,"Generated","test","Dirichlet","d",2.9461372884044,2.02784000434576
-0.15580680755893,-0.352906593694853,"Generated","test","Dirichlet","d",2.9461372884044,2.02784000434576
-0.205005879010762,0.115601208544913,"Generated","test","Dirichlet","d",2.9461372884044,2.02784000434576
-0.171133517085828,0.192803283966033,"Generated","test","Dirichlet","d",2.9461372884044,2.02784000434576
-0.156370901260944,0.0982988375931146,"Generated","test","Dirichlet","d",2.9461372884044,2.02784000434576
0.0686650932805157,0.151650255668203,"Generated","test","Dirichlet","d",2.9461372884044,2.02784000434576
-0.114435755721932,0.0862485991518398,"Generated","test","Dirichlet","d",2.9461372884044,2.02784000434576
0.324353128480167,0.173817908244871,"Generated","test","Dirichlet","d",2.9461372884044,2.02784000434576
-0.22907443152195,-0.243345093115752,"Generated","test","Dirichlet","d",2.9461372884044,2.02784000434576
-0.208673108838363,0.150556336525379,"Generated","test","Dirichlet","d",2.9461372884044,2.02784000434576
-0.116555772403525,-0.330687798508924,"Generated","test","Dirichlet","d",2.9461372884044,2.02784000434576
-0.211288935403198,-0.036769643701495,"Generated","test","Dirichlet","d",2.9461372884044,2.02784000434576
-0.231989731610628,-0.0217518472631975,"Generated","test","Dirichlet","d",2.9461372884044,2.02784000434576
0.196989804390388,-0.270103502440708,"Generated","test","Dirichlet","d",2.9461372884044,2.02784000434576
0.0271946043836475,0.197369954763844,"Generated","test","Dirichlet","d",2.9461372884044,2.02784000434576
0.182114954050576,-0.0060567233812103,"Generated","test","Dirichlet","d",2.9461372884044,2.02784000434576
0.0658447435857728,0.0807944232053242,"Generated","test","Dirichlet","d",2.9461372884044,2.02784000434576
0.0442341100564279,0.101625632403659,"Generated","test","Dirichlet","d",2.9461372884044,2.02784000434576
-0.0298167833459758,-0.466680066054678,"Generated","test","Dirichlet","d",2.9461372884044,2.02784000434576
-0.131364140471532,-0.120789475851894,"Generated","test","Dirichlet","d",2.9461372884044,2.02784000434576
-0.209390861977959,0.0933435348765244,"Generated","test","Dirichlet","d",2.9461372884044,2.02784000434576
-0.187294695487552,-0.364168822938457,"Generated","test","Dirichlet","d",2.9461372884044,2.02784000434576
-0.14967993231653,0.122056512121171,"Generated","test","Dirichlet","d",2.9461372884044,2.02784000434576
0.0336167142315864,0.103400154285947,"Generated","test","Dirichlet","d",2.9461372884044,2.02784000434576
-0.303778131218822,0.174289628369971,"Generated","test","Dirichlet","d",2.9461372884044,2.02784000434576
-0.128659068910897,0.0695737489931335,"Generated","test","Dirichlet","d",2.9461372884044,2.02784000434576
-0.222660345523487,0.041776042206521,"Generated","test","Dirichlet","d",2.9461372884044,2.02784000434576
-0.106081422754215,0.0691681753760552,"Generated","test","Dirichlet","d",2.9461372884044,2.02784000434576
0.0633286412568915,0.0450278091824461,"Generated","test","Dirichlet","d",2.9461372884044,2.02784000434576
-0.0996256430346498,-0.23021550431398,"Generated","test","Dirichlet","d",2.9461372884044,2.02784000434576
0.0064812963286322,0.0365736173170922,"Generated","test","Dirichlet","d",2.9461372884044,2.02784000434576
-0.0969193450798073,-0.140158982661952,"Generated","test","Dirichlet","d",2.9461372884044,2.02784000434576
-0.262177196119427,0.138018958881738,"Generated","test","Dirichlet","d",2.9461372884044,2.02784000434576
0.088828909078049,0.00311242222660752,"Generated","test","Dirichlet","d",2.9461372884044,2.02784000434576
0.0863610609372437,0.116600136656788,"Generated","test","Dirichlet","d",2.9461372884044,2.02784000434576
-0.143040812447421,0.137157431155675,"Generated","test","Dirichlet","d",2.9461372884044,2.02784000434576
-0.251905818187496,0.183698328602362,"Generated","test","Dirichlet","d",2.9461372884044,2.02784000434576
0.129055009520146,0.0656009119559964,"Generated","test","Dirichlet","d",2.9461372884044,2.02784000434576
-0.0540817474992091,-0.303055533314328,"Generated","test","Dirichlet","d",2.9461372884044,2.02784000434576
0.00280094153598561,0.013115404551781,"Generated","test","Dirichlet","d",2.9461372884044,2.02784000434576
0.0061249944055901,0.192137526813223,"Generated","test","Dirichlet","d",2.9461372884044,2.02784000434576
-0.0352442598870564,-0.347310658860559,"Generated","test","Dirichlet","d",2.9461372884044,2.02784000434576
0.0128803908022534,0.11323260425668,"Generated","test","Dirichlet","d",2.9461372884044,2.02784000434576
-0.222717786762038,0.132654334384783,"Generated","test","Dirichlet","d",2.9461372884044,2.02784000434576
0.134068053805945,-0.435622243897837,"Generated","test","Dirichlet","d",2.9461372884044,2.02784000434576
-0.166074548735491,0.0567832017023554,"Generated","test","Dirichlet","d",2.9461372884044,2.02784000434576
-0.0563047281856931,-0.159433379741249,"Generated","test","Dirichlet","d",2.9461372884044,2.02784000434576
-0.213940497892155,-0.357179116951801,"Generated","test","Dirichlet","d",2.9461372884044,2.02784000434576
-0.22855785084299,0.124937082373346,"Generated","test","Dirichlet","d",2.9461372884044,2.02784000434576
-0.228220412268745,0.00456010452073574,"Generated","test","Dirichlet","d",2.9461372884044,2.02784000434576
-0.08413355420434,-0.162320822207829,"Generated","test","Dirichlet","d",2.9461372884044,2.02784000434576
-0.270980223097411,0.145195825059242,"Generated","test","Dirichlet","d",2.9461372884044,2.02784000434576
-0.214880117081491,0.0727650658185269,"Generated","test","Dirichlet","d",2.9461372884044,2.02784000434576
-0.152130473305596,0.175216745150523,"Generated","test","Dirichlet","d",2.9461372884044,2.02784000434576
-0.166490833620526,-0.107652540953889,"Generated","test","Dirichlet","d",2.9461372884044,2.02784000434576
-0.0011990660272583,-0.340047905835944,"Generated","test","Dirichlet","d",2.9461372884044,2.02784000434576
-0.0029344636466773,-0.47120682884164,"Generated","test","Dirichlet","d",2.9461372884044,2.02784000434576
-0.220477196312307,0.0433612861022835,"Generated","test","Dirichlet","d",2.9461372884044,2.02784000434576
-0.136596591011717,-0.118715706953371,"Generated","test","Dirichlet","d",2.9461372884044,2.02784000434576
-0.188448313168764,-0.0189684107950674,"Generated","test","Dirichlet","d",2.9461372884044,2.02784000434576
-0.0221583012768936,0.178823053289775,"Generated","test","Dirichlet","d",2.9461372884044,2.02784000434576
-0.292502356443253,0.182065371801352,"Generated","test","Dirichlet","d",2.9461372884044,2.02784000434576
-0.24790173777393,0.0963878374021657,"Generated","test","Dirichlet","d",2.9461372884044,2.02784000434576
-0.161808246494933,-0.0147513349616919,"Generated","test","Dirichlet","d",2.9461372884044,2.02784000434576
-0.224996182632341,0.159231938891263,"Generated","test","Dirichlet","d",2.9461372884044,2.02784000434576
-0.145080220326799,-0.0368805783695745,"Generated","test","Dirichlet","d",2.9461372884044,2.02784000434576
-0.244391137630933,-0.022605896402664,"Generated","test","Dirichlet","d",2.9461372884044,2.02784000434576
-0.158406054260623,0.0521829987788727,"Generated","test","Dirichlet","d",2.9461372884044,2.02784000434576
-0.0477863937761537,0.0569253150659093,"Generated","test","Dirichlet","d",2.9461372884044,2.02784000434576
-0.0532076812672457,0.176422462547269,"Generated","test","Dirichlet","d",2.9461372884044,2.02784000434576
-0.0260367045492442,-0.100836338237897,"Generated","test","Dirichlet","d",2.9461372884044,2.02784000434576
-0.328731227940185,0.1437726791263,"Generated","test","Dirichlet","d",2.9461372884044,2.02784000434576
-0.0816791887649393,-0.536557640523813,"Generated","test","Dirichlet","d",2.9461372884044,2.02784000434576
-0.240486594040091,0.0748931297744949,"Generated","test","Dirichlet","d",2.9461372884044,2.02784000434576
-0.209114798850968,-0.243733916487062,"Generated","test","Dirichlet","d",2.9461372884044,2.02784000434576
0.223409736280254,-0.101161104140291,"Generated","test","Dirichlet","d",2.9461372884044,2.02784000434576
-0.211751581475131,0.0309206481993294,"Generated","test","Dirichlet","d",2.9461372884044,2.02784000434576
-0.180721574486422,-0.180686006418444,"Generated","test","Dirichlet","d",2.9461372884044,2.02784000434576
0.0868316075758978,-0.0558377255290416,"Generated","test","Dirichlet","d",2.9461372884044,2.02784000434576
0.127212054149983,0.0432759621815959,"Generated","test","Dirichlet","d",2.9461372884044,2.02784000434576
-0.0726795045725439,0.211423551991146,"Generated","test","Dirichlet","d",2.9461372884044,2.02784000434576
-0.227390487353783,-0.373406520218134,"Generated","test","Dirichlet","d",2.9461372884044,2.02784000434576
-0.190682324917826,0.0978324680929697,"Generated","test","Dirichlet","d",2.9461372884044,2.02784000434576
-0.220566090083078,0.214214591047206,"Generated","test","Dirichlet","d",2.9461372884044,2.02784000434576
-0.199083800540897,0.130289451461859,"Generated","test","Dirichlet","d",2.9461372884044,2.02784000434576
-0.195536284298462,0.190556042435036,"Generated","test","Dirichlet","d",2.9461372884044,2.02784000434576
0.077313717309355,0.190673524691312,"Generated","test","Dirichlet","d",2.9461372884044,2.02784000434576
-0.220118624870998,0.155813643335433,"Generated","test","Dirichlet","d",2.9461372884044,2.02784000434576
0.0314696566733496,-0.261789733712325,"Generated","test","Dirichlet","d",2.9461372884044,2.02784000434576
-0.114787713494201,-0.0724945265231227,"Generated","test","Dirichlet","d",2.9461372884044,2.02784000434576
-0.183378925610881,-0.0368160588428323,"Generated","test","Dirichlet","d",2.9461372884044,2.02784000434576
-0.136422813186802,-0.367401684959285,"Generated","test","Dirichlet","d",2.9461372884044,2.02784000434576
-0.156748265023927,0.0021825008518151,"Generated","test","Dirichlet","d",2.9461372884044,2.02784000434576
0.0277020174374802,0.188298839010077,"Generated","test","Dirichlet","d",2.9461372884044,2.02784000434576
0.152760431573543,0.0115674338799905,"Generated","test","Dirichlet","d",2.9461372884044,2.02784000434576
-0.19024460190713,0.0192862477318766,"Generated","test","Dirichlet","d",2.9461372884044,2.02784000434576
0.00917077056697976,0.182800398595414,"Generated","test","Dirichlet","d",2.9461372884044,2.02784000434576
-0.220247779599834,-0.139277654627145,"Generated","test","Dirichlet","d",2.9461372884044,2.02784000434576
-0.0399305900163242,-0.375060515281804,"Generated","test","Dirichlet","d",2.9461372884044,2.02784000434576
-0.000131278559125428,0.0419664505443038,"Generated","test","Dirichlet","d",2.9461372884044,2.02784000434576
0.396418568246088,-0.0318471370177064,"Generated","test","Dirichlet","d",2.9461372884044,2.02784000434576
-0.0860576235094932,-0.308934436751275,"Generated","test","Dirichlet","d",2.9461372884044,2.02784000434576
-0.129245292726749,-0.252569445625737,"Generated","test","Dirichlet","d",2.9461372884044,2.02784000434576
-0.226327483582429,0.108749029886811,"Generated","test","Dirichlet","d",2.9461372884044,2.02784000434576
-0.313474496366129,0.104302108369425,"Generated","test","Dirichlet","d",2.9461372884044,2.02784000434576
0.0852626472321051,0.227429409789595,"Generated","test","Dirichlet","d",2.9461372884044,2.02784000434576
-0.323093790443109,0.108153416140127,"Generated","test","Dirichlet","d",2.9461372884044,2.02784000434576
-0.229037996075417,0.185744858835479,"Generated","test","Dirichlet","d",2.9461372884044,2.02784000434576
-0.0780665801551227,0.144158996461413,"Generated","test","Dirichlet","d",2.9461372884044,2.02784000434576
-0.121999408454571,0.163470390835347,"Generated","test","Dirichlet","d",2.9461372884044,2.02784000434576
-0.266174411798438,0.202310947954974,"Generated","test","Dirichlet","d",2.9461372884044,2.02784000434576
-0.205668969617783,0.165778985844266,"Generated","test","Dirichlet","d",2.9461372884044,2.02784000434576
-0.115363603419413,0.056994651449231,"Generated","test","Dirichlet","d",2.9461372884044,2.02784000434576
-0.22180501687201,0.161690289414077,"Generated","test","Dirichlet","d",2.9461372884044,2.02784000434576
-0.235587142572167,0.171426079714726,"Generated","test","Dirichlet","d",2.9461372884044,2.02784000434576
-0.241710202591157,0.0913573966037076,"Generated","test","Dirichlet","d",2.9461372884044,2.02784000434576
-0.0733177055406946,0.114533901242491,"Generated","test","Dirichlet","d",2.9461372884044,2.02784000434576
-0.174582635136151,0.0878789659877784,"Generated","test","Dirichlet","d",2.9461372884044,2.02784000434576
-0.260894542791697,0.0966015453411902,"Generated","test","Dirichlet","d",2.9461372884044,2.02784000434576
-0.271296828952292,0.138141417894896,"Generated","test","Dirichlet","d",2.9461372884044,2.02784000434576
-0.207687152998268,-0.162258162507449,"Generated","test","Dirichlet","d",2.9461372884044,2.02784000434576
-0.175042867554377,-0.121068207282831,"Generated","test","Dirichlet","d",2.9461372884044,2.02784000434576
-0.175017540158913,0.057957706459441,"Generated","test","Dirichlet","d",2.9461372884044,2.02784000434576
-0.0876826529617362,0.138446020822777,"Generated","test","Dirichlet","d",2.9461372884044,2.02784000434576
-0.192624917533537,0.0802970251582387,"Generated","test","Dirichlet","d",2.9461372884044,2.02784000434576
-0.134638651722916,0.181474163546281,"Generated","test","Dirichlet","d",2.9461372884044,2.02784000434576
-0.0256770242915435,0.154729198422486,"Generated","test","Dirichlet","d",2.9461372884044,2.02784000434576
-0.224876754413404,0.11121004044982,"Generated","test","Dirichlet","d",2.9461372884044,2.02784000434576
-0.234127203394884,0.216012393369184,"Generated","test","Dirichlet","d",2.9461372884044,2.02784000434576
-0.00199077790611029,0.170535112289358,"Generated","test","Dirichlet","d",2.9461372884044,2.02784000434576
-0.187013993678824,0.151914527563231,"Generated","test","Dirichlet","d",2.9461372884044,2.02784000434576
-0.277717564012221,0.199649107217127,"Generated","test","Dirichlet","d",2.9461372884044,2.02784000434576
0.207510548690647,0.077612597903516,"Generated","test","Dirichlet","d",2.9461372884044,2.02784000434576
-0.137622700091807,0.0864924018304071,"Generated","test","Dirichlet","d",2.9461372884044,2.02784000434576
-0.134354623140945,0.210506621125009,"Generated","test","Dirichlet","d",2.9461372884044,2.02784000434576
-0.248262321479708,0.125877400320532,"Generated","test","Dirichlet","d",2.9461372884044,2.02784000434576
0.0372533213507077,0.226305555553285,"Generated","test","Dirichlet","d",2.9461372884044,2.02784000434576
-0.181065211083845,0.0310805613211128,"Generated","test","Dirichlet","d",2.9461372884044,2.02784000434576
-0.210413820291013,-0.503183350967738,"Generated","test","Dirichlet","d",2.9461372884044,2.02784000434576
-0.165117683060809,0.153108199467525,"Generated","test","Dirichlet","d",2.9461372884044,2.02784000434576
0.00423160166115149,-0.302554398180236,"Generated","test","Dirichlet","d",2.9461372884044,2.02784000434576
-0.203783943744047,-0.205541753876132,"Generated","test","Dirichlet","d",2.9461372884044,2.02784000434576
-0.205327472682877,-0.319220173779506,"Generated","test","Dirichlet","d",2.9461372884044,2.02784000434576
0.165263040517688,0.216764219179847,"Generated","test","Dirichlet","d",2.9461372884044,2.02784000434576
-0.0770541326532173,0.195914456247591,"Generated","test","Dirichlet","d",2.9461372884044,2.02784000434576
0.00302351890038864,0.18795269188279,"Generated","test","Dirichlet","d",2.9461372884044,2.02784000434576
0.187627830380587,-0.0162143690845008,"Generated","test","Dirichlet","d",2.9461372884044,2.02784000434576
-0.189097192160555,0.0521813166338147,"Generated","test","Dirichlet","d",2.9461372884044,2.02784000434576
-0.117679536328931,0.0496449694475562,"Generated","test","Dirichlet","d",2.9461372884044,2.02784000434576
-0.00229291956765284,0.0545611696419455,"Generated","test","Dirichlet","d",2.9461372884044,2.02784000434576
-0.148010311163837,0.200914258260628,"Generated","test","Dirichlet","d",2.9461372884044,2.02784000434576
-0.108285604048388,0.163528133886413,"Generated","test","Dirichlet","d",2.9461372884044,2.02784000434576
-0.0843638132927445,0.169528457059453,"Generated","test","Dirichlet","d",2.9461372884044,2.02784000434576
-0.265628506952137,0.134702051533822,"Generated","test","Dirichlet","d",2.9461372884044,2.02784000434576
-0.228865264354505,-0.00567855333159197,"Generated","test","Dirichlet","d",2.9461372884044,2.02784000434576
-0.271047193034729,-0.22938361451631,"Generated","test","Dirichlet","d",2.9461372884044,2.02784000434576
-0.0200649429928326,0.228980974315657,"Generated","test","Dirichlet","d",2.9461372884044,2.02784000434576
-0.0263015267519899,0.200666566820801,"Generated","test","Dirichlet","d",2.9461372884044,2.02784000434576
-0.133372218428967,0.130872075434316,"Generated","test","Dirichlet","d",2.9461372884044,2.02784000434576
-0.0224069418912537,0.114573661147014,"Generated","test","Dirichlet","d",2.9461372884044,2.02784000434576
-0.297157900041077,0.0861209463322317,"Generated","test","Dirichlet","d",2.9461372884044,2.02784000434576
-0.22874649459846,0.0733510474717394,"Generated","test","Dirichlet","d",2.9461372884044,2.02784000434576
0.115797152309671,0.232371789744175,"Generated","test","Dirichlet","d",2.9461372884044,2.02784000434576
0.141220531510985,0.204663322211027,"Generated","test","Dirichlet","d",2.9461372884044,2.02784000434576
0.0943105858022703,0.193259857298035,"Generated","test","Dirichlet","d",2.9461372884044,2.02784000434576
0.205521520262225,0.153036924423961,"Generated","test","Dirichlet","d",2.9461372884044,2.02784000434576
0.00513582947693112,0.172186879611462,"Generated","test","Dirichlet","d",2.9461372884044,2.02784000434576
-0.0528604619342604,-0.085129952740979,"Generated","test","Dirichlet","d",2.9461372884044,2.02784000434576
0.152753827618291,0.190187709917571,"Generated","test","Dirichlet","d",2.9461372884044,2.02784000434576
0.408501772401307,0.249740652818162,"Generated","test","Dirichlet","d",2.9461372884044,2.02784000434576
-0.171834517439543,0.146276747327619,"Generated","test","Dirichlet","d",2.9461372884044,2.02784000434576
0.112881273973274,-0.248054703187632,"Generated","test","Dirichlet","d",2.9461372884044,2.02784000434576
-0.145704905631145,-0.0537267449400613,"Generated","test","Dirichlet","d",2.9461372884044,2.02784000434576
-0.287590035787535,0.116666299107669,"Generated","test","Dirichlet","d",2.9461372884044,2.02784000434576
-0.111736159787481,0.0913552712715774,"Generated","test","Dirichlet","d",2.9461372884044,2.02784000434576
-0.188132643400377,0.0491398812744722,"Generated","test","Dirichlet","d",2.9461372884044,2.02784000434576
-0.0380054976080327,0.0920243296942935,"Generated","test","Dirichlet","d",2.9461372884044,2.02784000434576
0.394649481760592,-0.245807189779344,"Generated","test","Dirichlet","d",2.9461372884044,2.02784000434576
-0.198171057728915,0.157527331315269,"Generated","test","Dirichlet","d",2.9461372884044,2.02784000434576
-0.203178571654641,0.195359885535602,"Generated","test","Dirichlet","d",2.9461372884044,2.02784000434576
-0.226554207082632,0.16583605419094,"Generated","test","Dirichlet","d",2.9461372884044,2.02784000434576
-0.330945605795203,0.160263792351918,"Generated","test","Dirichlet","d",2.9461372884044,2.02784000434576
-0.0122305528349957,0.240262110103744,"Generated","test","Dirichlet","d",2.9461372884044,2.02784000434576
-0.0285667469131953,0.0719868780308627,"Generated","test","Dirichlet","d",2.9461372884044,2.02784000434576
-0.234613491261267,0.0757843036285192,"Generated","test","Dirichlet","d",2.9461372884044,2.02784000434576
-0.191269195666065,-0.282993450140892,"Generated","test","Dirichlet","d",2.9461372884044,2.02784000434576
-0.304325801781093,0.15043956222233,"Generated","test","Dirichlet","d",2.9461372884044,2.02784000434576
-0.177416709398888,0.11990915567783,"Generated","test","Dirichlet","d",2.9461372884044,2.02784000434576
0.00397501693013396,-0.303324807658755,"Generated","test","Dirichlet","d",2.9461372884044,2.02784000434576
-0.216592491984251,0.162960065599102,"Generated","test","Dirichlet","d",2.9461372884044,2.02784000434576
-0.157412704893425,-0.435620256826601,"Generated","test","Dirichlet","d",2.9461372884044,2.02784000434576
0.0694138311755077,-0.0480403806809194,"Generated","test","Dirichlet","d",2.9461372884044,2.02784000434576
-0.125367162174878,-0.381028764101641,"Generated","test","Dirichlet","d",2.9461372884044,2.02784000434576
-0.202929149548292,0.0338564613916968,"Generated","test","Dirichlet","d",2.9461372884044,2.02784000434576
-0.051373201191496,0.163624702343346,"Generated","test","Dirichlet","d",2.9461372884044,2.02784000434576
-0.29542753025802,-0.131894367123972,"Generated","test","Dirichlet","d",2.9461372884044,2.02784000434576
-0.257225016383966,0.203000597414856,"Generated","test","Dirichlet","d",2.9461372884044,2.02784000434576
-0.203606625633694,0.161908163623086,"Generated","test","Dirichlet","d",2.9461372884044,2.02784000434576
0.252732941735595,0.212473159764934,"Generated","test","Dirichlet","d",2.9461372884044,2.02784000434576
0.117309818497465,0.0944622128346675,"Generated","test","Dirichlet","d",2.9461372884044,2.02784000434576
-0.154332763257899,0.0703611347341369,"Generated","test","Dirichlet","d",2.9461372884044,2.02784000434576
-0.084780866557455,0.147094867394164,"Generated","test","Dirichlet","d",2.9461372884044,2.02784000434576
-0.144421436253244,-0.260127320643103,"Generated","test","Dirichlet","d",2.9461372884044,2.02784000434576
-0.183484733942109,0.14730337037695,"Generated","test","Dirichlet","d",2.9461372884044,2.02784000434576
-0.0959367455127838,-0.354673330280361,"Generated","test","Dirichlet","d",2.9461372884044,2.02784000434576
-0.0527936969337716,0.178078808234897,"Generated","test","Dirichlet","d",2.9461372884044,2.02784000434576
0.0569531459543534,0.0275071494129205,"Generated","test","Dirichlet","d",2.9461372884044,2.02784000434576
0.121309605243752,0.140894589130724,"Generated","test","Dirichlet","d",2.9461372884044,2.02784000434576
-0.150841595085841,-0.296305548527968,"Generated","test","Dirichlet","d",2.9461372884044,2.02784000434576
0.107160228888099,0.0830745834498697,"Generated","test","Dirichlet","d",2.9461372884044,2.02784000434576
-0.202268588770442,-0.29491093979262,"Generated","test","Dirichlet","d",2.9461372884044,2.02784000434576
-0.178544241382597,0.107648386495346,"Generated","test","Dirichlet","d",2.9461372884044,2.02784000434576
0.305002291019034,-0.320234577215008,"Generated","test","Dirichlet","d",2.9461372884044,2.02784000434576
-0.13806081860034,0.237460705456707,"Generated","test","Dirichlet","d",2.9461372884044,2.02784000434576
-0.132246476901857,0.095216872178397,"Generated","test","Dirichlet","d",2.9461372884044,2.02784000434576
0.142354152216733,0.087049084186948,"Generated","test","Dirichlet","d",2.9461372884044,2.02784000434576
-0.00758415610908191,-0.0751840867427452,"Generated","test","Dirichlet","d",2.9461372884044,2.02784000434576
0.206364904400499,0.149048015773378,"Generated","test","Dirichlet","d",2.9461372884044,2.02784000434576
0.00119858503115106,0.181114958955417,"Generated","test","Dirichlet","d",2.9461372884044,2.02784000434576
0.0160741498919235,-0.0121330287597825,"Generated","test","Dirichlet","d",2.9461372884044,2.02784000434576
0.0027199219118414,0.165645698900904,"Generated","test","Dirichlet","d",2.9461372884044,2.02784000434576
-0.21053965450282,0.00348705307379326,"Generated","test","Dirichlet","d",2.9461372884044,2.02784000434576
0.033643273253897,0.0975365435364158,"Generated","test","Dirichlet","d",2.9461372884044,2.02784000434576
-0.070629466281039,-0.504425750115254,"Generated","test","Dirichlet","d",2.9461372884044,2.02784000434576
-0.145340717270829,-0.236669063579217,"Generated","test","Dirichlet","d",2.9461372884044,2.02784000434576
-0.156739877268952,0.168233421983543,"Generated","test","Dirichlet","d",2.9461372884044,2.02784000434576
-0.228539847214603,-0.0434059871484496,"Generated","test","Dirichlet","d",2.9461372884044,2.02784000434576
-0.139911474385301,0.111092120515775,"Generated","test","Dirichlet","d",2.9461372884044,2.02784000434576
-0.180309878660001,-0.368411857085063,"Generated","test","Dirichlet","d",2.9461372884044,2.02784000434576
-0.27799041386914,0.195653128358228,"Generated","test","Dirichlet","d",2.9461372884044,2.02784000434576
-0.239932083026431,0.141579447630283,"Generated","test","Dirichlet","d",2.9461372884044,2.02784000434576
-0.242453467402921,0.187491219760034,"Generated","test","Dirichlet","d",2.9461372884044,2.02784000434576
0.11125236626791,-0.181536633902727,"Generated","test","Dirichlet","d",2.9461372884044,2.02784000434576
-0.165110595621607,0.20918156747676,"Generated","test","Dirichlet","d",2.9461372884044,2.02784000434576
0.100753781311726,-0.198188166947848,"Generated","test","Dirichlet","d",2.9461372884044,2.02784000434576
0.264946792352504,0.0428454758850563,"Generated","test","Dirichlet","d",2.9461372884044,2.02784000434576
-0.144622586260856,0.119938512359248,"Generated","test","Dirichlet","d",2.9461372884044,2.02784000434576
0.0318256690638876,-0.345760590475218,"Generated","test","Dirichlet","d",2.9461372884044,2.02784000434576
-0.145962277262138,-0.408167378092149,"Generated","test","Dirichlet","d",2.9461372884044,2.02784000434576
-0.3056268502017,0.123950725659323,"Generated","test","Dirichlet","d",2.9461372884044,2.02784000434576
-0.161928012546608,0.0861077072663891,"Generated","test","Dirichlet","d",2.9461372884044,2.02784000434576
-0.0538443787945289,-0.44353705963924,"Generated","test","Dirichlet","d",2.9461372884044,2.02784000434576
-0.0892637476048693,-0.0113932731978824,"Generated","test","Dirichlet","d",2.9461372884044,2.02784000434576
-0.27516121186885,0.102395738222218,"Generated","test","Dirichlet","d",2.9461372884044,2.02784000434576
-0.245521262248359,-0.010445969410982,"Generated","test","Dirichlet","d",2.9461372884044,2.02784000434576
-0.227799928633572,0.044826747150264,"Generated","test","Dirichlet","d",2.9461372884044,2.02784000434576
-0.0616381320542529,-0.549329153126811,"Generated","test","Dirichlet","d",2.9461372884044,2.02784000434576
-0.106964828707126,-0.0296939735993637,"Generated","test","Dirichlet","d",2.9461372884044,2.02784000434576
-0.173317908787262,0.0942042944037335,"Generated","test","Dirichlet","d",2.9461372884044,2.02784000434576
-0.130935718778154,-0.296612293784332,"Generated","test","Dirichlet","d",2.9461372884044,2.02784000434576
0.201305298921227,0.025025797195905,"Generated","test","Dirichlet","d",2.9461372884044,2.02784000434576
-0.188829644995079,0.127406635829427,"Generated","test","Dirichlet","d",2.9461372884044,2.02784000434576
0.323505556970341,0.261849117966852,"Generated","test","Dirichlet","d",2.9461372884044,2.02784000434576
0.202780440890383,-0.00145059769436001,"Generated","test","Dirichlet","d",2.9461372884044,2.02784000434576
-0.0447079894526494,0.202294796941099,"Generated","test","Dirichlet","d",2.9461372884044,2.02784000434576
0.223353603952298,-0.248971135860821,"Generated","test","Dirichlet","d",2.9461372884044,2.02784000434576
-0.205095149925409,0.203102788500419,"Generated","test","Dirichlet","d",2.9461372884044,2.02784000434576
-0.0333998361974641,0.118286672179096,"Generated","test","Dirichlet","d",2.9461372884044,2.02784000434576
-0.116768359917787,-0.305840789595051,"Generated","test","Dirichlet","d",2.9461372884044,2.02784000434576
-0.222375252681349,0.155578083483775,"Generated","test","Dirichlet","d",2.9461372884044,2.02784000434576
-0.139043068565499,0.0926073653072967,"Generated","test","Dirichlet","d",2.9461372884044,2.02784000434576
-0.164421195628654,0.0411767190917521,"Generated","test","Dirichlet","d",2.9461372884044,2.02784000434576
-0.0583762144424795,0.16498448664695,"Generated","test","Dirichlet","d",2.9461372884044,2.02784000434576
0.0719593369744028,0.283747404077816,"Generated","test","Dirichlet","d",2.9461372884044,2.02784000434576
-0.158934146143865,0.0806888714461133,"Generated","test","Dirichlet","d",2.9461372884044,2.02784000434576
-0.131499544627635,-0.407509560206521,"Generated","test","Dirichlet","d",2.9461372884044,2.02784000434576
0.0957904932533734,0.057042019102208,"Generated","test","Dirichlet","d",2.9461372884044,2.02784000434576
0.0224885602119285,0.194404184134121,"Generated","test","Dirichlet","d",2.9461372884044,2.02784000434576
-0.217989186880814,0.0012058785369949,"Generated","test","Dirichlet","d",2.9461372884044,2.02784000434576
-0.29425286182459,0.178223262811013,"Generated","test","Dirichlet","d",2.9461372884044,2.02784000434576
-0.0809081078846793,-0.228045746303777,"Generated","test","Dirichlet","d",2.9461372884044,2.02784000434576
0.080153737900468,0.20340852286753,"Generated","test","Dirichlet","d",2.9461372884044,2.02784000434576
0.0225629051452419,0.221985344879402,"Generated","test","Dirichlet","d",2.9461372884044,2.02784000434576
-0.18578736434312,0.0901230860761917,"Generated","test","Dirichlet","d",2.9461372884044,2.02784000434576
0.184921702386174,0.0818453944276239,"Generated","test","Dirichlet","d",2.9461372884044,2.02784000434576
-0.0891486669292005,-0.302678520889136,"Generated","test","Dirichlet","d",2.9461372884044,2.02784000434576
-0.2172469468906,0.0604568655089402,"Generated","test","Dirichlet","d",2.9461372884044,2.02784000434576
-0.228555163409547,0.136202806071301,"Generated","test","Dirichlet","d",2.9461372884044,2.02784000434576
-0.28845720867507,-0.121941201544607,"Generated","test","Dirichlet","d",2.9461372884044,2.02784000434576
-0.205507381248201,0.18460503188544,"Generated","test","Dirichlet","d",2.9461372884044,2.02784000434576
-0.267736607767646,0.192996048823173,"Generated","test","Dirichlet","d",2.9461372884044,2.02784000434576
-0.0387675507327193,0.163280609566357,"Generated","test","Dirichlet","d",2.9461372884044,2.02784000434576
-0.205348124150144,0.168024261191576,"Generated","test","Dirichlet","d",2.9461372884044,2.02784000434576
-0.304332202900688,0.178174453331421,"Generated","test","Dirichlet","d",2.9461372884044,2.02784000434576
-0.171325456280881,-0.211640560260101,"Generated","test","Dirichlet","d",2.9461372884044,2.02784000434576
-0.250061197235034,0.165046790426877,"Generated","test","Dirichlet","d",2.9461372884044,2.02784000434576
-0.0912478238656278,-0.164984701874528,"Generated","test","Dirichlet","d",2.9461372884044,2.02784000434576
0.166226183425469,0.0381525281256617,"Generated","test","Dirichlet","d",2.9461372884044,2.02784000434576
-0.0970056722766853,0.182933313225912,"Generated","test","Dirichlet","d",2.9461372884044,2.02784000434576
-0.125670988695491,0.128617436254007,"Generated","test","Dirichlet","d",2.9461372884044,2.02784000434576
-0.244257905674485,0.223850597707603,"Generated","test","Dirichlet","d",2.9461372884044,2.02784000434576
-0.20750672679998,-0.0240477380907811,"Generated","test","Dirichlet","d",2.9461372884044,2.02784000434576
-0.224846543666524,0.155305128538693,"Generated","test","Dirichlet","d",2.9461372884044,2.02784000434576
-0.0310138917421781,0.215549644328331,"Generated","test","Dirichlet","d",2.9461372884044,2.02784000434576
-0.20610588202301,0.112009548989164,"Generated","test","Dirichlet","d",2.9461372884044,2.02784000434576
-0.284087221864468,0.182040490072852,"Generated","test","Dirichlet","d",2.9461372884044,2.02784000434576
-0.0620461734009697,0.11519163681946,"Generated","test","Dirichlet","d",2.9461372884044,2.02784000434576
0.0794926319702699,0.193047026044004,"Generated","test","Dirichlet","d",2.9461372884044,2.02784000434576
-0.225978504110357,0.102166966767403,"Generated","test","Dirichlet","d",2.9461372884044,2.02784000434576
0.246122608588223,0.218060852662097,"Generated","test","Dirichlet","d",2.9461372884044,2.02784000434576
0.131912997551417,-0.0959466590045145,"Generated","test","Dirichlet","d",2.9461372884044,2.02784000434576
-0.239094843381783,0.0575220338599965,"Generated","test","Dirichlet","d",2.9461372884044,2.02784000434576
-0.177961309769032,-0.339585316886659,"Generated","test","Dirichlet","d",2.9461372884044,2.02784000434576
-0.227052797010546,0.161806782890485,"Generated","test","Dirichlet","d",2.9461372884044,2.02784000434576
-0.171969282083642,0.15310255877446,"Generated","test","Dirichlet","d",2.9461372884044,2.02784000434576
0.241701164467889,0.250016668751307,"Generated","test","Dirichlet","d",2.9461372884044,2.02784000434576
-0.19515668106462,-0.0346405189805787,"Generated","test","Dirichlet","d",2.9461372884044,2.02784000434576
-0.211623694798021,0.202533989558142,"Generated","test","Dirichlet","d",2.9461372884044,2.02784000434576
0.0521124775951334,0.156685811592197,"Generated","test","Dirichlet","d",2.9461372884044,2.02784000434576
-0.153027073500608,0.0119136813158585,"Generated","test","Dirichlet","d",2.9461372884044,2.02784000434576
-0.205245079386972,-0.278972566525342,"Generated","test","Dirichlet","d",2.9461372884044,2.02784000434576
0.142864587898716,-0.0666942699080585,"Generated","test","Dirichlet","d",2.9461372884044,2.02784000434576
-0.203735014339237,0.123146120774408,"Generated","test","Dirichlet","d",2.9461372884044,2.02784000434576
-0.128541399372809,0.0831783287738874,"Generated","test","Dirichlet","d",2.9461372884044,2.02784000434576
-0.151898328863017,-0.117154201127724,"Generated","test","Dirichlet","d",2.9461372884044,2.02784000434576
-0.223307639121084,-0.131918182302081,"Generated","test","Dirichlet","d",2.9461372884044,2.02784000434576
-0.183663923464439,-0.283840927192592,"Generated","test","Dirichlet","d",2.9461372884044,2.02784000434576
0.0500892622390513,0.196973609145649,"Generated","test","Dirichlet","d",2.9461372884044,2.02784000434576
-0.220082286676617,0.0487841948204458,"Generated","test","Dirichlet","d",2.9461372884044,2.02784000434576
-0.211056835581455,0.143580928779094,"Generated","test","Dirichlet","d",2.9461372884044,2.02784000434576
-0.216759493330406,0.0874183142906527,"Generated","test","Dirichlet","d",2.9461372884044,2.02784000434576
0.118211717520683,-0.18810127436254,"Generated","test","Dirichlet","d",2.9461372884044,2.02784000434576
-0.0370141161796407,0.0554887182562472,"Generated","test","Dirichlet","d",2.9461372884044,2.02784000434576
-0.199212458635991,-0.323716574111913,"Generated","test","Dirichlet","d",2.9461372884044,2.02784000434576
-0.231747729558838,0.000415576034614664,"Generated","test","Dirichlet","d",2.9461372884044,2.02784000434576
-0.250584459303213,0.163176202722197,"Generated","test","Dirichlet","d",2.9461372884044,2.02784000434576
-0.100737407280527,-0.426871854352469,"Generated","test","Dirichlet","d",2.9461372884044,2.02784000434576
0.0677075176858122,0.228324654486019,"Generated","test","Dirichlet","d",2.9461372884044,2.02784000434576
0.0633742298947364,0.148072658481783,"Generated","test","Dirichlet","d",2.9461372884044,2.02784000434576
-0.222754655583588,0.139757289069856,"Generated","test","Dirichlet","d",2.9461372884044,2.02784000434576
0.00233664893916249,0.177016198544311,"Generated","test","Dirichlet","d",2.9461372884044,2.02784000434576
-0.17582870954961,-0.43124737738144,"Generated","test","Dirichlet","d",2.9461372884044,2.02784000434576
-0.181301066310704,0.0335588854186261,"Generated","test","Dirichlet","d",2.9461372884044,2.02784000434576
-0.173607832486405,-0.436787555336155,"Generated","test","Dirichlet","d",2.9461372884044,2.02784000434576
-0.100141422433134,-0.258547891358562,"Generated","test","Dirichlet","d",2.9461372884044,2.02784000434576
-0.126724778226317,-0.062528780268932,"Generated","test","Dirichlet","d",2.9461372884044,2.02784000434576
0.206718346110793,0.28282260891699,"Generated","test","Dirichlet","d",2.9461372884044,2.02784000434576
0.0751268105641026,0.211340351786973,"Generated","test","Dirichlet","d",2.9461372884044,2.02784000434576
-0.0400224847607996,0.157034547350181,"Generated","test","Dirichlet","d",2.9461372884044,2.02784000434576
-0.269717928377117,0.147454980611139,"Generated","test","Dirichlet","d",2.9461372884044,2.02784000434576
-0.0759961090641755,0.00648371184027611,"Generated","test","Dirichlet","d",2.9461372884044,2.02784000434576
-0.212305672565257,0.160162938981804,"Generated","test","Dirichlet","d",2.9461372884044,2.02784000434576
-0.236171748013081,0.187376599689742,"Generated","test","Dirichlet","d",2.9461372884044,2.02784000434576
-0.018654216706415,-0.0965804923623801,"Generated","test","Dirichlet","d",2.9461372884044,2.02784000434576
-0.254452000277093,0.129911436915558,"Generated","test","Dirichlet","d",2.9461372884044,2.02784000434576
-0.00954414281272376,0.162934377733384,"Generated","test","Dirichlet","d",2.9461372884044,2.02784000434576
-0.169438846370297,0.106962217504936,"Generated","test","Dirichlet","d",2.9461372884044,2.02784000434576
-0.0649565241970901,0.164409502124482,"Generated","test","Dirichlet","d",2.9461372884044,2.02784000434576
-0.148019357754495,-0.0395762472229813,"Generated","test","Dirichlet","d",2.9461372884044,2.02784000434576
-0.12001208446344,0.114180998500478,"Generated","test","Dirichlet","d",2.9461372884044,2.02784000434576
-0.296568254398607,0.146953235196564,"Generated","test","Dirichlet","d",2.9461372884044,2.02784000434576
-0.0667169457479622,-0.454948841163552,"Generated","test","Dirichlet","d",2.9461372884044,2.02784000434576
-0.0878474474068046,-0.169089554975703,"Generated","test","Dirichlet","d",2.9461372884044,2.02784000434576
-0.211819684985147,0.168024716373575,"Generated","test","Dirichlet","d",2.9461372884044,2.02784000434576
-0.199839997285754,0.161885173541531,"Generated","test","Dirichlet","d",2.9461372884044,2.02784000434576
-0.1861543249724,-0.28791208403798,"Generated","test","Dirichlet","d",2.9461372884044,2.02784000434576
-0.116378055085647,0.0896655076275249,"Generated","test","Dirichlet","d",2.9461372884044,2.02784000434576
0.285612198463149,-0.204767369468458,"Generated","test","Dirichlet","d",2.9461372884044,2.02784000434576
-0.271254767921158,0.192070051882992,"Generated","test","Dirichlet","d",2.9461372884044,2.02784000434576
-0.0504706398697273,-0.0552124349147705,"Generated","test","Dirichlet","d",2.9461372884044,2.02784000434576
-0.126554241176582,0.194906380363397,"Generated","test","Dirichlet","d",2.9461372884044,2.02784000434576
-0.224966718098316,0.019851996506202,"Generated","test","Dirichlet","d",2.9461372884044,2.02784000434576
0.0404864313606249,0.157551405203695,"Generated","test","Dirichlet","d",2.9461372884044,2.02784000434576
-0.0620155277789339,0.125921758901736,"Generated","test","Dirichlet","d",2.9461372884044,2.02784000434576
-0.184524574417732,0.0916224103329007,"Generated","test","Dirichlet","d",2.9461372884044,2.02784000434576
-0.15596896036761,-0.387844410298614,"Generated","test","Dirichlet","d",2.9461372884044,2.02784000434576
-0.235929223811919,0.11423127877475,"Generated","test","Dirichlet","d",2.9461372884044,2.02784000434576
-0.233794471107682,0.0546742711957457,"Generated","test","Dirichlet","d",2.9461372884044,2.02784000434576
0.394207176116058,0.209607890845507,"Generated","test","Dirichlet","d",2.9461372884044,2.02784000434576
-0.165026527930349,0.0728434737622488,"Generated","test","Dirichlet","d",2.9461372884044,2.02784000434576
-0.121367405583724,0.0827499978582167,"Generated","test","Dirichlet","d",2.9461372884044,2.02784000434576
0.173252492190793,0.247326426369981,"Generated","test","Dirichlet","d",2.9461372884044,2.02784000434576
-0.112696093072218,-0.302144747499713,"Generated","test","Dirichlet","d",2.9461372884044,2.02784000434576
-0.158978603673361,-0.158865797278735,"Generated","test","Dirichlet","d",2.9461372884044,2.02784000434576
-0.0345524351489715,-0.427508419990253,"Generated","test","Dirichlet","d",2.9461372884044,2.02784000434576
-0.158197538931584,0.235027001295564,"Generated","test","Dirichlet","d",2.9461372884044,2.02784000434576
-0.178209467171952,-0.0704419643409782,"Generated","test","Dirichlet","d",2.9461372884044,2.02784000434576
-0.244693957080324,-0.114283501865783,"Generated","test","Dirichlet","d",2.9461372884044,2.02784000434576
-0.0205075968745052,0.123510932121712,"Generated","test","Dirichlet","d",2.9461372884044,2.02784000434576
0.0319700147697838,0.133002661821851,"Generated","test","Dirichlet","d",2.9461372884044,2.02784000434576
-0.0717269232990202,0.0691686108081084,"Generated","test","Dirichlet","d",2.9461372884044,2.02784000434576
0.135494565108858,0.158193648455158,"Generated","test","Dirichlet","d",2.9461372884044,2.02784000434576
-0.116297983281621,-0.11759992111907,"Generated","test","Dirichlet","d",2.9461372884044,2.02784000434576
-0.207760030982306,0.112840235160267,"Generated","test","Dirichlet","d",2.9461372884044,2.02784000434576
-0.0339320472001651,-0.296763558132255,"Generated","test","Dirichlet","d",2.9461372884044,2.02784000434576
0.0167470442446136,-0.213104604955936,"Generated","test","Dirichlet","d",2.9461372884044,2.02784000434576
-0.0267847303749661,0.0361054456437491,"Generated","test","Dirichlet","d",2.9461372884044,2.02784000434576
-0.145587980895802,-0.0783834340951415,"Generated","test","Dirichlet","d",2.9461372884044,2.02784000434576
-0.081251397470691,-0.202105751393895,"Generated","test","Dirichlet","d",2.9461372884044,2.02784000434576
-0.186484315785791,0.184709999162707,"Generated","test","Dirichlet","d",2.9461372884044,2.02784000434576
-0.234764697359476,0.0907269662154086,"Generated","test","Dirichlet","d",2.9461372884044,2.02784000434576
-0.15164222903117,0.137838674550225,"Generated","test","Dirichlet","d",2.9461372884044,2.02784000434576
-0.209605935094304,0.11556161483055,"Generated","test","Dirichlet","d",2.9461372884044,2.02784000434576
-0.046360062315153,-0.479498533987645,"Generated","test","Dirichlet","d",2.9461372884044,2.02784000434576
-0.124787422779416,0.160778691699496,"Generated","test","Dirichlet","d",2.9461372884044,2.02784000434576
0.238102655620799,-0.0563340452350563,"Generated","test","Dirichlet","d",2.9461372884044,2.02784000434576
0.232748020705695,-0.225677523874271,"Generated","test","Dirichlet","d",2.9461372884044,2.02784000434576
-3.14969339457294e-05,-0.120133595651886,"Generated","test","Dirichlet","d",2.9461372884044,2.02784000434576
-0.174427183804438,0.0461057702609596,"Generated","test","Dirichlet","d",2.9461372884044,2.02784000434576
-0.0898305476670722,0.221051122383956,"Generated","test","Dirichlet","d",2.9461372884044,2.02784000434576
-0.117168149081531,0.113349938031249,"Generated","test","Dirichlet","d",2.9461372884044,2.02784000434576
-0.118041831600485,-0.087676284262936,"Generated","test","Dirichlet","d",2.9461372884044,2.02784000434576
-0.147161347652439,0.124276659377501,"Generated","test","Dirichlet","d",2.9461372884044,2.02784000434576
0.0270158286661516,-0.315680323199248,"Generated","test","Dirichlet","d",2.9461372884044,2.02784000434576
-0.265899368887222,0.127259378778708,"Generated","test","Dirichlet","d",2.9461372884044,2.02784000434576
-0.252099822263929,0.118779394193307,"Generated","test","Dirichlet","d",2.9461372884044,2.02784000434576
-0.189338008023061,0.106256546398139,"Generated","test","Dirichlet","d",2.9461372884044,2.02784000434576
-0.206560205580345,-0.17598041584357,"Generated","test","Dirichlet","d",2.9461372884044,2.02784000434576
-0.21761944650194,-0.00397075569685889,"Generated","test","Dirichlet","d",2.9461372884044,2.02784000434576
-0.0480141350763842,0.206384523173815,"Generated","test","Dirichlet","d",2.9461372884044,2.02784000434576
-0.0599012531413101,-0.505172777545832,"Generated","test","Dirichlet","d",2.9461372884044,2.02784000434576
-0.0387984920222509,0.0865663723481513,"Generated","test","Dirichlet","d",2.9461372884044,2.02784000434576
0.149600982562041,-0.00859258547059725,"Generated","test","Dirichlet","d",2.9461372884044,2.02784000434576
0.0659530448479412,0.199185797965318,"Generated","test","Dirichlet","d",2.9461372884044,2.02784000434576
0.0774283037011944,0.067875868023488,"Generated","test","Dirichlet","d",2.9461372884044,2.02784000434576
-0.154987741696423,-0.406814261444,"Generated","test","Dirichlet","d",2.9461372884044,2.02784000434576
0.318396858720573,0.272051556464836,"Generated","test","Dirichlet","d",2.9461372884044,2.02784000434576
-0.116185349512459,0.114681801715873,"Generated","test","Dirichlet","d",2.9461372884044,2.02784000434576
-0.230785366398357,0.0758714268858017,"Generated","test","Dirichlet","d",2.9461372884044,2.02784000434576
0.0689762018786419,0.0834464253581844,"Generated","test","Dirichlet","d",2.9461372884044,2.02784000434576
0.0342640024532383,0.0336388046782588,"Generated","test","Dirichlet","d",2.9461372884044,2.02784000434576
-0.00287924659161252,0.190540037291988,"Generated","test","Dirichlet","d",2.9461372884044,2.02784000434576
-0.0381614391211911,-0.00456663231721199,"Generated","test","Dirichlet","d",2.9461372884044,2.02784000434576
-0.241163943556822,0.102963301272058,"Generated","test","Dirichlet","d",2.9461372884044,2.02784000434576
-0.240118050292257,-0.0601789372017173,"Generated","test","Dirichlet","d",2.9461372884044,2.02784000434576
-0.202982022778547,-0.0443605910515022,"Generated","test","Dirichlet","d",2.9461372884044,2.02784000434576
0.294847309837052,0.0388102591040971,"Generated","test","Dirichlet","d",2.9461372884044,2.02784000434576
-0.242157875361979,-0.0225605263076297,"Generated","test","Dirichlet","d",2.9461372884044,2.02784000434576
-0.066700942044132,0.225588201746533,"Generated","test","Dirichlet","d",2.9461372884044,2.02784000434576
-0.0466076617751051,0.142891998120114,"Generated","test","Dirichlet","d",2.9461372884044,2.02784000434576
-0.151767875555201,-0.164839676788559,"Generated","test","Dirichlet","d",2.9461372884044,2.02784000434576
0.0326471376349581,0.219162048421342,"Generated","test","Dirichlet","d",2.9461372884044,2.02784000434576
-0.120686281977444,0.152983921609755,"Generated","test","Dirichlet","d",2.9461372884044,2.02784000434576
-0.0468071628700042,0.157806692501656,"Generated","test","Dirichlet","d",2.9461372884044,2.02784000434576
-0.206747737043471,0.112355353891014,"Generated","test","Dirichlet","d",2.9461372884044,2.02784000434576
0.255247044242685,0.226414985419413,"Generated","test","Dirichlet","d",2.9461372884044,2.02784000434576
-0.0850802440039482,-0.134124217726494,"Generated","test","Dirichlet","d",2.9461372884044,2.02784000434576
-0.0248669472464273,0.048608575460159,"Generated","test","Dirichlet","d",2.9461372884044,2.02784000434576
-0.199280987298079,0.097478720880368,"Generated","test","Dirichlet","d",2.9461372884044,2.02784000434576
-0.19786738173501,0.163540173145049,"Generated","test","Dirichlet","d",2.9461372884044,2.02784000434576
0.391228350354465,0.165819241982933,"Generated","test","Dirichlet","d",2.9461372884044,2.02784000434576
0.27301878297514,-0.0319105991250411,"Generated","test","Dirichlet","d",2.9461372884044,2.02784000434576
-0.186908443320713,-0.281873212451208,"Generated","test","Dirichlet","d",2.9461372884044,2.02784000434576
-0.0147754892612876,-0.503890678552757,"Generated","test","Dirichlet","d",2.9461372884044,2.02784000434576
-0.24801861919951,0.186363392534133,"Generated","test","Dirichlet","d",2.9461372884044,2.02784000434576
-0.240375257115664,0.171112802910021,"Generated","test","Dirichlet","d",2.9461372884044,2.02784000434576
-0.151358311136502,-0.208127227855368,"Generated","test","Dirichlet","d",2.9461372884044,2.02784000434576
-0.252991069094017,0.148520269211155,"Generated","test","Dirichlet","d",2.9461372884044,2.02784000434576
0.220138130630994,0.0334161666135388,"Generated","test","Dirichlet","d",2.9461372884044,2.02784000434576
-0.209010001926799,0.123154662686745,"Generated","test","Dirichlet","d",2.9461372884044,2.02784000434576
-0.221001006980402,0.0969365772423342,"Generated","test","Dirichlet","d",2.9461372884044,2.02784000434576
-0.184842583450113,-0.145980809229674,"Generated","test","Dirichlet","d",2.9461372884044,2.02784000434576
0.0234796067726155,-0.160456353998988,"Generated","test","Dirichlet","d",2.9461372884044,2.02784000434576
0.144751625391358,0.159870219870904,"Generated","test","Dirichlet","d",2.9461372884044,2.02784000434576
0.0723753680661487,0.145316679049596,"Generated","test","Dirichlet","d",2.9461372884044,2.02784000434576
-0.172065078530193,-0.056836922071228,"Generated","test","Dirichlet","d",2.9461372884044,2.02784000434576
0.0510753479476426,-0.0910427260548256,"Generated","test","Dirichlet","d",2.9461372884044,2.02784000434576
-0.0237401252355859,0.076991266711155,"Generated","test","Dirichlet","d",2.9461372884044,2.02784000434576
-0.127965493865784,-0.0498581440599208,"Generated","test","Dirichlet","d",2.9461372884044,2.02784000434576
-0.0666706444061209,0.0724629833264055,"Generated","test","Dirichlet","d",2.9461372884044,2.02784000434576
-0.211487354173457,-0.198470612821027,"Generated","test","Dirichlet","d",2.9461372884044,2.02784000434576
-0.192846270192125,0.136183421692264,"Generated","test","Dirichlet","d",2.9461372884044,2.02784000434576
-0.257041871209122,0.125572454197189,"Generated","test","Dirichlet","d",2.9461372884044,2.02784000434576
0.0158481306159817,0.138812764985338,"Generated","test","Dirichlet","d",2.9461372884044,2.02784000434576
-0.193439386623738,0.192183108177619,"Generated","test","Dirichlet","d",2.9461372884044,2.02784000434576
-0.153501127645189,-0.273208017372817,"Generated","test","Dirichlet","d",2.9461372884044,2.02784000434576
-0.113667435796841,0.19448528588543,"Generated","test","Dirichlet","d",2.9461372884044,2.02784000434576
-0.274448330503877,0.101030759990195,"Generated","test","Dirichlet","d",2.9461372884044,2.02784000434576
-0.176732161783275,0.0350329451933486,"Generated","test","Dirichlet","d",2.9461372884044,2.02784000434576
-0.24459287267387,0.125939443183897,"Generated","test","Dirichlet","d",2.9461372884044,2.02784000434576
-0.0340984980965611,0.120446743456953,"Generated","test","Dirichlet","d",2.9461372884044,2.02784000434576
-0.0170672664242121,0.0988650611506453,"Generated","test","Dirichlet","d",2.9461372884044,2.02784000434576
-0.0979828585699933,0.0101384261201281,"Generated","test","Dirichlet","d",2.9461372884044,2.02784000434576
-0.0637552485968481,-0.377492278020325,"Generated","test","Dirichlet","d",2.9461372884044,2.02784000434576
-0.0730321970814696,0.14216832522775,"Generated","test","Dirichlet","d",2.9461372884044,2.02784000434576
-0.234827112633619,0.129714270150253,"Generated","test","Dirichlet","d",2.9461372884044,2.02784000434576
-0.22290353658021,0.0266919899542624,"Generated","test","Dirichlet","d",2.9461372884044,2.02784000434576
-0.0376666034027536,0.132852889076805,"Generated","test","Dirichlet","d",2.9461372884044,2.02784000434576
-0.0295778451774307,0.135543842472531,"Generated","test","Dirichlet","d",2.9461372884044,2.02784000434576
-0.128025982265679,0.162911222725135,"Generated","test","Dirichlet","d",2.9461372884044,2.02784000434576
-0.0465590790208982,-0.492407130067794,"Generated","test","Dirichlet","d",2.9461372884044,2.02784000434576
-0.17467046528617,0.117648184076374,"Generated","test","Dirichlet","d",2.9461372884044,2.02784000434576
-0.213405484264158,-0.451144541774773,"Generated","test","Dirichlet","d",2.9461372884044,2.02784000434576
-0.114942362118003,0.208217543182994,"Generated","test","Dirichlet","d",2.9461372884044,2.02784000434576
-0.104765711962568,0.0229559058440754,"Generated","test","Dirichlet","d",2.9461372884044,2.02784000434576
-0.150902166747343,0.0499706996435911,"Generated","test","Dirichlet","d",2.9461372884044,2.02784000434576
0.0775292959589577,-0.29345313830479,"Generated","test","Dirichlet","d",2.9461372884044,2.02784000434576
-0.324208267956748,0.175202988852472,"Generated","test","Dirichlet","d",2.9461372884044,2.02784000434576
0.24853735123393,-0.258226031127887,"Generated","test","Dirichlet","d",2.9461372884044,2.02784000434576
-0.0597322487692536,0.0631579926187308,"Generated","test","Dirichlet","d",2.9461372884044,2.02784000434576
-0.143873942873583,0.0529632371362709,"Generated","test","Dirichlet","d",2.9461372884044,2.02784000434576
-0.195888445322272,0.196865663406312,"Generated","test","Dirichlet","d",2.9461372884044,2.02784000434576
-0.167899134489704,-0.286598458345508,"Generated","test","Dirichlet","d",2.9461372884044,2.02784000434576
-0.221778853148504,-0.317428078855556,"Generated","test","Dirichlet","d",2.9461372884044,2.02784000434576
-0.20088451473748,-0.497268433511752,"Generated","test","Dirichlet","d",2.9461372884044,2.02784000434576
-0.156260990934304,-0.314022087565404,"Generated","test","Dirichlet","d",2.9461372884044,2.02784000434576
-0.158083254925045,-0.279096678767881,"Generated","test","Dirichlet","d",2.9461372884044,2.02784000434576
-0.136119281971548,-0.124091530622816,"Generated","test","Dirichlet","d",2.9461372884044,2.02784000434576
0.134256209820517,0.0654238555039103,"Generated","test","Dirichlet","d",2.9461372884044,2.02784000434576
-0.143997915214484,0.155156915966762,"Generated","test","Dirichlet","d",2.9461372884044,2.02784000434576
0.0513600584277453,0.215956172060282,"Generated","test","Dirichlet","d",2.9461372884044,2.02784000434576
-0.194987468978993,0.0415960696190804,"Generated","test","Dirichlet","d",2.9461372884044,2.02784000434576
-0.0127144703643652,0.232265643569684,"Generated","test","Dirichlet","d",2.9461372884044,2.02784000434576
0.0834262873690991,-0.447063627827769,"Generated","test","Dirichlet","d",2.9461372884044,2.02784000434576
-0.158996733544926,-0.538209224411976,"Generated","test","Dirichlet","d",2.9461372884044,2.02784000434576
-0.132530764547614,0.197327683746742,"Generated","test","Dirichlet","d",2.9461372884044,2.02784000434576
0.14699469028929,0.261021025249909,"Generated","test","Dirichlet","d",2.9461372884044,2.02784000434576
-0.0467206563894743,-0.221210186933692,"Generated","test","Dirichlet","d",2.9461372884044,2.02784000434576
-0.0187842195357884,-0.451028411214861,"Generated","test","Dirichlet","d",2.9461372884044,2.02784000434576
0.443315777148187,-0.329844487566123,"Generated","test","Dirichlet","d",2.9461372884044,2.02784000434576
0.0316999485955598,0.142322336601702,"Generated","test","Dirichlet","d",2.9461372884044,2.02784000434576
0.0736334829669068,0.201529440355864,"Generated","test","Dirichlet","d",2.9461372884044,2.02784000434576
0.0488761081860203,-0.421292780932931,"Generated","test","Dirichlet","d",2.9461372884044,2.02784000434576
-0.021726372875976,-0.291575967440809,"Generated","test","Dirichlet","d",2.9461372884044,2.02784000434576
-0.232884906452669,0.168543061009736,"Generated","test","Dirichlet","d",2.9461372884044,2.02784000434576
-0.215829634562181,0.177226353126823,"Generated","test","Dirichlet","d",2.9461372884044,2.02784000434576
0.160959626603479,0.0748327787268894,"Generated","test","Dirichlet","d",2.9461372884044,2.02784000434576
-0.207284620002935,-0.0482370942601828,"Generated","test","Dirichlet","d",2.9461372884044,2.02784000434576
-0.184799256281744,0.172215574944305,"Generated","test","Dirichlet","d",2.9461372884044,2.02784000434576
-0.158280803636937,-0.568814957735072,"Generated","test","Dirichlet","d",2.9461372884044,2.02784000434576
-0.24148501840621,-0.306362444629322,"Generated","test","Dirichlet","d",2.9461372884044,2.02784000434576
-0.147158813585637,0.138214985522844,"Generated","test","Dirichlet","d",2.9461372884044,2.02784000434576
-0.0981284320440382,0.175983625166303,"Generated","test","Dirichlet","d",2.9461372884044,2.02784000434576
-0.17731042845585,0.162777904046827,"Generated","test","Dirichlet","d",2.9461372884044,2.02784000434576
-0.0682788044127677,-0.379108677975271,"Generated","test","Dirichlet","d",2.9461372884044,2.02784000434576
-0.185077501599188,0.0909976963374562,"Generated","test","Dirichlet","d",2.9461372884044,2.02784000434576
-0.185036623694194,-0.0854106041331647,"Generated","test","Dirichlet","d",2.9461372884044,2.02784000434576
-0.148868790061478,-0.0467777778101586,"Generated","test","Dirichlet","d",2.9461372884044,2.02784000434576
-0.0486374709943901,-0.287389718758474,"Generated","test","Dirichlet","d",2.9461372884044,2.02784000434576
-0.172752525227623,0.148135180699901,"Generated","test","Dirichlet","d",2.9461372884044,2.02784000434576
-0.189433387746121,0.214272800410611,"Generated","test","Dirichlet","d",2.9461372884044,2.02784000434576
-0.28081811701696,0.198757283030481,"Generated","test","Dirichlet","d",2.9461372884044,2.02784000434576
-0.193442494829541,0.156990063548737,"Generated","test","Dirichlet","d",2.9461372884044,2.02784000434576
0.0366449891030196,0.17748413643604,"Generated","test","Dirichlet","d",2.9461372884044,2.02784000434576
-0.0631441695740477,0.11585603655001,"Generated","test","Dirichlet","d",2.9461372884044,2.02784000434576
0.339087042264013,0.239371598748571,"Generated","test","Dirichlet","d",2.9461372884044,2.02784000434576
-0.231481305323493,0.171741712587315,"Generated","test","Dirichlet","d",2.9461372884044,2.02784000434576
-0.247102617035381,0.155238114921557,"Generated","test","Dirichlet","d",2.9461372884044,2.02784000434576
-0.151777266749192,0.0164986670334069,"Generated","test","Dirichlet","d",2.9461372884044,2.02784000434576
-0.0801690390063646,0.0511025786718854,"Generated","test","Dirichlet","d",2.9461372884044,2.02784000434576
-0.137773724105582,0.0819943431991926,"Generated","test","Dirichlet","d",2.9461372884044,2.02784000434576
0.226432693639252,0.201897670493985,"Generated","test","Dirichlet","d",2.9461372884044,2.02784000434576
-0.224008322836539,-0.0650294374002363,"Generated","test","Dirichlet","d",2.9461372884044,2.02784000434576
0.0080928323692016,-0.386909309314467,"Generated","test","Dirichlet","d",2.9461372884044,2.02784000434576
-0.170219105213794,0.179614322760266,"Generated","test","Dirichlet","d",2.9461372884044,2.02784000434576
0.209617062937592,-0.337757673785969,"Generated","test","Dirichlet","d",2.9461372884044,2.02784000434576
0.380232178589663,0.282159141834145,"Generated","test","Dirichlet","d",2.9461372884044,2.02784000434576
-0.252108673398028,0.132285406185596,"Generated","test","Dirichlet","d",2.9461372884044,2.02784000434576
-0.167559778257008,0.180739672830184,"Generated","test","Dirichlet","d",2.9461372884044,2.02784000434576
-0.144107057377558,-0.446679242811535,"Generated","test","Dirichlet","d",2.9461372884044,2.02784000434576
0.0114736354692375,0.18307813425255,"Generated","test","Dirichlet","d",2.9461372884044,2.02784000434576
0.215671372460597,0.100569406238704,"Generated","test","Dirichlet","d",2.9461372884044,2.02784000434576
-0.00881854432817998,-0.110621422014782,"Generated","test","Dirichlet","d",2.9461372884044,2.02784000434576
-0.257940608330139,0.116809244475549,"Generated","test","Dirichlet","d",2.9461372884044,2.02784000434576
-0.213423778032135,0.117896212220878,"Generated","test","Dirichlet","d",2.9461372884044,2.02784000434576
0.101864088511235,0.08821806839786,"Generated","test","Dirichlet","d",2.9461372884044,2.02784000434576
-0.154589589149104,-0.379148464139438,"Generated","test","Dirichlet","d",2.9461372884044,2.02784000434576
-0.174042415834182,0.175930895708556,"Generated","test","Dirichlet","d",2.9461372884044,2.02784000434576
-0.188110591541917,0.108652517881529,"Generated","test","Dirichlet","d",2.9461372884044,2.02784000434576
-0.302262940387645,0.164991625584023,"Generated","test","Dirichlet","d",2.9461372884044,2.02784000434576
-0.18571683601204,0.206558459725149,"Generated","test","Dirichlet","d",2.9461372884044,2.02784000434576
-0.114351957249025,0.0178689454955317,"Generated","test","Dirichlet","d",2.9461372884044,2.02784000434576
-0.0929633004279456,0.133790430753499,"Generated","test","Dirichlet","d",2.9461372884044,2.02784000434576
0.132996494881983,0.155793361522105,"Generated","test","Dirichlet","d",2.9461372884044,2.02784000434576
-0.119852035870275,-0.290959625456737,"Generated","test","Dirichlet","d",2.9461372884044,2.02784000434576
-0.249503174621734,0.192569672322877,"Generated","test","Dirichlet","d",2.9461372884044,2.02784000434576
0.186373926170388,0.202720798367401,"Generated","test","Dirichlet","d",2.9461372884044,2.02784000434576
-0.203254904671821,0.141394478573011,"Generated","test","Dirichlet","d",2.9461372884044,2.02784000434576
-0.0661989325610993,-0.0301642844727378,"Generated","test","Dirichlet","d",2.9461372884044,2.02784000434576
0.140096481741648,-0.0346232809838603,"Generated","test","Dirichlet","d",2.9461372884044,2.02784000434576
0.0160289208432441,-0.462384148070665,"Generated","test","Dirichlet","d",2.9461372884044,2.02784000434576
-0.205301279656832,0.163395368817004,"Generated","test","Dirichlet","d",2.9461372884044,2.02784000434576
-0.198847360495054,0.154145800426338,"Generated","test","Dirichlet","d",2.9461372884044,2.02784000434576
0.0663363098448389,0.148520442544078,"Generated","test","Dirichlet","d",2.9461372884044,2.02784000434576
-0.0147411149985213,-0.362266307582405,"Generated","test","Dirichlet","d",2.9461372884044,2.02784000434576
-0.0819780871624156,-0.213980289130605,"Generated","test","Dirichlet","d",2.9461372884044,2.02784000434576
-0.133333826117781,0.15135146587166,"Generated","test","Dirichlet","d",2.9461372884044,2.02784000434576
0.0447945485144994,-0.470977844981401,"Generated","test","Dirichlet","d",2.9461372884044,2.02784000434576
-0.126156773490666,0.18344639175681,"Generated","test","Dirichlet","d",2.9461372884044,2.02784000434576
-0.215215545979369,0.0237419993729021,"Generated","test","Dirichlet","d",2.9461372884044,2.02784000434576
-0.187686615855891,0.0524952912550951,"Generated","test","Dirichlet","d",2.9461372884044,2.02784000434576
-0.117292931339906,-0.14449660805513,"Generated","test","Dirichlet","d",2.9461372884044,2.02784000434576
0.0312255649335443,-0.00322437503220497,"Generated","test","Dirichlet","d",2.9461372884044,2.02784000434576
-0.295816085604538,0.11941267419158,"Generated","test","Dirichlet","d",2.9461372884044,2.02784000434576
-0.310104504033388,0.23359196095087,"Generated","test","Dirichlet","d",2.9461372884044,2.02784000434576
-0.111883746792125,-0.247460666102526,"Generated","test","Dirichlet","d",2.9461372884044,2.02784000434576
-0.130227904078425,-0.0816878470926737,"Generated","test","Dirichlet","d",2.9461372884044,2.02784000434576
-0.192962360133716,-0.254853707377012,"Generated","test","Dirichlet","d",2.9461372884044,2.02784000434576
-0.0826624572157934,-0.0455359529028063,"Generated","test","Dirichlet","d",2.9461372884044,2.02784000434576
-0.0552823043893502,-0.238252025018298,"Generated","test","Dirichlet","d",2.9461372884044,2.02784000434576
-0.069185619677699,0.144258942622377,"Generated","test","Dirichlet","d",2.9461372884044,2.02784000434576
-0.140850411510191,0.170036390396845,"Generated","test","Dirichlet","d",2.9461372884044,2.02784000434576
-0.165227693742824,-0.194209667547774,"Generated","test","Dirichlet","d",2.9461372884044,2.02784000434576
-0.154816935670426,-0.0904050642995814,"Generated","test","Dirichlet","d",2.9461372884044,2.02784000434576
-0.302917378658341,0.179305838260885,"Generated","test","Dirichlet","d",2.9461372884044,2.02784000434576
-0.0585372801005652,0.19171730498316,"Generated","test","Dirichlet","d",2.9461372884044,2.02784000434576
-0.206863206863084,-0.302727121882535,"Generated","test","Dirichlet","d",2.9461372884044,2.02784000434576
-0.273681165551825,0.144598282533579,"Generated","test","Dirichlet","d",2.9461372884044,2.02784000434576
0.134143124470817,0.0719139590941755,"Generated","test","Dirichlet","d",2.9461372884044,2.02784000434576
-0.171417360258532,-0.393924676080981,"Generated","test","Dirichlet","d",2.9461372884044,2.02784000434576
-0.139340312638756,-0.0905506667018372,"Generated","test","Dirichlet","d",2.9461372884044,2.02784000434576
-0.154674877830663,-0.51178269010957,"Generated","test","Dirichlet","d",2.9461372884044,2.02784000434576
-0.0576635354878551,0.0286454156892755,"Generated","test","Dirichlet","d",2.9461372884044,2.02784000434576
0.122907820073022,0.100342278757003,"Generated","test","Dirichlet","d",2.9461372884044,2.02784000434576
-0.159283006449391,0.177074974292394,"Generated","test","Dirichlet","d",2.9461372884044,2.02784000434576
-0.0285680749396868,0.0486466462379256,"Generated","test","Dirichlet","d",2.9461372884044,2.02784000434576
-0.162817025162173,-0.521861782126009,"Generated","test","Dirichlet","d",2.9461372884044,2.02784000434576
0.24655155141413,0.200777862694704,"Generated","test","Dirichlet","d",2.9461372884044,2.02784000434576
-0.217035478013861,0.125266086329172,"Generated","test","Dirichlet","d",2.9461372884044,2.02784000434576
-0.159736827434716,0.0475786172588874,"Generated","test","Dirichlet","d",2.9461372884044,2.02784000434576
-0.195151465348315,0.0125902957217855,"Generated","test","Dirichlet","d",2.9461372884044,2.02784000434576
-0.106097412975187,-0.0801181646162176,"Generated","test","Dirichlet","d",2.9461372884044,2.02784000434576
-0.0914457823976401,0.133002901747983,"Generated","test","Dirichlet","d",2.9461372884044,2.02784000434576
-0.229407480061893,0.139793472276261,"Generated","test","Dirichlet","d",2.9461372884044,2.02784000434576
-0.197397998821708,-0.403001044095411,"Generated","test","Dirichlet","d",2.9461372884044,2.02784000434576
-0.0901267732301161,0.173229179499513,"Generated","test","Dirichlet","d",2.9461372884044,2.02784000434576
-0.182083042744516,0.160779324376631,"Generated","test","Dirichlet","d",2.9461372884044,2.02784000434576
-0.250793303483111,0.115648755612966,"Generated","test","Dirichlet","d",2.9461372884044,2.02784000434576
-0.120682388299948,-0.153535954380277,"Generated","test","Dirichlet","d",2.9461372884044,2.02784000434576
0.11795290000819,-0.125448150030163,"Generated","test","Dirichlet","d",2.9461372884044,2.02784000434576
-0.146014995774151,0.181475301482913,"Generated","test","Dirichlet","d",2.9461372884044,2.02784000434576
0.140680344601477,0.126292332949917,"Generated","test","Dirichlet","d",2.9461372884044,2.02784000434576
0.0189809350438367,0.211696049457482,"Generated","test","Dirichlet","d",2.9461372884044,2.02784000434576
-0.198906324103479,0.158628363930255,"Generated","test","Dirichlet","d",2.9461372884044,2.02784000434576
-0.203859376376829,0.25653214479326,"Generated","test","Dirichlet","d",2.9461372884044,2.02784000434576
0.199070760206488,0.221729216437547,"Generated","test","Dirichlet","d",2.9461372884044,2.02784000434576
-0.191728202286176,0.179344792877894,"Generated","test","Dirichlet","d",2.9461372884044,2.02784000434576
-0.18158491959623,0.151675105819316,"Generated","test","Dirichlet","d",2.9461372884044,2.02784000434576
-0.162710677080851,0.027198684185549,"Generated","test","Dirichlet","d",2.9461372884044,2.02784000434576
0.130678906842722,0.172107590436065,"Generated","test","Dirichlet","d",2.9461372884044,2.02784000434576
0.0547883643404188,0.0835376773045583,"Generated","test","Dirichlet","d",2.9461372884044,2.02784000434576
-0.252904672185814,-0.0787205174626249,"Generated","test","Dirichlet","d",2.9461372884044,2.02784000434576
0.065728309744312,0.1382398714518,"Generated","test","Dirichlet","d",2.9461372884044,2.02784000434576
-0.129219073922465,-0.0866407843104917,"Generated","test","Dirichlet","d",2.9461372884044,2.02784000434576
-0.292178560019735,0.177902590235539,"Generated","test","Dirichlet","d",2.9461372884044,2.02784000434576
0.00112715315274112,0.10443097409202,"Generated","test","Dirichlet","d",2.9461372884044,2.02784000434576
-0.0735131804973657,0.176097309578753,"Generated","test","Dirichlet","d",2.9461372884044,2.02784000434576
-0.179408123803725,-0.336007662297775,"Generated","test","Dirichlet","d",2.9461372884044,2.02784000434576
-0.208640765155844,0.156299826440763,"Generated","test","Dirichlet","d",2.9461372884044,2.02784000434576
-0.284695170381176,0.178096186406044,"Generated","test","Dirichlet","d",2.9461372884044,2.02784000434576
-0.218197226533495,0.219086437789261,"Generated","test","Dirichlet","d",2.9461372884044,2.02784000434576
-0.183326139560716,-0.131659367822127,"Generated","test","Dirichlet","d",2.9461372884044,2.02784000434576
-0.235173200085355,-0.197025058712177,"Generated","test","Dirichlet","d",2.9461372884044,2.02784000434576
-0.240815126630695,-0.197438264789655,"Generated","test","Dirichlet","d",2.9461372884044,2.02784000434576
-0.183882735973989,0.130499343328063,"Generated","test","Dirichlet","d",2.9461372884044,2.02784000434576
-0.122229850737583,0.209815881568283,"Generated","test","Dirichlet","d",2.9461372884044,2.02784000434576
-0.180404102685989,-0.0840995577232173,"Generated","test","Dirichlet","d",2.9461372884044,2.02784000434576
-0.230441847135474,0.2194854447899,"Generated","test","Dirichlet","d",2.9461372884044,2.02784000434576
-0.168209523329219,-0.0993502277215105,"Generated","test","Dirichlet","d",2.9461372884044,2.02784000434576
-0.158535135991641,-0.191022445885988,"Generated","test","Dirichlet","d",2.9461372884044,2.02784000434576
-0.055198776764859,0.206169813063157,"Generated","test","Dirichlet","d",2.9461372884044,2.02784000434576
-0.187957605056078,-0.468540631694368,"Generated","test","Dirichlet","d",2.9461372884044,2.02784000434576
-0.129356490527313,-0.091543538547403,"Generated","test","Dirichlet","d",2.9461372884044,2.02784000434576
-0.213085698547094,0.182109872395341,"Generated","test","Dirichlet","d",2.9461372884044,2.02784000434576
-0.0711440538094351,0.163746732410281,"Generated","test","Dirichlet","d",2.9461372884044,2.02784000434576
-0.039660359232653,0.206275915606848,"Generated","test","Dirichlet","d",2.9461372884044,2.02784000434576
-0.217360311979815,0.0120224623608498,"Generated","test","Dirichlet","d",2.9461372884044,2.02784000434576
-0.211766352443103,0.083255143208425,"Generated","test","Dirichlet","d",2.9461372884044,2.02784000434576
-0.155547975510417,0.0626762069600913,"Generated","test","Dirichlet","d",2.9461372884044,2.02784000434576
-0.22365854771824,0.176700088340166,"Generated","test","Dirichlet","d",2.9461372884044,2.02784000434576
-0.00830820616490098,0.173432763001347,"Generated","test","Dirichlet","d",2.9461372884044,2.02784000434576
-0.226738643995083,-0.063094882835373,"Generated","test","Dirichlet","d",2.9461372884044,2.02784000434576
-0.0542058169885676,-0.124163734582293,"Generated","test","Dirichlet","d",2.9461372884044,2.02784000434576
0.0241737521447584,0.104861398379039,"Generated","test","Dirichlet","d",2.9461372884044,2.02784000434576
-0.213296240387276,0.166120152919489,"Generated","test","Dirichlet","d",2.9461372884044,2.02784000434576
0.0425375339001464,0.205249587067466,"Generated","test","Dirichlet","d",2.9461372884044,2.02784000434576
-0.0256060328498664,0.124456550087795,"Generated","test","Dirichlet","d",2.9461372884044,2.02784000434576
0.0168768828296401,0.19497139548929,"Generated","test","Dirichlet","d",2.9461372884044,2.02784000434576
-0.223492344239701,0.0657502278622654,"Generated","test","Dirichlet","d",2.9461372884044,2.02784000434576
-0.157914821504915,-0.305028453953262,"Generated","test","Dirichlet","d",2.9461372884044,2.02784000434576
-0.24502611269518,0.0686297013561824,"Generated","test","Dirichlet","d",2.9461372884044,2.02784000434576
-0.0715935625664053,0.126130545290829,"Generated","test","Dirichlet","d",2.9461372884044,2.02784000434576
-0.0573709474056774,-0.499082709452586,"Generated","test","Dirichlet","d",2.9461372884044,2.02784000434576
0.274212245723999,-0.121775872235683,"Generated","test","Dirichlet","d",2.9461372884044,2.02784000434576
-0.169531926533666,-0.154205678370763,"Generated","test","Dirichlet","d",2.9461372884044,2.02784000434576
-0.271867905261684,0.137329761695835,"Generated","test","Dirichlet","d",2.9461372884044,2.02784000434576
-0.235637427486772,0.0275989390148371,"Generated","test","Dirichlet","d",2.9461372884044,2.02784000434576
-0.104593834796169,0.127132165968165,"Generated","test","Dirichlet","d",2.9461372884044,2.02784000434576
0.0767246563245692,0.152925228344589,"Generated","test","Dirichlet","d",2.9461372884044,2.02784000434576
0.0241091427047859,-0.147639436996722,"Generated","test","Dirichlet","d",2.9461372884044,2.02784000434576
-0.227955956401938,0.19627825422199,"Generated","test","Dirichlet","d",2.9461372884044,2.02784000434576
-0.153283340080497,0.0672468330411537,"Generated","test","Dirichlet","d",2.9461372884044,2.02784000434576
-0.0447385123258046,-0.0660095640731558,"Generated","test","Dirichlet","d",2.9461372884044,2.02784000434576
-0.0997337490319077,-0.558807849327238,"Generated","test","Dirichlet","d",2.9461372884044,2.02784000434576
-0.223361087612201,0.20116972208049,"Generated","test","Dirichlet","d",2.9461372884044,2.02784000434576
-0.260407438271945,0.0573116772241747,"Generated","test","Dirichlet","d",2.9461372884044,2.02784000434576
-0.297917824046501,0.161127580622984,"Generated","test","Dirichlet","d",2.9461372884044,2.02784000434576
-0.152308237274655,-0.276128224589446,"Generated","test","Dirichlet","d",2.9461372884044,2.02784000434576
-0.265408763816427,0.156190591061837,"Generated","test","Dirichlet","d",2.9461372884044,2.02784000434576
-0.121655476767706,0.0879147700686512,"Generated","test","Dirichlet","d",2.9461372884044,2.02784000434576
-0.146428207801799,0.185508090800211,"Generated","test","Dirichlet","d",2.9461372884044,2.02784000434576
0.0931918332303632,0.180918632520325,"Generated","test","Dirichlet","d",2.9461372884044,2.02784000434576
-0.102537071162464,-0.257976032455044,"Generated","test","Dirichlet","d",2.9461372884044,2.02784000434576
-0.0111213236041423,0.195597268716152,"Generated","test","Dirichlet","d",2.9461372884044,2.02784000434576
-0.144512762143458,-0.440835103383993,"Generated","test","Dirichlet","d",2.9461372884044,2.02784000434576
0.012044584363236,-0.110514008555805,"Generated","test","Dirichlet","d",2.9461372884044,2.02784000434576
-0.201875675570927,-0.134409922633412,"Generated","test","Dirichlet","d",2.9461372884044,2.02784000434576
-0.247170053965287,0.1646763377802,"Generated","test","Dirichlet","d",2.9461372884044,2.02784000434576
-0.191552259164834,0.0253291705028653,"Generated","test","Dirichlet","d",2.9461372884044,2.02784000434576
-0.028365637961389,-0.435149975993019,"Generated","test","Dirichlet","d",2.9461372884044,2.02784000434576
-0.0893579380244044,0.100323012408818,"Generated","test","Dirichlet","d",2.9461372884044,2.02784000434576
-0.183955878184694,0.140823712244098,"Generated","test","Dirichlet","d",2.9461372884044,2.02784000434576
0.0159787851838824,0.122967658358599,"Generated","test","Dirichlet","d",2.9461372884044,2.02784000434576
-0.203621986232294,-0.11215643730161,"Generated","test","Dirichlet","d",2.9461372884044,2.02784000434576
0.288672207796473,0.187721559645263,"Generated","test","Dirichlet","d",2.9461372884044,2.02784000434576
-0.203078410501871,-0.295571172268361,"Generated","test","Dirichlet","d",2.9461372884044,2.02784000434576
0.112938881350378,-0.215205929893626,"Generated","test","Dirichlet","d",2.9461372884044,2.02784000434576
-0.227192802138964,0.154336872451946,"Generated","test","Dirichlet","d",2.9461372884044,2.02784000434576
-0.191126823876623,-0.368724386396143,"Generated","test","Dirichlet","d",2.9461372884044,2.02784000434576
-0.163342374999509,0.112042452661896,"Generated","test","Dirichlet","d",2.9461372884044,2.02784000434576
0.0355353502823648,0.17099100767738,"Generated","test","Dirichlet","d",2.9461372884044,2.02784000434576
-0.0850647607073207,0.109188415907359,"Generated","test","Dirichlet","d",2.9461372884044,2.02784000434576
-0.10098335350906,0.164433125618843,"Generated","test","Dirichlet","d",2.9461372884044,2.02784000434576
-0.209127529632005,0.187807199014757,"Generated","test","Dirichlet","d",2.9461372884044,2.02784000434576
-0.271274812206905,0.194645658673252,"Generated","test","Dirichlet","d",2.9461372884044,2.02784000434576
-0.172273889012886,0.118545464681196,"Generated","test","Dirichlet","d",2.9461372884044,2.02784000434576
0.072686574554414,-0.0156414954457593,"Generated","test","Dirichlet","d",2.9461372884044,2.02784000434576
0.0975291069595485,-0.195124732222701,"Generated","test","Dirichlet","d",2.9461372884044,2.02784000434576
-0.136398485149168,-0.120993919346312,"Generated","test","Dirichlet","d",2.9461372884044,2.02784000434576
-0.099468491485624,-0.0221937781733589,"Generated","test","Dirichlet","d",2.9461372884044,2.02784000434576
0.178851194461222,-0.259238060206571,"Generated","test","Dirichlet","d",2.9461372884044,2.02784000434576
-0.230396703744924,-0.201174277019668,"Generated","test","Dirichlet","d",2.9461372884044,2.02784000434576
-0.22694665024039,0.160634388379219,"Generated","test","Dirichlet","d",2.9461372884044,2.02784000434576
-0.162643026463894,0.0624048127319128,"Generated","test","Dirichlet","d",2.9461372884044,2.02784000434576
-0.154734790615884,0.229940599240674,"Generated","test","Dirichlet","d",2.9461372884044,2.02784000434576
-0.18241415305983,-0.229815467348382,"Generated","test","Dirichlet","d",2.9461372884044,2.02784000434576
0.144666416439951,0.181052220754332,"Generated","test","Dirichlet","d",2.9461372884044,2.02784000434576
-0.0515338676723316,-0.495634555719817,"Generated","test","Dirichlet","d",2.9461372884044,2.02784000434576
0.295277630007515,0.195222549548432,"Generated","test","Dirichlet","d",2.9461372884044,2.02784000434576
0.0138946319848275,-0.0978579368916566,"Generated","test","Dirichlet","d",2.9461372884044,2.02784000434576
-0.045025589582767,0.104840278744614,"Generated","test","Dirichlet","d",2.9461372884044,2.02784000434576
-0.233593241165725,0.143663252090747,"Generated","test","Dirichlet","d",2.9461372884044,2.02784000434576
-0.225761335194721,0.165707311320976,"Generated","test","Dirichlet","d",2.9461372884044,2.02784000434576
-0.151819938599586,-0.463782560993879,"Generated","test","Dirichlet","d",2.9461372884044,2.02784000434576
-0.185876787662208,0.122420072991144,"Generated","test","Dirichlet","d",2.9461372884044,2.02784000434576
-0.271195562434056,-0.0708970386606297,"Generated","test","Dirichlet","d",2.9461372884044,2.02784000434576
0.0419466678087976,0.233200072480591,"Generated","test","Dirichlet","d",2.9461372884044,2.02784000434576
0.136700431783797,0.253190039449234,"Generated","test","Dirichlet","d",2.9461372884044,2.02784000434576
0.0401682429109831,0.157123703882893,"Generated","test","Dirichlet","d",2.9461372884044,2.02784000434576
-0.108152135186565,0.0926290635338179,"Generated","test","Dirichlet","d",2.9461372884044,2.02784000434576
0.15215691750572,0.163331470500667,"Generated","test","Dirichlet","d",2.9461372884044,2.02784000434576
-0.135679748350622,-0.14286015584568,"Generated","test","Dirichlet","d",2.9461372884044,2.02784000434576
-0.150527215131747,0.126845303313739,"Generated","test","Dirichlet","d",2.9461372884044,2.02784000434576
-0.250225642972159,0.230870796803209,"Generated","test","Dirichlet","d",2.9461372884044,2.02784000434576
-0.173056742047943,0.094688972288111,"Generated","test","Dirichlet","d",2.9461372884044,2.02784000434576
-0.0799820370392506,-0.268310887049435,"Generated","test","Dirichlet","d",2.9461372884044,2.02784000434576
0.189040942297552,0.243513864595223,"Generated","test","Dirichlet","d",2.9461372884044,2.02784000434576
-0.0516559407075208,-0.160984707396257,"Generated","test","Dirichlet","d",2.9461372884044,2.02784000434576
-0.091833392098386,-0.257151984936618,"Generated","test","Dirichlet","d",2.9461372884044,2.02784000434576
-0.226445677974798,-0.117567176562115,"Generated","test","Dirichlet","d",2.9461372884044,2.02784000434576
-0.139391195772015,-0.354717588884005,"Generated","test","Dirichlet","d",2.9461372884044,2.02784000434576
0.115813232950653,-0.209970491424952,"Generated","test","Dirichlet","d",2.9461372884044,2.02784000434576
0.089310429653165,0.204126705853284,"Generated","test","Dirichlet","d",2.9461372884044,2.02784000434576
-0.241047258921552,0.154347362447879,"Generated","test","Dirichlet","d",2.9461372884044,2.02784000434576
-0.0903517548606149,0.0479602839712716,"Generated","test","Dirichlet","d",2.9461372884044,2.02784000434576
-0.109582157539225,-0.440090848178227,"Generated","test","Dirichlet","d",2.9461372884044,2.02784000434576
-0.183505707638043,-0.0168989443818334,"Generated","test","Dirichlet","d",2.9461372884044,2.02784000434576
-0.17121186161401,0.238599704941324,"Generated","test","Dirichlet","d",2.9461372884044,2.02784000434576
0.120768112216992,-0.245342777401362,"Generated","test","Dirichlet","d",2.9461372884044,2.02784000434576
-0.111736609044926,-0.011601270372002,"Generated","test","Dirichlet","d",2.9461372884044,2.02784000434576
0.159903546058834,0.127312873095446,"Generated","test","Dirichlet","d",2.9461372884044,2.02784000434576
-0.0612386451562096,-0.414453532843831,"Generated","test","Dirichlet","d",2.9461372884044,2.02784000434576
-0.185185134353104,-0.00305322171148187,"Generated","test","Dirichlet","d",2.9461372884044,2.02784000434576
-0.206663737937392,0.0710702862689143,"Generated","test","Dirichlet","d",2.9461372884044,2.02784000434576
-0.0933970668659479,-0.423486122576732,"Generated","test","Dirichlet","d",2.9461372884044,2.02784000434576
-0.180537489558299,-0.478821706307332,"Generated","test","Dirichlet","d",2.9461372884044,2.02784000434576
-0.114702875519894,-0.195135498239697,"Generated","test","Dirichlet","d",2.9461372884044,2.02784000434576
0.00540845063201107,0.100749747200699,"Generated","test","Dirichlet","d",2.9461372884044,2.02784000434576
-0.263848833111368,0.164013585998535,"Generated","test","Dirichlet","d",2.9461372884044,2.02784000434576
0.390908221960042,0.272357766147587,"Generated","test","Dirichlet","d",2.9461372884044,2.02784000434576
-0.0559848441488367,-0.196569938244109,"Generated","test","Dirichlet","d",2.9461372884044,2.02784000434576
-0.156916018766827,-0.499100865230947,"Generated","test","Dirichlet","d",2.9461372884044,2.02784000434576
-0.179931080100197,0.00757309433084713,"Generated","test","Dirichlet","d",2.9461372884044,2.02784000434576
-0.214218554820202,0.00772617315313845,"Generated","test","Dirichlet","d",2.9461372884044,2.02784000434576
-0.274319106556665,-0.0571599583773991,"Generated","test","Dirichlet","d",2.9461372884044,2.02784000434576
0.254053437300521,-0.212660007453302,"Generated","test","Dirichlet","d",2.9461372884044,2.02784000434576
-0.13148039475476,0.190202600712402,"Generated","test","Dirichlet","d",2.9461372884044,2.02784000434576
0.261288677609735,-0.402679586143264,"Generated","test","Dirichlet","d",2.9461372884044,2.02784000434576
-0.269760450401557,0.14073245491992,"Generated","test","Dirichlet","d",2.9461372884044,2.02784000434576
-0.285052613784107,0.173773755311602,"Generated","test","Dirichlet","d",2.9461372884044,2.02784000434576
0.0363802663831344,-0.376071059392066,"Generated","test","Dirichlet","d",2.9461372884044,2.02784000434576
-0.24774231360658,0.152632164368787,"Generated","test","Dirichlet","d",2.9461372884044,2.02784000434576
-0.25105340127117,0.141668565627806,"Generated","test","Dirichlet","d",2.9461372884044,2.02784000434576
-0.127189661957472,0.0393160523767269,"Generated","test","Dirichlet","d",2.9461372884044,2.02784000434576
-0.0655538438299228,0.0842674460731286,"Generated","test","Dirichlet","d",2.9461372884044,2.02784000434576
0.119389553331914,0.199262142783313,"Generated","test","Dirichlet","d",2.9461372884044,2.02784000434576
-0.197200982065672,0.173719559463564,"Generated","test","Dirichlet","d",2.9461372884044,2.02784000434576
-0.225562751931301,0.182989883302793,"Generated","test","Dirichlet","d",2.9461372884044,2.02784000434576
-0.252941209719727,0.0574622081331668,"Generated","test","Dirichlet","d",2.9461372884044,2.02784000434576
-0.125898967930267,0.19591012472423,"Generated","test","Dirichlet","d",2.9461372884044,2.02784000434576
-0.263458922394084,0.173352813183711,"Generated","test","Dirichlet","d",2.9461372884044,2.02784000434576
0.0839326415177584,0.213278483860439,"Generated","test","Dirichlet","d",2.9461372884044,2.02784000434576
-0.250341457595668,0.170594351688353,"Generated","test","Dirichlet","d",2.9461372884044,2.02784000434576
-0.14013396032045,-0.291163642717447,"Generated","test","Dirichlet","d",2.9461372884044,2.02784000434576
0.590210152027727,0.198470225042891,"Generated","test","Dirichlet","d",2.9461372884044,2.02784000434576
-0.0254374097522957,0.19253952718242,"Generated","test","Dirichlet","d",2.9461372884044,2.02784000434576
-0.0947941504261,0.152474298732903,"Generated","test","Dirichlet","d",2.9461372884044,2.02784000434576
0.00638262695229144,0.0771936004389713,"Generated","test","Dirichlet","d",2.9461372884044,2.02784000434576
-0.147433947029396,0.145222482791674,"Generated","test","Dirichlet","d",2.9461372884044,2.02784000434576
-0.0349293624788718,-0.143264906448422,"Generated","test","Dirichlet","d",2.9461372884044,2.02784000434576
-0.309807043495258,0.172307311318807,"Generated","test","Dirichlet","d",2.9461372884044,2.02784000434576
-0.178980308156215,0.101713095669615,"Generated","test","Dirichlet","d",2.9461372884044,2.02784000434576
0.138901624975163,0.219215726528774,"Generated","test","Dirichlet","d",2.9461372884044,2.02784000434576
0.110054961646613,-0.179193082011972,"Generated","test","Dirichlet","d",2.9461372884044,2.02784000434576
-0.0997310751068417,-0.43052383308433,"Generated","test","Dirichlet","d",2.9461372884044,2.02784000434576
-0.131458001303281,-0.352211108919918,"Generated","test","Dirichlet","d",2.9461372884044,2.02784000434576
0.00219645111441129,-0.462336224085626,"Generated","test","Dirichlet","d",2.9461372884044,2.02784000434576
0.0356256697579571,-0.549110594484423,"Generated","test","Dirichlet","d",2.9461372884044,2.02784000434576
-0.26045137053353,0.0883082680068666,"Generated","test","Dirichlet","d",2.9461372884044,2.02784000434576
-0.223066267846679,-0.181215542008307,"Generated","test","Dirichlet","d",2.9461372884044,2.02784000434576
-0.246317317016635,0.0219907362399333,"Generated","test","Dirichlet","d",2.9461372884044,2.02784000434576
0.195681970439725,0.16291046974202,"Generated","test","Dirichlet","d",2.9461372884044,2.02784000434576
-0.0438285421912013,0.097581471301347,"Generated","test","Dirichlet","d",2.9461372884044,2.02784000434576
-0.20717596914462,0.0261709915322011,"Generated","test","Dirichlet","d",2.9461372884044,2.02784000434576
-0.290590972432025,0.19157590515932,"Generated","test","Dirichlet","d",2.9461372884044,2.02784000434576
-0.213358095661876,0.0981455447931455,"Generated","test","Dirichlet","d",2.9461372884044,2.02784000434576
-0.0855545159645479,0.200467884024909,"Generated","test","Dirichlet","d",2.9461372884044,2.02784000434576
-0.154027192866037,-0.484058290701216,"Generated","test","Dirichlet","d",2.9461372884044,2.02784000434576
-0.110848664053435,-0.232740615790131,"Generated","test","Dirichlet","d",2.9461372884044,2.02784000434576
-0.223290988507006,0.120590627029208,"Generated","test","Dirichlet","d",2.9461372884044,2.02784000434576
-0.0826045247619735,-0.0294027018378602,"Generated","test","Dirichlet","d",2.9461372884044,2.02784000434576
0.0798426858754386,0.00240943923236741,"Generated","test","Dirichlet","d",2.9461372884044,2.02784000434576
-0.220519668100231,-0.044360115936418,"Generated","test","Dirichlet","d",2.9461372884044,2.02784000434576
0.0594815023991275,0.185769363658912,"Generated","test","Dirichlet","d",2.9461372884044,2.02784000434576
-0.105577255171824,-0.0744901599412934,"Generated","test","Dirichlet","d",2.9461372884044,2.02784000434576
-0.267648510253957,0.0487770619612811,"Generated","test","Dirichlet","d",2.9461372884044,2.02784000434576
-0.000743311657513616,-0.336436592914141,"Generated","test","Dirichlet","d",2.9461372884044,2.02784000434576
-0.189772021392578,-0.564194839752879,"Generated","test","Dirichlet","d",2.9461372884044,2.02784000434576
-0.0871503346296813,-0.0303983939258552,"Generated","test","Dirichlet","d",2.9461372884044,2.02784000434576
-0.212974128138796,0.188438490533231,"Generated","test","Dirichlet","d",2.9461372884044,2.02784000434576
-0.133136923913926,-0.39546007535636,"Generated","test","Dirichlet","d",2.9461372884044,2.02784000434576
-0.216971546383392,-0.228765325136975,"Generated","test","Dirichlet","d",2.9461372884044,2.02784000434576
-0.153990278129689,0.120095207121965,"Generated","test","Dirichlet","d",2.9461372884044,2.02784000434576
-0.0586787408923451,0.186924781816132,"Generated","test","Dirichlet","d",2.9461372884044,2.02784000434576
-0.226497902270924,0.170399156344497,"Generated","test","Dirichlet","d",2.9461372884044,2.02784000434576
-0.184010746750652,-0.477931832107491,"Generated","test","Dirichlet","d",2.9461372884044,2.02784000434576
-0.118091701526261,0.154688045306693,"Generated","test","Dirichlet","d",2.9461372884044,2.02784000434576
-0.126298169914509,0.0452638406563266,"Generated","test","Dirichlet","d",2.9461372884044,2.02784000434576
-0.0454739239183783,-0.147256990018503,"Generated","test","Dirichlet","d",2.9461372884044,2.02784000434576
-0.0412192172190583,0.075308055974325,"Generated","test","Dirichlet","d",2.9461372884044,2.02784000434576
0.0885838265985479,0.120527391975213,"Generated","test","Dirichlet","d",2.9461372884044,2.02784000434576
-0.172909398898579,-0.273531768497533,"Generated","test","Dirichlet","d",2.9461372884044,2.02784000434576
-0.153212538179397,0.0959859339837877,"Generated","test","Dirichlet","d",2.9461372884044,2.02784000434576
-0.199634428751337,-0.121324802842078,"Generated","test","Dirichlet","d",2.9461372884044,2.02784000434576
-0.281802644091914,0.175833736003097,"Generated","test","Dirichlet","d",2.9461372884044,2.02784000434576
-0.098031050539667,0.16055493821096,"Generated","test","Dirichlet","d",2.9461372884044,2.02784000434576
0.074866012648003,0.276375039264923,"Generated","test","Dirichlet","d",2.9461372884044,2.02784000434576
-0.197906176231924,0.147357262373728,"Generated","test","Dirichlet","d",2.9461372884044,2.02784000434576
-0.205563198269972,0.127279635293856,"Generated","test","Dirichlet","d",2.9461372884044,2.02784000434576
-0.192030959018408,0.12655844764769,"Generated","test","Dirichlet","d",2.9461372884044,2.02784000434576
-0.227656516581842,0.122124120722017,"Generated","test","Dirichlet","d",2.9461372884044,2.02784000434576
0.125550124303107,0.216890863830062,"Generated","test","Dirichlet","d",2.9461372884044,2.02784000434576
-0.139738969718565,0.157519412939416,"Generated","test","Dirichlet","d",2.9461372884044,2.02784000434576
-0.162895523780308,0.177922822977354,"Generated","test","Dirichlet","d",2.9461372884044,2.02784000434576
-0.0794788628195955,-0.152471202744706,"Generated","test","Dirichlet","d",2.9461372884044,2.02784000434576
-0.0778959227076296,0.133890593904484,"Generated","test","Dirichlet","d",2.9461372884044,2.02784000434576
-0.154139186853107,0.0837813259289302,"Generated","test","Dirichlet","d",2.9461372884044,2.02784000434576
-0.203253208148852,0.0639506181541558,"Generated","test","Dirichlet","d",2.9461372884044,2.02784000434576
-0.163011810589719,0.0497917822263641,"Generated","test","Dirichlet","d",2.9461372884044,2.02784000434576
0.205757706826544,-0.261155714355513,"Generated","test","Dirichlet","d",2.9461372884044,2.02784000434576
-0.140289958993945,-0.187756960825773,"Generated","test","Dirichlet","d",2.9461372884044,2.02784000434576
-0.18414809118173,0.108263907137234,"Generated","test","Dirichlet","d",2.9461372884044,2.02784000434576
-0.25294858725372,0.139016917608794,"Generated","test","Dirichlet","d",2.9461372884044,2.02784000434576
-0.16745579081506,0.08394023500064,"Generated","test","Dirichlet","d",2.9461372884044,2.02784000434576
0.339580210339679,0.269201035057619,"Generated","test","Dirichlet","d",2.9461372884044,2.02784000434576
0.072283129381987,0.213056324110188,"Generated","test","Dirichlet","d",2.9461372884044,2.02784000434576
-0.0794743056880739,-0.0978932887653325,"Generated","test","Dirichlet","d",2.9461372884044,2.02784000434576
0.246115715453408,0.242228660554615,"Generated","test","Dirichlet","d",2.9461372884044,2.02784000434576
-0.221801386912083,0.105910364561258,"Generated","test","Dirichlet","d",2.9461372884044,2.02784000434576
-0.139727640437641,-0.231667458744448,"Generated","test","Dirichlet","d",2.9461372884044,2.02784000434576
-0.141989546487248,0.162184847221705,"Generated","test","Dirichlet","d",2.9461372884044,2.02784000434576
-0.142318906954189,-0.102008009962877,"Generated","test","Dirichlet","d",2.9461372884044,2.02784000434576
-0.0922384596829684,-0.482794742374734,"Generated","test","Dirichlet","d",2.9461372884044,2.02784000434576
0.154019157264354,-0.17351242623755,"Generated","test","Dirichlet","d",2.9461372884044,2.02784000434576
-0.146291226365885,-0.495032388956434,"Generated","test","Dirichlet","d",2.9461372884044,2.02784000434576
-0.106653194086547,-0.531058485198804,"Generated","test","Dirichlet","d",2.9461372884044,2.02784000434576
-0.186531675529997,0.193136686232999,"Generated","test","Dirichlet","d",2.9461372884044,2.02784000434576
-0.288655967106431,0.174818531515744,"Generated","test","Dirichlet","d",2.9461372884044,2.02784000434576
-0.0378536554074079,-0.321745182422113,"Generated","test","Dirichlet","d",2.9461372884044,2.02784000434576
-0.252575695836075,-0.294183449245732,"Generated","test","Dirichlet","d",2.9461372884044,2.02784000434576
-0.241934170753675,0.190044299658786,"Generated","test","Dirichlet","d",2.9461372884044,2.02784000434576
-0.0163550552443308,-0.166764151104337,"Generated","test","Dirichlet","d",2.9461372884044,2.02784000434576
-0.179416767362142,-0.316106015441565,"Generated","test","Dirichlet","d",2.9461372884044,2.02784000434576
-0.258670153986996,0.161811513777387,"Generated","test","Dirichlet","d",2.9461372884044,2.02784000434576
-0.241658123142571,0.19642700961187,"Generated","test","Dirichlet","d",2.9461372884044,2.02784000434576
-0.112737657712389,0.00355533847628795,"Generated","test","Dirichlet","d",2.9461372884044,2.02784000434576
0.083621239605426,0.222021401671429,"Generated","test","Dirichlet","d",2.9461372884044,2.02784000434576
-0.270020608891931,0.20968509984427,"Generated","test","Dirichlet","d",2.9461372884044,2.02784000434576
-0.274438334837924,0.158761551094785,"Generated","test","Dirichlet","d",2.9461372884044,2.02784000434576
-0.0524733234463386,0.217299127609723,"Generated","test","Dirichlet","d",2.9461372884044,2.02784000434576
-0.19905990457929,0.121359098964956,"Generated","test","Dirichlet","d",2.9461372884044,2.02784000434576
0.0630802877108408,0.242085231871649,"Generated","test","Dirichlet","d",2.9461372884044,2.02784000434576
-0.151169175515114,0.0186148857427502,"Generated","test","Dirichlet","d",2.9461372884044,2.02784000434576
-0.0632944026811034,0.142221264614511,"Generated","test","Dirichlet","d",2.9461372884044,2.02784000434576
0.100919491183524,0.221867529998155,"Generated","test","Dirichlet","d",2.9461372884044,2.02784000434576
0.219001400366458,0.214885202507509,"Generated","test","Dirichlet","d",2.9461372884044,2.02784000434576
-0.239126459763901,0.0891050935363813,"Generated","test","Dirichlet","d",2.9461372884044,2.02784000434576
-0.186184235814271,0.110088640685821,"Generated","test","Dirichlet","d",2.9461372884044,2.02784000434576
0.177308002109623,0.221716121390206,"Generated","test","Dirichlet","d",2.9461372884044,2.02784000434576
0.101455388419539,0.118837393555312,"Generated","test","Dirichlet","d",2.9461372884044,2.02784000434576
-0.0843278647025058,-0.339357211962493,"Generated","test","Dirichlet","d",2.9461372884044,2.02784000434576
-0.238844443437351,-0.435746377623206,"Generated","test","Dirichlet","d",2.9461372884044,2.02784000434576
-0.0551258248393349,0.100501051771483,"Generated","test","Dirichlet","d",2.9461372884044,2.02784000434576
-0.181985396679378,0.180943270819423,"Generated","test","Dirichlet","d",2.9461372884044,2.02784000434576
-0.166341155953266,-0.235923466627287,"Generated","test","Dirichlet","d",2.9461372884044,2.02784000434576
-0.122375330442455,0.154356070821179,"Generated","test","Dirichlet","d",2.9461372884044,2.02784000434576
-0.218737690004818,0.0941702845859904,"Generated","test","Dirichlet","d",2.9461372884044,2.02784000434576
-0.205009952232673,-0.0133495674182907,"Generated","test","Dirichlet","d",2.9461372884044,2.02784000434576
0.115189093588285,0.213105567883078,"Generated","test","Dirichlet","d",2.9461372884044,2.02784000434576
-0.207278089249422,-0.0167633533101965,"Generated","test","Dirichlet","d",2.9461372884044,2.02784000434576
0.112781176741671,-0.0562467883926678,"Generated","test","Dirichlet","d",2.9461372884044,2.02784000434576
-0.152885103083627,-0.278621830956214,"Generated","test","Dirichlet","d",2.9461372884044,2.02784000434576
-0.238972523359903,0.133259051853096,"Generated","test","Dirichlet","d",2.9461372884044,2.02784000434576
-0.229037640537383,0.120600018448045,"Generated","test","Dirichlet","d",2.9461372884044,2.02784000434576
-0.198911955221437,-0.456741696553289,"Generated","test","Dirichlet","d",2.9461372884044,2.02784000434576
-0.0233619393146939,0.147227569039274,"Generated","test","Dirichlet","d",2.9461372884044,2.02784000434576
-0.141863436335929,0.0728964487170007,"Generated","test","Dirichlet","d",2.9461372884044,2.02784000434576
0.399158311751078,0.298089565944599,"Generated","test","Dirichlet","d",2.9461372884044,2.02784000434576
-0.166891908141309,0.149356321369521,"Generated","test","Dirichlet","d",2.9461372884044,2.02784000434576
-0.240404985159082,0.178363805406137,"Generated","test","Dirichlet","d",2.9461372884044,2.02784000434576
0.188369528430041,0.0554658149910951,"Generated","test","Dirichlet","d",2.9461372884044,2.02784000434576
-0.115990492424426,-0.197357120250074,"Generated","test","Dirichlet","d",2.9461372884044,2.02784000434576
-0.121670712934529,0.166541960462312,"Generated","test","Dirichlet","d",2.9461372884044,2.02784000434576
-0.0898987945032039,-0.202593889955963,"Generated","test","Dirichlet","d",2.9461372884044,2.02784000434576
-0.239897204074952,-0.40751710874601,"Generated","test","Dirichlet","d",2.9461372884044,2.02784000434576
0.144589131143229,0.194118372334706,"Generated","test","Dirichlet","d",2.9461372884044,2.02784000434576
-0.172161984349353,0.206261078182383,"Generated","test","Dirichlet","d",2.9461372884044,2.02784000434576
0.333287615165554,-0.300235439806301,"Generated","test","Dirichlet","d",2.9461372884044,2.02784000434576
0.0931873230385186,0.216712836670491,"Generated","test","Dirichlet","d",2.9461372884044,2.02784000434576
-0.175417079461783,-0.349985216764268,"Generated","test","Dirichlet","d",2.9461372884044,2.02784000434576
0.0143777503120681,0.150400383899712,"Generated","test","Dirichlet","d",2.9461372884044,2.02784000434576
-0.208727129176511,0.141493685355871,"Generated","test","Dirichlet","d",2.9461372884044,2.02784000434576
-0.278069242179686,0.0693800705914172,"Generated","test","Dirichlet","d",2.9461372884044,2.02784000434576
-0.240928134956029,-0.0748543777250898,"Generated","test","Dirichlet","d",2.9461372884044,2.02784000434576
-0.194943280970056,0.0923783688026432,"Generated","test","Dirichlet","d",2.9461372884044,2.02784000434576
0.210532561333124,0.234444711041228,"Generated","test","Dirichlet","d",2.9461372884044,2.02784000434576
-0.292213164821825,0.203497654593779,"Generated","test","Dirichlet","d",2.9461372884044,2.02784000434576
0.0443997732054304,0.215356655425087,"Generated","test","Dirichlet","d",2.9461372884044,2.02784000434576
-0.249636636618401,-0.173167401002599,"Generated","test","Dirichlet","d",2.9461372884044,2.02784000434576
-0.19709597028487,0.116173387756647,"Generated","test","Dirichlet","d",2.9461372884044,2.02784000434576
-0.173449603469777,-0.0956736635584961,"Generated","test","Dirichlet","d",2.9461372884044,2.02784000434576
0.102444024060721,-0.392421969848082,"Generated","test","Dirichlet","d",2.9461372884044,2.02784000434576
-0.263145379086271,0.051568755135537,"Generated","test","Dirichlet","d",2.9461372884044,2.02784000434576
-0.177496968975365,0.0701908440705335,"Generated","test","Dirichlet","d",2.9461372884044,2.02784000434576
-0.278326475736844,0.115976469815118,"Generated","test","Dirichlet","d",2.9461372884044,2.02784000434576
-0.175467211254953,-0.402495187358001,"Generated","test","Dirichlet","d",2.9461372884044,2.02784000434576
0.26996651022385,0.239911662701095,"Generated","test","Dirichlet","d",2.9461372884044,2.02784000434576
-0.130994570788998,0.119937157702597,"Generated","test","Dirichlet","d",2.9461372884044,2.02784000434576
0.0610234119127997,0.143944817310874,"Generated","test","Dirichlet","d",2.9461372884044,2.02784000434576
-0.223768894210664,0.0413878004668795,"Generated","test","Dirichlet","d",2.9461372884044,2.02784000434576
0.195627496206228,0.00766747172391921,"Generated","test","Dirichlet","d",2.9461372884044,2.02784000434576
0.016940113970181,0.145119144369279,"Generated","test","Dirichlet","d",2.9461372884044,2.02784000434576
-0.149321260404645,-0.518281527543478,"Generated","test","Dirichlet","d",2.9461372884044,2.02784000434576
-0.0855942134787856,0.127822056708063,"Generated","test","Dirichlet","d",2.9461372884044,2.02784000434576
-0.192645457766783,0.0993947268777445,"Generated","test","Dirichlet","d",2.9461372884044,2.02784000434576
-0.25711275410524,0.189544467191665,"Generated","test","Dirichlet","d",2.9461372884044,2.02784000434576
-0.13118920039569,0.14576317704493,"Generated","test","Dirichlet","d",2.9461372884044,2.02784000434576
0.23201120331295,0.0142761303127726,"Generated","test","Dirichlet","d",2.9461372884044,2.02784000434576
-0.216980601331127,-0.0370712406109647,"Generated","test","Dirichlet","d",2.9461372884044,2.02784000434576
0.0447992655727239,-0.376441946939969,"Generated","test","Dirichlet","d",2.9461372884044,2.02784000434576
-0.190282359715888,-0.375368946667775,"Generated","test","Dirichlet","d",2.9461372884044,2.02784000434576
-0.158254844785153,0.0559987249461439,"Generated","test","Dirichlet","d",2.9461372884044,2.02784000434576
-0.237092547298295,0.0837132945968025,"Generated","test","Dirichlet","d",2.9461372884044,2.02784000434576
-0.285525920420011,0.18159171495559,"Generated","test","Dirichlet","d",2.9461372884044,2.02784000434576
-0.212550575691111,0.0420950397244116,"Generated","test","Dirichlet","d",2.9461372884044,2.02784000434576
-0.217680172645289,0.157868878438477,"Generated","test","Dirichlet","d",2.9461372884044,2.02784000434576
0.0546253051125677,0.051409988834226,"Generated","test","Dirichlet","d",2.9461372884044,2.02784000434576
0.767616631165183,0.120971632970015,"Real","test","Dirichlet Tree","dt",4.15275771390498,2.54451772200364
0.0133762623334672,0.137415481792532,"Real","test","Dirichlet Tree","dt",4.15275771390498,2.54451772200364
-0.242009149607606,0.0619528475981439,"Real","test","Dirichlet Tree","dt",4.15275771390498,2.54451772200364
0.425861983522259,0.0919982695930777,"Real","test","Dirichlet Tree","dt",4.15275771390498,2.54451772200364
-0.177191780528294,0.267073118555143,"Real","test","Dirichlet Tree","dt",4.15275771390498,2.54451772200364
0.926582676981609,-0.00164943005854614,"Real","test","Dirichlet Tree","dt",4.15275771390498,2.54451772200364
-0.0634796559304769,0.11592030462322,"Real","test","Dirichlet Tree","dt",4.15275771390498,2.54451772200364
0.289556703809754,-0.0460319103001726,"Real","test","Dirichlet Tree","dt",4.15275771390498,2.54451772200364
-0.229012257222174,0.0659651271727718,"Real","test","Dirichlet Tree","dt",4.15275771390498,2.54451772200364
-0.137515729633364,0.103812824044901,"Real","test","Dirichlet Tree","dt",4.15275771390498,2.54451772200364
-0.180779345584194,0.270106641217669,"Real","test","Dirichlet Tree","dt",4.15275771390498,2.54451772200364
0.223818950703304,0.137569793053351,"Real","test","Dirichlet Tree","dt",4.15275771390498,2.54451772200364
-0.087030007024834,0.235160950546446,"Real","test","Dirichlet Tree","dt",4.15275771390498,2.54451772200364
0.577899864423937,0.07030480753006,"Real","test","Dirichlet Tree","dt",4.15275771390498,2.54451772200364
0.397388684853254,0.0858539337721634,"Real","test","Dirichlet Tree","dt",4.15275771390498,2.54451772200364
-0.0520953839284648,-0.288122374493135,"Real","test","Dirichlet Tree","dt",4.15275771390498,2.54451772200364
-0.0964819178368273,-0.271219931775284,"Real","test","Dirichlet Tree","dt",4.15275771390498,2.54451772200364
0.0285355248953707,-0.287889880301787,"Real","test","Dirichlet Tree","dt",4.15275771390498,2.54451772200364
-0.118947867551532,-0.53895864866584,"Real","test","Dirichlet Tree","dt",4.15275771390498,2.54451772200364
-0.311480778398795,-0.375992166833692,"Real","test","Dirichlet Tree","dt",4.15275771390498,2.54451772200364
-0.164417421364578,0.59842666422935,"Real","test","Dirichlet Tree","dt",4.15275771390498,2.54451772200364
0.619266038202298,0.0350406558763905,"Real","test","Dirichlet Tree","dt",4.15275771390498,2.54451772200364
0.575496123302541,-0.147907659311851,"Real","test","Dirichlet Tree","dt",4.15275771390498,2.54451772200364
-0.160476377514838,-0.151283412332043,"Real","test","Dirichlet Tree","dt",4.15275771390498,2.54451772200364
0.897778049104644,0.0188311317405772,"Real","test","Dirichlet Tree","dt",4.15275771390498,2.54451772200364
0.432362662663323,0.145253434103296,"Real","test","Dirichlet Tree","dt",4.15275771390498,2.54451772200364
0.299504189840947,0.175810621491582,"Real","test","Dirichlet Tree","dt",4.15275771390498,2.54451772200364
-0.310852778349763,-0.241575938006777,"Real","test","Dirichlet Tree","dt",4.15275771390498,2.54451772200364
0.0400115457052758,0.0497148104157641,"Real","test","Dirichlet Tree","dt",4.15275771390498,2.54451772200364
-0.0794336938222897,-0.0697708600166272,"Real","test","Dirichlet Tree","dt",4.15275771390498,2.54451772200364
0.400461150252188,-0.342739599612957,"Real","test","Dirichlet Tree","dt",4.15275771390498,2.54451772200364
0.69214616563027,-0.501062610262543,"Real","test","Dirichlet Tree","dt",4.15275771390498,2.54451772200364
0.130733675236231,0.131237659016543,"Real","test","Dirichlet Tree","dt",4.15275771390498,2.54451772200364
-0.281021418775287,0.0669698588748981,"Real","test","Dirichlet Tree","dt",4.15275771390498,2.54451772200364
-0.0931767327889255,-0.541660312064771,"Real","test","Dirichlet Tree","dt",4.15275771390498,2.54451772200364
0.415941487214211,-0.252970658057497,"Real","test","Dirichlet Tree","dt",4.15275771390498,2.54451772200364
0.369884778924186,0.00386583322226235,"Real","test","Dirichlet Tree","dt",4.15275771390498,2.54451772200364
-0.070049857011556,0.508573916375375,"Real","test","Dirichlet Tree","dt",4.15275771390498,2.54451772200364
0.25301600217136,0.182567553926082,"Real","test","Dirichlet Tree","dt",4.15275771390498,2.54451772200364
-0.066548098455491,0.0351250460691995,"Real","test","Dirichlet Tree","dt",4.15275771390498,2.54451772200364
0.171472994348095,0.0406108008230085,"Real","test","Dirichlet Tree","dt",4.15275771390498,2.54451772200364
-0.122125422945752,0.240512349565597,"Real","test","Dirichlet Tree","dt",4.15275771390498,2.54451772200364
-0.152984319484451,0.214429975503697,"Real","test","Dirichlet Tree","dt",4.15275771390498,2.54451772200364
0.280920126501536,-0.10866743180978,"Real","test","Dirichlet Tree","dt",4.15275771390498,2.54451772200364
0.532433287976756,-0.107369431258991,"Real","test","Dirichlet Tree","dt",4.15275771390498,2.54451772200364
0.0348256573169113,0.0925636662067072,"Real","test","Dirichlet Tree","dt",4.15275771390498,2.54451772200364
0.0854158164653809,-0.191502592321154,"Real","test","Dirichlet Tree","dt",4.15275771390498,2.54451772200364
-0.182304518638182,0.103343456835755,"Real","test","Dirichlet Tree","dt",4.15275771390498,2.54451772200364
-0.10314670690807,0.163828303189162,"Real","test","Dirichlet Tree","dt",4.15275771390498,2.54451772200364
0.151578883966665,0.148222774197795,"Real","test","Dirichlet Tree","dt",4.15275771390498,2.54451772200364
-0.399197568266403,-0.625659698087196,"Real","test","Dirichlet Tree","dt",4.15275771390498,2.54451772200364
0.357150172451787,-0.0297732572991016,"Real","test","Dirichlet Tree","dt",4.15275771390498,2.54451772200364
-0.0864155470639461,-0.0636129438826527,"Real","test","Dirichlet Tree","dt",4.15275771390498,2.54451772200364
0.587176002769487,-0.243557437482767,"Real","test","Dirichlet Tree","dt",4.15275771390498,2.54451772200364
-0.279870952775567,-0.199660297589731,"Real","test","Dirichlet Tree","dt",4.15275771390498,2.54451772200364
0.61072251716471,0.0740770481435399,"Real","test","Dirichlet Tree","dt",4.15275771390498,2.54451772200364
-0.138282789006526,0.174294927292326,"Real","test","Dirichlet Tree","dt",4.15275771390498,2.54451772200364
0.263889696842465,-0.314476743058828,"Real","test","Dirichlet Tree","dt",4.15275771390498,2.54451772200364
0.282554008995142,-0.13861748835657,"Real","test","Dirichlet Tree","dt",4.15275771390498,2.54451772200364
-0.284850586368806,-0.233504023097289,"Real","test","Dirichlet Tree","dt",4.15275771390498,2.54451772200364
-0.15312317654389,0.110180396009803,"Real","test","Dirichlet Tree","dt",4.15275771390498,2.54451772200364
0.724999532902197,-0.0799690856668644,"Real","test","Dirichlet Tree","dt",4.15275771390498,2.54451772200364
0.171484756414041,0.0556706686672906,"Real","test","Dirichlet Tree","dt",4.15275771390498,2.54451772200364
0.277238286010814,-0.0183515205488376,"Real","test","Dirichlet Tree","dt",4.15275771390498,2.54451772200364
0.207521598457948,0.0701862324852971,"Real","test","Dirichlet Tree","dt",4.15275771390498,2.54451772200364
0.178626999714736,-0.288282339007082,"Real","test","Dirichlet Tree","dt",4.15275771390498,2.54451772200364
0.0702403836323924,0.0308930527567699,"Real","test","Dirichlet Tree","dt",4.15275771390498,2.54451772200364
0.542779171050014,-0.0982417691272692,"Real","test","Dirichlet Tree","dt",4.15275771390498,2.54451772200364
0.0198087899322788,0.218655452220089,"Real","test","Dirichlet Tree","dt",4.15275771390498,2.54451772200364
0.204290127465311,0.0996491538436716,"Real","test","Dirichlet Tree","dt",4.15275771390498,2.54451772200364
-0.146644703541144,0.443578676422278,"Real","test","Dirichlet Tree","dt",4.15275771390498,2.54451772200364
0.0807188751988228,0.282273557715773,"Real","test","Dirichlet Tree","dt",4.15275771390498,2.54451772200364
0.014174688060874,0.103344167732073,"Real","test","Dirichlet Tree","dt",4.15275771390498,2.54451772200364
-0.405454542703267,-0.713077893735835,"Real","test","Dirichlet Tree","dt",4.15275771390498,2.54451772200364
0.589693619749574,0.140172979569601,"Real","test","Dirichlet Tree","dt",4.15275771390498,2.54451772200364
-0.250388963910986,0.255176791278132,"Real","test","Dirichlet Tree","dt",4.15275771390498,2.54451772200364
0.0102613840501534,-0.609681484794339,"Real","test","Dirichlet Tree","dt",4.15275771390498,2.54451772200364
-0.276885585585783,-0.103997374436489,"Real","test","Dirichlet Tree","dt",4.15275771390498,2.54451772200364
0.257475104495354,0.0837799450575904,"Real","test","Dirichlet Tree","dt",4.15275771390498,2.54451772200364
0.176692238722167,-0.31419537943123,"Real","test","Dirichlet Tree","dt",4.15275771390498,2.54451772200364
0.784679842992414,-0.00332673432475237,"Real","test","Dirichlet Tree","dt",4.15275771390498,2.54451772200364
0.0493391541726254,0.098678553872679,"Real","test","Dirichlet Tree","dt",4.15275771390498,2.54451772200364
-0.188453586423768,-0.252272876365259,"Real","test","Dirichlet Tree","dt",4.15275771390498,2.54451772200364
0.281606556048702,0.337432975128192,"Real","test","Dirichlet Tree","dt",4.15275771390498,2.54451772200364
-0.194897305232505,0.51017073350782,"Real","test","Dirichlet Tree","dt",4.15275771390498,2.54451772200364
0.585092489415574,0.246732895023184,"Real","test","Dirichlet Tree","dt",4.15275771390498,2.54451772200364
-0.133411857105522,0.220883555973411,"Real","test","Dirichlet Tree","dt",4.15275771390498,2.54451772200364
0.412997856790743,0.0467061544272054,"Real","test","Dirichlet Tree","dt",4.15275771390498,2.54451772200364
-0.246505821483444,0.00148818800902288,"Real","test","Dirichlet Tree","dt",4.15275771390498,2.54451772200364
-0.0745402336416224,0.39771992714046,"Real","test","Dirichlet Tree","dt",4.15275771390498,2.54451772200364
0.0230062898330091,-0.0746449901918119,"Real","test","Dirichlet Tree","dt",4.15275771390498,2.54451772200364
-0.159773674874293,0.498482496483273,"Real","test","Dirichlet Tree","dt",4.15275771390498,2.54451772200364
-0.0856313324133561,0.340434743948373,"Real","test","Dirichlet Tree","dt",4.15275771390498,2.54451772200364
-0.217606251060525,0.0137230590554551,"Real","test","Dirichlet Tree","dt",4.15275771390498,2.54451772200364
-0.270675735189909,-0.0631312839902695,"Real","test","Dirichlet Tree","dt",4.15275771390498,2.54451772200364
-0.0676487135836071,0.210503537663844,"Real","test","Dirichlet Tree","dt",4.15275771390498,2.54451772200364
0.446035207077132,-0.020217359682509,"Real","test","Dirichlet Tree","dt",4.15275771390498,2.54451772200364
-0.175660091752273,0.180133632805761,"Real","test","Dirichlet Tree","dt",4.15275771390498,2.54451772200364
0.671474976393672,-0.04841240083631,"Real","test","Dirichlet Tree","dt",4.15275771390498,2.54451772200364
-0.187563672468858,-0.0197866755563349,"Real","test","Dirichlet Tree","dt",4.15275771390498,2.54451772200364
0.398148537184525,0.065088734475057,"Real","test","Dirichlet Tree","dt",4.15275771390498,2.54451772200364
-0.0905626830408998,-0.12511235231658,"Real","test","Dirichlet Tree","dt",4.15275771390498,2.54451772200364
-0.139983897639134,0.388138270301545,"Real","test","Dirichlet Tree","dt",4.15275771390498,2.54451772200364
0.296454339187166,0.0890048989726529,"Real","test","Dirichlet Tree","dt",4.15275771390498,2.54451772200364
-0.199047899784342,-0.152635889624546,"Real","test","Dirichlet Tree","dt",4.15275771390498,2.54451772200364
0.373406506534331,0.0703467346283442,"Real","test","Dirichlet Tree","dt",4.15275771390498,2.54451772200364
-0.17965185491955,0.343905720238801,"Real","test","Dirichlet Tree","dt",4.15275771390498,2.54451772200364
0.929527586870738,0.0322506665574565,"Real","test","Dirichlet Tree","dt",4.15275771390498,2.54451772200364
0.483388396136462,0.02486586155393,"Real","test","Dirichlet Tree","dt",4.15275771390498,2.54451772200364
0.281054058964164,-0.258690811956427,"Real","test","Dirichlet Tree","dt",4.15275771390498,2.54451772200364
-0.155393210874043,0.45029082367433,"Real","test","Dirichlet Tree","dt",4.15275771390498,2.54451772200364
0.350136355551692,-0.308263385242767,"Real","test","Dirichlet Tree","dt",4.15275771390498,2.54451772200364
0.0620517599336796,0.0256303514179902,"Real","test","Dirichlet Tree","dt",4.15275771390498,2.54451772200364
-0.169030400410347,-0.492545735112603,"Real","test","Dirichlet Tree","dt",4.15275771390498,2.54451772200364
-0.226603902223631,0.0504715879291886,"Real","test","Dirichlet Tree","dt",4.15275771390498,2.54451772200364
0.177826551788915,0.0449241862751898,"Real","test","Dirichlet Tree","dt",4.15275771390498,2.54451772200364
0.874733386285631,0.21205163182321,"Real","test","Dirichlet Tree","dt",4.15275771390498,2.54451772200364
-0.103200621798999,-0.637383474943584,"Real","test","Dirichlet Tree","dt",4.15275771390498,2.54451772200364
-0.341620965500805,-0.176039664553942,"Real","test","Dirichlet Tree","dt",4.15275771390498,2.54451772200364
-0.146520681921836,0.550759857866435,"Real","test","Dirichlet Tree","dt",4.15275771390498,2.54451772200364
0.213007313864042,0.140330423110033,"Real","test","Dirichlet Tree","dt",4.15275771390498,2.54451772200364
-0.0445319950046506,0.516132625141245,"Real","test","Dirichlet Tree","dt",4.15275771390498,2.54451772200364
-0.167752044845856,-0.130162237917553,"Real","test","Dirichlet Tree","dt",4.15275771390498,2.54451772200364
0.505169527378197,-0.389921844095508,"Real","test","Dirichlet Tree","dt",4.15275771390498,2.54451772200364
-0.149562037475277,0.225819978178076,"Real","test","Dirichlet Tree","dt",4.15275771390498,2.54451772200364
0.121363181328035,-0.0942833203406843,"Real","test","Dirichlet Tree","dt",4.15275771390498,2.54451772200364
0.383545464965152,-0.350813099077796,"Real","test","Dirichlet Tree","dt",4.15275771390498,2.54451772200364
-0.152435787124378,0.311864547670951,"Real","test","Dirichlet Tree","dt",4.15275771390498,2.54451772200364
0.677260766956533,0.108274689637952,"Real","test","Dirichlet Tree","dt",4.15275771390498,2.54451772200364
0.258914375979471,-0.416656032412608,"Real","test","Dirichlet Tree","dt",4.15275771390498,2.54451772200364
0.686120006353943,-0.0657499123228047,"Real","test","Dirichlet Tree","dt",4.15275771390498,2.54451772200364
0.751390526061481,-0.0316182123985086,"Real","test","Dirichlet Tree","dt",4.15275771390498,2.54451772200364
0.0973658024155821,0.335476937635888,"Real","test","Dirichlet Tree","dt",4.15275771390498,2.54451772200364
-0.0775271038384219,-0.304014931538886,"Real","test","Dirichlet Tree","dt",4.15275771390498,2.54451772200364
-0.0921407571973623,0.328073839323679,"Real","test","Dirichlet Tree","dt",4.15275771390498,2.54451772200364
0.168263020574327,-0.547151529035628,"Real","test","Dirichlet Tree","dt",4.15275771390498,2.54451772200364
0.0882850473195311,-0.0211731244743023,"Real","test","Dirichlet Tree","dt",4.15275771390498,2.54451772200364
-0.141301736289735,0.0397477479314658,"Real","test","Dirichlet Tree","dt",4.15275771390498,2.54451772200364
0.63609968726611,-0.296718351156863,"Real","test","Dirichlet Tree","dt",4.15275771390498,2.54451772200364
0.159677262045087,0.261013930917136,"Real","test","Dirichlet Tree","dt",4.15275771390498,2.54451772200364
-0.306754155400468,-0.110480226793838,"Real","test","Dirichlet Tree","dt",4.15275771390498,2.54451772200364
-0.0520443451659194,0.480819070773945,"Real","test","Dirichlet Tree","dt",4.15275771390498,2.54451772200364
0.348913850341054,-0.452751047064507,"Real","test","Dirichlet Tree","dt",4.15275771390498,2.54451772200364
-0.427143309957975,-0.707445730287009,"Real","test","Dirichlet Tree","dt",4.15275771390498,2.54451772200364
0.593516831269503,0.125708309287751,"Real","test","Dirichlet Tree","dt",4.15275771390498,2.54451772200364
0.541417781316547,0.0326021251368269,"Real","test","Dirichlet Tree","dt",4.15275771390498,2.54451772200364
0.662598441363767,0.0147605110163841,"Real","test","Dirichlet Tree","dt",4.15275771390498,2.54451772200364
0.707537198870903,0.0615539101714902,"Real","test","Dirichlet Tree","dt",4.15275771390498,2.54451772200364
0.226626859781018,-0.485141419574252,"Real","test","Dirichlet Tree","dt",4.15275771390498,2.54451772200364
-0.411829590335927,-0.628689468226782,"Real","test","Dirichlet Tree","dt",4.15275771390498,2.54451772200364
-0.179234909853296,0.228581509811011,"Real","test","Dirichlet Tree","dt",4.15275771390498,2.54451772200364
0.685396842771112,0.127640445433533,"Real","test","Dirichlet Tree","dt",4.15275771390498,2.54451772200364
-0.0482521586881748,-0.239069898091976,"Real","test","Dirichlet Tree","dt",4.15275771390498,2.54451772200364
-0.334256770835578,-0.423689158730229,"Real","test","Dirichlet Tree","dt",4.15275771390498,2.54451772200364
0.107891142759995,0.0863553642209262,"Real","test","Dirichlet Tree","dt",4.15275771390498,2.54451772200364
0.747933754839469,-0.0613582866181074,"Real","test","Dirichlet Tree","dt",4.15275771390498,2.54451772200364
0.430893098122491,0.234215254525493,"Real","test","Dirichlet Tree","dt",4.15275771390498,2.54451772200364
0.142587760543687,0.170973055865714,"Real","test","Dirichlet Tree","dt",4.15275771390498,2.54451772200364
-0.160036551691541,0.313158750980526,"Real","test","Dirichlet Tree","dt",4.15275771390498,2.54451772200364
0.370913414365053,-0.177482686890042,"Real","test","Dirichlet Tree","dt",4.15275771390498,2.54451772200364
0.0830054276681068,-0.659714860975316,"Real","test","Dirichlet Tree","dt",4.15275771390498,2.54451772200364
-0.00961742973235907,-0.200903858224296,"Real","test","Dirichlet Tree","dt",4.15275771390498,2.54451772200364
0.537488361130946,0.126906146973511,"Real","test","Dirichlet Tree","dt",4.15275771390498,2.54451772200364
-0.34028100284313,-0.265242843612059,"Real","test","Dirichlet Tree","dt",4.15275771390498,2.54451772200364
0.77477923794217,0.0380959160433368,"Real","test","Dirichlet Tree","dt",4.15275771390498,2.54451772200364
0.610417114087795,-0.0443841024553085,"Real","test","Dirichlet Tree","dt",4.15275771390498,2.54451772200364
0.314075932187822,-0.348093115005901,"Real","test","Dirichlet Tree","dt",4.15275771390498,2.54451772200364
0.000765030860406315,0.196841408048917,"Real","test","Dirichlet Tree","dt",4.15275771390498,2.54451772200364
0.475997817062078,0.181877949442372,"Real","test","Dirichlet Tree","dt",4.15275771390498,2.54451772200364
0.612392680790298,0.0393841239004657,"Real","test","Dirichlet Tree","dt",4.15275771390498,2.54451772200364
0.0381108702700492,0.162105587097129,"Real","test","Dirichlet Tree","dt",4.15275771390498,2.54451772200364
0.457969809212183,-0.163812717200003,"Real","test","Dirichlet Tree","dt",4.15275771390498,2.54451772200364
0.760978551614298,-0.0975432065495713,"Real","test","Dirichlet Tree","dt",4.15275771390498,2.54451772200364
-0.0677141254877497,-0.237387581270282,"Real","test","Dirichlet Tree","dt",4.15275771390498,2.54451772200364
-0.173201790639086,0.269546462116454,"Real","test","Dirichlet Tree","dt",4.15275771390498,2.54451772200364
-0.12113097740348,0.319207941102857,"Real","test","Dirichlet Tree","dt",4.15275771390498,2.54451772200364
-0.221379989458029,0.104912778887114,"Real","test","Dirichlet Tree","dt",4.15275771390498,2.54451772200364
0.19403141729948,-0.439020480938595,"Real","test","Dirichlet Tree","dt",4.15275771390498,2.54451772200364
-0.377674799680409,-0.505868853255686,"Real","test","Dirichlet Tree","dt",4.15275771390498,2.54451772200364
-0.194970734015038,0.215202061657241,"Real","test","Dirichlet Tree","dt",4.15275771390498,2.54451772200364
0.32996735589657,-0.367056556707528,"Real","test","Dirichlet Tree","dt",4.15275771390498,2.54451772200364
0.0984519799448063,-0.47557235702791,"Real","test","Dirichlet Tree","dt",4.15275771390498,2.54451772200364
0.117325844554463,0.274432710195273,"Real","test","Dirichlet Tree","dt",4.15275771390498,2.54451772200364
-0.167597316719056,0.0882366511712089,"Real","test","Dirichlet Tree","dt",4.15275771390498,2.54451772200364
-0.260292403137198,-0.0326000227361328,"Real","test","Dirichlet Tree","dt",4.15275771390498,2.54451772200364
0.152225602559191,0.409992701784415,"Real","test","Dirichlet Tree","dt",4.15275771390498,2.54451772200364
-0.0366617282452352,-0.390809984733755,"Real","test","Dirichlet Tree","dt",4.15275771390498,2.54451772200364
-0.148356074412328,0.228733788605581,"Real","test","Dirichlet Tree","dt",4.15275771390498,2.54451772200364
0.313399239412987,-0.0593344807717021,"Real","test","Dirichlet Tree","dt",4.15275771390498,2.54451772200364
0.043271289670544,-0.150757956457164,"Real","test","Dirichlet Tree","dt",4.15275771390498,2.54451772200364
-0.396375877765722,-0.643313759975195,"Real","test","Dirichlet Tree","dt",4.15275771390498,2.54451772200364
-0.181821696450925,0.251148654999899,"Real","test","Dirichlet Tree","dt",4.15275771390498,2.54451772200364
-0.191099052756095,0.246017644267721,"Real","test","Dirichlet Tree","dt",4.15275771390498,2.54451772200364
-0.189454042145538,-0.428600953338754,"Real","test","Dirichlet Tree","dt",4.15275771390498,2.54451772200364
0.0288825173060636,-0.487865754259574,"Real","test","Dirichlet Tree","dt",4.15275771390498,2.54451772200364
-0.0847504660408148,0.430182941705915,"Real","test","Dirichlet Tree","dt",4.15275771390498,2.54451772200364
0.583795507944404,0.110032336594838,"Real","test","Dirichlet Tree","dt",4.15275771390498,2.54451772200364
-0.0138706974363531,0.0323895682843938,"Real","test","Dirichlet Tree","dt",4.15275771390498,2.54451772200364
-0.114239525548717,-0.0808251594899306,"Real","test","Dirichlet Tree","dt",4.15275771390498,2.54451772200364
-0.0584371932689473,0.453754826775403,"Real","test","Dirichlet Tree","dt",4.15275771390498,2.54451772200364
0.113301473523003,0.240976463178423,"Real","test","Dirichlet Tree","dt",4.15275771390498,2.54451772200364
0.215451367969275,0.234649298934652,"Real","test","Dirichlet Tree","dt",4.15275771390498,2.54451772200364
-0.216557070949398,-0.142704092875332,"Real","test","Dirichlet Tree","dt",4.15275771390498,2.54451772200364
0.561337163064046,-0.25812212118992,"Real","test","Dirichlet Tree","dt",4.15275771390498,2.54451772200364
-0.137732668854019,0.238074893472942,"Real","test","Dirichlet Tree","dt",4.15275771390498,2.54451772200364
0.255811071471153,0.0519854866325023,"Real","test","Dirichlet Tree","dt",4.15275771390498,2.54451772200364
0.566660528342119,-0.382943970293067,"Real","test","Dirichlet Tree","dt",4.15275771390498,2.54451772200364
-0.122253420455037,-0.21622388771908,"Real","test","Dirichlet Tree","dt",4.15275771390498,2.54451772200364
-0.141012588349608,-0.349544349599203,"Real","test","Dirichlet Tree","dt",4.15275771390498,2.54451772200364
-0.244315286597461,-0.0347977310776171,"Real","test","Dirichlet Tree","dt",4.15275771390498,2.54451772200364
0.373997135295905,0.148238564749336,"Real","test","Dirichlet Tree","dt",4.15275771390498,2.54451772200364
-0.168083022850754,-0.371169136624087,"Real","test","Dirichlet Tree","dt",4.15275771390498,2.54451772200364
0.447720023292396,0.263258217096813,"Real","test","Dirichlet Tree","dt",4.15275771390498,2.54451772200364
-0.111642926040413,0.622544328746847,"Real","test","Dirichlet Tree","dt",4.15275771390498,2.54451772200364
0.632162220232631,-0.0487445651830581,"Real","test","Dirichlet Tree","dt",4.15275771390498,2.54451772200364
0.478060534301199,-0.356226784576734,"Real","test","Dirichlet Tree","dt",4.15275771390498,2.54451772200364
-0.180356588124489,0.220473300076772,"Real","test","Dirichlet Tree","dt",4.15275771390498,2.54451772200364
0.0393356076583029,0.0544216029232993,"Real","test","Dirichlet Tree","dt",4.15275771390498,2.54451772200364
0.340259619753714,0.00526078741425606,"Real","test","Dirichlet Tree","dt",4.15275771390498,2.54451772200364
-0.147784594845983,0.181189259920886,"Real","test","Dirichlet Tree","dt",4.15275771390498,2.54451772200364
0.556351042513919,-0.243026981275327,"Real","test","Dirichlet Tree","dt",4.15275771390498,2.54451772200364
-0.0724973365074783,0.138331934132775,"Real","test","Dirichlet Tree","dt",4.15275771390498,2.54451772200364
0.543677158033496,0.0447029751752818,"Real","test","Dirichlet Tree","dt",4.15275771390498,2.54451772200364
-0.229946969594201,0.0859021651250362,"Real","test","Dirichlet Tree","dt",4.15275771390498,2.54451772200364
0.0648184459160716,-0.470991686494897,"Real","test","Dirichlet Tree","dt",4.15275771390498,2.54451772200364
0.354391054363786,-0.29707821271808,"Real","test","Dirichlet Tree","dt",4.15275771390498,2.54451772200364
0.552654593173825,0.170893619067872,"Real","test","Dirichlet Tree","dt",4.15275771390498,2.54451772200364
0.0813280962912585,-0.0551646568235252,"Real","test","Dirichlet Tree","dt",4.15275771390498,2.54451772200364
0.633126737332876,-0.199266372900364,"Real","test","Dirichlet Tree","dt",4.15275771390498,2.54451772200364
0.834573993936515,-0.0762547858953723,"Real","test","Dirichlet Tree","dt",4.15275771390498,2.54451772200364
0.251524855891251,0.0694682778900242,"Real","test","Dirichlet Tree","dt",4.15275771390498,2.54451772200364
0.60459989130973,0.249684765406317,"Real","test","Dirichlet Tree","dt",4.15275771390498,2.54451772200364
0.454600370618029,0.317316509120513,"Real","test","Dirichlet Tree","dt",4.15275771390498,2.54451772200364
-0.0561757585458686,-0.103150685712672,"Real","test","Dirichlet Tree","dt",4.15275771390498,2.54451772200364
0.354380087822897,-0.0541232577732351,"Real","test","Dirichlet Tree","dt",4.15275771390498,2.54451772200364
0.163450092486289,-0.532354214748753,"Real","test","Dirichlet Tree","dt",4.15275771390498,2.54451772200364
0.348453953026365,-0.142422156524596,"Real","test","Dirichlet Tree","dt",4.15275771390498,2.54451772200364
0.324115661669556,0.18023517494805,"Real","test","Dirichlet Tree","dt",4.15275771390498,2.54451772200364
-0.0958043957790073,-0.0440416611738646,"Real","test","Dirichlet Tree","dt",4.15275771390498,2.54451772200364
0.588593757770192,0.230535301717171,"Real","test","Dirichlet Tree","dt",4.15275771390498,2.54451772200364
0.230536215062601,0.0196515602543635,"Real","test","Dirichlet Tree","dt",4.15275771390498,2.54451772200364
0.813624763615622,0.187428067479288,"Real","test","Dirichlet Tree","dt",4.15275771390498,2.54451772200364
0.437626571953115,0.307102080430627,"Real","test","Dirichlet Tree","dt",4.15275771390498,2.54451772200364
-0.0585748258448923,-0.320326657547412,"Real","test","Dirichlet Tree","dt",4.15275771390498,2.54451772200364
0.124911648062064,-0.0370258408712354,"Real","test","Dirichlet Tree","dt",4.15275771390498,2.54451772200364
0.526952482256023,0.0386897522786584,"Real","test","Dirichlet Tree","dt",4.15275771390498,2.54451772200364
0.243127529505491,-0.0615314549398628,"Real","test","Dirichlet Tree","dt",4.15275771390498,2.54451772200364
-0.159909872570597,0.246563377431174,"Real","test","Dirichlet Tree","dt",4.15275771390498,2.54451772200364
-0.228320781582404,0.102276645487552,"Real","test","Dirichlet Tree","dt",4.15275771390498,2.54451772200364
-0.114771557974512,-0.408521346315089,"Real","test","Dirichlet Tree","dt",4.15275771390498,2.54451772200364
0.715328612352714,0.0378564519687621,"Real","test","Dirichlet Tree","dt",4.15275771390498,2.54451772200364
0.657319043290469,0.190723231180913,"Real","test","Dirichlet Tree","dt",4.15275771390498,2.54451772200364
-0.112539882783766,0.0702334530550524,"Real","test","Dirichlet Tree","dt",4.15275771390498,2.54451772200364
-0.0651732877037681,0.455652515731173,"Real","test","Dirichlet Tree","dt",4.15275771390498,2.54451772200364
0.580081517742213,-0.147248946669671,"Real","test","Dirichlet Tree","dt",4.15275771390498,2.54451772200364
0.264332902945086,0.171243922629752,"Real","test","Dirichlet Tree","dt",4.15275771390498,2.54451772200364
0.434433465023702,-0.426784620015123,"Real","test","Dirichlet Tree","dt",4.15275771390498,2.54451772200364
0.761592384876648,0.160844363839352,"Real","test","Dirichlet Tree","dt",4.15275771390498,2.54451772200364
-0.173526902603696,-0.325630567470524,"Real","test","Dirichlet Tree","dt",4.15275771390498,2.54451772200364
0.0101877859853634,0.0798951096123869,"Real","test","Dirichlet Tree","dt",4.15275771390498,2.54451772200364
-0.120410666389931,-0.500136659616616,"Real","test","Dirichlet Tree","dt",4.15275771390498,2.54451772200364
0.290666158383517,-0.0867169603824189,"Real","test","Dirichlet Tree","dt",4.15275771390498,2.54451772200364
0.218026540514619,0.198254048083063,"Real","test","Dirichlet Tree","dt",4.15275771390498,2.54451772200364
-0.350772090078426,-0.418610873547784,"Real","test","Dirichlet Tree","dt",4.15275771390498,2.54451772200364
-0.238699345844654,0.191435211303991,"Real","test","Dirichlet Tree","dt",4.15275771390498,2.54451772200364
-0.21092402763841,-0.325562357481022,"Real","test","Dirichlet Tree","dt",4.15275771390498,2.54451772200364
-0.174866918752921,0.056738034787155,"Real","test","Dirichlet Tree","dt",4.15275771390498,2.54451772200364
-0.350092340655339,-0.550002085104216,"Real","test","Dirichlet Tree","dt",4.15275771390498,2.54451772200364
-0.191523368794355,-0.14551200026696,"Real","test","Dirichlet Tree","dt",4.15275771390498,2.54451772200364
0.764481433729124,0.0599759859071731,"Real","test","Dirichlet Tree","dt",4.15275771390498,2.54451772200364
0.0520198352823082,-0.119554304630705,"Real","test","Dirichlet Tree","dt",4.15275771390498,2.54451772200364
0.283301961852018,0.191247050990777,"Real","test","Dirichlet Tree","dt",4.15275771390498,2.54451772200364
0.844433641106944,-0.0203797610715917,"Real","test","Dirichlet Tree","dt",4.15275771390498,2.54451772200364
0.412785834397111,-0.215250453916208,"Real","test","Dirichlet Tree","dt",4.15275771390498,2.54451772200364
0.383633376465184,0.303869989656384,"Real","test","Dirichlet Tree","dt",4.15275771390498,2.54451772200364
0.432729025912494,-0.0545418852872658,"Real","test","Dirichlet Tree","dt",4.15275771390498,2.54451772200364
-0.164670652250825,0.0927993688458945,"Real","test","Dirichlet Tree","dt",4.15275771390498,2.54451772200364
0.187269546618901,0.052378941066645,"Real","test","Dirichlet Tree","dt",4.15275771390498,2.54451772200364
-0.196458474530581,0.083366526304815,"Real","test","Dirichlet Tree","dt",4.15275771390498,2.54451772200364
-0.1677410488227,0.107448888845071,"Real","test","Dirichlet Tree","dt",4.15275771390498,2.54451772200364
0.0590522288490085,0.106687107312595,"Real","test","Dirichlet Tree","dt",4.15275771390498,2.54451772200364
0.552352569243459,0.0267614701896617,"Real","test","Dirichlet Tree","dt",4.15275771390498,2.54451772200364
-0.184215332400161,0.223227171829499,"Real","test","Dirichlet Tree","dt",4.15275771390498,2.54451772200364
-0.0533255655626771,0.00292775512770365,"Real","test","Dirichlet Tree","dt",4.15275771390498,2.54451772200364
0.343999779386297,-0.0247911198487225,"Real","test","Dirichlet Tree","dt",4.15275771390498,2.54451772200364
0.802414059251744,-0.105144734132715,"Real","test","Dirichlet Tree","dt",4.15275771390498,2.54451772200364
0.497010176005559,0.168840467884815,"Real","test","Dirichlet Tree","dt",4.15275771390498,2.54451772200364
0.203275649659401,0.133994216618611,"Real","test","Dirichlet Tree","dt",4.15275771390498,2.54451772200364
-0.156779534756345,0.000718516030259182,"Real","test","Dirichlet Tree","dt",4.15275771390498,2.54451772200364
0.650663612797263,-0.196101927143471,"Real","test","Dirichlet Tree","dt",4.15275771390498,2.54451772200364
-0.405454542703267,-0.713077893735834,"Real","test","Dirichlet Tree","dt",4.15275771390498,2.54451772200364
0.0148678918875202,-0.0436750946799082,"Real","test","Dirichlet Tree","dt",4.15275771390498,2.54451772200364
-0.197202075898007,0.318008543947984,"Generated","test","Dirichlet Tree","dt",4.15275771390498,2.54451772200364
-0.135834695152663,0.0456453189427289,"Generated","test","Dirichlet Tree","dt",4.15275771390498,2.54451772200364
-0.321792381546523,-0.112191125601067,"Generated","test","Dirichlet Tree","dt",4.15275771390498,2.54451772200364
-0.274763153993857,-0.0657208484237615,"Generated","test","Dirichlet Tree","dt",4.15275771390498,2.54451772200364
0.795662085506931,0.0736965003990572,"Generated","test","Dirichlet Tree","dt",4.15275771390498,2.54451772200364
-0.267037162157831,-0.035315879832035,"Generated","test","Dirichlet Tree","dt",4.15275771390498,2.54451772200364
-0.334435131088229,-0.397084752013377,"Generated","test","Dirichlet Tree","dt",4.15275771390498,2.54451772200364
-0.019800638732648,-0.23057809953457,"Generated","test","Dirichlet Tree","dt",4.15275771390498,2.54451772200364
0.896952222246204,-0.0234241964680422,"Generated","test","Dirichlet Tree","dt",4.15275771390498,2.54451772200364
-0.182517718791634,-0.247697517113359,"Generated","test","Dirichlet Tree","dt",4.15275771390498,2.54451772200364
-0.251879161739819,0.210478539187022,"Generated","test","Dirichlet Tree","dt",4.15275771390498,2.54451772200364
-0.156657556405319,0.471453339424811,"Generated","test","Dirichlet Tree","dt",4.15275771390498,2.54451772200364
-0.304208786401674,0.0747186677109272,"Generated","test","Dirichlet Tree","dt",4.15275771390498,2.54451772200364
0.368889940804673,-0.203402069182195,"Generated","test","Dirichlet Tree","dt",4.15275771390498,2.54451772200364
-0.313799156003095,-0.0532172263447557,"Generated","test","Dirichlet Tree","dt",4.15275771390498,2.54451772200364
0.117646189197559,0.0736133926526979,"Generated","test","Dirichlet Tree","dt",4.15275771390498,2.54451772200364
-0.25170101808472,0.197702895439276,"Generated","test","Dirichlet Tree","dt",4.15275771390498,2.54451772200364
-0.387384789504067,-0.54525508510889,"Generated","test","Dirichlet Tree","dt",4.15275771390498,2.54451772200364
-0.242219319745508,0.164270403525801,"Generated","test","Dirichlet Tree","dt",4.15275771390498,2.54451772200364
0.868535612175601,0.00772170992152413,"Generated","test","Dirichlet Tree","dt",4.15275771390498,2.54451772200364
-0.229132019414611,0.315499472523731,"Generated","test","Dirichlet Tree","dt",4.15275771390498,2.54451772200364
0.567503564142973,0.240463715619481,"Generated","test","Dirichlet Tree","dt",4.15275771390498,2.54451772200364
0.473351287693501,0.0529103859732073,"Generated","test","Dirichlet Tree","dt",4.15275771390498,2.54451772200364
-0.213854653556667,0.243041988679825,"Generated","test","Dirichlet Tree","dt",4.15275771390498,2.54451772200364
-0.310110961893502,0.028904187673208,"Generated","test","Dirichlet Tree","dt",4.15275771390498,2.54451772200364
0.716294214483632,-0.0892509950565912,"Generated","test","Dirichlet Tree","dt",4.15275771390498,2.54451772200364
0.0975257542127469,-0.276056830825699,"Generated","test","Dirichlet Tree","dt",4.15275771390498,2.54451772200364
-0.163958527941872,0.386403927623114,"Generated","test","Dirichlet Tree","dt",4.15275771390498,2.54451772200364
-0.276001257797356,-0.0264041160690347,"Generated","test","Dirichlet Tree","dt",4.15275771390498,2.54451772200364
0.854519896639403,0.0558206900659327,"Generated","test","Dirichlet Tree","dt",4.15275771390498,2.54451772200364
-0.224701277232608,0.520806305443539,"Generated","test","Dirichlet Tree","dt",4.15275771390498,2.54451772200364
-0.33171439229991,-0.337337748577498,"Generated","test","Dirichlet Tree","dt",4.15275771390498,2.54451772200364
-0.336388462507452,-0.208420373026705,"Generated","test","Dirichlet Tree","dt",4.15275771390498,2.54451772200364
0.870269990600257,0.020153710678975,"Generated","test","Dirichlet Tree","dt",4.15275771390498,2.54451772200364
-0.338239734510994,-0.204839804372831,"Generated","test","Dirichlet Tree","dt",4.15275771390498,2.54451772200364
-0.2162814166306,0.479976014292295,"Generated","test","Dirichlet Tree","dt",4.15275771390498,2.54451772200364
-0.170120336047651,0.36369011198334,"Generated","test","Dirichlet Tree","dt",4.15275771390498,2.54451772200364
-0.111933909439287,0.294753415309433,"Generated","test","Dirichlet Tree","dt",4.15275771390498,2.54451772200364
-0.350531852977122,-0.515332972359788,"Generated","test","Dirichlet Tree","dt",4.15275771390498,2.54451772200364
-0.255646920248235,0.356645503277186,"Generated","test","Dirichlet Tree","dt",4.15275771390498,2.54451772200364
-0.194409898020622,0.278840184121401,"Generated","test","Dirichlet Tree","dt",4.15275771390498,2.54451772200364
-0.287446701283764,-0.141787726533677,"Generated","test","Dirichlet Tree","dt",4.15275771390498,2.54451772200364
-0.276290971117825,-0.0821172371822508,"Generated","test","Dirichlet Tree","dt",4.15275771390498,2.54451772200364
-0.327925157038069,-0.576656290116899,"Generated","test","Dirichlet Tree","dt",4.15275771390498,2.54451772200364
-0.289762133560748,-0.246945761936878,"Generated","test","Dirichlet Tree","dt",4.15275771390498,2.54451772200364
-0.163295664907074,0.451036852105584,"Generated","test","Dirichlet Tree","dt",4.15275771390498,2.54451772200364
-0.103901935831891,0.469067304586915,"Generated","test","Dirichlet Tree","dt",4.15275771390498,2.54451772200364
-0.212524162662711,0.175958453107027,"Generated","test","Dirichlet Tree","dt",4.15275771390498,2.54451772200364
0.596415551452735,0.0371856667336151,"Generated","test","Dirichlet Tree","dt",4.15275771390498,2.54451772200364
0.872368657631848,-0.142376866368701,"Generated","test","Dirichlet Tree","dt",4.15275771390498,2.54451772200364
-0.233068800856264,0.327378617919884,"Generated","test","Dirichlet Tree","dt",4.15275771390498,2.54451772200364
0.62022963261643,-0.0818019322658269,"Generated","test","Dirichlet Tree","dt",4.15275771390498,2.54451772200364
0.159929377810468,-0.557870047606061,"Generated","test","Dirichlet Tree","dt",4.15275771390498,2.54451772200364
-0.20594513862565,0.134874544123646,"Generated","test","Dirichlet Tree","dt",4.15275771390498,2.54451772200364
0.694437316174503,0.0501489107935078,"Generated","test","Dirichlet Tree","dt",4.15275771390498,2.54451772200364
0.00573578088432713,0.238639187633202,"Generated","test","Dirichlet Tree","dt",4.15275771390498,2.54451772200364
-0.341119344397586,-0.42236519042436,"Generated","test","Dirichlet Tree","dt",4.15275771390498,2.54451772200364
-0.261178234093162,-0.0833469622135957,"Generated","test","Dirichlet Tree","dt",4.15275771390498,2.54451772200364
-0.224416800347344,-0.336593095571677,"Generated","test","Dirichlet Tree","dt",4.15275771390498,2.54451772200364
-0.267789684899294,-0.0708882799655138,"Generated","test","Dirichlet Tree","dt",4.15275771390498,2.54451772200364
-0.375254495756368,-0.439938258158447,"Generated","test","Dirichlet Tree","dt",4.15275771390498,2.54451772200364
-0.227336047880836,0.224658757293014,"Generated","test","Dirichlet Tree","dt",4.15275771390498,2.54451772200364
0.056866442233716,-0.325062057070457,"Generated","test","Dirichlet Tree","dt",4.15275771390498,2.54451772200364
-0.215452028258827,0.14093848065386,"Generated","test","Dirichlet Tree","dt",4.15275771390498,2.54451772200364
-0.257818563946118,-0.0894537397728737,"Generated","test","Dirichlet Tree","dt",4.15275771390498,2.54451772200364
0.70088606558689,0.10326116565825,"Generated","test","Dirichlet Tree","dt",4.15275771390498,2.54451772200364
0.722434903537011,0.0608209957347881,"Generated","test","Dirichlet Tree","dt",4.15275771390498,2.54451772200364
-0.278026854104906,-0.109452818205447,"Generated","test","Dirichlet Tree","dt",4.15275771390498,2.54451772200364
-0.217063710620153,0.274416245780152,"Generated","test","Dirichlet Tree","dt",4.15275771390498,2.54451772200364
-0.168391768729808,0.25192288981828,"Generated","test","Dirichlet Tree","dt",4.15275771390498,2.54451772200364
-0.374714855903899,-0.515041398998782,"Generated","test","Dirichlet Tree","dt",4.15275771390498,2.54451772200364
-0.174854718284779,0.59274941674115,"Generated","test","Dirichlet Tree","dt",4.15275771390498,2.54451772200364
-0.202730646370653,-0.652279641688859,"Generated","test","Dirichlet Tree","dt",4.15275771390498,2.54451772200364
-0.266970651268177,-0.096970330898813,"Generated","test","Dirichlet Tree","dt",4.15275771390498,2.54451772200364
-0.155503295251563,0.364764297138736,"Generated","test","Dirichlet Tree","dt",4.15275771390498,2.54451772200364
0.513437150022874,-0.036222054690499,"Generated","test","Dirichlet Tree","dt",4.15275771390498,2.54451772200364
-0.250970169535265,0.147720720422028,"Generated","test","Dirichlet Tree","dt",4.15275771390498,2.54451772200364
0.812382436670316,-0.047992992729525,"Generated","test","Dirichlet Tree","dt",4.15275771390498,2.54451772200364
-0.389086196690064,-0.520063050418275,"Generated","test","Dirichlet Tree","dt",4.15275771390498,2.54451772200364
-0.250080089709342,0.240855444215713,"Generated","test","Dirichlet Tree","dt",4.15275771390498,2.54451772200364
-0.258002098230693,0.103878568041451,"Generated","test","Dirichlet Tree","dt",4.15275771390498,2.54451772200364
0.620857392717562,-0.109202251836214,"Generated","test","Dirichlet Tree","dt",4.15275771390498,2.54451772200364
0.000238047324495303,-0.469615207688883,"Generated","test","Dirichlet Tree","dt",4.15275771390498,2.54451772200364
-0.399096921189517,-0.549074623510062,"Generated","test","Dirichlet Tree","dt",4.15275771390498,2.54451772200364
-0.214699873083653,0.12621056355608,"Generated","test","Dirichlet Tree","dt",4.15275771390498,2.54451772200364
-0.251926682731003,-0.026560416464833,"Generated","test","Dirichlet Tree","dt",4.15275771390498,2.54451772200364
-0.137308262678495,0.216639561111825,"Generated","test","Dirichlet Tree","dt",4.15275771390498,2.54451772200364
-0.166173823711064,0.125004664314732,"Generated","test","Dirichlet Tree","dt",4.15275771390498,2.54451772200364
-0.221052735726538,0.445408615134034,"Generated","test","Dirichlet Tree","dt",4.15275771390498,2.54451772200364
-0.183492460483921,0.252354690913742,"Generated","test","Dirichlet Tree","dt",4.15275771390498,2.54451772200364
-0.355683358740494,-0.534116901113776,"Generated","test","Dirichlet Tree","dt",4.15275771390498,2.54451772200364
-0.221796134730219,-0.0114623183532027,"Generated","test","Dirichlet Tree","dt",4.15275771390498,2.54451772200364
-0.150157559345241,0.312423248875413,"Generated","test","Dirichlet Tree","dt",4.15275771390498,2.54451772200364
0.0102659946174165,-0.499629262800156,"Generated","test","Dirichlet Tree","dt",4.15275771390498,2.54451772200364
-0.229281626983929,-0.0204734565782776,"Generated","test","Dirichlet Tree","dt",4.15275771390498,2.54451772200364
-1.84166196062271e-05,-0.268518776066288,"Generated","test","Dirichlet Tree","dt",4.15275771390498,2.54451772200364
-0.345583062188598,-0.418281942380827,"Generated","test","Dirichlet Tree","dt",4.15275771390498,2.54451772200364
-0.0141633823952669,0.158449907534538,"Generated","test","Dirichlet Tree","dt",4.15275771390498,2.54451772200364
-0.16364643226083,0.2362588027585,"Generated","test","Dirichlet Tree","dt",4.15275771390498,2.54451772200364
0.848627814745107,0.0250303628456416,"Generated","test","Dirichlet Tree","dt",4.15275771390498,2.54451772200364
-0.178787611833639,0.0972393791099179,"Generated","test","Dirichlet Tree","dt",4.15275771390498,2.54451772200364
-0.338129190623767,-0.297788318767204,"Generated","test","Dirichlet Tree","dt",4.15275771390498,2.54451772200364
-0.201791502921778,0.267421609964976,"Generated","test","Dirichlet Tree","dt",4.15275771390498,2.54451772200364
-0.252647482453245,0.310457587275457,"Generated","test","Dirichlet Tree","dt",4.15275771390498,2.54451772200364
-0.184326693886895,0.34473454033678,"Generated","test","Dirichlet Tree","dt",4.15275771390498,2.54451772200364
-0.0986228308910191,0.272111609823226,"Generated","test","Dirichlet Tree","dt",4.15275771390498,2.54451772200364
-0.269392595042821,0.0748141164913113,"Generated","test","Dirichlet Tree","dt",4.15275771390498,2.54451772200364
0.0797029287834324,0.0646434427983364,"Generated","test","Dirichlet Tree","dt",4.15275771390498,2.54451772200364
-0.20505663106688,0.359735983052343,"Generated","test","Dirichlet Tree","dt",4.15275771390498,2.54451772200364
-0.218056547395539,0.187799614236723,"Generated","test","Dirichlet Tree","dt",4.15275771390498,2.54451772200364
-0.304868878667263,-0.218410092218549,"Generated","test","Dirichlet Tree","dt",4.15275771390498,2.54451772200364
-0.210234540531024,0.263441940699903,"Generated","test","Dirichlet Tree","dt",4.15275771390498,2.54451772200364
-0.194439417685955,0.128855002985895,"Generated","test","Dirichlet Tree","dt",4.15275771390498,2.54451772200364
-0.11815624469133,-0.0680760297759257,"Generated","test","Dirichlet Tree","dt",4.15275771390498,2.54451772200364
-0.270374247226514,0.0403157374617231,"Generated","test","Dirichlet Tree","dt",4.15275771390498,2.54451772200364
-0.386794056242415,-0.555876045036818,"Generated","test","Dirichlet Tree","dt",4.15275771390498,2.54451772200364
-0.119170898259798,0.116716399447817,"Generated","test","Dirichlet Tree","dt",4.15275771390498,2.54451772200364
0.576019800469695,0.154013885506514,"Generated","test","Dirichlet Tree","dt",4.15275771390498,2.54451772200364
0.348246966989709,0.234627603873694,"Generated","test","Dirichlet Tree","dt",4.15275771390498,2.54451772200364
-0.312521477016892,-0.136360376191384,"Generated","test","Dirichlet Tree","dt",4.15275771390498,2.54451772200364
-0.339324105421839,-0.461340980266651,"Generated","test","Dirichlet Tree","dt",4.15275771390498,2.54451772200364
-0.217476989395517,0.256614957124232,"Generated","test","Dirichlet Tree","dt",4.15275771390498,2.54451772200364
-0.167439635259201,0.256592469956034,"Generated","test","Dirichlet Tree","dt",4.15275771390498,2.54451772200364
0.371197509046563,-0.232752970075998,"Generated","test","Dirichlet Tree","dt",4.15275771390498,2.54451772200364
-0.311739138753336,-0.330597439220743,"Generated","test","Dirichlet Tree","dt",4.15275771390498,2.54451772200364
0.0885584910371886,-0.0213843291481152,"Generated","test","Dirichlet Tree","dt",4.15275771390498,2.54451772200364
0.401519880413737,-0.0571936656549643,"Generated","test","Dirichlet Tree","dt",4.15275771390498,2.54451772200364
-0.120423177401069,0.239427930250565,"Generated","test","Dirichlet Tree","dt",4.15275771390498,2.54451772200364
-0.0835215828855841,0.0125583745284235,"Generated","test","Dirichlet Tree","dt",4.15275771390498,2.54451772200364
0.681883587139892,-0.0021169413763561,"Generated","test","Dirichlet Tree","dt",4.15275771390498,2.54451772200364
0.712052959238946,0.0254859561926032,"Generated","test","Dirichlet Tree","dt",4.15275771390498,2.54451772200364
-0.340474247258814,-0.416981677316919,"Generated","test","Dirichlet Tree","dt",4.15275771390498,2.54451772200364
-0.233015517363246,0.171545854470821,"Generated","test","Dirichlet Tree","dt",4.15275771390498,2.54451772200364
-0.271382130545914,-0.0234679253803316,"Generated","test","Dirichlet Tree","dt",4.15275771390498,2.54451772200364
-0.213902983855718,-0.0189368417393102,"Generated","test","Dirichlet Tree","dt",4.15275771390498,2.54451772200364
-0.254044703202367,0.043238068957084,"Generated","test","Dirichlet Tree","dt",4.15275771390498,2.54451772200364
-0.211542706152064,0.0950537420602217,"Generated","test","Dirichlet Tree","dt",4.15275771390498,2.54451772200364
-0.0966095629530087,0.352019047423069,"Generated","test","Dirichlet Tree","dt",4.15275771390498,2.54451772200364
0.0660797181695513,0.300600847888601,"Generated","test","Dirichlet Tree","dt",4.15275771390498,2.54451772200364
-0.2225878331645,0.217751142638218,"Generated","test","Dirichlet Tree","dt",4.15275771390498,2.54451772200364
0.413348680739455,-0.647741420577995,"Generated","test","Dirichlet Tree","dt",4.15275771390498,2.54451772200364
0.00910456772223083,0.160785777753118,"Generated","test","Dirichlet Tree","dt",4.15275771390498,2.54451772200364
-0.220870088206762,0.195842452892629,"Generated","test","Dirichlet Tree","dt",4.15275771390498,2.54451772200364
-0.0897748707200375,-0.11106554628585,"Generated","test","Dirichlet Tree","dt",4.15275771390498,2.54451772200364
0.631173866923219,-0.0154426037515552,"Generated","test","Dirichlet Tree","dt",4.15275771390498,2.54451772200364
0.516197515009502,0.0526544303392305,"Generated","test","Dirichlet Tree","dt",4.15275771390498,2.54451772200364
-0.222557814665718,0.19426660271171,"Generated","test","Dirichlet Tree","dt",4.15275771390498,2.54451772200364
-0.243448236997763,0.121548438078519,"Generated","test","Dirichlet Tree","dt",4.15275771390498,2.54451772200364
0.54319969689364,0.289535376526711,"Generated","test","Dirichlet Tree","dt",4.15275771390498,2.54451772200364
-0.237232090838839,0.175963111365518,"Generated","test","Dirichlet Tree","dt",4.15275771390498,2.54451772200364
-0.155941181465009,0.437046113633625,"Generated","test","Dirichlet Tree","dt",4.15275771390498,2.54451772200364
0.0163140084241481,-0.061735271147269,"Generated","test","Dirichlet Tree","dt",4.15275771390498,2.54451772200364
-0.103100241283443,0.492196778141861,"Generated","test","Dirichlet Tree","dt",4.15275771390498,2.54451772200364
-0.20843941752496,0.18151045971869,"Generated","test","Dirichlet Tree","dt",4.15275771390498,2.54451772200364
-0.338445141214935,-0.246726561008745,"Generated","test","Dirichlet Tree","dt",4.15275771390498,2.54451772200364
-0.260025869589477,0.167378716173407,"Generated","test","Dirichlet Tree","dt",4.15275771390498,2.54451772200364
-0.301089463448606,-0.0467698285174025,"Generated","test","Dirichlet Tree","dt",4.15275771390498,2.54451772200364
0.916242757651669,0.12083095967906,"Generated","test","Dirichlet Tree","dt",4.15275771390498,2.54451772200364
0.15923113309842,-0.307952233718343,"Generated","test","Dirichlet Tree","dt",4.15275771390498,2.54451772200364
0.849435355102895,-0.0970022014198745,"Generated","test","Dirichlet Tree","dt",4.15275771390498,2.54451772200364
0.711311722436395,-0.389053001441305,"Generated","test","Dirichlet Tree","dt",4.15275771390498,2.54451772200364
0.225850843393369,0.0242829773189243,"Generated","test","Dirichlet Tree","dt",4.15275771390498,2.54451772200364
-0.314162652974656,-0.240944098613879,"Generated","test","Dirichlet Tree","dt",4.15275771390498,2.54451772200364
-0.240681239054732,0.201906818676125,"Generated","test","Dirichlet Tree","dt",4.15275771390498,2.54451772200364
-0.231828002826631,-0.109625309357619,"Generated","test","Dirichlet Tree","dt",4.15275771390498,2.54451772200364
-0.179675706004222,0.46285197835715,"Generated","test","Dirichlet Tree","dt",4.15275771390498,2.54451772200364
0.224222586999964,-0.210415290374763,"Generated","test","Dirichlet Tree","dt",4.15275771390498,2.54451772200364
-0.153576352496803,0.281538309027921,"Generated","test","Dirichlet Tree","dt",4.15275771390498,2.54451772200364
-0.180425585697517,0.2124018658786,"Generated","test","Dirichlet Tree","dt",4.15275771390498,2.54451772200364
-0.138732020399317,0.187478979248184,"Generated","test","Dirichlet Tree","dt",4.15275771390498,2.54451772200364
0.28708514403511,-0.356385479481025,"Generated","test","Dirichlet Tree","dt",4.15275771390498,2.54451772200364
-0.293288825524384,-0.297354112612636,"Generated","test","Dirichlet Tree","dt",4.15275771390498,2.54451772200364
-0.341060662941559,-0.299774737173893,"Generated","test","Dirichlet Tree","dt",4.15275771390498,2.54451772200364
0.724236405124803,-0.0290091853380753,"Generated","test","Dirichlet Tree","dt",4.15275771390498,2.54451772200364
-0.0274933944858219,-0.118404286503677,"Generated","test","Dirichlet Tree","dt",4.15275771390498,2.54451772200364
-0.19111227282786,0.168219262833537,"Generated","test","Dirichlet Tree","dt",4.15275771390498,2.54451772200364
-0.312745351860078,-0.469507060813707,"Generated","test","Dirichlet Tree","dt",4.15275771390498,2.54451772200364
-0.244531804795634,0.180137047628679,"Generated","test","Dirichlet Tree","dt",4.15275771390498,2.54451772200364
-0.0411019107002716,0.303577148518294,"Generated","test","Dirichlet Tree","dt",4.15275771390498,2.54451772200364
-0.206299408731688,0.136678646919818,"Generated","test","Dirichlet Tree","dt",4.15275771390498,2.54451772200364
-0.158668926112259,-0.572084628262839,"Generated","test","Dirichlet Tree","dt",4.15275771390498,2.54451772200364
-0.375964768578204,-0.441789243584735,"Generated","test","Dirichlet Tree","dt",4.15275771390498,2.54451772200364
0.285382948728444,-0.148051188619357,"Generated","test","Dirichlet Tree","dt",4.15275771390498,2.54451772200364
-0.289948420166689,0.0115268068371097,"Generated","test","Dirichlet Tree","dt",4.15275771390498,2.54451772200364
-0.295513070451316,-0.129789682914646,"Generated","test","Dirichlet Tree","dt",4.15275771390498,2.54451772200364
0.155724103876807,-0.471989902889769,"Generated","test","Dirichlet Tree","dt",4.15275771390498,2.54451772200364
-0.236747388064347,0.255605679921528,"Generated","test","Dirichlet Tree","dt",4.15275771390498,2.54451772200364
-0.35117025535016,-0.516448249802483,"Generated","test","Dirichlet Tree","dt",4.15275771390498,2.54451772200364
-0.203344401170488,0.443361404826999,"Generated","test","Dirichlet Tree","dt",4.15275771390498,2.54451772200364
-0.209349685663202,0.0767510584955565,"Generated","test","Dirichlet Tree","dt",4.15275771390498,2.54451772200364
-0.334334732044839,-0.271800574287965,"Generated","test","Dirichlet Tree","dt",4.15275771390498,2.54451772200364
-0.35194973664963,-0.526031581113861,"Generated","test","Dirichlet Tree","dt",4.15275771390498,2.54451772200364
0.636174318621128,0.0915662459426873,"Generated","test","Dirichlet Tree","dt",4.15275771390498,2.54451772200364
-0.160662743515839,0.220666003049719,"Generated","test","Dirichlet Tree","dt",4.15275771390498,2.54451772200364
0.910530608267217,0.0994981684519239,"Generated","test","Dirichlet Tree","dt",4.15275771390498,2.54451772200364
-0.099660490249426,-0.44640340894744,"Generated","test","Dirichlet Tree","dt",4.15275771390498,2.54451772200364
-0.334878740668586,-0.16222808614452,"Generated","test","Dirichlet Tree","dt",4.15275771390498,2.54451772200364
-0.27457468065303,-0.17440908622244,"Generated","test","Dirichlet Tree","dt",4.15275771390498,2.54451772200364
-0.162104361139288,0.343944246499696,"Generated","test","Dirichlet Tree","dt",4.15275771390498,2.54451772200364
0.636431660867054,-0.412764285110381,"Generated","test","Dirichlet Tree","dt",4.15275771390498,2.54451772200364
-0.191140037498641,0.303522353073356,"Generated","test","Dirichlet Tree","dt",4.15275771390498,2.54451772200364
-0.271876820102477,-0.117261106127277,"Generated","test","Dirichlet Tree","dt",4.15275771390498,2.54451772200364
0.177245960657036,-0.0703151907048128,"Generated","test","Dirichlet Tree","dt",4.15275771390498,2.54451772200364
0.0462401836495995,-0.599320829589964,"Generated","test","Dirichlet Tree","dt",4.15275771390498,2.54451772200364
-0.123426079835915,0.379334604527934,"Generated","test","Dirichlet Tree","dt",4.15275771390498,2.54451772200364
-0.035963918604041,0.296290496336142,"Generated","test","Dirichlet Tree","dt",4.15275771390498,2.54451772200364
-0.0438679727722636,0.0582131570427986,"Generated","test","Dirichlet Tree","dt",4.15275771390498,2.54451772200364
0.282072926827571,-0.355056506217168,"Generated","test","Dirichlet Tree","dt",4.15275771390498,2.54451772200364
0.503912358717397,-0.419380102801,"Generated","test","Dirichlet Tree","dt",4.15275771390498,2.54451772200364
0.498634088350742,-0.225232089869961,"Generated","test","Dirichlet Tree","dt",4.15275771390498,2.54451772200364
-0.101618848610355,0.417934658676057,"Generated","test","Dirichlet Tree","dt",4.15275771390498,2.54451772200364
-0.196003628964932,0.23017441407433,"Generated","test","Dirichlet Tree","dt",4.15275771390498,2.54451772200364
-0.0976485751290607,0.0599779409475734,"Generated","test","Dirichlet Tree","dt",4.15275771390498,2.54451772200364
-0.206314101822679,0.148324802666255,"Generated","test","Dirichlet Tree","dt",4.15275771390498,2.54451772200364
-0.127624191097234,-0.326034331659182,"Generated","test","Dirichlet Tree","dt",4.15275771390498,2.54451772200364
-0.334585664132312,-0.56064262884871,"Generated","test","Dirichlet Tree","dt",4.15275771390498,2.54451772200364
-0.174632384972806,0.683778242978966,"Generated","test","Dirichlet Tree","dt",4.15275771390498,2.54451772200364
-0.258391751237202,-0.0292118527870871,"Generated","test","Dirichlet Tree","dt",4.15275771390498,2.54451772200364
-0.216385069843262,0.380993652178352,"Generated","test","Dirichlet Tree","dt",4.15275771390498,2.54451772200364
0.00251093886948238,0.0325810881093343,"Generated","test","Dirichlet Tree","dt",4.15275771390498,2.54451772200364
-0.199575049613912,0.192242866332047,"Generated","test","Dirichlet Tree","dt",4.15275771390498,2.54451772200364
-0.193208513066234,-0.0894026428425299,"Generated","test","Dirichlet Tree","dt",4.15275771390498,2.54451772200364
0.120747448753191,-0.555736043725288,"Generated","test","Dirichlet Tree","dt",4.15275771390498,2.54451772200364
-0.378959006203643,-0.55971188622804,"Generated","test","Dirichlet Tree","dt",4.15275771390498,2.54451772200364
-0.257297597088654,0.195429237057549,"Generated","test","Dirichlet Tree","dt",4.15275771390498,2.54451772200364
0.345500386153408,0.151307728055216,"Generated","test","Dirichlet Tree","dt",4.15275771390498,2.54451772200364
-0.258164726323324,0.253262191400346,"Generated","test","Dirichlet Tree","dt",4.15275771390498,2.54451772200364
-0.253562849784292,0.0403142887471024,"Generated","test","Dirichlet Tree","dt",4.15275771390498,2.54451772200364
-0.229843321928261,0.130695718026146,"Generated","test","Dirichlet Tree","dt",4.15275771390498,2.54451772200364
-0.245929739519297,0.387240274715031,"Generated","test","Dirichlet Tree","dt",4.15275771390498,2.54451772200364
-0.186486084799567,0.326060148813113,"Generated","test","Dirichlet Tree","dt",4.15275771390498,2.54451772200364
-0.214627985993034,0.176781602754665,"Generated","test","Dirichlet Tree","dt",4.15275771390498,2.54451772200364
-0.311975746800257,-0.0278890494650653,"Generated","test","Dirichlet Tree","dt",4.15275771390498,2.54451772200364
0.365953543284983,-0.15029643227136,"Generated","test","Dirichlet Tree","dt",4.15275771390498,2.54451772200364
0.0931114162650044,-0.0638847288888191,"Generated","test","Dirichlet Tree","dt",4.15275771390498,2.54451772200364
-0.251605159482885,0.0844203803899504,"Generated","test","Dirichlet Tree","dt",4.15275771390498,2.54451772200364
-0.258550793496518,0.199391111456473,"Generated","test","Dirichlet Tree","dt",4.15275771390498,2.54451772200364
0.329942451975512,-0.451803245687433,"Generated","test","Dirichlet Tree","dt",4.15275771390498,2.54451772200364
-0.232381334029758,0.0624773032955922,"Generated","test","Dirichlet Tree","dt",4.15275771390498,2.54451772200364
-0.293479640965489,-0.116871619989187,"Generated","test","Dirichlet Tree","dt",4.15275771390498,2.54451772200364
-0.180548768088513,0.13263618937707,"Generated","test","Dirichlet Tree","dt",4.15275771390498,2.54451772200364
0.55399760124793,-0.301970165878918,"Generated","test","Dirichlet Tree","dt",4.15275771390498,2.54451772200364
-0.413778674274489,-0.521248693949351,"Generated","test","Dirichlet Tree","dt",4.15275771390498,2.54451772200364
-0.294584848650363,-0.0134075265628712,"Generated","test","Dirichlet Tree","dt",4.15275771390498,2.54451772200364
-0.231251448222931,0.148298436434316,"Generated","test","Dirichlet Tree","dt",4.15275771390498,2.54451772200364
-0.294992667090537,-0.12302887526036,"Generated","test","Dirichlet Tree","dt",4.15275771390498,2.54451772200364
0.93141891746303,-0.0405286778481171,"Generated","test","Dirichlet Tree","dt",4.15275771390498,2.54451772200364
0.674920709159927,-0.304500718056792,"Generated","test","Dirichlet Tree","dt",4.15275771390498,2.54451772200364
-0.166609092418248,0.570449056082003,"Generated","test","Dirichlet Tree","dt",4.15275771390498,2.54451772200364
-0.164666578599995,-0.258783828231037,"Generated","test","Dirichlet Tree","dt",4.15275771390498,2.54451772200364
0.832260841993896,0.130150750613625,"Generated","test","Dirichlet Tree","dt",4.15275771390498,2.54451772200364
-0.319995125907819,-0.518951685115239,"Generated","test","Dirichlet Tree","dt",4.15275771390498,2.54451772200364
-0.167702712845585,-0.277337714652502,"Generated","test","Dirichlet Tree","dt",4.15275771390498,2.54451772200364
0.609195728892226,-0.195927760931811,"Generated","test","Dirichlet Tree","dt",4.15275771390498,2.54451772200364
-0.124428415190048,0.266823480385446,"Generated","test","Dirichlet Tree","dt",4.15275771390498,2.54451772200364
-0.217703639986295,0.0395208874899475,"Generated","test","Dirichlet Tree","dt",4.15275771390498,2.54451772200364
-0.203265743467234,0.391137068869581,"Generated","test","Dirichlet Tree","dt",4.15275771390498,2.54451772200364
-0.275173443793812,-0.186209542202654,"Generated","test","Dirichlet Tree","dt",4.15275771390498,2.54451772200364
-0.231608885432154,-0.00704012491973433,"Generated","test","Dirichlet Tree","dt",4.15275771390498,2.54451772200364
-0.20261279871076,0.339897656346323,"Generated","test","Dirichlet Tree","dt",4.15275771390498,2.54451772200364
-0.249417568510765,0.0781661387458032,"Generated","test","Dirichlet Tree","dt",4.15275771390498,2.54451772200364
-0.170370460727316,-0.1120364691302,"Generated","test","Dirichlet Tree","dt",4.15275771390498,2.54451772200364
-0.316123654039493,-0.229402810203037,"Generated","test","Dirichlet Tree","dt",4.15275771390498,2.54451772200364
-0.293177977975249,-0.184145234829936,"Generated","test","Dirichlet Tree","dt",4.15275771390498,2.54451772200364
-0.0988808881798387,0.445286067623844,"Generated","test","Dirichlet Tree","dt",4.15275771390498,2.54451772200364
-0.140619875196314,0.438174458958579,"Generated","test","Dirichlet Tree","dt",4.15275771390498,2.54451772200364
-0.300157691811172,-0.36180325074275,"Generated","test","Dirichlet Tree","dt",4.15275771390498,2.54451772200364
0.102866544043832,0.104712789059157,"Generated","test","Dirichlet Tree","dt",4.15275771390498,2.54451772200364
0.883262386975566,0.125440271697877,"Generated","test","Dirichlet Tree","dt",4.15275771390498,2.54451772200364
-0.122877142417238,0.287056297474198,"Generated","test","Dirichlet Tree","dt",4.15275771390498,2.54451772200364
0.837122780316518,-0.0374283434284244,"Generated","test","Dirichlet Tree","dt",4.15275771390498,2.54451772200364
-0.202858433039075,0.316577672518333,"Generated","test","Dirichlet Tree","dt",4.15275771390498,2.54451772200364
0.791947835358954,-0.0460728655647441,"Generated","test","Dirichlet Tree","dt",4.15275771390498,2.54451772200364
-0.108473703561554,0.296820221784841,"Generated","test","Dirichlet Tree","dt",4.15275771390498,2.54451772200364
-0.199957206180869,-0.0977587276497591,"Generated","test","Dirichlet Tree","dt",4.15275771390498,2.54451772200364
-0.398109748183668,-0.505845350738194,"Generated","test","Dirichlet Tree","dt",4.15275771390498,2.54451772200364
0.760857093394091,-0.216571546142613,"Generated","test","Dirichlet Tree","dt",4.15275771390498,2.54451772200364
-0.100297480333431,-0.10905999661374,"Generated","test","Dirichlet Tree","dt",4.15275771390498,2.54451772200364
-0.209400270755555,-0.0337702122020103,"Generated","test","Dirichlet Tree","dt",4.15275771390498,2.54451772200364
-0.140982442456684,0.358977777143253,"Generated","test","Dirichlet Tree","dt",4.15275771390498,2.54451772200364
-0.209589161992754,0.0229398631768911,"Generated","test","Dirichlet Tree","dt",4.15275771390498,2.54451772200364
0.450424742999286,-0.0389950304517417,"Generated","test","Dirichlet Tree","dt",4.15275771390498,2.54451772200364
-0.0778307263223184,-0.354467786465463,"Generated","test","Dirichlet Tree","dt",4.15275771390498,2.54451772200364
-0.241840079518779,-0.0852733948906477,"Generated","test","Dirichlet Tree","dt",4.15275771390498,2.54451772200364
-0.159647073431158,0.18497101864835,"Generated","test","Dirichlet Tree","dt",4.15275771390498,2.54451772200364
-0.282899731152379,-0.10575614993571,"Generated","test","Dirichlet Tree","dt",4.15275771390498,2.54451772200364
-0.217178621043404,0.263418755242193,"Generated","test","Dirichlet Tree","dt",4.15275771390498,2.54451772200364
0.757651204136383,0.0524277611400491,"Generated","test","Dirichlet Tree","dt",4.15275771390498,2.54451772200364
-0.226262329454911,0.0206538377168813,"Generated","test","Dirichlet Tree","dt",4.15275771390498,2.54451772200364
-0.275883600214563,-0.247731206738807,"Generated","test","Dirichlet Tree","dt",4.15275771390498,2.54451772200364
-0.281720680542572,-0.0105312361820067,"Generated","test","Dirichlet Tree","dt",4.15275771390498,2.54451772200364
0.0879515451056978,-0.596432093554136,"Generated","test","Dirichlet Tree","dt",4.15275771390498,2.54451772200364
-0.224963728823936,0.0165111415621386,"Generated","test","Dirichlet Tree","dt",4.15275771390498,2.54451772200364
-0.28849590395245,-0.214357741615823,"Generated","test","Dirichlet Tree","dt",4.15275771390498,2.54451772200364
0.618946383731951,0.196569814325118,"Generated","test","Dirichlet Tree","dt",4.15275771390498,2.54451772200364
0.828727097004144,0.110013506405434,"Generated","test","Dirichlet Tree","dt",4.15275771390498,2.54451772200364
-0.228241252167103,0.232424549875171,"Generated","test","Dirichlet Tree","dt",4.15275771390498,2.54451772200364
-0.221567120758347,0.255944976299757,"Generated","test","Dirichlet Tree","dt",4.15275771390498,2.54451772200364
-0.193117688584279,0.286512998984935,"Generated","test","Dirichlet Tree","dt",4.15275771390498,2.54451772200364
-0.0431691918020871,-0.174382195169834,"Generated","test","Dirichlet Tree","dt",4.15275771390498,2.54451772200364
-0.214675477953164,0.03998159966393,"Generated","test","Dirichlet Tree","dt",4.15275771390498,2.54451772200364
-0.0643963955723596,0.432981705480299,"Generated","test","Dirichlet Tree","dt",4.15275771390498,2.54451772200364
-0.197746667408633,0.0934854202149343,"Generated","test","Dirichlet Tree","dt",4.15275771390498,2.54451772200364
-0.198599069118861,0.326819004873395,"Generated","test","Dirichlet Tree","dt",4.15275771390498,2.54451772200364
-0.160115198504352,0.274432201275171,"Generated","test","Dirichlet Tree","dt",4.15275771390498,2.54451772200364
-0.244607353031375,0.530897200067122,"Generated","test","Dirichlet Tree","dt",4.15275771390498,2.54451772200364
-0.208709335110614,-0.109592648939448,"Generated","test","Dirichlet Tree","dt",4.15275771390498,2.54451772200364
0.318730930815921,0.161068883460396,"Generated","test","Dirichlet Tree","dt",4.15275771390498,2.54451772200364
-0.240928789383054,0.0889612589997095,"Generated","test","Dirichlet Tree","dt",4.15275771390498,2.54451772200364
0.709797977490886,0.268262124609751,"Generated","test","Dirichlet Tree","dt",4.15275771390498,2.54451772200364
-0.246769360808515,0.108485996374814,"Generated","test","Dirichlet Tree","dt",4.15275771390498,2.54451772200364
-0.0709542076294013,0.464999716194845,"Generated","test","Dirichlet Tree","dt",4.15275771390498,2.54451772200364
-0.181767186118446,0.267337574236594,"Generated","test","Dirichlet Tree","dt",4.15275771390498,2.54451772200364
-0.248009365674963,0.121924507450039,"Generated","test","Dirichlet Tree","dt",4.15275771390498,2.54451772200364
0.547347369693628,-0.234680736125816,"Generated","test","Dirichlet Tree","dt",4.15275771390498,2.54451772200364
-0.235306420383609,0.0749899974289008,"Generated","test","Dirichlet Tree","dt",4.15275771390498,2.54451772200364
-0.171469527715943,0.285835484539812,"Generated","test","Dirichlet Tree","dt",4.15275771390498,2.54451772200364
-0.237696848552649,0.0850476777402821,"Generated","test","Dirichlet Tree","dt",4.15275771390498,2.54451772200364
0.896271858404648,-0.0211490557575386,"Generated","test","Dirichlet Tree","dt",4.15275771390498,2.54451772200364
-0.139023769124878,-0.0103485043166857,"Generated","test","Dirichlet Tree","dt",4.15275771390498,2.54451772200364
-0.298814530493899,-0.239212456691352,"Generated","test","Dirichlet Tree","dt",4.15275771390498,2.54451772200364
0.238885644973722,-0.269499758304291,"Generated","test","Dirichlet Tree","dt",4.15275771390498,2.54451772200364
-0.226195962584259,0.235259278100987,"Generated","test","Dirichlet Tree","dt",4.15275771390498,2.54451772200364
-0.186408770653765,0.0950757695270762,"Generated","test","Dirichlet Tree","dt",4.15275771390498,2.54451772200364
-0.0931006395919484,0.371206560362831,"Generated","test","Dirichlet Tree","dt",4.15275771390498,2.54451772200364
-0.260982746358298,0.0894674559081662,"Generated","test","Dirichlet Tree","dt",4.15275771390498,2.54451772200364
-0.31528772347789,-0.269953261700204,"Generated","test","Dirichlet Tree","dt",4.15275771390498,2.54451772200364
-0.358706054662243,-0.532178881074524,"Generated","test","Dirichlet Tree","dt",4.15275771390498,2.54451772200364
-0.276163632243607,-0.258747608605284,"Generated","test","Dirichlet Tree","dt",4.15275771390498,2.54451772200364
-0.247357357780625,-0.148392863889921,"Generated","test","Dirichlet Tree","dt",4.15275771390498,2.54451772200364
-0.30806758991494,-0.143133781565902,"Generated","test","Dirichlet Tree","dt",4.15275771390498,2.54451772200364
-0.377334391395176,-0.334439076240474,"Generated","test","Dirichlet Tree","dt",4.15275771390498,2.54451772200364
-0.113419299115509,-0.496562534004246,"Generated","test","Dirichlet Tree","dt",4.15275771390498,2.54451772200364
-0.193931694704465,0.0583949352416087,"Generated","test","Dirichlet Tree","dt",4.15275771390498,2.54451772200364
-0.205297236077087,0.327638786518444,"Generated","test","Dirichlet Tree","dt",4.15275771390498,2.54451772200364
-0.154622255576648,0.330226853004067,"Generated","test","Dirichlet Tree","dt",4.15275771390498,2.54451772200364
-0.175368628740268,-0.262500968194234,"Generated","test","Dirichlet Tree","dt",4.15275771390498,2.54451772200364
-0.256620168262726,-0.117403031536818,"Generated","test","Dirichlet Tree","dt",4.15275771390498,2.54451772200364
-0.143607882004538,0.0165982229547827,"Generated","test","Dirichlet Tree","dt",4.15275771390498,2.54451772200364
-0.240203027983435,0.0831705258908134,"Generated","test","Dirichlet Tree","dt",4.15275771390498,2.54451772200364
-0.207067030637055,0.083007867576908,"Generated","test","Dirichlet Tree","dt",4.15275771390498,2.54451772200364
-0.247328802958183,0.106765956469577,"Generated","test","Dirichlet Tree","dt",4.15275771390498,2.54451772200364
-0.274503932115348,0.246768016352779,"Generated","test","Dirichlet Tree","dt",4.15275771390498,2.54451772200364
-0.315480926455045,-0.201697833806987,"Generated","test","Dirichlet Tree","dt",4.15275771390498,2.54451772200364
-0.162514666979873,0.0719806922631183,"Generated","test","Dirichlet Tree","dt",4.15275771390498,2.54451772200364
-0.301340501263638,-0.272710532934268,"Generated","test","Dirichlet Tree","dt",4.15275771390498,2.54451772200364
-0.165971903102601,0.225520273874502,"Generated","test","Dirichlet Tree","dt",4.15275771390498,2.54451772200364
0.177640315945476,-0.0915201978718379,"Generated","test","Dirichlet Tree","dt",4.15275771390498,2.54451772200364
-0.202890937077485,0.0985394730041783,"Generated","test","Dirichlet Tree","dt",4.15275771390498,2.54451772200364
-0.236857703549617,-0.00975504236652413,"Generated","test","Dirichlet Tree","dt",4.15275771390498,2.54451772200364
-0.0835003476942468,0.188735333627679,"Generated","test","Dirichlet Tree","dt",4.15275771390498,2.54451772200364
-0.15249239307665,0.348169825648755,"Generated","test","Dirichlet Tree","dt",4.15275771390498,2.54451772200364
-0.317831424660211,-0.129729895758648,"Generated","test","Dirichlet Tree","dt",4.15275771390498,2.54451772200364
0.366986150666115,-0.106191287270107,"Generated","test","Dirichlet Tree","dt",4.15275771390498,2.54451772200364
-0.126776550540651,-0.203119292637725,"Generated","test","Dirichlet Tree","dt",4.15275771390498,2.54451772200364
0.825874202911638,-0.183098251387623,"Generated","test","Dirichlet Tree","dt",4.15275771390498,2.54451772200364
-0.297845347045637,-0.0452001775863935,"Generated","test","Dirichlet Tree","dt",4.15275771390498,2.54451772200364
-0.259812820218069,-0.224007871413342,"Generated","test","Dirichlet Tree","dt",4.15275771390498,2.54451772200364
-0.285331557320089,0.0588007813048204,"Generated","test","Dirichlet Tree","dt",4.15275771390498,2.54451772200364
-0.20022709169997,0.123353711467128,"Generated","test","Dirichlet Tree","dt",4.15275771390498,2.54451772200364
-0.306426291777942,-0.423586612871976,"Generated","test","Dirichlet Tree","dt",4.15275771390498,2.54451772200364
-0.236696818603022,0.127649524284763,"Generated","test","Dirichlet Tree","dt",4.15275771390498,2.54451772200364
-0.344763844905824,-0.53675855865447,"Generated","test","Dirichlet Tree","dt",4.15275771390498,2.54451772200364
-0.233487602950834,0.19016631001054,"Generated","test","Dirichlet Tree","dt",4.15275771390498,2.54451772200364
-0.187676803501321,-0.555545295348044,"Generated","test","Dirichlet Tree","dt",4.15275771390498,2.54451772200364
0.728894687897219,-0.188485436974302,"Generated","test","Dirichlet Tree","dt",4.15275771390498,2.54451772200364
-0.257185241418525,0.111354250179351,"Generated","test","Dirichlet Tree","dt",4.15275771390498,2.54451772200364
-0.325804167841127,-0.0937005777127985,"Generated","test","Dirichlet Tree","dt",4.15275771390498,2.54451772200364
-0.266786209696206,0.0918244888984278,"Generated","test","Dirichlet Tree","dt",4.15275771390498,2.54451772200364
-0.29615779868668,-0.646441020394147,"Generated","test","Dirichlet Tree","dt",4.15275771390498,2.54451772200364
0.732684693678565,-0.0245048744069094,"Generated","test","Dirichlet Tree","dt",4.15275771390498,2.54451772200364
-0.139574916279653,0.269393448694391,"Generated","test","Dirichlet Tree","dt",4.15275771390498,2.54451772200364
0.944336822747778,-0.00509029472403809,"Generated","test","Dirichlet Tree","dt",4.15275771390498,2.54451772200364
0.0959520359012255,-0.357042406204698,"Generated","test","Dirichlet Tree","dt",4.15275771390498,2.54451772200364
-0.022946674671986,-0.550234416125656,"Generated","test","Dirichlet Tree","dt",4.15275771390498,2.54451772200364
-0.187578651361656,0.386470657483566,"Generated","test","Dirichlet Tree","dt",4.15275771390498,2.54451772200364
-0.296142509172137,0.134615962169262,"Generated","test","Dirichlet Tree","dt",4.15275771390498,2.54451772200364
-0.273878017306053,0.138269398502863,"Generated","test","Dirichlet Tree","dt",4.15275771390498,2.54451772200364
-0.197116567669209,-0.138142371695656,"Generated","test","Dirichlet Tree","dt",4.15275771390498,2.54451772200364
-0.0369393573004478,0.174915345899681,"Generated","test","Dirichlet Tree","dt",4.15275771390498,2.54451772200364
0.600689068450642,-0.225051661828625,"Generated","test","Dirichlet Tree","dt",4.15275771390498,2.54451772200364
-0.271725460633004,0.0553445135797085,"Generated","test","Dirichlet Tree","dt",4.15275771390498,2.54451772200364
-0.363779187705472,-0.438502723766098,"Generated","test","Dirichlet Tree","dt",4.15275771390498,2.54451772200364
-0.264536356171558,-0.0454333735280592,"Generated","test","Dirichlet Tree","dt",4.15275771390498,2.54451772200364
0.0973893108582776,0.0546217627223331,"Generated","test","Dirichlet Tree","dt",4.15275771390498,2.54451772200364
-0.140271977619627,0.107756972323248,"Generated","test","Dirichlet Tree","dt",4.15275771390498,2.54451772200364
-0.266248567185221,-0.0696478609188288,"Generated","test","Dirichlet Tree","dt",4.15275771390498,2.54451772200364
-0.249176824485113,-0.087218051648175,"Generated","test","Dirichlet Tree","dt",4.15275771390498,2.54451772200364
0.416540287792085,-0.0328258463573327,"Generated","test","Dirichlet Tree","dt",4.15275771390498,2.54451772200364
0.398604684666446,0.101266861901079,"Generated","test","Dirichlet Tree","dt",4.15275771390498,2.54451772200364
-0.11273771028866,0.292692818312605,"Generated","test","Dirichlet Tree","dt",4.15275771390498,2.54451772200364
-0.29366045713787,-0.124615309369296,"Generated","test","Dirichlet Tree","dt",4.15275771390498,2.54451772200364
-0.253314144685936,0.215192227552017,"Generated","test","Dirichlet Tree","dt",4.15275771390498,2.54451772200364
-0.240310782494685,0.236930569300502,"Generated","test","Dirichlet Tree","dt",4.15275771390498,2.54451772200364
-0.210265883821112,-0.117512960479185,"Generated","test","Dirichlet Tree","dt",4.15275771390498,2.54451772200364
-0.225029386421326,-0.143247452785291,"Generated","test","Dirichlet Tree","dt",4.15275771390498,2.54451772200364
0.71154041139008,0.0752035195775967,"Generated","test","Dirichlet Tree","dt",4.15275771390498,2.54451772200364
0.786527529005674,-0.0217605155715226,"Generated","test","Dirichlet Tree","dt",4.15275771390498,2.54451772200364
-0.24990446867335,0.030588749760828,"Generated","test","Dirichlet Tree","dt",4.15275771390498,2.54451772200364
-0.15580002772212,0.467820880271403,"Generated","test","Dirichlet Tree","dt",4.15275771390498,2.54451772200364
-0.155455846543911,0.308453577162393,"Generated","test","Dirichlet Tree","dt",4.15275771390498,2.54451772200364
0.62027206318698,-0.0504583859734526,"Generated","test","Dirichlet Tree","dt",4.15275771390498,2.54451772200364
-0.247196124863056,0.0189598301693045,"Generated","test","Dirichlet Tree","dt",4.15275771390498,2.54451772200364
-0.198680520127243,0.288413635274452,"Generated","test","Dirichlet Tree","dt",4.15275771390498,2.54451772200364
-0.0770096714156547,0.297575301175947,"Generated","test","Dirichlet Tree","dt",4.15275771390498,2.54451772200364
-0.224619124267803,0.0308344322410841,"Generated","test","Dirichlet Tree","dt",4.15275771390498,2.54451772200364
-0.349103611470852,-0.268145385838276,"Generated","test","Dirichlet Tree","dt",4.15275771390498,2.54451772200364
-0.142790177918266,0.359110366055414,"Generated","test","Dirichlet Tree","dt",4.15275771390498,2.54451772200364
-0.20898009771215,-0.0245687944757263,"Generated","test","Dirichlet Tree","dt",4.15275771390498,2.54451772200364
0.445892509004626,0.0688343199427267,"Generated","test","Dirichlet Tree","dt",4.15275771390498,2.54451772200364
0.738765913972397,0.0261911907749247,"Generated","test","Dirichlet Tree","dt",4.15275771390498,2.54451772200364
0.723303720808155,-0.157116222603065,"Generated","test","Dirichlet Tree","dt",4.15275771390498,2.54451772200364
-0.173679073266617,0.240629290141278,"Generated","test","Dirichlet Tree","dt",4.15275771390498,2.54451772200364
-0.167591002393033,0.293821358456872,"Generated","test","Dirichlet Tree","dt",4.15275771390498,2.54451772200364
-0.373075965103694,-0.586751243833747,"Generated","test","Dirichlet Tree","dt",4.15275771390498,2.54451772200364
0.285410214803104,0.261699182028678,"Generated","test","Dirichlet Tree","dt",4.15275771390498,2.54451772200364
-0.316992543553634,-0.0599317004922825,"Generated","test","Dirichlet Tree","dt",4.15275771390498,2.54451772200364
0.911649614235947,0.0329189614833923,"Generated","test","Dirichlet Tree","dt",4.15275771390498,2.54451772200364
-0.20020434405748,0.479606861394933,"Generated","test","Dirichlet Tree","dt",4.15275771390498,2.54451772200364
0.0466822622003592,-0.209567307709096,"Generated","test","Dirichlet Tree","dt",4.15275771390498,2.54451772200364
-0.221033878323189,0.449114904577374,"Generated","test","Dirichlet Tree","dt",4.15275771390498,2.54451772200364
-0.259726564894173,-0.00367306381127427,"Generated","test","Dirichlet Tree","dt",4.15275771390498,2.54451772200364
-0.151550624621455,0.371583919440102,"Generated","test","Dirichlet Tree","dt",4.15275771390498,2.54451772200364
-0.228582020241226,0.359500430542401,"Generated","test","Dirichlet Tree","dt",4.15275771390498,2.54451772200364
-0.191648542151121,0.171242592400339,"Generated","test","Dirichlet Tree","dt",4.15275771390498,2.54451772200364
-0.23651157755496,-0.0509497261614908,"Generated","test","Dirichlet Tree","dt",4.15275771390498,2.54451772200364
0.629328166635568,-0.435295656608724,"Generated","test","Dirichlet Tree","dt",4.15275771390498,2.54451772200364
0.865449746728085,0.0429546057569517,"Generated","test","Dirichlet Tree","dt",4.15275771390498,2.54451772200364
-0.401542912196313,-0.571115797101356,"Generated","test","Dirichlet Tree","dt",4.15275771390498,2.54451772200364
-0.0552539154984976,-0.651702799888664,"Generated","test","Dirichlet Tree","dt",4.15275771390498,2.54451772200364
-0.169716462953015,0.109607631419686,"Generated","test","Dirichlet Tree","dt",4.15275771390498,2.54451772200364
0.0762216640404672,0.299720674594465,"Generated","test","Dirichlet Tree","dt",4.15275771390498,2.54451772200364
-0.262265112305016,0.19281535908489,"Generated","test","Dirichlet Tree","dt",4.15275771390498,2.54451772200364
-0.310697964127576,-0.421310993512101,"Generated","test","Dirichlet Tree","dt",4.15275771390498,2.54451772200364
-0.199062556430141,0.466475210215005,"Generated","test","Dirichlet Tree","dt",4.15275771390498,2.54451772200364
-0.1736050764269,0.303378789397357,"Generated","test","Dirichlet Tree","dt",4.15275771390498,2.54451772200364
0.200771264107208,-0.00727460243445409,"Generated","test","Dirichlet Tree","dt",4.15275771390498,2.54451772200364
-0.0300003823837175,0.406785459879748,"Generated","test","Dirichlet Tree","dt",4.15275771390498,2.54451772200364
0.108982027024819,0.152041474223261,"Generated","test","Dirichlet Tree","dt",4.15275771390498,2.54451772200364
-0.18300799504849,0.546570438600706,"Generated","test","Dirichlet Tree","dt",4.15275771390498,2.54451772200364
-0.204438237496299,0.0622693740833486,"Generated","test","Dirichlet Tree","dt",4.15275771390498,2.54451772200364
-0.193558385067869,0.148357589185879,"Generated","test","Dirichlet Tree","dt",4.15275771390498,2.54451772200364
-0.26888780159103,0.214075240254311,"Generated","test","Dirichlet Tree","dt",4.15275771390498,2.54451772200364
-0.30471027963267,-0.0177633433376523,"Generated","test","Dirichlet Tree","dt",4.15275771390498,2.54451772200364
0.535370089614963,0.0182920552717389,"Generated","test","Dirichlet Tree","dt",4.15275771390498,2.54451772200364
-0.256821395935106,0.33581996022197,"Generated","test","Dirichlet Tree","dt",4.15275771390498,2.54451772200364
-0.254903680377541,-0.261871790372692,"Generated","test","Dirichlet Tree","dt",4.15275771390498,2.54451772200364
0.410819387023312,-0.262114996942119,"Generated","test","Dirichlet Tree","dt",4.15275771390498,2.54451772200364
-0.20665011151113,0.120945323641196,"Generated","test","Dirichlet Tree","dt",4.15275771390498,2.54451772200364
-0.30738899529639,0.0468694106569946,"Generated","test","Dirichlet Tree","dt",4.15275771390498,2.54451772200364
-0.189590012133125,0.288764184502521,"Generated","test","Dirichlet Tree","dt",4.15275771390498,2.54451772200364
-0.196219897303068,0.0426937833290051,"Generated","test","Dirichlet Tree","dt",4.15275771390498,2.54451772200364
-0.181372836954929,0.312858684473606,"Generated","test","Dirichlet Tree","dt",4.15275771390498,2.54451772200364
0.0989999227573151,-0.0621511088578269,"Generated","test","Dirichlet Tree","dt",4.15275771390498,2.54451772200364
-0.201169771367296,0.304876137423175,"Generated","test","Dirichlet Tree","dt",4.15275771390498,2.54451772200364
0.0945082915567302,-0.572011709097928,"Generated","test","Dirichlet Tree","dt",4.15275771390498,2.54451772200364
-0.332264916852532,-0.339345313843947,"Generated","test","Dirichlet Tree","dt",4.15275771390498,2.54451772200364
-0.225154569134588,-0.0336313828388347,"Generated","test","Dirichlet Tree","dt",4.15275771390498,2.54451772200364
0.278618439672254,0.0367705660547163,"Generated","test","Dirichlet Tree","dt",4.15275771390498,2.54451772200364
-0.179577515453858,0.286998643168647,"Generated","test","Dirichlet Tree","dt",4.15275771390498,2.54451772200364
-0.323297118681422,-0.058698683837894,"Generated","test","Dirichlet Tree","dt",4.15275771390498,2.54451772200364
-0.184332595463012,-0.210104954138897,"Generated","test","Dirichlet Tree","dt",4.15275771390498,2.54451772200364
-0.262856481947989,-0.0772189107014227,"Generated","test","Dirichlet Tree","dt",4.15275771390498,2.54451772200364
-0.389115607615313,-0.552634451273134,"Generated","test","Dirichlet Tree","dt",4.15275771390498,2.54451772200364
-0.210446040722822,0.245042214579511,"Generated","test","Dirichlet Tree","dt",4.15275771390498,2.54451772200364
-0.230665581175641,-0.40234907207155,"Generated","test","Dirichlet Tree","dt",4.15275771390498,2.54451772200364
-0.196253233660131,0.227161335315497,"Generated","test","Dirichlet Tree","dt",4.15275771390498,2.54451772200364
0.45147713319848,0.117146911516883,"Generated","test","Dirichlet Tree","dt",4.15275771390498,2.54451772200364
0.278461688485734,-0.225601999144772,"Generated","test","Dirichlet Tree","dt",4.15275771390498,2.54451772200364
-0.198618896960316,0.10048857624873,"Generated","test","Dirichlet Tree","dt",4.15275771390498,2.54451772200364
-0.101678680788688,0.427253742799841,"Generated","test","Dirichlet Tree","dt",4.15275771390498,2.54451772200364
-0.151013073242779,0.344346497269852,"Generated","test","Dirichlet Tree","dt",4.15275771390498,2.54451772200364
-0.353670130067922,-0.29381736761274,"Generated","test","Dirichlet Tree","dt",4.15275771390498,2.54451772200364
0.506745536828643,0.00913943562614399,"Generated","test","Dirichlet Tree","dt",4.15275771390498,2.54451772200364
-0.206402835575034,0.252356265376487,"Generated","test","Dirichlet Tree","dt",4.15275771390498,2.54451772200364
0.253975401837008,-0.235096383516639,"Generated","test","Dirichlet Tree","dt",4.15275771390498,2.54451772200364
-0.374956387449571,-0.452343625561124,"Generated","test","Dirichlet Tree","dt",4.15275771390498,2.54451772200364
0.0893576125748185,0.183894020774124,"Generated","test","Dirichlet Tree","dt",4.15275771390498,2.54451772200364
-0.165290327893742,-0.145686865929407,"Generated","test","Dirichlet Tree","dt",4.15275771390498,2.54451772200364
-0.271125914073055,0.227553681588464,"Generated","test","Dirichlet Tree","dt",4.15275771390498,2.54451772200364
-0.366359068775068,-0.213961990553385,"Generated","test","Dirichlet Tree","dt",4.15275771390498,2.54451772200364
-0.211036940993947,0.433132278891348,"Generated","test","Dirichlet Tree","dt",4.15275771390498,2.54451772200364
-0.244808261171153,0.160151668090119,"Generated","test","Dirichlet Tree","dt",4.15275771390498,2.54451772200364
-0.209768145071438,0.214305555615728,"Generated","test","Dirichlet Tree","dt",4.15275771390498,2.54451772200364
-0.245755836503132,0.107081743287508,"Generated","test","Dirichlet Tree","dt",4.15275771390498,2.54451772200364
0.0957177295362646,-0.113265587358425,"Generated","test","Dirichlet Tree","dt",4.15275771390498,2.54451772200364
0.417105111334435,0.0885571334239826,"Generated","test","Dirichlet Tree","dt",4.15275771390498,2.54451772200364
-0.218961132896116,-0.244704545646433,"Generated","test","Dirichlet Tree","dt",4.15275771390498,2.54451772200364
-0.284595622421354,-0.216527682995492,"Generated","test","Dirichlet Tree","dt",4.15275771390498,2.54451772200364
-0.263954576800492,0.126686595675596,"Generated","test","Dirichlet Tree","dt",4.15275771390498,2.54451772200364
-0.271199033987546,-0.173803470008747,"Generated","test","Dirichlet Tree","dt",4.15275771390498,2.54451772200364
0.751635370428053,-0.35006070757469,"Generated","test","Dirichlet Tree","dt",4.15275771390498,2.54451772200364
0.926584735635237,0.104869290970991,"Generated","test","Dirichlet Tree","dt",4.15275771390498,2.54451772200364
-0.0669445356839456,-0.184882831331043,"Generated","test","Dirichlet Tree","dt",4.15275771390498,2.54451772200364
-0.217410575278765,-0.690881506898783,"Generated","test","Dirichlet Tree","dt",4.15275771390498,2.54451772200364
-0.330751428389586,-0.29142405626677,"Generated","test","Dirichlet Tree","dt",4.15275771390498,2.54451772200364
-0.180330861971854,0.133194439158201,"Generated","test","Dirichlet Tree","dt",4.15275771390498,2.54451772200364
-0.13683013658795,0.274474081548681,"Generated","test","Dirichlet Tree","dt",4.15275771390498,2.54451772200364
-0.245079841347308,0.0912369554894711,"Generated","test","Dirichlet Tree","dt",4.15275771390498,2.54451772200364
-0.319916411649951,-0.212961157347744,"Generated","test","Dirichlet Tree","dt",4.15275771390498,2.54451772200364
-0.406909357463663,-0.490715481254433,"Generated","test","Dirichlet Tree","dt",4.15275771390498,2.54451772200364
-0.201345591391053,-0.277137150687282,"Generated","test","Dirichlet Tree","dt",4.15275771390498,2.54451772200364
-0.0912883162936929,-0.347435515008663,"Generated","test","Dirichlet Tree","dt",4.15275771390498,2.54451772200364
-0.31207179757251,-0.129821997327131,"Generated","test","Dirichlet Tree","dt",4.15275771390498,2.54451772200364
-0.14995511265291,0.203158178697321,"Generated","test","Dirichlet Tree","dt",4.15275771390498,2.54451772200364
0.0905469688189152,-0.269643352689654,"Generated","test","Dirichlet Tree","dt",4.15275771390498,2.54451772200364
-0.101720132446854,0.206093721058661,"Generated","test","Dirichlet Tree","dt",4.15275771390498,2.54451772200364
-0.097163462054728,-0.407851017554667,"Generated","test","Dirichlet Tree","dt",4.15275771390498,2.54451772200364
-0.15898239340837,0.420391544335341,"Generated","test","Dirichlet Tree","dt",4.15275771390498,2.54451772200364
-0.143458728132573,0.267190855303321,"Generated","test","Dirichlet Tree","dt",4.15275771390498,2.54451772200364
-0.270011855506086,-0.0669944633206498,"Generated","test","Dirichlet Tree","dt",4.15275771390498,2.54451772200364
-0.236181107101296,-0.231170892028603,"Generated","test","Dirichlet Tree","dt",4.15275771390498,2.54451772200364
-0.233208238315084,0.165671702587798,"Generated","test","Dirichlet Tree","dt",4.15275771390498,2.54451772200364
0.636416530139824,0.142725253794348,"Generated","test","Dirichlet Tree","dt",4.15275771390498,2.54451772200364
-0.208325721659141,-0.113945187724266,"Generated","test","Dirichlet Tree","dt",4.15275771390498,2.54451772200364
-0.217442686176875,0.358022048858402,"Generated","test","Dirichlet Tree","dt",4.15275771390498,2.54451772200364
0.0250929600770222,0.339059700640478,"Generated","test","Dirichlet Tree","dt",4.15275771390498,2.54451772200364
0.829138313862404,-0.0323462459575732,"Generated","test","Dirichlet Tree","dt",4.15275771390498,2.54451772200364
-0.203120725125008,0.335018465834812,"Generated","test","Dirichlet Tree","dt",4.15275771390498,2.54451772200364
-0.112641742476769,0.443821148864015,"Generated","test","Dirichlet Tree","dt",4.15275771390498,2.54451772200364
-0.265783877851131,0.00790644399155166,"Generated","test","Dirichlet Tree","dt",4.15275771390498,2.54451772200364
0.796822128002122,-0.149734982033153,"Generated","test","Dirichlet Tree","dt",4.15275771390498,2.54451772200364
-0.192823646963295,-0.146447981856689,"Generated","test","Dirichlet Tree","dt",4.15275771390498,2.54451772200364
-0.164429320925474,0.299515347051461,"Generated","test","Dirichlet Tree","dt",4.15275771390498,2.54451772200364
-0.320035650225867,-0.354747394835358,"Generated","test","Dirichlet Tree","dt",4.15275771390498,2.54451772200364
-0.12435812011846,0.335868030154903,"Generated","test","Dirichlet Tree","dt",4.15275771390498,2.54451772200364
-0.326322248407655,0.0415592993487946,"Generated","test","Dirichlet Tree","dt",4.15275771390498,2.54451772200364
-0.292103337597119,-0.320143539315911,"Generated","test","Dirichlet Tree","dt",4.15275771390498,2.54451772200364
-0.235296868108557,0.01536519648591,"Generated","test","Dirichlet Tree","dt",4.15275771390498,2.54451772200364
-0.161783761999982,0.250049057549562,"Generated","test","Dirichlet Tree","dt",4.15275771390498,2.54451772200364
-0.218986276444782,0.198006277677401,"Generated","test","Dirichlet Tree","dt",4.15275771390498,2.54451772200364
-0.16397047528253,0.206180469188208,"Generated","test","Dirichlet Tree","dt",4.15275771390498,2.54451772200364
0.412432049188731,0.0981813585408245,"Generated","test","Dirichlet Tree","dt",4.15275771390498,2.54451772200364
0.895847078593826,-0.0674567052921796,"Generated","test","Dirichlet Tree","dt",4.15275771390498,2.54451772200364
0.170100413283174,-0.431404777001036,"Generated","test","Dirichlet Tree","dt",4.15275771390498,2.54451772200364
-0.18624340688165,0.165736783214071,"Generated","test","Dirichlet Tree","dt",4.15275771390498,2.54451772200364
-0.301644006431611,-0.408473857454585,"Generated","test","Dirichlet Tree","dt",4.15275771390498,2.54451772200364
0.406324694315259,-0.42491533668966,"Generated","test","Dirichlet Tree","dt",4.15275771390498,2.54451772200364
-0.191481256779752,0.370409057572293,"Generated","test","Dirichlet Tree","dt",4.15275771390498,2.54451772200364
-0.267718430059956,0.291839173516323,"Generated","test","Dirichlet Tree","dt",4.15275771390498,2.54451772200364
-0.143316993573579,0.2509723487262,"Generated","test","Dirichlet Tree","dt",4.15275771390498,2.54451772200364
-0.0560262022444618,-0.416872640801059,"Generated","test","Dirichlet Tree","dt",4.15275771390498,2.54451772200364
-0.336897542333869,-0.163561858878618,"Generated","test","Dirichlet Tree","dt",4.15275771390498,2.54451772200364
-0.0999634228127944,0.414060953075959,"Generated","test","Dirichlet Tree","dt",4.15275771390498,2.54451772200364
-0.434696522102685,-0.58138413412992,"Generated","test","Dirichlet Tree","dt",4.15275771390498,2.54451772200364
0.708469150013737,-0.00972926720205461,"Generated","test","Dirichlet Tree","dt",4.15275771390498,2.54451772200364
-0.202719090076657,0.128255750904506,"Generated","test","Dirichlet Tree","dt",4.15275771390498,2.54451772200364
-0.264042231358985,0.0971713279006499,"Generated","test","Dirichlet Tree","dt",4.15275771390498,2.54451772200364
-0.192380300064415,0.380681483922562,"Generated","test","Dirichlet Tree","dt",4.15275771390498,2.54451772200364
-0.233518298332157,0.0693007612203723,"Generated","test","Dirichlet Tree","dt",4.15275771390498,2.54451772200364
-0.409358790837177,-0.526496714761905,"Generated","test","Dirichlet Tree","dt",4.15275771390498,2.54451772200364
-0.218553929753077,0.454991726628441,"Generated","test","Dirichlet Tree","dt",4.15275771390498,2.54451772200364
-0.226945313839217,0.0372811721484321,"Generated","test","Dirichlet Tree","dt",4.15275771390498,2.54451772200364
0.692438939296834,-0.0493205865590757,"Generated","test","Dirichlet Tree","dt",4.15275771390498,2.54451772200364
-0.113117089414562,0.405213814438223,"Generated","test","Dirichlet Tree","dt",4.15275771390498,2.54451772200364
-0.185224992319466,0.188703881500065,"Generated","test","Dirichlet Tree","dt",4.15275771390498,2.54451772200364
0.0192702986889732,-0.427690318839653,"Generated","test","Dirichlet Tree","dt",4.15275771390498,2.54451772200364
-0.148418107630218,0.365240821361931,"Generated","test","Dirichlet Tree","dt",4.15275771390498,2.54451772200364
-0.127379113834526,0.238371264220985,"Generated","test","Dirichlet Tree","dt",4.15275771390498,2.54451772200364
-0.177686652398576,-0.0870150623409819,"Generated","test","Dirichlet Tree","dt",4.15275771390498,2.54451772200364
-0.282942230780535,-0.0277703575242048,"Generated","test","Dirichlet Tree","dt",4.15275771390498,2.54451772200364
-0.231483426936128,0.297064342402036,"Generated","test","Dirichlet Tree","dt",4.15275771390498,2.54451772200364
-0.180807460023186,0.381675216484358,"Generated","test","Dirichlet Tree","dt",4.15275771390498,2.54451772200364
-0.00146924282017292,0.152677357287391,"Generated","test","Dirichlet Tree","dt",4.15275771390498,2.54451772200364
-0.198751665980948,0.0936017434826612,"Generated","test","Dirichlet Tree","dt",4.15275771390498,2.54451772200364
-0.215829951251432,0.138267371726278,"Generated","test","Dirichlet Tree","dt",4.15275771390498,2.54451772200364
0.436483492483562,-0.256168688425892,"Generated","test","Dirichlet Tree","dt",4.15275771390498,2.54451772200364
-0.310057400103253,-0.180645451175121,"Generated","test","Dirichlet Tree","dt",4.15275771390498,2.54451772200364
0.794600146148725,-0.0626941976624308,"Generated","test","Dirichlet Tree","dt",4.15275771390498,2.54451772200364
-0.190131842216547,0.363559022017957,"Generated","test","Dirichlet Tree","dt",4.15275771390498,2.54451772200364
-0.288398110925531,-0.118088119849873,"Generated","test","Dirichlet Tree","dt",4.15275771390498,2.54451772200364
-0.18686443068336,0.366628183214576,"Generated","test","Dirichlet Tree","dt",4.15275771390498,2.54451772200364
-0.144006253778235,0.0931908867555814,"Generated","test","Dirichlet Tree","dt",4.15275771390498,2.54451772200364
-0.0942841970199731,0.432035331286747,"Generated","test","Dirichlet Tree","dt",4.15275771390498,2.54451772200364
0.0629935680701459,0.0455168363156625,"Generated","test","Dirichlet Tree","dt",4.15275771390498,2.54451772200364
-0.184932358447394,0.247435789864964,"Generated","test","Dirichlet Tree","dt",4.15275771390498,2.54451772200364
-0.151513425471057,0.305060279904184,"Generated","test","Dirichlet Tree","dt",4.15275771390498,2.54451772200364
0.0270892859735952,-0.0517457968128647,"Generated","test","Dirichlet Tree","dt",4.15275771390498,2.54451772200364
-0.232925175849623,0.271002698962609,"Generated","test","Dirichlet Tree","dt",4.15275771390498,2.54451772200364
-0.331194789997836,-0.291405347329145,"Generated","test","Dirichlet Tree","dt",4.15275771390498,2.54451772200364
0.293881133547241,0.0410269746995213,"Generated","test","Dirichlet Tree","dt",4.15275771390498,2.54451772200364
-0.340243853400001,-0.483964682435308,"Generated","test","Dirichlet Tree","dt",4.15275771390498,2.54451772200364
-0.302105039654508,-0.168979885117173,"Generated","test","Dirichlet Tree","dt",4.15275771390498,2.54451772200364
-0.173722192603645,0.304179162454122,"Generated","test","Dirichlet Tree","dt",4.15275771390498,2.54451772200364
-0.269033132333139,0.0696467560168073,"Generated","test","Dirichlet Tree","dt",4.15275771390498,2.54451772200364
-0.194348189156439,0.285734071735777,"Generated","test","Dirichlet Tree","dt",4.15275771390498,2.54451772200364
-0.225586923161178,0.229347216673475,"Generated","test","Dirichlet Tree","dt",4.15275771390498,2.54451772200364
-0.0943249204040402,0.153763249804244,"Generated","test","Dirichlet Tree","dt",4.15275771390498,2.54451772200364
-0.192550067224488,0.141316585948121,"Generated","test","Dirichlet Tree","dt",4.15275771390498,2.54451772200364
0.840979320714684,-0.0986398883119525,"Generated","test","Dirichlet Tree","dt",4.15275771390498,2.54451772200364
0.120579109554791,0.17592054029819,"Generated","test","Dirichlet Tree","dt",4.15275771390498,2.54451772200364
-0.205705297694139,0.417175393804016,"Generated","test","Dirichlet Tree","dt",4.15275771390498,2.54451772200364
-0.299768699463253,-0.177117693099478,"Generated","test","Dirichlet Tree","dt",4.15275771390498,2.54451772200364
0.9063828214878,-0.0433021666661056,"Generated","test","Dirichlet Tree","dt",4.15275771390498,2.54451772200364
0.342066760472982,0.193890277625676,"Generated","test","Dirichlet Tree","dt",4.15275771390498,2.54451772200364
-0.210006646078705,0.156554540227842,"Generated","test","Dirichlet Tree","dt",4.15275771390498,2.54451772200364
-0.352847984749682,-0.255380475047735,"Generated","test","Dirichlet Tree","dt",4.15275771390498,2.54451772200364
-0.036724235458746,-0.26892024335009,"Generated","test","Dirichlet Tree","dt",4.15275771390498,2.54451772200364
-0.189680616580257,0.253225283406538,"Generated","test","Dirichlet Tree","dt",4.15275771390498,2.54451772200364
0.786913113092382,0.0576090515728238,"Generated","test","Dirichlet Tree","dt",4.15275771390498,2.54451772200364
-0.126238913538944,0.139708197675454,"Generated","test","Dirichlet Tree","dt",4.15275771390498,2.54451772200364
-0.284939148255357,-0.124090235029646,"Generated","test","Dirichlet Tree","dt",4.15275771390498,2.54451772200364
-0.0421772500327795,0.428589417595858,"Generated","test","Dirichlet Tree","dt",4.15275771390498,2.54451772200364
-0.14424159882573,0.314182244962822,"Generated","test","Dirichlet Tree","dt",4.15275771390498,2.54451772200364
-0.154160009264417,-0.0697972204952379,"Generated","test","Dirichlet Tree","dt",4.15275771390498,2.54451772200364
-0.35252378088839,-0.422161778676747,"Generated","test","Dirichlet Tree","dt",4.15275771390498,2.54451772200364
-0.355660894652228,-0.309963713083442,"Generated","test","Dirichlet Tree","dt",4.15275771390498,2.54451772200364
-0.159955402054143,-0.0905576794840218,"Generated","test","Dirichlet Tree","dt",4.15275771390498,2.54451772200364
-0.224292154413725,0.431797812527986,"Generated","test","Dirichlet Tree","dt",4.15275771390498,2.54451772200364
-0.122047094383297,0.163493020131909,"Generated","test","Dirichlet Tree","dt",4.15275771390498,2.54451772200364
-0.0328006159636858,0.46749477821318,"Generated","test","Dirichlet Tree","dt",4.15275771390498,2.54451772200364
-0.17547069050293,0.176073833271265,"Generated","test","Dirichlet Tree","dt",4.15275771390498,2.54451772200364
0.84036122134135,-0.154638258546872,"Generated","test","Dirichlet Tree","dt",4.15275771390498,2.54451772200364
-0.225186578391797,0.0046002197831632,"Generated","test","Dirichlet Tree","dt",4.15275771390498,2.54451772200364
0.554233444198633,-0.253273728635129,"Generated","test","Dirichlet Tree","dt",4.15275771390498,2.54451772200364
-0.304851286725386,-0.324581274638337,"Generated","test","Dirichlet Tree","dt",4.15275771390498,2.54451772200364
-0.184932077420887,0.314681191710088,"Generated","test","Dirichlet Tree","dt",4.15275771390498,2.54451772200364
-0.342324167558947,-0.518248685933989,"Generated","test","Dirichlet Tree","dt",4.15275771390498,2.54451772200364
-0.208167554168436,0.0658270267245726,"Generated","test","Dirichlet Tree","dt",4.15275771390498,2.54451772200364
0.342576813213443,-0.516552914383937,"Generated","test","Dirichlet Tree","dt",4.15275771390498,2.54451772200364
-0.393979724524359,-0.507089747985752,"Generated","test","Dirichlet Tree","dt",4.15275771390498,2.54451772200364
-0.306463920183168,0.0348921569176246,"Generated","test","Dirichlet Tree","dt",4.15275771390498,2.54451772200364
-0.327917668843042,-0.187630653374397,"Generated","test","Dirichlet Tree","dt",4.15275771390498,2.54451772200364
-0.183175747355166,0.170577565311782,"Generated","test","Dirichlet Tree","dt",4.15275771390498,2.54451772200364
-0.243735507005768,-0.0228804114393827,"Generated","test","Dirichlet Tree","dt",4.15275771390498,2.54451772200364
0.098723042098982,0.381594945097166,"Generated","test","Dirichlet Tree","dt",4.15275771390498,2.54451772200364
-0.265014060001332,0.157970845338253,"Generated","test","Dirichlet Tree","dt",4.15275771390498,2.54451772200364
-0.30072912214121,-0.0482760131851788,"Generated","test","Dirichlet Tree","dt",4.15275771390498,2.54451772200364
-0.159193812103536,0.364891677137457,"Generated","test","Dirichlet Tree","dt",4.15275771390498,2.54451772200364
-0.202830436051609,0.0382804697050348,"Generated","test","Dirichlet Tree","dt",4.15275771390498,2.54451772200364
-0.267306248043093,-0.241059046002014,"Generated","test","Dirichlet Tree","dt",4.15275771390498,2.54451772200364
0.0760243093055177,0.177913749280241,"Generated","test","Dirichlet Tree","dt",4.15275771390498,2.54451772200364
-0.372163276357766,-0.439788638332823,"Generated","test","Dirichlet Tree","dt",4.15275771390498,2.54451772200364
-0.143811045706104,0.317152996177373,"Generated","test","Dirichlet Tree","dt",4.15275771390498,2.54451772200364
-0.334147630144819,-0.398483642595067,"Generated","test","Dirichlet Tree","dt",4.15275771390498,2.54451772200364
-0.264528713652722,-0.0594470376243813,"Generated","test","Dirichlet Tree","dt",4.15275771390498,2.54451772200364
-0.040339121313205,0.0641318569254156,"Generated","test","Dirichlet Tree","dt",4.15275771390498,2.54451772200364
0.630336879074737,-0.0836828707624871,"Generated","test","Dirichlet Tree","dt",4.15275771390498,2.54451772200364
-0.32460310205395,-0.29299913075326,"Generated","test","Dirichlet Tree","dt",4.15275771390498,2.54451772200364
-0.211024324756134,0.467871335889562,"Generated","test","Dirichlet Tree","dt",4.15275771390498,2.54451772200364
0.0984376627670471,0.132508922142189,"Generated","test","Dirichlet Tree","dt",4.15275771390498,2.54451772200364
0.737795606860421,-0.128903634768707,"Generated","test","Dirichlet Tree","dt",4.15275771390498,2.54451772200364
-0.201775909340937,0.246479884113604,"Generated","test","Dirichlet Tree","dt",4.15275771390498,2.54451772200364
-0.361629349353436,-0.504845489735789,"Generated","test","Dirichlet Tree","dt",4.15275771390498,2.54451772200364
0.332290715028888,-0.0707265814632481,"Generated","test","Dirichlet Tree","dt",4.15275771390498,2.54451772200364
-0.0406003694730867,-0.572904787230135,"Generated","test","Dirichlet Tree","dt",4.15275771390498,2.54451772200364
-0.294882073964046,-0.203555989299482,"Generated","test","Dirichlet Tree","dt",4.15275771390498,2.54451772200364
-0.068585570003363,0.12968306559187,"Generated","test","Dirichlet Tree","dt",4.15275771390498,2.54451772200364
-0.260371466985109,0.00522678310481065,"Generated","test","Dirichlet Tree","dt",4.15275771390498,2.54451772200364
-0.251449763296049,-0.477402494268756,"Generated","test","Dirichlet Tree","dt",4.15275771390498,2.54451772200364
-0.269140870191238,0.376636036400026,"Generated","test","Dirichlet Tree","dt",4.15275771390498,2.54451772200364
-0.241975163411862,0.228136897000511,"Generated","test","Dirichlet Tree","dt",4.15275771390498,2.54451772200364
0.381359784650833,0.0456794110280581,"Generated","test","Dirichlet Tree","dt",4.15275771390498,2.54451772200364
-0.100437335590512,-0.376890058596943,"Generated","test","Dirichlet Tree","dt",4.15275771390498,2.54451772200364
-0.319144433903271,-0.371808789947406,"Generated","test","Dirichlet Tree","dt",4.15275771390498,2.54451772200364
0.389124220524841,0.14579744506589,"Generated","test","Dirichlet Tree","dt",4.15275771390498,2.54451772200364
-0.362951358520218,-0.316008709478537,"Generated","test","Dirichlet Tree","dt",4.15275771390498,2.54451772200364
-0.286834708177536,-0.0967999921209603,"Generated","test","Dirichlet Tree","dt",4.15275771390498,2.54451772200364
0.523445938952274,0.0292150427375954,"Generated","test","Dirichlet Tree","dt",4.15275771390498,2.54451772200364
-0.0617701399525137,0.276454186841765,"Generated","test","Dirichlet Tree","dt",4.15275771390498,2.54451772200364
-0.285805349105636,-0.151840017450146,"Generated","test","Dirichlet Tree","dt",4.15275771390498,2.54451772200364
-0.0865543876496623,0.182751771666882,"Generated","test","Dirichlet Tree","dt",4.15275771390498,2.54451772200364
0.0052252399997499,-0.260493334881331,"Generated","test","Dirichlet Tree","dt",4.15275771390498,2.54451772200364
-0.264185260801668,0.0917196775495599,"Generated","test","Dirichlet Tree","dt",4.15275771390498,2.54451772200364
-0.284501394957439,-0.406865392099864,"Generated","test","Dirichlet Tree","dt",4.15275771390498,2.54451772200364
0.874124736869022,-0.0622604449440546,"Generated","test","Dirichlet Tree","dt",4.15275771390498,2.54451772200364
-0.306598355999611,-0.248939342787174,"Generated","test","Dirichlet Tree","dt",4.15275771390498,2.54451772200364
-0.0455715720113167,0.115833735057198,"Generated","test","Dirichlet Tree","dt",4.15275771390498,2.54451772200364
0.0247632829327205,0.375060536527673,"Generated","test","Dirichlet Tree","dt",4.15275771390498,2.54451772200364
-0.158680744373262,0.334733752990337,"Generated","test","Dirichlet Tree","dt",4.15275771390498,2.54451772200364
-0.342163505421205,-0.398011712387793,"Generated","test","Dirichlet Tree","dt",4.15275771390498,2.54451772200364
0.852737345798953,-0.0701959685018771,"Generated","test","Dirichlet Tree","dt",4.15275771390498,2.54451772200364
-0.166296810352434,0.367840493714501,"Generated","test","Dirichlet Tree","dt",4.15275771390498,2.54451772200364
-0.287406951867663,-0.158176651525737,"Generated","test","Dirichlet Tree","dt",4.15275771390498,2.54451772200364
-0.207538327240194,0.0587405817188411,"Generated","test","Dirichlet Tree","dt",4.15275771390498,2.54451772200364
-0.243259328631724,0.299739585060877,"Generated","test","Dirichlet Tree","dt",4.15275771390498,2.54451772200364
-0.275493697417693,-0.155513953741568,"Generated","test","Dirichlet Tree","dt",4.15275771390498,2.54451772200364
0.233113990313945,-0.0146642499829604,"Generated","test","Dirichlet Tree","dt",4.15275771390498,2.54451772200364
-0.225237147401815,0.0348783772384117,"Generated","test","Dirichlet Tree","dt",4.15275771390498,2.54451772200364
0.112853922892867,-0.236043756874587,"Generated","test","Dirichlet Tree","dt",4.15275771390498,2.54451772200364
-0.320670562593722,-0.15764413625888,"Generated","test","Dirichlet Tree","dt",4.15275771390498,2.54451772200364
0.33201225856006,0.120075691803265,"Generated","test","Dirichlet Tree","dt",4.15275771390498,2.54451772200364
-0.165551456413963,0.194559698942335,"Generated","test","Dirichlet Tree","dt",4.15275771390498,2.54451772200364
-0.192041324525343,0.463611606385418,"Generated","test","Dirichlet Tree","dt",4.15275771390498,2.54451772200364
0.684952903118762,0.169815237255577,"Generated","test","Dirichlet Tree","dt",4.15275771390498,2.54451772200364
0.667550515003697,-0.166753402208741,"Generated","test","Dirichlet Tree","dt",4.15275771390498,2.54451772200364
-0.375195642958699,-0.565089191091671,"Generated","test","Dirichlet Tree","dt",4.15275771390498,2.54451772200364
-0.286318506168265,0.00448154940780252,"Generated","test","Dirichlet Tree","dt",4.15275771390498,2.54451772200364
0.413945035794199,0.106704410458443,"Generated","test","Dirichlet Tree","dt",4.15275771390498,2.54451772200364
-0.393084052971433,-0.536310390951734,"Generated","test","Dirichlet Tree","dt",4.15275771390498,2.54451772200364
-0.165997059600598,0.272575240542126,"Generated","test","Dirichlet Tree","dt",4.15275771390498,2.54451772200364
0.0804355518442327,0.248712145009482,"Generated","test","Dirichlet Tree","dt",4.15275771390498,2.54451772200364
0.771719782358625,-0.0510354246987453,"Generated","test","Dirichlet Tree","dt",4.15275771390498,2.54451772200364
-0.057690549274666,-0.105735351994102,"Generated","test","Dirichlet Tree","dt",4.15275771390498,2.54451772200364
-0.186321789617744,0.312674313375645,"Generated","test","Dirichlet Tree","dt",4.15275771390498,2.54451772200364
-0.0750303783797802,0.23849711976415,"Generated","test","Dirichlet Tree","dt",4.15275771390498,2.54451772200364
-0.0711633651735493,0.0100399760561524,"Generated","test","Dirichlet Tree","dt",4.15275771390498,2.54451772200364
-0.159263277079996,0.307061038644733,"Generated","test","Dirichlet Tree","dt",4.15275771390498,2.54451772200364
-0.282718160588253,-0.460229742570502,"Generated","test","Dirichlet Tree","dt",4.15275771390498,2.54451772200364
-0.128567359872024,0.352440851434712,"Generated","test","Dirichlet Tree","dt",4.15275771390498,2.54451772200364
-0.0655562871610084,0.0739871534255747,"Generated","test","Dirichlet Tree","dt",4.15275771390498,2.54451772200364
-0.189370666617174,0.279182255952205,"Generated","test","Dirichlet Tree","dt",4.15275771390498,2.54451772200364
-0.159222561863224,0.452499240931192,"Generated","test","Dirichlet Tree","dt",4.15275771390498,2.54451772200364
0.936375303348679,0.0117856103193925,"Generated","test","Dirichlet Tree","dt",4.15275771390498,2.54451772200364
-0.122062674917374,0.396197994972083,"Generated","test","Dirichlet Tree","dt",4.15275771390498,2.54451772200364
-0.231609294661739,0.183168420300945,"Generated","test","Dirichlet Tree","dt",4.15275771390498,2.54451772200364
-0.168539386925305,0.340383042640327,"Generated","test","Dirichlet Tree","dt",4.15275771390498,2.54451772200364
-0.157529171397311,0.393652210744224,"Generated","test","Dirichlet Tree","dt",4.15275771390498,2.54451772200364
0.0116854887153822,0.12909569810181,"Generated","test","Dirichlet Tree","dt",4.15275771390498,2.54451772200364
-0.172217250303854,0.475617918658359,"Generated","test","Dirichlet Tree","dt",4.15275771390498,2.54451772200364
-0.233648189817379,0.136071599829912,"Generated","test","Dirichlet Tree","dt",4.15275771390498,2.54451772200364
-0.220713875479578,0.138559490803697,"Generated","test","Dirichlet Tree","dt",4.15275771390498,2.54451772200364
-0.367816262933899,-0.428956923053452,"Generated","test","Dirichlet Tree","dt",4.15275771390498,2.54451772200364
-0.272057938596153,-0.100136837676707,"Generated","test","Dirichlet Tree","dt",4.15275771390498,2.54451772200364
0.765612260794312,0.0193104737517667,"Generated","test","Dirichlet Tree","dt",4.15275771390498,2.54451772200364
0.673913302509646,0.17004657636464,"Generated","test","Dirichlet Tree","dt",4.15275771390498,2.54451772200364
-0.343812045446487,-0.364516724359964,"Generated","test","Dirichlet Tree","dt",4.15275771390498,2.54451772200364
-0.285223450359833,0.0732956515469286,"Generated","test","Dirichlet Tree","dt",4.15275771390498,2.54451772200364
-0.243319967372857,0.0308722159666629,"Generated","test","Dirichlet Tree","dt",4.15275771390498,2.54451772200364
-0.313135791536916,-0.254879546059998,"Generated","test","Dirichlet Tree","dt",4.15275771390498,2.54451772200364
-0.129533606988202,0.371968668540276,"Generated","test","Dirichlet Tree","dt",4.15275771390498,2.54451772200364
-0.251697693605462,0.123818836501366,"Generated","test","Dirichlet Tree","dt",4.15275771390498,2.54451772200364
-0.0475104775428777,-0.527502625015456,"Generated","test","Dirichlet Tree","dt",4.15275771390498,2.54451772200364
-0.262384770252293,-0.633986197889428,"Generated","test","Dirichlet Tree","dt",4.15275771390498,2.54451772200364
-0.172746370732497,0.439067799071287,"Generated","test","Dirichlet Tree","dt",4.15275771390498,2.54451772200364
-0.310936948758118,-0.237793746494393,"Generated","test","Dirichlet Tree","dt",4.15275771390498,2.54451772200364
-0.191031031861497,-0.00352650570149821,"Generated","test","Dirichlet Tree","dt",4.15275771390498,2.54451772200364
0.893796462300426,0.0499843582596714,"Generated","test","Dirichlet Tree","dt",4.15275771390498,2.54451772200364
0.714398282654116,-0.177480234583961,"Generated","test","Dirichlet Tree","dt",4.15275771390498,2.54451772200364
-0.200080098989429,0.289340787354002,"Generated","test","Dirichlet Tree","dt",4.15275771390498,2.54451772200364
0.122147783985002,0.3634091366764,"Generated","test","Dirichlet Tree","dt",4.15275771390498,2.54451772200364
-0.241285610792744,0.158227345830403,"Generated","test","Dirichlet Tree","dt",4.15275771390498,2.54451772200364
0.68499573993447,-0.221931519718222,"Generated","test","Dirichlet Tree","dt",4.15275771390498,2.54451772200364
-0.23500975122225,0.184081593281672,"Generated","test","Dirichlet Tree","dt",4.15275771390498,2.54451772200364
-0.183753022331252,0.332282402454506,"Generated","test","Dirichlet Tree","dt",4.15275771390498,2.54451772200364
-0.170594928473654,0.314939802545878,"Generated","test","Dirichlet Tree","dt",4.15275771390498,2.54451772200364
-0.254294293663801,-0.0498054271169494,"Generated","test","Dirichlet Tree","dt",4.15275771390498,2.54451772200364
-0.20787847553327,-0.0990876553514303,"Generated","test","Dirichlet Tree","dt",4.15275771390498,2.54451772200364
-0.338851692434246,-0.0902651480362953,"Generated","test","Dirichlet Tree","dt",4.15275771390498,2.54451772200364
-0.177909588974447,0.0251543930445124,"Generated","test","Dirichlet Tree","dt",4.15275771390498,2.54451772200364
-0.157093250226357,0.252253113498738,"Generated","test","Dirichlet Tree","dt",4.15275771390498,2.54451772200364
-0.237672746933868,-0.00174277281305962,"Generated","test","Dirichlet Tree","dt",4.15275771390498,2.54451772200364
-0.215759276112094,-0.0565500391518504,"Generated","test","Dirichlet Tree","dt",4.15275771390498,2.54451772200364
-0.308852327962705,-0.0117150411720256,"Generated","test","Dirichlet Tree","dt",4.15275771390498,2.54451772200364
-0.360061057154636,-0.396679616907115,"Generated","test","Dirichlet Tree","dt",4.15275771390498,2.54451772200364
-0.265710513599424,0.157154157993624,"Generated","test","Dirichlet Tree","dt",4.15275771390498,2.54451772200364
-0.296464227229787,-0.311766633558204,"Generated","test","Dirichlet Tree","dt",4.15275771390498,2.54451772200364
-0.222451105828472,-0.500961815832185,"Generated","test","Dirichlet Tree","dt",4.15275771390498,2.54451772200364
-0.301920812014465,-0.287633786140756,"Generated","test","Dirichlet Tree","dt",4.15275771390498,2.54451772200364
-0.195517221804807,0.221079915215347,"Generated","test","Dirichlet Tree","dt",4.15275771390498,2.54451772200364
0.0232397470192421,0.433844650102583,"Generated","test","Dirichlet Tree","dt",4.15275771390498,2.54451772200364
-0.22503767522826,0.367542199242369,"Generated","test","Dirichlet Tree","dt",4.15275771390498,2.54451772200364
-0.214552220382056,0.00609455852851765,"Generated","test","Dirichlet Tree","dt",4.15275771390498,2.54451772200364
-0.205857098819986,-0.0115793600203563,"Generated","test","Dirichlet Tree","dt",4.15275771390498,2.54451772200364
-0.185892633298338,0.289219060377176,"Generated","test","Dirichlet Tree","dt",4.15275771390498,2.54451772200364
0.0091289938371998,0.383754980647532,"Generated","test","Dirichlet Tree","dt",4.15275771390498,2.54451772200364
-0.306645095569006,-0.353321121289489,"Generated","test","Dirichlet Tree","dt",4.15275771390498,2.54451772200364
-0.196876241405632,0.289789816288951,"Generated","test","Dirichlet Tree","dt",4.15275771390498,2.54451772200364
-0.0304152080888398,-0.141274103342905,"Generated","test","Dirichlet Tree","dt",4.15275771390498,2.54451772200364
-0.312386263343904,-0.326062486490908,"Generated","test","Dirichlet Tree","dt",4.15275771390498,2.54451772200364
0.80374441263242,0.0350386600350943,"Generated","test","Dirichlet Tree","dt",4.15275771390498,2.54451772200364
-0.284528781284507,-0.249951394356198,"Generated","test","Dirichlet Tree","dt",4.15275771390498,2.54451772200364
-0.135021253012557,0.165152603874655,"Generated","test","Dirichlet Tree","dt",4.15275771390498,2.54451772200364
-0.142540836425787,0.299439894366004,"Generated","test","Dirichlet Tree","dt",4.15275771390498,2.54451772200364
-0.343441934535969,-0.363035631157312,"Generated","test","Dirichlet Tree","dt",4.15275771390498,2.54451772200364
-0.335872774672387,-0.293015830760068,"Generated","test","Dirichlet Tree","dt",4.15275771390498,2.54451772200364
0.655877951246379,0.195825408761808,"Generated","test","Dirichlet Tree","dt",4.15275771390498,2.54451772200364
-0.287014284647927,-0.488004078726212,"Generated","test","Dirichlet Tree","dt",4.15275771390498,2.54451772200364
-0.228834143892726,0.200603594293429,"Generated","test","Dirichlet Tree","dt",4.15275771390498,2.54451772200364
-0.126260293343915,0.347386799704962,"Generated","test","Dirichlet Tree","dt",4.15275771390498,2.54451772200364
-0.0855400389132518,-0.637181898300364,"Generated","test","Dirichlet Tree","dt",4.15275771390498,2.54451772200364
-0.153457271058587,0.347442021500263,"Generated","test","Dirichlet Tree","dt",4.15275771390498,2.54451772200364
0.321884943570292,0.0954800206026793,"Generated","test","Dirichlet Tree","dt",4.15275771390498,2.54451772200364
-0.36548320380648,-0.419568024232933,"Generated","test","Dirichlet Tree","dt",4.15275771390498,2.54451772200364
0.72439627450749,-0.0615854478582493,"Generated","test","Dirichlet Tree","dt",4.15275771390498,2.54451772200364
0.184041295664917,-0.0808546124395346,"Generated","test","Dirichlet Tree","dt",4.15275771390498,2.54451772200364
0.844144772871436,-0.0467636164971985,"Generated","test","Dirichlet Tree","dt",4.15275771390498,2.54451772200364
0.353263386195397,-0.720249198281691,"Generated","test","Dirichlet Tree","dt",4.15275771390498,2.54451772200364
0.200819019369347,-0.0248568523313371,"Generated","test","Dirichlet Tree","dt",4.15275771390498,2.54451772200364
-0.190955909149277,0.212044142583886,"Generated","test","Dirichlet Tree","dt",4.15275771390498,2.54451772200364
-0.243140302714988,0.3360003425621,"Generated","test","Dirichlet Tree","dt",4.15275771390498,2.54451772200364
-0.203006558841049,0.237374434961165,"Generated","test","Dirichlet Tree","dt",4.15275771390498,2.54451772200364
-0.214764679870056,0.524735912961621,"Generated","test","Dirichlet Tree","dt",4.15275771390498,2.54451772200364
0.0884142421978376,-0.542286787116829,"Generated","test","Dirichlet Tree","dt",4.15275771390498,2.54451772200364
-0.237450382695052,-0.678390088075212,"Generated","test","Dirichlet Tree","dt",4.15275771390498,2.54451772200364
-0.29855217163515,-0.144291567267616,"Generated","test","Dirichlet Tree","dt",4.15275771390498,2.54451772200364
0.531235552157078,-0.0647876769165844,"Generated","test","Dirichlet Tree","dt",4.15275771390498,2.54451772200364
-0.234271896463601,-0.0978836471858197,"Generated","test","Dirichlet Tree","dt",4.15275771390498,2.54451772200364
0.312004363171237,-0.318796856302267,"Generated","test","Dirichlet Tree","dt",4.15275771390498,2.54451772200364
-0.232487512221286,-0.178921499015042,"Generated","test","Dirichlet Tree","dt",4.15275771390498,2.54451772200364
-0.224791107454929,0.074633999917586,"Generated","test","Dirichlet Tree","dt",4.15275771390498,2.54451772200364
-0.154622313375923,0.329102421397085,"Generated","test","Dirichlet Tree","dt",4.15275771390498,2.54451772200364
-0.19190724075575,-0.0813600627032793,"Generated","test","Dirichlet Tree","dt",4.15275771390498,2.54451772200364
-0.377654561850188,-0.326627978454113,"Generated","test","Dirichlet Tree","dt",4.15275771390498,2.54451772200364
-0.342248481610901,-0.478885244937035,"Generated","test","Dirichlet Tree","dt",4.15275771390498,2.54451772200364
-0.321554871345262,-0.3181977817118,"Generated","test","Dirichlet Tree","dt",4.15275771390498,2.54451772200364
-0.202106346676201,-0.514351118639944,"Generated","test","Dirichlet Tree","dt",4.15275771390498,2.54451772200364
-0.171393173222353,0.240093895295145,"Generated","test","Dirichlet Tree","dt",4.15275771390498,2.54451772200364
-0.303109349351984,0.160950909813631,"Generated","test","Dirichlet Tree","dt",4.15275771390498,2.54451772200364
0.581573169562754,-0.0349994682114999,"Generated","test","Dirichlet Tree","dt",4.15275771390498,2.54451772200364
-0.137879096050192,0.325127786750984,"Generated","test","Dirichlet Tree","dt",4.15275771390498,2.54451772200364
-0.288274092723769,-0.142605908739115,"Generated","test","Dirichlet Tree","dt",4.15275771390498,2.54451772200364
-0.23007584729497,0.0486853009519159,"Generated","test","Dirichlet Tree","dt",4.15275771390498,2.54451772200364
0.632628346508733,-0.24176938541915,"Generated","test","Dirichlet Tree","dt",4.15275771390498,2.54451772200364
-0.198343520528074,0.3426034622915,"Generated","test","Dirichlet Tree","dt",4.15275771390498,2.54451772200364
0.485596992234077,0.159026086291762,"Generated","test","Dirichlet Tree","dt",4.15275771390498,2.54451772200364
0.847572414694709,0.0421951031496758,"Generated","test","Dirichlet Tree","dt",4.15275771390498,2.54451772200364
-0.181406301541978,0.372903640639777,"Generated","test","Dirichlet Tree","dt",4.15275771390498,2.54451772200364
0.54619211971821,-0.37038728877332,"Generated","test","Dirichlet Tree","dt",4.15275771390498,2.54451772200364
0.87764977681535,-0.00513147714770871,"Generated","test","Dirichlet Tree","dt",4.15275771390498,2.54451772200364
0.872966271139783,-0.0895210273305181,"Generated","test","Dirichlet Tree","dt",4.15275771390498,2.54451772200364
-0.395523966009931,-0.535914459220846,"Generated","test","Dirichlet Tree","dt",4.15275771390498,2.54451772200364
-0.200006131960897,0.053037663351013,"Generated","test","Dirichlet Tree","dt",4.15275771390498,2.54451772200364
-0.18385216863938,0.212028906932829,"Generated","test","Dirichlet Tree","dt",4.15275771390498,2.54451772200364
-0.152495293102563,0.252990000950326,"Generated","test","Dirichlet Tree","dt",4.15275771390498,2.54451772200364
0.905444858195468,0.112529637852883,"Generated","test","Dirichlet Tree","dt",4.15275771390498,2.54451772200364
0.857393293270243,0.0352576926389609,"Generated","test","Dirichlet Tree","dt",4.15275771390498,2.54451772200364
-0.25356168367651,0.163378065604854,"Generated","test","Dirichlet Tree","dt",4.15275771390498,2.54451772200364
-0.270201862134145,-0.0316429974710368,"Generated","test","Dirichlet Tree","dt",4.15275771390498,2.54451772200364
-0.17770107750829,0.109402382695872,"Generated","test","Dirichlet Tree","dt",4.15275771390498,2.54451772200364
0.322934388836029,-0.06659397930261,"Generated","test","Dirichlet Tree","dt",4.15275771390498,2.54451772200364
-0.186602802604866,0.337959962766044,"Generated","test","Dirichlet Tree","dt",4.15275771390498,2.54451772200364
0.479325409999197,-0.537119311481627,"Generated","test","Dirichlet Tree","dt",4.15275771390498,2.54451772200364
-0.21254435131481,-0.209044587081067,"Generated","test","Dirichlet Tree","dt",4.15275771390498,2.54451772200364
-0.292794259970001,-0.533945198992651,"Generated","test","Dirichlet Tree","dt",4.15275771390498,2.54451772200364
-0.234295502292354,0.112053820476407,"Generated","test","Dirichlet Tree","dt",4.15275771390498,2.54451772200364
0.28418244779467,-0.0763025117853725,"Generated","test","Dirichlet Tree","dt",4.15275771390498,2.54451772200364
-0.208337207471108,0.0965503340993564,"Generated","test","Dirichlet Tree","dt",4.15275771390498,2.54451772200364
-0.234570114293058,-0.0731154022055169,"Generated","test","Dirichlet Tree","dt",4.15275771390498,2.54451772200364
-0.0936669614758116,-0.0873952082287894,"Generated","test","Dirichlet Tree","dt",4.15275771390498,2.54451772200364
0.49676836711247,-0.021391262352669,"Generated","test","Dirichlet Tree","dt",4.15275771390498,2.54451772200364
0.42336579069535,0.109647270323154,"Generated","test","Dirichlet Tree","dt",4.15275771390498,2.54451772200364
-0.267870189128471,-0.138596858703738,"Generated","test","Dirichlet Tree","dt",4.15275771390498,2.54451772200364
-0.368972299769325,-0.521962686730277,"Generated","test","Dirichlet Tree","dt",4.15275771390498,2.54451772200364
0.123886910382104,-0.249621417731718,"Generated","test","Dirichlet Tree","dt",4.15275771390498,2.54451772200364
-0.292431198222102,-0.168803705385922,"Generated","test","Dirichlet Tree","dt",4.15275771390498,2.54451772200364
-0.150551954453002,0.0403677271477346,"Generated","test","Dirichlet Tree","dt",4.15275771390498,2.54451772200364
-0.200638187465681,0.498008369098981,"Generated","test","Dirichlet Tree","dt",4.15275771390498,2.54451772200364
0.186366833368148,-0.0902741862660723,"Generated","test","Dirichlet Tree","dt",4.15275771390498,2.54451772200364
-0.255636350458168,-0.0256136939425034,"Generated","test","Dirichlet Tree","dt",4.15275771390498,2.54451772200364
0.88989835782826,0.057963795368725,"Generated","test","Dirichlet Tree","dt",4.15275771390498,2.54451772200364
-0.232543913911762,0.109212373084898,"Generated","test","Dirichlet Tree","dt",4.15275771390498,2.54451772200364
-0.0778477779547878,0.349955122662857,"Generated","test","Dirichlet Tree","dt",4.15275771390498,2.54451772200364
0.716953186140014,-0.348603227373765,"Generated","test","Dirichlet Tree","dt",4.15275771390498,2.54451772200364
0.438761155850169,0.0441347526059976,"Generated","test","Dirichlet Tree","dt",4.15275771390498,2.54451772200364
0.505806169015013,-0.49426276409679,"Generated","test","Dirichlet Tree","dt",4.15275771390498,2.54451772200364
-0.159026096872822,0.0387186243256377,"Generated","test","Dirichlet Tree","dt",4.15275771390498,2.54451772200364
-0.20786438483398,0.640316468826407,"Generated","test","Dirichlet Tree","dt",4.15275771390498,2.54451772200364
-0.0372059131159239,-0.635915967563178,"Generated","test","Dirichlet Tree","dt",4.15275771390498,2.54451772200364
-0.169319955598449,0.230489037533267,"Generated","test","Dirichlet Tree","dt",4.15275771390498,2.54451772200364
0.48746336035933,-0.124601137047633,"Generated","test","Dirichlet Tree","dt",4.15275771390498,2.54451772200364
-0.224226451691685,0.288635232518641,"Generated","test","Dirichlet Tree","dt",4.15275771390498,2.54451772200364
-0.253991681987108,0.0869030437952513,"Generated","test","Dirichlet Tree","dt",4.15275771390498,2.54451772200364
0.8008555863364,0.0333156804659278,"Generated","test","Dirichlet Tree","dt",4.15275771390498,2.54451772200364
-0.173224789791185,0.357142394590459,"Generated","test","Dirichlet Tree","dt",4.15275771390498,2.54451772200364
-0.203301571139341,0.213997527942731,"Generated","test","Dirichlet Tree","dt",4.15275771390498,2.54451772200364
0.853918670181554,-0.138166776441636,"Generated","test","Dirichlet Tree","dt",4.15275771390498,2.54451772200364
-0.282910257930507,-0.144791752983692,"Generated","test","Dirichlet Tree","dt",4.15275771390498,2.54451772200364
0.152067598647798,-0.102427374908294,"Generated","test","Dirichlet Tree","dt",4.15275771390498,2.54451772200364
0.452219160581982,0.0414832332162596,"Generated","test","Dirichlet Tree","dt",4.15275771390498,2.54451772200364
-0.26251068735339,0.111319895946445,"Generated","test","Dirichlet Tree","dt",4.15275771390498,2.54451772200364
-0.251991525878932,0.107489065751035,"Generated","test","Dirichlet Tree","dt",4.15275771390498,2.54451772200364
-0.322652754323084,-0.282404104939949,"Generated","test","Dirichlet Tree","dt",4.15275771390498,2.54451772200364
-0.146672221063203,0.0430050642376972,"Generated","test","Dirichlet Tree","dt",4.15275771390498,2.54451772200364
-0.138383920032075,0.30703534250535,"Generated","test","Dirichlet Tree","dt",4.15275771390498,2.54451772200364
-0.180269345513362,0.340004989565597,"Generated","test","Dirichlet Tree","dt",4.15275771390498,2.54451772200364
0.437012367024588,-0.235209968373294,"Generated","test","Dirichlet Tree","dt",4.15275771390498,2.54451772200364
-0.313258139093228,-0.347651323762166,"Generated","test","Dirichlet Tree","dt",4.15275771390498,2.54451772200364
0.326663529112935,-0.155498397944169,"Generated","test","Dirichlet Tree","dt",4.15275771390498,2.54451772200364
0.667732469796756,0.119073858018315,"Generated","test","Dirichlet Tree","dt",4.15275771390498,2.54451772200364
-0.304014585684634,-0.117521537980128,"Generated","test","Dirichlet Tree","dt",4.15275771390498,2.54451772200364
0.913820751519904,-0.0204003387038929,"Generated","test","Dirichlet Tree","dt",4.15275771390498,2.54451772200364
0.448680849550637,0.26700161391181,"Generated","test","Dirichlet Tree","dt",4.15275771390498,2.54451772200364
-0.261517327535302,-0.131387824840319,"Generated","test","Dirichlet Tree","dt",4.15275771390498,2.54451772200364
0.658552448124299,-0.0488255970481765,"Generated","test","Dirichlet Tree","dt",4.15275771390498,2.54451772200364
-0.394468727282782,-0.482908986427648,"Generated","test","Dirichlet Tree","dt",4.15275771390498,2.54451772200364
-0.194637410060142,0.453033459184197,"Generated","test","Dirichlet Tree","dt",4.15275771390498,2.54451772200364
-0.278638664930403,0.0211540078619984,"Generated","test","Dirichlet Tree","dt",4.15275771390498,2.54451772200364
-0.189880398202055,-0.0890520200387354,"Generated","test","Dirichlet Tree","dt",4.15275771390498,2.54451772200364
-0.133347289202138,0.443206566773419,"Generated","test","Dirichlet Tree","dt",4.15275771390498,2.54451772200364
-0.210923182464403,0.508229437542808,"Generated","test","Dirichlet Tree","dt",4.15275771390498,2.54451772200364
-0.177443130021995,0.35306068940694,"Generated","test","Dirichlet Tree","dt",4.15275771390498,2.54451772200364
0.204287268828714,-0.0991336768585319,"Generated","test","Dirichlet Tree","dt",4.15275771390498,2.54451772200364
-0.220675728157009,-0.40438979387582,"Generated","test","Dirichlet Tree","dt",4.15275771390498,2.54451772200364
-0.332131936862621,-0.470758889519552,"Generated","test","Dirichlet Tree","dt",4.15275771390498,2.54451772200364
-0.0974496550862821,0.459376042893654,"Generated","test","Dirichlet Tree","dt",4.15275771390498,2.54451772200364
-0.125787352010693,0.281232487284722,"Generated","test","Dirichlet Tree","dt",4.15275771390498,2.54451772200364
0.488824445990246,-0.0960840243572271,"Generated","test","Dirichlet Tree","dt",4.15275771390498,2.54451772200364
-0.176843329803703,0.561007952799731,"Generated","test","Dirichlet Tree","dt",4.15275771390498,2.54451772200364
-0.0783846285241711,0.325299529886619,"Generated","test","Dirichlet Tree","dt",4.15275771390498,2.54451772200364
0.820623652707909,-0.0666101644214507,"Generated","test","Dirichlet Tree","dt",4.15275771390498,2.54451772200364
0.783683416255885,-0.294189714889876,"Generated","test","Dirichlet Tree","dt",4.15275771390498,2.54451772200364
-0.255260839641008,0.431239208315285,"Generated","test","Dirichlet Tree","dt",4.15275771390498,2.54451772200364
-0.171786507100657,0.451246678002099,"Generated","test","Dirichlet Tree","dt",4.15275771390498,2.54451772200364
-0.178489605414153,-0.644692721331752,"Generated","test","Dirichlet Tree","dt",4.15275771390498,2.54451772200364
-0.0382660276287197,0.0794601650568864,"Generated","test","Dirichlet Tree","dt",4.15275771390498,2.54451772200364
-0.205890758599166,0.241151327351903,"Generated","test","Dirichlet Tree","dt",4.15275771390498,2.54451772200364
-0.216841660559881,-0.0713704340406936,"Generated","test","Dirichlet Tree","dt",4.15275771390498,2.54451772200364
0.577379843579196,-0.21225474983686,"Generated","test","Dirichlet Tree","dt",4.15275771390498,2.54451772200364
-0.181355523812919,0.191051822124656,"Generated","test","Dirichlet Tree","dt",4.15275771390498,2.54451772200364
-0.253224205773017,-0.015553094496298,"Generated","test","Dirichlet Tree","dt",4.15275771390498,2.54451772200364
-0.154244515231611,0.283550109346453,"Generated","test","Dirichlet Tree","dt",4.15275771390498,2.54451772200364
-0.196783889709937,0.0969060592267418,"Generated","test","Dirichlet Tree","dt",4.15275771390498,2.54451772200364
0.252284740530249,0.227652733508224,"Generated","test","Dirichlet Tree","dt",4.15275771390498,2.54451772200364
-0.292711177515464,-0.171171398529459,"Generated","test","Dirichlet Tree","dt",4.15275771390498,2.54451772200364
-0.241239317403821,0.0720202628877832,"Generated","test","Dirichlet Tree","dt",4.15275771390498,2.54451772200364
-0.273758219921358,-0.607494363754858,"Generated","test","Dirichlet Tree","dt",4.15275771390498,2.54451772200364
-0.159534528966019,0.408884069487405,"Generated","test","Dirichlet Tree","dt",4.15275771390498,2.54451772200364
0.453682153666806,-0.185984209401253,"Generated","test","Dirichlet Tree","dt",4.15275771390498,2.54451772200364
-0.06119968722921,0.391261950024515,"Generated","test","Dirichlet Tree","dt",4.15275771390498,2.54451772200364
0.790178598438377,-0.0687364701480145,"Generated","test","Dirichlet Tree","dt",4.15275771390498,2.54451772200364
-0.18455276179682,0.498619659769306,"Generated","test","Dirichlet Tree","dt",4.15275771390498,2.54451772200364
0.246803651379303,-0.553054920819566,"Generated","test","Dirichlet Tree","dt",4.15275771390498,2.54451772200364
-0.120268244682883,0.202239209801643,"Generated","test","Dirichlet Tree","dt",4.15275771390498,2.54451772200364
0.0208094149457331,-0.457403144624755,"Generated","test","Dirichlet Tree","dt",4.15275771390498,2.54451772200364
-0.123675670272304,-0.120267876992427,"Generated","test","Dirichlet Tree","dt",4.15275771390498,2.54451772200364
-0.117761638118546,0.42364561370646,"Generated","test","Dirichlet Tree","dt",4.15275771390498,2.54451772200364
-0.124707009275693,-0.322538976954641,"Generated","test","Dirichlet Tree","dt",4.15275771390498,2.54451772200364
-0.206859865245686,0.0111024508811347,"Generated","test","Dirichlet Tree","dt",4.15275771390498,2.54451772200364
0.741749127940118,-0.00893161052438103,"Generated","test","Dirichlet Tree","dt",4.15275771390498,2.54451772200364
-0.252768238564131,-0.135554557927444,"Generated","test","Dirichlet Tree","dt",4.15275771390498,2.54451772200364
-0.337870801388481,-0.0636610535011041,"Generated","test","Dirichlet Tree","dt",4.15275771390498,2.54451772200364
-0.234239111592944,-0.0144563480958952,"Generated","test","Dirichlet Tree","dt",4.15275771390498,2.54451772200364
0.480759264537631,0.116966936945861,"Generated","test","Dirichlet Tree","dt",4.15275771390498,2.54451772200364
0.283945411640685,-0.351859747531959,"Generated","test","Dirichlet Tree","dt",4.15275771390498,2.54451772200364
0.116502014181627,-0.163684051320735,"Generated","test","Dirichlet Tree","dt",4.15275771390498,2.54451772200364
-0.336185161531812,-0.51575841153144,"Generated","test","Dirichlet Tree","dt",4.15275771390498,2.54451772200364
0.787106417548675,0.107979402986586,"Generated","test","Dirichlet Tree","dt",4.15275771390498,2.54451772200364
-0.309294840464757,-0.27866600083051,"Generated","test","Dirichlet Tree","dt",4.15275771390498,2.54451772200364
-0.190522047177536,0.166474302330615,"Generated","test","Dirichlet Tree","dt",4.15275771390498,2.54451772200364
-0.306215512509394,-0.228646529092607,"Generated","test","Dirichlet Tree","dt",4.15275771390498,2.54451772200364
-0.245866881536223,0.0107948355690848,"Generated","test","Dirichlet Tree","dt",4.15275771390498,2.54451772200364
0.468712230362289,-0.0167691056765154,"Generated","test","Dirichlet Tree","dt",4.15275771390498,2.54451772200364
-0.245565286203538,-0.262327476373648,"Generated","test","Dirichlet Tree","dt",4.15275771390498,2.54451772200364
-0.339299188296591,-0.250447564360262,"Generated","test","Dirichlet Tree","dt",4.15275771390498,2.54451772200364
-0.218455091625129,0.367533939761816,"Generated","test","Dirichlet Tree","dt",4.15275771390498,2.54451772200364
-0.15563441800217,0.296039163130537,"Generated","test","Dirichlet Tree","dt",4.15275771390498,2.54451772200364
-0.181463621510571,0.20817432814948,"Generated","test","Dirichlet Tree","dt",4.15275771390498,2.54451772200364
0.100052092089732,-0.366728968318141,"Generated","test","Dirichlet Tree","dt",4.15275771390498,2.54451772200364
0.756223056064849,0.00694163460520467,"Generated","test","Dirichlet Tree","dt",4.15275771390498,2.54451772200364
-0.375182577793953,-0.432553352668819,"Generated","test","Dirichlet Tree","dt",4.15275771390498,2.54451772200364
-0.148186469833122,0.396895056976017,"Generated","test","Dirichlet Tree","dt",4.15275771390498,2.54451772200364
-0.301190813507582,-0.228823212305964,"Generated","test","Dirichlet Tree","dt",4.15275771390498,2.54451772200364
-0.3657698485885,-0.506401415416081,"Generated","test","Dirichlet Tree","dt",4.15275771390498,2.54451772200364
-0.183474144064351,0.266045217119717,"Generated","test","Dirichlet Tree","dt",4.15275771390498,2.54451772200364
-0.31780151442335,-0.302519532033877,"Generated","test","Dirichlet Tree","dt",4.15275771390498,2.54451772200364
-0.320184193234254,0.0280658394787617,"Generated","test","Dirichlet Tree","dt",4.15275771390498,2.54451772200364
0.814768318835039,0.0188676250686831,"Generated","test","Dirichlet Tree","dt",4.15275771390498,2.54451772200364
0.77019285725042,0.107171071543926,"Generated","test","Dirichlet Tree","dt",4.15275771390498,2.54451772200364
-0.124211253972845,0.28725874712391,"Generated","test","Dirichlet Tree","dt",4.15275771390498,2.54451772200364
-0.171987078157486,-0.0205351233337651,"Generated","test","Dirichlet Tree","dt",4.15275771390498,2.54451772200364
0.958347807761821,0.068851980356045,"Generated","test","Dirichlet Tree","dt",4.15275771390498,2.54451772200364
0.813823308418972,-0.0362658203151738,"Generated","test","Dirichlet Tree","dt",4.15275771390498,2.54451772200364
0.147783018229875,0.00525177000285198,"Generated","test","Dirichlet Tree","dt",4.15275771390498,2.54451772200364
0.442357358817112,0.10311194998051,"Generated","test","Dirichlet Tree","dt",4.15275771390498,2.54451772200364
-0.202817894721142,0.0109771151604229,"Generated","test","Dirichlet Tree","dt",4.15275771390498,2.54451772200364
0.87057146443715,0.0885129354973798,"Generated","test","Dirichlet Tree","dt",4.15275771390498,2.54451772200364
0.787420791446421,-0.0492222636893356,"Generated","test","Dirichlet Tree","dt",4.15275771390498,2.54451772200364
-0.394880279084732,-0.602420238838136,"Generated","test","Dirichlet Tree","dt",4.15275771390498,2.54451772200364
-0.144066349263673,0.387141368119236,"Generated","test","Dirichlet Tree","dt",4.15275771390498,2.54451772200364
-0.4108295561896,-0.605969113934406,"Generated","test","Dirichlet Tree","dt",4.15275771390498,2.54451772200364
0.652740024950291,-0.253715410735904,"Generated","test","Dirichlet Tree","dt",4.15275771390498,2.54451772200364
-0.171384792841553,0.259148981682813,"Generated","test","Dirichlet Tree","dt",4.15275771390498,2.54451772200364
-0.129134011453764,-0.479102802790686,"Generated","test","Dirichlet Tree","dt",4.15275771390498,2.54451772200364
-0.288212398936326,-0.285994339353715,"Generated","test","Dirichlet Tree","dt",4.15275771390498,2.54451772200364
-0.269996943607587,-0.0335166118126226,"Generated","test","Dirichlet Tree","dt",4.15275771390498,2.54451772200364
-0.0982889931225388,0.347830733251177,"Generated","test","Dirichlet Tree","dt",4.15275771390498,2.54451772200364
-0.160007420807401,-0.561573142440165,"Generated","test","Dirichlet Tree","dt",4.15275771390498,2.54451772200364
-0.261777798545824,-0.0830998026134286,"Generated","test","Dirichlet Tree","dt",4.15275771390498,2.54451772200364
-0.223494215207514,0.0151350274478731,"Generated","test","Dirichlet Tree","dt",4.15275771390498,2.54451772200364
-0.115059344500126,0.267671878304635,"Generated","test","Dirichlet Tree","dt",4.15275771390498,2.54451772200364
0.704699943520487,0.0860909771729481,"Generated","test","Dirichlet Tree","dt",4.15275771390498,2.54451772200364
-0.227530584224865,-0.388497114368101,"Generated","test","Dirichlet Tree","dt",4.15275771390498,2.54451772200364
-0.0298110176173303,-0.129020457096641,"Generated","test","Dirichlet Tree","dt",4.15275771390498,2.54451772200364
-0.19279373130178,0.286529233361388,"Generated","test","Dirichlet Tree","dt",4.15275771390498,2.54451772200364
-0.186407887807618,0.307548355777961,"Generated","test","Dirichlet Tree","dt",4.15275771390498,2.54451772200364
-0.213950666544445,0.22268366866475,"Generated","test","Dirichlet Tree","dt",4.15275771390498,2.54451772200364
-0.404648430980372,-0.597438948592437,"Generated","test","Dirichlet Tree","dt",4.15275771390498,2.54451772200364
-0.259144122362843,-0.0336138824372925,"Generated","test","Dirichlet Tree","dt",4.15275771390498,2.54451772200364
0.7661381678025,-0.0470381334480163,"Generated","test","Dirichlet Tree","dt",4.15275771390498,2.54451772200364
-0.169376784758466,0.230690216450782,"Generated","test","Dirichlet Tree","dt",4.15275771390498,2.54451772200364
-0.19474325250219,0.612654515495953,"Generated","test","Dirichlet Tree","dt",4.15275771390498,2.54451772200364
-0.25887885434427,-0.0590828454452126,"Generated","test","Dirichlet Tree","dt",4.15275771390498,2.54451772200364
0.000699006317653308,0.342214907069684,"Generated","test","Dirichlet Tree","dt",4.15275771390498,2.54451772200364
-0.179231623212464,0.273094033740309,"Generated","test","Dirichlet Tree","dt",4.15275771390498,2.54451772200364
0.0859758695056271,0.0107078877466688,"Generated","test","Dirichlet Tree","dt",4.15275771390498,2.54451772200364
-0.251928262419862,0.325688098274594,"Generated","test","Dirichlet Tree","dt",4.15275771390498,2.54451772200364
0.582501104446807,0.0116243875400979,"Generated","test","Dirichlet Tree","dt",4.15275771390498,2.54451772200364
-0.310382038456191,-0.185541054144178,"Generated","test","Dirichlet Tree","dt",4.15275771390498,2.54451772200364
-0.356919924878825,-0.437384177118837,"Generated","test","Dirichlet Tree","dt",4.15275771390498,2.54451772200364
-0.22802580872371,0.400570943900452,"Generated","test","Dirichlet Tree","dt",4.15275771390498,2.54451772200364
0.625936723899827,-0.0223636805242189,"Generated","test","Dirichlet Tree","dt",4.15275771390498,2.54451772200364
-0.244767931084561,0.272809083144392,"Generated","test","Dirichlet Tree","dt",4.15275771390498,2.54451772200364
-0.1234441735661,0.395141672068888,"Generated","test","Dirichlet Tree","dt",4.15275771390498,2.54451772200364
-0.205878014371969,-0.0935102133090615,"Generated","test","Dirichlet Tree","dt",4.15275771390498,2.54451772200364
-0.150622650006248,0.441038181129611,"Generated","test","Dirichlet Tree","dt",4.15275771390498,2.54451772200364
-0.391333182217306,-0.583049083937922,"Generated","test","Dirichlet Tree","dt",4.15275771390498,2.54451772200364
-0.273471550082303,-0.0953199060009472,"Generated","test","Dirichlet Tree","dt",4.15275771390498,2.54451772200364
-0.180821668526932,0.236527411627914,"Generated","test","Dirichlet Tree","dt",4.15275771390498,2.54451772200364
-0.341653600897063,-0.460077472889087,"Generated","test","Dirichlet Tree","dt",4.15275771390498,2.54451772200364
0.810853746649156,0.0611762207869931,"Real","test","ICFM","icfm",4.24660832586858,2.72610625630556
-0.343680852469112,0.531918676777477,"Real","test","ICFM","icfm",4.24660832586858,2.72610625630556
-0.323984443434428,-0.486102241333177,"Real","test","ICFM","icfm",4.24660832586858,2.72610625630556
0.382356745669136,-0.281184113189866,"Real","test","ICFM","icfm",4.24660832586858,2.72610625630556
-0.264567266407297,0.0101795267759108,"Real","test","ICFM","icfm",4.24660832586858,2.72610625630556
0.918180816349514,0.44349841396057,"Real","test","ICFM","icfm",4.24660832586858,2.72610625630556
-0.2444380558855,-0.116843558411341,"Real","test","ICFM","icfm",4.24660832586858,2.72610625630556
0.119650801168615,-0.2263077642392,"Real","test","ICFM","icfm",4.24660832586858,2.72610625630556
-0.224569652270979,-0.24895994246164,"Real","test","ICFM","icfm",4.24660832586858,2.72610625630556
-0.373470224657738,-0.190760182905537,"Real","test","ICFM","icfm",4.24660832586858,2.72610625630556
-0.388173393803737,-0.69567858729826,"Real","test","ICFM","icfm",4.24660832586858,2.72610625630556
0.189874006132213,-0.349841644701235,"Real","test","ICFM","icfm",4.24660832586858,2.72610625630556
-0.463774292149538,0.452410684561462,"Real","test","ICFM","icfm",4.24660832586858,2.72610625630556
0.314210307675096,0.286696081070699,"Real","test","ICFM","icfm",4.24660832586858,2.72610625630556
0.491006458252758,-0.427688592725912,"Real","test","ICFM","icfm",4.24660832586858,2.72610625630556
-0.25890519396816,-0.0434185320673837,"Real","test","ICFM","icfm",4.24660832586858,2.72610625630556
-0.203971410384799,-0.00430639050522536,"Real","test","ICFM","icfm",4.24660832586858,2.72610625630556
-0.17288381124514,-0.0613488517732199,"Real","test","ICFM","icfm",4.24660832586858,2.72610625630556
-0.281478070368996,0.20798602870906,"Real","test","ICFM","icfm",4.24660832586858,2.72610625630556
-0.633859401128444,0.197543763505066,"Real","test","ICFM","icfm",4.24660832586858,2.72610625630556
-0.079112437746353,-0.69405821985965,"Real","test","ICFM","icfm",4.24660832586858,2.72610625630556
0.571837292368682,0.129014250667757,"Real","test","ICFM","icfm",4.24660832586858,2.72610625630556
0.55213916777899,0.221922232137396,"Real","test","ICFM","icfm",4.24660832586858,2.72610625630556
-0.324553011481493,0.241813702629141,"Real","test","ICFM","icfm",4.24660832586858,2.72610625630556
0.955367601005959,0.0866957151118401,"Real","test","ICFM","icfm",4.24660832586858,2.72610625630556
0.435548247781022,-0.319922064237634,"Real","test","ICFM","icfm",4.24660832586858,2.72610625630556
-0.0423905691267248,-0.159570989296484,"Real","test","ICFM","icfm",4.24660832586858,2.72610625630556
-0.326875717190437,-0.188754497756064,"Real","test","ICFM","icfm",4.24660832586858,2.72610625630556
-0.20960299830356,-0.231245202254398,"Real","test","ICFM","icfm",4.24660832586858,2.72610625630556
-0.221900597955933,-0.241773737123165,"Real","test","ICFM","icfm",4.24660832586858,2.72610625630556
0.294271016618224,0.063411119618946,"Real","test","ICFM","icfm",4.24660832586858,2.72610625630556
0.707602556870355,0.351157807850878,"Real","test","ICFM","icfm",4.24660832586858,2.72610625630556
0.00246878867139455,0.0331087049618004,"Real","test","ICFM","icfm",4.24660832586858,2.72610625630556
-0.307541468645642,-0.589111053214791,"Real","test","ICFM","icfm",4.24660832586858,2.72610625630556
-0.219380434471324,0.331058395319849,"Real","test","ICFM","icfm",4.24660832586858,2.72610625630556
0.354298558393379,0.0414250742135189,"Real","test","ICFM","icfm",4.24660832586858,2.72610625630556
0.219274235754226,0.0450388768133256,"Real","test","ICFM","icfm",4.24660832586858,2.72610625630556
-0.37065517395596,-0.628171896915836,"Real","test","ICFM","icfm",4.24660832586858,2.72610625630556
0.196867654937843,-0.400814129640829,"Real","test","ICFM","icfm",4.24660832586858,2.72610625630556
-0.355218587276619,0.454641580664832,"Real","test","ICFM","icfm",4.24660832586858,2.72610625630556
-0.0162999951135281,-0.0511367996943491,"Real","test","ICFM","icfm",4.24660832586858,2.72610625630556
-0.25921532641813,-0.399913045998961,"Real","test","ICFM","icfm",4.24660832586858,2.72610625630556
-0.301985306318673,0.163674226699417,"Real","test","ICFM","icfm",4.24660832586858,2.72610625630556
0.214731777064217,-0.253136900103915,"Real","test","ICFM","icfm",4.24660832586858,2.72610625630556
0.492009907948332,0.277766736552881,"Real","test","ICFM","icfm",4.24660832586858,2.72610625630556
-0.140874801565532,-0.0767916015414304,"Real","test","ICFM","icfm",4.24660832586858,2.72610625630556
-0.111268340060276,0.220055821050836,"Real","test","ICFM","icfm",4.24660832586858,2.72610625630556
-0.385945374266006,-0.437370155718208,"Real","test","ICFM","icfm",4.24660832586858,2.72610625630556
-0.430248325662515,0.507819724169068,"Real","test","ICFM","icfm",4.24660832586858,2.72610625630556
-0.0706495303699139,-0.229548158704611,"Real","test","ICFM","icfm",4.24660832586858,2.72610625630556
-0.542367828626197,0.503821523399141,"Real","test","ICFM","icfm",4.24660832586858,2.72610625630556
0.306392035603075,-0.137028988308819,"Real","test","ICFM","icfm",4.24660832586858,2.72610625630556
-0.41738936783205,0.572563700590606,"Real","test","ICFM","icfm",4.24660832586858,2.72610625630556
0.520896178678343,0.252992411660007,"Real","test","ICFM","icfm",4.24660832586858,2.72610625630556
-0.431007120330544,0.157283770681255,"Real","test","ICFM","icfm",4.24660832586858,2.72610625630556
0.49837731620773,-0.196735496449799,"Real","test","ICFM","icfm",4.24660832586858,2.72610625630556
-0.420753407719205,-0.0826019632924264,"Real","test","ICFM","icfm",4.24660832586858,2.72610625630556
0.158541370996272,0.18701213757555,"Real","test","ICFM","icfm",4.24660832586858,2.72610625630556
0.1305576516462,0.186542532283716,"Real","test","ICFM","icfm",4.24660832586858,2.72610625630556
-0.382605451335523,0.0652867909766867,"Real","test","ICFM","icfm",4.24660832586858,2.72610625630556
-0.335310442782112,-0.290725819747957,"Real","test","ICFM","icfm",4.24660832586858,2.72610625630556
0.725399974849742,0.147525221565515,"Real","test","ICFM","icfm",4.24660832586858,2.72610625630556
-0.150597459022221,0.0289544133691482,"Real","test","ICFM","icfm",4.24660832586858,2.72610625630556
0.0700400115889275,-0.0558101350277373,"Real","test","ICFM","icfm",4.24660832586858,2.72610625630556
0.110325676029375,-0.300627162579013,"Real","test","ICFM","icfm",4.24660832586858,2.72610625630556
-0.0317160778420714,0.0417786611283272,"Real","test","ICFM","icfm",4.24660832586858,2.72610625630556
-0.054891930396885,0.0617027107050135,"Real","test","ICFM","icfm",4.24660832586858,2.72610625630556
0.42907263756847,-0.0503880735956106,"Real","test","ICFM","icfm",4.24660832586858,2.72610625630556
-0.34056636445767,0.469712533434412,"Real","test","ICFM","icfm",4.24660832586858,2.72610625630556
-0.100535786919034,0.337521170883073,"Real","test","ICFM","icfm",4.24660832586858,2.72610625630556
-0.242946275876966,-0.0224807993182092,"Real","test","ICFM","icfm",4.24660832586858,2.72610625630556
-0.204112961429476,-0.498459895348295,"Real","test","ICFM","icfm",4.24660832586858,2.72610625630556
-0.324033372290311,0.357912735884975,"Real","test","ICFM","icfm",4.24660832586858,2.72610625630556
-0.567619001146437,0.629556505499548,"Real","test","ICFM","icfm",4.24660832586858,2.72610625630556
0.512023352930291,0.0338248926520782,"Real","test","ICFM","icfm",4.24660832586858,2.72610625630556
-0.24387057069586,-0.696213423391759,"Real","test","ICFM","icfm",4.24660832586858,2.72610625630556
-0.144657311496386,0.315111885001134,"Real","test","ICFM","icfm",4.24660832586858,2.72610625630556
-0.42615171488714,0.23953908864147,"Real","test","ICFM","icfm",4.24660832586858,2.72610625630556
0.140573870667852,-0.252428680499143,"Real","test","ICFM","icfm",4.24660832586858,2.72610625630556
0.103219715039885,0.19625248675279,"Real","test","ICFM","icfm",4.24660832586858,2.72610625630556
0.768535919637745,0.280490877342088,"Real","test","ICFM","icfm",4.24660832586858,2.72610625630556
-0.286110470418593,0.52152640976578,"Real","test","ICFM","icfm",4.24660832586858,2.72610625630556
-0.346079017955569,0.181643646937363,"Real","test","ICFM","icfm",4.24660832586858,2.72610625630556
0.243007155921054,-0.59969170424728,"Real","test","ICFM","icfm",4.24660832586858,2.72610625630556
-0.192230181151952,-0.809372024165955,"Real","test","ICFM","icfm",4.24660832586858,2.72610625630556
0.671448384664798,-0.527137550368301,"Real","test","ICFM","icfm",4.24660832586858,2.72610625630556
-0.275771397537199,0.156010021383044,"Real","test","ICFM","icfm",4.24660832586858,2.72610625630556
0.360778622954349,-0.145477702293035,"Real","test","ICFM","icfm",4.24660832586858,2.72610625630556
-0.387383692590905,0.195818142529093,"Real","test","ICFM","icfm",4.24660832586858,2.72610625630556
-0.304231796623707,-0.549082247618088,"Real","test","ICFM","icfm",4.24660832586858,2.72610625630556
-0.320150919505493,0.560425479899268,"Real","test","ICFM","icfm",4.24660832586858,2.72610625630556
-0.0849903746847891,-0.647132200750672,"Real","test","ICFM","icfm",4.24660832586858,2.72610625630556
-0.338220952157446,-0.453107974937399,"Real","test","ICFM","icfm",4.24660832586858,2.72610625630556
-0.381039591569495,0.248724936186766,"Real","test","ICFM","icfm",4.24660832586858,2.72610625630556
-0.401214548787863,0.214025638797235,"Real","test","ICFM","icfm",4.24660832586858,2.72610625630556
-0.336890488114282,-0.0716002431706035,"Real","test","ICFM","icfm",4.24660832586858,2.72610625630556
0.425601822930929,-0.185593148586902,"Real","test","ICFM","icfm",4.24660832586858,2.72610625630556
-0.315949937753446,0.183412645273794,"Real","test","ICFM","icfm",4.24660832586858,2.72610625630556
0.63790856832544,0.280327603128755,"Real","test","ICFM","icfm",4.24660832586858,2.72610625630556
-0.444313677327891,-0.183942351253864,"Real","test","ICFM","icfm",4.24660832586858,2.72610625630556
0.115571208983646,0.412394979557576,"Real","test","ICFM","icfm",4.24660832586858,2.72610625630556
-0.348924359119614,0.311588581298109,"Real","test","ICFM","icfm",4.24660832586858,2.72610625630556
-0.247707601104756,-0.0542717308334127,"Real","test","ICFM","icfm",4.24660832586858,2.72610625630556
0.0951061058350761,-0.275563299556861,"Real","test","ICFM","icfm",4.24660832586858,2.72610625630556
-0.335533704274735,0.169855956035843,"Real","test","ICFM","icfm",4.24660832586858,2.72610625630556
0.255314907371778,0.269186452130023,"Real","test","ICFM","icfm",4.24660832586858,2.72610625630556
-0.21693525002787,-0.718239180999619,"Real","test","ICFM","icfm",4.24660832586858,2.72610625630556
0.879045038996608,0.41778986929674,"Real","test","ICFM","icfm",4.24660832586858,2.72610625630556
0.378180502613398,-0.213138734878759,"Real","test","ICFM","icfm",4.24660832586858,2.72610625630556
0.197463911880736,0.037364664362062,"Real","test","ICFM","icfm",4.24660832586858,2.72610625630556
-0.14029823696619,-0.607608025506498,"Real","test","ICFM","icfm",4.24660832586858,2.72610625630556
0.301241470620425,-0.078757138963807,"Real","test","ICFM","icfm",4.24660832586858,2.72610625630556
-0.207015328675773,-0.26779603997706,"Real","test","ICFM","icfm",4.24660832586858,2.72610625630556
-0.287836219905175,0.214575443365535,"Real","test","ICFM","icfm",4.24660832586858,2.72610625630556
-0.433734285734211,0.0121724772560739,"Real","test","ICFM","icfm",4.24660832586858,2.72610625630556
-0.113400522825977,0.197796698175391,"Real","test","ICFM","icfm",4.24660832586858,2.72610625630556
1.01244920193146,-0.265469087353145,"Real","test","ICFM","icfm",4.24660832586858,2.72610625630556
-0.199342035054345,0.398036137961763,"Real","test","ICFM","icfm",4.24660832586858,2.72610625630556
-0.448918938627278,0.348987172879488,"Real","test","ICFM","icfm",4.24660832586858,2.72610625630556
-0.0865745699124468,-0.674037815550748,"Real","test","ICFM","icfm",4.24660832586858,2.72610625630556
-0.138467437066382,0.490375657747552,"Real","test","ICFM","icfm",4.24660832586858,2.72610625630556
-0.00820541943515896,-0.761001432731222,"Real","test","ICFM","icfm",4.24660832586858,2.72610625630556
-0.518609803703038,0.628474123395821,"Real","test","ICFM","icfm",4.24660832586858,2.72610625630556
0.421802586975028,0.328306703503684,"Real","test","ICFM","icfm",4.24660832586858,2.72610625630556
-0.293945219411367,0.147280756179534,"Real","test","ICFM","icfm",4.24660832586858,2.72610625630556
0.103780514717496,-0.229003509891613,"Real","test","ICFM","icfm",4.24660832586858,2.72610625630556
0.235127927108483,0.00950184522993801,"Real","test","ICFM","icfm",4.24660832586858,2.72610625630556
-0.169653147328013,-0.692363291411836,"Real","test","ICFM","icfm",4.24660832586858,2.72610625630556
0.580204640988029,0.0623110263154174,"Real","test","ICFM","icfm",4.24660832586858,2.72610625630556
0.0310199983709404,0.42015387333913,"Real","test","ICFM","icfm",4.24660832586858,2.72610625630556
0.621238979191451,0.259325453986809,"Real","test","ICFM","icfm",4.24660832586858,2.72610625630556
0.726447702738952,0.209952685069179,"Real","test","ICFM","icfm",4.24660832586858,2.72610625630556
0.0922839816678792,-0.450354922539857,"Real","test","ICFM","icfm",4.24660832586858,2.72610625630556
-0.125722166704957,0.0627153377027369,"Real","test","ICFM","icfm",4.24660832586858,2.72610625630556
-0.338048186609303,-0.501714519164799,"Real","test","ICFM","icfm",4.24660832586858,2.72610625630556
0.0294754102996223,0.354887847423872,"Real","test","ICFM","icfm",4.24660832586858,2.72610625630556
0.056674446314436,-0.40318448889188,"Real","test","ICFM","icfm",4.24660832586858,2.72610625630556
-0.483301748021707,0.374491307039945,"Real","test","ICFM","icfm",4.24660832586858,2.72610625630556
0.625998181620058,0.264144488328501,"Real","test","ICFM","icfm",4.24660832586858,2.72610625630556
0.0348108547464572,-0.307174328575364,"Real","test","ICFM","icfm",4.24660832586858,2.72610625630556
-0.349663586314727,-0.467925724503023,"Real","test","ICFM","icfm",4.24660832586858,2.72610625630556
-0.13513067704783,-0.72646122595916,"Real","test","ICFM","icfm",4.24660832586858,2.72610625630556
0.242493107926836,0.205373982735437,"Real","test","ICFM","icfm",4.24660832586858,2.72610625630556
-0.539176803622308,0.553941409680244,"Real","test","ICFM","icfm",4.24660832586858,2.72610625630556
0.545764440983331,-0.140847270400162,"Real","test","ICFM","icfm",4.24660832586858,2.72610625630556
0.509248077008174,-0.0979480715874493,"Real","test","ICFM","icfm",4.24660832586858,2.72610625630556
0.566858951529327,-0.0674822230743766,"Real","test","ICFM","icfm",4.24660832586858,2.72610625630556
0.677050128979369,-0.0359429748923704,"Real","test","ICFM","icfm",4.24660832586858,2.72610625630556
0.105704496810063,0.331799620311572,"Real","test","ICFM","icfm",4.24660832586858,2.72610625630556
-0.529962864664027,0.472573609565263,"Real","test","ICFM","icfm",4.24660832586858,2.72610625630556
-0.318185038738645,-0.532173912891675,"Real","test","ICFM","icfm",4.24660832586858,2.72610625630556
0.720783025493339,-0.267641608991838,"Real","test","ICFM","icfm",4.24660832586858,2.72610625630556
-0.26619549597939,-0.0972413885488772,"Real","test","ICFM","icfm",4.24660832586858,2.72610625630556
-0.451849724090669,0.431723493391117,"Real","test","ICFM","icfm",4.24660832586858,2.72610625630556
-0.223176679488902,0.191149077893986,"Real","test","ICFM","icfm",4.24660832586858,2.72610625630556
0.718860735907617,0.3687909355609,"Real","test","ICFM","icfm",4.24660832586858,2.72610625630556
0.347040982549485,-0.498651454907853,"Real","test","ICFM","icfm",4.24660832586858,2.72610625630556
0.00703725262681179,-0.657708958387598,"Real","test","ICFM","icfm",4.24660832586858,2.72610625630556
-0.361179418467945,-0.0819619180479786,"Real","test","ICFM","icfm",4.24660832586858,2.72610625630556
0.441055282044504,-0.348970000475881,"Real","test","ICFM","icfm",4.24660832586858,2.72610625630556
-0.00752995105940069,0.436765827873033,"Real","test","ICFM","icfm",4.24660832586858,2.72610625630556
-0.0827898096851109,-0.0664589162701665,"Real","test","ICFM","icfm",4.24660832586858,2.72610625630556
0.520476085434301,-0.291117133784329,"Real","test","ICFM","icfm",4.24660832586858,2.72610625630556
-0.384076579612705,-0.311845374850397,"Real","test","ICFM","icfm",4.24660832586858,2.72610625630556
0.754363115027837,0.338015880743626,"Real","test","ICFM","icfm",4.24660832586858,2.72610625630556
0.582211408091157,-0.0249539266984772,"Real","test","ICFM","icfm",4.24660832586858,2.72610625630556
0.277575690807329,-0.0913627194869723,"Real","test","ICFM","icfm",4.24660832586858,2.72610625630556
-0.360126521215191,0.403543215020842,"Real","test","ICFM","icfm",4.24660832586858,2.72610625630556
0.442695321886168,-0.542747113023354,"Real","test","ICFM","icfm",4.24660832586858,2.72610625630556
0.596054835177752,-0.113400425251244,"Real","test","ICFM","icfm",4.24660832586858,2.72610625630556
-0.34670406119541,0.418416124976558,"Real","test","ICFM","icfm",4.24660832586858,2.72610625630556
0.358513224730393,-0.153532876281258,"Real","test","ICFM","icfm",4.24660832586858,2.72610625630556
0.719842222489448,0.40186032253571,"Real","test","ICFM","icfm",4.24660832586858,2.72610625630556
-0.186958682699558,0.173366799313902,"Real","test","ICFM","icfm",4.24660832586858,2.72610625630556
-0.497719945879004,-0.155525763648718,"Real","test","ICFM","icfm",4.24660832586858,2.72610625630556
-0.327475375102019,-0.229339331211568,"Real","test","ICFM","icfm",4.24660832586858,2.72610625630556
-0.325426239330084,-0.624444626261245,"Real","test","ICFM","icfm",4.24660832586858,2.72610625630556
0.111948972907279,-0.0384540906710877,"Real","test","ICFM","icfm",4.24660832586858,2.72610625630556
-0.473995625424828,0.463219000516098,"Real","test","ICFM","icfm",4.24660832586858,2.72610625630556
-0.292297053713133,-0.694429897297145,"Real","test","ICFM","icfm",4.24660832586858,2.72610625630556
0.110015969064773,0.479973304134668,"Real","test","ICFM","icfm",4.24660832586858,2.72610625630556
-0.015762141925117,0.228076620986677,"Real","test","ICFM","icfm",4.24660832586858,2.72610625630556
-0.291611639443234,0.134465658695584,"Real","test","ICFM","icfm",4.24660832586858,2.72610625630556
-0.380276581322911,-0.217375894192582,"Real","test","ICFM","icfm",4.24660832586858,2.72610625630556
-0.386669979206103,0.202548761276974,"Real","test","ICFM","icfm",4.24660832586858,2.72610625630556
0.0566322189927789,-0.7195068008729,"Real","test","ICFM","icfm",4.24660832586858,2.72610625630556
-0.10149827743215,0.0841396781429519,"Real","test","ICFM","icfm",4.24660832586858,2.72610625630556
-0.294990704601295,0.149089895020866,"Real","test","ICFM","icfm",4.24660832586858,2.72610625630556
0.242134916748389,-0.0453755644899434,"Real","test","ICFM","icfm",4.24660832586858,2.72610625630556
-0.255859018765139,0.406176342480144,"Real","test","ICFM","icfm",4.24660832586858,2.72610625630556
-0.545102138964112,0.544074081409172,"Real","test","ICFM","icfm",4.24660832586858,2.72610625630556
-0.162942553431582,-0.318163943160617,"Real","test","ICFM","icfm",4.24660832586858,2.72610625630556
-0.296824038323566,0.14030729291015,"Real","test","ICFM","icfm",4.24660832586858,2.72610625630556
-0.398411216608423,0.423597789519438,"Real","test","ICFM","icfm",4.24660832586858,2.72610625630556
-0.100089424633267,0.415969740883224,"Real","test","ICFM","icfm",4.24660832586858,2.72610625630556
-0.139637115941461,-0.689303255753261,"Real","test","ICFM","icfm",4.24660832586858,2.72610625630556
0.539317378124484,-0.0884902291901521,"Real","test","ICFM","icfm",4.24660832586858,2.72610625630556
-0.295539058585422,-0.0476071245954623,"Real","test","ICFM","icfm",4.24660832586858,2.72610625630556
-0.302892931132312,0.0695331509479527,"Real","test","ICFM","icfm",4.24660832586858,2.72610625630556
-0.0801732480373819,-0.77361440008632,"Real","test","ICFM","icfm",4.24660832586858,2.72610625630556
-0.173808722206714,-0.46238036165999,"Real","test","ICFM","icfm",4.24660832586858,2.72610625630556
-0.052356713860798,-0.188187042200502,"Real","test","ICFM","icfm",4.24660832586858,2.72610625630556
-0.412810656214925,0.167751195350684,"Real","test","ICFM","icfm",4.24660832586858,2.72610625630556
0.546370975703951,0.0819872042051574,"Real","test","ICFM","icfm",4.24660832586858,2.72610625630556
-0.390313019196645,-0.0740646587566512,"Real","test","ICFM","icfm",4.24660832586858,2.72610625630556
-0.075698436872262,0.472495673469945,"Real","test","ICFM","icfm",4.24660832586858,2.72610625630556
0.511843979715987,0.392506436361272,"Real","test","ICFM","icfm",4.24660832586858,2.72610625630556
-0.318772629707034,-0.102496922582329,"Real","test","ICFM","icfm",4.24660832586858,2.72610625630556
-0.337348925044728,0.255820160352121,"Real","test","ICFM","icfm",4.24660832586858,2.72610625630556
-0.387762576991923,0.202293571281183,"Real","test","ICFM","icfm",4.24660832586858,2.72610625630556
0.16366749282491,-0.138320745928575,"Real","test","ICFM","icfm",4.24660832586858,2.72610625630556
-0.290994550421555,0.291315341845142,"Real","test","ICFM","icfm",4.24660832586858,2.72610625630556
0.429187315071069,-0.409486433803509,"Real","test","ICFM","icfm",4.24660832586858,2.72610625630556
-0.212547232351688,-0.717332926240789,"Real","test","ICFM","icfm",4.24660832586858,2.72610625630556
0.61380359271248,-0.172110657796978,"Real","test","ICFM","icfm",4.24660832586858,2.72610625630556
0.431269954573259,0.0853015154035383,"Real","test","ICFM","icfm",4.24660832586858,2.72610625630556
-0.326760159612216,-0.284661442965018,"Real","test","ICFM","icfm",4.24660832586858,2.72610625630556
-0.211435827173979,-0.232531909992067,"Real","test","ICFM","icfm",4.24660832586858,2.72610625630556
0.109228012107671,-0.166760422955658,"Real","test","ICFM","icfm",4.24660832586858,2.72610625630556
-0.312936785381652,-0.235008713396777,"Real","test","ICFM","icfm",4.24660832586858,2.72610625630556
0.525889337914496,0.0731179497010044,"Real","test","ICFM","icfm",4.24660832586858,2.72610625630556
-0.417472647466783,0.535101659206772,"Real","test","ICFM","icfm",4.24660832586858,2.72610625630556
0.484591009536632,0.236308353939583,"Real","test","ICFM","icfm",4.24660832586858,2.72610625630556
-0.345692372232335,0.106283999282162,"Real","test","ICFM","icfm",4.24660832586858,2.72610625630556
-0.0663869518054734,0.365405075243687,"Real","test","ICFM","icfm",4.24660832586858,2.72610625630556
0.213089676393201,0.188974988913268,"Real","test","ICFM","icfm",4.24660832586858,2.72610625630556
0.613472500320448,-0.461771828952604,"Real","test","ICFM","icfm",4.24660832586858,2.72610625630556
-0.182700880791094,0.242842928912082,"Real","test","ICFM","icfm",4.24660832586858,2.72610625630556
0.670328906447339,-0.0863352437181543,"Real","test","ICFM","icfm",4.24660832586858,2.72610625630556
0.802785778232273,0.288233848268379,"Real","test","ICFM","icfm",4.24660832586858,2.72610625630556
0.306401096312035,-0.397913137691038,"Real","test","ICFM","icfm",4.24660832586858,2.72610625630556
0.627859346611537,-0.539003132036044,"Real","test","ICFM","icfm",4.24660832586858,2.72610625630556
0.393414449711747,-0.365823766055821,"Real","test","ICFM","icfm",4.24660832586858,2.72610625630556
-0.141820153459746,0.031647667128191,"Real","test","ICFM","icfm",4.24660832586858,2.72610625630556
0.253258600529736,-0.231075642697043,"Real","test","ICFM","icfm",4.24660832586858,2.72610625630556
0.031833160280992,0.320315753910808,"Real","test","ICFM","icfm",4.24660832586858,2.72610625630556
0.147164978249894,0.257358166554546,"Real","test","ICFM","icfm",4.24660832586858,2.72610625630556
-0.0143848238969976,-0.163193933268009,"Real","test","ICFM","icfm",4.24660832586858,2.72610625630556
-0.407008882329584,0.448527756936195,"Real","test","ICFM","icfm",4.24660832586858,2.72610625630556
0.636479851103565,-0.116691200990763,"Real","test","ICFM","icfm",4.24660832586858,2.72610625630556
0.0435236934528167,-0.138160022882765,"Real","test","ICFM","icfm",4.24660832586858,2.72610625630556
0.962235834636114,-0.283245872379216,"Real","test","ICFM","icfm",4.24660832586858,2.72610625630556
0.482448774410789,-0.422366059242999,"Real","test","ICFM","icfm",4.24660832586858,2.72610625630556
-0.101941025216038,-0.098696277798526,"Real","test","ICFM","icfm",4.24660832586858,2.72610625630556
0.0625474422295429,-0.327245172136053,"Real","test","ICFM","icfm",4.24660832586858,2.72610625630556
0.360243563727546,-0.162939386598356,"Real","test","ICFM","icfm",4.24660832586858,2.72610625630556
0.0817055527187942,-0.470325535463668,"Real","test","ICFM","icfm",4.24660832586858,2.72610625630556
-0.365645342891257,-0.445944196159066,"Real","test","ICFM","icfm",4.24660832586858,2.72610625630556
-0.330642884662559,-0.48472967951635,"Real","test","ICFM","icfm",4.24660832586858,2.72610625630556
-0.254589516385886,0.13214533378093,"Real","test","ICFM","icfm",4.24660832586858,2.72610625630556
0.783713853572426,-0.0575289278668941,"Real","test","ICFM","icfm",4.24660832586858,2.72610625630556
0.653094945103499,-0.305177955515546,"Real","test","ICFM","icfm",4.24660832586858,2.72610625630556
-0.311400918174126,-0.20726788731822,"Real","test","ICFM","icfm",4.24660832586858,2.72610625630556
-0.307557255627064,-0.591906638797577,"Real","test","ICFM","icfm",4.24660832586858,2.72610625630556
0.486661380962182,-0.205001247894072,"Real","test","ICFM","icfm",4.24660832586858,2.72610625630556
0.133220591673423,-0.0350535080043814,"Real","test","ICFM","icfm",4.24660832586858,2.72610625630556
0.356360797632538,0.404618891021813,"Real","test","ICFM","icfm",4.24660832586858,2.72610625630556
0.787346680667629,0.00806681389933135,"Real","test","ICFM","icfm",4.24660832586858,2.72610625630556
-0.300205113889868,0.250582709146623,"Real","test","ICFM","icfm",4.24660832586858,2.72610625630556
-0.375382917148869,0.256867683595454,"Real","test","ICFM","icfm",4.24660832586858,2.72610625630556
-0.373484998396187,0.25477104269826,"Real","test","ICFM","icfm",4.24660832586858,2.72610625630556
0.231874156538504,-0.0152323546214092,"Real","test","ICFM","icfm",4.24660832586858,2.72610625630556
0.0115456650973534,-0.188509412437948,"Real","test","ICFM","icfm",4.24660832586858,2.72610625630556
-0.468426924269061,0.346963644505496,"Real","test","ICFM","icfm",4.24660832586858,2.72610625630556
-0.357397077665836,0.171861250816327,"Real","test","ICFM","icfm",4.24660832586858,2.72610625630556
-0.378727913886857,0.237585615577847,"Real","test","ICFM","icfm",4.24660832586858,2.72610625630556
-0.394443416054901,-0.208845439151026,"Real","test","ICFM","icfm",4.24660832586858,2.72610625630556
-0.502283882078012,0.507659268371462,"Real","test","ICFM","icfm",4.24660832586858,2.72610625630556
-0.38433857633981,0.307292371377317,"Real","test","ICFM","icfm",4.24660832586858,2.72610625630556
0.746399528677029,0.0918844617724155,"Real","test","ICFM","icfm",4.24660832586858,2.72610625630556
-0.177335220064238,0.135702121172152,"Real","test","ICFM","icfm",4.24660832586858,2.72610625630556
0.163176075578718,0.014564229435464,"Real","test","ICFM","icfm",4.24660832586858,2.72610625630556
0.941849109098965,0.128228268015658,"Real","test","ICFM","icfm",4.24660832586858,2.72610625630556
0.37526028017168,-0.15156595466333,"Real","test","ICFM","icfm",4.24660832586858,2.72610625630556
0.38785754382125,-0.424467491382457,"Real","test","ICFM","icfm",4.24660832586858,2.72610625630556
0.296953081971367,-0.0448593587816676,"Real","test","ICFM","icfm",4.24660832586858,2.72610625630556
-0.4253668053542,-0.367616026960617,"Real","test","ICFM","icfm",4.24660832586858,2.72610625630556
0.0854153076967642,-0.309801541269047,"Real","test","ICFM","icfm",4.24660832586858,2.72610625630556
-0.406928795819746,0.0871982786788133,"Real","test","ICFM","icfm",4.24660832586858,2.72610625630556
-0.360106859341608,-0.454946490436841,"Real","test","ICFM","icfm",4.24660832586858,2.72610625630556
-0.0365367079706663,-0.431401657882536,"Real","test","ICFM","icfm",4.24660832586858,2.72610625630556
0.446864204311887,0.0390470131818587,"Real","test","ICFM","icfm",4.24660832586858,2.72610625630556
-0.303512233946628,0.0527153753021221,"Real","test","ICFM","icfm",4.24660832586858,2.72610625630556
-0.123576471563414,-0.273135823294885,"Real","test","ICFM","icfm",4.24660832586858,2.72610625630556
0.259765441580078,-0.0728088789315497,"Real","test","ICFM","icfm",4.24660832586858,2.72610625630556
0.795940931568276,0.429667835403925,"Real","test","ICFM","icfm",4.24660832586858,2.72610625630556
0.518633117476834,-0.423069969135645,"Real","test","ICFM","icfm",4.24660832586858,2.72610625630556
-0.153382134943231,0.505171502572915,"Real","test","ICFM","icfm",4.24660832586858,2.72610625630556
-0.266502270764661,0.113266650784407,"Real","test","ICFM","icfm",4.24660832586858,2.72610625630556
0.649139006360741,0.0807124656975189,"Real","test","ICFM","icfm",4.24660832586858,2.72610625630556
-0.567619001146436,0.629556505499548,"Real","test","ICFM","icfm",4.24660832586858,2.72610625630556
-0.303037913949347,0.224986200778025,"Real","test","ICFM","icfm",4.24660832586858,2.72610625630556
-0.325211566561306,0.00790296425569438,"Generated","test","ICFM","icfm",4.24660832586858,2.72610625630556
0.586274093722947,-0.565735844679807,"Generated","test","ICFM","icfm",4.24660832586858,2.72610625630556
-0.206277340633867,-0.0755942359674285,"Generated","test","ICFM","icfm",4.24660832586858,2.72610625630556
-0.0470160151730145,-0.730886474955554,"Generated","test","ICFM","icfm",4.24660832586858,2.72610625630556
0.827182817534332,0.511128039946946,"Generated","test","ICFM","icfm",4.24660832586858,2.72610625630556
-0.389846689373161,0.332898733871305,"Generated","test","ICFM","icfm",4.24660832586858,2.72610625630556
-0.165196563501525,0.173531966003405,"Generated","test","ICFM","icfm",4.24660832586858,2.72610625630556
-0.474038448477122,0.472812961419483,"Generated","test","ICFM","icfm",4.24660832586858,2.72610625630556
-0.00760310405624801,-0.230977884251145,"Generated","test","ICFM","icfm",4.24660832586858,2.72610625630556
0.406371904065565,0.249015976320653,"Generated","test","ICFM","icfm",4.24660832586858,2.72610625630556
0.227146499871705,-0.047366301079577,"Generated","test","ICFM","icfm",4.24660832586858,2.72610625630556
-0.36521589811781,0.252588209505047,"Generated","test","ICFM","icfm",4.24660832586858,2.72610625630556
-0.336224624030573,-0.505011628898927,"Generated","test","ICFM","icfm",4.24660832586858,2.72610625630556
0.757271078412342,-0.204975843799605,"Generated","test","ICFM","icfm",4.24660832586858,2.72610625630556
0.591946493105652,-0.257605801612395,"Generated","test","ICFM","icfm",4.24660832586858,2.72610625630556
-0.498351301922321,0.510621416777084,"Generated","test","ICFM","icfm",4.24660832586858,2.72610625630556
-0.107035083929702,0.0288145732831202,"Generated","test","ICFM","icfm",4.24660832586858,2.72610625630556
0.212280461862275,-0.169755072412411,"Generated","test","ICFM","icfm",4.24660832586858,2.72610625630556
-0.205260835686462,-0.21008940207962,"Generated","test","ICFM","icfm",4.24660832586858,2.72610625630556
0.672366243195327,-0.555129628863447,"Generated","test","ICFM","icfm",4.24660832586858,2.72610625630556
-0.163276932473248,-0.64597291905627,"Generated","test","ICFM","icfm",4.24660832586858,2.72610625630556
-0.479080951428673,-0.289720844275199,"Generated","test","ICFM","icfm",4.24660832586858,2.72610625630556
-0.389461337696139,0.0916047600237171,"Generated","test","ICFM","icfm",4.24660832586858,2.72610625630556
0.375243854670987,-0.490825453952055,"Generated","test","ICFM","icfm",4.24660832586858,2.72610625630556
-0.0259458567280091,-0.0498957514847404,"Generated","test","ICFM","icfm",4.24660832586858,2.72610625630556
0.869086350474099,-0.0106376322272866,"Generated","test","ICFM","icfm",4.24660832586858,2.72610625630556
-0.19050320400083,0.199935021112971,"Generated","test","ICFM","icfm",4.24660832586858,2.72610625630556
-0.285662237327596,-0.429472909396333,"Generated","test","ICFM","icfm",4.24660832586858,2.72610625630556
0.208806537543403,-0.529891502851162,"Generated","test","ICFM","icfm",4.24660832586858,2.72610625630556
-0.00825053818838101,0.580684097434683,"Generated","test","ICFM","icfm",4.24660832586858,2.72610625630556
0.635742564851041,0.0149133032392266,"Generated","test","ICFM","icfm",4.24660832586858,2.72610625630556
-0.364891333472255,0.189410553215456,"Generated","test","ICFM","icfm",4.24660832586858,2.72610625630556
-0.355903239066933,0.383396183755946,"Generated","test","ICFM","icfm",4.24660832586858,2.72610625630556
-0.212784255471612,-0.669083877382735,"Generated","test","ICFM","icfm",4.24660832586858,2.72610625630556
0.429027566544614,-0.271619566307578,"Generated","test","ICFM","icfm",4.24660832586858,2.72610625630556
0.70165588122,-0.287966870795196,"Generated","test","ICFM","icfm",4.24660832586858,2.72610625630556
-0.414424376935794,-0.0562400086330864,"Generated","test","ICFM","icfm",4.24660832586858,2.72610625630556
-0.403041610494778,0.329179482951368,"Generated","test","ICFM","icfm",4.24660832586858,2.72610625630556
-0.206903813051227,-0.0209769380244066,"Generated","test","ICFM","icfm",4.24660832586858,2.72610625630556
-0.288664203183177,-0.445254289191641,"Generated","test","ICFM","icfm",4.24660832586858,2.72610625630556
-0.230632244040928,-0.700151857593824,"Generated","test","ICFM","icfm",4.24660832586858,2.72610625630556
-0.43829614318101,-0.449529282812924,"Generated","test","ICFM","icfm",4.24660832586858,2.72610625630556
-0.308722400652747,0.18349523485204,"Generated","test","ICFM","icfm",4.24660832586858,2.72610625630556
-0.0080324733650561,-0.51714621318244,"Generated","test","ICFM","icfm",4.24660832586858,2.72610625630556
0.196885047922819,-0.111215650238273,"Generated","test","ICFM","icfm",4.24660832586858,2.72610625630556
-0.376949640549668,-0.138561964165525,"Generated","test","ICFM","icfm",4.24660832586858,2.72610625630556
-0.570486152053823,0.107090501229425,"Generated","test","ICFM","icfm",4.24660832586858,2.72610625630556
-0.332382096109184,0.169431059876056,"Generated","test","ICFM","icfm",4.24660832586858,2.72610625630556
0.160959142464405,0.155789592729279,"Generated","test","ICFM","icfm",4.24660832586858,2.72610625630556
-0.488507515824498,0.343809998019156,"Generated","test","ICFM","icfm",4.24660832586858,2.72610625630556
-0.217691695967592,-0.829756557835405,"Generated","test","ICFM","icfm",4.24660832586858,2.72610625630556
-0.263927061210433,-0.231037279169617,"Generated","test","ICFM","icfm",4.24660832586858,2.72610625630556
0.642045019941636,0.0977281783486135,"Generated","test","ICFM","icfm",4.24660832586858,2.72610625630556
-0.0139991952774536,-0.472525567852468,"Generated","test","ICFM","icfm",4.24660832586858,2.72610625630556
0.338970144003375,0.196539022124766,"Generated","test","ICFM","icfm",4.24660832586858,2.72610625630556
-0.339369862925877,-0.272413968602457,"Generated","test","ICFM","icfm",4.24660832586858,2.72610625630556
-0.119630305078617,0.344824013389854,"Generated","test","ICFM","icfm",4.24660832586858,2.72610625630556
-0.0964865990517874,-0.288328145918794,"Generated","test","ICFM","icfm",4.24660832586858,2.72610625630556
-0.279429692077979,-0.398218272919496,"Generated","test","ICFM","icfm",4.24660832586858,2.72610625630556
-0.394604252458335,0.143207916208208,"Generated","test","ICFM","icfm",4.24660832586858,2.72610625630556
0.599535774727071,0.0540621013595091,"Generated","test","ICFM","icfm",4.24660832586858,2.72610625630556
-0.450505759572515,-0.159351644707292,"Generated","test","ICFM","icfm",4.24660832586858,2.72610625630556
-0.53304206739575,0.447945976981695,"Generated","test","ICFM","icfm",4.24660832586858,2.72610625630556
0.125706091979863,0.249157383767923,"Generated","test","ICFM","icfm",4.24660832586858,2.72610625630556
-0.453331908247674,0.37495963437967,"Generated","test","ICFM","icfm",4.24660832586858,2.72610625630556
0.0317397136697651,-0.0341025180804266,"Generated","test","ICFM","icfm",4.24660832586858,2.72610625630556
0.464015804084381,-0.0926406271154399,"Generated","test","ICFM","icfm",4.24660832586858,2.72610625630556
-0.143074839455678,-0.804230932072262,"Generated","test","ICFM","icfm",4.24660832586858,2.72610625630556
0.313230989969896,0.0960802453101159,"Generated","test","ICFM","icfm",4.24660832586858,2.72610625630556
-0.362714138186,-0.117010843851204,"Generated","test","ICFM","icfm",4.24660832586858,2.72610625630556
-0.291826052903811,-0.0333256188715316,"Generated","test","ICFM","icfm",4.24660832586858,2.72610625630556
0.830643263738071,0.363158098332167,"Generated","test","ICFM","icfm",4.24660832586858,2.72610625630556
0.0891329590837719,0.247549171239605,"Generated","test","ICFM","icfm",4.24660832586858,2.72610625630556
-0.0826700887610992,0.426002055005143,"Generated","test","ICFM","icfm",4.24660832586858,2.72610625630556
0.144259166041315,-0.639533767793748,"Generated","test","ICFM","icfm",4.24660832586858,2.72610625630556
-0.488925316362786,0.513786776518202,"Generated","test","ICFM","icfm",4.24660832586858,2.72610625630556
-0.449506582030797,0.17264953245949,"Generated","test","ICFM","icfm",4.24660832586858,2.72610625630556
0.257500371300721,-0.560171027938851,"Generated","test","ICFM","icfm",4.24660832586858,2.72610625630556
-0.225792836930677,0.384379929617564,"Generated","test","ICFM","icfm",4.24660832586858,2.72610625630556
-0.299475277121264,-0.0174744835143025,"Generated","test","ICFM","icfm",4.24660832586858,2.72610625630556
-0.225556109397587,0.0568092865693472,"Generated","test","ICFM","icfm",4.24660832586858,2.72610625630556
-0.430013892492152,0.379055541788498,"Generated","test","ICFM","icfm",4.24660832586858,2.72610625630556
-0.291368260454466,-0.0130598699021993,"Generated","test","ICFM","icfm",4.24660832586858,2.72610625630556
0.192682769395822,0.161875132914575,"Generated","test","ICFM","icfm",4.24660832586858,2.72610625630556
-0.211877909209654,0.338187550365511,"Generated","test","ICFM","icfm",4.24660832586858,2.72610625630556
-0.426398283642468,-0.300187600047886,"Generated","test","ICFM","icfm",4.24660832586858,2.72610625630556
0.623032952503719,-0.0975130568405759,"Generated","test","ICFM","icfm",4.24660832586858,2.72610625630556
-0.223030928526823,-0.915871764368809,"Generated","test","ICFM","icfm",4.24660832586858,2.72610625630556
-0.286413230481992,0.149251661681786,"Generated","test","ICFM","icfm",4.24660832586858,2.72610625630556
0.750620862843777,0.321145697735996,"Generated","test","ICFM","icfm",4.24660832586858,2.72610625630556
-0.329608402893063,0.207280567892504,"Generated","test","ICFM","icfm",4.24660832586858,2.72610625630556
-0.360222117731137,0.255871454095487,"Generated","test","ICFM","icfm",4.24660832586858,2.72610625630556
-0.385344513851913,-0.047610077597624,"Generated","test","ICFM","icfm",4.24660832586858,2.72610625630556
-0.0367913960099852,-0.336957451958511,"Generated","test","ICFM","icfm",4.24660832586858,2.72610625630556
-0.148043543923751,-0.727707853253564,"Generated","test","ICFM","icfm",4.24660832586858,2.72610625630556
-0.0141536568551846,-0.293769788556696,"Generated","test","ICFM","icfm",4.24660832586858,2.72610625630556
-0.410554289749939,0.113795162998217,"Generated","test","ICFM","icfm",4.24660832586858,2.72610625630556
0.840711988552008,0.245596829353201,"Generated","test","ICFM","icfm",4.24660832586858,2.72610625630556
0.382312388841995,-0.501108111752932,"Generated","test","ICFM","icfm",4.24660832586858,2.72610625630556
-0.167754396995113,-0.449021828885224,"Generated","test","ICFM","icfm",4.24660832586858,2.72610625630556
-0.527015404461581,0.0568291485793773,"Generated","test","ICFM","icfm",4.24660832586858,2.72610625630556
0.504836605196303,0.25236245101084,"Generated","test","ICFM","icfm",4.24660832586858,2.72610625630556
0.638423758741901,0.421379085038243,"Generated","test","ICFM","icfm",4.24660832586858,2.72610625630556
0.748110727603978,-0.0890638950675636,"Generated","test","ICFM","icfm",4.24660832586858,2.72610625630556
0.195757954653825,-0.122150120864274,"Generated","test","ICFM","icfm",4.24660832586858,2.72610625630556
-0.180072544239536,-0.227815669020614,"Generated","test","ICFM","icfm",4.24660832586858,2.72610625630556
-0.462172546407978,-0.140624980514941,"Generated","test","ICFM","icfm",4.24660832586858,2.72610625630556
0.305338804072384,0.180862325177041,"Generated","test","ICFM","icfm",4.24660832586858,2.72610625630556
0.730514416411506,0.301280970072774,"Generated","test","ICFM","icfm",4.24660832586858,2.72610625630556
-0.381603681931898,0.307689682763564,"Generated","test","ICFM","icfm",4.24660832586858,2.72610625630556
-0.500565256542329,0.487662224595713,"Generated","test","ICFM","icfm",4.24660832586858,2.72610625630556
0.30621177705326,0.428468756285306,"Generated","test","ICFM","icfm",4.24660832586858,2.72610625630556
-0.458170273138095,0.385654476130144,"Generated","test","ICFM","icfm",4.24660832586858,2.72610625630556
-0.146670554952017,-0.324639850649103,"Generated","test","ICFM","icfm",4.24660832586858,2.72610625630556
-0.229398500089043,-0.786845524253492,"Generated","test","ICFM","icfm",4.24660832586858,2.72610625630556
0.441888188765222,0.0120186581036195,"Generated","test","ICFM","icfm",4.24660832586858,2.72610625630556
-0.259388092913988,-0.123933792437487,"Generated","test","ICFM","icfm",4.24660832586858,2.72610625630556
-0.332318117747838,-0.143299498675177,"Generated","test","ICFM","icfm",4.24660832586858,2.72610625630556
-0.352623948753293,0.241735714068493,"Generated","test","ICFM","icfm",4.24660832586858,2.72610625630556
0.850429279659386,0.272135608216612,"Generated","test","ICFM","icfm",4.24660832586858,2.72610625630556
0.245781992268114,-0.606645589982902,"Generated","test","ICFM","icfm",4.24660832586858,2.72610625630556
-0.508766838163066,0.472746065354871,"Generated","test","ICFM","icfm",4.24660832586858,2.72610625630556
-0.485994683740687,0.470706812648586,"Generated","test","ICFM","icfm",4.24660832586858,2.72610625630556
0.890911365438808,0.225315274472624,"Generated","test","ICFM","icfm",4.24660832586858,2.72610625630556
-0.17836289133421,-0.39298600174443,"Generated","test","ICFM","icfm",4.24660832586858,2.72610625630556
-0.450061608498005,-0.248331749866259,"Generated","test","ICFM","icfm",4.24660832586858,2.72610625630556
0.0583357697449474,-0.105163438814553,"Generated","test","ICFM","icfm",4.24660832586858,2.72610625630556
-0.531857170175711,0.431071114953023,"Generated","test","ICFM","icfm",4.24660832586858,2.72610625630556
0.593127634928158,0.156647906743687,"Generated","test","ICFM","icfm",4.24660832586858,2.72610625630556
-0.524776697494645,0.524916416440318,"Generated","test","ICFM","icfm",4.24660832586858,2.72610625630556
-0.326771652545448,-0.258418986035747,"Generated","test","ICFM","icfm",4.24660832586858,2.72610625630556
0.475411206510118,0.470296422215528,"Generated","test","ICFM","icfm",4.24660832586858,2.72610625630556
-0.497543849170809,0.521816020284474,"Generated","test","ICFM","icfm",4.24660832586858,2.72610625630556
0.399616166953673,0.218616903220253,"Generated","test","ICFM","icfm",4.24660832586858,2.72610625630556
-0.515789455898076,0.0810068799700542,"Generated","test","ICFM","icfm",4.24660832586858,2.72610625630556
-0.586075428076026,-0.152341587136346,"Generated","test","ICFM","icfm",4.24660832586858,2.72610625630556
-0.327653224020925,-0.133318560229771,"Generated","test","ICFM","icfm",4.24660832586858,2.72610625630556
0.637062706652904,0.185154094349611,"Generated","test","ICFM","icfm",4.24660832586858,2.72610625630556
-0.367020280383338,0.198525360441616,"Generated","test","ICFM","icfm",4.24660832586858,2.72610625630556
-0.588435772194824,0.0774061541368147,"Generated","test","ICFM","icfm",4.24660832586858,2.72610625630556
0.792014542309026,-0.39503611715711,"Generated","test","ICFM","icfm",4.24660832586858,2.72610625630556
0.86201159884434,0.401789987026038,"Generated","test","ICFM","icfm",4.24660832586858,2.72610625630556
-0.486518705562224,0.391691140391951,"Generated","test","ICFM","icfm",4.24660832586858,2.72610625630556
-0.130932546628273,0.000757951698145121,"Generated","test","ICFM","icfm",4.24660832586858,2.72610625630556
0.495433786191827,-0.119662025381343,"Generated","test","ICFM","icfm",4.24660832586858,2.72610625630556
0.393696470678892,0.0666117079120024,"Generated","test","ICFM","icfm",4.24660832586858,2.72610625630556
-0.250790298012098,0.0657593707172502,"Generated","test","ICFM","icfm",4.24660832586858,2.72610625630556
-0.53309541145889,0.293587951979147,"Generated","test","ICFM","icfm",4.24660832586858,2.72610625630556
-0.437312218090297,-0.020026493935725,"Generated","test","ICFM","icfm",4.24660832586858,2.72610625630556
0.653750836463049,0.21955154613444,"Generated","test","ICFM","icfm",4.24660832586858,2.72610625630556
-0.381861217418582,-0.495874572015854,"Generated","test","ICFM","icfm",4.24660832586858,2.72610625630556
-0.523654089682559,-0.0104895687600864,"Generated","test","ICFM","icfm",4.24660832586858,2.72610625630556
0.0935907212966502,-0.582257766054489,"Generated","test","ICFM","icfm",4.24660832586858,2.72610625630556
0.851090939468668,-0.12946243436454,"Generated","test","ICFM","icfm",4.24660832586858,2.72610625630556
0.760362151692249,-0.174977809533744,"Generated","test","ICFM","icfm",4.24660832586858,2.72610625630556
-0.127110926399033,-0.111727727346984,"Generated","test","ICFM","icfm",4.24660832586858,2.72610625630556
0.493007728645501,0.325546742767045,"Generated","test","ICFM","icfm",4.24660832586858,2.72610625630556
-0.458436459878486,0.294314256374614,"Generated","test","ICFM","icfm",4.24660832586858,2.72610625630556
-0.398122468460693,0.21597390550163,"Generated","test","ICFM","icfm",4.24660832586858,2.72610625630556
0.521213736361339,0.325034088325921,"Generated","test","ICFM","icfm",4.24660832586858,2.72610625630556
0.354755634406016,0.296768246175553,"Generated","test","ICFM","icfm",4.24660832586858,2.72610625630556
-0.217650931374588,-0.841406430582387,"Generated","test","ICFM","icfm",4.24660832586858,2.72610625630556
-0.464776991888289,0.316853531580673,"Generated","test","ICFM","icfm",4.24660832586858,2.72610625630556
-0.500869889030167,-0.017293318247138,"Generated","test","ICFM","icfm",4.24660832586858,2.72610625630556
0.0187618952810772,-0.166205413343965,"Generated","test","ICFM","icfm",4.24660832586858,2.72610625630556
-0.490953687925596,0.0428657033084215,"Generated","test","ICFM","icfm",4.24660832586858,2.72610625630556
0.0433612456876967,0.0864704459653556,"Generated","test","ICFM","icfm",4.24660832586858,2.72610625630556
-0.412277501196948,-0.0384563132471528,"Generated","test","ICFM","icfm",4.24660832586858,2.72610625630556
-0.43096679975482,0.343727139787681,"Generated","test","ICFM","icfm",4.24660832586858,2.72610625630556
0.434569979802968,0.081936147990325,"Generated","test","ICFM","icfm",4.24660832586858,2.72610625630556
0.0263358332686501,-0.479959596337432,"Generated","test","ICFM","icfm",4.24660832586858,2.72610625630556
-0.288857615877326,-0.069245473245267,"Generated","test","ICFM","icfm",4.24660832586858,2.72610625630556
0.242738212838098,-0.63525023983082,"Generated","test","ICFM","icfm",4.24660832586858,2.72610625630556
-0.428649356655029,-0.150243676821765,"Generated","test","ICFM","icfm",4.24660832586858,2.72610625630556
0.451486054176666,-0.542284292755751,"Generated","test","ICFM","icfm",4.24660832586858,2.72610625630556
-0.270960869257584,-0.74097409801843,"Generated","test","ICFM","icfm",4.24660832586858,2.72610625630556
-0.0775949061360829,0.425321677056306,"Generated","test","ICFM","icfm",4.24660832586858,2.72610625630556
-0.25399627113544,0.13642382102794,"Generated","test","ICFM","icfm",4.24660832586858,2.72610625630556
0.870887842268473,0.333397963245864,"Generated","test","ICFM","icfm",4.24660832586858,2.72610625630556
0.854901686212709,0.343579499991237,"Generated","test","ICFM","icfm",4.24660832586858,2.72610625630556
-0.23821745029605,-0.526132859601315,"Generated","test","ICFM","icfm",4.24660832586858,2.72610625630556
0.561119176837817,0.0566573613896467,"Generated","test","ICFM","icfm",4.24660832586858,2.72610625630556
0.174208757716581,-0.341371231601667,"Generated","test","ICFM","icfm",4.24660832586858,2.72610625630556
-0.396416414555109,0.145998346853529,"Generated","test","ICFM","icfm",4.24660832586858,2.72610625630556
-0.281168011685435,0.615191142036974,"Generated","test","ICFM","icfm",4.24660832586858,2.72610625630556
-0.17487854701982,-0.206686643740571,"Generated","test","ICFM","icfm",4.24660832586858,2.72610625630556
-0.293719341857711,-0.768295511201723,"Generated","test","ICFM","icfm",4.24660832586858,2.72610625630556
-0.257656646118287,0.0436791472758675,"Generated","test","ICFM","icfm",4.24660832586858,2.72610625630556
-0.499948014372276,0.403627245890628,"Generated","test","ICFM","icfm",4.24660832586858,2.72610625630556
-0.125456353898696,-0.272448400422869,"Generated","test","ICFM","icfm",4.24660832586858,2.72610625630556
0.539375557622606,0.423196388416495,"Generated","test","ICFM","icfm",4.24660832586858,2.72610625630556
0.799216767216719,-0.0348404683041031,"Generated","test","ICFM","icfm",4.24660832586858,2.72610625630556
0.0570706112560312,-0.34599386436974,"Generated","test","ICFM","icfm",4.24660832586858,2.72610625630556
-0.203574300973255,-0.650842981187314,"Generated","test","ICFM","icfm",4.24660832586858,2.72610625630556
-0.292598779357449,-0.819846766604964,"Generated","test","ICFM","icfm",4.24660832586858,2.72610625630556
-0.144412522828677,0.169841564180102,"Generated","test","ICFM","icfm",4.24660832586858,2.72610625630556
-0.39217966039672,-0.0351872777554678,"Generated","test","ICFM","icfm",4.24660832586858,2.72610625630556
-0.509597740241857,0.503029266183406,"Generated","test","ICFM","icfm",4.24660832586858,2.72610625630556
-0.0144444523966891,0.1915818072762,"Generated","test","ICFM","icfm",4.24660832586858,2.72610625630556
0.534896186452704,0.270802408174366,"Generated","test","ICFM","icfm",4.24660832586858,2.72610625630556
-0.124007149586649,-0.459868239744366,"Generated","test","ICFM","icfm",4.24660832586858,2.72610625630556
0.0131463753215361,0.441371520723664,"Generated","test","ICFM","icfm",4.24660832586858,2.72610625630556
0.600174421958639,-0.476625210868153,"Generated","test","ICFM","icfm",4.24660832586858,2.72610625630556
0.0868027076588268,-0.1874079070467,"Generated","test","ICFM","icfm",4.24660832586858,2.72610625630556
-0.377789504726634,0.178389077040757,"Generated","test","ICFM","icfm",4.24660832586858,2.72610625630556
0.360317584956411,0.0453058702093404,"Generated","test","ICFM","icfm",4.24660832586858,2.72610625630556
0.355924736445134,-0.422327496728427,"Generated","test","ICFM","icfm",4.24660832586858,2.72610625630556
0.58195678782757,0.547443254022111,"Generated","test","ICFM","icfm",4.24660832586858,2.72610625630556
-0.170944625612673,-0.45105061030245,"Generated","test","ICFM","icfm",4.24660832586858,2.72610625630556
0.128321416168924,0.103285784982499,"Generated","test","ICFM","icfm",4.24660832586858,2.72610625630556
0.526817797071348,0.144639299581717,"Generated","test","ICFM","icfm",4.24660832586858,2.72610625630556
0.821845380811516,0.269042674251973,"Generated","test","ICFM","icfm",4.24660832586858,2.72610625630556
-0.482278545112515,0.368441479787887,"Generated","test","ICFM","icfm",4.24660832586858,2.72610625630556
0.927114454955445,0.360649875486882,"Generated","test","ICFM","icfm",4.24660832586858,2.72610625630556
-0.238531705792441,-0.195963573186532,"Generated","test","ICFM","icfm",4.24660832586858,2.72610625630556
0.414670608792153,0.0422785903997197,"Generated","test","ICFM","icfm",4.24660832586858,2.72610625630556
0.822337255704621,0.401716384883956,"Generated","test","ICFM","icfm",4.24660832586858,2.72610625630556
-0.444867310042655,0.331808416967008,"Generated","test","ICFM","icfm",4.24660832586858,2.72610625630556
-0.385506652556624,-0.167653998699647,"Generated","test","ICFM","icfm",4.24660832586858,2.72610625630556
0.373817444266405,0.154480425246665,"Generated","test","ICFM","icfm",4.24660832586858,2.72610625630556
0.525592341719687,0.411946070238237,"Generated","test","ICFM","icfm",4.24660832586858,2.72610625630556
0.465076370879343,0.152829386273493,"Generated","test","ICFM","icfm",4.24660832586858,2.72610625630556
0.147893011304957,-0.0529485518474663,"Generated","test","ICFM","icfm",4.24660832586858,2.72610625630556
0.302385347162862,0.149325747721145,"Generated","test","ICFM","icfm",4.24660832586858,2.72610625630556
0.618483347829801,-0.0374996138403273,"Generated","test","ICFM","icfm",4.24660832586858,2.72610625630556
-0.128924382121052,-0.35661431891242,"Generated","test","ICFM","icfm",4.24660832586858,2.72610625630556
0.862431036554301,0.30232153959318,"Generated","test","ICFM","icfm",4.24660832586858,2.72610625630556
0.215595070258336,-0.0662347446479561,"Generated","test","ICFM","icfm",4.24660832586858,2.72610625630556
0.233241833629497,0.083943724314531,"Generated","test","ICFM","icfm",4.24660832586858,2.72610625630556
0.933720826204368,0.10015637644596,"Generated","test","ICFM","icfm",4.24660832586858,2.72610625630556
0.104451083704041,0.214857136776911,"Generated","test","ICFM","icfm",4.24660832586858,2.72610625630556
-0.386311903522851,0.303058849555788,"Generated","test","ICFM","icfm",4.24660832586858,2.72610625630556
0.073776175327613,-0.568381195424213,"Generated","test","ICFM","icfm",4.24660832586858,2.72610625630556
0.0462404599970071,0.34926962764186,"Generated","test","ICFM","icfm",4.24660832586858,2.72610625630556
-0.30055446762972,0.181050284537471,"Generated","test","ICFM","icfm",4.24660832586858,2.72610625630556
-0.287921757033188,-0.628749957139537,"Generated","test","ICFM","icfm",4.24660832586858,2.72610625630556
-0.391278216091436,0.188069285442421,"Generated","test","ICFM","icfm",4.24660832586858,2.72610625630556
-0.588539513427636,0.707141172419664,"Generated","test","ICFM","icfm",4.24660832586858,2.72610625630556
-0.498047613369837,0.128915033231032,"Generated","test","ICFM","icfm",4.24660832586858,2.72610625630556
-0.0678286568901646,-0.093221702726399,"Generated","test","ICFM","icfm",4.24660832586858,2.72610625630556
-0.395693993113069,0.0901795463865538,"Generated","test","ICFM","icfm",4.24660832586858,2.72610625630556
-0.319589941130647,-0.117432717300596,"Generated","test","ICFM","icfm",4.24660832586858,2.72610625630556
0.665743268258569,0.201988460601026,"Generated","test","ICFM","icfm",4.24660832586858,2.72610625630556
0.337290514408267,-0.538643962948548,"Generated","test","ICFM","icfm",4.24660832586858,2.72610625630556
-0.349793440241286,-0.138398797368268,"Generated","test","ICFM","icfm",4.24660832586858,2.72610625630556
-0.45518385873751,0.444367773798608,"Generated","test","ICFM","icfm",4.24660832586858,2.72610625630556
-0.281281256127495,-0.107305476629377,"Generated","test","ICFM","icfm",4.24660832586858,2.72610625630556
-0.255212548317602,-0.838793351613049,"Generated","test","ICFM","icfm",4.24660832586858,2.72610625630556
-0.33778612812996,0.247564879074773,"Generated","test","ICFM","icfm",4.24660832586858,2.72610625630556
-0.366721627418325,-0.0461278017305922,"Generated","test","ICFM","icfm",4.24660832586858,2.72610625630556
-0.238814406395368,0.144867713310215,"Generated","test","ICFM","icfm",4.24660832586858,2.72610625630556
-0.30679176060814,0.502175106741781,"Generated","test","ICFM","icfm",4.24660832586858,2.72610625630556
0.624185793115045,-0.367879713175688,"Generated","test","ICFM","icfm",4.24660832586858,2.72610625630556
0.810736131253629,0.42991918516163,"Generated","test","ICFM","icfm",4.24660832586858,2.72610625630556
-0.379705569311713,-0.682715788032393,"Generated","test","ICFM","icfm",4.24660832586858,2.72610625630556
0.906730507002237,-0.0862727861229247,"Generated","test","ICFM","icfm",4.24660832586858,2.72610625630556
-0.445553855461529,0.266036103989295,"Generated","test","ICFM","icfm",4.24660832586858,2.72610625630556
0.621895655103235,0.613294704570692,"Generated","test","ICFM","icfm",4.24660832586858,2.72610625630556
0.596970888099357,-0.462312390080384,"Generated","test","ICFM","icfm",4.24660832586858,2.72610625630556
-0.417317936711222,-0.239566160646179,"Generated","test","ICFM","icfm",4.24660832586858,2.72610625630556
-0.0406487636385816,0.28580884168726,"Generated","test","ICFM","icfm",4.24660832586858,2.72610625630556
0.18367636486476,-0.0146299503779371,"Generated","test","ICFM","icfm",4.24660832586858,2.72610625630556
0.784207925691242,0.49674711310162,"Generated","test","ICFM","icfm",4.24660832586858,2.72610625630556
0.634504378802391,-0.150879675779557,"Generated","test","ICFM","icfm",4.24660832586858,2.72610625630556
-0.349351791249302,0.190859584073286,"Generated","test","ICFM","icfm",4.24660832586858,2.72610625630556
-0.396183135289187,0.000494044719529174,"Generated","test","ICFM","icfm",4.24660832586858,2.72610625630556
-0.0529851973793275,0.0630163567668777,"Generated","test","ICFM","icfm",4.24660832586858,2.72610625630556
0.570366144358674,-0.0596220953081389,"Generated","test","ICFM","icfm",4.24660832586858,2.72610625630556
-0.216819687932842,0.413863702198008,"Generated","test","ICFM","icfm",4.24660832586858,2.72610625630556
0.500842004288433,0.455341858222647,"Generated","test","ICFM","icfm",4.24660832586858,2.72610625630556
-0.397497888560593,0.385971246669365,"Generated","test","ICFM","icfm",4.24660832586858,2.72610625630556
0.944795047134602,0.284382817682223,"Generated","test","ICFM","icfm",4.24660832586858,2.72610625630556
-0.279582378893577,-0.213572825931538,"Generated","test","ICFM","icfm",4.24660832586858,2.72610625630556
0.938543391152545,-0.176275471185474,"Generated","test","ICFM","icfm",4.24660832586858,2.72610625630556
-0.442327078113946,0.519406069470735,"Generated","test","ICFM","icfm",4.24660832586858,2.72610625630556
-0.442726619925851,0.0386158656207363,"Generated","test","ICFM","icfm",4.24660832586858,2.72610625630556
0.52206804978351,-0.169301167631824,"Generated","test","ICFM","icfm",4.24660832586858,2.72610625630556
-0.511626383491035,0.181399415591012,"Generated","test","ICFM","icfm",4.24660832586858,2.72610625630556
-0.344145295953761,0.153630500859889,"Generated","test","ICFM","icfm",4.24660832586858,2.72610625630556
0.662583076791479,0.148489598824755,"Generated","test","ICFM","icfm",4.24660832586858,2.72610625630556
-0.338787797665884,0.0836791427466966,"Generated","test","ICFM","icfm",4.24660832586858,2.72610625630556
-0.206439487270914,-0.273098052818352,"Generated","test","ICFM","icfm",4.24660832586858,2.72610625630556
-0.49719050141114,0.406453288295903,"Generated","test","ICFM","icfm",4.24660832586858,2.72610625630556
0.20340616389775,-0.431054404030318,"Generated","test","ICFM","icfm",4.24660832586858,2.72610625630556
-0.238409578538171,-0.0939449285093718,"Generated","test","ICFM","icfm",4.24660832586858,2.72610625630556
-0.236900233695865,-0.748511411003945,"Generated","test","ICFM","icfm",4.24660832586858,2.72610625630556
-0.30117453795571,-0.0451108820034735,"Generated","test","ICFM","icfm",4.24660832586858,2.72610625630556
-0.310779259837726,0.132830511557145,"Generated","test","ICFM","icfm",4.24660832586858,2.72610625630556
0.787805570547825,-0.0449498492287916,"Generated","test","ICFM","icfm",4.24660832586858,2.72610625630556
-0.150170555918504,0.0199906500481456,"Generated","test","ICFM","icfm",4.24660832586858,2.72610625630556
0.365860093455668,0.58374993475491,"Generated","test","ICFM","icfm",4.24660832586858,2.72610625630556
0.857374514326636,-0.0562610919045413,"Generated","test","ICFM","icfm",4.24660832586858,2.72610625630556
0.769860198577828,0.451653258028399,"Generated","test","ICFM","icfm",4.24660832586858,2.72610625630556
0.0387467110713217,-0.472178447952472,"Generated","test","ICFM","icfm",4.24660832586858,2.72610625630556
0.955050955405915,-0.161052377797903,"Generated","test","ICFM","icfm",4.24660832586858,2.72610625630556
-0.285090114215232,-0.137326833486537,"Generated","test","ICFM","icfm",4.24660832586858,2.72610625630556
-0.113345118716677,-0.771709306032287,"Generated","test","ICFM","icfm",4.24660832586858,2.72610625630556
-0.404142015888073,-0.169450140279286,"Generated","test","ICFM","icfm",4.24660832586858,2.72610625630556
0.585550327008878,0.0422678144619296,"Generated","test","ICFM","icfm",4.24660832586858,2.72610625630556
0.392469508878513,0.0330667652382763,"Generated","test","ICFM","icfm",4.24660832586858,2.72610625630556
-0.323256672205258,0.129668423269197,"Generated","test","ICFM","icfm",4.24660832586858,2.72610625630556
0.420368783669498,0.242748961046204,"Generated","test","ICFM","icfm",4.24660832586858,2.72610625630556
-0.440193881379324,0.397914094871964,"Generated","test","ICFM","icfm",4.24660832586858,2.72610625630556
0.589516282863842,0.323509763715707,"Generated","test","ICFM","icfm",4.24660832586858,2.72610625630556
-0.589173596976778,0.533747182110608,"Generated","test","ICFM","icfm",4.24660832586858,2.72610625630556
-0.264041520363313,-0.0514127867821406,"Generated","test","ICFM","icfm",4.24660832586858,2.72610625630556
-0.451943497803387,0.39208034308716,"Generated","test","ICFM","icfm",4.24660832586858,2.72610625630556
0.821389143270391,0.356129278844553,"Generated","test","ICFM","icfm",4.24660832586858,2.72610625630556
-0.582010640800994,0.73931673339409,"Generated","test","ICFM","icfm",4.24660832586858,2.72610625630556
-0.276038347922148,0.0782044122250415,"Generated","test","ICFM","icfm",4.24660832586858,2.72610625630556
-0.119695037529192,0.45893345096879,"Generated","test","ICFM","icfm",4.24660832586858,2.72610625630556
0.659554934775734,0.478440016003393,"Generated","test","ICFM","icfm",4.24660832586858,2.72610625630556
-0.378786221461795,-0.0493321037461867,"Generated","test","ICFM","icfm",4.24660832586858,2.72610625630556
0.375897164554361,-0.56181200387791,"Generated","test","ICFM","icfm",4.24660832586858,2.72610625630556
0.497976539019651,0.341921829805758,"Generated","test","ICFM","icfm",4.24660832586858,2.72610625630556
-0.31568455033407,-0.332732224055779,"Generated","test","ICFM","icfm",4.24660832586858,2.72610625630556
-0.424532973267804,0.0784200935656468,"Generated","test","ICFM","icfm",4.24660832586858,2.72610625630556
0.573545452570369,-0.0159747527276648,"Generated","test","ICFM","icfm",4.24660832586858,2.72610625630556
-0.0229235605891376,0.44959030365709,"Generated","test","ICFM","icfm",4.24660832586858,2.72610625630556
-0.496084662315819,0.231225259158639,"Generated","test","ICFM","icfm",4.24660832586858,2.72610625630556
-0.319969687092914,-0.871884048495503,"Generated","test","ICFM","icfm",4.24660832586858,2.72610625630556
-0.401841560508069,0.209378540300619,"Generated","test","ICFM","icfm",4.24660832586858,2.72610625630556
-0.273230559109337,0.220532630945419,"Generated","test","ICFM","icfm",4.24660832586858,2.72610625630556
-0.390377397647672,0.141335518832968,"Generated","test","ICFM","icfm",4.24660832586858,2.72610625630556
-0.357172865410119,-0.20076508426587,"Generated","test","ICFM","icfm",4.24660832586858,2.72610625630556
-0.385552558554293,-0.130526683861629,"Generated","test","ICFM","icfm",4.24660832586858,2.72610625630556
-0.538219639560084,0.412652494707982,"Generated","test","ICFM","icfm",4.24660832586858,2.72610625630556
0.455802632722509,0.274392066528372,"Generated","test","ICFM","icfm",4.24660832586858,2.72610625630556
-0.170494260037306,0.0151782518085795,"Generated","test","ICFM","icfm",4.24660832586858,2.72610625630556
-0.197212167423718,-0.77554303789853,"Generated","test","ICFM","icfm",4.24660832586858,2.72610625630556
-0.317517892744665,-0.0936953400237621,"Generated","test","ICFM","icfm",4.24660832586858,2.72610625630556
-0.288944827256759,-0.399592841018434,"Generated","test","ICFM","icfm",4.24660832586858,2.72610625630556
-0.238611135678448,-0.32307334235617,"Generated","test","ICFM","icfm",4.24660832586858,2.72610625630556
0.716876947369028,0.416234002699821,"Generated","test","ICFM","icfm",4.24660832586858,2.72610625630556
0.167561952731751,-0.244718277079363,"Generated","test","ICFM","icfm",4.24660832586858,2.72610625630556
0.617966872876341,0.377930883598649,"Generated","test","ICFM","icfm",4.24660832586858,2.72610625630556
-0.315417778617399,-0.291800116474546,"Generated","test","ICFM","icfm",4.24660832586858,2.72610625630556
-0.214809437058945,-0.316448123047599,"Generated","test","ICFM","icfm",4.24660832586858,2.72610625630556
0.437059399396901,0.27739961643148,"Generated","test","ICFM","icfm",4.24660832586858,2.72610625630556
0.489881123431964,0.138113024834848,"Generated","test","ICFM","icfm",4.24660832586858,2.72610625630556
-0.0973905091526971,-0.31279931969917,"Generated","test","ICFM","icfm",4.24660832586858,2.72610625630556
0.428380386131573,0.280280309440072,"Generated","test","ICFM","icfm",4.24660832586858,2.72610625630556
0.0340942567647494,-0.183408994663176,"Generated","test","ICFM","icfm",4.24660832586858,2.72610625630556
-0.400334039716176,0.333313708882576,"Generated","test","ICFM","icfm",4.24660832586858,2.72610625630556
0.76120122808247,-0.351269118716132,"Generated","test","ICFM","icfm",4.24660832586858,2.72610625630556
-0.253052488199784,0.282899535391774,"Generated","test","ICFM","icfm",4.24660832586858,2.72610625630556
-0.384448128174734,-0.348990445022744,"Generated","test","ICFM","icfm",4.24660832586858,2.72610625630556
-0.464262816434611,0.260113142675302,"Generated","test","ICFM","icfm",4.24660832586858,2.72610625630556
-0.332241159148411,0.10897217371287,"Generated","test","ICFM","icfm",4.24660832586858,2.72610625630556
-0.19085759586508,-0.295448758949187,"Generated","test","ICFM","icfm",4.24660832586858,2.72610625630556
0.159128552852913,-0.0322770418345256,"Generated","test","ICFM","icfm",4.24660832586858,2.72610625630556
-0.291074620408549,0.123018026319445,"Generated","test","ICFM","icfm",4.24660832586858,2.72610625630556
0.524181493142391,0.308040942262704,"Generated","test","ICFM","icfm",4.24660832586858,2.72610625630556
-0.276398057100405,-0.0345224819479988,"Generated","test","ICFM","icfm",4.24660832586858,2.72610625630556
-0.040761541820212,-0.508059815011687,"Generated","test","ICFM","icfm",4.24660832586858,2.72610625630556
-0.320151854850439,-0.112676688048905,"Generated","test","ICFM","icfm",4.24660832586858,2.72610625630556
0.193068293234406,-0.355505033453724,"Generated","test","ICFM","icfm",4.24660832586858,2.72610625630556
-0.236910796636497,-0.587132064370299,"Generated","test","ICFM","icfm",4.24660832586858,2.72610625630556
0.0255362782465328,-0.0309532121379419,"Generated","test","ICFM","icfm",4.24660832586858,2.72610625630556
-0.504421653690834,0.563960956426306,"Generated","test","ICFM","icfm",4.24660832586858,2.72610625630556
0.210327463004415,-0.469994627191073,"Generated","test","ICFM","icfm",4.24660832586858,2.72610625630556
0.0270038506065205,-0.453926553316507,"Generated","test","ICFM","icfm",4.24660832586858,2.72610625630556
-0.454857888921573,-0.0906727643176588,"Generated","test","ICFM","icfm",4.24660832586858,2.72610625630556
0.64105031879397,-0.388238505435871,"Generated","test","ICFM","icfm",4.24660832586858,2.72610625630556
-0.433742974966331,-0.061860124631012,"Generated","test","ICFM","icfm",4.24660832586858,2.72610625630556
0.905966085290038,0.242877288526624,"Generated","test","ICFM","icfm",4.24660832586858,2.72610625630556
-0.440262493989865,-0.211680430507396,"Generated","test","ICFM","icfm",4.24660832586858,2.72610625630556
0.0653487572276291,-0.724108785957088,"Generated","test","ICFM","icfm",4.24660832586858,2.72610625630556
0.115612101604745,0.31426858582975,"Generated","test","ICFM","icfm",4.24660832586858,2.72610625630556
-0.341250521448114,-0.120274631929127,"Generated","test","ICFM","icfm",4.24660832586858,2.72610625630556
0.544205878540579,0.499058604383194,"Generated","test","ICFM","icfm",4.24660832586858,2.72610625630556
-0.329873329444053,-0.589850139603745,"Generated","test","ICFM","icfm",4.24660832586858,2.72610625630556
-0.337862448841339,0.512089372809025,"Generated","test","ICFM","icfm",4.24660832586858,2.72610625630556
0.696407658942958,-0.307554722590096,"Generated","test","ICFM","icfm",4.24660832586858,2.72610625630556
0.775612584814179,0.397419779207187,"Generated","test","ICFM","icfm",4.24660832586858,2.72610625630556
-0.284160256475219,0.110546310240273,"Generated","test","ICFM","icfm",4.24660832586858,2.72610625630556
-0.0206373299556186,0.0566282973081687,"Generated","test","ICFM","icfm",4.24660832586858,2.72610625630556
-0.0757560318314336,-0.332309496221742,"Generated","test","ICFM","icfm",4.24660832586858,2.72610625630556
-0.195858504585919,-0.0656437733741652,"Generated","test","ICFM","icfm",4.24660832586858,2.72610625630556
-0.548173544694152,0.595980232172987,"Generated","test","ICFM","icfm",4.24660832586858,2.72610625630556
0.342812475796379,0.0938540799444952,"Generated","test","ICFM","icfm",4.24660832586858,2.72610625630556
-0.49849709029837,-0.299192251661169,"Generated","test","ICFM","icfm",4.24660832586858,2.72610625630556
0.404651249861491,0.196054508768447,"Generated","test","ICFM","icfm",4.24660832586858,2.72610625630556
-0.289618481141948,-0.307193995847545,"Generated","test","ICFM","icfm",4.24660832586858,2.72610625630556
-0.553984951399531,0.66402186099369,"Generated","test","ICFM","icfm",4.24660832586858,2.72610625630556
-0.254559681981643,0.040882827773278,"Generated","test","ICFM","icfm",4.24660832586858,2.72610625630556
0.886924825009431,0.451880160637909,"Generated","test","ICFM","icfm",4.24660832586858,2.72610625630556
-0.416479964082529,0.118597882483849,"Generated","test","ICFM","icfm",4.24660832586858,2.72610625630556
-0.125013163825797,-0.478768342744331,"Generated","test","ICFM","icfm",4.24660832586858,2.72610625630556
0.951076825268281,-0.247421969690127,"Generated","test","ICFM","icfm",4.24660832586858,2.72610625630556
0.127258137524821,0.0992148842263782,"Generated","test","ICFM","icfm",4.24660832586858,2.72610625630556
0.0572349037940791,0.129780329799536,"Generated","test","ICFM","icfm",4.24660832586858,2.72610625630556
-0.370759441871373,0.0238941647798123,"Generated","test","ICFM","icfm",4.24660832586858,2.72610625630556
-0.427662899813622,-0.181774729960396,"Generated","test","ICFM","icfm",4.24660832586858,2.72610625630556
-0.386698147177675,-0.195094214117228,"Generated","test","ICFM","icfm",4.24660832586858,2.72610625630556
-0.284704163851244,-0.754144736737077,"Generated","test","ICFM","icfm",4.24660832586858,2.72610625630556
0.01663029740348,0.184080211553335,"Generated","test","ICFM","icfm",4.24660832586858,2.72610625630556
-0.239448579798601,0.0908786685539569,"Generated","test","ICFM","icfm",4.24660832586858,2.72610625630556
-0.396936878910281,-0.000535889632526489,"Generated","test","ICFM","icfm",4.24660832586858,2.72610625630556
0.220719817499719,-0.33413055537374,"Generated","test","ICFM","icfm",4.24660832586858,2.72610625630556
0.673895405965696,0.40760069164725,"Generated","test","ICFM","icfm",4.24660832586858,2.72610625630556
-0.417993037383102,0.216826318098291,"Generated","test","ICFM","icfm",4.24660832586858,2.72610625630556
-0.410262814646578,0.398597452426489,"Generated","test","ICFM","icfm",4.24660832586858,2.72610625630556
-0.18329657018224,-0.117524851463777,"Generated","test","ICFM","icfm",4.24660832586858,2.72610625630556
-0.0372708079386582,0.1742477459982,"Generated","test","ICFM","icfm",4.24660832586858,2.72610625630556
-0.0274697781593711,0.123468345262171,"Generated","test","ICFM","icfm",4.24660832586858,2.72610625630556
0.264976101902685,0.17450104044505,"Generated","test","ICFM","icfm",4.24660832586858,2.72610625630556
-0.375622404959483,-0.461589260163093,"Generated","test","ICFM","icfm",4.24660832586858,2.72610625630556
-0.367258322611859,-0.624180086973051,"Generated","test","ICFM","icfm",4.24660832586858,2.72610625630556
0.451796096823776,-0.567173509173223,"Generated","test","ICFM","icfm",4.24660832586858,2.72610625630556
-0.026189842856317,-0.276316133452464,"Generated","test","ICFM","icfm",4.24660832586858,2.72610625630556
0.911028269698575,0.400242457265572,"Generated","test","ICFM","icfm",4.24660832586858,2.72610625630556
-0.523431420098499,0.176166147366067,"Generated","test","ICFM","icfm",4.24660832586858,2.72610625630556
-0.166168868115935,-0.271638511184569,"Generated","test","ICFM","icfm",4.24660832586858,2.72610625630556
0.77502527067836,-0.0276912373169672,"Generated","test","ICFM","icfm",4.24660832586858,2.72610625630556
0.234722808986665,0.235470632540932,"Generated","test","ICFM","icfm",4.24660832586858,2.72610625630556
-0.447390686649782,-0.147811718388424,"Generated","test","ICFM","icfm",4.24660832586858,2.72610625630556
-0.312455878829912,0.0781578967289024,"Generated","test","ICFM","icfm",4.24660832586858,2.72610625630556
-0.257507637010297,0.121124956929476,"Generated","test","ICFM","icfm",4.24660832586858,2.72610625630556
-0.0422319228923565,-0.242260138552517,"Generated","test","ICFM","icfm",4.24660832586858,2.72610625630556
0.399428101376494,-0.209115913857256,"Generated","test","ICFM","icfm",4.24660832586858,2.72610625630556
-0.330879930199446,-0.192927019641787,"Generated","test","ICFM","icfm",4.24660832586858,2.72610625630556
-0.466141088642084,0.425557088282925,"Generated","test","ICFM","icfm",4.24660832586858,2.72610625630556
-0.422761354688099,0.260640589183303,"Generated","test","ICFM","icfm",4.24660832586858,2.72610625630556
-0.0660175779723016,-0.475462805774915,"Generated","test","ICFM","icfm",4.24660832586858,2.72610625630556
-0.0744705449980209,-0.0381226281831546,"Generated","test","ICFM","icfm",4.24660832586858,2.72610625630556
0.357462772178972,0.160927433129806,"Generated","test","ICFM","icfm",4.24660832586858,2.72610625630556
0.390218504905973,0.500986789908728,"Generated","test","ICFM","icfm",4.24660832586858,2.72610625630556
-0.331099282849637,0.218393414937417,"Generated","test","ICFM","icfm",4.24660832586858,2.72610625630556
-0.467759799026404,0.135883979841511,"Generated","test","ICFM","icfm",4.24660832586858,2.72610625630556
0.139586512122279,-0.029326375640734,"Generated","test","ICFM","icfm",4.24660832586858,2.72610625630556
-0.0477536209896244,-0.457049565825901,"Generated","test","ICFM","icfm",4.24660832586858,2.72610625630556
0.910619132846883,-0.254488660866807,"Generated","test","ICFM","icfm",4.24660832586858,2.72610625630556
0.775066972237572,0.0929519949414072,"Generated","test","ICFM","icfm",4.24660832586858,2.72610625630556
-0.058634260900653,-0.101972220837428,"Generated","test","ICFM","icfm",4.24660832586858,2.72610625630556
0.88123930641004,0.0869455371961847,"Generated","test","ICFM","icfm",4.24660832586858,2.72610625630556
0.335452229372244,0.277993692520943,"Generated","test","ICFM","icfm",4.24660832586858,2.72610625630556
0.183533794291705,0.0244301722822634,"Generated","test","ICFM","icfm",4.24660832586858,2.72610625630556
0.836091768551125,-0.47921849328477,"Generated","test","ICFM","icfm",4.24660832586858,2.72610625630556
-0.286550697007538,0.086364121654363,"Generated","test","ICFM","icfm",4.24660832586858,2.72610625630556
-0.328944298747706,0.255064414888613,"Generated","test","ICFM","icfm",4.24660832586858,2.72610625630556
-0.423810962885311,0.159756107359578,"Generated","test","ICFM","icfm",4.24660832586858,2.72610625630556
0.704595243572757,-0.0625937080134986,"Generated","test","ICFM","icfm",4.24660832586858,2.72610625630556
-0.342477340635262,-0.0377611999298689,"Generated","test","ICFM","icfm",4.24660832586858,2.72610625630556
-0.35835951870236,-0.0728180528256541,"Generated","test","ICFM","icfm",4.24660832586858,2.72610625630556
0.731825201464475,0.263125928463191,"Generated","test","ICFM","icfm",4.24660832586858,2.72610625630556
-0.258441181579352,0.117495422291857,"Generated","test","ICFM","icfm",4.24660832586858,2.72610625630556
0.246978558461079,-0.754400734048091,"Generated","test","ICFM","icfm",4.24660832586858,2.72610625630556
-0.576025812801923,0.486200074043697,"Generated","test","ICFM","icfm",4.24660832586858,2.72610625630556
0.733939321420124,0.241304601981889,"Generated","test","ICFM","icfm",4.24660832586858,2.72610625630556
0.739429993595775,0.1328035982489,"Generated","test","ICFM","icfm",4.24660832586858,2.72610625630556
-0.509516420719992,0.362233340422493,"Generated","test","ICFM","icfm",4.24660832586858,2.72610625630556
-0.0018993921397318,-0.153878185411207,"Generated","test","ICFM","icfm",4.24660832586858,2.72610625630556
-0.27091790674844,-0.570580117776988,"Generated","test","ICFM","icfm",4.24660832586858,2.72610625630556
-0.275860346151699,-0.707846868183282,"Generated","test","ICFM","icfm",4.24660832586858,2.72610625630556
0.488713934540993,-0.509448922348902,"Generated","test","ICFM","icfm",4.24660832586858,2.72610625630556
0.514064006387166,-0.24452895581219,"Generated","test","ICFM","icfm",4.24660832586858,2.72610625630556
-0.45771024452512,0.255279554857713,"Generated","test","ICFM","icfm",4.24660832586858,2.72610625630556
-0.354360575924217,0.218011292565231,"Generated","test","ICFM","icfm",4.24660832586858,2.72610625630556
0.756662949963358,-0.145558140596076,"Generated","test","ICFM","icfm",4.24660832586858,2.72610625630556
-0.386357185259344,0.13889756543985,"Generated","test","ICFM","icfm",4.24660832586858,2.72610625630556
0.33999411649176,-0.238270755624294,"Generated","test","ICFM","icfm",4.24660832586858,2.72610625630556
0.148111954589719,0.15060139204993,"Generated","test","ICFM","icfm",4.24660832586858,2.72610625630556
-0.394214816461258,-0.0130082608132893,"Generated","test","ICFM","icfm",4.24660832586858,2.72610625630556
0.437236872964415,0.0783081186667451,"Generated","test","ICFM","icfm",4.24660832586858,2.72610625630556
-0.342575840724074,0.238234497193316,"Generated","test","ICFM","icfm",4.24660832586858,2.72610625630556
0.2355083711067,-0.00156143935391873,"Generated","test","ICFM","icfm",4.24660832586858,2.72610625630556
0.254598899353804,0.225562793607042,"Generated","test","ICFM","icfm",4.24660832586858,2.72610625630556
0.705179082919242,-0.00329412166938469,"Generated","test","ICFM","icfm",4.24660832586858,2.72610625630556
0.848469512868909,-0.376859874652274,"Generated","test","ICFM","icfm",4.24660832586858,2.72610625630556
0.0485842475314777,0.191769092856588,"Generated","test","ICFM","icfm",4.24660832586858,2.72610625630556
0.523023884826549,-0.157466983042673,"Generated","test","ICFM","icfm",4.24660832586858,2.72610625630556
-0.417367776626901,0.237836855244453,"Generated","test","ICFM","icfm",4.24660832586858,2.72610625630556
-0.378385693041598,-0.245550659727917,"Generated","test","ICFM","icfm",4.24660832586858,2.72610625630556
0.29434960380315,0.522821380266131,"Generated","test","ICFM","icfm",4.24660832586858,2.72610625630556
-0.482491490547984,0.232471304533834,"Generated","test","ICFM","icfm",4.24660832586858,2.72610625630556
-0.343320711247981,0.0619494916717588,"Generated","test","ICFM","icfm",4.24660832586858,2.72610625630556
-0.291154535020334,0.103754891947638,"Generated","test","ICFM","icfm",4.24660832586858,2.72610625630556
-0.356496135367233,-0.143289747034478,"Generated","test","ICFM","icfm",4.24660832586858,2.72610625630556
-0.279365724803623,0.131367083463858,"Generated","test","ICFM","icfm",4.24660832586858,2.72610625630556
0.110667121208971,0.102649426377779,"Generated","test","ICFM","icfm",4.24660832586858,2.72610625630556
-0.175036933360227,-0.749262911101827,"Generated","test","ICFM","icfm",4.24660832586858,2.72610625630556
0.134005077530395,0.030155112940048,"Generated","test","ICFM","icfm",4.24660832586858,2.72610625630556
-0.0682609789798981,0.424871577933912,"Generated","test","ICFM","icfm",4.24660832586858,2.72610625630556
0.786182680518557,0.202572129120228,"Generated","test","ICFM","icfm",4.24660832586858,2.72610625630556
-0.312611773349944,0.165570449166302,"Generated","test","ICFM","icfm",4.24660832586858,2.72610625630556
0.144475958060084,0.00845143990792589,"Generated","test","ICFM","icfm",4.24660832586858,2.72610625630556
-0.281364495160126,-0.234564593189091,"Generated","test","ICFM","icfm",4.24660832586858,2.72610625630556
-0.435834433437928,0.353061660939273,"Generated","test","ICFM","icfm",4.24660832586858,2.72610625630556
-0.454351889153765,-0.133275041652891,"Generated","test","ICFM","icfm",4.24660832586858,2.72610625630556
0.0718843468243252,0.0271732778148201,"Generated","test","ICFM","icfm",4.24660832586858,2.72610625630556
0.621851449690904,0.325303380452297,"Generated","test","ICFM","icfm",4.24660832586858,2.72610625630556
-0.333855721650703,-0.218722525864307,"Generated","test","ICFM","icfm",4.24660832586858,2.72610625630556
-0.587265425372287,0.099077493302548,"Generated","test","ICFM","icfm",4.24660832586858,2.72610625630556
-0.377153257032615,0.142525457193168,"Generated","test","ICFM","icfm",4.24660832586858,2.72610625630556
-0.482542759781339,-0.218485747973457,"Generated","test","ICFM","icfm",4.24660832586858,2.72610625630556
0.570039261706818,0.0929019927910295,"Generated","test","ICFM","icfm",4.24660832586858,2.72610625630556
-0.276422397460253,-0.683623340215797,"Generated","test","ICFM","icfm",4.24660832586858,2.72610625630556
-0.51450013496566,0.37455829005675,"Generated","test","ICFM","icfm",4.24660832586858,2.72610625630556
-0.115335147909759,-0.187334007706846,"Generated","test","ICFM","icfm",4.24660832586858,2.72610625630556
0.0846900717317559,-0.211618669545247,"Generated","test","ICFM","icfm",4.24660832586858,2.72610625630556
-0.466799267027103,0.443393572108447,"Generated","test","ICFM","icfm",4.24660832586858,2.72610625630556
-0.531681995070101,0.6301820004742,"Generated","test","ICFM","icfm",4.24660832586858,2.72610625630556
0.731723687257041,0.0468650506413284,"Generated","test","ICFM","icfm",4.24660832586858,2.72610625630556
-0.525674747291046,0.316982474610097,"Generated","test","ICFM","icfm",4.24660832586858,2.72610625630556
0.582982641532247,0.214494290528875,"Generated","test","ICFM","icfm",4.24660832586858,2.72610625630556
0.343224439902099,-0.662869408987045,"Generated","test","ICFM","icfm",4.24660832586858,2.72610625630556
-0.246033135593382,-0.888519271202916,"Generated","test","ICFM","icfm",4.24660832586858,2.72610625630556
-0.201774225999134,0.0302373081357413,"Generated","test","ICFM","icfm",4.24660832586858,2.72610625630556
0.698212460237942,-0.239322704695655,"Generated","test","ICFM","icfm",4.24660832586858,2.72610625630556
0.51820971324626,0.177633112248998,"Generated","test","ICFM","icfm",4.24660832586858,2.72610625630556
-0.318503377046936,-0.485571341587086,"Generated","test","ICFM","icfm",4.24660832586858,2.72610625630556
0.776412283284326,0.260953880751867,"Generated","test","ICFM","icfm",4.24660832586858,2.72610625630556
-0.198431200421266,-0.366364430430909,"Generated","test","ICFM","icfm",4.24660832586858,2.72610625630556
-0.169907605807499,-0.301932529054836,"Generated","test","ICFM","icfm",4.24660832586858,2.72610625630556
-0.412772212361081,-0.301080442941095,"Generated","test","ICFM","icfm",4.24660832586858,2.72610625630556
-0.408290103316473,0.0711488392287176,"Generated","test","ICFM","icfm",4.24660832586858,2.72610625630556
0.0455297030146696,0.17947496975308,"Generated","test","ICFM","icfm",4.24660832586858,2.72610625630556
-0.598134233298381,0.606239955196636,"Generated","test","ICFM","icfm",4.24660832586858,2.72610625630556
0.194975642591966,0.327825650257675,"Generated","test","ICFM","icfm",4.24660832586858,2.72610625630556
0.218999040957179,0.212244422280476,"Generated","test","ICFM","icfm",4.24660832586858,2.72610625630556
0.653493058287549,0.525459607717926,"Generated","test","ICFM","icfm",4.24660832586858,2.72610625630556
-0.402531053936015,0.439623049030974,"Generated","test","ICFM","icfm",4.24660832586858,2.72610625630556
-0.149534768624774,-0.191819226408046,"Generated","test","ICFM","icfm",4.24660832586858,2.72610625630556
-0.318802206573157,0.238015178878526,"Generated","test","ICFM","icfm",4.24660832586858,2.72610625630556
-0.359020070443877,0.230002730614846,"Generated","test","ICFM","icfm",4.24660832586858,2.72610625630556
-0.433896236115201,-0.336996219061529,"Generated","test","ICFM","icfm",4.24660832586858,2.72610625630556
0.688051551381687,0.109349822320168,"Generated","test","ICFM","icfm",4.24660832586858,2.72610625630556
0.560745835303167,0.158075440118657,"Generated","test","ICFM","icfm",4.24660832586858,2.72610625630556
-0.0825895042955913,0.634503404294858,"Generated","test","ICFM","icfm",4.24660832586858,2.72610625630556
0.0308990237025649,0.0526295711237185,"Generated","test","ICFM","icfm",4.24660832586858,2.72610625630556
0.860455187572461,0.0358737378904787,"Generated","test","ICFM","icfm",4.24660832586858,2.72610625630556
0.126735229778924,-0.644668716398773,"Generated","test","ICFM","icfm",4.24660832586858,2.72610625630556
0.564100346897479,0.478740812096014,"Generated","test","ICFM","icfm",4.24660832586858,2.72610625630556
-0.234935339624916,0.476726055556879,"Generated","test","ICFM","icfm",4.24660832586858,2.72610625630556
-0.41530078233552,0.136453078708383,"Generated","test","ICFM","icfm",4.24660832586858,2.72610625630556
-0.193112704941791,0.172746778293592,"Generated","test","ICFM","icfm",4.24660832586858,2.72610625630556
0.679213960445177,-0.118493998570187,"Generated","test","ICFM","icfm",4.24660832586858,2.72610625630556
-0.0120499961233894,-0.1336568442876,"Generated","test","ICFM","icfm",4.24660832586858,2.72610625630556
0.72825987302407,-0.0431221830057229,"Generated","test","ICFM","icfm",4.24660832586858,2.72610625630556
-0.123966812347744,0.297995112629107,"Generated","test","ICFM","icfm",4.24660832586858,2.72610625630556
0.00966599839351377,-0.136617843863704,"Generated","test","ICFM","icfm",4.24660832586858,2.72610625630556
-0.338306780711705,0.250696568713099,"Generated","test","ICFM","icfm",4.24660832586858,2.72610625630556
-0.447673520277086,0.42213277089882,"Generated","test","ICFM","icfm",4.24660832586858,2.72610625630556
0.78783300566336,0.0607272442115953,"Generated","test","ICFM","icfm",4.24660832586858,2.72610625630556
0.788721941714872,0.188294943610269,"Generated","test","ICFM","icfm",4.24660832586858,2.72610625630556
-0.274922462205859,0.202316910053846,"Generated","test","ICFM","icfm",4.24660832586858,2.72610625630556
-0.274312296224789,-0.00785031346557949,"Generated","test","ICFM","icfm",4.24660832586858,2.72610625630556
0.0466205820170215,-0.0339344242827531,"Generated","test","ICFM","icfm",4.24660832586858,2.72610625630556
0.625722629463496,0.134106776521372,"Generated","test","ICFM","icfm",4.24660832586858,2.72610625630556
-0.141986718071775,-0.2972699925575,"Generated","test","ICFM","icfm",4.24660832586858,2.72610625630556
-0.233648425034052,-0.633009992923106,"Generated","test","ICFM","icfm",4.24660832586858,2.72610625630556
0.509232830913381,0.129427215638235,"Generated","test","ICFM","icfm",4.24660832586858,2.72610625630556
-0.524328298294069,0.456488724521264,"Generated","test","ICFM","icfm",4.24660832586858,2.72610625630556
-0.114901109343977,-0.00918280645598347,"Generated","test","ICFM","icfm",4.24660832586858,2.72610625630556
0.291225000874342,0.298015909260241,"Generated","test","ICFM","icfm",4.24660832586858,2.72610625630556
0.373085372441665,0.138938918000637,"Generated","test","ICFM","icfm",4.24660832586858,2.72610625630556
-0.106587568717949,0.30338438883377,"Generated","test","ICFM","icfm",4.24660832586858,2.72610625630556
-0.390357490895449,-0.534789546903049,"Generated","test","ICFM","icfm",4.24660832586858,2.72610625630556
-0.0764062251800199,0.291329244917171,"Generated","test","ICFM","icfm",4.24660832586858,2.72610625630556
-0.203822975435609,-0.435808841241418,"Generated","test","ICFM","icfm",4.24660832586858,2.72610625630556
0.950783075344773,0.158479745700139,"Generated","test","ICFM","icfm",4.24660832586858,2.72610625630556
-0.346172146074443,-0.673336805577208,"Generated","test","ICFM","icfm",4.24660832586858,2.72610625630556
-0.345088984782837,0.0483645275052084,"Generated","test","ICFM","icfm",4.24660832586858,2.72610625630556
0.394629321422357,-0.601206007980435,"Generated","test","ICFM","icfm",4.24660832586858,2.72610625630556
-0.350980612471366,-0.575215292165787,"Generated","test","ICFM","icfm",4.24660832586858,2.72610625630556
-0.336588030930601,0.460668797265912,"Generated","test","ICFM","icfm",4.24660832586858,2.72610625630556
0.739687572529704,-0.372109458691294,"Generated","test","ICFM","icfm",4.24660832586858,2.72610625630556
-0.455939170995848,0.280906172948094,"Generated","test","ICFM","icfm",4.24660832586858,2.72610625630556
-0.307217636094453,0.250765343842383,"Generated","test","ICFM","icfm",4.24660832586858,2.72610625630556
-0.29690562324728,0.0134279335476771,"Generated","test","ICFM","icfm",4.24660832586858,2.72610625630556
-0.0438520242473448,0.328649818148147,"Generated","test","ICFM","icfm",4.24660832586858,2.72610625630556
0.365194607791961,0.52678669467947,"Generated","test","ICFM","icfm",4.24660832586858,2.72610625630556
-0.356595808920874,0.150710140840117,"Generated","test","ICFM","icfm",4.24660832586858,2.72610625630556
0.261940594554105,0.207761578568487,"Generated","test","ICFM","icfm",4.24660832586858,2.72610625630556
-0.284704101974904,0.0878480152561199,"Generated","test","ICFM","icfm",4.24660832586858,2.72610625630556
0.243973041560634,0.14112100963708,"Generated","test","ICFM","icfm",4.24660832586858,2.72610625630556
0.237183890261044,-0.741569790484676,"Generated","test","ICFM","icfm",4.24660832586858,2.72610625630556
-0.28053974184542,-0.0655315323679625,"Generated","test","ICFM","icfm",4.24660832586858,2.72610625630556
0.987453140951026,-0.00269575172188596,"Generated","test","ICFM","icfm",4.24660832586858,2.72610625630556
-0.552906559116535,0.609229202192256,"Generated","test","ICFM","icfm",4.24660832586858,2.72610625630556
0.215105230327238,0.294210621773897,"Generated","test","ICFM","icfm",4.24660832586858,2.72610625630556
-0.476302889193007,0.573968339035815,"Generated","test","ICFM","icfm",4.24660832586858,2.72610625630556
0.948175682241095,0.15624134967685,"Generated","test","ICFM","icfm",4.24660832586858,2.72610625630556
-0.066931267969137,-0.0374539990969991,"Generated","test","ICFM","icfm",4.24660832586858,2.72610625630556
0.0106659176596731,-0.781366430840433,"Generated","test","ICFM","icfm",4.24660832586858,2.72610625630556
-0.314927653164701,-0.402570666625352,"Generated","test","ICFM","icfm",4.24660832586858,2.72610625630556
0.826505135591832,-0.153571089077621,"Generated","test","ICFM","icfm",4.24660832586858,2.72610625630556
-0.298789146809818,0.464377058814045,"Generated","test","ICFM","icfm",4.24660832586858,2.72610625630556
-0.239127287169859,-0.806623791149414,"Generated","test","ICFM","icfm",4.24660832586858,2.72610625630556
-0.50884140658038,0.459894217360114,"Generated","test","ICFM","icfm",4.24660832586858,2.72610625630556
-0.399340934262869,0.373955262323698,"Generated","test","ICFM","icfm",4.24660832586858,2.72610625630556
0.140545060253129,0.069056397099356,"Generated","test","ICFM","icfm",4.24660832586858,2.72610625630556
-0.31318319518816,-0.991302293341663,"Generated","test","ICFM","icfm",4.24660832586858,2.72610625630556
-0.0521393344964953,-0.159513216239924,"Generated","test","ICFM","icfm",4.24660832586858,2.72610625630556
-0.386881795516251,0.218970846358901,"Generated","test","ICFM","icfm",4.24660832586858,2.72610625630556
0.0685121346902154,-0.14844766854403,"Generated","test","ICFM","icfm",4.24660832586858,2.72610625630556
-0.378148042902683,0.0544176060281615,"Generated","test","ICFM","icfm",4.24660832586858,2.72610625630556
-0.338579084810649,-0.766595676872952,"Generated","test","ICFM","icfm",4.24660832586858,2.72610625630556
0.771505284598979,-0.00851281965126347,"Generated","test","ICFM","icfm",4.24660832586858,2.72610625630556
0.479267485918288,0.315389961316447,"Generated","test","ICFM","icfm",4.24660832586858,2.72610625630556
0.151911754710632,-0.024755469437885,"Generated","test","ICFM","icfm",4.24660832586858,2.72610625630556
-0.521016072580739,0.24837951849837,"Generated","test","ICFM","icfm",4.24660832586858,2.72610625630556
-0.513173121329134,-0.0650139647240188,"Generated","test","ICFM","icfm",4.24660832586858,2.72610625630556
0.754510843921855,0.0860514822342114,"Generated","test","ICFM","icfm",4.24660832586858,2.72610625630556
-0.615755227113266,0.360332913639528,"Generated","test","ICFM","icfm",4.24660832586858,2.72610625630556
-0.563997662016645,0.669455427637998,"Generated","test","ICFM","icfm",4.24660832586858,2.72610625630556
-0.242267499394601,-0.226230376410621,"Generated","test","ICFM","icfm",4.24660832586858,2.72610625630556
-0.425277769287697,0.445159311229893,"Generated","test","ICFM","icfm",4.24660832586858,2.72610625630556
-0.468721148974811,0.39670718640199,"Generated","test","ICFM","icfm",4.24660832586858,2.72610625630556
-0.168590060926709,-0.238928047242766,"Generated","test","ICFM","icfm",4.24660832586858,2.72610625630556
-0.14765675758083,-0.0175479945910128,"Generated","test","ICFM","icfm",4.24660832586858,2.72610625630556
-0.335161375772168,-0.699328544309142,"Generated","test","ICFM","icfm",4.24660832586858,2.72610625630556
-0.494290097453575,0.509584806926174,"Generated","test","ICFM","icfm",4.24660832586858,2.72610625630556
0.614623661834668,0.219215182560717,"Generated","test","ICFM","icfm",4.24660832586858,2.72610625630556
0.884640242673189,-0.410190538672068,"Generated","test","ICFM","icfm",4.24660832586858,2.72610625630556
-0.369196686384193,-0.182765931394941,"Generated","test","ICFM","icfm",4.24660832586858,2.72610625630556
0.289053633173674,0.0767312498864894,"Generated","test","ICFM","icfm",4.24660832586858,2.72610625630556
-0.370194531283376,0.215900133868796,"Generated","test","ICFM","icfm",4.24660832586858,2.72610625630556
0.195835881408128,0.192363163744925,"Generated","test","ICFM","icfm",4.24660832586858,2.72610625630556
-0.0377579057065257,0.0316707136895267,"Generated","test","ICFM","icfm",4.24660832586858,2.72610625630556
-0.224664022464685,-0.382252859066034,"Generated","test","ICFM","icfm",4.24660832586858,2.72610625630556
-0.099709513635893,-0.663423504357948,"Generated","test","ICFM","icfm",4.24660832586858,2.72610625630556
-0.251195478841196,0.0224369812736982,"Generated","test","ICFM","icfm",4.24660832586858,2.72610625630556
-0.573765751094409,-0.0400118320943973,"Generated","test","ICFM","icfm",4.24660832586858,2.72610625630556
-0.479112824376806,0.222608545803804,"Generated","test","ICFM","icfm",4.24660832586858,2.72610625630556
-0.181261187668482,-0.625033531515634,"Generated","test","ICFM","icfm",4.24660832586858,2.72610625630556
-0.317029111842945,-0.431841021717292,"Generated","test","ICFM","icfm",4.24660832586858,2.72610625630556
0.47560234656515,0.598729312625643,"Generated","test","ICFM","icfm",4.24660832586858,2.72610625630556
-0.427369814650848,-0.258604714365013,"Generated","test","ICFM","icfm",4.24660832586858,2.72610625630556
-0.0164783915902185,-0.586176629896519,"Generated","test","ICFM","icfm",4.24660832586858,2.72610625630556
0.0986017895431107,-0.068981386260004,"Generated","test","ICFM","icfm",4.24660832586858,2.72610625630556
-0.236928929229867,-0.743636959987217,"Generated","test","ICFM","icfm",4.24660832586858,2.72610625630556
-0.230465886990739,-0.833801535734647,"Generated","test","ICFM","icfm",4.24660832586858,2.72610625630556
0.819817243881003,0.262365582646437,"Generated","test","ICFM","icfm",4.24660832586858,2.72610625630556
0.773722237116734,0.480288359594107,"Generated","test","ICFM","icfm",4.24660832586858,2.72610625630556
0.84903700386486,0.335333518746986,"Generated","test","ICFM","icfm",4.24660832586858,2.72610625630556
0.351246353735384,0.0462029451177455,"Generated","test","ICFM","icfm",4.24660832586858,2.72610625630556
-0.526352833705435,0.616674733209331,"Generated","test","ICFM","icfm",4.24660832586858,2.72610625630556
0.837624417625673,0.291502635713391,"Generated","test","ICFM","icfm",4.24660832586858,2.72610625630556
-0.386047198905751,-0.133262823496115,"Generated","test","ICFM","icfm",4.24660832586858,2.72610625630556
-0.421067477515994,0.182719179853599,"Generated","test","ICFM","icfm",4.24660832586858,2.72610625630556
-0.338425965934907,0.102318825289204,"Generated","test","ICFM","icfm",4.24660832586858,2.72610625630556
0.249213726436622,-0.0287193740876245,"Generated","test","ICFM","icfm",4.24660832586858,2.72610625630556
0.457617682333974,0.131695323709638,"Generated","test","ICFM","icfm",4.24660832586858,2.72610625630556
0.610197348110355,-0.459762392580252,"Generated","test","ICFM","icfm",4.24660832586858,2.72610625630556
0.572739721806215,0.0596663709550782,"Generated","test","ICFM","icfm",4.24660832586858,2.72610625630556
-0.389083947390573,0.2481832734064,"Generated","test","ICFM","icfm",4.24660832586858,2.72610625630556
0.730239664027706,0.396954798839319,"Generated","test","ICFM","icfm",4.24660832586858,2.72610625630556
-0.366474423065565,0.0478671229295552,"Generated","test","ICFM","icfm",4.24660832586858,2.72610625630556
0.896750523316077,0.0594610031655594,"Generated","test","ICFM","icfm",4.24660832586858,2.72610625630556
-0.137786465342898,-0.857112752671111,"Generated","test","ICFM","icfm",4.24660832586858,2.72610625630556
-0.458089130782167,-0.138775572508678,"Generated","test","ICFM","icfm",4.24660832586858,2.72610625630556
-0.0796449227966178,-0.25913247505072,"Generated","test","ICFM","icfm",4.24660832586858,2.72610625630556
-0.366322554429429,-0.160303604387264,"Generated","test","ICFM","icfm",4.24660832586858,2.72610625630556
-0.2561861189486,-0.646454418967626,"Generated","test","ICFM","icfm",4.24660832586858,2.72610625630556
0.0231752033184449,0.101755318552308,"Generated","test","ICFM","icfm",4.24660832586858,2.72610625630556
0.151766371965321,0.587459808812277,"Generated","test","ICFM","icfm",4.24660832586858,2.72610625630556
-0.0657107883296675,-0.0535522065834865,"Generated","test","ICFM","icfm",4.24660832586858,2.72610625630556
-0.503801736122014,0.111019331073384,"Generated","test","ICFM","icfm",4.24660832586858,2.72610625630556
-0.362798028561109,0.301463495160006,"Generated","test","ICFM","icfm",4.24660832586858,2.72610625630556
-0.433261600420167,-0.153622476403518,"Generated","test","ICFM","icfm",4.24660832586858,2.72610625630556
-0.197125299953393,-0.153283300618298,"Generated","test","ICFM","icfm",4.24660832586858,2.72610625630556
0.635363307873001,0.185724601276156,"Generated","test","ICFM","icfm",4.24660832586858,2.72610625630556
-0.483550527382134,-0.225689979765153,"Generated","test","ICFM","icfm",4.24660832586858,2.72610625630556
-0.417759500464128,0.309964451654817,"Generated","test","ICFM","icfm",4.24660832586858,2.72610625630556
-0.538822682411247,0.60548234245035,"Generated","test","ICFM","icfm",4.24660832586858,2.72610625630556
0.0295142568688725,-0.00613918442292668,"Generated","test","ICFM","icfm",4.24660832586858,2.72610625630556
0.043649774053441,0.556785962785792,"Generated","test","ICFM","icfm",4.24660832586858,2.72610625630556
0.214458394924392,0.155249309991535,"Generated","test","ICFM","icfm",4.24660832586858,2.72610625630556
0.0526170766298135,-0.668853312816904,"Generated","test","ICFM","icfm",4.24660832586858,2.72610625630556
-0.39054496200579,0.232105216468782,"Generated","test","ICFM","icfm",4.24660832586858,2.72610625630556
-0.510883485989746,0.432728171038844,"Generated","test","ICFM","icfm",4.24660832586858,2.72610625630556
-0.442042505509856,-0.30790913871675,"Generated","test","ICFM","icfm",4.24660832586858,2.72610625630556
-0.302006876775719,-0.378781361043574,"Generated","test","ICFM","icfm",4.24660832586858,2.72610625630556
0.93705143638353,0.213530075667731,"Generated","test","ICFM","icfm",4.24660832586858,2.72610625630556
-0.319136383312901,-0.191871848923642,"Generated","test","ICFM","icfm",4.24660832586858,2.72610625630556
-0.199662809620006,0.0367624261841924,"Generated","test","ICFM","icfm",4.24660832586858,2.72610625630556
-0.336582242741022,0.203809432976143,"Generated","test","ICFM","icfm",4.24660832586858,2.72610625630556
0.280430696037683,0.0139464880380443,"Generated","test","ICFM","icfm",4.24660832586858,2.72610625630556
-0.464084383310963,-0.03473672163534,"Generated","test","ICFM","icfm",4.24660832586858,2.72610625630556
-0.386537302004103,0.139121679557483,"Generated","test","ICFM","icfm",4.24660832586858,2.72610625630556
0.897351402199877,0.145542145107231,"Generated","test","ICFM","icfm",4.24660832586858,2.72610625630556
0.638317860711799,0.348452176932618,"Generated","test","ICFM","icfm",4.24660832586858,2.72610625630556
-0.453641962539301,0.464668757180302,"Generated","test","ICFM","icfm",4.24660832586858,2.72610625630556
-0.0347735739366486,0.0389750434939233,"Generated","test","ICFM","icfm",4.24660832586858,2.72610625630556
-0.597770677193294,0.147713778747075,"Generated","test","ICFM","icfm",4.24660832586858,2.72610625630556
-0.364238180937777,-0.0546526845511372,"Generated","test","ICFM","icfm",4.24660832586858,2.72610625630556
0.396400868305258,-0.457625313455213,"Generated","test","ICFM","icfm",4.24660832586858,2.72610625630556
0.113911014736829,0.0956412923115368,"Generated","test","ICFM","icfm",4.24660832586858,2.72610625630556
0.0294985570056679,-0.313150976208889,"Generated","test","ICFM","icfm",4.24660832586858,2.72610625630556
0.650002963710461,0.187784273987794,"Generated","test","ICFM","icfm",4.24660832586858,2.72610625630556
-0.0981054787766241,-0.72753277219548,"Generated","test","ICFM","icfm",4.24660832586858,2.72610625630556
0.258677189675356,-0.603868020839333,"Generated","test","ICFM","icfm",4.24660832586858,2.72610625630556
0.042198895619161,-0.433390609705605,"Generated","test","ICFM","icfm",4.24660832586858,2.72610625630556
0.590764501589841,0.0566860997518861,"Generated","test","ICFM","icfm",4.24660832586858,2.72610625630556
0.813755322060513,0.343360044550354,"Generated","test","ICFM","icfm",4.24660832586858,2.72610625630556
-0.309858823790143,-0.450568897388389,"Generated","test","ICFM","icfm",4.24660832586858,2.72610625630556
-0.422556713803596,0.118875347173898,"Generated","test","ICFM","icfm",4.24660832586858,2.72610625630556
0.898831543014159,0.319330546696523,"Generated","test","ICFM","icfm",4.24660832586858,2.72610625630556
0.860525993321739,-0.219430379567034,"Generated","test","ICFM","icfm",4.24660832586858,2.72610625630556
-0.206679032305285,0.253011390329073,"Generated","test","ICFM","icfm",4.24660832586858,2.72610625630556
-0.473796047170593,-0.00862579500964793,"Generated","test","ICFM","icfm",4.24660832586858,2.72610625630556
0.835206928923227,0.25751657274305,"Generated","test","ICFM","icfm",4.24660832586858,2.72610625630556
-0.310588016129035,0.157464921063098,"Generated","test","ICFM","icfm",4.24660832586858,2.72610625630556
0.0039889088759276,0.379228386434959,"Generated","test","ICFM","icfm",4.24660832586858,2.72610625630556
0.465155039582595,0.147825199603583,"Generated","test","ICFM","icfm",4.24660832586858,2.72610625630556
0.755442940448725,0.430295880195554,"Generated","test","ICFM","icfm",4.24660832586858,2.72610625630556
-0.390705008167963,-0.0336234895595308,"Generated","test","ICFM","icfm",4.24660832586858,2.72610625630556
-0.451408393610508,0.227202783810307,"Generated","test","ICFM","icfm",4.24660832586858,2.72610625630556
-0.0104056863428418,-0.529001604548435,"Generated","test","ICFM","icfm",4.24660832586858,2.72610625630556
0.923280003158885,0.0373575636984998,"Generated","test","ICFM","icfm",4.24660832586858,2.72610625630556
0.0889677283554713,-0.299014998285486,"Generated","test","ICFM","icfm",4.24660832586858,2.72610625630556
-0.352899243476342,0.0723536154643906,"Generated","test","ICFM","icfm",4.24660832586858,2.72610625630556
0.37484133029312,0.279641678967513,"Generated","test","ICFM","icfm",4.24660832586858,2.72610625630556
0.670351336425041,0.343107758136999,"Generated","test","ICFM","icfm",4.24660832586858,2.72610625630556
-0.465164748281636,0.33445079384255,"Generated","test","ICFM","icfm",4.24660832586858,2.72610625630556
-0.272065463005984,0.11431358835821,"Generated","test","ICFM","icfm",4.24660832586858,2.72610625630556
0.0133912703495924,-0.35693279938802,"Generated","test","ICFM","icfm",4.24660832586858,2.72610625630556
-0.312222434061709,-0.111487170269018,"Generated","test","ICFM","icfm",4.24660832586858,2.72610625630556
-0.537582570858516,0.605720685079108,"Generated","test","ICFM","icfm",4.24660832586858,2.72610625630556
0.969545690384388,0.210981713134391,"Generated","test","ICFM","icfm",4.24660832586858,2.72610625630556
-0.36043334648684,0.110344582812892,"Generated","test","ICFM","icfm",4.24660832586858,2.72610625630556
0.928002598186216,0.210046055325396,"Generated","test","ICFM","icfm",4.24660832586858,2.72610625630556
-0.189363433593326,-0.853958816532759,"Generated","test","ICFM","icfm",4.24660832586858,2.72610625630556
-0.355916940501735,-0.108851255486118,"Generated","test","ICFM","icfm",4.24660832586858,2.72610625630556
-0.147338229281039,-0.167693039158445,"Generated","test","ICFM","icfm",4.24660832586858,2.72610625630556
-0.502494963267965,0.297717464141013,"Generated","test","ICFM","icfm",4.24660832586858,2.72610625630556
-0.345098349634152,0.0701712018280041,"Generated","test","ICFM","icfm",4.24660832586858,2.72610625630556
-0.368639197172946,0.194058817501186,"Generated","test","ICFM","icfm",4.24660832586858,2.72610625630556
-0.330162944269407,0.421939251869767,"Generated","test","ICFM","icfm",4.24660832586858,2.72610625630556
-0.224985162253206,0.183328008199997,"Generated","test","ICFM","icfm",4.24660832586858,2.72610625630556
0.455562562672359,0.182486207822527,"Generated","test","ICFM","icfm",4.24660832586858,2.72610625630556
0.266323552425139,-0.561956838996687,"Generated","test","ICFM","icfm",4.24660832586858,2.72610625630556
0.260854621002483,-0.0136510370532075,"Generated","test","ICFM","icfm",4.24660832586858,2.72610625630556
-0.557224172894644,0.655626764760863,"Generated","test","ICFM","icfm",4.24660832586858,2.72610625630556
-0.404208295964008,0.174798412251892,"Generated","test","ICFM","icfm",4.24660832586858,2.72610625630556
-0.302134864057961,-0.365471181863466,"Generated","test","ICFM","icfm",4.24660832586858,2.72610625630556
-0.293769361073028,-0.648428914438532,"Generated","test","ICFM","icfm",4.24660832586858,2.72610625630556
-0.233646852581804,0.206248951141247,"Generated","test","ICFM","icfm",4.24660832586858,2.72610625630556
0.232838870303534,0.249863503244795,"Generated","test","ICFM","icfm",4.24660832586858,2.72610625630556
0.220346409681515,0.0870030434615078,"Generated","test","ICFM","icfm",4.24660832586858,2.72610625630556
-0.220708480648969,0.549692230330676,"Generated","test","ICFM","icfm",4.24660832586858,2.72610625630556
0.427946547965594,0.328360224326357,"Generated","test","ICFM","icfm",4.24660832586858,2.72610625630556
0.28612568544867,-0.0357879810325254,"Generated","test","ICFM","icfm",4.24660832586858,2.72610625630556
0.848953083152033,0.441387196853941,"Generated","test","ICFM","icfm",4.24660832586858,2.72610625630556
-0.451691422467486,0.382558228107706,"Generated","test","ICFM","icfm",4.24660832586858,2.72610625630556
-0.353042505526937,-0.125707971658729,"Generated","test","ICFM","icfm",4.24660832586858,2.72610625630556
-0.221141639068243,-0.134217892549305,"Generated","test","ICFM","icfm",4.24660832586858,2.72610625630556
0.444103370521015,0.185138088045835,"Generated","test","ICFM","icfm",4.24660832586858,2.72610625630556
0.314931322229734,0.0355283993935486,"Generated","test","ICFM","icfm",4.24660832586858,2.72610625630556
-0.30628282264622,-0.202964093160395,"Generated","test","ICFM","icfm",4.24660832586858,2.72610625630556
-0.137313359504824,-0.257750726338404,"Generated","test","ICFM","icfm",4.24660832586858,2.72610625630556
-0.357058510073305,0.29401715323112,"Generated","test","ICFM","icfm",4.24660832586858,2.72610625630556
0.840850190497629,-0.258683227952252,"Generated","test","ICFM","icfm",4.24660832586858,2.72610625630556
-0.0149648722685003,-0.45518972511881,"Generated","test","ICFM","icfm",4.24660832586858,2.72610625630556
-0.477566331390273,0.418722316378292,"Generated","test","ICFM","icfm",4.24660832586858,2.72610625630556
-0.395573985036953,0.304145953011649,"Generated","test","ICFM","icfm",4.24660832586858,2.72610625630556
0.895568625932141,-0.325140990455875,"Generated","test","ICFM","icfm",4.24660832586858,2.72610625630556
-0.314423533470658,0.0463047470766894,"Generated","test","ICFM","icfm",4.24660832586858,2.72610625630556
0.643151174311517,0.122465167046817,"Generated","test","ICFM","icfm",4.24660832586858,2.72610625630556
-0.490655187276857,-0.163154145319115,"Generated","test","ICFM","icfm",4.24660832586858,2.72610625630556
-0.430222750221847,-0.206433529644945,"Generated","test","ICFM","icfm",4.24660832586858,2.72610625630556
-0.2527237547706,0.232802912227799,"Generated","test","ICFM","icfm",4.24660832586858,2.72610625630556
-0.270295778792103,-0.869590095736882,"Generated","test","ICFM","icfm",4.24660832586858,2.72610625630556
-0.36077612724132,0.292513113626658,"Generated","test","ICFM","icfm",4.24660832586858,2.72610625630556
-0.407072181031121,0.0539223994813911,"Generated","test","ICFM","icfm",4.24660832586858,2.72610625630556
-0.37331101869329,-0.162631861449559,"Generated","test","ICFM","icfm",4.24660832586858,2.72610625630556
-0.434071419434876,0.256749753010681,"Generated","test","ICFM","icfm",4.24660832586858,2.72610625630556
-0.117478834811418,0.0166979018630486,"Generated","test","ICFM","icfm",4.24660832586858,2.72610625630556
0.681976934621161,-0.0299295859298783,"Generated","test","ICFM","icfm",4.24660832586858,2.72610625630556
-0.158198806002272,-0.101659771556932,"Generated","test","ICFM","icfm",4.24660832586858,2.72610625630556
0.107889921543406,-0.0161629848518223,"Generated","test","ICFM","icfm",4.24660832586858,2.72610625630556
0.0738833945204212,-0.307286381503211,"Generated","test","ICFM","icfm",4.24660832586858,2.72610625630556
-0.317971098844628,-0.311630883602523,"Generated","test","ICFM","icfm",4.24660832586858,2.72610625630556
-0.378152946619433,0.274708724965395,"Generated","test","ICFM","icfm",4.24660832586858,2.72610625630556
-0.320844530548168,0.54189788151851,"Generated","test","ICFM","icfm",4.24660832586858,2.72610625630556
-0.23394858008432,-0.0387901085570825,"Generated","test","ICFM","icfm",4.24660832586858,2.72610625630556
-0.0389011977008106,-0.056282271459245,"Generated","test","ICFM","icfm",4.24660832586858,2.72610625630556
-0.466058793963791,0.498718453089194,"Generated","test","ICFM","icfm",4.24660832586858,2.72610625630556
0.558170189362201,-0.510165714743938,"Generated","test","ICFM","icfm",4.24660832586858,2.72610625630556
-0.0687679047258723,-0.136140303018279,"Generated","test","ICFM","icfm",4.24660832586858,2.72610625630556
-0.450528215209886,-0.182397870086472,"Generated","test","ICFM","icfm",4.24660832586858,2.72610625630556
-0.288656007490741,-0.0102514401139221,"Generated","test","ICFM","icfm",4.24660832586858,2.72610625630556
-0.124785173566515,0.0893659735921579,"Generated","test","ICFM","icfm",4.24660832586858,2.72610625630556
-0.522612513504628,0.383021321539816,"Generated","test","ICFM","icfm",4.24660832586858,2.72610625630556
-0.313280305790175,-0.542754830111688,"Generated","test","ICFM","icfm",4.24660832586858,2.72610625630556
-0.381126986779521,-0.0453358736477743,"Generated","test","ICFM","icfm",4.24660832586858,2.72610625630556
0.496990657072685,0.0510222773675979,"Generated","test","ICFM","icfm",4.24660832586858,2.72610625630556
0.702245072318222,-0.467097639807981,"Generated","test","ICFM","icfm",4.24660832586858,2.72610625630556
-0.310429843111644,0.116047246389437,"Generated","test","ICFM","icfm",4.24660832586858,2.72610625630556
-0.340664690814273,-0.491053580267064,"Generated","test","ICFM","icfm",4.24660832586858,2.72610625630556
-0.227356043302271,-0.0579250827499688,"Generated","test","ICFM","icfm",4.24660832586858,2.72610625630556
-0.142815429985993,-0.080308900734438,"Generated","test","ICFM","icfm",4.24660832586858,2.72610625630556
0.895488572324997,0.395600911616117,"Generated","test","ICFM","icfm",4.24660832586858,2.72610625630556
0.326007826427568,0.302535851550623,"Generated","test","ICFM","icfm",4.24660832586858,2.72610625630556
0.92505190498456,0.351350497944332,"Generated","test","ICFM","icfm",4.24660832586858,2.72610625630556
0.687883965014003,0.3789847639346,"Generated","test","ICFM","icfm",4.24660832586858,2.72610625630556
-0.144105910948478,-0.626441313958745,"Generated","test","ICFM","icfm",4.24660832586858,2.72610625630556
-0.347518661802935,-0.334692804475358,"Generated","test","ICFM","icfm",4.24660832586858,2.72610625630556
-0.149496484462045,-0.686866915199401,"Generated","test","ICFM","icfm",4.24660832586858,2.72610625630556
-0.095824431999417,0.22963155438987,"Generated","test","ICFM","icfm",4.24660832586858,2.72610625630556
-0.45655871546931,0.368242200451932,"Generated","test","ICFM","icfm",4.24660832586858,2.72610625630556
-0.397185362224703,0.104599437310531,"Generated","test","ICFM","icfm",4.24660832586858,2.72610625630556
-0.329149650722047,-0.241340316721474,"Generated","test","ICFM","icfm",4.24660832586858,2.72610625630556
0.107099393378215,0.158328454415767,"Generated","test","ICFM","icfm",4.24660832586858,2.72610625630556
0.435828377246066,-0.471443809906823,"Generated","test","ICFM","icfm",4.24660832586858,2.72610625630556
-0.361130363822007,0.1948364787807,"Generated","test","ICFM","icfm",4.24660832586858,2.72610625630556
0.891950779073089,0.322814797740439,"Generated","test","ICFM","icfm",4.24660832586858,2.72610625630556
-0.387450679693065,-0.0712959448123231,"Generated","test","ICFM","icfm",4.24660832586858,2.72610625630556
-0.4566528176272,0.311236339719095,"Generated","test","ICFM","icfm",4.24660832586858,2.72610625630556
-0.132983505450666,-0.468676858729225,"Generated","test","ICFM","icfm",4.24660832586858,2.72610625630556
0.000794210548381157,-0.291851109525599,"Generated","test","ICFM","icfm",4.24660832586858,2.72610625630556
-0.46195005373878,-0.177505541137337,"Generated","test","ICFM","icfm",4.24660832586858,2.72610625630556
0.100659069571653,-0.574163812306326,"Generated","test","ICFM","icfm",4.24660832586858,2.72610625630556
-0.197018370471244,0.206833167306185,"Generated","test","ICFM","icfm",4.24660832586858,2.72610625630556
-0.020714986603277,0.162887292175524,"Generated","test","ICFM","icfm",4.24660832586858,2.72610625630556
-0.38964154146405,0.268600636058809,"Generated","test","ICFM","icfm",4.24660832586858,2.72610625630556
-0.470337415098477,0.275262158465602,"Generated","test","ICFM","icfm",4.24660832586858,2.72610625630556
0.392739936325541,-0.386768606116068,"Generated","test","ICFM","icfm",4.24660832586858,2.72610625630556
0.0549716476545156,0.034853866169727,"Generated","test","ICFM","icfm",4.24660832586858,2.72610625630556
0.354702043123869,0.183073510053047,"Generated","test","ICFM","icfm",4.24660832586858,2.72610625630556
0.485858866262449,-0.251252637722408,"Generated","test","ICFM","icfm",4.24660832586858,2.72610625630556
0.40174170291485,-0.667688253296266,"Generated","test","ICFM","icfm",4.24660832586858,2.72610625630556
-0.340021893205477,0.0318550682362591,"Generated","test","ICFM","icfm",4.24660832586858,2.72610625630556
0.892033010432891,0.401293686897877,"Generated","test","ICFM","icfm",4.24660832586858,2.72610625630556
-0.504829430612567,0.527250025108011,"Generated","test","ICFM","icfm",4.24660832586858,2.72610625630556
0.259922164913891,0.124078971068483,"Generated","test","ICFM","icfm",4.24660832586858,2.72610625630556
0.244086368900902,-0.678518893289272,"Generated","test","ICFM","icfm",4.24660832586858,2.72610625630556
-0.0120630023632774,0.0524991951415174,"Generated","test","ICFM","icfm",4.24660832586858,2.72610625630556
-0.393076914553571,0.251170151160339,"Generated","test","ICFM","icfm",4.24660832586858,2.72610625630556
0.740286475524661,-0.351058830708019,"Generated","test","ICFM","icfm",4.24660832586858,2.72610625630556
0.80017089451316,0.578551623855037,"Generated","test","ICFM","icfm",4.24660832586858,2.72610625630556
-0.416623247517243,0.222223479492573,"Generated","test","ICFM","icfm",4.24660832586858,2.72610625630556
-0.174509157471022,-0.323366924447835,"Generated","test","ICFM","icfm",4.24660832586858,2.72610625630556
0.1559411476884,0.250771247695005,"Generated","test","ICFM","icfm",4.24660832586858,2.72610625630556
-0.256164995096698,-0.0459009816755704,"Generated","test","ICFM","icfm",4.24660832586858,2.72610625630556
0.00731127434396659,0.26632896597657,"Generated","test","ICFM","icfm",4.24660832586858,2.72610625630556
0.759126179127929,0.266753547626939,"Generated","test","ICFM","icfm",4.24660832586858,2.72610625630556
-0.0686332078674164,-0.335591109231489,"Generated","test","ICFM","icfm",4.24660832586858,2.72610625630556
-0.0881263943992769,-0.723087697991189,"Generated","test","ICFM","icfm",4.24660832586858,2.72610625630556
-0.362892419777953,0.164518297313485,"Generated","test","ICFM","icfm",4.24660832586858,2.72610625630556
0.218682324137894,0.0340205035204662,"Generated","test","ICFM","icfm",4.24660832586858,2.72610625630556
-0.230689701620342,-0.152126484018519,"Generated","test","ICFM","icfm",4.24660832586858,2.72610625630556
-0.510297673395454,0.545948364766327,"Generated","test","ICFM","icfm",4.24660832586858,2.72610625630556
0.298609928261866,-0.230037751156991,"Generated","test","ICFM","icfm",4.24660832586858,2.72610625630556
0.00329534519729398,-0.470492324030196,"Generated","test","ICFM","icfm",4.24660832586858,2.72610625630556
0.364942179205639,0.462238134387397,"Generated","test","ICFM","icfm",4.24660832586858,2.72610625630556
0.0783182405669853,0.235132019200846,"Generated","test","ICFM","icfm",4.24660832586858,2.72610625630556
-0.33235552269449,-0.290864541128811,"Generated","test","ICFM","icfm",4.24660832586858,2.72610625630556
-0.408940632859802,0.443393348403067,"Generated","test","ICFM","icfm",4.24660832586858,2.72610625630556
0.454325786166947,-0.198097902979767,"Generated","test","ICFM","icfm",4.24660832586858,2.72610625630556
0.119284049982561,0.269325025355663,"Generated","test","ICFM","icfm",4.24660832586858,2.72610625630556
0.142983324440925,-0.608217350321157,"Generated","test","ICFM","icfm",4.24660832586858,2.72610625630556
-0.528601045147721,0.37874434781665,"Generated","test","ICFM","icfm",4.24660832586858,2.72610625630556
-0.343456260055654,0.303491782266896,"Generated","test","ICFM","icfm",4.24660832586858,2.72610625630556
-0.268523942250729,-0.233337284040375,"Generated","test","ICFM","icfm",4.24660832586858,2.72610625630556
-0.384369370395606,0.270942556263303,"Generated","test","ICFM","icfm",4.24660832586858,2.72610625630556
-0.360751245309749,0.434988682066549,"Generated","test","ICFM","icfm",4.24660832586858,2.72610625630556
-0.360056681912324,0.196671631738713,"Generated","test","ICFM","icfm",4.24660832586858,2.72610625630556
0.724788005009672,0.663290624773756,"Generated","test","ICFM","icfm",4.24660832586858,2.72610625630556
0.218442724502342,0.161341030554686,"Generated","test","ICFM","icfm",4.24660832586858,2.72610625630556
-0.356947709798935,0.170859364294627,"Generated","test","ICFM","icfm",4.24660832586858,2.72610625630556
-0.404942103921213,0.307299980692371,"Generated","test","ICFM","icfm",4.24660832586858,2.72610625630556
-0.117977409216969,0.298846814595685,"Generated","test","ICFM","icfm",4.24660832586858,2.72610625630556
-0.544750743522221,-0.161885216696082,"Generated","test","ICFM","icfm",4.24660832586858,2.72610625630556
0.611857859771592,-0.482539879470685,"Generated","test","ICFM","icfm",4.24660832586858,2.72610625630556
-0.163254662829344,-0.157177627551009,"Generated","test","ICFM","icfm",4.24660832586858,2.72610625630556
0.428462719842234,-0.689254400601099,"Generated","test","ICFM","icfm",4.24660832586858,2.72610625630556
-0.344033028353528,-0.0898377935062696,"Generated","test","ICFM","icfm",4.24660832586858,2.72610625630556
-0.565425201678849,0.36231931310518,"Generated","test","ICFM","icfm",4.24660832586858,2.72610625630556
-0.505022596366644,0.267544316795581,"Generated","test","ICFM","icfm",4.24660832586858,2.72610625630556
-0.216507647914636,0.285855861647508,"Generated","test","ICFM","icfm",4.24660832586858,2.72610625630556
0.926665522172597,0.0933409948917284,"Generated","test","ICFM","icfm",4.24660832586858,2.72610625630556
0.708126891449734,0.504421829444152,"Generated","test","ICFM","icfm",4.24660832586858,2.72610625630556
-0.198079836772669,-0.939819740441047,"Generated","test","ICFM","icfm",4.24660832586858,2.72610625630556
-0.361636943671159,0.269932370080129,"Generated","test","ICFM","icfm",4.24660832586858,2.72610625630556
-0.176162651363093,-0.120687389447907,"Generated","test","ICFM","icfm",4.24660832586858,2.72610625630556
-0.364122212161726,0.258325782191634,"Generated","test","ICFM","icfm",4.24660832586858,2.72610625630556
-0.37237125527938,-0.0942801598265197,"Generated","test","ICFM","icfm",4.24660832586858,2.72610625630556
-0.272899457492671,0.152285984023268,"Generated","test","ICFM","icfm",4.24660832586858,2.72610625630556
0.15899610246218,-0.155235336704687,"Generated","test","ICFM","icfm",4.24660832586858,2.72610625630556
-0.333941806176939,-0.78933115276756,"Generated","test","ICFM","icfm",4.24660832586858,2.72610625630556
-0.387109648681838,0.174054657522714,"Generated","test","ICFM","icfm",4.24660832586858,2.72610625630556
-0.126945901473698,-0.378082142065187,"Generated","test","ICFM","icfm",4.24660832586858,2.72610625630556
-0.327789898981501,0.171983942511813,"Generated","test","ICFM","icfm",4.24660832586858,2.72610625630556
-0.499654870694588,-0.0738105740949332,"Generated","test","ICFM","icfm",4.24660832586858,2.72610625630556
0.850702845042128,0.328857114886461,"Generated","test","ICFM","icfm",4.24660832586858,2.72610625630556
-0.479033955180944,-0.257949783022721,"Generated","test","ICFM","icfm",4.24660832586858,2.72610625630556
-0.360538940647784,0.142175841910125,"Generated","test","ICFM","icfm",4.24660832586858,2.72610625630556
-0.51094117856537,0.644314104121879,"Generated","test","ICFM","icfm",4.24660832586858,2.72610625630556
-0.476536831604908,0.243440731265581,"Generated","test","ICFM","icfm",4.24660832586858,2.72610625630556
-0.349200001756635,0.192792634495178,"Generated","test","ICFM","icfm",4.24660832586858,2.72610625630556
0.388188906235851,-0.241348902927345,"Generated","test","ICFM","icfm",4.24660832586858,2.72610625630556
0.892033406362925,0.425971115462292,"Generated","test","ICFM","icfm",4.24660832586858,2.72610625630556
-0.171817091792477,-0.706754704381674,"Generated","test","ICFM","icfm",4.24660832586858,2.72610625630556
-0.370371272876507,-0.00216924827251906,"Generated","test","ICFM","icfm",4.24660832586858,2.72610625630556
-0.567453779377858,0.403824957841938,"Generated","test","ICFM","icfm",4.24660832586858,2.72610625630556
0.830312129694116,0.089751540471501,"Generated","test","ICFM","icfm",4.24660832586858,2.72610625630556
0.84344510842426,0.382097374832005,"Generated","test","ICFM","icfm",4.24660832586858,2.72610625630556
-0.360606689023728,0.00217748122136658,"Generated","test","ICFM","icfm",4.24660832586858,2.72610625630556
-0.399976048195037,0.0354211459155619,"Generated","test","ICFM","icfm",4.24660832586858,2.72610625630556
0.890739367092928,0.362256241180595,"Generated","test","ICFM","icfm",4.24660832586858,2.72610625630556
-0.389289357470895,-0.498155374515954,"Generated","test","ICFM","icfm",4.24660832586858,2.72610625630556
-0.372997361628127,0.216756605038205,"Generated","test","ICFM","icfm",4.24660832586858,2.72610625630556
-0.0930621321187048,0.117102167595617,"Generated","test","ICFM","icfm",4.24660832586858,2.72610625630556
0.243261119950113,-0.124447250488002,"Generated","test","ICFM","icfm",4.24660832586858,2.72610625630556
-0.378441146297821,-0.1023193829738,"Generated","test","ICFM","icfm",4.24660832586858,2.72610625630556
-0.0253797468946617,-0.41004554022461,"Generated","test","ICFM","icfm",4.24660832586858,2.72610625630556
-0.14000224693413,-0.693536665366179,"Generated","test","ICFM","icfm",4.24660832586858,2.72610625630556
0.451379373881293,-0.204169081391511,"Generated","test","ICFM","icfm",4.24660832586858,2.72610625630556
-0.268108803057709,0.186004539769778,"Generated","test","ICFM","icfm",4.24660832586858,2.72610625630556
0.512027652068766,-0.271739145926314,"Generated","test","ICFM","icfm",4.24660832586858,2.72610625630556
-0.0378467030291491,-0.022817291884806,"Generated","test","ICFM","icfm",4.24660832586858,2.72610625630556
-0.415480357296114,0.31785338356093,"Generated","test","ICFM","icfm",4.24660832586858,2.72610625630556
-0.57669371436891,0.580589000596204,"Generated","test","ICFM","icfm",4.24660832586858,2.72610625630556
-0.474789637545471,-0.0492626208871378,"Generated","test","ICFM","icfm",4.24660832586858,2.72610625630556
0.458569480299516,-0.538034194392112,"Generated","test","ICFM","icfm",4.24660832586858,2.72610625630556
0.0914676659604713,0.447810388903258,"Generated","test","ICFM","icfm",4.24660832586858,2.72610625630556
-0.0927406375214503,-0.510782866864106,"Generated","test","ICFM","icfm",4.24660832586858,2.72610625630556
0.505324868973091,0.0231796460880054,"Generated","test","ICFM","icfm",4.24660832586858,2.72610625630556
-0.443796003991841,0.58293370312745,"Generated","test","ICFM","icfm",4.24660832586858,2.72610625630556
0.921308054416372,0.334503412801089,"Generated","test","ICFM","icfm",4.24660832586858,2.72610625630556
-0.0628188499784453,-0.552377339810398,"Generated","test","ICFM","icfm",4.24660832586858,2.72610625630556
0.920517203078776,-0.139179858591656,"Generated","test","ICFM","icfm",4.24660832586858,2.72610625630556
-0.264732933836417,0.109577003911256,"Generated","test","ICFM","icfm",4.24660832586858,2.72610625630556
0.262138176965385,-0.603153863561015,"Generated","test","ICFM","icfm",4.24660832586858,2.72610625630556
0.647722486487852,-0.47270561935402,"Generated","test","ICFM","icfm",4.24660832586858,2.72610625630556
-0.272928630591672,-0.0806065369619953,"Generated","test","ICFM","icfm",4.24660832586858,2.72610625630556
0.513231452819445,-0.0523978575510133,"Generated","test","ICFM","icfm",4.24660832586858,2.72610625630556
0.593973292105997,0.165070398961524,"Generated","test","ICFM","icfm",4.24660832586858,2.72610625630556
0.0600147243918385,0.271820872747812,"Generated","test","ICFM","icfm",4.24660832586858,2.72610625630556
0.75418402304503,0.601401425337035,"Generated","test","ICFM","icfm",4.24660832586858,2.72610625630556
-0.484513229326184,0.582137797019051,"Generated","test","ICFM","icfm",4.24660832586858,2.72610625630556
-0.484209476456845,-0.133174406563875,"Generated","test","ICFM","icfm",4.24660832586858,2.72610625630556
0.820342088893795,0.293499540365874,"Generated","test","ICFM","icfm",4.24660832586858,2.72610625630556
0.50948288896879,0.34826972735424,"Generated","test","ICFM","icfm",4.24660832586858,2.72610625630556
0.712123225604158,0.478495127881159,"Generated","test","ICFM","icfm",4.24660832586858,2.72610625630556
-0.505453469952292,-0.0738120141782367,"Generated","test","ICFM","icfm",4.24660832586858,2.72610625630556
0.0895667837521247,0.180955176629876,"Generated","test","ICFM","icfm",4.24660832586858,2.72610625630556
0.56986249720014,0.326989256729548,"Generated","test","ICFM","icfm",4.24660832586858,2.72610625630556
-0.201197154612019,0.267655780320679,"Generated","test","ICFM","icfm",4.24660832586858,2.72610625630556
-0.342854886811859,-0.017145626246173,"Generated","test","ICFM","icfm",4.24660832586858,2.72610625630556
-0.0772144903614792,-0.0885647225063778,"Generated","test","ICFM","icfm",4.24660832586858,2.72610625630556
-0.272753245832647,0.0685926867852492,"Generated","test","ICFM","icfm",4.24660832586858,2.72610625630556
0.358479578064521,0.258754738017456,"Generated","test","ICFM","icfm",4.24660832586858,2.72610625630556
-0.337929326043269,0.183402048420231,"Generated","test","ICFM","icfm",4.24660832586858,2.72610625630556
0.437260407880351,-0.268009657717332,"Generated","test","ICFM","icfm",4.24660832586858,2.72610625630556
-0.142160262771937,-0.326004735370439,"Generated","test","ICFM","icfm",4.24660832586858,2.72610625630556
-0.450543284959389,-0.00587082380152588,"Generated","test","ICFM","icfm",4.24660832586858,2.72610625630556
0.432051382831026,-0.504787827847097,"Generated","test","ICFM","icfm",4.24660832586858,2.72610625630556
0.75205650371367,0.345337238357571,"Generated","test","ICFM","icfm",4.24660832586858,2.72610625630556
-0.479557601856589,0.425789250096472,"Generated","test","ICFM","icfm",4.24660832586858,2.72610625630556
-0.409380063894792,0.0828087170710486,"Generated","test","ICFM","icfm",4.24660832586858,2.72610625630556
0.921655558906668,-0.0962277826157477,"Generated","test","ICFM","icfm",4.24660832586858,2.72610625630556
0.857633535959662,0.389110284246303,"Generated","test","ICFM","icfm",4.24660832586858,2.72610625630556
0.487034268244392,-0.566141306987962,"Generated","test","ICFM","icfm",4.24660832586858,2.72610625630556
0.042427459971167,0.0509271516499027,"Generated","test","ICFM","icfm",4.24660832586858,2.72610625630556
0.235513989721176,0.463328530047369,"Generated","test","ICFM","icfm",4.24660832586858,2.72610625630556
-0.464511605520728,-0.165505756809226,"Generated","test","ICFM","icfm",4.24660832586858,2.72610625630556
0.76548748943809,0.435990655722943,"Generated","test","ICFM","icfm",4.24660832586858,2.72610625630556
-0.375787987790523,-0.0898842679255551,"Generated","test","ICFM","icfm",4.24660832586858,2.72610625630556
-0.0620102889796114,-0.0111453984767989,"Generated","test","ICFM","icfm",4.24660832586858,2.72610625630556
-0.125656172220869,-0.033585459805204,"Generated","test","ICFM","icfm",4.24660832586858,2.72610625630556
-0.460604924347382,0.177761930279305,"Generated","test","ICFM","icfm",4.24660832586858,2.72610625630556
0.224625150904394,-0.572636392929117,"Generated","test","ICFM","icfm",4.24660832586858,2.72610625630556
-0.357045294011762,0.0492758946428885,"Generated","test","ICFM","icfm",4.24660832586858,2.72610625630556
-0.333870174012192,0.183874754362111,"Generated","test","ICFM","icfm",4.24660832586858,2.72610625630556
-0.43863324556151,-0.0131690573168176,"Generated","test","ICFM","icfm",4.24660832586858,2.72610625630556
0.353001953667836,-0.520238153984355,"Generated","test","ICFM","icfm",4.24660832586858,2.72610625630556
-0.186251693850399,-0.0919515027048214,"Generated","test","ICFM","icfm",4.24660832586858,2.72610625630556
0.381328034447375,-0.0585359817283131,"Generated","test","ICFM","icfm",4.24660832586858,2.72610625630556
-0.362404469666579,-0.351192509762626,"Generated","test","ICFM","icfm",4.24660832586858,2.72610625630556
0.549455434149912,0.486844247954981,"Generated","test","ICFM","icfm",4.24660832586858,2.72610625630556
-0.494294220690795,0.181877791225503,"Generated","test","ICFM","icfm",4.24660832586858,2.72610625630556
-0.383465676431029,0.283915812495158,"Generated","test","ICFM","icfm",4.24660832586858,2.72610625630556
-0.380504781452613,0.477635111147994,"Generated","test","ICFM","icfm",4.24660832586858,2.72610625630556
-0.369399061106511,-0.403948349823835,"Generated","test","ICFM","icfm",4.24660832586858,2.72610625630556
0.55398843277472,0.287075041829115,"Generated","test","ICFM","icfm",4.24660832586858,2.72610625630556
-0.461872689622665,-0.00946592869545238,"Generated","test","ICFM","icfm",4.24660832586858,2.72610625630556
0.703906181683633,-0.356889741132151,"Generated","test","ICFM","icfm",4.24660832586858,2.72610625630556
-0.352578940944432,-0.157476941688835,"Generated","test","ICFM","icfm",4.24660832586858,2.72610625630556
-0.215866794586803,0.269548096351946,"Generated","test","ICFM","icfm",4.24660832586858,2.72610625630556
-0.108732229730966,-0.571931267526708,"Generated","test","ICFM","icfm",4.24660832586858,2.72610625630556
-0.383811639253458,0.229765859121915,"Generated","test","ICFM","icfm",4.24660832586858,2.72610625630556
-0.349656072565214,0.199075434095734,"Generated","test","ICFM","icfm",4.24660832586858,2.72610625630556
0.786808532346454,0.494240295094161,"Generated","test","ICFM","icfm",4.24660832586858,2.72610625630556
-0.353144213822615,0.465261012412638,"Generated","test","ICFM","icfm",4.24660832586858,2.72610625630556
-0.338871409603203,-0.662043437364249,"Generated","test","ICFM","icfm",4.24660832586858,2.72610625630556
-0.320175252732261,0.186390604407927,"Generated","test","ICFM","icfm",4.24660832586858,2.72610625630556
-0.239987806214793,-0.49074121355562,"Generated","test","ICFM","icfm",4.24660832586858,2.72610625630556
-0.187018070168653,-0.122241087608001,"Generated","test","ICFM","icfm",4.24660832586858,2.72610625630556
-0.479190036385948,0.446738008487986,"Generated","test","ICFM","icfm",4.24660832586858,2.72610625630556
0.221434717802273,0.384186290464936,"Generated","test","ICFM","icfm",4.24660832586858,2.72610625630556
-0.307341888840142,-0.0970553584987424,"Generated","test","ICFM","icfm",4.24660832586858,2.72610625630556
0.0119473674220927,-0.712580902709052,"Generated","test","ICFM","icfm",4.24660832586858,2.72610625630556
-0.0264525297139624,-0.0170100459964722,"Generated","test","ICFM","icfm",4.24660832586858,2.72610625630556
-0.0849003556689146,0.60752828869253,"Generated","test","ICFM","icfm",4.24660832586858,2.72610625630556
-0.320104734225993,0.0524886670907614,"Generated","test","ICFM","icfm",4.24660832586858,2.72610625630556
-0.143958048074712,-0.718390151575426,"Generated","test","ICFM","icfm",4.24660832586858,2.72610625630556
0.740809455656835,-0.08232891041385,"Real","test","MB-GAN","mbgan",5.0743227391609,3.17327434058326
-0.568370639148842,-1.19433517410118,"Real","test","MB-GAN","mbgan",5.0743227391609,3.17327434058326
-0.346888393365562,0.550729754523781,"Real","test","MB-GAN","mbgan",5.0743227391609,3.17327434058326
0.347196332420033,0.0609343079418226,"Real","test","MB-GAN","mbgan",5.0743227391609,3.17327434058326
-0.164655887366528,0.170475410008313,"Real","test","MB-GAN","mbgan",5.0743227391609,3.17327434058326
0.670798193087663,-0.4632962054448,"Real","test","MB-GAN","mbgan",5.0743227391609,3.17327434058326
-0.275399690771093,0.191398604296032,"Real","test","MB-GAN","mbgan",5.0743227391609,3.17327434058326
0.0609719226569932,0.204341417653134,"Real","test","MB-GAN","mbgan",5.0743227391609,3.17327434058326
-0.161191893964325,0.376953890698556,"Real","test","MB-GAN","mbgan",5.0743227391609,3.17327434058326
-0.360030012166116,0.211153054308636,"Real","test","MB-GAN","mbgan",5.0743227391609,3.17327434058326
-0.399275240509388,0.532273527204868,"Real","test","MB-GAN","mbgan",5.0743227391609,3.17327434058326
0.179357590713282,0.120582142197833,"Real","test","MB-GAN","mbgan",5.0743227391609,3.17327434058326
-0.665999079978666,-1.11378031318493,"Real","test","MB-GAN","mbgan",5.0743227391609,3.17327434058326
0.174456901258614,-0.641277810288847,"Real","test","MB-GAN","mbgan",5.0743227391609,3.17327434058326
0.344212492994832,0.126448266829055,"Real","test","MB-GAN","mbgan",5.0743227391609,3.17327434058326
-0.310863966623593,0.305925393047577,"Real","test","MB-GAN","mbgan",5.0743227391609,3.17327434058326
-0.304673735408401,0.214297048936009,"Real","test","MB-GAN","mbgan",5.0743227391609,3.17327434058326
-0.22171519816782,0.264946715434197,"Real","test","MB-GAN","mbgan",5.0743227391609,3.17327434058326
-0.293598910444432,0.164845875212846,"Real","test","MB-GAN","mbgan",5.0743227391609,3.17327434058326
-0.670973201317279,0.290189377723245,"Real","test","MB-GAN","mbgan",5.0743227391609,3.17327434058326
-0.0146989848235131,0.358048080212353,"Real","test","MB-GAN","mbgan",5.0743227391609,3.17327434058326
0.53938436791583,-0.0238094139290308,"Real","test","MB-GAN","mbgan",5.0743227391609,3.17327434058326
0.44463116538965,-0.0403174244395498,"Real","test","MB-GAN","mbgan",5.0743227391609,3.17327434058326
-0.442395228379996,-0.0301534139310065,"Real","test","MB-GAN","mbgan",5.0743227391609,3.17327434058326
0.769546164176555,-0.242983571190382,"Real","test","MB-GAN","mbgan",5.0743227391609,3.17327434058326
0.410410263388778,0.0599299639664436,"Real","test","MB-GAN","mbgan",5.0743227391609,3.17327434058326
-0.10650026071056,0.0928114014895109,"Real","test","MB-GAN","mbgan",5.0743227391609,3.17327434058326
-0.306643661119962,0.332595563504053,"Real","test","MB-GAN","mbgan",5.0743227391609,3.17327434058326
-0.266080316793415,0.221773133254117,"Real","test","MB-GAN","mbgan",5.0743227391609,3.17327434058326
-0.262078608630016,0.270075543518273,"Real","test","MB-GAN","mbgan",5.0743227391609,3.17327434058326
0.214363479064905,0.128371843287612,"Real","test","MB-GAN","mbgan",5.0743227391609,3.17327434058326
0.578336615767369,-0.124183601961936,"Real","test","MB-GAN","mbgan",5.0743227391609,3.17327434058326
0.0447312608523775,0.124719717143685,"Real","test","MB-GAN","mbgan",5.0743227391609,3.17327434058326
-0.322639568376452,0.466910780556755,"Real","test","MB-GAN","mbgan",5.0743227391609,3.17327434058326
-0.285238164149563,0.0787586970821855,"Real","test","MB-GAN","mbgan",5.0743227391609,3.17327434058326
0.260507012679165,0.121775312626736,"Real","test","MB-GAN","mbgan",5.0743227391609,3.17327434058326
0.105423336641087,-0.451813146531843,"Real","test","MB-GAN","mbgan",5.0743227391609,3.17327434058326
-0.364659938905749,0.390038533549476,"Real","test","MB-GAN","mbgan",5.0743227391609,3.17327434058326
0.189177567689855,0.0874958236623298,"Real","test","MB-GAN","mbgan",5.0743227391609,3.17327434058326
-0.561446500000714,-0.846856249440314,"Real","test","MB-GAN","mbgan",5.0743227391609,3.17327434058326
-0.0604486602267763,0.070533152058205,"Real","test","MB-GAN","mbgan",5.0743227391609,3.17327434058326
-0.192805614028981,0.428546494948911,"Real","test","MB-GAN","mbgan",5.0743227391609,3.17327434058326
-0.400484549011429,-0.126116933690218,"Real","test","MB-GAN","mbgan",5.0743227391609,3.17327434058326
0.173058036237072,0.207527834529334,"Real","test","MB-GAN","mbgan",5.0743227391609,3.17327434058326
0.437789967535809,-0.0296616421261209,"Real","test","MB-GAN","mbgan",5.0743227391609,3.17327434058326
-0.123001101734701,0.197997163533604,"Real","test","MB-GAN","mbgan",5.0743227391609,3.17327434058326
-0.192121917250754,-0.0247466223393084,"Real","test","MB-GAN","mbgan",5.0743227391609,3.17327434058326
-0.345446198466417,0.459472022557324,"Real","test","MB-GAN","mbgan",5.0743227391609,3.17327434058326
-0.650410726271292,-1.15597309027713,"Real","test","MB-GAN","mbgan",5.0743227391609,3.17327434058326
-0.0695304753231559,0.116258349374677,"Real","test","MB-GAN","mbgan",5.0743227391609,3.17327434058326
-0.607689706719343,0.150823659204223,"Real","test","MB-GAN","mbgan",5.0743227391609,3.17327434058326
0.253720461530825,0.0354451754727361,"Real","test","MB-GAN","mbgan",5.0743227391609,3.17327434058326
-0.626012276531545,-1.06105304357166,"Real","test","MB-GAN","mbgan",5.0743227391609,3.17327434058326
0.363393976541748,-0.0903899127030853,"Real","test","MB-GAN","mbgan",5.0743227391609,3.17327434058326
-0.534148612808772,0.15094667242691,"Real","test","MB-GAN","mbgan",5.0743227391609,3.17327434058326
0.472845336426676,0.0652874315959427,"Real","test","MB-GAN","mbgan",5.0743227391609,3.17327434058326
-0.511334671652281,0.14985055219367,"Real","test","MB-GAN","mbgan",5.0743227391609,3.17327434058326
0.040028925846268,0.00575953207790412,"Real","test","MB-GAN","mbgan",5.0743227391609,3.17327434058326
-0.0132358161518938,-0.327342772936671,"Real","test","MB-GAN","mbgan",5.0743227391609,3.17327434058326
-0.41785944961351,0.340318239056048,"Real","test","MB-GAN","mbgan",5.0743227391609,3.17327434058326
-0.274327489072673,0.377967132797612,"Real","test","MB-GAN","mbgan",5.0743227391609,3.17327434058326
0.624913945537653,-0.0955728075494712,"Real","test","MB-GAN","mbgan",5.0743227391609,3.17327434058326
-0.262962525056701,-0.181918287658209,"Real","test","MB-GAN","mbgan",5.0743227391609,3.17327434058326
0.011090522276889,-0.0553095128048366,"Real","test","MB-GAN","mbgan",5.0743227391609,3.17327434058326
0.0673348174720297,0.210160591188247,"Real","test","MB-GAN","mbgan",5.0743227391609,3.17327434058326
-0.0312637471757868,0.271969590793836,"Real","test","MB-GAN","mbgan",5.0743227391609,3.17327434058326
-0.0726015440056045,0.034053373546252,"Real","test","MB-GAN","mbgan",5.0743227391609,3.17327434058326
0.33601011771957,0.053138105689516,"Real","test","MB-GAN","mbgan",5.0743227391609,3.17327434058326
-0.55795197755631,-1.16672185273899,"Real","test","MB-GAN","mbgan",5.0743227391609,3.17327434058326
-0.294623258678232,-1.00903902927762,"Real","test","MB-GAN","mbgan",5.0743227391609,3.17327434058326
-0.162377400421291,0.136559850804343,"Real","test","MB-GAN","mbgan",5.0743227391609,3.17327434058326
-0.235671379942241,0.333182054443215,"Real","test","MB-GAN","mbgan",5.0743227391609,3.17327434058326
-0.501806048576585,-0.981172505175181,"Real","test","MB-GAN","mbgan",5.0743227391609,3.17327434058326
-0.630852161080442,0.114797566039413,"Real","test","MB-GAN","mbgan",5.0743227391609,3.17327434058326
0.516656339679562,0.0176368654172596,"Real","test","MB-GAN","mbgan",5.0743227391609,3.17327434058326
-0.280612207539316,0.423834937190052,"Real","test","MB-GAN","mbgan",5.0743227391609,3.17327434058326
-0.218964187781063,0.143148408207123,"Real","test","MB-GAN","mbgan",5.0743227391609,3.17327434058326
-0.555597448344977,0.0369797045596452,"Real","test","MB-GAN","mbgan",5.0743227391609,3.17327434058326
0.0804686794395244,0.175000104780894,"Real","test","MB-GAN","mbgan",5.0743227391609,3.17327434058326
0.0914198885407323,0.162696631822274,"Real","test","MB-GAN","mbgan",5.0743227391609,3.17327434058326
0.587024827367363,-0.302356903603614,"Real","test","MB-GAN","mbgan",5.0743227391609,3.17327434058326
-0.507389401818685,-1.18744796878321,"Real","test","MB-GAN","mbgan",5.0743227391609,3.17327434058326
-0.454240984190951,0.153717938710468,"Real","test","MB-GAN","mbgan",5.0743227391609,3.17327434058326
0.263396766275337,0.161726455776923,"Real","test","MB-GAN","mbgan",5.0743227391609,3.17327434058326
-0.222920043080642,0.358310618314441,"Real","test","MB-GAN","mbgan",5.0743227391609,3.17327434058326
0.559764309203577,0.0990113580148976,"Real","test","MB-GAN","mbgan",5.0743227391609,3.17327434058326
-0.371929735386986,-0.137078382971028,"Real","test","MB-GAN","mbgan",5.0743227391609,3.17327434058326
0.31000848783764,-0.00569348025347253,"Real","test","MB-GAN","mbgan",5.0743227391609,3.17327434058326
-0.516989203565994,-0.0268145270472291,"Real","test","MB-GAN","mbgan",5.0743227391609,3.17327434058326
-0.267149128533877,0.317381133271172,"Real","test","MB-GAN","mbgan",5.0743227391609,3.17327434058326
-0.552044789468268,-1.05450923670524,"Real","test","MB-GAN","mbgan",5.0743227391609,3.17327434058326
-0.00248615431638649,0.421448487397565,"Real","test","MB-GAN","mbgan",5.0743227391609,3.17327434058326
-0.308941481598794,0.309736694877945,"Real","test","MB-GAN","mbgan",5.0743227391609,3.17327434058326
-0.485275747021256,-0.0340954947657186,"Real","test","MB-GAN","mbgan",5.0743227391609,3.17327434058326
-0.526604682705727,-0.0105423459193479,"Real","test","MB-GAN","mbgan",5.0743227391609,3.17327434058326
-0.381175024771666,0.107719770139445,"Real","test","MB-GAN","mbgan",5.0743227391609,3.17327434058326
0.378685342763147,0.0545214655252819,"Real","test","MB-GAN","mbgan",5.0743227391609,3.17327434058326
-0.414252179483396,-0.123227456753767,"Real","test","MB-GAN","mbgan",5.0743227391609,3.17327434058326
0.462744645350435,-0.24620556740696,"Real","test","MB-GAN","mbgan",5.0743227391609,3.17327434058326
-0.461932861689379,0.341000693743164,"Real","test","MB-GAN","mbgan",5.0743227391609,3.17327434058326
-0.0669877574677505,-0.909681236204698,"Real","test","MB-GAN","mbgan",5.0743227391609,3.17327434058326
-0.49913875162703,-0.694358196319542,"Real","test","MB-GAN","mbgan",5.0743227391609,3.17327434058326
-0.134688264664287,0.158212117718611,"Real","test","MB-GAN","mbgan",5.0743227391609,3.17327434058326
0.040070551257732,0.19397871416973,"Real","test","MB-GAN","mbgan",5.0743227391609,3.17327434058326
-0.467557270414691,0.0615473083788082,"Real","test","MB-GAN","mbgan",5.0743227391609,3.17327434058326
0.0915980352315555,-0.185733369731498,"Real","test","MB-GAN","mbgan",5.0743227391609,3.17327434058326
-0.2468824924593,0.409215961918552,"Real","test","MB-GAN","mbgan",5.0743227391609,3.17327434058326
0.677135252072187,-0.432787262675137,"Real","test","MB-GAN","mbgan",5.0743227391609,3.17327434058326
0.31541459944615,0.113586621725012,"Real","test","MB-GAN","mbgan",5.0743227391609,3.17327434058326
0.090372182420409,0.151384250661361,"Real","test","MB-GAN","mbgan",5.0743227391609,3.17327434058326
-0.0703528063288437,0.394349544303056,"Real","test","MB-GAN","mbgan",5.0743227391609,3.17327434058326
0.21396964430532,0.19034959077176,"Real","test","MB-GAN","mbgan",5.0743227391609,3.17327434058326
-0.270141388647579,0.270781686038118,"Real","test","MB-GAN","mbgan",5.0743227391609,3.17327434058326
-0.30570929966177,0.145765586031799,"Real","test","MB-GAN","mbgan",5.0743227391609,3.17327434058326
-0.480174973807809,0.219112685320582,"Real","test","MB-GAN","mbgan",5.0743227391609,3.17327434058326
-0.25361143576268,-0.519819090765252,"Real","test","MB-GAN","mbgan",5.0743227391609,3.17327434058326
0.79965200043996,-0.116482106967572,"Real","test","MB-GAN","mbgan",5.0743227391609,3.17327434058326
-0.281772454921034,0.0691503407704334,"Real","test","MB-GAN","mbgan",5.0743227391609,3.17327434058326
-0.540405657600772,0.0666369573579726,"Real","test","MB-GAN","mbgan",5.0743227391609,3.17327434058326
-0.00361911796174429,0.425665866243592,"Real","test","MB-GAN","mbgan",5.0743227391609,3.17327434058326
-0.346060452451022,-1.17179010798591,"Real","test","MB-GAN","mbgan",5.0743227391609,3.17327434058326
-0.0560281096334928,0.279407546458787,"Real","test","MB-GAN","mbgan",5.0743227391609,3.17327434058326
-0.733162967115352,-0.925931109390507,"Real","test","MB-GAN","mbgan",5.0743227391609,3.17327434058326
0.358484134613674,-0.00573503466503151,"Real","test","MB-GAN","mbgan",5.0743227391609,3.17327434058326
-0.382128522339646,-0.131757507112671,"Real","test","MB-GAN","mbgan",5.0743227391609,3.17327434058326
0.153879425800448,0.327422466314687,"Real","test","MB-GAN","mbgan",5.0743227391609,3.17327434058326
0.178226290811928,0.153335917440338,"Real","test","MB-GAN","mbgan",5.0743227391609,3.17327434058326
-0.196909040611423,0.32919442339925,"Real","test","MB-GAN","mbgan",5.0743227391609,3.17327434058326
0.512516207027052,-0.15614424026703,"Real","test","MB-GAN","mbgan",5.0743227391609,3.17327434058326
-0.0886192529482467,-0.352214862544428,"Real","test","MB-GAN","mbgan",5.0743227391609,3.17327434058326
0.462485921176523,-0.224230110238166,"Real","test","MB-GAN","mbgan",5.0743227391609,3.17327434058326
0.600809133199762,-0.276096074931478,"Real","test","MB-GAN","mbgan",5.0743227391609,3.17327434058326
0.130118588419791,0.336774810941092,"Real","test","MB-GAN","mbgan",5.0743227391609,3.17327434058326
-0.134777660736823,0.244010098625812,"Real","test","MB-GAN","mbgan",5.0743227391609,3.17327434058326
-0.329860822467984,0.446864163002969,"Real","test","MB-GAN","mbgan",5.0743227391609,3.17327434058326
-0.0599020839568366,0.0609332926705646,"Real","test","MB-GAN","mbgan",5.0743227391609,3.17327434058326
0.0315619676167211,0.278021756178378,"Real","test","MB-GAN","mbgan",5.0743227391609,3.17327434058326
-0.675846433586368,-0.858984922367328,"Real","test","MB-GAN","mbgan",5.0743227391609,3.17327434058326
0.543822485955565,-0.0116307103961361,"Real","test","MB-GAN","mbgan",5.0743227391609,3.17327434058326
0.105708760798779,0.25192117550289,"Real","test","MB-GAN","mbgan",5.0743227391609,3.17327434058326
-0.338586688558269,0.475573445223036,"Real","test","MB-GAN","mbgan",5.0743227391609,3.17327434058326
-0.137361816374699,0.313287774251342,"Real","test","MB-GAN","mbgan",5.0743227391609,3.17327434058326
0.166036921232618,0.0808328388474512,"Real","test","MB-GAN","mbgan",5.0743227391609,3.17327434058326
-0.608907745686061,0.125729074052176,"Real","test","MB-GAN","mbgan",5.0743227391609,3.17327434058326
0.51271137077676,-0.0621733742060749,"Real","test","MB-GAN","mbgan",5.0743227391609,3.17327434058326
0.43734290956102,-0.0494915721257096,"Real","test","MB-GAN","mbgan",5.0743227391609,3.17327434058326
0.464900531508785,-0.00739804701217324,"Real","test","MB-GAN","mbgan",5.0743227391609,3.17327434058326
0.574759336737527,-0.0986807811692396,"Real","test","MB-GAN","mbgan",5.0743227391609,3.17327434058326
0.0866662163483233,0.0872645485824632,"Real","test","MB-GAN","mbgan",5.0743227391609,3.17327434058326
-0.580593741096675,0.126697868562157,"Real","test","MB-GAN","mbgan",5.0743227391609,3.17327434058326
-0.352502850174101,0.439222976745789,"Real","test","MB-GAN","mbgan",5.0743227391609,3.17327434058326
0.672926797443278,-0.0168760745650357,"Real","test","MB-GAN","mbgan",5.0743227391609,3.17327434058326
-0.330680647457418,0.302846132087212,"Real","test","MB-GAN","mbgan",5.0743227391609,3.17327434058326
-0.590357851948213,0.0697893379586417,"Real","test","MB-GAN","mbgan",5.0743227391609,3.17327434058326
-0.355683065729654,-0.593661900279293,"Real","test","MB-GAN","mbgan",5.0743227391609,3.17327434058326
0.51449175794316,-0.339180996959549,"Real","test","MB-GAN","mbgan",5.0743227391609,3.17327434058326
0.29051091691697,0.277535847719981,"Real","test","MB-GAN","mbgan",5.0743227391609,3.17327434058326
-0.038444709926492,0.370290465883978,"Real","test","MB-GAN","mbgan",5.0743227391609,3.17327434058326
-0.371552156439113,0.211025208768822,"Real","test","MB-GAN","mbgan",5.0743227391609,3.17327434058326
0.377646650907755,0.1894665671876,"Real","test","MB-GAN","mbgan",5.0743227391609,3.17327434058326
-0.0702016956272927,0.0864221963513983,"Real","test","MB-GAN","mbgan",5.0743227391609,3.17327434058326
-0.139504295124158,0.157575443035513,"Real","test","MB-GAN","mbgan",5.0743227391609,3.17327434058326
0.494881178765552,0.0255957999064179,"Real","test","MB-GAN","mbgan",5.0743227391609,3.17327434058326
-0.387445347908009,0.484381567570125,"Real","test","MB-GAN","mbgan",5.0743227391609,3.17327434058326
0.64363183062624,-0.23463137938922,"Real","test","MB-GAN","mbgan",5.0743227391609,3.17327434058326
0.547451909852216,0.0784199767128781,"Real","test","MB-GAN","mbgan",5.0743227391609,3.17327434058326
0.246935080461905,0.185922356995002,"Real","test","MB-GAN","mbgan",5.0743227391609,3.17327434058326
-0.553341461722111,-1.09625606603069,"Real","test","MB-GAN","mbgan",5.0743227391609,3.17327434058326
0.362580090936281,0.211670122205979,"Real","test","MB-GAN","mbgan",5.0743227391609,3.17327434058326
0.528959428989175,-0.0394014495437428,"Real","test","MB-GAN","mbgan",5.0743227391609,3.17327434058326
-0.544627047392803,-1.09863480961568,"Real","test","MB-GAN","mbgan",5.0743227391609,3.17327434058326
0.27431599221247,0.180137598462319,"Real","test","MB-GAN","mbgan",5.0743227391609,3.17327434058326
0.512810634410171,-0.33836766698722,"Real","test","MB-GAN","mbgan",5.0743227391609,3.17327434058326
-0.224012662939254,0.118606208556992,"Real","test","MB-GAN","mbgan",5.0743227391609,3.17327434058326
-0.602478170307669,0.2437886681545,"Real","test","MB-GAN","mbgan",5.0743227391609,3.17327434058326
-0.269216897715325,0.355830102946027,"Real","test","MB-GAN","mbgan",5.0743227391609,3.17327434058326
-0.364489160590505,0.533298978639405,"Real","test","MB-GAN","mbgan",5.0743227391609,3.17327434058326
0.102578961271626,0.212928490425283,"Real","test","MB-GAN","mbgan",5.0743227391609,3.17327434058326
-0.607038026803919,0.0917025470901294,"Real","test","MB-GAN","mbgan",5.0743227391609,3.17327434058326
-0.278965859840145,0.496706696483695,"Real","test","MB-GAN","mbgan",5.0743227391609,3.17327434058326
-0.0343917417531197,-0.531871170295412,"Real","test","MB-GAN","mbgan",5.0743227391609,3.17327434058326
-0.0641062242841524,0.0905365052885181,"Real","test","MB-GAN","mbgan",5.0743227391609,3.17327434058326
-0.435444954484449,-0.802338282334955,"Real","test","MB-GAN","mbgan",5.0743227391609,3.17327434058326
-0.395452005818523,0.286732795794294,"Real","test","MB-GAN","mbgan",5.0743227391609,3.17327434058326
-0.497440373174794,-0.0359170543269702,"Real","test","MB-GAN","mbgan",5.0743227391609,3.17327434058326
0.0248705448990577,0.29214792638491,"Real","test","MB-GAN","mbgan",5.0743227391609,3.17327434058326
-0.116137593704554,0.231729299004437,"Real","test","MB-GAN","mbgan",5.0743227391609,3.17327434058326
-0.384202584099532,-0.132201316333161,"Real","test","MB-GAN","mbgan",5.0743227391609,3.17327434058326
0.191105409919832,-0.00951671128725028,"Real","test","MB-GAN","mbgan",5.0743227391609,3.17327434058326
-0.431229486232256,-0.666509021718948,"Real","test","MB-GAN","mbgan",5.0743227391609,3.17327434058326
-0.582108320138066,0.109515820129223,"Real","test","MB-GAN","mbgan",5.0743227391609,3.17327434058326
-0.111212530693685,0.304527310931298,"Real","test","MB-GAN","mbgan",5.0743227391609,3.17327434058326
-0.369312247190195,-0.1205250623819,"Real","test","MB-GAN","mbgan",5.0743227391609,3.17327434058326
-0.542320048985624,-0.131433514276759,"Real","test","MB-GAN","mbgan",5.0743227391609,3.17327434058326
-0.183100483495444,-0.0482798031452394,"Real","test","MB-GAN","mbgan",5.0743227391609,3.17327434058326
-0.169131659886688,0.308558841446667,"Real","test","MB-GAN","mbgan",5.0743227391609,3.17327434058326
0.478224068102599,-0.0937633088989025,"Real","test","MB-GAN","mbgan",5.0743227391609,3.17327434058326
-0.387695436933443,0.158435158350341,"Real","test","MB-GAN","mbgan",5.0743227391609,3.17327434058326
-0.38834085107843,0.06009411640901,"Real","test","MB-GAN","mbgan",5.0743227391609,3.17327434058326
-0.124758198364618,0.303619867316017,"Real","test","MB-GAN","mbgan",5.0743227391609,3.17327434058326
-0.209592997113055,0.336360964824299,"Real","test","MB-GAN","mbgan",5.0743227391609,3.17327434058326
-0.108147400009598,0.0893260853548336,"Real","test","MB-GAN","mbgan",5.0743227391609,3.17327434058326
-0.510738202705081,0.0997210030311989,"Real","test","MB-GAN","mbgan",5.0743227391609,3.17327434058326
0.514874279527781,0.0781635866822978,"Real","test","MB-GAN","mbgan",5.0743227391609,3.17327434058326
-0.476885732531845,0.110006683430113,"Real","test","MB-GAN","mbgan",5.0743227391609,3.17327434058326
-0.286522192018558,-1.06797087089568,"Real","test","MB-GAN","mbgan",5.0743227391609,3.17327434058326
0.362597439025147,-0.15656525493309,"Real","test","MB-GAN","mbgan",5.0743227391609,3.17327434058326
-0.397072715979247,0.334944135940691,"Real","test","MB-GAN","mbgan",5.0743227391609,3.17327434058326
-0.426980236174029,0.0233895412073096,"Real","test","MB-GAN","mbgan",5.0743227391609,3.17327434058326
-0.493862950552649,-0.0154007673177577,"Real","test","MB-GAN","mbgan",5.0743227391609,3.17327434058326
0.125165419893262,0.0524797248087732,"Real","test","MB-GAN","mbgan",5.0743227391609,3.17327434058326
-0.44554893594838,0.0700330211623807,"Real","test","MB-GAN","mbgan",5.0743227391609,3.17327434058326
0.394729510552726,0.0527577071421894,"Real","test","MB-GAN","mbgan",5.0743227391609,3.17327434058326
-0.110030131640788,0.531783921767097,"Real","test","MB-GAN","mbgan",5.0743227391609,3.17327434058326
0.555699565423024,0.0516977132893196,"Real","test","MB-GAN","mbgan",5.0743227391609,3.17327434058326
0.373186251793202,0.0736691218104815,"Real","test","MB-GAN","mbgan",5.0743227391609,3.17327434058326
-0.37803969760271,0.204641827470991,"Real","test","MB-GAN","mbgan",5.0743227391609,3.17327434058326
-0.266654090245285,0.220867002692315,"Real","test","MB-GAN","mbgan",5.0743227391609,3.17327434058326
0.0304874838527605,0.174726017460195,"Real","test","MB-GAN","mbgan",5.0743227391609,3.17327434058326
-0.334872775530805,0.265699055780159,"Real","test","MB-GAN","mbgan",5.0743227391609,3.17327434058326
0.406391425202467,0.00399493261754579,"Real","test","MB-GAN","mbgan",5.0743227391609,3.17327434058326
-0.651344051503424,-1.10312449282435,"Real","test","MB-GAN","mbgan",5.0743227391609,3.17327434058326
0.325198277117238,-0.181900395644056,"Real","test","MB-GAN","mbgan",5.0743227391609,3.17327434058326
-0.444546710192096,0.0466898294289346,"Real","test","MB-GAN","mbgan",5.0743227391609,3.17327434058326
-0.222966678895652,0.0193627646811923,"Real","test","MB-GAN","mbgan",5.0743227391609,3.17327434058326
0.166929622237975,-0.00923490453054407,"Real","test","MB-GAN","mbgan",5.0743227391609,3.17327434058326
0.578987972929226,0.0893992782998414,"Real","test","MB-GAN","mbgan",5.0743227391609,3.17327434058326
-0.314298492897073,-0.406309763162294,"Real","test","MB-GAN","mbgan",5.0743227391609,3.17327434058326
0.583971067535439,0.0331102293126538,"Real","test","MB-GAN","mbgan",5.0743227391609,3.17327434058326
0.596744084051282,-0.257032595449375,"Real","test","MB-GAN","mbgan",5.0743227391609,3.17327434058326
0.159262435603673,0.182859315958708,"Real","test","MB-GAN","mbgan",5.0743227391609,3.17327434058326
0.563139041242324,0.130152025460977,"Real","test","MB-GAN","mbgan",5.0743227391609,3.17327434058326
0.457304114982007,0.21882741701544,"Real","test","MB-GAN","mbgan",5.0743227391609,3.17327434058326
-0.234835622405456,0.112147135810754,"Real","test","MB-GAN","mbgan",5.0743227391609,3.17327434058326
0.215276812823928,0.182486916683487,"Real","test","MB-GAN","mbgan",5.0743227391609,3.17327434058326
-0.0261335948419571,0.131673216232169,"Real","test","MB-GAN","mbgan",5.0743227391609,3.17327434058326
-0.00857213015044008,-0.614492381420654,"Real","test","MB-GAN","mbgan",5.0743227391609,3.17327434058326
-0.0861011005286089,0.0997624095018984,"Real","test","MB-GAN","mbgan",5.0743227391609,3.17327434058326
-0.596185620122602,-0.963258562253358,"Real","test","MB-GAN","mbgan",5.0743227391609,3.17327434058326
0.628137006263517,0.0789368602761144,"Real","test","MB-GAN","mbgan",5.0743227391609,3.17327434058326
-0.0411429877299239,0.127422641001334,"Real","test","MB-GAN","mbgan",5.0743227391609,3.17327434058326
0.778903919916414,-0.0769590478179981,"Real","test","MB-GAN","mbgan",5.0743227391609,3.17327434058326
0.494302276004694,0.221898439990695,"Real","test","MB-GAN","mbgan",5.0743227391609,3.17327434058326
-0.0324623953759368,0.345349055443357,"Real","test","MB-GAN","mbgan",5.0743227391609,3.17327434058326
0.0462251030999755,0.347433884953129,"Real","test","MB-GAN","mbgan",5.0743227391609,3.17327434058326
0.314872210140501,0.0959655526041254,"Real","test","MB-GAN","mbgan",5.0743227391609,3.17327434058326
0.00309776681413654,0.377031960315385,"Real","test","MB-GAN","mbgan",5.0743227391609,3.17327434058326
-0.403104647318163,0.409396090467345,"Real","test","MB-GAN","mbgan",5.0743227391609,3.17327434058326
-0.346727907215697,0.540338550423509,"Real","test","MB-GAN","mbgan",5.0743227391609,3.17327434058326
-0.302747411351132,0.217312025478939,"Real","test","MB-GAN","mbgan",5.0743227391609,3.17327434058326
0.627170624487992,-0.0984953974343688,"Real","test","MB-GAN","mbgan",5.0743227391609,3.17327434058326
0.641016420816504,0.0908460438674416,"Real","test","MB-GAN","mbgan",5.0743227391609,3.17327434058326
-0.347217491093639,0.267144875490673,"Real","test","MB-GAN","mbgan",5.0743227391609,3.17327434058326
-0.262596486941291,0.337460735394133,"Real","test","MB-GAN","mbgan",5.0743227391609,3.17327434058326
0.426962595041141,0.148740351871903,"Real","test","MB-GAN","mbgan",5.0743227391609,3.17327434058326
0.135198699398551,0.109808650520518,"Real","test","MB-GAN","mbgan",5.0743227391609,3.17327434058326
0.207181964884611,-0.0904173904802837,"Real","test","MB-GAN","mbgan",5.0743227391609,3.17327434058326
0.767639121189491,-0.0365806008097865,"Real","test","MB-GAN","mbgan",5.0743227391609,3.17327434058326
-0.22030519221991,0.229639680931256,"Real","test","MB-GAN","mbgan",5.0743227391609,3.17327434058326
-0.531608080024011,-0.76111582838734,"Real","test","MB-GAN","mbgan",5.0743227391609,3.17327434058326
-0.402895890557163,0.191205272842346,"Real","test","MB-GAN","mbgan",5.0743227391609,3.17327434058326
0.173998443968041,4.8951862867124e-05,"Real","test","MB-GAN","mbgan",5.0743227391609,3.17327434058326
-0.0383134765118375,0.0965616556320428,"Real","test","MB-GAN","mbgan",5.0743227391609,3.17327434058326
-0.560347291295225,0.107294641113774,"Real","test","MB-GAN","mbgan",5.0743227391609,3.17327434058326
-0.450680864118892,-0.019433914992043,"Real","test","MB-GAN","mbgan",5.0743227391609,3.17327434058326
-0.473961304331538,0.120851286218647,"Real","test","MB-GAN","mbgan",5.0743227391609,3.17327434058326
-0.444091432613004,0.358368746154096,"Real","test","MB-GAN","mbgan",5.0743227391609,3.17327434058326
-0.582924071718258,0.100665922487524,"Real","test","MB-GAN","mbgan",5.0743227391609,3.17327434058326
-0.482815036239683,-0.0197478463492097,"Real","test","MB-GAN","mbgan",5.0743227391609,3.17327434058326
0.64804634688218,-0.239974871856238,"Real","test","MB-GAN","mbgan",5.0743227391609,3.17327434058326
-0.264025134106578,0.0397401289648549,"Real","test","MB-GAN","mbgan",5.0743227391609,3.17327434058326
0.202634932481135,0.096709021447894,"Real","test","MB-GAN","mbgan",5.0743227391609,3.17327434058326
0.734832980526629,-0.225945154751698,"Real","test","MB-GAN","mbgan",5.0743227391609,3.17327434058326
0.315363908638249,0.171976049884206,"Real","test","MB-GAN","mbgan",5.0743227391609,3.17327434058326
0.31782106078722,0.0961682373021508,"Real","test","MB-GAN","mbgan",5.0743227391609,3.17327434058326
0.251192632525977,0.00233384162544135,"Real","test","MB-GAN","mbgan",5.0743227391609,3.17327434058326
-0.424837086882828,0.448799915931527,"Real","test","MB-GAN","mbgan",5.0743227391609,3.17327434058326
0.0460186117182722,0.231517603339863,"Real","test","MB-GAN","mbgan",5.0743227391609,3.17327434058326
-0.50600762943156,0.0283083872159503,"Real","test","MB-GAN","mbgan",5.0743227391609,3.17327434058326
-0.333442747295019,0.499564414294981,"Real","test","MB-GAN","mbgan",5.0743227391609,3.17327434058326
-0.107529528984835,0.0830661339812332,"Real","test","MB-GAN","mbgan",5.0743227391609,3.17327434058326
0.418983033998698,-0.079754412624674,"Real","test","MB-GAN","mbgan",5.0743227391609,3.17327434058326
-0.392814017596224,-0.0560780653874624,"Real","test","MB-GAN","mbgan",5.0743227391609,3.17327434058326
-0.17141817340466,0.249395927141584,"Real","test","MB-GAN","mbgan",5.0743227391609,3.17327434058326
0.190201149858842,0.0133172805183944,"Real","test","MB-GAN","mbgan",5.0743227391609,3.17327434058326
0.570634368984103,-0.371713414093821,"Real","test","MB-GAN","mbgan",5.0743227391609,3.17327434058326
0.491923778165259,0.205708638273465,"Real","test","MB-GAN","mbgan",5.0743227391609,3.17327434058326
-0.370255363334829,-1.18498248182615,"Real","test","MB-GAN","mbgan",5.0743227391609,3.17327434058326
-0.368279811298114,-0.0388935152705247,"Real","test","MB-GAN","mbgan",5.0743227391609,3.17327434058326
0.581210711865067,0.0158819942390409,"Real","test","MB-GAN","mbgan",5.0743227391609,3.17327434058326
-0.630852161080443,0.114797566039413,"Real","test","MB-GAN","mbgan",5.0743227391609,3.17327434058326
-0.407523653317355,-0.212533723763935,"Real","test","MB-GAN","mbgan",5.0743227391609,3.17327434058326
0.770113548402006,-0.267913018765795,"Generated","test","MB-GAN","mbgan",5.0743227391609,3.17327434058326
-0.319413060985169,0.157123088940373,"Generated","test","MB-GAN","mbgan",5.0743227391609,3.17327434058326
-0.158977241621319,0.274483232465728,"Generated","test","MB-GAN","mbgan",5.0743227391609,3.17327434058326
-0.443711612139364,-0.0542726271996439,"Generated","test","MB-GAN","mbgan",5.0743227391609,3.17327434058326
0.539415655187427,0.222531149665821,"Generated","test","MB-GAN","mbgan",5.0743227391609,3.17327434058326
-0.350699751532873,-0.0955538141393721,"Generated","test","MB-GAN","mbgan",5.0743227391609,3.17327434058326
-0.572953859886094,0.218636005309827,"Generated","test","MB-GAN","mbgan",5.0743227391609,3.17327434058326
0.745133462197276,-0.0879074200819031,"Generated","test","MB-GAN","mbgan",5.0743227391609,3.17327434058326
-0.405822769803274,0.107631222704627,"Generated","test","MB-GAN","mbgan",5.0743227391609,3.17327434058326
-0.320847526150787,0.290498240823565,"Generated","test","MB-GAN","mbgan",5.0743227391609,3.17327434058326
-0.47502796366541,-0.0269546153745172,"Generated","test","MB-GAN","mbgan",5.0743227391609,3.17327434058326
-0.455455096197018,0.190002350447524,"Generated","test","MB-GAN","mbgan",5.0743227391609,3.17327434058326
0.320431052880766,0.140632260576044,"Generated","test","MB-GAN","mbgan",5.0743227391609,3.17327434058326
0.456308762634143,0.166507849882877,"Generated","test","MB-GAN","mbgan",5.0743227391609,3.17327434058326
-0.37593855465464,0.269348796100687,"Generated","test","MB-GAN","mbgan",5.0743227391609,3.17327434058326
0.214201918721488,-0.0191171590466011,"Generated","test","MB-GAN","mbgan",5.0743227391609,3.17327434058326
-0.337824275665955,-0.103656545904262,"Generated","test","MB-GAN","mbgan",5.0743227391609,3.17327434058326
-0.373660230671581,-0.288927560830145,"Generated","test","MB-GAN","mbgan",5.0743227391609,3.17327434058326
0.615891469348566,0.0323222271957048,"Generated","test","MB-GAN","mbgan",5.0743227391609,3.17327434058326
0.491804210276636,0.0407741410156982,"Generated","test","MB-GAN","mbgan",5.0743227391609,3.17327434058326
0.58866181061871,0.0444927581686817,"Generated","test","MB-GAN","mbgan",5.0743227391609,3.17327434058326
-0.452268370224031,0.468417509982427,"Generated","test","MB-GAN","mbgan",5.0743227391609,3.17327434058326
0.781006821137789,-0.088442237365371,"Generated","test","MB-GAN","mbgan",5.0743227391609,3.17327434058326
-0.532575183775561,0.219959023354607,"Generated","test","MB-GAN","mbgan",5.0743227391609,3.17327434058326
0.57027114535032,-0.108394207559337,"Generated","test","MB-GAN","mbgan",5.0743227391609,3.17327434058326
0.633042826845336,0.13036466594756,"Generated","test","MB-GAN","mbgan",5.0743227391609,3.17327434058326
0.561395763599337,-0.118731959240042,"Generated","test","MB-GAN","mbgan",5.0743227391609,3.17327434058326
-0.361929817624265,0.1000716003803,"Generated","test","MB-GAN","mbgan",5.0743227391609,3.17327434058326
-0.609083432547301,0.111485735472341,"Generated","test","MB-GAN","mbgan",5.0743227391609,3.17327434058326
-0.535629692250658,0.199888285478335,"Generated","test","MB-GAN","mbgan",5.0743227391609,3.17327434058326
0.516305659190416,-0.0690005185192386,"Generated","test","MB-GAN","mbgan",5.0743227391609,3.17327434058326
-0.181651842571827,0.0653578446347888,"Generated","test","MB-GAN","mbgan",5.0743227391609,3.17327434058326
0.422317060812293,0.0531762555287531,"Generated","test","MB-GAN","mbgan",5.0743227391609,3.17327434058326
-0.293019041875281,0.108474322117211,"Generated","test","MB-GAN","mbgan",5.0743227391609,3.17327434058326
-0.0913603441930009,0.243360606938114,"Generated","test","MB-GAN","mbgan",5.0743227391609,3.17327434058326
-0.185737749341424,0.235895781980595,"Generated","test","MB-GAN","mbgan",5.0743227391609,3.17327434058326
-0.435317967055644,0.226481238891367,"Generated","test","MB-GAN","mbgan",5.0743227391609,3.17327434058326
0.812788836750545,-0.158367560693179,"Generated","test","MB-GAN","mbgan",5.0743227391609,3.17327434058326
0.784958205003572,-0.00539818281966626,"Generated","test","MB-GAN","mbgan",5.0743227391609,3.17327434058326
0.428590694644451,0.267850494219731,"Generated","test","MB-GAN","mbgan",5.0743227391609,3.17327434058326
0.631199110068043,-0.397275306368131,"Generated","test","MB-GAN","mbgan",5.0743227391609,3.17327434058326
0.549412232671678,0.0988265222037915,"Generated","test","MB-GAN","mbgan",5.0743227391609,3.17327434058326
-0.0110143374292267,0.123953439767726,"Generated","test","MB-GAN","mbgan",5.0743227391609,3.17327434058326
0.0392418235862411,0.201877297045939,"Generated","test","MB-GAN","mbgan",5.0743227391609,3.17327434058326
-0.637772551322017,0.350807922853128,"Generated","test","MB-GAN","mbgan",5.0743227391609,3.17327434058326
-0.352597664228574,-0.12914434855359,"Generated","test","MB-GAN","mbgan",5.0743227391609,3.17327434058326
-0.113012408690961,0.351590919606039,"Generated","test","MB-GAN","mbgan",5.0743227391609,3.17327434058326
0.696939302847082,-0.444452329715037,"Generated","test","MB-GAN","mbgan",5.0743227391609,3.17327434058326
-0.341562018683337,-0.889903923618675,"Generated","test","MB-GAN","mbgan",5.0743227391609,3.17327434058326
-0.352851602659464,0.300618018639054,"Generated","test","MB-GAN","mbgan",5.0743227391609,3.17327434058326
-0.302222360284767,0.220556682931107,"Generated","test","MB-GAN","mbgan",5.0743227391609,3.17327434058326
-0.565484318987901,0.0080105673561,"Generated","test","MB-GAN","mbgan",5.0743227391609,3.17327434058326
-0.489561817932699,-0.0563967713108776,"Generated","test","MB-GAN","mbgan",5.0743227391609,3.17327434058326
0.585252635247071,-0.00436113036078822,"Generated","test","MB-GAN","mbgan",5.0743227391609,3.17327434058326
0.194719239382494,0.349630802660852,"Generated","test","MB-GAN","mbgan",5.0743227391609,3.17327434058326
0.324278679361657,0.288273722789169,"Generated","test","MB-GAN","mbgan",5.0743227391609,3.17327434058326
0.00116684312704075,0.31476712871814,"Generated","test","MB-GAN","mbgan",5.0743227391609,3.17327434058326
-0.496604763495457,0.0513530686880862,"Generated","test","MB-GAN","mbgan",5.0743227391609,3.17327434058326
0.439861198845643,0.0533524939733189,"Generated","test","MB-GAN","mbgan",5.0743227391609,3.17327434058326
-0.268774998089634,0.152197999152551,"Generated","test","MB-GAN","mbgan",5.0743227391609,3.17327434058326
0.484685723795995,0.0429040638876997,"Generated","test","MB-GAN","mbgan",5.0743227391609,3.17327434058326
-0.0540058619344641,0.0115499937317509,"Generated","test","MB-GAN","mbgan",5.0743227391609,3.17327434058326
0.411835194385006,0.151649633013206,"Generated","test","MB-GAN","mbgan",5.0743227391609,3.17327434058326
-0.195993453772726,-0.834338901247311,"Generated","test","MB-GAN","mbgan",5.0743227391609,3.17327434058326
0.458624884382428,-0.36965661095496,"Generated","test","MB-GAN","mbgan",5.0743227391609,3.17327434058326
-0.437808246057974,0.124144444794578,"Generated","test","MB-GAN","mbgan",5.0743227391609,3.17327434058326
0.569112569444929,-0.346540154841905,"Generated","test","MB-GAN","mbgan",5.0743227391609,3.17327434058326
0.442081850134681,0.18631068293892,"Generated","test","MB-GAN","mbgan",5.0743227391609,3.17327434058326
-0.584592956387018,0.118684177749575,"Generated","test","MB-GAN","mbgan",5.0743227391609,3.17327434058326
0.371482051627815,0.242660017838421,"Generated","test","MB-GAN","mbgan",5.0743227391609,3.17327434058326
-0.106765530003385,0.233063787046357,"Generated","test","MB-GAN","mbgan",5.0743227391609,3.17327434058326
-0.0218587053342982,0.107233434543035,"Generated","test","MB-GAN","mbgan",5.0743227391609,3.17327434058326
0.0439784248743589,0.0494541679032216,"Generated","test","MB-GAN","mbgan",5.0743227391609,3.17327434058326
0.354117912380048,-0.248690407630439,"Generated","test","MB-GAN","mbgan",5.0743227391609,3.17327434058326
0.148774272676135,-0.699733951169626,"Generated","test","MB-GAN","mbgan",5.0743227391609,3.17327434058326
-0.626235908786639,0.114378156646448,"Generated","test","MB-GAN","mbgan",5.0743227391609,3.17327434058326
-0.496032349909173,0.00906477724277389,"Generated","test","MB-GAN","mbgan",5.0743227391609,3.17327434058326
-0.134112143812954,-0.0431758659301264,"Generated","test","MB-GAN","mbgan",5.0743227391609,3.17327434058326
-0.165864006112901,0.151870074644381,"Generated","test","MB-GAN","mbgan",5.0743227391609,3.17327434058326
0.260323722551904,0.0414431383860681,"Generated","test","MB-GAN","mbgan",5.0743227391609,3.17327434058326
-0.180148335246241,0.342699851678031,"Generated","test","MB-GAN","mbgan",5.0743227391609,3.17327434058326
0.171236549365402,-0.125365374414896,"Generated","test","MB-GAN","mbgan",5.0743227391609,3.17327434058326
-0.118623303609474,0.353464799764948,"Generated","test","MB-GAN","mbgan",5.0743227391609,3.17327434058326
0.253481935328213,0.248315744407856,"Generated","test","MB-GAN","mbgan",5.0743227391609,3.17327434058326
0.195644437525072,0.096235837671895,"Generated","test","MB-GAN","mbgan",5.0743227391609,3.17327434058326
0.579519697155426,0.132611925191074,"Generated","test","MB-GAN","mbgan",5.0743227391609,3.17327434058326
-0.0736533329828713,-0.0997595301446923,"Generated","test","MB-GAN","mbgan",5.0743227391609,3.17327434058326
-0.276635709887303,0.494913796998831,"Generated","test","MB-GAN","mbgan",5.0743227391609,3.17327434058326
-0.218178602666559,0.141416640480548,"Generated","test","MB-GAN","mbgan",5.0743227391609,3.17327434058326
-0.33629307862954,0.16150258421832,"Generated","test","MB-GAN","mbgan",5.0743227391609,3.17327434058326
-0.0548191148450047,0.380896029091049,"Generated","test","MB-GAN","mbgan",5.0743227391609,3.17327434058326
0.0688840187506457,0.0540141503899006,"Generated","test","MB-GAN","mbgan",5.0743227391609,3.17327434058326
0.266582108276905,-0.0190935408370665,"Generated","test","MB-GAN","mbgan",5.0743227391609,3.17327434058326
0.267724065934415,0.114745082036501,"Generated","test","MB-GAN","mbgan",5.0743227391609,3.17327434058326
-0.223337326106909,0.0853803835645069,"Generated","test","MB-GAN","mbgan",5.0743227391609,3.17327434058326
-0.615394033654499,-1.16196489685197,"Generated","test","MB-GAN","mbgan",5.0743227391609,3.17327434058326
-0.152172036737782,-0.233038067844858,"Generated","test","MB-GAN","mbgan",5.0743227391609,3.17327434058326
-0.564709222619978,0.0294878128097307,"Generated","test","MB-GAN","mbgan",5.0743227391609,3.17327434058326
0.633920575612656,0.127676979847956,"Generated","test","MB-GAN","mbgan",5.0743227391609,3.17327434058326
0.146853279291086,0.17237584708612,"Generated","test","MB-GAN","mbgan",5.0743227391609,3.17327434058326
0.804858930765936,-0.15990117508304,"Generated","test","MB-GAN","mbgan",5.0743227391609,3.17327434058326
0.597337183896761,-0.133466242085277,"Generated","test","MB-GAN","mbgan",5.0743227391609,3.17327434058326
0.618748276126862,-0.261746594902891,"Generated","test","MB-GAN","mbgan",5.0743227391609,3.17327434058326
0.533541037898935,0.0624326045378392,"Generated","test","MB-GAN","mbgan",5.0743227391609,3.17327434058326
0.538897080617733,-0.012714186040276,"Generated","test","MB-GAN","mbgan",5.0743227391609,3.17327434058326
-0.226867736701417,0.105783997724314,"Generated","test","MB-GAN","mbgan",5.0743227391609,3.17327434058326
-0.530015174414217,-1.00647566583857,"Generated","test","MB-GAN","mbgan",5.0743227391609,3.17327434058326
0.691158986852259,-0.032527094265992,"Generated","test","MB-GAN","mbgan",5.0743227391609,3.17327434058326
0.203106821779335,0.191129315056144,"Generated","test","MB-GAN","mbgan",5.0743227391609,3.17327434058326
0.517915244684922,0.113656253018528,"Generated","test","MB-GAN","mbgan",5.0743227391609,3.17327434058326
0.467650589465207,0.0463844974105043,"Generated","test","MB-GAN","mbgan",5.0743227391609,3.17327434058326
-0.383179837985374,0.213893973821436,"Generated","test","MB-GAN","mbgan",5.0743227391609,3.17327434058326
0.455909726965978,0.225470157260139,"Generated","test","MB-GAN","mbgan",5.0743227391609,3.17327434058326
-0.533097972562372,0.370873074680165,"Generated","test","MB-GAN","mbgan",5.0743227391609,3.17327434058326
0.774712382130928,0.0128823849228723,"Generated","test","MB-GAN","mbgan",5.0743227391609,3.17327434058326
-0.444706941827377,0.244695216479639,"Generated","test","MB-GAN","mbgan",5.0743227391609,3.17327434058326
-0.015809795913646,0.082409974313363,"Generated","test","MB-GAN","mbgan",5.0743227391609,3.17327434058326
-0.372176156884063,0.377221817240653,"Generated","test","MB-GAN","mbgan",5.0743227391609,3.17327434058326
0.817588133045321,-0.031376464002933,"Generated","test","MB-GAN","mbgan",5.0743227391609,3.17327434058326
0.520525660597131,0.123562379916341,"Generated","test","MB-GAN","mbgan",5.0743227391609,3.17327434058326
-0.366197731120662,0.321351941151525,"Generated","test","MB-GAN","mbgan",5.0743227391609,3.17327434058326
-0.0730978560359087,0.406655763507881,"Generated","test","MB-GAN","mbgan",5.0743227391609,3.17327434058326
-0.100762179613788,0.215016953833749,"Generated","test","MB-GAN","mbgan",5.0743227391609,3.17327434058326
0.596390398256949,0.0212441164662744,"Generated","test","MB-GAN","mbgan",5.0743227391609,3.17327434058326
-0.532976734293989,0.225019775321894,"Generated","test","MB-GAN","mbgan",5.0743227391609,3.17327434058326
-0.507202986927337,0.0681022186778922,"Generated","test","MB-GAN","mbgan",5.0743227391609,3.17327434058326
-0.0850950286798839,-0.846215051283342,"Generated","test","MB-GAN","mbgan",5.0743227391609,3.17327434058326
-0.368285450387067,0.384745156986979,"Generated","test","MB-GAN","mbgan",5.0743227391609,3.17327434058326
0.62250493167429,-0.137483280728567,"Generated","test","MB-GAN","mbgan",5.0743227391609,3.17327434058326
0.394380906853507,-0.222791251629119,"Generated","test","MB-GAN","mbgan",5.0743227391609,3.17327434058326
0.605360340682508,-0.00538026071190943,"Generated","test","MB-GAN","mbgan",5.0743227391609,3.17327434058326
0.634701305776593,-0.195505253330173,"Generated","test","MB-GAN","mbgan",5.0743227391609,3.17327434058326
0.345773842188965,0.0341440441423362,"Generated","test","MB-GAN","mbgan",5.0743227391609,3.17327434058326
-0.212628387828334,0.368179470453499,"Generated","test","MB-GAN","mbgan",5.0743227391609,3.17327434058326
0.152913476218551,-0.110632296778026,"Generated","test","MB-GAN","mbgan",5.0743227391609,3.17327434058326
-0.154081822470398,0.186772538975279,"Generated","test","MB-GAN","mbgan",5.0743227391609,3.17327434058326
-0.0664295365854826,0.196589942583069,"Generated","test","MB-GAN","mbgan",5.0743227391609,3.17327434058326
-0.657796954267063,0.351700202852949,"Generated","test","MB-GAN","mbgan",5.0743227391609,3.17327434058326
0.703832461116755,-0.391728818829892,"Generated","test","MB-GAN","mbgan",5.0743227391609,3.17327434058326
0.667164338005025,0.0258464634302077,"Generated","test","MB-GAN","mbgan",5.0743227391609,3.17327434058326
-0.0623524111078911,0.0571476570852978,"Generated","test","MB-GAN","mbgan",5.0743227391609,3.17327434058326
0.725408333696614,-0.212731385120491,"Generated","test","MB-GAN","mbgan",5.0743227391609,3.17327434058326
0.773505311140944,-0.319447032586772,"Generated","test","MB-GAN","mbgan",5.0743227391609,3.17327434058326
-0.605688629581466,-1.08239563027285,"Generated","test","MB-GAN","mbgan",5.0743227391609,3.17327434058326
-0.585846707224426,0.0468400343135527,"Generated","test","MB-GAN","mbgan",5.0743227391609,3.17327434058326
0.0576948469195463,0.0460612902265921,"Generated","test","MB-GAN","mbgan",5.0743227391609,3.17327434058326
0.297784456121314,-0.0664345101390029,"Generated","test","MB-GAN","mbgan",5.0743227391609,3.17327434058326
0.122166679621925,0.200459535981987,"Generated","test","MB-GAN","mbgan",5.0743227391609,3.17327434058326
-0.57753159174675,0.0554613088732282,"Generated","test","MB-GAN","mbgan",5.0743227391609,3.17327434058326
0.572042099352178,-0.0125627953937162,"Generated","test","MB-GAN","mbgan",5.0743227391609,3.17327434058326
-0.457183767402935,0.272948878047677,"Generated","test","MB-GAN","mbgan",5.0743227391609,3.17327434058326
-0.712019173202353,-1.1474064834628,"Generated","test","MB-GAN","mbgan",5.0743227391609,3.17327434058326
-0.212695624835582,-0.431975250856216,"Generated","test","MB-GAN","mbgan",5.0743227391609,3.17327434058326
0.156920588500305,-0.605184521697172,"Generated","test","MB-GAN","mbgan",5.0743227391609,3.17327434058326
-0.0521275116323573,-0.0240250948208957,"Generated","test","MB-GAN","mbgan",5.0743227391609,3.17327434058326
-0.212885810327748,0.0806406012208474,"Generated","test","MB-GAN","mbgan",5.0743227391609,3.17327434058326
-0.422371704987972,0.0223636370743113,"Generated","test","MB-GAN","mbgan",5.0743227391609,3.17327434058326
-0.230624982012412,0.407854263441868,"Generated","test","MB-GAN","mbgan",5.0743227391609,3.17327434058326
0.141803870561983,0.132174238999504,"Generated","test","MB-GAN","mbgan",5.0743227391609,3.17327434058326
0.678757104334274,-0.363276071455569,"Generated","test","MB-GAN","mbgan",5.0743227391609,3.17327434058326
-0.400812488734508,-0.49448738084226,"Generated","test","MB-GAN","mbgan",5.0743227391609,3.17327434058326
0.376136359914059,0.0806069061008226,"Generated","test","MB-GAN","mbgan",5.0743227391609,3.17327434058326
0.436800633365295,0.00430949045710524,"Generated","test","MB-GAN","mbgan",5.0743227391609,3.17327434058326
-0.296419445455538,0.0091605034053916,"Generated","test","MB-GAN","mbgan",5.0743227391609,3.17327434058326
0.459944710944269,0.0521116209969366,"Generated","test","MB-GAN","mbgan",5.0743227391609,3.17327434058326
-0.18387760222154,0.259958683503197,"Generated","test","MB-GAN","mbgan",5.0743227391609,3.17327434058326
0.306168361937408,-0.0647107181401349,"Generated","test","MB-GAN","mbgan",5.0743227391609,3.17327434058326
-0.201289889756258,0.141944516609688,"Generated","test","MB-GAN","mbgan",5.0743227391609,3.17327434058326
-0.580244224536801,0.0133018243480401,"Generated","test","MB-GAN","mbgan",5.0743227391609,3.17327434058326
-0.591946298883331,0.0694123767480897,"Generated","test","MB-GAN","mbgan",5.0743227391609,3.17327434058326
-0.543319448278991,0.0375760184980874,"Generated","test","MB-GAN","mbgan",5.0743227391609,3.17327434058326
-0.13197198473821,0.231197721789046,"Generated","test","MB-GAN","mbgan",5.0743227391609,3.17327434058326
-0.341927736727118,0.427115307585329,"Generated","test","MB-GAN","mbgan",5.0743227391609,3.17327434058326
0.318045237268292,-0.471643713881281,"Generated","test","MB-GAN","mbgan",5.0743227391609,3.17327434058326
-0.0500326906337541,0.238480277069427,"Generated","test","MB-GAN","mbgan",5.0743227391609,3.17327434058326
-0.419951361464415,0.129211564466639,"Generated","test","MB-GAN","mbgan",5.0743227391609,3.17327434058326
-0.521211500727331,0.09020428958708,"Generated","test","MB-GAN","mbgan",5.0743227391609,3.17327434058326
0.563195736443826,-0.0736180267384342,"Generated","test","MB-GAN","mbgan",5.0743227391609,3.17327434058326
-0.481528773448739,-0.0149446355286435,"Generated","test","MB-GAN","mbgan",5.0743227391609,3.17327434058326
0.293579763262064,-0.106365212374536,"Generated","test","MB-GAN","mbgan",5.0743227391609,3.17327434058326
-0.00811958950681438,0.271364189198001,"Generated","test","MB-GAN","mbgan",5.0743227391609,3.17327434058326
0.687511605763633,0.0123486072981737,"Generated","test","MB-GAN","mbgan",5.0743227391609,3.17327434058326
0.562229543905531,-0.233979115625477,"Generated","test","MB-GAN","mbgan",5.0743227391609,3.17327434058326
-0.254903164879462,0.3047264568777,"Generated","test","MB-GAN","mbgan",5.0743227391609,3.17327434058326
-0.48045535464187,0.0373778226160099,"Generated","test","MB-GAN","mbgan",5.0743227391609,3.17327434058326
-0.0189467709922777,-0.765507304829901,"Generated","test","MB-GAN","mbgan",5.0743227391609,3.17327434058326
0.595930370276898,0.0062352354378166,"Generated","test","MB-GAN","mbgan",5.0743227391609,3.17327434058326
-0.504093041523659,0.0733168418658683,"Generated","test","MB-GAN","mbgan",5.0743227391609,3.17327434058326
0.36057548233532,-0.117315186853218,"Generated","test","MB-GAN","mbgan",5.0743227391609,3.17327434058326
-0.51756548290004,-0.0298171153918784,"Generated","test","MB-GAN","mbgan",5.0743227391609,3.17327434058326
-0.140687067033382,0.238212493329328,"Generated","test","MB-GAN","mbgan",5.0743227391609,3.17327434058326
-0.372482605035412,0.186340996712827,"Generated","test","MB-GAN","mbgan",5.0743227391609,3.17327434058326
-0.606243828045141,-0.977735274668841,"Generated","test","MB-GAN","mbgan",5.0743227391609,3.17327434058326
0.287101619563763,-0.0573001645937258,"Generated","test","MB-GAN","mbgan",5.0743227391609,3.17327434058326
0.0588816680073462,0.0370034763517885,"Generated","test","MB-GAN","mbgan",5.0743227391609,3.17327434058326
-0.561111366579341,0.120137162309469,"Generated","test","MB-GAN","mbgan",5.0743227391609,3.17327434058326
0.296628609814092,-0.105286793986776,"Generated","test","MB-GAN","mbgan",5.0743227391609,3.17327434058326
-0.602417314605344,0.0927812571045085,"Generated","test","MB-GAN","mbgan",5.0743227391609,3.17327434058326
0.205443096499898,0.10433382319857,"Generated","test","MB-GAN","mbgan",5.0743227391609,3.17327434058326
-0.44550492290937,0.506085120901411,"Generated","test","MB-GAN","mbgan",5.0743227391609,3.17327434058326
0.0348084518153787,0.302466094149085,"Generated","test","MB-GAN","mbgan",5.0743227391609,3.17327434058326
0.178638856593222,-0.043434621033256,"Generated","test","MB-GAN","mbgan",5.0743227391609,3.17327434058326
0.581721813548043,-0.111664386706401,"Generated","test","MB-GAN","mbgan",5.0743227391609,3.17327434058326
-0.245896524702172,0.411357745774858,"Generated","test","MB-GAN","mbgan",5.0743227391609,3.17327434058326
0.744358735603875,0.0215927653230077,"Generated","test","MB-GAN","mbgan",5.0743227391609,3.17327434058326
-0.556199154677832,0.0467555731018756,"Generated","test","MB-GAN","mbgan",5.0743227391609,3.17327434058326
-0.164564556646527,0.384117010495698,"Generated","test","MB-GAN","mbgan",5.0743227391609,3.17327434058326
-0.417451134325699,0.474718082971128,"Generated","test","MB-GAN","mbgan",5.0743227391609,3.17327434058326
-0.476421044504526,-0.753273620097342,"Generated","test","MB-GAN","mbgan",5.0743227391609,3.17327434058326
-0.33567015970493,-0.462180882489464,"Generated","test","MB-GAN","mbgan",5.0743227391609,3.17327434058326
0.316171165310354,0.0524100598481435,"Generated","test","MB-GAN","mbgan",5.0743227391609,3.17327434058326
0.305708893888114,0.0593875128156374,"Generated","test","MB-GAN","mbgan",5.0743227391609,3.17327434058326
-0.466196442027082,0.509368098858795,"Generated","test","MB-GAN","mbgan",5.0743227391609,3.17327434058326
0.0370689862458604,-0.0429051588924855,"Generated","test","MB-GAN","mbgan",5.0743227391609,3.17327434058326
0.527024098014731,-0.0397145450452766,"Generated","test","MB-GAN","mbgan",5.0743227391609,3.17327434058326
-0.302512705744436,0.116820211606725,"Generated","test","MB-GAN","mbgan",5.0743227391609,3.17327434058326
0.5354010413605,0.0696316334080606,"Generated","test","MB-GAN","mbgan",5.0743227391609,3.17327434058326
0.599363368451485,-0.329825021198637,"Generated","test","MB-GAN","mbgan",5.0743227391609,3.17327434058326
-0.675573877851047,-0.983328912444285,"Generated","test","MB-GAN","mbgan",5.0743227391609,3.17327434058326
0.516068858013814,-0.0463054368967971,"Generated","test","MB-GAN","mbgan",5.0743227391609,3.17327434058326
-0.485781880471114,-0.0685456232925241,"Generated","test","MB-GAN","mbgan",5.0743227391609,3.17327434058326
0.0934209708880635,0.121352652604977,"Generated","test","MB-GAN","mbgan",5.0743227391609,3.17327434058326
-0.00955331677468673,0.0606844076764567,"Generated","test","MB-GAN","mbgan",5.0743227391609,3.17327434058326
-0.56451641896898,-0.282533561908474,"Generated","test","MB-GAN","mbgan",5.0743227391609,3.17327434058326
-0.435005926660425,-0.118158785986022,"Generated","test","MB-GAN","mbgan",5.0743227391609,3.17327434058326
0.315277291666121,0.091963849560597,"Generated","test","MB-GAN","mbgan",5.0743227391609,3.17327434058326
-0.518842068918104,0.311114078029994,"Generated","test","MB-GAN","mbgan",5.0743227391609,3.17327434058326
-0.491566780675141,0.108216827051586,"Generated","test","MB-GAN","mbgan",5.0743227391609,3.17327434058326
0.413259819469143,-0.135433731157795,"Generated","test","MB-GAN","mbgan",5.0743227391609,3.17327434058326
0.679479939398127,0.0634821029770829,"Generated","test","MB-GAN","mbgan",5.0743227391609,3.17327434058326
-0.634876226843964,0.192673891279025,"Generated","test","MB-GAN","mbgan",5.0743227391609,3.17327434058326
-0.61868642035108,0.236931417827444,"Generated","test","MB-GAN","mbgan",5.0743227391609,3.17327434058326
-0.0114757809923201,-0.0926316955790867,"Generated","test","MB-GAN","mbgan",5.0743227391609,3.17327434058326
0.523742159153825,0.181708614712342,"Generated","test","MB-GAN","mbgan",5.0743227391609,3.17327434058326
-0.490161077462353,-0.0365833206382813,"Generated","test","MB-GAN","mbgan",5.0743227391609,3.17327434058326
-0.511090715997439,-1.17355651443343,"Generated","test","MB-GAN","mbgan",5.0743227391609,3.17327434058326
0.39209256611615,0.0625411180387627,"Generated","test","MB-GAN","mbgan",5.0743227391609,3.17327434058326
0.110304524700633,0.332813192069591,"Generated","test","MB-GAN","mbgan",5.0743227391609,3.17327434058326
0.291947505408524,-0.0649091550768519,"Generated","test","MB-GAN","mbgan",5.0743227391609,3.17327434058326
0.763323972862583,-0.313776668477881,"Generated","test","MB-GAN","mbgan",5.0743227391609,3.17327434058326
-0.480027650762441,0.193587129266052,"Generated","test","MB-GAN","mbgan",5.0743227391609,3.17327434058326
0.306863889954632,-0.0434087068964866,"Generated","test","MB-GAN","mbgan",5.0743227391609,3.17327434058326
-0.0472500339306923,-0.0741050267635398,"Generated","test","MB-GAN","mbgan",5.0743227391609,3.17327434058326
-0.0188849466615609,0.0394993986955318,"Generated","test","MB-GAN","mbgan",5.0743227391609,3.17327434058326
-0.257755341135159,-0.434993652517689,"Generated","test","MB-GAN","mbgan",5.0743227391609,3.17327434058326
-0.235147382578122,0.471429728880308,"Generated","test","MB-GAN","mbgan",5.0743227391609,3.17327434058326
0.337068303837173,-0.0552671601397176,"Generated","test","MB-GAN","mbgan",5.0743227391609,3.17327434058326
-0.538417385431623,-0.977320872933554,"Generated","test","MB-GAN","mbgan",5.0743227391609,3.17327434058326
-0.325121888628951,0.519413019678065,"Generated","test","MB-GAN","mbgan",5.0743227391609,3.17327434058326
0.75068933474239,-0.0153046339496934,"Generated","test","MB-GAN","mbgan",5.0743227391609,3.17327434058326
0.133673627598754,0.0940024077889115,"Generated","test","MB-GAN","mbgan",5.0743227391609,3.17327434058326
0.24274164403319,0.013653580627623,"Generated","test","MB-GAN","mbgan",5.0743227391609,3.17327434058326
-0.222308704824988,0.399520372761255,"Generated","test","MB-GAN","mbgan",5.0743227391609,3.17327434058326
0.663816266153505,-0.408622897131597,"Generated","test","MB-GAN","mbgan",5.0743227391609,3.17327434058326
0.41196254585182,-0.0184510696717914,"Generated","test","MB-GAN","mbgan",5.0743227391609,3.17327434058326
-0.652908345130798,-1.12304874354524,"Generated","test","MB-GAN","mbgan",5.0743227391609,3.17327434058326
0.0591139979732255,0.0393990971816959,"Generated","test","MB-GAN","mbgan",5.0743227391609,3.17327434058326
-0.438491221620234,0.403868417103287,"Generated","test","MB-GAN","mbgan",5.0743227391609,3.17327434058326
0.481245792386778,-0.00342826497591232,"Generated","test","MB-GAN","mbgan",5.0743227391609,3.17327434058326
-0.510632435087934,-0.024205720560729,"Generated","test","MB-GAN","mbgan",5.0743227391609,3.17327434058326
-0.220743918073665,0.147632278210702,"Generated","test","MB-GAN","mbgan",5.0743227391609,3.17327434058326
-0.266178054827656,0.22347981693008,"Generated","test","MB-GAN","mbgan",5.0743227391609,3.17327434058326
0.735838835251282,-0.254735969919035,"Generated","test","MB-GAN","mbgan",5.0743227391609,3.17327434058326
-0.500314323810091,0.0210073166078156,"Generated","test","MB-GAN","mbgan",5.0743227391609,3.17327434058326
-0.291282225684769,-0.39203401848642,"Generated","test","MB-GAN","mbgan",5.0743227391609,3.17327434058326
-0.435697147625248,0.457870097864982,"Generated","test","MB-GAN","mbgan",5.0743227391609,3.17327434058326
0.474519373655286,0.108664059513079,"Generated","test","MB-GAN","mbgan",5.0743227391609,3.17327434058326
0.287913405990812,0.0375691736157066,"Generated","test","MB-GAN","mbgan",5.0743227391609,3.17327434058326
-0.409080157679874,0.201504876147474,"Generated","test","MB-GAN","mbgan",5.0743227391609,3.17327434058326
0.468661155434847,-0.236455422824358,"Generated","test","MB-GAN","mbgan",5.0743227391609,3.17327434058326
-0.322869406361213,0.445336826714693,"Generated","test","MB-GAN","mbgan",5.0743227391609,3.17327434058326
-0.217273150070122,-0.866079811204135,"Generated","test","MB-GAN","mbgan",5.0743227391609,3.17327434058326
0.78061798853027,-0.191379473733937,"Generated","test","MB-GAN","mbgan",5.0743227391609,3.17327434058326
-0.332119867202932,0.369651739071815,"Generated","test","MB-GAN","mbgan",5.0743227391609,3.17327434058326
0.477994068276956,-0.191965528850999,"Generated","test","MB-GAN","mbgan",5.0743227391609,3.17327434058326
0.238695683458518,0.0358111270866148,"Generated","test","MB-GAN","mbgan",5.0743227391609,3.17327434058326
-0.70524016500534,-0.896643896228493,"Generated","test","MB-GAN","mbgan",5.0743227391609,3.17327434058326
-0.253941266939371,-0.951861804837516,"Generated","test","MB-GAN","mbgan",5.0743227391609,3.17327434058326
0.0477232666605854,0.375992801322302,"Generated","test","MB-GAN","mbgan",5.0743227391609,3.17327434058326
0.0587284827380114,0.112800414438206,"Generated","test","MB-GAN","mbgan",5.0743227391609,3.17327434058326
-0.534679369622813,0.00436192659047992,"Generated","test","MB-GAN","mbgan",5.0743227391609,3.17327434058326
-0.530391728564141,-0.0277057449384913,"Generated","test","MB-GAN","mbgan",5.0743227391609,3.17327434058326
0.211910365864905,0.323144370005894,"Generated","test","MB-GAN","mbgan",5.0743227391609,3.17327434058326
0.044890691978931,0.0133621757505351,"Generated","test","MB-GAN","mbgan",5.0743227391609,3.17327434058326
-0.151222347023889,0.167391752592572,"Generated","test","MB-GAN","mbgan",5.0743227391609,3.17327434058326
-0.175082445575387,0.358707717309254,"Generated","test","MB-GAN","mbgan",5.0743227391609,3.17327434058326
0.375839578808889,0.305636000369742,"Generated","test","MB-GAN","mbgan",5.0743227391609,3.17327434058326
-0.687739108789613,-1.1100215727345,"Generated","test","MB-GAN","mbgan",5.0743227391609,3.17327434058326
0.152216120646012,0.162385669734485,"Generated","test","MB-GAN","mbgan",5.0743227391609,3.17327434058326
0.0496686997703885,0.0702507012932189,"Generated","test","MB-GAN","mbgan",5.0743227391609,3.17327434058326
0.719667535596096,-0.286450796798848,"Generated","test","MB-GAN","mbgan",5.0743227391609,3.17327434058326
-0.0349484430299625,0.17142658921031,"Generated","test","MB-GAN","mbgan",5.0743227391609,3.17327434058326
-0.792356511177003,-0.958178804550726,"Generated","test","MB-GAN","mbgan",5.0743227391609,3.17327434058326
-0.301661285693391,-1.02161995778875,"Generated","test","MB-GAN","mbgan",5.0743227391609,3.17327434058326
-0.473047461363329,0.132911858062453,"Generated","test","MB-GAN","mbgan",5.0743227391609,3.17327434058326
-0.29482251306095,0.0772517547375121,"Generated","test","MB-GAN","mbgan",5.0743227391609,3.17327434058326
-0.654485657393419,-1.17152168790755,"Generated","test","MB-GAN","mbgan",5.0743227391609,3.17327434058326
0.281230710269754,0.0680747379816702,"Generated","test","MB-GAN","mbgan",5.0743227391609,3.17327434058326
-0.592794996827001,-1.11632621406705,"Generated","test","MB-GAN","mbgan",5.0743227391609,3.17327434058326
0.0228557297648165,0.112544217835036,"Generated","test","MB-GAN","mbgan",5.0743227391609,3.17327434058326
-0.389399562343307,0.458503945191159,"Generated","test","MB-GAN","mbgan",5.0743227391609,3.17327434058326
0.667282018666411,-0.156159400258226,"Generated","test","MB-GAN","mbgan",5.0743227391609,3.17327434058326
-0.22388210941473,0.197803970608951,"Generated","test","MB-GAN","mbgan",5.0743227391609,3.17327434058326
-0.0738299373246258,0.343261251746298,"Generated","test","MB-GAN","mbgan",5.0743227391609,3.17327434058326
-0.50905290692473,0.0316007012372591,"Generated","test","MB-GAN","mbgan",5.0743227391609,3.17327434058326
0.831020034690784,-0.0275998682634083,"Generated","test","MB-GAN","mbgan",5.0743227391609,3.17327434058326
-0.233345431158669,0.364098479602428,"Generated","test","MB-GAN","mbgan",5.0743227391609,3.17327434058326
-0.124079182546442,0.116297254387311,"Generated","test","MB-GAN","mbgan",5.0743227391609,3.17327434058326
0.638538155506408,0.144944483574063,"Generated","test","MB-GAN","mbgan",5.0743227391609,3.17327434058326
0.544044071150067,-0.093977687610323,"Generated","test","MB-GAN","mbgan",5.0743227391609,3.17327434058326
-0.618961455197771,0.245007249533031,"Generated","test","MB-GAN","mbgan",5.0743227391609,3.17327434058326
-0.561187972915836,-0.387259388001134,"Generated","test","MB-GAN","mbgan",5.0743227391609,3.17327434058326
0.116044180021132,0.235340257173104,"Generated","test","MB-GAN","mbgan",5.0743227391609,3.17327434058326
0.240570069699354,0.0685004319162459,"Generated","test","MB-GAN","mbgan",5.0743227391609,3.17327434058326
-0.28586698011507,0.483539616709518,"Generated","test","MB-GAN","mbgan",5.0743227391609,3.17327434058326
0.303757744438764,0.0589774833594468,"Generated","test","MB-GAN","mbgan",5.0743227391609,3.17327434058326
0.349093424138886,-0.201310271576586,"Generated","test","MB-GAN","mbgan",5.0743227391609,3.17327434058326
0.587868366647483,0.12043058351818,"Generated","test","MB-GAN","mbgan",5.0743227391609,3.17327434058326
0.658809141553822,-0.034454387033135,"Generated","test","MB-GAN","mbgan",5.0743227391609,3.17327434058326
-0.310619223781592,0.119549002946056,"Generated","test","MB-GAN","mbgan",5.0743227391609,3.17327434058326
-0.325311580506117,0.451202289854719,"Generated","test","MB-GAN","mbgan",5.0743227391609,3.17327434058326
0.762974841460302,0.0659942865852944,"Generated","test","MB-GAN","mbgan",5.0743227391609,3.17327434058326
0.501862057734411,-0.030213032549088,"Generated","test","MB-GAN","mbgan",5.0743227391609,3.17327434058326
-0.410428794003977,-0.0871684020435205,"Generated","test","MB-GAN","mbgan",5.0743227391609,3.17327434058326
-0.650395589255391,0.265939477245094,"Generated","test","MB-GAN","mbgan",5.0743227391609,3.17327434058326
-0.0645507270795336,0.241857977519874,"Generated","test","MB-GAN","mbgan",5.0743227391609,3.17327434058326
0.125631362678041,-0.0436735239284307,"Generated","test","MB-GAN","mbgan",5.0743227391609,3.17327434058326
0.426057543679987,0.151002186618657,"Generated","test","MB-GAN","mbgan",5.0743227391609,3.17327434058326
0.0243375216485462,0.090400076815513,"Generated","test","MB-GAN","mbgan",5.0743227391609,3.17327434058326
0.326278810073335,0.308646877763134,"Generated","test","MB-GAN","mbgan",5.0743227391609,3.17327434058326
-0.823862067695704,-0.834867667138746,"Generated","test","MB-GAN","mbgan",5.0743227391609,3.17327434058326
-0.00448325014171335,-0.690571162554251,"Generated","test","MB-GAN","mbgan",5.0743227391609,3.17327434058326
0.141013816527814,0.0595903041775924,"Generated","test","MB-GAN","mbgan",5.0743227391609,3.17327434058326
0.608638049732245,-0.224889914049547,"Generated","test","MB-GAN","mbgan",5.0743227391609,3.17327434058326
-0.315936589030722,0.132356479946401,"Generated","test","MB-GAN","mbgan",5.0743227391609,3.17327434058326
-0.494707390815436,0.269230864163064,"Generated","test","MB-GAN","mbgan",5.0743227391609,3.17327434058326
-0.288374415144574,-0.934603497304691,"Generated","test","MB-GAN","mbgan",5.0743227391609,3.17327434058326
-0.296848461436417,-0.471231882631082,"Generated","test","MB-GAN","mbgan",5.0743227391609,3.17327434058326
-0.52107395012885,0.104430857164735,"Generated","test","MB-GAN","mbgan",5.0743227391609,3.17327434058326
0.647164076977419,-0.157580457959909,"Generated","test","MB-GAN","mbgan",5.0743227391609,3.17327434058326
-0.420365837062489,-0.257981076365165,"Generated","test","MB-GAN","mbgan",5.0743227391609,3.17327434058326
-0.362970397178561,0.424654589127129,"Generated","test","MB-GAN","mbgan",5.0743227391609,3.17327434058326
0.571702794954575,0.0419000664670828,"Generated","test","MB-GAN","mbgan",5.0743227391609,3.17327434058326
-0.0203635413998685,0.0947484400730832,"Generated","test","MB-GAN","mbgan",5.0743227391609,3.17327434058326
-0.264366686627227,-0.0249047146201008,"Generated","test","MB-GAN","mbgan",5.0743227391609,3.17327434058326
0.270939815723687,-0.103857493612054,"Generated","test","MB-GAN","mbgan",5.0743227391609,3.17327434058326
0.535032212890235,-0.0433778796769702,"Generated","test","MB-GAN","mbgan",5.0743227391609,3.17327434058326
0.706546476567585,-0.393908513831491,"Generated","test","MB-GAN","mbgan",5.0743227391609,3.17327434058326
0.587149691761496,0.217034962681225,"Generated","test","MB-GAN","mbgan",5.0743227391609,3.17327434058326
0.103354772494081,0.000688230211408156,"Generated","test","MB-GAN","mbgan",5.0743227391609,3.17327434058326
-0.038886541576246,0.102706645198274,"Generated","test","MB-GAN","mbgan",5.0743227391609,3.17327434058326
-0.692070058874947,-0.835333507549477,"Generated","test","MB-GAN","mbgan",5.0743227391609,3.17327434058326
-0.49664192025737,0.136126223763746,"Generated","test","MB-GAN","mbgan",5.0743227391609,3.17327434058326
-0.515631123161763,0.0429585503202018,"Generated","test","MB-GAN","mbgan",5.0743227391609,3.17327434058326
0.44727168366143,-0.0144696706535183,"Generated","test","MB-GAN","mbgan",5.0743227391609,3.17327434058326
-0.382762374265109,-0.112970234251922,"Generated","test","MB-GAN","mbgan",5.0743227391609,3.17327434058326
-0.181774566560354,-1.02623945373163,"Generated","test","MB-GAN","mbgan",5.0743227391609,3.17327434058326
0.440576959948411,0.0895316641384861,"Generated","test","MB-GAN","mbgan",5.0743227391609,3.17327434058326
-0.0593857597427975,-0.167711379800401,"Generated","test","MB-GAN","mbgan",5.0743227391609,3.17327434058326
-0.327978236689863,0.193701458817547,"Generated","test","MB-GAN","mbgan",5.0743227391609,3.17327434058326
0.698545847826855,0.0337663283300788,"Generated","test","MB-GAN","mbgan",5.0743227391609,3.17327434058326
0.58000972665462,-0.178254775715932,"Generated","test","MB-GAN","mbgan",5.0743227391609,3.17327434058326
-0.539410610077017,0.0426818540608437,"Generated","test","MB-GAN","mbgan",5.0743227391609,3.17327434058326
-0.340632352675789,0.349194877553199,"Generated","test","MB-GAN","mbgan",5.0743227391609,3.17327434058326
0.208331411258426,0.0524935729773345,"Generated","test","MB-GAN","mbgan",5.0743227391609,3.17327434058326
-0.237794230023974,0.120218338435096,"Generated","test","MB-GAN","mbgan",5.0743227391609,3.17327434058326
0.692668485809944,-0.186949515394583,"Generated","test","MB-GAN","mbgan",5.0743227391609,3.17327434058326
-0.185874940569693,-0.122497633911594,"Generated","test","MB-GAN","mbgan",5.0743227391609,3.17327434058326
-0.334877851671722,-0.0545709315070544,"Generated","test","MB-GAN","mbgan",5.0743227391609,3.17327434058326
-0.00804032349837872,0.115471124684579,"Generated","test","MB-GAN","mbgan",5.0743227391609,3.17327434058326
-0.46623936903719,0.0909225276331992,"Generated","test","MB-GAN","mbgan",5.0743227391609,3.17327434058326
-0.0131460497644759,0.138562919438636,"Generated","test","MB-GAN","mbgan",5.0743227391609,3.17327434058326
-0.400341005368633,0.490599114198896,"Generated","test","MB-GAN","mbgan",5.0743227391609,3.17327434058326
0.271789912852346,0.168172847655429,"Generated","test","MB-GAN","mbgan",5.0743227391609,3.17327434058326
-0.373407795170868,-0.120262936226267,"Generated","test","MB-GAN","mbgan",5.0743227391609,3.17327434058326
0.0185712999216238,0.0652308882687433,"Generated","test","MB-GAN","mbgan",5.0743227391609,3.17327434058326
0.217912699261529,-0.107019525510406,"Generated","test","MB-GAN","mbgan",5.0743227391609,3.17327434058326
-0.67027942415705,0.369812626050748,"Generated","test","MB-GAN","mbgan",5.0743227391609,3.17327434058326
0.551709537877863,-0.359020694522648,"Generated","test","MB-GAN","mbgan",5.0743227391609,3.17327434058326
0.550574154267017,0.0975381389448762,"Generated","test","MB-GAN","mbgan",5.0743227391609,3.17327434058326
-0.616030922361436,0.300568440353932,"Generated","test","MB-GAN","mbgan",5.0743227391609,3.17327434058326
-0.0392622128538695,-0.49258995768145,"Generated","test","MB-GAN","mbgan",5.0743227391609,3.17327434058326
-0.355070398537967,0.458121621398069,"Generated","test","MB-GAN","mbgan",5.0743227391609,3.17327434058326
-0.45209287036824,-0.057828556511218,"Generated","test","MB-GAN","mbgan",5.0743227391609,3.17327434058326
0.292001758634641,0.133081625500913,"Generated","test","MB-GAN","mbgan",5.0743227391609,3.17327434058326
0.490197275588511,0.0777903328877914,"Generated","test","MB-GAN","mbgan",5.0743227391609,3.17327434058326
0.527133966042484,-0.059496129566006,"Generated","test","MB-GAN","mbgan",5.0743227391609,3.17327434058326
0.237265895634855,-0.0399055463103947,"Generated","test","MB-GAN","mbgan",5.0743227391609,3.17327434058326
0.0741601482048054,-0.0625027933162583,"Generated","test","MB-GAN","mbgan",5.0743227391609,3.17327434058326
0.493866883995986,-0.0841445272950331,"Generated","test","MB-GAN","mbgan",5.0743227391609,3.17327434058326
-0.386992000139019,-0.105047857853568,"Generated","test","MB-GAN","mbgan",5.0743227391609,3.17327434058326
-0.107165057413219,-0.0246721519902032,"Generated","test","MB-GAN","mbgan",5.0743227391609,3.17327434058326
0.482330279598236,-0.0646919731403012,"Generated","test","MB-GAN","mbgan",5.0743227391609,3.17327434058326
0.201956189585618,-0.085672489373905,"Generated","test","MB-GAN","mbgan",5.0743227391609,3.17327434058326
-0.232951716858791,0.0459659133381672,"Generated","test","MB-GAN","mbgan",5.0743227391609,3.17327434058326
-0.262255578648695,0.356223267068778,"Generated","test","MB-GAN","mbgan",5.0743227391609,3.17327434058326
0.0935569625087441,0.278329811231434,"Generated","test","MB-GAN","mbgan",5.0743227391609,3.17327434058326
0.393040049658344,0.221956134263519,"Generated","test","MB-GAN","mbgan",5.0743227391609,3.17327434058326
0.613246371806218,-0.0845710666475104,"Generated","test","MB-GAN","mbgan",5.0743227391609,3.17327434058326
-0.250869300947831,0.118359635714749,"Generated","test","MB-GAN","mbgan",5.0743227391609,3.17327434058326
0.587252495283776,0.116587317057701,"Generated","test","MB-GAN","mbgan",5.0743227391609,3.17327434058326
0.0462917991968432,0.0430406869743672,"Generated","test","MB-GAN","mbgan",5.0743227391609,3.17327434058326
0.0690359468645402,-0.00437440266586834,"Generated","test","MB-GAN","mbgan",5.0743227391609,3.17327434058326
-0.097882108206308,0.193330291672848,"Generated","test","MB-GAN","mbgan",5.0743227391609,3.17327434058326
0.170208676481945,0.0112390227487264,"Generated","test","MB-GAN","mbgan",5.0743227391609,3.17327434058326
0.597442936715035,-0.14734459162639,"Generated","test","MB-GAN","mbgan",5.0743227391609,3.17327434058326
-0.150814011474853,0.323756132675078,"Generated","test","MB-GAN","mbgan",5.0743227391609,3.17327434058326
-0.12125453020246,0.257121132879396,"Generated","test","MB-GAN","mbgan",5.0743227391609,3.17327434058326
0.669892377548832,-0.180438506604716,"Generated","test","MB-GAN","mbgan",5.0743227391609,3.17327434058326
0.584574197111924,-0.377498103059709,"Generated","test","MB-GAN","mbgan",5.0743227391609,3.17327434058326
-0.546361947219759,-0.480242309404026,"Generated","test","MB-GAN","mbgan",5.0743227391609,3.17327434058326
-0.511942770708752,-0.880310155726921,"Generated","test","MB-GAN","mbgan",5.0743227391609,3.17327434058326
-0.304345585416902,0.358421995598138,"Generated","test","MB-GAN","mbgan",5.0743227391609,3.17327434058326
0.60399611337662,0.095895586662999,"Generated","test","MB-GAN","mbgan",5.0743227391609,3.17327434058326
0.608301397514902,-0.119686936853357,"Generated","test","MB-GAN","mbgan",5.0743227391609,3.17327434058326
0.105643058018235,0.211449574890837,"Generated","test","MB-GAN","mbgan",5.0743227391609,3.17327434058326
-0.236629052697016,-0.00362115137653141,"Generated","test","MB-GAN","mbgan",5.0743227391609,3.17327434058326
-0.386794860532614,-1.09138557163296,"Generated","test","MB-GAN","mbgan",5.0743227391609,3.17327434058326
0.127265968156102,-0.0136531517294917,"Generated","test","MB-GAN","mbgan",5.0743227391609,3.17327434058326
-0.459560855804479,-0.287013934013317,"Generated","test","MB-GAN","mbgan",5.0743227391609,3.17327434058326
-0.0757077366572781,-0.0708203743437759,"Generated","test","MB-GAN","mbgan",5.0743227391609,3.17327434058326
0.699517673440847,-0.132963354370759,"Generated","test","MB-GAN","mbgan",5.0743227391609,3.17327434058326
0.146106890986027,-0.43459331048092,"Generated","test","MB-GAN","mbgan",5.0743227391609,3.17327434058326
-0.601694399462786,0.0834191474578396,"Generated","test","MB-GAN","mbgan",5.0743227391609,3.17327434058326
0.341333577544833,-0.0160809018915342,"Generated","test","MB-GAN","mbgan",5.0743227391609,3.17327434058326
-0.429427143224847,0.280883599841417,"Generated","test","MB-GAN","mbgan",5.0743227391609,3.17327434058326
0.593833569557392,-0.209740200573329,"Generated","test","MB-GAN","mbgan",5.0743227391609,3.17327434058326
0.51484465107488,0.227585440515622,"Generated","test","MB-GAN","mbgan",5.0743227391609,3.17327434058326
0.512991730212485,0.0356557650863207,"Generated","test","MB-GAN","mbgan",5.0743227391609,3.17327434058326
-0.755458133471726,-0.731736969317599,"Generated","test","MB-GAN","mbgan",5.0743227391609,3.17327434058326
0.618308158932446,-0.179550569539296,"Generated","test","MB-GAN","mbgan",5.0743227391609,3.17327434058326
0.772618595703191,-0.248034650817688,"Generated","test","MB-GAN","mbgan",5.0743227391609,3.17327434058326
0.447318649833386,-0.115681114621741,"Generated","test","MB-GAN","mbgan",5.0743227391609,3.17327434058326
0.555355035798442,0.195409830774133,"Generated","test","MB-GAN","mbgan",5.0743227391609,3.17327434058326
-0.171285514032968,0.475104706420611,"Generated","test","MB-GAN","mbgan",5.0743227391609,3.17327434058326
-0.0200964747827781,-0.00519090791990337,"Generated","test","MB-GAN","mbgan",5.0743227391609,3.17327434058326
0.112051866653577,0.245048265755716,"Generated","test","MB-GAN","mbgan",5.0743227391609,3.17327434058326
-0.592320744546852,0.275776299109016,"Generated","test","MB-GAN","mbgan",5.0743227391609,3.17327434058326
0.51940307944042,-0.0177970568294107,"Generated","test","MB-GAN","mbgan",5.0743227391609,3.17327434058326
0.780770022142905,-0.312045316077061,"Generated","test","MB-GAN","mbgan",5.0743227391609,3.17327434058326
0.498789151362353,-0.0339149584181272,"Generated","test","MB-GAN","mbgan",5.0743227391609,3.17327434058326
-0.0806658084115937,-0.80308802118589,"Generated","test","MB-GAN","mbgan",5.0743227391609,3.17327434058326
0.417573782637967,-0.20800709799952,"Generated","test","MB-GAN","mbgan",5.0743227391609,3.17327434058326
-0.405539717892522,0.42974455316395,"Generated","test","MB-GAN","mbgan",5.0743227391609,3.17327434058326
-0.671900018084686,0.334327607930188,"Generated","test","MB-GAN","mbgan",5.0743227391609,3.17327434058326
-0.325165213119657,0.361278619471384,"Generated","test","MB-GAN","mbgan",5.0743227391609,3.17327434058326
0.27589842461436,-0.0322351325338035,"Generated","test","MB-GAN","mbgan",5.0743227391609,3.17327434058326
0.436952286513213,-0.0376894948352616,"Generated","test","MB-GAN","mbgan",5.0743227391609,3.17327434058326
-0.698461674759138,0.354629015223336,"Generated","test","MB-GAN","mbgan",5.0743227391609,3.17327434058326
-0.443967012219364,0.127719308524603,"Generated","test","MB-GAN","mbgan",5.0743227391609,3.17327434058326
-0.585920393586766,0.0545863975731099,"Generated","test","MB-GAN","mbgan",5.0743227391609,3.17327434058326
0.539390824381573,0.107235230966545,"Generated","test","MB-GAN","mbgan",5.0743227391609,3.17327434058326
0.353392979567121,-0.00893005657824775,"Generated","test","MB-GAN","mbgan",5.0743227391609,3.17327434058326
-0.588433573231018,0.0860364909093821,"Generated","test","MB-GAN","mbgan",5.0743227391609,3.17327434058326
0.69252535788748,-0.0777722889402552,"Generated","test","MB-GAN","mbgan",5.0743227391609,3.17327434058326
-0.0763577156326122,0.335851552764179,"Generated","test","MB-GAN","mbgan",5.0743227391609,3.17327434058326
-0.475147836484087,-1.13573396588998,"Generated","test","MB-GAN","mbgan",5.0743227391609,3.17327434058326
0.22132457609271,-0.0310246375243927,"Generated","test","MB-GAN","mbgan",5.0743227391609,3.17327434058326
0.764590098244897,-0.229673459381419,"Generated","test","MB-GAN","mbgan",5.0743227391609,3.17327434058326
-0.437192689242758,0.438716111964213,"Generated","test","MB-GAN","mbgan",5.0743227391609,3.17327434058326
-0.296058310506824,0.564730904496304,"Generated","test","MB-GAN","mbgan",5.0743227391609,3.17327434058326
-0.614749804049898,-1.05494699453089,"Generated","test","MB-GAN","mbgan",5.0743227391609,3.17327434058326
0.353287797734192,0.0138918094680742,"Generated","test","MB-GAN","mbgan",5.0743227391609,3.17327434058326
-0.339212370186644,0.060068039567168,"Generated","test","MB-GAN","mbgan",5.0743227391609,3.17327434058326
-0.33033146458555,0.422431530033846,"Generated","test","MB-GAN","mbgan",5.0743227391609,3.17327434058326
0.0256167006559486,0.0811990704622179,"Generated","test","MB-GAN","mbgan",5.0743227391609,3.17327434058326
0.728286778318179,-0.179133192927035,"Generated","test","MB-GAN","mbgan",5.0743227391609,3.17327434058326
-0.083485906838679,0.208493133388486,"Generated","test","MB-GAN","mbgan",5.0743227391609,3.17327434058326
-0.607971863079543,0.259475772237275,"Generated","test","MB-GAN","mbgan",5.0743227391609,3.17327434058326
0.19796898138252,0.113417858773039,"Generated","test","MB-GAN","mbgan",5.0743227391609,3.17327434058326
-0.506199351401634,0.00253943732749655,"Generated","test","MB-GAN","mbgan",5.0743227391609,3.17327434058326
0.352163937795939,-0.269922401375353,"Generated","test","MB-GAN","mbgan",5.0743227391609,3.17327434058326
-0.41299949303665,-0.111511110786693,"Generated","test","MB-GAN","mbgan",5.0743227391609,3.17327434058326
-0.46634240855039,0.0295990020445078,"Generated","test","MB-GAN","mbgan",5.0743227391609,3.17327434058326
-0.6430212944909,0.301970352516542,"Generated","test","MB-GAN","mbgan",5.0743227391609,3.17327434058326
0.554469651026573,0.194255937516895,"Generated","test","MB-GAN","mbgan",5.0743227391609,3.17327434058326
0.15573105551087,0.0518723714954813,"Generated","test","MB-GAN","mbgan",5.0743227391609,3.17327434058326
0.517327649856666,0.194682890675626,"Generated","test","MB-GAN","mbgan",5.0743227391609,3.17327434058326
-0.352570458136355,0.205384214423407,"Generated","test","MB-GAN","mbgan",5.0743227391609,3.17327434058326
-0.435921619037646,0.19810562646038,"Generated","test","MB-GAN","mbgan",5.0743227391609,3.17327434058326
-0.528810596306997,-0.00956604209219936,"Generated","test","MB-GAN","mbgan",5.0743227391609,3.17327434058326
0.512181026897729,0.103337021938888,"Generated","test","MB-GAN","mbgan",5.0743227391609,3.17327434058326
0.206062443184215,0.0690929064551701,"Generated","test","MB-GAN","mbgan",5.0743227391609,3.17327434058326
0.508773527308425,0.143482206712083,"Generated","test","MB-GAN","mbgan",5.0743227391609,3.17327434058326
0.458354404296954,-0.0550919731292809,"Generated","test","MB-GAN","mbgan",5.0743227391609,3.17327434058326
-0.129835763022028,0.196254647949981,"Generated","test","MB-GAN","mbgan",5.0743227391609,3.17327434058326
-0.589921165964091,0.0789704693063909,"Generated","test","MB-GAN","mbgan",5.0743227391609,3.17327434058326
-0.583598616832388,0.0484125597325828,"Generated","test","MB-GAN","mbgan",5.0743227391609,3.17327434058326
0.78828060629971,-0.134489573106548,"Generated","test","MB-GAN","mbgan",5.0743227391609,3.17327434058326
0.156256787338775,-0.539442528405699,"Generated","test","MB-GAN","mbgan",5.0743227391609,3.17327434058326
0.653616230056413,0.0962400643461562,"Generated","test","MB-GAN","mbgan",5.0743227391609,3.17327434058326
-0.137840152596666,0.0330901397461854,"Generated","test","MB-GAN","mbgan",5.0743227391609,3.17327434058326
-0.432124335153602,-0.108091578241975,"Generated","test","MB-GAN","mbgan",5.0743227391609,3.17327434058326
0.353567737220328,0.012315231631874,"Generated","test","MB-GAN","mbgan",5.0743227391609,3.17327434058326
-0.48541557281487,-0.0207600683924067,"Generated","test","MB-GAN","mbgan",5.0743227391609,3.17327434058326
-0.58321028056362,0.076257953468368,"Generated","test","MB-GAN","mbgan",5.0743227391609,3.17327434058326
-0.508809335253236,-0.037600196165645,"Generated","test","MB-GAN","mbgan",5.0743227391609,3.17327434058326
0.46193154715857,0.00829107697752672,"Generated","test","MB-GAN","mbgan",5.0743227391609,3.17327434058326
0.641200785218641,-0.121630119327473,"Generated","test","MB-GAN","mbgan",5.0743227391609,3.17327434058326
0.408419823287792,-0.372233852173708,"Generated","test","MB-GAN","mbgan",5.0743227391609,3.17327434058326
0.185451475214527,0.0539785603846264,"Generated","test","MB-GAN","mbgan",5.0743227391609,3.17327434058326
0.695887466088326,-0.370494297692256,"Generated","test","MB-GAN","mbgan",5.0743227391609,3.17327434058326
-0.533339197032124,-0.00439034683989795,"Generated","test","MB-GAN","mbgan",5.0743227391609,3.17327434058326
-0.574524509881427,0.210573705804399,"Generated","test","MB-GAN","mbgan",5.0743227391609,3.17327434058326
-0.273253966046512,0.387890624877284,"Generated","test","MB-GAN","mbgan",5.0743227391609,3.17327434058326
-0.337514605804925,0.346603999362211,"Generated","test","MB-GAN","mbgan",5.0743227391609,3.17327434058326
-0.457395679335546,-0.475954840082105,"Generated","test","MB-GAN","mbgan",5.0743227391609,3.17327434058326
0.342730124391385,0.0938729566386612,"Generated","test","MB-GAN","mbgan",5.0743227391609,3.17327434058326
-0.386476004719101,-0.0672028109633689,"Generated","test","MB-GAN","mbgan",5.0743227391609,3.17327434058326
-0.558852444889249,-1.16314457037657,"Generated","test","MB-GAN","mbgan",5.0743227391609,3.17327434058326
0.426029730145931,0.115103261861643,"Generated","test","MB-GAN","mbgan",5.0743227391609,3.17327434058326
-0.563927292108767,0.0798823533726541,"Generated","test","MB-GAN","mbgan",5.0743227391609,3.17327434058326
-0.315339629776828,0.391198572976481,"Generated","test","MB-GAN","mbgan",5.0743227391609,3.17327434058326
0.569712661468058,-0.0383627152916587,"Generated","test","MB-GAN","mbgan",5.0743227391609,3.17327434058326
0.121903912135491,-0.852361970902662,"Generated","test","MB-GAN","mbgan",5.0743227391609,3.17327434058326
0.0700861490911442,0.131973809724817,"Generated","test","MB-GAN","mbgan",5.0743227391609,3.17327434058326
-0.158637904957383,0.340664538866435,"Generated","test","MB-GAN","mbgan",5.0743227391609,3.17327434058326
-0.403590026292708,0.262729170541793,"Generated","test","MB-GAN","mbgan",5.0743227391609,3.17327434058326
0.353025225062577,0.199651293529677,"Generated","test","MB-GAN","mbgan",5.0743227391609,3.17327434058326
-0.210381506392114,0.46400997132699,"Generated","test","MB-GAN","mbgan",5.0743227391609,3.17327434058326
-0.365509401454102,0.12539016485365,"Generated","test","MB-GAN","mbgan",5.0743227391609,3.17327434058326
-0.442793279562337,0.194018832917947,"Generated","test","MB-GAN","mbgan",5.0743227391609,3.17327434058326
0.311433034071071,-0.0697323336549546,"Generated","test","MB-GAN","mbgan",5.0743227391609,3.17327434058326
-0.0942058212549688,0.311181424655262,"Generated","test","MB-GAN","mbgan",5.0743227391609,3.17327434058326
-0.239025558968822,0.337829847373019,"Generated","test","MB-GAN","mbgan",5.0743227391609,3.17327434058326
0.506088916398038,0.098050823731326,"Generated","test","MB-GAN","mbgan",5.0743227391609,3.17327434058326
0.774854283680521,-0.166223227954983,"Generated","test","MB-GAN","mbgan",5.0743227391609,3.17327434058326
-0.44439537481724,-0.110206679562009,"Generated","test","MB-GAN","mbgan",5.0743227391609,3.17327434058326
-0.540300188919682,-0.986573364116635,"Generated","test","MB-GAN","mbgan",5.0743227391609,3.17327434058326
-0.535663149573907,0.0513244158552165,"Generated","test","MB-GAN","mbgan",5.0743227391609,3.17327434058326
-0.0118970468782407,0.268036140185297,"Generated","test","MB-GAN","mbgan",5.0743227391609,3.17327434058326
-0.256172966605591,0.210649602516869,"Generated","test","MB-GAN","mbgan",5.0743227391609,3.17327434058326
-0.456592266784712,-0.0464143231476429,"Generated","test","MB-GAN","mbgan",5.0743227391609,3.17327434058326
0.755539185533032,-0.139301550313985,"Generated","test","MB-GAN","mbgan",5.0743227391609,3.17327434058326
0.562021377359148,-0.14089251706043,"Generated","test","MB-GAN","mbgan",5.0743227391609,3.17327434058326
-0.25148563642663,0.417223892202813,"Generated","test","MB-GAN","mbgan",5.0743227391609,3.17327434058326
-0.574052435169965,0.17744294545422,"Generated","test","MB-GAN","mbgan",5.0743227391609,3.17327434058326
-0.0149682454578664,0.318814497460027,"Generated","test","MB-GAN","mbgan",5.0743227391609,3.17327434058326
0.313873785177753,-0.0425852623426413,"Generated","test","MB-GAN","mbgan",5.0743227391609,3.17327434058326
0.354876717650418,-0.233830245666825,"Generated","test","MB-GAN","mbgan",5.0743227391609,3.17327434058326
0.270485939143508,0.177625393056236,"Generated","test","MB-GAN","mbgan",5.0743227391609,3.17327434058326
-0.366542631219889,-0.0522860419755061,"Generated","test","MB-GAN","mbgan",5.0743227391609,3.17327434058326
0.14905839833185,0.163247446777803,"Generated","test","MB-GAN","mbgan",5.0743227391609,3.17327434058326
0.1284206825439,0.254173309137541,"Generated","test","MB-GAN","mbgan",5.0743227391609,3.17327434058326
-0.411052041119617,0.464161296456197,"Generated","test","MB-GAN","mbgan",5.0743227391609,3.17327434058326
-0.318926798703988,0.478029599802944,"Generated","test","MB-GAN","mbgan",5.0743227391609,3.17327434058326
-0.457973014424679,0.36878925496386,"Generated","test","MB-GAN","mbgan",5.0743227391609,3.17327434058326
0.543461439339234,-0.0901353658263492,"Generated","test","MB-GAN","mbgan",5.0743227391609,3.17327434058326
0.680001581728578,-0.0129690725354246,"Generated","test","MB-GAN","mbgan",5.0743227391609,3.17327434058326
0.537665066472082,0.0911354469004688,"Generated","test","MB-GAN","mbgan",5.0743227391609,3.17327434058326
-0.525280305258803,0.29945379368703,"Generated","test","MB-GAN","mbgan",5.0743227391609,3.17327434058326
-0.432384318223893,-0.00969932256914739,"Generated","test","MB-GAN","mbgan",5.0743227391609,3.17327434058326
-0.296136640872175,0.503702921177102,"Generated","test","MB-GAN","mbgan",5.0743227391609,3.17327434058326
-0.621474917308468,0.260595888161047,"Generated","test","MB-GAN","mbgan",5.0743227391609,3.17327434058326
-0.139787411121537,-0.0512595303602427,"Generated","test","MB-GAN","mbgan",5.0743227391609,3.17327434058326
-0.424112351503883,0.447679970099075,"Generated","test","MB-GAN","mbgan",5.0743227391609,3.17327434058326
0.250107990316768,-0.0667913355506233,"Generated","test","MB-GAN","mbgan",5.0743227391609,3.17327434058326
-0.414643961907536,-0.659984002390857,"Generated","test","MB-GAN","mbgan",5.0743227391609,3.17327434058326
0.553732834935373,-0.125058035599588,"Generated","test","MB-GAN","mbgan",5.0743227391609,3.17327434058326
-0.000937483273938222,-0.0745085919595313,"Generated","test","MB-GAN","mbgan",5.0743227391609,3.17327434058326
0.348722375967763,0.0211367164052781,"Generated","test","MB-GAN","mbgan",5.0743227391609,3.17327434058326
0.80292165790713,-0.20986449112869,"Generated","test","MB-GAN","mbgan",5.0743227391609,3.17327434058326
0.491497311022191,0.145708737706333,"Generated","test","MB-GAN","mbgan",5.0743227391609,3.17327434058326
0.567282868605769,-0.0404694674917104,"Generated","test","MB-GAN","mbgan",5.0743227391609,3.17327434058326
0.611495755526781,-0.218758355681816,"Generated","test","MB-GAN","mbgan",5.0743227391609,3.17327434058326
-0.419097592528991,-0.568940411175798,"Generated","test","MB-GAN","mbgan",5.0743227391609,3.17327434058326
0.60041610217578,-0.372815781709317,"Generated","test","MB-GAN","mbgan",5.0743227391609,3.17327434058326
0.100320323474246,0.0553370694236261,"Generated","test","MB-GAN","mbgan",5.0743227391609,3.17327434058326
0.40404907087018,0.147576367962248,"Generated","test","MB-GAN","mbgan",5.0743227391609,3.17327434058326
-0.416981094991416,0.183292641556274,"Generated","test","MB-GAN","mbgan",5.0743227391609,3.17327434058326
0.395494552181227,0.172816413936688,"Generated","test","MB-GAN","mbgan",5.0743227391609,3.17327434058326
-0.289016444642065,0.478075486078783,"Generated","test","MB-GAN","mbgan",5.0743227391609,3.17327434058326
0.310181982131222,-0.0133344239785956,"Generated","test","MB-GAN","mbgan",5.0743227391609,3.17327434058326
-0.28568633918191,0.414668160339241,"Generated","test","MB-GAN","mbgan",5.0743227391609,3.17327434058326
0.695823381680427,-0.139251668415444,"Generated","test","MB-GAN","mbgan",5.0743227391609,3.17327434058326
0.0304182980603582,0.188482420626107,"Generated","test","MB-GAN","mbgan",5.0743227391609,3.17327434058326
-0.378713653299929,0.555206639122532,"Generated","test","MB-GAN","mbgan",5.0743227391609,3.17327434058326
-0.074920020931195,0.0918512226576665,"Generated","test","MB-GAN","mbgan",5.0743227391609,3.17327434058326
-0.419455942363942,0.0776869832124327,"Generated","test","MB-GAN","mbgan",5.0743227391609,3.17327434058326
-0.327684144656875,-0.585722034672386,"Generated","test","MB-GAN","mbgan",5.0743227391609,3.17327434058326
-0.479988390990683,0.456698578316148,"Generated","test","MB-GAN","mbgan",5.0743227391609,3.17327434058326
0.476477321015856,0.225496759565058,"Generated","test","MB-GAN","mbgan",5.0743227391609,3.17327434058326
-0.526577261386032,-0.684446835086981,"Generated","test","MB-GAN","mbgan",5.0743227391609,3.17327434058326
-0.237029084537796,0.120791445075615,"Generated","test","MB-GAN","mbgan",5.0743227391609,3.17327434058326
-0.226820102727261,0.143620910490721,"Generated","test","MB-GAN","mbgan",5.0743227391609,3.17327434058326
0.535895858057542,0.00248742596745455,"Generated","test","MB-GAN","mbgan",5.0743227391609,3.17327434058326
0.710368090137539,-0.216894925931962,"Generated","test","MB-GAN","mbgan",5.0743227391609,3.17327434058326
-0.498718315841007,-0.0189511520164522,"Generated","test","MB-GAN","mbgan",5.0743227391609,3.17327434058326
-0.349084698181682,0.520217300885648,"Generated","test","MB-GAN","mbgan",5.0743227391609,3.17327434058326
-0.261235644954727,0.359713624497205,"Generated","test","MB-GAN","mbgan",5.0743227391609,3.17327434058326
-0.223052917563828,-0.0900692454025317,"Generated","test","MB-GAN","mbgan",5.0743227391609,3.17327434058326
0.587372177149769,-0.0246546134832573,"Generated","test","MB-GAN","mbgan",5.0743227391609,3.17327434058326
-0.558982033903759,-0.709173117744897,"Generated","test","MB-GAN","mbgan",5.0743227391609,3.17327434058326
0.0748277238429128,0.0709147082027823,"Generated","test","MB-GAN","mbgan",5.0743227391609,3.17327434058326
-0.618001118978194,-0.831511197346163,"Generated","test","MB-GAN","mbgan",5.0743227391609,3.17327434058326
0.431295022427105,-0.0192861692242082,"Generated","test","MB-GAN","mbgan",5.0743227391609,3.17327434058326
-0.166382082049767,0.0602527349155954,"Generated","test","MB-GAN","mbgan",5.0743227391609,3.17327434058326
0.624973108535111,0.123879142303164,"Generated","test","MB-GAN","mbgan",5.0743227391609,3.17327434058326
-0.313184603733263,-1.15455521178014,"Generated","test","MB-GAN","mbgan",5.0743227391609,3.17327434058326
-0.263903625693337,0.398642732568892,"Generated","test","MB-GAN","mbgan",5.0743227391609,3.17327434058326
-0.079936942403474,0.19713568424158,"Generated","test","MB-GAN","mbgan",5.0743227391609,3.17327434058326
-0.497957151023639,-0.0395741965624381,"Generated","test","MB-GAN","mbgan",5.0743227391609,3.17327434058326
0.540942416932682,-0.00453201900913042,"Generated","test","MB-GAN","mbgan",5.0743227391609,3.17327434058326
0.134636668118465,0.0219037036326299,"Generated","test","MB-GAN","mbgan",5.0743227391609,3.17327434058326
0.718042416108867,0.0164811646753123,"Generated","test","MB-GAN","mbgan",5.0743227391609,3.17327434058326
-0.699875801894349,0.330230749578884,"Generated","test","MB-GAN","mbgan",5.0743227391609,3.17327434058326
-0.56019210867616,0.0158630264146152,"Generated","test","MB-GAN","mbgan",5.0743227391609,3.17327434058326
0.286839746272001,0.197544910674739,"Generated","test","MB-GAN","mbgan",5.0743227391609,3.17327434058326
-0.558731522058912,0.0404402099219211,"Generated","test","MB-GAN","mbgan",5.0743227391609,3.17327434058326
0.0647032138139948,0.157858496187817,"Generated","test","MB-GAN","mbgan",5.0743227391609,3.17327434058326
0.605606043048623,-0.334833016506344,"Generated","test","MB-GAN","mbgan",5.0743227391609,3.17327434058326
0.196132311397604,-0.164541972721435,"Generated","test","MB-GAN","mbgan",5.0743227391609,3.17327434058326
-0.155147172353191,0.33385944153611,"Generated","test","MB-GAN","mbgan",5.0743227391609,3.17327434058326
0.303889020354887,0.00919778207097938,"Generated","test","MB-GAN","mbgan",5.0743227391609,3.17327434058326
0.791596926691394,-0.0861199002364826,"Generated","test","MB-GAN","mbgan",5.0743227391609,3.17327434058326
0.0493922735138436,0.286205213652948,"Generated","test","MB-GAN","mbgan",5.0743227391609,3.17327434058326
-0.631958391637827,0.245894317998295,"Generated","test","MB-GAN","mbgan",5.0743227391609,3.17327434058326
-0.589557137350994,0.151704219875219,"Generated","test","MB-GAN","mbgan",5.0743227391609,3.17327434058326
0.706173030561704,0.0536504041154468,"Generated","test","MB-GAN","mbgan",5.0743227391609,3.17327434058326
-0.101130550703822,0.213509368713128,"Generated","test","MB-GAN","mbgan",5.0743227391609,3.17327434058326
-0.364279592858252,0.316541969007717,"Generated","test","MB-GAN","mbgan",5.0743227391609,3.17327434058326
0.616575125366786,-0.299645164501448,"Generated","test","MB-GAN","mbgan",5.0743227391609,3.17327434058326
-0.122489495937688,-0.400570046953439,"Generated","test","MB-GAN","mbgan",5.0743227391609,3.17327434058326
-0.326746720977137,0.506569883345063,"Generated","test","MB-GAN","mbgan",5.0743227391609,3.17327434058326
-0.550093503540998,0.0394993625391733,"Generated","test","MB-GAN","mbgan",5.0743227391609,3.17327434058326
0.566151252010866,0.000834493754665732,"Generated","test","MB-GAN","mbgan",5.0743227391609,3.17327434058326
0.659127800978145,-0.199064023922889,"Generated","test","MB-GAN","mbgan",5.0743227391609,3.17327434058326
0.600382920436232,-0.0773517326175454,"Generated","test","MB-GAN","mbgan",5.0743227391609,3.17327434058326
-0.615341992304031,0.195359331138111,"Generated","test","MB-GAN","mbgan",5.0743227391609,3.17327434058326
-0.226061406758675,-0.751088222976426,"Generated","test","MB-GAN","mbgan",5.0743227391609,3.17327434058326
-0.169509013528941,0.14854847763985,"Generated","test","MB-GAN","mbgan",5.0743227391609,3.17327434058326
-0.0913004300245698,0.083771117802269,"Generated","test","MB-GAN","mbgan",5.0743227391609,3.17327434058326
0.397264324872861,0.115729829051902,"Generated","test","MB-GAN","mbgan",5.0743227391609,3.17327434058326
-0.455256929096502,0.430296710337064,"Generated","test","MB-GAN","mbgan",5.0743227391609,3.17327434058326
0.545785922802303,-0.0360406701094554,"Generated","test","MB-GAN","mbgan",5.0743227391609,3.17327434058326
-0.574744648553522,0.240586208283831,"Generated","test","MB-GAN","mbgan",5.0743227391609,3.17327434058326
0.170487927531539,0.322983985022632,"Generated","test","MB-GAN","mbgan",5.0743227391609,3.17327434058326
0.00886456399271335,0.355265825422136,"Generated","test","MB-GAN","mbgan",5.0743227391609,3.17327434058326
0.277225705803091,0.266935702881206,"Generated","test","MB-GAN","mbgan",5.0743227391609,3.17327434058326
-0.181590802931047,0.0740608251245866,"Generated","test","MB-GAN","mbgan",5.0743227391609,3.17327434058326
0.034843209482086,0.285374836685549,"Generated","test","MB-GAN","mbgan",5.0743227391609,3.17327434058326
0.449574257022039,0.102123570073125,"Generated","test","MB-GAN","mbgan",5.0743227391609,3.17327434058326
-0.29901652334777,0.481782427898463,"Generated","test","MB-GAN","mbgan",5.0743227391609,3.17327434058326
0.726371697228565,-0.116091613785772,"Generated","test","MB-GAN","mbgan",5.0743227391609,3.17327434058326
-0.611601428279039,0.234829584170886,"Generated","test","MB-GAN","mbgan",5.0743227391609,3.17327434058326
-0.388206001291543,0.111426398012016,"Generated","test","MB-GAN","mbgan",5.0743227391609,3.17327434058326
-0.548365419794812,0.0890836669509068,"Generated","test","MB-GAN","mbgan",5.0743227391609,3.17327434058326
-0.698278581615082,0.329145500630374,"Generated","test","MB-GAN","mbgan",5.0743227391609,3.17327434058326
0.229705265351022,0.0398844050954097,"Generated","test","MB-GAN","mbgan",5.0743227391609,3.17327434058326
0.444411534655062,-0.0502771644924346,"Generated","test","MB-GAN","mbgan",5.0743227391609,3.17327434058326
0.360573840384535,0.129817851445424,"Generated","test","MB-GAN","mbgan",5.0743227391609,3.17327434058326
0.749582284198033,-0.158838018024345,"Generated","test","MB-GAN","mbgan",5.0743227391609,3.17327434058326
0.156723759263643,0.322366787772241,"Generated","test","MB-GAN","mbgan",5.0743227391609,3.17327434058326
0.489040259734299,-0.0172854775979055,"Generated","test","MB-GAN","mbgan",5.0743227391609,3.17327434058326
-0.319852410081839,0.25507269311318,"Generated","test","MB-GAN","mbgan",5.0743227391609,3.17327434058326
-0.474404933906115,-1.11537765537188,"Generated","test","MB-GAN","mbgan",5.0743227391609,3.17327434058326
0.559150758710931,-0.141862024380472,"Generated","test","MB-GAN","mbgan",5.0743227391609,3.17327434058326
-0.092457191194866,0.0764205811928282,"Generated","test","MB-GAN","mbgan",5.0743227391609,3.17327434058326
-0.662883000643963,-0.290321037636106,"Generated","test","MB-GAN","mbgan",5.0743227391609,3.17327434058326
0.30296004079847,0.0881713950865901,"Generated","test","MB-GAN","mbgan",5.0743227391609,3.17327434058326
0.365884236105648,0.291941315582237,"Generated","test","MB-GAN","mbgan",5.0743227391609,3.17327434058326
-0.0231234936024112,0.139332010468896,"Generated","test","MB-GAN","mbgan",5.0743227391609,3.17327434058326
0.665469225882776,-0.295760627314842,"Generated","test","MB-GAN","mbgan",5.0743227391609,3.17327434058326
-0.15722404311362,0.370333587989063,"Generated","test","MB-GAN","mbgan",5.0743227391609,3.17327434058326
-0.469705727220746,-0.038708582786675,"Generated","test","MB-GAN","mbgan",5.0743227391609,3.17327434058326
0.158128229475064,0.0600184280490487,"Generated","test","MB-GAN","mbgan",5.0743227391609,3.17327434058326
0.500951433573713,0.255291677416364,"Generated","test","MB-GAN","mbgan",5.0743227391609,3.17327434058326
-0.487906321142393,-0.0644342762838655,"Generated","test","MB-GAN","mbgan",5.0743227391609,3.17327434058326
-0.515840838948042,-0.708953585232856,"Generated","test","MB-GAN","mbgan",5.0743227391609,3.17327434058326
0.682487470255884,0.0303861174769266,"Generated","test","MB-GAN","mbgan",5.0743227391609,3.17327434058326
0.50762679230898,-0.153608983634834,"Generated","test","MB-GAN","mbgan",5.0743227391609,3.17327434058326
0.599401129770381,-0.196472641293704,"Generated","test","MB-GAN","mbgan",5.0743227391609,3.17327434058326
-0.280754160011864,0.0427916636358481,"Generated","test","MB-GAN","mbgan",5.0743227391609,3.17327434058326
-0.497950837340084,-0.0106516197558801,"Generated","test","MB-GAN","mbgan",5.0743227391609,3.17327434058326
0.254996673422072,0.110670969831481,"Generated","test","MB-GAN","mbgan",5.0743227391609,3.17327434058326
0.521842764157018,-0.357040025050548,"Generated","test","MB-GAN","mbgan",5.0743227391609,3.17327434058326
-0.40018782010387,0.285272990823697,"Generated","test","MB-GAN","mbgan",5.0743227391609,3.17327434058326
-0.205936469513296,-0.0165924775234588,"Generated","test","MB-GAN","mbgan",5.0743227391609,3.17327434058326
0.565640549606578,-0.0362393720843237,"Generated","test","MB-GAN","mbgan",5.0743227391609,3.17327434058326
-0.561411177239306,-1.09151935617916,"Generated","test","MB-GAN","mbgan",5.0743227391609,3.17327434058326
0.398546224033292,0.126475781068703,"Generated","test","MB-GAN","mbgan",5.0743227391609,3.17327434058326
0.718126957676996,-0.254013441167618,"Generated","test","MB-GAN","mbgan",5.0743227391609,3.17327434058326
0.666339535551159,-0.446373396826321,"Generated","test","MB-GAN","mbgan",5.0743227391609,3.17327434058326
0.386920477726435,0.0998246403155364,"Generated","test","MB-GAN","mbgan",5.0743227391609,3.17327434058326
0.443391320460277,0.0215592082131992,"Generated","test","MB-GAN","mbgan",5.0743227391609,3.17327434058326
-0.208117068387306,0.11922312591876,"Generated","test","MB-GAN","mbgan",5.0743227391609,3.17327434058326
-0.34137178020661,-0.0955738811211052,"Generated","test","MB-GAN","mbgan",5.0743227391609,3.17327434058326
0.594531470583185,-0.41840983445493,"Generated","test","MB-GAN","mbgan",5.0743227391609,3.17327434058326
0.428269661841816,-0.13975676662406,"Generated","test","MB-GAN","mbgan",5.0743227391609,3.17327434058326
-0.782481692057871,-1.02314157098536,"Generated","test","MB-GAN","mbgan",5.0743227391609,3.17327434058326
-0.628661606456026,-1.01989018466059,"Generated","test","MB-GAN","mbgan",5.0743227391609,3.17327434058326
-0.21125485763065,0.207113571887418,"Generated","test","MB-GAN","mbgan",5.0743227391609,3.17327434058326
-0.38354213886434,0.035244448195681,"Generated","test","MB-GAN","mbgan",5.0743227391609,3.17327434058326
0.327814351548404,-0.0445241895082701,"Generated","test","MB-GAN","mbgan",5.0743227391609,3.17327434058326
0.406415368815377,0.078276343711974,"Generated","test","MB-GAN","mbgan",5.0743227391609,3.17327434058326
-0.212978755354623,0.0039495504156866,"Generated","test","MB-GAN","mbgan",5.0743227391609,3.17327434058326
-0.269533373513807,0.485249804061303,"Generated","test","MB-GAN","mbgan",5.0743227391609,3.17327434058326
0.604644745392529,0.0571922779960711,"Generated","test","MB-GAN","mbgan",5.0743227391609,3.17327434058326
0.157072891177062,-0.0378227022014058,"Generated","test","MB-GAN","mbgan",5.0743227391609,3.17327434058326
0.364411257403257,0.0905088421420324,"Generated","test","MB-GAN","mbgan",5.0743227391609,3.17327434058326
0.145170105767722,-0.0155124554122749,"Generated","test","MB-GAN","mbgan",5.0743227391609,3.17327434058326
0.726799223229911,-0.0222651878831757,"Generated","test","MB-GAN","mbgan",5.0743227391609,3.17327434058326
0.105448385391142,0.284361302646195,"Generated","test","MB-GAN","mbgan",5.0743227391609,3.17327434058326
0.0104728499706417,-0.791227574469559,"Generated","test","MB-GAN","mbgan",5.0743227391609,3.17327434058326
-0.172126985632163,0.422470024878576,"Generated","test","MB-GAN","mbgan",5.0743227391609,3.17327434058326
0.178619261488524,0.194454328440665,"Generated","test","MB-GAN","mbgan",5.0743227391609,3.17327434058326
-0.346533586587671,0.487505015594595,"Generated","test","MB-GAN","mbgan",5.0743227391609,3.17327434058326
0.500598144037775,0.039298060662698,"Generated","test","MB-GAN","mbgan",5.0743227391609,3.17327434058326
-0.226563070091238,-0.130323792041993,"Generated","test","MB-GAN","mbgan",5.0743227391609,3.17327434058326
0.373083781454376,0.273015939701392,"Generated","test","MB-GAN","mbgan",5.0743227391609,3.17327434058326
0.175340354929453,0.10095940889812,"Generated","test","MB-GAN","mbgan",5.0743227391609,3.17327434058326
-0.190971942339694,0.477468667842511,"Generated","test","MB-GAN","mbgan",5.0743227391609,3.17327434058326
0.680197996789871,-0.17096126541951,"Generated","test","MB-GAN","mbgan",5.0743227391609,3.17327434058326
-0.630204384287998,0.242162002935318,"Generated","test","MB-GAN","mbgan",5.0743227391609,3.17327434058326
0.565931215172577,0.133570170574481,"Generated","test","MB-GAN","mbgan",5.0743227391609,3.17327434058326
-0.37729376712638,0.335629274493829,"Generated","test","MB-GAN","mbgan",5.0743227391609,3.17327434058326
0.486537546577407,-0.209190701290663,"Generated","test","MB-GAN","mbgan",5.0743227391609,3.17327434058326
0.765091413581569,-0.244438036785482,"Generated","test","MB-GAN","mbgan",5.0743227391609,3.17327434058326
-0.334007991445452,0.424619404892578,"Generated","test","MB-GAN","mbgan",5.0743227391609,3.17327434058326
0.522368477109392,0.0927318117157101,"Generated","test","MB-GAN","mbgan",5.0743227391609,3.17327434058326
-0.220748166773103,0.125370955254395,"Generated","test","MB-GAN","mbgan",5.0743227391609,3.17327434058326
-0.218530405406313,0.391274454562171,"Generated","test","MB-GAN","mbgan",5.0743227391609,3.17327434058326
0.722907512607395,-0.315529389516241,"Generated","test","MB-GAN","mbgan",5.0743227391609,3.17327434058326
-0.410152357349522,-1.03671585588159,"Generated","test","MB-GAN","mbgan",5.0743227391609,3.17327434058326
-0.295038004200567,0.089358491611645,"Generated","test","MB-GAN","mbgan",5.0743227391609,3.17327434058326
-0.014330278285734,0.0344763764342612,"Generated","test","MB-GAN","mbgan",5.0743227391609,3.17327434058326
-0.328640469219805,0.287626021976094,"Generated","test","MB-GAN","mbgan",5.0743227391609,3.17327434058326
0.383865038206639,0.0903210695892026,"Generated","test","MB-GAN","mbgan",5.0743227391609,3.17327434058326
-0.3794383678475,0.287551712325313,"Generated","test","MB-GAN","mbgan",5.0743227391609,3.17327434058326
-0.211558146167054,-1.00675550092588,"Generated","test","MB-GAN","mbgan",5.0743227391609,3.17327434058326
-0.280415142981228,0.152287660809397,"Generated","test","MB-GAN","mbgan",5.0743227391609,3.17327434058326
0.645742175781331,-0.124580544137961,"Generated","test","MB-GAN","mbgan",5.0743227391609,3.17327434058326
-0.6911923547279,0.327245149757971,"Generated","test","MB-GAN","mbgan",5.0743227391609,3.17327434058326
0.720427692234262,-0.226534908069897,"Generated","test","MB-GAN","mbgan",5.0743227391609,3.17327434058326
-0.216685927199687,0.258372736107364,"Generated","test","MB-GAN","mbgan",5.0743227391609,3.17327434058326
0.706529741408506,-0.291552251958216,"Generated","test","MB-GAN","mbgan",5.0743227391609,3.17327434058326
-0.0707976301034601,-0.525362809383886,"Generated","test","MB-GAN","mbgan",5.0743227391609,3.17327434058326
0.358962266561785,0.0616165189707109,"Generated","test","MB-GAN","mbgan",5.0743227391609,3.17327434058326
0.201977512451287,-0.0692999594251828,"Generated","test","MB-GAN","mbgan",5.0743227391609,3.17327434058326
-0.316992278156238,-0.405260677235469,"Generated","test","MB-GAN","mbgan",5.0743227391609,3.17327434058326
0.0289732335372048,-0.305201307404376,"Generated","test","MB-GAN","mbgan",5.0743227391609,3.17327434058326
0.529236410876759,0.0099611206975984,"Generated","test","MB-GAN","mbgan",5.0743227391609,3.17327434058326
0.620835873772473,-0.172132525605151,"Generated","test","MB-GAN","mbgan",5.0743227391609,3.17327434058326
-0.275510117166279,0.340284275588364,"Generated","test","MB-GAN","mbgan",5.0743227391609,3.17327434058326
-0.145065531954846,0.0653396590679371,"Generated","test","MB-GAN","mbgan",5.0743227391609,3.17327434058326
0.245366331662023,0.189385242829005,"Generated","test","MB-GAN","mbgan",5.0743227391609,3.17327434058326
0.438348124023783,-0.310301185362168,"Generated","test","MB-GAN","mbgan",5.0743227391609,3.17327434058326
0.33365765332187,-0.227620674174977,"Generated","test","MB-GAN","mbgan",5.0743227391609,3.17327434058326
0.736106010117164,-0.170640289151738,"Generated","test","MB-GAN","mbgan",5.0743227391609,3.17327434058326
0.333544541424455,-0.00926645339771908,"Generated","test","MB-GAN","mbgan",5.0743227391609,3.17327434058326
0.068400834085457,0.0875135527841217,"Generated","test","MB-GAN","mbgan",5.0743227391609,3.17327434058326
0.636206477836729,-0.372484665033191,"Generated","test","MB-GAN","mbgan",5.0743227391609,3.17327434058326
-0.377323086242127,0.115560155222461,"Generated","test","MB-GAN","mbgan",5.0743227391609,3.17327434058326
-0.615498878032214,0.28740943586271,"Generated","test","MB-GAN","mbgan",5.0743227391609,3.17327434058326
-0.709387175030789,-1.15734512197514,"Generated","test","MB-GAN","mbgan",5.0743227391609,3.17327434058326
-0.225067138240861,0.468679242251955,"Generated","test","MB-GAN","mbgan",5.0743227391609,3.17327434058326
-0.439041018446586,-0.108294882727109,"Generated","test","MB-GAN","mbgan",5.0743227391609,3.17327434058326
-0.635536141538332,-1.15015404789924,"Generated","test","MB-GAN","mbgan",5.0743227391609,3.17327434058326
0.247972679181597,-0.467141444702017,"Generated","test","MB-GAN","mbgan",5.0743227391609,3.17327434058326
-0.205406568595054,0.251471933136289,"Generated","test","MB-GAN","mbgan",5.0743227391609,3.17327434058326
-0.744012001707407,-1.02654017880854,"Generated","test","MB-GAN","mbgan",5.0743227391609,3.17327434058326
0.690266609029696,2.9391348253645e-05,"Generated","test","MB-GAN","mbgan",5.0743227391609,3.17327434058326
-0.445195308436862,0.428736202263488,"Generated","test","MB-GAN","mbgan",5.0743227391609,3.17327434058326
-0.185919921377503,-0.903201635889164,"Generated","test","MB-GAN","mbgan",5.0743227391609,3.17327434058326
-0.00169540791373863,0.175497690832957,"Generated","test","MB-GAN","mbgan",5.0743227391609,3.17327434058326
0.38682789645584,-0.0204778851162626,"Generated","test","MB-GAN","mbgan",5.0743227391609,3.17327434058326
0.561554858469207,-0.0482350101073767,"Generated","test","MB-GAN","mbgan",5.0743227391609,3.17327434058326
-0.349306901810276,0.0995625468648523,"Generated","test","MB-GAN","mbgan",5.0743227391609,3.17327434058326
0.546205896924198,0.0620837547075543,"Generated","test","MB-GAN","mbgan",5.0743227391609,3.17327434058326
-0.368189850614342,-0.0619901190927447,"Generated","test","MB-GAN","mbgan",5.0743227391609,3.17327434058326
0.252130192109489,-0.134728569531867,"Generated","test","MB-GAN","mbgan",5.0743227391609,3.17327434058326
0.634443932749963,0.0695640799587117,"Generated","test","MB-GAN","mbgan",5.0743227391609,3.17327434058326
0.701896480971167,-0.40716255116387,"Generated","test","MB-GAN","mbgan",5.0743227391609,3.17327434058326
-0.178877354840193,0.0235356547617941,"Generated","test","MB-GAN","mbgan",5.0743227391609,3.17327434058326
0.754842837602843,-0.0610619293919663,"Generated","test","MB-GAN","mbgan",5.0743227391609,3.17327434058326
-0.316003442499788,0.0257953551924154,"Generated","test","MB-GAN","mbgan",5.0743227391609,3.17327434058326
-0.14201884949962,0.20011007428652,"Generated","test","MB-GAN","mbgan",5.0743227391609,3.17327434058326
0.66499405608427,-0.0146127797380411,"Generated","test","MB-GAN","mbgan",5.0743227391609,3.17327434058326
-0.100682708130199,0.426886526120103,"Generated","test","MB-GAN","mbgan",5.0743227391609,3.17327434058326
0.232788246312555,0.189977536082065,"Generated","test","MB-GAN","mbgan",5.0743227391609,3.17327434058326
0.651346943333632,-0.18846828415375,"Generated","test","MB-GAN","mbgan",5.0743227391609,3.17327434058326
0.32621040575784,0.0500088116232406,"Generated","test","MB-GAN","mbgan",5.0743227391609,3.17327434058326
-0.0456862148143705,0.0812075928079378,"Generated","test","MB-GAN","mbgan",5.0743227391609,3.17327434058326
0.277845337454592,0.0148147002862895,"Generated","test","MB-GAN","mbgan",5.0743227391609,3.17327434058326
-0.153312159271224,0.269277949637949,"Generated","test","MB-GAN","mbgan",5.0743227391609,3.17327434058326
-0.518885566652405,-0.950172310396767,"Generated","test","MB-GAN","mbgan",5.0743227391609,3.17327434058326
0.416891118212982,0.164301319616532,"Generated","test","MB-GAN","mbgan",5.0743227391609,3.17327434058326
-0.673426000640866,-1.12741874948089,"Generated","test","MB-GAN","mbgan",5.0743227391609,3.17327434058326
-0.307869260195332,0.387673348705246,"Generated","test","MB-GAN","mbgan",5.0743227391609,3.17327434058326
-0.365282095218014,0.406538735673578,"Generated","test","MB-GAN","mbgan",5.0743227391609,3.17327434058326
0.792446885092385,-0.250306438932298,"Generated","test","MB-GAN","mbgan",5.0743227391609,3.17327434058326
0.557043075520768,0.208543268187449,"Generated","test","MB-GAN","mbgan",5.0743227391609,3.17327434058326
0.404227566572793,-0.0553047348567457,"Generated","test","MB-GAN","mbgan",5.0743227391609,3.17327434058326
-0.385530752789096,0.123677115035164,"Generated","test","MB-GAN","mbgan",5.0743227391609,3.17327434058326
0.680883081899874,-0.0401951462347777,"Generated","test","MB-GAN","mbgan",5.0743227391609,3.17327434058326
-0.414047778765521,-0.0860678769633751,"Generated","test","MB-GAN","mbgan",5.0743227391609,3.17327434058326
-0.0679697067091669,-0.888530455745571,"Generated","test","MB-GAN","mbgan",5.0743227391609,3.17327434058326
-0.594046966610158,0.16196862078819,"Generated","test","MB-GAN","mbgan",5.0743227391609,3.17327434058326
-0.445245962080923,-0.101532681079497,"Generated","test","MB-GAN","mbgan",5.0743227391609,3.17327434058326
0.481456160185705,0.159891370957966,"Generated","test","MB-GAN","mbgan",5.0743227391609,3.17327434058326
0.459327159618632,0.0848419599765934,"Generated","test","MB-GAN","mbgan",5.0743227391609,3.17327434058326
0.143374760650376,0.076536087688751,"Generated","test","MB-GAN","mbgan",5.0743227391609,3.17327434058326
-0.449011346850984,0.414280224449932,"Generated","test","MB-GAN","mbgan",5.0743227391609,3.17327434058326
0.454259835698763,-0.00825101527577421,"Generated","test","MB-GAN","mbgan",5.0743227391609,3.17327434058326
0.0728657703338112,0.294939635391838,"Generated","test","MB-GAN","mbgan",5.0743227391609,3.17327434058326
0.0544226043222291,0.230408765727984,"Generated","test","MB-GAN","mbgan",5.0743227391609,3.17327434058326
0.711219062987648,-0.043170689996141,"Generated","test","MB-GAN","mbgan",5.0743227391609,3.17327434058326
0.31961804545839,0.00577704490709335,"Generated","test","MB-GAN","mbgan",5.0743227391609,3.17327434058326
-0.242277648946455,-0.929348059892843,"Generated","test","MB-GAN","mbgan",5.0743227391609,3.17327434058326
-0.261821620108308,0.342818890431314,"Generated","test","MB-GAN","mbgan",5.0743227391609,3.17327434058326
-0.349228885163273,0.53060265547978,"Generated","test","MB-GAN","mbgan",5.0743227391609,3.17327434058326
-0.509995641570105,0.225170383065877,"Generated","test","MB-GAN","mbgan",5.0743227391609,3.17327434058326
-0.42644539380516,-0.105626156586912,"Generated","test","MB-GAN","mbgan",5.0743227391609,3.17327434058326
0.187908139635173,-0.0464343513235591,"Generated","test","MB-GAN","mbgan",5.0743227391609,3.17327434058326
-0.510217325191182,-0.0249021029658481,"Generated","test","MB-GAN","mbgan",5.0743227391609,3.17327434058326
-0.291691743990481,-0.0935273850128693,"Generated","test","MB-GAN","mbgan",5.0743227391609,3.17327434058326
0.0939777248873318,0.300284098033682,"Generated","test","MB-GAN","mbgan",5.0743227391609,3.17327434058326
-0.243681791741455,0.157298945051277,"Generated","test","MB-GAN","mbgan",5.0743227391609,3.17327434058326
-0.58698250015131,0.110148355298434,"Generated","test","MB-GAN","mbgan",5.0743227391609,3.17327434058326
-0.257528377113287,0.396902047785079,"Generated","test","MB-GAN","mbgan",5.0743227391609,3.17327434058326
-0.654715945633513,0.324720113718599,"Generated","test","MB-GAN","mbgan",5.0743227391609,3.17327434058326
0.338385567649938,-0.0055013168241485,"Generated","test","MB-GAN","mbgan",5.0743227391609,3.17327434058326
-0.548760681246013,-0.825311920801744,"Generated","test","MB-GAN","mbgan",5.0743227391609,3.17327434058326
0.034621546211872,0.369729787235482,"Generated","test","MB-GAN","mbgan",5.0743227391609,3.17327434058326
-0.0862203372789424,0.0312313439650491,"Generated","test","MB-GAN","mbgan",5.0743227391609,3.17327434058326
-0.342831398778714,0.0621622333294633,"Generated","test","MB-GAN","mbgan",5.0743227391609,3.17327434058326
0.185677444076497,0.306217781156306,"Generated","test","MB-GAN","mbgan",5.0743227391609,3.17327434058326
0.325004002303843,-0.151941967531508,"Generated","test","MB-GAN","mbgan",5.0743227391609,3.17327434058326
0.664399596686531,-0.176043435417835,"Generated","test","MB-GAN","mbgan",5.0743227391609,3.17327434058326
0.776647167925232,-0.222533150631784,"Generated","test","MB-GAN","mbgan",5.0743227391609,3.17327434058326
0.262398491542192,0.207337372990288,"Generated","test","MB-GAN","mbgan",5.0743227391609,3.17327434058326
0.198248123326097,0.0114596777584959,"Generated","test","MB-GAN","mbgan",5.0743227391609,3.17327434058326
0.280271431551063,0.106172435265502,"Generated","test","MB-GAN","mbgan",5.0743227391609,3.17327434058326
-0.545481611462302,-0.421073383933976,"Generated","test","MB-GAN","mbgan",5.0743227391609,3.17327434058326
0.591592115488591,0.0494144317093633,"Generated","test","MB-GAN","mbgan",5.0743227391609,3.17327434058326
-0.0508740998502358,0.120168038971085,"Generated","test","MB-GAN","mbgan",5.0743227391609,3.17327434058326
-0.55026111278644,0.0180947272077765,"Generated","test","MB-GAN","mbgan",5.0743227391609,3.17327434058326
-0.18878905337658,0.254959632947374,"Generated","test","MB-GAN","mbgan",5.0743227391609,3.17327434058326
-0.231683543925512,0.0555793543130122,"Generated","test","MB-GAN","mbgan",5.0743227391609,3.17327434058326
0.114264953890346,0.195098124657939,"Generated","test","MB-GAN","mbgan",5.0743227391609,3.17327434058326
0.590236781511132,-0.223088060140095,"Generated","test","MB-GAN","mbgan",5.0743227391609,3.17327434058326
-0.478877236610801,0.197898654256417,"Generated","test","MB-GAN","mbgan",5.0743227391609,3.17327434058326
0.635103283776703,-0.0417555960653318,"Generated","test","MB-GAN","mbgan",5.0743227391609,3.17327434058326
0.651793080643487,-0.401718262926494,"Generated","test","MB-GAN","mbgan",5.0743227391609,3.17327434058326
-0.252139048976647,0.204568741960826,"Generated","test","MB-GAN","mbgan",5.0743227391609,3.17327434058326
-0.0207662364881515,-0.760308820945329,"Generated","test","MB-GAN","mbgan",5.0743227391609,3.17327434058326
-0.353690367033202,0.0382234622372,"Generated","test","MB-GAN","mbgan",5.0743227391609,3.17327434058326
0.553547728585108,0.0590117089822529,"Generated","test","MB-GAN","mbgan",5.0743227391609,3.17327434058326
-0.21016406517543,0.192098220664639,"Generated","test","MB-GAN","mbgan",5.0743227391609,3.17327434058326
-0.564133332457066,0.369635119366096,"Generated","test","MB-GAN","mbgan",5.0743227391609,3.17327434058326
0.576045812016141,0.147391436102963,"Generated","test","MB-GAN","mbgan",5.0743227391609,3.17327434058326
-0.522281383351278,-0.70088930920355,"Generated","test","MB-GAN","mbgan",5.0743227391609,3.17327434058326
0.366845996193162,0.125665513452875,"Generated","test","MB-GAN","mbgan",5.0743227391609,3.17327434058326
-0.0695573201208594,0.281300389935782,"Generated","test","MB-GAN","mbgan",5.0743227391609,3.17327434058326
0.445733325084469,-0.0399502350671258,"Generated","test","MB-GAN","mbgan",5.0743227391609,3.17327434058326
0.530892475163958,0.02157407698831,"Generated","test","MB-GAN","mbgan",5.0743227391609,3.17327434058326
-0.0300154491065571,0.13652068399449,"Generated","test","MB-GAN","mbgan",5.0743227391609,3.17327434058326
-0.564213171589581,0.0423704711516146,"Generated","test","MB-GAN","mbgan",5.0743227391609,3.17327434058326
-0.438121772947515,0.146876684838007,"Generated","test","MB-GAN","mbgan",5.0743227391609,3.17327434058326
-0.174180523953486,0.400203405966771,"Generated","test","MB-GAN","mbgan",5.0743227391609,3.17327434058326
0.62327087432077,-0.136381368281409,"Generated","test","MB-GAN","mbgan",5.0743227391609,3.17327434058326
0.49856781142109,-0.0809635317318067,"Generated","test","MB-GAN","mbgan",5.0743227391609,3.17327434058326
0.219065517480845,-0.0773210856384704,"Generated","test","MB-GAN","mbgan",5.0743227391609,3.17327434058326
-0.691873209032399,0.136132884090055,"Generated","test","MB-GAN","mbgan",5.0743227391609,3.17327434058326
-0.316418914069551,0.417755924030244,"Generated","test","MB-GAN","mbgan",5.0743227391609,3.17327434058326
-0.620061604468039,0.211111573753988,"Generated","test","MB-GAN","mbgan",5.0743227391609,3.17327434058326
0.58350642607775,0.110426446158737,"Generated","test","MB-GAN","mbgan",5.0743227391609,3.17327434058326
-0.00952286157711214,0.0932505235624033,"Generated","test","MB-GAN","mbgan",5.0743227391609,3.17327434058326
0.140274576117243,0.26160747639238,"Generated","test","MB-GAN","mbgan",5.0743227391609,3.17327434058326
0.247815925535613,0.317682252784828,"Generated","test","MB-GAN","mbgan",5.0743227391609,3.17327434058326
-0.572890429065278,0.0514200416209928,"Generated","test","MB-GAN","mbgan",5.0743227391609,3.17327434058326
-0.67077636296413,0.306696732940417,"Generated","test","MB-GAN","mbgan",5.0743227391609,3.17327434058326
-0.039808716021812,0.50007050988743,"Generated","test","MB-GAN","mbgan",5.0743227391609,3.17327434058326
-0.141861580882105,0.199951069218825,"Generated","test","MB-GAN","mbgan",5.0743227391609,3.17327434058326
0.0182503958466202,0.205656356036025,"Generated","test","MB-GAN","mbgan",5.0743227391609,3.17327434058326
0.17989371923342,-0.00960148101431143,"Generated","test","MB-GAN","mbgan",5.0743227391609,3.17327434058326
0.260578586816031,0.158412425183833,"Generated","test","MB-GAN","mbgan",5.0743227391609,3.17327434058326
0.252548104851797,-0.0290905991124376,"Generated","test","MB-GAN","mbgan",5.0743227391609,3.17327434058326
0.476002878307156,-0.051050057005278,"Generated","test","MB-GAN","mbgan",5.0743227391609,3.17327434058326
0.493367492811965,-0.360260035671994,"Generated","test","MB-GAN","mbgan",5.0743227391609,3.17327434058326
-0.600468120504354,0.196918746192518,"Generated","test","MB-GAN","mbgan",5.0743227391609,3.17327434058326
0.713607756909792,-0.403527892863396,"Generated","test","MB-GAN","mbgan",5.0743227391609,3.17327434058326
-0.021301954673635,0.128989938325622,"Generated","test","MB-GAN","mbgan",5.0743227391609,3.17327434058326
-0.23091610509096,0.274326680183077,"Generated","test","MB-GAN","mbgan",5.0743227391609,3.17327434058326
0.559526351594128,-0.0785094845624235,"Generated","test","MB-GAN","mbgan",5.0743227391609,3.17327434058326
0.184258361002759,-0.519608354574563,"Generated","test","MB-GAN","mbgan",5.0743227391609,3.17327434058326
-0.505777995962673,-1.13951974900056,"Generated","test","MB-GAN","mbgan",5.0743227391609,3.17327434058326
0.21727934137103,0.282203280908144,"Generated","test","MB-GAN","mbgan",5.0743227391609,3.17327434058326
0.55821373440385,0.0191504090069124,"Generated","test","MB-GAN","mbgan",5.0743227391609,3.17327434058326
-0.594172203163131,0.20869044842032,"Generated","test","MB-GAN","mbgan",5.0743227391609,3.17327434058326
-0.451758663750463,0.0453841570937273,"Generated","test","MB-GAN","mbgan",5.0743227391609,3.17327434058326
0.503287748596462,0.0301501353405811,"Generated","test","MB-GAN","mbgan",5.0743227391609,3.17327434058326
0.401189642177594,-0.0628382997948604,"Generated","test","MB-GAN","mbgan",5.0743227391609,3.17327434058326
-0.322020479897768,0.357114329265653,"Generated","test","MB-GAN","mbgan",5.0743227391609,3.17327434058326
-0.235719993946911,0.426336968358397,"Generated","test","MB-GAN","mbgan",5.0743227391609,3.17327434058326
-0.372647576517852,0.145645167065203,"Generated","test","MB-GAN","mbgan",5.0743227391609,3.17327434058326
-0.171604222678944,0.456081328486827,"Generated","test","MB-GAN","mbgan",5.0743227391609,3.17327434058326
0.700875701132065,0.0325468283439208,"Generated","test","MB-GAN","mbgan",5.0743227391609,3.17327434058326
-0.0116914739914966,0.017160418523678,"Generated","test","MB-GAN","mbgan",5.0743227391609,3.17327434058326
0.615378313872851,-0.239123357493155,"Generated","test","MB-GAN","mbgan",5.0743227391609,3.17327434058326
-0.0941498706040589,0.33208000381567,"Generated","test","MB-GAN","mbgan",5.0743227391609,3.17327434058326
-0.549512880794858,0.0335501841203334,"Generated","test","MB-GAN","mbgan",5.0743227391609,3.17327434058326
-0.59344973330424,0.0525718785270085,"Generated","test","MB-GAN","mbgan",5.0743227391609,3.17327434058326
-0.668628350591894,-1.04815137791243,"Generated","test","MB-GAN","mbgan",5.0743227391609,3.17327434058326
-0.295055188243245,0.000410577200754357,"Generated","test","MB-GAN","mbgan",5.0743227391609,3.17327434058326
-0.042139706968541,0.130714403108741,"Generated","test","MB-GAN","mbgan",5.0743227391609,3.17327434058326
-0.479032758678065,0.0135378274520456,"Generated","test","MB-GAN","mbgan",5.0743227391609,3.17327434058326
0.795084695641567,-0.119830675024315,"Generated","test","MB-GAN","mbgan",5.0743227391609,3.17327434058326
-0.0939814685916219,0.0602475893252948,"Generated","test","MB-GAN","mbgan",5.0743227391609,3.17327434058326
0.710167926696697,-0.0882509049206581,"Generated","test","MB-GAN","mbgan",5.0743227391609,3.17327434058326
-0.496388995469843,-1.14156232316077,"Generated","test","MB-GAN","mbgan",5.0743227391609,3.17327434058326
-0.411943328937591,-0.101578792446598,"Generated","test","MB-GAN","mbgan",5.0743227391609,3.17327434058326
-0.441160966682483,-0.0299459948753866,"Generated","test","MB-GAN","mbgan",5.0743227391609,3.17327434058326
-0.529639113758922,-0.028380589662241,"Generated","test","MB-GAN","mbgan",5.0743227391609,3.17327434058326
-0.065107907895172,0.205767593688257,"Generated","test","MB-GAN","mbgan",5.0743227391609,3.17327434058326
-0.460932130660218,-0.0681601171926063,"Generated","test","MB-GAN","mbgan",5.0743227391609,3.17327434058326
0.733412127742271,-0.153506653948748,"Generated","test","MB-GAN","mbgan",5.0743227391609,3.17327434058326
-0.0123205266852499,0.175370755699625,"Generated","test","MB-GAN","mbgan",5.0743227391609,3.17327434058326
-0.427966238957061,0.0576253155900204,"Generated","test","MB-GAN","mbgan",5.0743227391609,3.17327434058326
0.73139130381233,-0.341985654898562,"Generated","test","MB-GAN","mbgan",5.0743227391609,3.17327434058326
0.34503243759375,0.234037200832653,"Generated","test","MB-GAN","mbgan",5.0743227391609,3.17327434058326
0.403841573221256,0.0617377970752863,"Generated","test","MB-GAN","mbgan",5.0743227391609,3.17327434058326
-0.579507315736231,0.059877002983326,"Generated","test","MB-GAN","mbgan",5.0743227391609,3.17327434058326
0.504873125264781,-0.215330112294619,"Generated","test","MB-GAN","mbgan",5.0743227391609,3.17327434058326
0.685910045957321,-0.44696175739074,"Generated","test","MB-GAN","mbgan",5.0743227391609,3.17327434058326
-0.120396375237818,0.163349066200758,"Generated","test","MB-GAN","mbgan",5.0743227391609,3.17327434058326
0.286545924126781,0.182550560434489,"Generated","test","MB-GAN","mbgan",5.0743227391609,3.17327434058326
0.545995863533835,0.0835960637961921,"Generated","test","MB-GAN","mbgan",5.0743227391609,3.17327434058326
-0.113354821454606,0.143304509771631,"Generated","test","MB-GAN","mbgan",5.0743227391609,3.17327434058326
0.514399019347402,0.0733969306900163,"Generated","test","MB-GAN","mbgan",5.0743227391609,3.17327434058326
0.688545892839343,-0.0780219336119037,"Generated","test","MB-GAN","mbgan",5.0743227391609,3.17327434058326
-0.586844607685128,0.0584987645252305,"Generated","test","MB-GAN","mbgan",5.0743227391609,3.17327434058326
-0.375317757883404,0.411115065889975,"Generated","test","MB-GAN","mbgan",5.0743227391609,3.17327434058326
0.595946189570777,-0.0853674325628275,"Generated","test","MB-GAN","mbgan",5.0743227391609,3.17327434058326
-0.4583451528506,-0.0474193348345526,"Generated","test","MB-GAN","mbgan",5.0743227391609,3.17327434058326
0.152917526008397,-0.224056804102282,"Generated","test","MB-GAN","mbgan",5.0743227391609,3.17327434058326
0.0251464140085471,0.0427773172778357,"Generated","test","MB-GAN","mbgan",5.0743227391609,3.17327434058326
0.459005121104641,-0.166295263521722,"Generated","test","MB-GAN","mbgan",5.0743227391609,3.17327434058326
0.48599617196958,-0.273800183614828,"Generated","test","MB-GAN","mbgan",5.0743227391609,3.17327434058326
-0.352239174057271,0.500065748595372,"Generated","test","MB-GAN","mbgan",5.0743227391609,3.17327434058326
-0.446731451050805,0.367395498583823,"Generated","test","MB-GAN","mbgan",5.0743227391609,3.17327434058326
-0.594248550766275,0.0560349208408871,"Generated","test","MB-GAN","mbgan",5.0743227391609,3.17327434058326
0.152409701532563,0.334612873320749,"Generated","test","MB-GAN","mbgan",5.0743227391609,3.17327434058326
-0.59312266208637,0.289405295589267,"Generated","test","MB-GAN","mbgan",5.0743227391609,3.17327434058326
0.357930547817258,0.305658648372466,"Generated","test","MB-GAN","mbgan",5.0743227391609,3.17327434058326
0.699475313988607,-0.373256092578166,"Generated","test","MB-GAN","mbgan",5.0743227391609,3.17327434058326
-0.435577682925238,-0.10696104051066,"Generated","test","MB-GAN","mbgan",5.0743227391609,3.17327434058326
0.157835283806024,-0.0111589095265673,"Generated","test","MB-GAN","mbgan",5.0743227391609,3.17327434058326
-0.448474321030766,-0.19636139990522,"Generated","test","MB-GAN","mbgan",5.0743227391609,3.17327434058326
-0.157960109693853,0.198848692038533,"Generated","test","MB-GAN","mbgan",5.0743227391609,3.17327434058326
0.179387440978192,0.190389761967001,"Generated","test","MB-GAN","mbgan",5.0743227391609,3.17327434058326
0.00734443830041845,0.170819928536244,"Generated","test","MB-GAN","mbgan",5.0743227391609,3.17327434058326
-0.29134888929972,0.415119402153591,"Generated","test","MB-GAN","mbgan",5.0743227391609,3.17327434058326
0.325182742135811,-0.0248117418215874,"Generated","test","MB-GAN","mbgan",5.0743227391609,3.17327434058326
-0.441736306278409,-0.0283514543978987,"Generated","test","MB-GAN","mbgan",5.0743227391609,3.17327434058326
-0.258018827872082,0.133561124036729,"Generated","test","MB-GAN","mbgan",5.0743227391609,3.17327434058326
0.0553161826285544,0.216312710678847,"Generated","test","MB-GAN","mbgan",5.0743227391609,3.17327434058326
0.0182382536976136,0.2409232199233,"Generated","test","MB-GAN","mbgan",5.0743227391609,3.17327434058326
-0.27091755245924,0.142685417937704,"Generated","test","MB-GAN","mbgan",5.0743227391609,3.17327434058326
0.32130437129283,0.220684412944286,"Generated","test","MB-GAN","mbgan",5.0743227391609,3.17327434058326
0.534973019446489,0.0545035285771812,"Generated","test","MB-GAN","mbgan",5.0743227391609,3.17327434058326
-0.29370292411857,0.347796120796913,"Generated","test","MB-GAN","mbgan",5.0743227391609,3.17327434058326
0.471476155502909,0.0122994475996276,"Generated","test","MB-GAN","mbgan",5.0743227391609,3.17327434058326
0.126631266977686,-0.159169784224081,"Generated","test","MB-GAN","mbgan",5.0743227391609,3.17327434058326
-0.26985612537131,0.418776893494297,"Generated","test","MB-GAN","mbgan",5.0743227391609,3.17327434058326
-0.621076559809369,0.208563126357829,"Generated","test","MB-GAN","mbgan",5.0743227391609,3.17327434058326
-0.294437414044421,0.402096088244897,"Generated","test","MB-GAN","mbgan",5.0743227391609,3.17327434058326
0.594611484796068,-0.0550324180833457,"Generated","test","MB-GAN","mbgan",5.0743227391609,3.17327434058326
-0.227116225421183,0.165211835561345,"Generated","test","MB-GAN","mbgan",5.0743227391609,3.17327434058326
-0.291887059046295,0.224184836417772,"Generated","test","MB-GAN","mbgan",5.0743227391609,3.17327434058326
-0.245955158992233,0.484796951236774,"Generated","test","MB-GAN","mbgan",5.0743227391609,3.17327434058326
-0.561761041701349,-1.10816796463273,"Generated","test","MB-GAN","mbgan",5.0743227391609,3.17327434058326
-0.340297701255961,-0.134219820999807,"Generated","test","MB-GAN","mbgan",5.0743227391609,3.17327434058326
-0.399504430311997,-0.690383234935634,"Generated","test","MB-GAN","mbgan",5.0743227391609,3.17327434058326
0.259585080887797,0.296117779288898,"Generated","test","MB-GAN","mbgan",5.0743227391609,3.17327434058326
0.400800414303207,0.0131731380259928,"Generated","test","MB-GAN","mbgan",5.0743227391609,3.17327434058326
0.166055117682776,0.0832714763017554,"Generated","test","MB-GAN","mbgan",5.0743227391609,3.17327434058326
0.434216176095656,-0.0287092413212592,"Generated","test","MB-GAN","mbgan",5.0743227391609,3.17327434058326
0.21889933262869,-0.0150133198279378,"Generated","test","MB-GAN","mbgan",5.0743227391609,3.17327434058326
0.631268544573112,0.0851724702052682,"Generated","test","MB-GAN","mbgan",5.0743227391609,3.17327434058326
0.344852803444062,0.0013257453729261,"Generated","test","MB-GAN","mbgan",5.0743227391609,3.17327434058326
0.2064064801312,-0.157563689653649,"Generated","test","MB-GAN","mbgan",5.0743227391609,3.17327434058326
-0.510292465500725,-0.903894216390135,"Generated","test","MB-GAN","mbgan",5.0743227391609,3.17327434058326
-0.636872516975842,0.275569649406357,"Generated","test","MB-GAN","mbgan",5.0743227391609,3.17327434058326
-0.49399763113857,0.188282155977825,"Generated","test","MB-GAN","mbgan",5.0743227391609,3.17327434058326
-0.536164837177403,0.414699050141391,"Generated","test","MB-GAN","mbgan",5.0743227391609,3.17327434058326
0.342360660847766,-0.182063201162717,"Generated","test","MB-GAN","mbgan",5.0743227391609,3.17327434058326
-0.15157277520833,0.0778965655356966,"Generated","test","MB-GAN","mbgan",5.0743227391609,3.17327434058326
-0.336693070541684,0.019302720291373,"Generated","test","MB-GAN","mbgan",5.0743227391609,3.17327434058326
0.551931023537972,-0.0222238480407528,"Generated","test","MB-GAN","mbgan",5.0743227391609,3.17327434058326
0.622950005233596,0.0224153838607767,"Generated","test","MB-GAN","mbgan",5.0743227391609,3.17327434058326
0.490614729353471,-0.0524811116193439,"Generated","test","MB-GAN","mbgan",5.0743227391609,3.17327434058326
-0.152359930842611,-0.943078364629262,"Generated","test","MB-GAN","mbgan",5.0743227391609,3.17327434058326
0.695213055092664,-0.0413042552793088,"Generated","test","MB-GAN","mbgan",5.0743227391609,3.17327434058326
-0.0421225054894844,-0.266886561372089,"Generated","test","MB-GAN","mbgan",5.0743227391609,3.17327434058326
-0.4672152634035,-0.0654978680168635,"Generated","test","MB-GAN","mbgan",5.0743227391609,3.17327434058326
0.568852193417737,0.164833701136192,"Generated","test","MB-GAN","mbgan",5.0743227391609,3.17327434058326
-0.0561508186075106,-0.150783801896238,"Generated","test","MB-GAN","mbgan",5.0743227391609,3.17327434058326
-0.143649713060848,0.0620496884137543,"Generated","test","MB-GAN","mbgan",5.0743227391609,3.17327434058326
0.161799902502782,0.275175512969216,"Generated","test","MB-GAN","mbgan",5.0743227391609,3.17327434058326
