"PC1","PC2","sample","split","method","key","pct1","pct2"
0.614841993147949,0.0855158712573897,"Real","train","Dirichlet","d",3.63162658705818,2.00785257943058
-0.271030791875903,-0.730892949129281,"Real","train","Dirichlet","d",3.63162658705818,2.00785257943058
0.683859312096453,-0.0335961501048063,"Real","train","Dirichlet","d",3.63162658705818,2.00785257943058
0.0840186346909609,0.186714437848945,"Real","train","Dirichlet","d",3.63162658705818,2.00785257943058
0.0719999794233235,0.0868972977460053,"Real","train","Dirichlet","d",3.63162658705818,2.00785257943058
-0.00583275409769069,-1.22152277506702,"Real","train","Dirichlet","d",3.63162658705818,2.00785257943058
0.846073541619469,0.00367439631464514,"Real","train","Dirichlet","d",3.63162658705818,2.00785257943058
0.438859275812066,-0.561799805479182,"Real","train","Dirichlet","d",3.63162658705818,2.00785257943058
-0.415416713126742,-1.1690739705616,"Real","train","Dirichlet","d",3.63162658705818,2.00785257943058
0.825843376846922,-0.0744930948453452,"Real","train","Dirichlet","d",3.63162658705818,2.00785257943058
0.201189335286906,0.157742412560839,"Real","train","Dirichlet","d",3.63162658705818,2.00785257943058
-0.340751297741336,0.190228920484396,"Real","train","Dirichlet","d",3.63162658705818,2.00785257943058
-0.418590464413372,0.140301310494563,"Real","train","Dirichlet","d",3.63162658705818,2.00785257943058
0.0141043678401135,0.204042916570204,"Real","train","Dirichlet","d",3.63162658705818,2.00785257943058
0.392092067247902,0.0694903057343747,"Real","train","Dirichlet","d",3.63162658705818,2.00785257943058
0.849471989147224,-0.0503023799274794,"Real","train","Dirichlet","d",3.63162658705818,2.00785257943058
0.556442875877184,-0.0855128522057985,"Real","train","Dirichlet","d",3.63162658705818,2.00785257943058
-0.0595537660067925,0.224577837933409,"Real","train","Dirichlet","d",3.63162658705818,2.00785257943058
-0.472919793997391,0.0842224721146482,"Real","train","Dirichlet","d",3.63162658705818,2.00785257943058
0.65079365992775,0.104455698458347,"Real","train","Dirichlet","d",3.63162658705818,2.00785257943058
0.554525248751643,0.113710140082368,"Real","train","Dirichlet","d",3.63162658705818,2.00785257943058
0.213082927229728,0.0763577269894529,"Real","train","Dirichlet","d",3.63162658705818,2.00785257943058
-0.403301680046426,-1.14466188699712,"Real","train","Dirichlet","d",3.63162658705818,2.00785257943058
0.569141791807801,-0.0330465833152841,"Real","train","Dirichlet","d",3.63162658705818,2.00785257943058
-0.329597543417708,0.164509015636004,"Real","train","Dirichlet","d",3.63162658705818,2.00785257943058
0.755812756900604,0.00131342216191938,"Real","train","Dirichlet","d",3.63162658705818,2.00785257943058
0.653744191810415,-0.0374094594233602,"Real","train","Dirichlet","d",3.63162658705818,2.00785257943058
0.621416981211924,0.0432411766523454,"Real","train","Dirichlet","d",3.63162658705818,2.00785257943058
-0.0482875413891206,0.19125600166827,"Real","train","Dirichlet","d",3.63162658705818,2.00785257943058
-0.0436418461050593,0.305092923762564,"Real","train","Dirichlet","d",3.63162658705818,2.00785257943058
0.430021457893116,0.126714701852587,"Real","train","Dirichlet","d",3.63162658705818,2.00785257943058
-0.414964230828882,0.17569022965466,"Real","train","Dirichlet","d",3.63162658705818,2.00785257943058
0.0145416694775094,0.0056907696978893,"Real","train","Dirichlet","d",3.63162658705818,2.00785257943058
0.60399675236052,-0.0677902899857348,"Real","train","Dirichlet","d",3.63162658705818,2.00785257943058
0.234149002200735,-0.612457152295236,"Real","train","Dirichlet","d",3.63162658705818,2.00785257943058
-0.451745553194137,-1.27322583754413,"Real","train","Dirichlet","d",3.63162658705818,2.00785257943058
0.526304284745172,-0.100660115675022,"Real","train","Dirichlet","d",3.63162658705818,2.00785257943058
-0.3302980839304,0.0960362080542569,"Real","train","Dirichlet","d",3.63162658705818,2.00785257943058
0.0217957079002002,0.0581706593055412,"Real","train","Dirichlet","d",3.63162658705818,2.00785257943058
0.608731200221934,0.0985660084691689,"Real","train","Dirichlet","d",3.63162658705818,2.00785257943058
0.560864319616579,0.0296266026754013,"Real","train","Dirichlet","d",3.63162658705818,2.00785257943058
-0.0567586520299326,-0.712214640073405,"Real","train","Dirichlet","d",3.63162658705818,2.00785257943058
0.304033881200108,-0.0531533017953357,"Real","train","Dirichlet","d",3.63162658705818,2.00785257943058
0.848412392564035,0.0608423863942135,"Real","train","Dirichlet","d",3.63162658705818,2.00785257943058
0.0537440080078178,-0.922186386044855,"Real","train","Dirichlet","d",3.63162658705818,2.00785257943058
0.106696411297852,0.143619738820852,"Real","train","Dirichlet","d",3.63162658705818,2.00785257943058
0.466257772376956,-0.0557561453453134,"Real","train","Dirichlet","d",3.63162658705818,2.00785257943058
0.506885599432214,-0.0330913512961334,"Real","train","Dirichlet","d",3.63162658705818,2.00785257943058
-0.441249570563052,0.11985882057021,"Real","train","Dirichlet","d",3.63162658705818,2.00785257943058
0.896364368610614,0.00240395901699694,"Real","train","Dirichlet","d",3.63162658705818,2.00785257943058
0.867835938651868,0.032395778615634,"Real","train","Dirichlet","d",3.63162658705818,2.00785257943058
0.179879757324861,0.0036726990206207,"Real","train","Dirichlet","d",3.63162658705818,2.00785257943058
0.10729864365684,0.10921783798188,"Real","train","Dirichlet","d",3.63162658705818,2.00785257943058
0.485822610333621,0.0319515516607146,"Real","train","Dirichlet","d",3.63162658705818,2.00785257943058
0.797499627011728,0.0261935651124759,"Real","train","Dirichlet","d",3.63162658705818,2.00785257943058
0.010984051283084,0.300085349086285,"Real","train","Dirichlet","d",3.63162658705818,2.00785257943058
0.560271813065915,0.0887616009991169,"Real","train","Dirichlet","d",3.63162658705818,2.00785257943058
0.195329945944416,0.0592456922193754,"Real","train","Dirichlet","d",3.63162658705818,2.00785257943058
0.541648254409851,0.0234995293907629,"Real","train","Dirichlet","d",3.63162658705818,2.00785257943058
0.190516624240234,0.280623915901201,"Real","train","Dirichlet","d",3.63162658705818,2.00785257943058
0.6429412225527,0.0973149596322057,"Real","train","Dirichlet","d",3.63162658705818,2.00785257943058
0.75110893504306,0.07212773608367,"Real","train","Dirichlet","d",3.63162658705818,2.00785257943058
-0.256478811043054,-0.766879232058833,"Real","train","Dirichlet","d",3.63162658705818,2.00785257943058
0.055773439796357,0.133635339232969,"Real","train","Dirichlet","d",3.63162658705818,2.00785257943058
0.477891868934837,-0.106523749685987,"Real","train","Dirichlet","d",3.63162658705818,2.00785257943058
0.208905547056823,0.266943913806543,"Real","train","Dirichlet","d",3.63162658705818,2.00785257943058
0.792256880246591,-0.0504029685805875,"Real","train","Dirichlet","d",3.63162658705818,2.00785257943058
0.159002884597133,-0.0192268603612799,"Real","train","Dirichlet","d",3.63162658705818,2.00785257943058
-0.232659184579332,-1.30496549717081,"Real","train","Dirichlet","d",3.63162658705818,2.00785257943058
0.771947286186338,-0.0988785667643285,"Real","train","Dirichlet","d",3.63162658705818,2.00785257943058
0.272685353607917,0.0946581050861783,"Real","train","Dirichlet","d",3.63162658705818,2.00785257943058
0.825860300614192,0.0121575557027412,"Real","train","Dirichlet","d",3.63162658705818,2.00785257943058
-0.250731070043584,-1.25423595054647,"Real","train","Dirichlet","d",3.63162658705818,2.00785257943058
0.724925875530074,-0.0451362795968296,"Real","train","Dirichlet","d",3.63162658705818,2.00785257943058
-0.457184282149909,0.0584196383694343,"Real","train","Dirichlet","d",3.63162658705818,2.00785257943058
0.0387653969106972,-1.1460877657975,"Real","train","Dirichlet","d",3.63162658705818,2.00785257943058
-0.20510545413811,-1.32250528783998,"Real","train","Dirichlet","d",3.63162658705818,2.00785257943058
-0.392837650190735,0.0643851351057364,"Real","train","Dirichlet","d",3.63162658705818,2.00785257943058
0.550226211397897,0.0312269046175427,"Real","train","Dirichlet","d",3.63162658705818,2.00785257943058
0.608667776721996,0.0965390583916674,"Real","train","Dirichlet","d",3.63162658705818,2.00785257943058
0.678271166672197,-0.0618476094679507,"Real","train","Dirichlet","d",3.63162658705818,2.00785257943058
-0.44803491671304,0.103449279936769,"Real","train","Dirichlet","d",3.63162658705818,2.00785257943058
0.710114247311898,-0.13634035520989,"Real","train","Dirichlet","d",3.63162658705818,2.00785257943058
-0.112462907121692,0.166349853389509,"Real","train","Dirichlet","d",3.63162658705818,2.00785257943058
-0.330749354146159,-1.19867640006231,"Real","train","Dirichlet","d",3.63162658705818,2.00785257943058
-0.409423444168811,0.170735315653064,"Real","train","Dirichlet","d",3.63162658705818,2.00785257943058
0.666109828287241,0.0727707710326049,"Real","train","Dirichlet","d",3.63162658705818,2.00785257943058
0.623976337991725,-0.0218189253913905,"Real","train","Dirichlet","d",3.63162658705818,2.00785257943058
0.829349660899467,0.0104099312799963,"Real","train","Dirichlet","d",3.63162658705818,2.00785257943058
0.490188697979303,0.0111473756664872,"Real","train","Dirichlet","d",3.63162658705818,2.00785257943058
-0.177608440485059,-1.24214118620708,"Real","train","Dirichlet","d",3.63162658705818,2.00785257943058
-0.29229982696682,-0.204671657420423,"Real","train","Dirichlet","d",3.63162658705818,2.00785257943058
-0.172418878425813,-1.30359183917396,"Real","train","Dirichlet","d",3.63162658705818,2.00785257943058
0.741191566781113,0.0669758256514904,"Real","train","Dirichlet","d",3.63162658705818,2.00785257943058
0.631619524670305,0.000393556265550199,"Real","train","Dirichlet","d",3.63162658705818,2.00785257943058
0.164219551012245,0.0661832298612139,"Real","train","Dirichlet","d",3.63162658705818,2.00785257943058
0.374865154549422,0.0130211480052239,"Real","train","Dirichlet","d",3.63162658705818,2.00785257943058
-0.519248262686698,0.136491595449104,"Real","train","Dirichlet","d",3.63162658705818,2.00785257943058
0.0967057488020855,0.25319972966568,"Real","train","Dirichlet","d",3.63162658705818,2.00785257943058
0.763151451760382,-0.0563768455020452,"Real","train","Dirichlet","d",3.63162658705818,2.00785257943058
0.168161515682116,0.00919015297792879,"Real","train","Dirichlet","d",3.63162658705818,2.00785257943058
0.087397428066568,-0.735600529112187,"Real","train","Dirichlet","d",3.63162658705818,2.00785257943058
0.661972510066395,-0.122817903121817,"Real","train","Dirichlet","d",3.63162658705818,2.00785257943058
-0.155230842827744,-1.32107216564502,"Real","train","Dirichlet","d",3.63162658705818,2.00785257943058
0.184503884815059,0.285091104830067,"Real","train","Dirichlet","d",3.63162658705818,2.00785257943058
0.0500786879682983,0.203948839873658,"Real","train","Dirichlet","d",3.63162658705818,2.00785257943058
0.603769754807033,0.0347400021686425,"Real","train","Dirichlet","d",3.63162658705818,2.00785257943058
0.334348189536067,0.0117034707190148,"Real","train","Dirichlet","d",3.63162658705818,2.00785257943058
0.00251435053564251,0.294173275984351,"Real","train","Dirichlet","d",3.63162658705818,2.00785257943058
0.420149574279118,-0.0307009459600615,"Real","train","Dirichlet","d",3.63162658705818,2.00785257943058
0.687448374863635,-0.111103369757438,"Real","train","Dirichlet","d",3.63162658705818,2.00785257943058
0.749662655436774,0.0123731766431732,"Real","train","Dirichlet","d",3.63162658705818,2.00785257943058
0.670003377043136,0.0143666314777691,"Real","train","Dirichlet","d",3.63162658705818,2.00785257943058
0.623320498954632,0.0732522459584188,"Real","train","Dirichlet","d",3.63162658705818,2.00785257943058
-0.0626779057329521,0.215848546057967,"Real","train","Dirichlet","d",3.63162658705818,2.00785257943058
-0.228769218445127,0.0719845361665563,"Real","train","Dirichlet","d",3.63162658705818,2.00785257943058
0.181151707250984,0.127770745849253,"Real","train","Dirichlet","d",3.63162658705818,2.00785257943058
0.50409714063646,-0.0349158599078895,"Real","train","Dirichlet","d",3.63162658705818,2.00785257943058
0.665992247268951,-0.0738487723092947,"Real","train","Dirichlet","d",3.63162658705818,2.00785257943058
-0.450035959469679,0.0555152481714091,"Real","train","Dirichlet","d",3.63162658705818,2.00785257943058
0.126601811192614,0.0528677629442669,"Real","train","Dirichlet","d",3.63162658705818,2.00785257943058
0.122863607388859,0.21267849849903,"Real","train","Dirichlet","d",3.63162658705818,2.00785257943058
0.319388893427,0.0934662897091212,"Real","train","Dirichlet","d",3.63162658705818,2.00785257943058
-0.222643417050931,-0.886404698247872,"Real","train","Dirichlet","d",3.63162658705818,2.00785257943058
-0.071397554776084,0.200663450432883,"Real","train","Dirichlet","d",3.63162658705818,2.00785257943058
-0.349082959616215,0.134841675955549,"Real","train","Dirichlet","d",3.63162658705818,2.00785257943058
0.800244344679873,0.0219060177884183,"Real","train","Dirichlet","d",3.63162658705818,2.00785257943058
0.54091412307938,-0.0477100023018522,"Real","train","Dirichlet","d",3.63162658705818,2.00785257943058
-0.247933397407917,0.158725648428779,"Real","train","Dirichlet","d",3.63162658705818,2.00785257943058
-0.448094715374767,0.168934039636507,"Real","train","Dirichlet","d",3.63162658705818,2.00785257943058
-0.293781034983052,0.165998894961727,"Real","train","Dirichlet","d",3.63162658705818,2.00785257943058
0.17975240068849,0.284061250062596,"Real","train","Dirichlet","d",3.63162658705818,2.00785257943058
0.00839413674642421,0.0976322390377529,"Real","train","Dirichlet","d",3.63162658705818,2.00785257943058
-0.517613119429851,0.12615417812456,"Real","train","Dirichlet","d",3.63162658705818,2.00785257943058
0.122741371465873,0.251821774144793,"Real","train","Dirichlet","d",3.63162658705818,2.00785257943058
0.453043027798989,0.0341105397056193,"Real","train","Dirichlet","d",3.63162658705818,2.00785257943058
-0.466646247700064,0.0802834796016768,"Real","train","Dirichlet","d",3.63162658705818,2.00785257943058
-0.480608190588707,0.121248312975965,"Real","train","Dirichlet","d",3.63162658705818,2.00785257943058
-0.0963239705078851,-1.33919166107959,"Real","train","Dirichlet","d",3.63162658705818,2.00785257943058
0.696197110436293,0.0259376843184999,"Real","train","Dirichlet","d",3.63162658705818,2.00785257943058
-0.487159253320311,0.182629220530062,"Real","train","Dirichlet","d",3.63162658705818,2.00785257943058
-0.105058493582158,0.189035618152833,"Real","train","Dirichlet","d",3.63162658705818,2.00785257943058
0.103709561242148,0.274927633150525,"Real","train","Dirichlet","d",3.63162658705818,2.00785257943058
0.0788102371625308,0.0250875284459213,"Real","train","Dirichlet","d",3.63162658705818,2.00785257943058
-0.386331484945707,0.0971267562025926,"Real","train","Dirichlet","d",3.63162658705818,2.00785257943058
0.544305695386585,-0.0568810865295741,"Real","train","Dirichlet","d",3.63162658705818,2.00785257943058
-0.228810602652302,0.12108094019747,"Real","train","Dirichlet","d",3.63162658705818,2.00785257943058
0.24996410179307,0.114846066275549,"Real","train","Dirichlet","d",3.63162658705818,2.00785257943058
-0.358822319822716,-0.675523600819667,"Real","train","Dirichlet","d",3.63162658705818,2.00785257943058
0.254476199770738,0.0574109167295412,"Real","train","Dirichlet","d",3.63162658705818,2.00785257943058
0.527439212667032,-0.121897238546921,"Real","train","Dirichlet","d",3.63162658705818,2.00785257943058
-0.362752911661678,0.106813495599051,"Real","train","Dirichlet","d",3.63162658705818,2.00785257943058
0.444183430909397,0.0690799595267584,"Real","train","Dirichlet","d",3.63162658705818,2.00785257943058
0.747002356294292,-0.0549745809625038,"Real","train","Dirichlet","d",3.63162658705818,2.00785257943058
0.721290323409493,-0.0486301358261288,"Real","train","Dirichlet","d",3.63162658705818,2.00785257943058
-0.468458186864497,0.186857359134662,"Real","train","Dirichlet","d",3.63162658705818,2.00785257943058
0.282711599657262,0.0737206484597711,"Real","train","Dirichlet","d",3.63162658705818,2.00785257943058
0.610104098064681,0.0854005593746103,"Real","train","Dirichlet","d",3.63162658705818,2.00785257943058
0.422986606656556,0.0258556677844145,"Real","train","Dirichlet","d",3.63162658705818,2.00785257943058
0.475726199323201,-0.0129065697515544,"Real","train","Dirichlet","d",3.63162658705818,2.00785257943058
0.463556171500435,-0.0941413616896463,"Real","train","Dirichlet","d",3.63162658705818,2.00785257943058
0.110770454030909,0.113951887743946,"Real","train","Dirichlet","d",3.63162658705818,2.00785257943058
0.181321728227154,0.113131896220037,"Real","train","Dirichlet","d",3.63162658705818,2.00785257943058
-0.167302690996593,0.21527697723554,"Real","train","Dirichlet","d",3.63162658705818,2.00785257943058
-0.264929859153228,0.143576577901941,"Real","train","Dirichlet","d",3.63162658705818,2.00785257943058
0.188191400723824,0.315925302686356,"Real","train","Dirichlet","d",3.63162658705818,2.00785257943058
0.471166468948637,-0.0904166488062178,"Real","train","Dirichlet","d",3.63162658705818,2.00785257943058
0.104090159516432,-1.13527520358664,"Real","train","Dirichlet","d",3.63162658705818,2.00785257943058
0.81894547731988,0.0279214811589666,"Real","train","Dirichlet","d",3.63162658705818,2.00785257943058
0.0600282287834781,-0.525254632291353,"Real","train","Dirichlet","d",3.63162658705818,2.00785257943058
0.386292059595627,-0.023483703326798,"Real","train","Dirichlet","d",3.63162658705818,2.00785257943058
-0.423827004004812,0.191957689081987,"Real","train","Dirichlet","d",3.63162658705818,2.00785257943058
0.371959629699789,0.0878984168042418,"Real","train","Dirichlet","d",3.63162658705818,2.00785257943058
-0.115617596480933,0.246681158507343,"Real","train","Dirichlet","d",3.63162658705818,2.00785257943058
0.225457226580329,0.149153100211747,"Real","train","Dirichlet","d",3.63162658705818,2.00785257943058
0.508030783702067,0.0315719698691569,"Real","train","Dirichlet","d",3.63162658705818,2.00785257943058
-0.435831836644898,0.194128412493577,"Real","train","Dirichlet","d",3.63162658705818,2.00785257943058
0.665787310225611,-0.0192039336259318,"Real","train","Dirichlet","d",3.63162658705818,2.00785257943058
0.0641401595917274,0.250113702697223,"Real","train","Dirichlet","d",3.63162658705818,2.00785257943058
0.647860375171483,0.0777986429220319,"Real","train","Dirichlet","d",3.63162658705818,2.00785257943058
0.388377650474151,0.134261278793666,"Real","train","Dirichlet","d",3.63162658705818,2.00785257943058
0.620838921956688,0.103561956606965,"Real","train","Dirichlet","d",3.63162658705818,2.00785257943058
-0.137226155662443,-1.19205118754057,"Real","train","Dirichlet","d",3.63162658705818,2.00785257943058
0.581692164742627,0.0909758166585338,"Real","train","Dirichlet","d",3.63162658705818,2.00785257943058
0.21076042116671,0.27537911433696,"Real","train","Dirichlet","d",3.63162658705818,2.00785257943058
0.836296393131786,0.02041513002397,"Real","train","Dirichlet","d",3.63162658705818,2.00785257943058
0.106870422705299,-1.0182077090113,"Real","train","Dirichlet","d",3.63162658705818,2.00785257943058
-0.297616777274032,0.221086787756599,"Real","train","Dirichlet","d",3.63162658705818,2.00785257943058
0.802380719072007,0.0325773151053071,"Real","train","Dirichlet","d",3.63162658705818,2.00785257943058
-0.289600461310975,0.125243851852894,"Real","train","Dirichlet","d",3.63162658705818,2.00785257943058
0.669084379503559,0.0309189336262992,"Real","train","Dirichlet","d",3.63162658705818,2.00785257943058
0.426489993972546,0.014262123425799,"Real","train","Dirichlet","d",3.63162658705818,2.00785257943058
0.576593201380467,0.0540737815094989,"Real","train","Dirichlet","d",3.63162658705818,2.00785257943058
0.285110545303212,0.0104235712580947,"Real","train","Dirichlet","d",3.63162658705818,2.00785257943058
0.547138560444194,-0.099508647561994,"Real","train","Dirichlet","d",3.63162658705818,2.00785257943058
0.853710498326608,0.0397908293268868,"Real","train","Dirichlet","d",3.63162658705818,2.00785257943058
-0.362945379154683,0.17248740241912,"Real","train","Dirichlet","d",3.63162658705818,2.00785257943058
0.759287515235566,0.05676841590566,"Real","train","Dirichlet","d",3.63162658705818,2.00785257943058
-0.0355334249568026,-0.681295135825729,"Real","train","Dirichlet","d",3.63162658705818,2.00785257943058
0.139292121986638,0.0281050574881006,"Real","train","Dirichlet","d",3.63162658705818,2.00785257943058
-0.071070626001446,0.134854461725866,"Real","train","Dirichlet","d",3.63162658705818,2.00785257943058
0.661673841004344,-0.0808165016791294,"Real","train","Dirichlet","d",3.63162658705818,2.00785257943058
0.253551379527626,0.256751670923478,"Real","train","Dirichlet","d",3.63162658705818,2.00785257943058
0.0906509919517223,0.287177278237459,"Real","train","Dirichlet","d",3.63162658705818,2.00785257943058
0.244459313212308,-0.11661303226496,"Real","train","Dirichlet","d",3.63162658705818,2.00785257943058
0.170216573114053,0.140702984082064,"Real","train","Dirichlet","d",3.63162658705818,2.00785257943058
-0.341765412400203,-1.26445447748312,"Real","train","Dirichlet","d",3.63162658705818,2.00785257943058
-0.0715846100493932,0.230821371792812,"Real","train","Dirichlet","d",3.63162658705818,2.00785257943058
0.610950960313558,-0.00981721973713779,"Real","train","Dirichlet","d",3.63162658705818,2.00785257943058
0.498074743148806,-0.0198112651383444,"Real","train","Dirichlet","d",3.63162658705818,2.00785257943058
-0.375271400128704,-1.21547731523163,"Real","train","Dirichlet","d",3.63162658705818,2.00785257943058
0.0666729907652056,0.0026357597576723,"Real","train","Dirichlet","d",3.63162658705818,2.00785257943058
0.716866716943046,0.09520193989704,"Real","train","Dirichlet","d",3.63162658705818,2.00785257943058
0.305987384032722,-0.0589402499157387,"Real","train","Dirichlet","d",3.63162658705818,2.00785257943058
0.427202507063939,0.145934606073687,"Real","train","Dirichlet","d",3.63162658705818,2.00785257943058
0.166322885114927,0.292082169378167,"Real","train","Dirichlet","d",3.63162658705818,2.00785257943058
0.218320115989644,-0.00447557119515327,"Real","train","Dirichlet","d",3.63162658705818,2.00785257943058
0.677185432010665,0.0856254229482594,"Real","train","Dirichlet","d",3.63162658705818,2.00785257943058
0.112806818137458,0.158881335720019,"Real","train","Dirichlet","d",3.63162658705818,2.00785257943058
0.099617405706467,0.28215146648928,"Real","train","Dirichlet","d",3.63162658705818,2.00785257943058
-0.285215455985094,0.166884378412361,"Real","train","Dirichlet","d",3.63162658705818,2.00785257943058
-0.0891828443016792,0.181501218028305,"Real","train","Dirichlet","d",3.63162658705818,2.00785257943058
0.307253507004124,0.057224551401146,"Real","train","Dirichlet","d",3.63162658705818,2.00785257943058
0.435138061163143,0.0593972435813695,"Real","train","Dirichlet","d",3.63162658705818,2.00785257943058
0.394647559994305,-0.0751932297715948,"Real","train","Dirichlet","d",3.63162658705818,2.00785257943058
-0.386343358469542,-1.12855328959237,"Real","train","Dirichlet","d",3.63162658705818,2.00785257943058
-0.059659621756222,-0.769356341334232,"Real","train","Dirichlet","d",3.63162658705818,2.00785257943058
-0.116258469478522,0.0559229628311924,"Real","train","Dirichlet","d",3.63162658705818,2.00785257943058
0.611311327073623,0.0682708701426388,"Real","train","Dirichlet","d",3.63162658705818,2.00785257943058
-0.0337283069675578,0.169260765536597,"Real","train","Dirichlet","d",3.63162658705818,2.00785257943058
0.79455645144184,-0.0253719608254939,"Real","train","Dirichlet","d",3.63162658705818,2.00785257943058
0.583362823381885,0.104128960024661,"Real","train","Dirichlet","d",3.63162658705818,2.00785257943058
0.496485452489091,0.0116231851002981,"Real","train","Dirichlet","d",3.63162658705818,2.00785257943058
0.43399931169299,-0.0264573403429786,"Real","train","Dirichlet","d",3.63162658705818,2.00785257943058
-0.0788829751453283,0.147153339945781,"Real","train","Dirichlet","d",3.63162658705818,2.00785257943058
0.510713397188777,-0.0927835485678947,"Real","train","Dirichlet","d",3.63162658705818,2.00785257943058
0.692959113879858,-0.10519038148982,"Real","train","Dirichlet","d",3.63162658705818,2.00785257943058
-0.376961500780324,0.205212971227978,"Real","train","Dirichlet","d",3.63162658705818,2.00785257943058
0.839828935427981,-0.0827572988915058,"Real","train","Dirichlet","d",3.63162658705818,2.00785257943058
0.623220960911403,-0.0380110304518755,"Real","train","Dirichlet","d",3.63162658705818,2.00785257943058
0.537241529837487,0.0657749465765576,"Real","train","Dirichlet","d",3.63162658705818,2.00785257943058
0.248815459863074,0.103022463526112,"Real","train","Dirichlet","d",3.63162658705818,2.00785257943058
-0.377581468468753,0.18606586000902,"Real","train","Dirichlet","d",3.63162658705818,2.00785257943058
-0.376749642759198,-1.30602621702974,"Real","train","Dirichlet","d",3.63162658705818,2.00785257943058
0.110662650583363,0.247951152078112,"Real","train","Dirichlet","d",3.63162658705818,2.00785257943058
0.298348284794788,0.183400898772694,"Real","train","Dirichlet","d",3.63162658705818,2.00785257943058
0.357968332283543,-0.0663183475646787,"Real","train","Dirichlet","d",3.63162658705818,2.00785257943058
0.613193573048484,0.0573414694638603,"Real","train","Dirichlet","d",3.63162658705818,2.00785257943058
0.856610591020842,-0.117984618453875,"Real","train","Dirichlet","d",3.63162658705818,2.00785257943058
0.319022314428997,-0.0368964792163984,"Real","train","Dirichlet","d",3.63162658705818,2.00785257943058
0.765781761081496,-0.0137861403554417,"Real","train","Dirichlet","d",3.63162658705818,2.00785257943058
-0.457382017594387,-1.13825098667124,"Real","train","Dirichlet","d",3.63162658705818,2.00785257943058
-0.179489786822276,0.171510300567814,"Real","train","Dirichlet","d",3.63162658705818,2.00785257943058
-0.256591137096624,0.151965940915627,"Real","train","Dirichlet","d",3.63162658705818,2.00785257943058
0.242293661836167,-0.755589573636348,"Real","train","Dirichlet","d",3.63162658705818,2.00785257943058
-0.160733345177888,-1.02646897992964,"Real","train","Dirichlet","d",3.63162658705818,2.00785257943058
0.709850491783211,0.0457246809214189,"Real","train","Dirichlet","d",3.63162658705818,2.00785257943058
0.751145721945146,-0.122085647415192,"Real","train","Dirichlet","d",3.63162658705818,2.00785257943058
0.811071071127168,-0.120115589937739,"Real","train","Dirichlet","d",3.63162658705818,2.00785257943058
0.655198052570988,-0.0526798635329313,"Real","train","Dirichlet","d",3.63162658705818,2.00785257943058
0.0613373285354223,0.00058179617656452,"Real","train","Dirichlet","d",3.63162658705818,2.00785257943058
0.738239315778534,-0.0195491800348326,"Real","train","Dirichlet","d",3.63162658705818,2.00785257943058
0.507056948369822,-0.156242970553648,"Real","train","Dirichlet","d",3.63162658705818,2.00785257943058
-0.377581468468752,0.18606586000902,"Real","train","Dirichlet","d",3.63162658705818,2.00785257943058
-0.0139895264086073,0.351079487736291,"Real","train","Dirichlet","d",3.63162658705818,2.00785257943058
0.109411944539028,-0.280942258122874,"Real","train","Dirichlet","d",3.63162658705818,2.00785257943058
-0.383122686376908,0.0246826983709152,"Real","train","Dirichlet","d",3.63162658705818,2.00785257943058
0.0949196984789536,0.175956200581425,"Real","train","Dirichlet","d",3.63162658705818,2.00785257943058
0.121502237518024,0.286055974811066,"Real","train","Dirichlet","d",3.63162658705818,2.00785257943058
0.487224811422962,0.00298540923231475,"Real","train","Dirichlet","d",3.63162658705818,2.00785257943058
0.409003074966843,-0.0720451898098284,"Real","train","Dirichlet","d",3.63162658705818,2.00785257943058
0.157289502855439,0.126226935105006,"Real","train","Dirichlet","d",3.63162658705818,2.00785257943058
-0.178987809052589,-1.2429237246092,"Real","train","Dirichlet","d",3.63162658705818,2.00785257943058
-0.498587035110704,0.151701945858254,"Real","train","Dirichlet","d",3.63162658705818,2.00785257943058
-0.456370446921624,0.162474239070411,"Real","train","Dirichlet","d",3.63162658705818,2.00785257943058
-0.491810115754704,0.187143799515893,"Real","train","Dirichlet","d",3.63162658705818,2.00785257943058
0.608002788997346,-0.0359449972966935,"Real","train","Dirichlet","d",3.63162658705818,2.00785257943058
-0.168688258067373,0.131709303601579,"Real","train","Dirichlet","d",3.63162658705818,2.00785257943058
0.429241871260823,-0.0175638127147092,"Real","train","Dirichlet","d",3.63162658705818,2.00785257943058
-0.0313158667966237,0.0265363971593435,"Real","train","Dirichlet","d",3.63162658705818,2.00785257943058
0.550322724628868,0.0363054584318103,"Real","train","Dirichlet","d",3.63162658705818,2.00785257943058
0.172561349655608,0.278775916106073,"Real","train","Dirichlet","d",3.63162658705818,2.00785257943058
0.381380279186769,0.118856473727818,"Real","train","Dirichlet","d",3.63162658705818,2.00785257943058
-0.421707024075422,0.157416367991165,"Real","train","Dirichlet","d",3.63162658705818,2.00785257943058
0.0717215954844856,0.00189467824867931,"Real","train","Dirichlet","d",3.63162658705818,2.00785257943058
0.657639395588647,0.0732418543989699,"Real","train","Dirichlet","d",3.63162658705818,2.00785257943058
0.104025200991129,0.0920067811030254,"Real","train","Dirichlet","d",3.63162658705818,2.00785257943058
0.869424037159001,-0.00432419099363397,"Real","train","Dirichlet","d",3.63162658705818,2.00785257943058
0.381739124125553,0.102838855822032,"Real","train","Dirichlet","d",3.63162658705818,2.00785257943058
0.218253255571311,0.0695395482086694,"Real","train","Dirichlet","d",3.63162658705818,2.00785257943058
-0.425154161836913,0.20455222141445,"Real","train","Dirichlet","d",3.63162658705818,2.00785257943058
0.641066923360368,-0.0489052829483796,"Real","train","Dirichlet","d",3.63162658705818,2.00785257943058
0.79639410891528,0.0537498731486455,"Real","train","Dirichlet","d",3.63162658705818,2.00785257943058
0.63262070979738,-0.0285543086220718,"Real","train","Dirichlet","d",3.63162658705818,2.00785257943058
-0.0835646509407496,0.261591853648184,"Real","train","Dirichlet","d",3.63162658705818,2.00785257943058
0.101462611250507,0.0654628668875084,"Real","train","Dirichlet","d",3.63162658705818,2.00785257943058
-0.312323305414458,-0.714075259883329,"Real","train","Dirichlet","d",3.63162658705818,2.00785257943058
0.609154643414344,0.0190831171598221,"Real","train","Dirichlet","d",3.63162658705818,2.00785257943058
-0.0495325320164044,-0.962104494133807,"Real","train","Dirichlet","d",3.63162658705818,2.00785257943058
-0.36581559183737,0.149537957282761,"Real","train","Dirichlet","d",3.63162658705818,2.00785257943058
-0.49246105178378,0.108528277464373,"Real","train","Dirichlet","d",3.63162658705818,2.00785257943058
-0.117553266889192,-1.24916826944856,"Real","train","Dirichlet","d",3.63162658705818,2.00785257943058
0.708435908094833,-0.0791552005502131,"Real","train","Dirichlet","d",3.63162658705818,2.00785257943058
0.668299019420458,0.104149983343171,"Real","train","Dirichlet","d",3.63162658705818,2.00785257943058
0.0925188730149429,0.0917634192663503,"Real","train","Dirichlet","d",3.63162658705818,2.00785257943058
-0.2681312221845,-0.0027541619906128,"Real","train","Dirichlet","d",3.63162658705818,2.00785257943058
-0.129793878398141,0.0950460653080472,"Real","train","Dirichlet","d",3.63162658705818,2.00785257943058
-0.381847486817326,-1.30728983178147,"Real","train","Dirichlet","d",3.63162658705818,2.00785257943058
-0.37399649501631,-1.3226556241615,"Real","train","Dirichlet","d",3.63162658705818,2.00785257943058
0.708433788287569,-0.0538636480304575,"Real","train","Dirichlet","d",3.63162658705818,2.00785257943058
-0.468697448868753,0.081991416289733,"Real","train","Dirichlet","d",3.63162658705818,2.00785257943058
0.192954343002527,0.279946800052537,"Real","train","Dirichlet","d",3.63162658705818,2.00785257943058
-0.0712215781628332,0.0855946101503444,"Real","train","Dirichlet","d",3.63162658705818,2.00785257943058
-0.452321743836101,0.118167347528171,"Real","train","Dirichlet","d",3.63162658705818,2.00785257943058
0.135489955253105,0.28493424050438,"Real","train","Dirichlet","d",3.63162658705818,2.00785257943058
0.0677224251205643,-1.10744156252104,"Real","train","Dirichlet","d",3.63162658705818,2.00785257943058
0.180201593477539,-0.00793553402195814,"Real","train","Dirichlet","d",3.63162658705818,2.00785257943058
-0.136129331744591,-1.02592824240115,"Real","train","Dirichlet","d",3.63162658705818,2.00785257943058
-0.0253036212178357,0.131071799564942,"Real","train","Dirichlet","d",3.63162658705818,2.00785257943058
0.791972605574986,-0.0278822471785483,"Real","train","Dirichlet","d",3.63162658705818,2.00785257943058
0.732634450961126,0.0227343819954156,"Real","train","Dirichlet","d",3.63162658705818,2.00785257943058
0.59266278379024,0.079105929604008,"Real","train","Dirichlet","d",3.63162658705818,2.00785257943058
0.741085769790482,-0.0022639488189032,"Real","train","Dirichlet","d",3.63162658705818,2.00785257943058
0.74279637609671,-0.0486721236657194,"Real","train","Dirichlet","d",3.63162658705818,2.00785257943058
0.338711212872475,-0.0017614842614625,"Real","train","Dirichlet","d",3.63162658705818,2.00785257943058
0.306812083139764,0.0932915519566498,"Real","train","Dirichlet","d",3.63162658705818,2.00785257943058
0.162121288947053,0.100484981555938,"Real","train","Dirichlet","d",3.63162658705818,2.00785257943058
0.563361558422066,-0.0561381279699599,"Real","train","Dirichlet","d",3.63162658705818,2.00785257943058
0.327024600248121,0.0419655924033947,"Real","train","Dirichlet","d",3.63162658705818,2.00785257943058
0.482685745563864,-0.181358668009828,"Real","train","Dirichlet","d",3.63162658705818,2.00785257943058
0.610104098064679,0.0854005593746098,"Real","train","Dirichlet","d",3.63162658705818,2.00785257943058
0.245145357019957,0.284616453755664,"Real","train","Dirichlet","d",3.63162658705818,2.00785257943058
0.197056317993448,0.0897851773318915,"Real","train","Dirichlet","d",3.63162658705818,2.00785257943058
0.457566836176772,-0.0237209746034237,"Real","train","Dirichlet","d",3.63162658705818,2.00785257943058
-0.0680123083777598,0.312682047732388,"Real","train","Dirichlet","d",3.63162658705818,2.00785257943058
0.487326493371035,-0.0573197842210603,"Real","train","Dirichlet","d",3.63162658705818,2.00785257943058
0.454379117589828,0.101154914637245,"Real","train","Dirichlet","d",3.63162658705818,2.00785257943058
-0.0857657531860931,-1.35050893085597,"Real","train","Dirichlet","d",3.63162658705818,2.00785257943058
0.239419318407211,-0.612810411702152,"Real","train","Dirichlet","d",3.63162658705818,2.00785257943058
0.0686541555209511,0.291367890148174,"Real","train","Dirichlet","d",3.63162658705818,2.00785257943058
0.165755415441172,0.117122303034108,"Real","train","Dirichlet","d",3.63162658705818,2.00785257943058
0.226708194837201,0.179276904167923,"Real","train","Dirichlet","d",3.63162658705818,2.00785257943058
0.778045286654305,-0.0573166620614126,"Real","train","Dirichlet","d",3.63162658705818,2.00785257943058
0.208911247641898,-0.00439610488716725,"Real","train","Dirichlet","d",3.63162658705818,2.00785257943058
0.168676440393039,0.253165547055437,"Real","train","Dirichlet","d",3.63162658705818,2.00785257943058
0.713490627140948,0.0925667504373583,"Real","train","Dirichlet","d",3.63162658705818,2.00785257943058
0.635186574438561,0.088804227813168,"Real","train","Dirichlet","d",3.63162658705818,2.00785257943058
0.436035076310049,0.0230515205945571,"Real","train","Dirichlet","d",3.63162658705818,2.00785257943058
0.648508055566685,-0.0241402005366376,"Real","train","Dirichlet","d",3.63162658705818,2.00785257943058
0.2910230961085,-0.0456680687531562,"Real","train","Dirichlet","d",3.63162658705818,2.00785257943058
-0.0864706130634866,0.0093478520613017,"Real","train","Dirichlet","d",3.63162658705818,2.00785257943058
0.184386040422477,-1.11502139843158,"Real","train","Dirichlet","d",3.63162658705818,2.00785257943058
0.762876658119937,-0.088447996354823,"Real","train","Dirichlet","d",3.63162658705818,2.00785257943058
-0.0922684496092609,0.102352027766599,"Real","train","Dirichlet","d",3.63162658705818,2.00785257943058
0.117981330060477,0.0641120517124413,"Real","train","Dirichlet","d",3.63162658705818,2.00785257943058
-0.310283042325583,0.246221222233209,"Real","train","Dirichlet","d",3.63162658705818,2.00785257943058
0.465581243590402,0.0629710692343938,"Real","train","Dirichlet","d",3.63162658705818,2.00785257943058
0.768246028567269,-0.067102179183849,"Real","train","Dirichlet","d",3.63162658705818,2.00785257943058
0.693867329956967,0.0191025102959666,"Real","train","Dirichlet","d",3.63162658705818,2.00785257943058
0.0280734182122681,0.199473811975215,"Real","train","Dirichlet","d",3.63162658705818,2.00785257943058
0.0863452054439186,0.259240794971595,"Real","train","Dirichlet","d",3.63162658705818,2.00785257943058
-0.430758809669305,0.188482026319851,"Real","train","Dirichlet","d",3.63162658705818,2.00785257943058
0.111778602746849,0.238666382209722,"Real","train","Dirichlet","d",3.63162658705818,2.00785257943058
0.794766868142934,-0.0345838301909927,"Real","train","Dirichlet","d",3.63162658705818,2.00785257943058
0.311347911719106,0.121047601558255,"Real","train","Dirichlet","d",3.63162658705818,2.00785257943058
0.167261559441412,-0.797302307069777,"Real","train","Dirichlet","d",3.63162658705818,2.00785257943058
0.14195666148015,0.144583869514951,"Real","train","Dirichlet","d",3.63162658705818,2.00785257943058
0.0615160013399525,0.0503088550653795,"Real","train","Dirichlet","d",3.63162658705818,2.00785257943058
0.817655257541033,0.0691836175557651,"Real","train","Dirichlet","d",3.63162658705818,2.00785257943058
0.538841594174569,-0.021270190497722,"Real","train","Dirichlet","d",3.63162658705818,2.00785257943058
0.933357044071465,0.0245756525152535,"Real","train","Dirichlet","d",3.63162658705818,2.00785257943058
-0.354018043143028,0.204043094997719,"Real","train","Dirichlet","d",3.63162658705818,2.00785257943058
0.794726045482984,-0.0194747558047037,"Real","train","Dirichlet","d",3.63162658705818,2.00785257943058
0.876951632283153,-0.014406094569443,"Real","train","Dirichlet","d",3.63162658705818,2.00785257943058
0.70570959084936,0.019193195867647,"Real","train","Dirichlet","d",3.63162658705818,2.00785257943058
-0.179941575781812,-1.3135022086294,"Real","train","Dirichlet","d",3.63162658705818,2.00785257943058
0.574378626980461,0.0687533060543227,"Real","train","Dirichlet","d",3.63162658705818,2.00785257943058
0.78731912005071,-0.00161241029628339,"Real","train","Dirichlet","d",3.63162658705818,2.00785257943058
0.758296286218098,0.0632247365896051,"Real","train","Dirichlet","d",3.63162658705818,2.00785257943058
0.491919996842541,0.00370176049022626,"Real","train","Dirichlet","d",3.63162658705818,2.00785257943058
-0.2434370685935,-0.249769026281638,"Real","train","Dirichlet","d",3.63162658705818,2.00785257943058
-0.199592245508369,-1.26098644333486,"Real","train","Dirichlet","d",3.63162658705818,2.00785257943058
-0.135202581569359,-0.662781948217369,"Real","train","Dirichlet","d",3.63162658705818,2.00785257943058
0.0879682051508787,0.110250075578101,"Real","train","Dirichlet","d",3.63162658705818,2.00785257943058
0.304359528426291,0.0666947666911028,"Real","train","Dirichlet","d",3.63162658705818,2.00785257943058
-0.218194724425841,0.0323958858570683,"Real","train","Dirichlet","d",3.63162658705818,2.00785257943058
0.17022702201646,0.236549062803608,"Real","train","Dirichlet","d",3.63162658705818,2.00785257943058
0.286632876676501,-0.379442616134116,"Real","train","Dirichlet","d",3.63162658705818,2.00785257943058
0.439864695658086,0.030752590225172,"Real","train","Dirichlet","d",3.63162658705818,2.00785257943058
0.452657131093281,-0.0336993095314988,"Real","train","Dirichlet","d",3.63162658705818,2.00785257943058
0.576165058240458,-0.0843184106480021,"Real","train","Dirichlet","d",3.63162658705818,2.00785257943058
-0.365253397043899,0.143055401654913,"Real","train","Dirichlet","d",3.63162658705818,2.00785257943058
0.257094793996246,0.256396324301765,"Real","train","Dirichlet","d",3.63162658705818,2.00785257943058
0.249120455337165,0.0834028343320428,"Real","train","Dirichlet","d",3.63162658705818,2.00785257943058
0.575712206605341,0.15969154012925,"Real","train","Dirichlet","d",3.63162658705818,2.00785257943058
0.759414841635163,-0.115785426675224,"Real","train","Dirichlet","d",3.63162658705818,2.00785257943058
0.874039807130452,0.000739736550905435,"Real","train","Dirichlet","d",3.63162658705818,2.00785257943058
0.463930694295617,-0.42135820806815,"Real","train","Dirichlet","d",3.63162658705818,2.00785257943058
0.469684229195957,-0.0208034406023396,"Real","train","Dirichlet","d",3.63162658705818,2.00785257943058
-0.409691173075461,0.111308935454739,"Real","train","Dirichlet","d",3.63162658705818,2.00785257943058
-0.373775860209991,0.093194314069713,"Real","train","Dirichlet","d",3.63162658705818,2.00785257943058
0.739677322532579,-0.0119453152658641,"Real","train","Dirichlet","d",3.63162658705818,2.00785257943058
0.898461354243045,-0.0232371088123491,"Real","train","Dirichlet","d",3.63162658705818,2.00785257943058
0.533480914067884,-0.0910111163032726,"Real","train","Dirichlet","d",3.63162658705818,2.00785257943058
0.675412875819712,0.0385455851182439,"Real","train","Dirichlet","d",3.63162658705818,2.00785257943058
0.514711680458716,0.0938331172403982,"Real","train","Dirichlet","d",3.63162658705818,2.00785257943058
-0.19815339553051,-0.719057348397354,"Real","train","Dirichlet","d",3.63162658705818,2.00785257943058
-0.088862868333464,0.144173031198692,"Real","train","Dirichlet","d",3.63162658705818,2.00785257943058
-0.220529250539504,-0.00616430465962946,"Real","train","Dirichlet","d",3.63162658705818,2.00785257943058
-0.263054973706501,-1.04517246777527,"Real","train","Dirichlet","d",3.63162658705818,2.00785257943058
-0.21403610177478,0.083123930936689,"Real","train","Dirichlet","d",3.63162658705818,2.00785257943058
0.703295670958391,0.0507513683716937,"Real","train","Dirichlet","d",3.63162658705818,2.00785257943058
-0.218982738896532,-0.887738941022845,"Real","train","Dirichlet","d",3.63162658705818,2.00785257943058
-0.181091051533219,-0.0645411947677095,"Real","train","Dirichlet","d",3.63162658705818,2.00785257943058
0.429234849635451,0.0407945110571077,"Real","train","Dirichlet","d",3.63162658705818,2.00785257943058
0.721873091033773,-0.113250661824541,"Real","train","Dirichlet","d",3.63162658705818,2.00785257943058
0.576147295999347,-0.0278135981909481,"Real","train","Dirichlet","d",3.63162658705818,2.00785257943058
0.453593565098759,0.0162208040346643,"Real","train","Dirichlet","d",3.63162658705818,2.00785257943058
0.323132116037204,-0.0898841539260743,"Real","train","Dirichlet","d",3.63162658705818,2.00785257943058
-0.355808115220917,0.0366538285151361,"Real","train","Dirichlet","d",3.63162658705818,2.00785257943058
-0.450535393939488,0.178414285504477,"Real","train","Dirichlet","d",3.63162658705818,2.00785257943058
-0.381984151656653,0.218815656628624,"Real","train","Dirichlet","d",3.63162658705818,2.00785257943058
-0.423117998672739,0.0386182686370422,"Real","train","Dirichlet","d",3.63162658705818,2.00785257943058
0.359183596860454,-0.0644823240862991,"Real","train","Dirichlet","d",3.63162658705818,2.00785257943058
0.393336517905269,-0.107439986495702,"Real","train","Dirichlet","d",3.63162658705818,2.00785257943058
0.485874557492218,0.111215484151687,"Real","train","Dirichlet","d",3.63162658705818,2.00785257943058
0.489925499279005,0.0358771034422132,"Real","train","Dirichlet","d",3.63162658705818,2.00785257943058
0.491642983334264,-0.0484832084882934,"Real","train","Dirichlet","d",3.63162658705818,2.00785257943058
0.429687680995483,0.065928675455455,"Real","train","Dirichlet","d",3.63162658705818,2.00785257943058
0.632227627019546,0.0606217863326313,"Real","train","Dirichlet","d",3.63162658705818,2.00785257943058
0.643014594284482,-0.0144499766326737,"Real","train","Dirichlet","d",3.63162658705818,2.00785257943058
-0.217741901059728,-1.16248767869694,"Real","train","Dirichlet","d",3.63162658705818,2.00785257943058
0.733798065366524,0.0428621029433661,"Real","train","Dirichlet","d",3.63162658705818,2.00785257943058
0.472091405616749,0.0181946926485541,"Real","train","Dirichlet","d",3.63162658705818,2.00785257943058
-0.105197279160181,-1.17525919730427,"Real","train","Dirichlet","d",3.63162658705818,2.00785257943058
0.632985162537607,0.0946242496334996,"Real","train","Dirichlet","d",3.63162658705818,2.00785257943058
0.70909511876954,-0.0308017321905645,"Real","train","Dirichlet","d",3.63162658705818,2.00785257943058
0.76781708127625,0.00797891638568374,"Real","train","Dirichlet","d",3.63162658705818,2.00785257943058
0.561641072041046,-0.0339291983916353,"Real","train","Dirichlet","d",3.63162658705818,2.00785257943058
-0.40438634243797,0.179479625164706,"Real","train","Dirichlet","d",3.63162658705818,2.00785257943058
-0.329597543417709,0.164509015636004,"Real","train","Dirichlet","d",3.63162658705818,2.00785257943058
0.342060010289176,0.105651343234997,"Real","train","Dirichlet","d",3.63162658705818,2.00785257943058
0.395295465856071,-0.0560599777264047,"Real","train","Dirichlet","d",3.63162658705818,2.00785257943058
-0.321632791966904,0.101545581260315,"Real","train","Dirichlet","d",3.63162658705818,2.00785257943058
0.57928604176541,-0.0190108019288335,"Real","train","Dirichlet","d",3.63162658705818,2.00785257943058
0.333456443612237,0.0809917224966745,"Real","train","Dirichlet","d",3.63162658705818,2.00785257943058
-0.0875230666684779,0.160735363660746,"Real","train","Dirichlet","d",3.63162658705818,2.00785257943058
0.380584250157667,0.0823291805067065,"Real","train","Dirichlet","d",3.63162658705818,2.00785257943058
0.548108178496632,0.109559600663941,"Real","train","Dirichlet","d",3.63162658705818,2.00785257943058
-0.458033861118184,0.0663741387388959,"Real","train","Dirichlet","d",3.63162658705818,2.00785257943058
0.943947783764804,0.0313835146735314,"Real","train","Dirichlet","d",3.63162658705818,2.00785257943058
0.577823435788205,-0.0702364346936046,"Real","train","Dirichlet","d",3.63162658705818,2.00785257943058
-0.214536708313912,-0.0339224569520754,"Real","train","Dirichlet","d",3.63162658705818,2.00785257943058
0.745751975844445,-0.0851849436744261,"Real","train","Dirichlet","d",3.63162658705818,2.00785257943058
-0.20054477739415,-1.28930054856187,"Real","train","Dirichlet","d",3.63162658705818,2.00785257943058
-0.533827943154786,0.128154804850908,"Real","train","Dirichlet","d",3.63162658705818,2.00785257943058
0.576035105714184,-0.0331879314623769,"Real","train","Dirichlet","d",3.63162658705818,2.00785257943058
-0.123686233901116,0.0217898774724469,"Real","train","Dirichlet","d",3.63162658705818,2.00785257943058
0.125466566803306,-0.0309067096273535,"Real","train","Dirichlet","d",3.63162658705818,2.00785257943058
0.508573971723454,0.0417825071748986,"Real","train","Dirichlet","d",3.63162658705818,2.00785257943058
0.37118737498216,-0.0306420317483775,"Real","train","Dirichlet","d",3.63162658705818,2.00785257943058
-0.432882285964831,0.176828098988651,"Real","train","Dirichlet","d",3.63162658705818,2.00785257943058
0.772608485216843,-0.0260098901644888,"Real","train","Dirichlet","d",3.63162658705818,2.00785257943058
0.477094012816323,-0.140713338239518,"Real","train","Dirichlet","d",3.63162658705818,2.00785257943058
0.637519448224094,-0.0087713326936716,"Real","train","Dirichlet","d",3.63162658705818,2.00785257943058
0.791076346711904,-0.0642188080158203,"Real","train","Dirichlet","d",3.63162658705818,2.00785257943058
0.156597582643293,0.186741270617558,"Real","train","Dirichlet","d",3.63162658705818,2.00785257943058
-0.133749239268276,0.218113933063352,"Real","train","Dirichlet","d",3.63162658705818,2.00785257943058
0.427248307121115,0.0263760290556105,"Real","train","Dirichlet","d",3.63162658705818,2.00785257943058
0.540026309997124,0.0318676700340133,"Real","train","Dirichlet","d",3.63162658705818,2.00785257943058
0.119511751005004,-0.54135313184404,"Real","train","Dirichlet","d",3.63162658705818,2.00785257943058
0.129121663824002,0.353478908590643,"Real","train","Dirichlet","d",3.63162658705818,2.00785257943058
0.0482375327713648,0.197139789526937,"Real","train","Dirichlet","d",3.63162658705818,2.00785257943058
0.778772573771316,-0.00174376799472396,"Real","train","Dirichlet","d",3.63162658705818,2.00785257943058
0.0553050128618744,0.0236316620726336,"Real","train","Dirichlet","d",3.63162658705818,2.00785257943058
0.534033725751079,-0.0186088068037658,"Real","train","Dirichlet","d",3.63162658705818,2.00785257943058
-0.247504447234408,0.200741454251773,"Real","train","Dirichlet","d",3.63162658705818,2.00785257943058
0.176728833627547,0.292702361314189,"Real","train","Dirichlet","d",3.63162658705818,2.00785257943058
0.199906776190473,0.00886383315455279,"Real","train","Dirichlet","d",3.63162658705818,2.00785257943058
-0.287744390357954,0.148978311837155,"Real","train","Dirichlet","d",3.63162658705818,2.00785257943058
0.246423371227947,0.302701741411525,"Real","train","Dirichlet","d",3.63162658705818,2.00785257943058
0.863962678076778,-0.0383024324046829,"Real","train","Dirichlet","d",3.63162658705818,2.00785257943058
0.308015417717732,0.0561532872476868,"Real","train","Dirichlet","d",3.63162658705818,2.00785257943058
-0.429035487471153,0.0766812199195422,"Real","train","Dirichlet","d",3.63162658705818,2.00785257943058
0.0469177231282035,0.164342377471382,"Real","train","Dirichlet","d",3.63162658705818,2.00785257943058
0.495496356981744,0.0159775839721954,"Real","train","Dirichlet","d",3.63162658705818,2.00785257943058
-0.283900573938998,0.0806854256616569,"Real","train","Dirichlet","d",3.63162658705818,2.00785257943058
-0.41592120179374,0.163514110987115,"Real","train","Dirichlet","d",3.63162658705818,2.00785257943058
0.400142173836279,-0.022344192704275,"Real","train","Dirichlet","d",3.63162658705818,2.00785257943058
0.173535362029299,0.240209574727899,"Real","train","Dirichlet","d",3.63162658705818,2.00785257943058
0.624506388893836,-0.0930844254350662,"Real","train","Dirichlet","d",3.63162658705818,2.00785257943058
0.615541900441806,0.0236828132705881,"Real","train","Dirichlet","d",3.63162658705818,2.00785257943058
0.806503595413642,0.055040729473024,"Real","train","Dirichlet","d",3.63162658705818,2.00785257943058
0.0804179653842576,0.107835388480074,"Real","train","Dirichlet","d",3.63162658705818,2.00785257943058
-0.477304852474496,0.135646979086908,"Real","train","Dirichlet","d",3.63162658705818,2.00785257943058
0.545139058570432,-0.187225197719717,"Real","train","Dirichlet","d",3.63162658705818,2.00785257943058
0.771215764245955,-0.0140697388639448,"Real","train","Dirichlet","d",3.63162658705818,2.00785257943058
0.326570725025957,0.0507457291394048,"Real","train","Dirichlet","d",3.63162658705818,2.00785257943058
0.729005074011689,0.05356438548989,"Real","train","Dirichlet","d",3.63162658705818,2.00785257943058
0.795380138945788,0.0254512415715724,"Real","train","Dirichlet","d",3.63162658705818,2.00785257943058
-0.333478472131979,0.166326815564235,"Real","train","Dirichlet","d",3.63162658705818,2.00785257943058
-0.212578608740156,-0.710219706438996,"Real","train","Dirichlet","d",3.63162658705818,2.00785257943058
0.410538708501455,0.0175351730568753,"Real","train","Dirichlet","d",3.63162658705818,2.00785257943058
0.509988593527224,-0.100646294689013,"Real","train","Dirichlet","d",3.63162658705818,2.00785257943058
0.551579335889607,0.0407683820200019,"Real","train","Dirichlet","d",3.63162658705818,2.00785257943058
-0.28933609482294,0.203761189519059,"Real","train","Dirichlet","d",3.63162658705818,2.00785257943058
-0.326133422172362,-0.147928289094423,"Real","train","Dirichlet","d",3.63162658705818,2.00785257943058
0.785970603870267,0.0412418817592229,"Real","train","Dirichlet","d",3.63162658705818,2.00785257943058
0.24269485795012,0.286039262097235,"Real","train","Dirichlet","d",3.63162658705818,2.00785257943058
-0.488268446932824,-1.06786156601252,"Real","train","Dirichlet","d",3.63162658705818,2.00785257943058
0.198017279195144,0.251589279287432,"Real","train","Dirichlet","d",3.63162658705818,2.00785257943058
0.221986517725709,0.0615882785706949,"Real","train","Dirichlet","d",3.63162658705818,2.00785257943058
-0.103249700378906,0.238793925576476,"Real","train","Dirichlet","d",3.63162658705818,2.00785257943058
0.596845174084671,-0.0021285310216767,"Real","train","Dirichlet","d",3.63162658705818,2.00785257943058
0.30773762591124,0.0942542093556944,"Real","train","Dirichlet","d",3.63162658705818,2.00785257943058
0.0194335907763269,0.129433417179201,"Real","train","Dirichlet","d",3.63162658705818,2.00785257943058
0.0689012935201988,0.097572660481581,"Real","train","Dirichlet","d",3.63162658705818,2.00785257943058
-0.0879644294785272,-0.0270483087939761,"Real","train","Dirichlet","d",3.63162658705818,2.00785257943058
0.531497296326662,0.0654296350623426,"Real","train","Dirichlet","d",3.63162658705818,2.00785257943058
0.0977376080811181,0.235100084901063,"Real","train","Dirichlet","d",3.63162658705818,2.00785257943058
0.411631458348274,-0.0591818171456316,"Real","train","Dirichlet","d",3.63162658705818,2.00785257943058
0.823512396734948,-0.0105113984576525,"Real","train","Dirichlet","d",3.63162658705818,2.00785257943058
-0.062037490900024,-0.101565474991969,"Real","train","Dirichlet","d",3.63162658705818,2.00785257943058
0.482405761779785,0.0895436169759435,"Real","train","Dirichlet","d",3.63162658705818,2.00785257943058
0.60082764043029,-0.106525743942715,"Real","train","Dirichlet","d",3.63162658705818,2.00785257943058
0.404214302876953,-0.123026054441852,"Real","train","Dirichlet","d",3.63162658705818,2.00785257943058
0.635423425226409,-0.0133150381268665,"Real","train","Dirichlet","d",3.63162658705818,2.00785257943058
-0.482861537146983,0.213584414108182,"Real","train","Dirichlet","d",3.63162658705818,2.00785257943058
-0.172263189329587,0.190264582700208,"Real","train","Dirichlet","d",3.63162658705818,2.00785257943058
0.566808803025466,-0.0156160578385549,"Real","train","Dirichlet","d",3.63162658705818,2.00785257943058
-0.33591810630336,0.070895461073818,"Real","train","Dirichlet","d",3.63162658705818,2.00785257943058
0.10274352027655,-0.0209540053367894,"Real","train","Dirichlet","d",3.63162658705818,2.00785257943058
0.695531771300306,0.0158482352844902,"Real","train","Dirichlet","d",3.63162658705818,2.00785257943058
-0.287927335151142,-0.811865519790224,"Real","train","Dirichlet","d",3.63162658705818,2.00785257943058
0.790677204956395,-0.0339128918050956,"Real","train","Dirichlet","d",3.63162658705818,2.00785257943058
-0.00612653075233676,0.255140773989299,"Real","train","Dirichlet","d",3.63162658705818,2.00785257943058
0.775079936863018,-0.0641077294412277,"Real","train","Dirichlet","d",3.63162658705818,2.00785257943058
0.722014127047257,-0.0324585008899797,"Real","train","Dirichlet","d",3.63162658705818,2.00785257943058
-0.360578342136059,-1.08511233565797,"Real","train","Dirichlet","d",3.63162658705818,2.00785257943058
0.500415688842093,0.0139256432818358,"Real","train","Dirichlet","d",3.63162658705818,2.00785257943058
0.586130259534608,0.0201313034570803,"Real","train","Dirichlet","d",3.63162658705818,2.00785257943058
0.607084388477065,0.00890495041080981,"Real","train","Dirichlet","d",3.63162658705818,2.00785257943058
-0.0181084979667974,0.276551842567788,"Real","train","Dirichlet","d",3.63162658705818,2.00785257943058
0.889014842512915,0.0313541829092736,"Real","train","Dirichlet","d",3.63162658705818,2.00785257943058
-0.475233701091919,0.219115265759723,"Real","train","Dirichlet","d",3.63162658705818,2.00785257943058
-0.251441338579447,0.0563785357375216,"Real","train","Dirichlet","d",3.63162658705818,2.00785257943058
0.045598336676502,0.0880715413732714,"Real","train","Dirichlet","d",3.63162658705818,2.00785257943058
0.275281354805764,0.0767104066337841,"Real","train","Dirichlet","d",3.63162658705818,2.00785257943058
0.588954175571925,-0.00639980265060197,"Real","train","Dirichlet","d",3.63162658705818,2.00785257943058
-0.330157375345579,0.164935420460123,"Real","train","Dirichlet","d",3.63162658705818,2.00785257943058
0.611840764143987,-0.02894377736137,"Real","train","Dirichlet","d",3.63162658705818,2.00785257943058
0.853781751652394,-0.0499822891655844,"Real","train","Dirichlet","d",3.63162658705818,2.00785257943058
0.147817152745375,-0.277111990367043,"Real","train","Dirichlet","d",3.63162658705818,2.00785257943058
0.891275015678609,-0.00180168783369095,"Real","train","Dirichlet","d",3.63162658705818,2.00785257943058
-0.405071466785598,0.153275906577031,"Real","train","Dirichlet","d",3.63162658705818,2.00785257943058
-0.380766202578672,-1.28447041373386,"Real","train","Dirichlet","d",3.63162658705818,2.00785257943058
0.64168140662733,0.00282169563067292,"Real","train","Dirichlet","d",3.63162658705818,2.00785257943058
0.16450238925897,0.237816520628922,"Real","train","Dirichlet","d",3.63162658705818,2.00785257943058
0.110408376845332,0.129560821349275,"Real","train","Dirichlet","d",3.63162658705818,2.00785257943058
0.0105281683700551,-1.03377052024574,"Real","train","Dirichlet","d",3.63162658705818,2.00785257943058
0.633999696942581,-0.020701124006811,"Real","train","Dirichlet","d",3.63162658705818,2.00785257943058
0.43285725719818,-0.155474929767239,"Real","train","Dirichlet","d",3.63162658705818,2.00785257943058
0.363402566070134,0.157745525929905,"Real","train","Dirichlet","d",3.63162658705818,2.00785257943058
0.614924758307133,0.0606439999577254,"Real","train","Dirichlet","d",3.63162658705818,2.00785257943058
0.2535130811336,0.282373709738754,"Real","train","Dirichlet","d",3.63162658705818,2.00785257943058
-0.302323362616065,0.18078578719529,"Real","train","Dirichlet","d",3.63162658705818,2.00785257943058
-0.109268027522409,0.174320336520986,"Real","train","Dirichlet","d",3.63162658705818,2.00785257943058
-0.0247709051118644,0.00848932548778258,"Real","train","Dirichlet","d",3.63162658705818,2.00785257943058
0.871206722099233,0.0260987159239446,"Real","train","Dirichlet","d",3.63162658705818,2.00785257943058
-0.102951941207691,0.122515904494937,"Real","train","Dirichlet","d",3.63162658705818,2.00785257943058
-0.263670934849116,0.165475976226532,"Real","train","Dirichlet","d",3.63162658705818,2.00785257943058
0.547242002351102,0.00885466261113202,"Real","train","Dirichlet","d",3.63162658705818,2.00785257943058
0.456695945102566,-0.147893454955433,"Real","train","Dirichlet","d",3.63162658705818,2.00785257943058
0.860356981396995,-0.0170033318843539,"Real","train","Dirichlet","d",3.63162658705818,2.00785257943058
0.530174231140229,0.0240811878669706,"Real","train","Dirichlet","d",3.63162658705818,2.00785257943058
0.616648391340604,-0.0321765604882876,"Real","train","Dirichlet","d",3.63162658705818,2.00785257943058
0.179315154450854,0.00705512222301413,"Real","train","Dirichlet","d",3.63162658705818,2.00785257943058
0.891535669779162,-0.0342907346258086,"Real","train","Dirichlet","d",3.63162658705818,2.00785257943058
0.377380965236816,-0.039205216275564,"Real","train","Dirichlet","d",3.63162658705818,2.00785257943058
-0.104778869398604,0.277147220342008,"Real","train","Dirichlet","d",3.63162658705818,2.00785257943058
0.177657538495889,0.295124754707329,"Real","train","Dirichlet","d",3.63162658705818,2.00785257943058
0.577423759904383,0.116580201442394,"Real","train","Dirichlet","d",3.63162658705818,2.00785257943058
0.779173948361034,-0.0165352202143525,"Real","train","Dirichlet","d",3.63162658705818,2.00785257943058
-0.431364394307656,0.0846926909445427,"Real","train","Dirichlet","d",3.63162658705818,2.00785257943058
0.314515034585966,0.175045843164621,"Real","train","Dirichlet","d",3.63162658705818,2.00785257943058
0.650408653613841,-0.124343117946273,"Real","train","Dirichlet","d",3.63162658705818,2.00785257943058
-0.266285677014688,-1.30195209200887,"Real","train","Dirichlet","d",3.63162658705818,2.00785257943058
-0.375807414783305,0.0317925691266563,"Real","train","Dirichlet","d",3.63162658705818,2.00785257943058
0.502401087762207,0.0886998462613292,"Real","train","Dirichlet","d",3.63162658705818,2.00785257943058
0.415493617391844,0.0983275659445401,"Real","train","Dirichlet","d",3.63162658705818,2.00785257943058
0.394894558209449,-0.018093858307431,"Real","train","Dirichlet","d",3.63162658705818,2.00785257943058
0.225839581562746,0.185459615967682,"Real","train","Dirichlet","d",3.63162658705818,2.00785257943058
0.376083124707271,0.0622964512593408,"Real","train","Dirichlet","d",3.63162658705818,2.00785257943058
-0.473838377363854,0.144931974494335,"Real","train","Dirichlet","d",3.63162658705818,2.00785257943058
-0.385942257444407,0.0651711798635654,"Real","train","Dirichlet","d",3.63162658705818,2.00785257943058
0.454689118000723,0.016828066419582,"Real","train","Dirichlet","d",3.63162658705818,2.00785257943058
-0.396438597887827,-1.30107824624655,"Real","train","Dirichlet","d",3.63162658705818,2.00785257943058
0.675471151010792,-0.0612009556670849,"Real","train","Dirichlet","d",3.63162658705818,2.00785257943058
-0.0989729287574217,-1.04267795708531,"Real","train","Dirichlet","d",3.63162658705818,2.00785257943058
-0.291001400785212,0.16350812221637,"Real","train","Dirichlet","d",3.63162658705818,2.00785257943058
0.210627854495761,0.146577461417836,"Real","train","Dirichlet","d",3.63162658705818,2.00785257943058
0.486945199091716,-0.06339171187659,"Real","train","Dirichlet","d",3.63162658705818,2.00785257943058
0.703436830415577,0.0385670488394403,"Real","train","Dirichlet","d",3.63162658705818,2.00785257943058
-0.456275277247689,-1.22638755708507,"Real","train","Dirichlet","d",3.63162658705818,2.00785257943058
-0.459501167493352,0.0742841805628623,"Real","train","Dirichlet","d",3.63162658705818,2.00785257943058
-0.453336079357596,0.111475319443874,"Real","train","Dirichlet","d",3.63162658705818,2.00785257943058
0.509565845960167,-0.10464844903047,"Real","train","Dirichlet","d",3.63162658705818,2.00785257943058
0.201769313519413,0.259158771865938,"Real","train","Dirichlet","d",3.63162658705818,2.00785257943058
-0.245917189014997,0.1550923562442,"Real","train","Dirichlet","d",3.63162658705818,2.00785257943058
0.378482868070275,0.00902171561608305,"Real","train","Dirichlet","d",3.63162658705818,2.00785257943058
-0.105264591606093,-0.675143808913963,"Real","train","Dirichlet","d",3.63162658705818,2.00785257943058
-0.396518685035072,0.158519996176632,"Real","train","Dirichlet","d",3.63162658705818,2.00785257943058
0.52703218012165,-0.0217890220357076,"Real","train","Dirichlet","d",3.63162658705818,2.00785257943058
0.571538889687042,0.0135301167083847,"Real","train","Dirichlet","d",3.63162658705818,2.00785257943058
0.760722061736546,-0.0311147093960642,"Real","train","Dirichlet","d",3.63162658705818,2.00785257943058
0.356699049245345,0.0785049040929499,"Real","train","Dirichlet","d",3.63162658705818,2.00785257943058
-0.164998545149563,-1.23085176261946,"Real","train","Dirichlet","d",3.63162658705818,2.00785257943058
0.749606521738991,-0.0973963286720073,"Real","train","Dirichlet","d",3.63162658705818,2.00785257943058
0.0882942630013047,0.0734234578712434,"Real","train","Dirichlet","d",3.63162658705818,2.00785257943058
-0.0867719503009577,0.178777853732013,"Real","train","Dirichlet","d",3.63162658705818,2.00785257943058
-0.00790646176244665,0.164967530325097,"Real","train","Dirichlet","d",3.63162658705818,2.00785257943058
0.467031984898647,-0.0255732426126844,"Real","train","Dirichlet","d",3.63162658705818,2.00785257943058
-0.342995122716863,0.209249263324892,"Real","train","Dirichlet","d",3.63162658705818,2.00785257943058
0.639498254570172,0.118435790655487,"Real","train","Dirichlet","d",3.63162658705818,2.00785257943058
-0.457746230637508,0.227547403011436,"Real","train","Dirichlet","d",3.63162658705818,2.00785257943058
0.143785909789917,0.272779437592889,"Real","train","Dirichlet","d",3.63162658705818,2.00785257943058
0.697514204244563,0.0508202866042337,"Real","train","Dirichlet","d",3.63162658705818,2.00785257943058
0.0955082454407146,0.239448846820365,"Real","train","Dirichlet","d",3.63162658705818,2.00785257943058
-0.00273280341673384,-0.845014753342035,"Real","train","Dirichlet","d",3.63162658705818,2.00785257943058
-0.292076430781827,-0.90075546304842,"Real","train","Dirichlet","d",3.63162658705818,2.00785257943058
0.0580381767791551,0.300225233355295,"Real","train","Dirichlet","d",3.63162658705818,2.00785257943058
0.0582115647485217,0.280555374908712,"Real","train","Dirichlet","d",3.63162658705818,2.00785257943058
-0.132828688520938,0.0726277507163036,"Real","train","Dirichlet","d",3.63162658705818,2.00785257943058
0.0426302599613341,0.156752978744232,"Real","train","Dirichlet","d",3.63162658705818,2.00785257943058
0.804599534515472,0.0134049481397894,"Real","train","Dirichlet","d",3.63162658705818,2.00785257943058
-0.0851349212849734,-1.16863037322061,"Real","train","Dirichlet","d",3.63162658705818,2.00785257943058
0.562570222238063,0.0665481343596063,"Real","train","Dirichlet","d",3.63162658705818,2.00785257943058
0.718906509571822,0.050451591063569,"Real","train","Dirichlet","d",3.63162658705818,2.00785257943058
0.674383348864583,-0.115029535430719,"Real","train","Dirichlet","d",3.63162658705818,2.00785257943058
0.30777336318694,0.062603273688246,"Real","train","Dirichlet","d",3.63162658705818,2.00785257943058
-0.0751152163198778,-0.0741038443074374,"Real","train","Dirichlet","d",3.63162658705818,2.00785257943058
0.290195898420223,-0.22148503594829,"Real","train","Dirichlet","d",3.63162658705818,2.00785257943058
0.732666134023977,0.0827370170687292,"Real","train","Dirichlet","d",3.63162658705818,2.00785257943058
0.642885096867044,-0.14721899826382,"Real","train","Dirichlet","d",3.63162658705818,2.00785257943058
-0.435669026986396,0.185753074852484,"Real","train","Dirichlet","d",3.63162658705818,2.00785257943058
-0.0372998404216148,0.0829766523875055,"Real","train","Dirichlet","d",3.63162658705818,2.00785257943058
0.548373188025693,-0.131080114407862,"Real","train","Dirichlet","d",3.63162658705818,2.00785257943058
-0.409893881175653,0.0912942377124697,"Real","train","Dirichlet","d",3.63162658705818,2.00785257943058
-1.07086687616636e-08,-0.0188602026390583,"Real","train","Dirichlet","d",3.63162658705818,2.00785257943058
0.103429973859391,0.272770511896446,"Real","train","Dirichlet","d",3.63162658705818,2.00785257943058
-0.12796296070132,-1.28530883702585,"Real","train","Dirichlet","d",3.63162658705818,2.00785257943058
0.152523950874724,0.229735255028353,"Real","train","Dirichlet","d",3.63162658705818,2.00785257943058
-0.56303513920111,0.15491143394635,"Real","train","Dirichlet","d",3.63162658705818,2.00785257943058
0.64669148378188,-0.115488440929901,"Real","train","Dirichlet","d",3.63162658705818,2.00785257943058
-0.460893225554875,0.136844390034208,"Real","train","Dirichlet","d",3.63162658705818,2.00785257943058
-0.278786928254184,-1.01940535401055,"Real","train","Dirichlet","d",3.63162658705818,2.00785257943058
0.780338151045735,-0.0389530515065117,"Real","train","Dirichlet","d",3.63162658705818,2.00785257943058
0.348793220521617,-0.0167070096803455,"Real","train","Dirichlet","d",3.63162658705818,2.00785257943058
0.397955478358318,0.0786570448672975,"Real","train","Dirichlet","d",3.63162658705818,2.00785257943058
0.602279114815878,-0.0689013574912079,"Real","train","Dirichlet","d",3.63162658705818,2.00785257943058
-0.159761584660726,-0.7082504579485,"Real","train","Dirichlet","d",3.63162658705818,2.00785257943058
0.560012670568557,0.0964264170434852,"Real","train","Dirichlet","d",3.63162658705818,2.00785257943058
0.818089671664545,0.00646326340630136,"Real","train","Dirichlet","d",3.63162658705818,2.00785257943058
-0.257834682747419,0.153841060695504,"Real","train","Dirichlet","d",3.63162658705818,2.00785257943058
-0.249106738367552,0.15930272245713,"Real","train","Dirichlet","d",3.63162658705818,2.00785257943058
0.504687961877417,0.017365426719422,"Real","train","Dirichlet","d",3.63162658705818,2.00785257943058
-0.0477015453897363,-1.19682900313164,"Real","train","Dirichlet","d",3.63162658705818,2.00785257943058
0.679024943971913,-0.0678623618276382,"Real","train","Dirichlet","d",3.63162658705818,2.00785257943058
0.847808831366173,0.0597657625105583,"Real","train","Dirichlet","d",3.63162658705818,2.00785257943058
0.409240035990423,0.021159420607301,"Real","train","Dirichlet","d",3.63162658705818,2.00785257943058
0.784343601383237,-0.00442653290245492,"Real","train","Dirichlet","d",3.63162658705818,2.00785257943058
0.635183736301349,-0.00468763500543695,"Real","train","Dirichlet","d",3.63162658705818,2.00785257943058
0.73693006281396,0.066792510614383,"Real","train","Dirichlet","d",3.63162658705818,2.00785257943058
0.604518263881225,0.0403654111789405,"Real","train","Dirichlet","d",3.63162658705818,2.00785257943058
0.24625568458528,0.0402718762195215,"Real","train","Dirichlet","d",3.63162658705818,2.00785257943058
-0.350346855160022,-1.30809523146405,"Real","train","Dirichlet","d",3.63162658705818,2.00785257943058
0.64709123049495,-0.0673767658953138,"Real","train","Dirichlet","d",3.63162658705818,2.00785257943058
0.117363161779396,-0.479892382145238,"Real","train","Dirichlet","d",3.63162658705818,2.00785257943058
0.590171829703541,-0.22256557753931,"Real","train","Dirichlet","d",3.63162658705818,2.00785257943058
-0.159753994453108,-1.31161444992613,"Real","train","Dirichlet","d",3.63162658705818,2.00785257943058
0.0315521910971179,0.293895635238758,"Real","train","Dirichlet","d",3.63162658705818,2.00785257943058
0.395170736291252,-0.0633975746621212,"Real","train","Dirichlet","d",3.63162658705818,2.00785257943058
-0.271517524704175,-1.33684318525403,"Real","train","Dirichlet","d",3.63162658705818,2.00785257943058
0.112600198995805,0.219934451052409,"Real","train","Dirichlet","d",3.63162658705818,2.00785257943058
0.802208273749541,0.0319019019327565,"Real","train","Dirichlet","d",3.63162658705818,2.00785257943058
-0.197798948172445,0.21383456102217,"Real","train","Dirichlet","d",3.63162658705818,2.00785257943058
0.0297260198809874,0.0149622491303088,"Real","train","Dirichlet","d",3.63162658705818,2.00785257943058
-0.0584560575682849,0.0894940614891213,"Real","train","Dirichlet","d",3.63162658705818,2.00785257943058
0.767899026934493,-0.0956088834944205,"Real","train","Dirichlet","d",3.63162658705818,2.00785257943058
0.43374547184492,-0.00400410668859123,"Real","train","Dirichlet","d",3.63162658705818,2.00785257943058
0.654743261236672,-0.122254727966675,"Real","train","Dirichlet","d",3.63162658705818,2.00785257943058
0.780330357402932,0.0209634206415481,"Real","train","Dirichlet","d",3.63162658705818,2.00785257943058
-0.31688127049104,0.246795941603558,"Real","train","Dirichlet","d",3.63162658705818,2.00785257943058
0.246307188750986,0.0827447099220092,"Real","train","Dirichlet","d",3.63162658705818,2.00785257943058
0.636631786400726,0.0779337690539443,"Real","train","Dirichlet","d",3.63162658705818,2.00785257943058
0.46874164161258,0.172218441272223,"Real","train","Dirichlet","d",3.63162658705818,2.00785257943058
0.660974345414146,0.104255253609797,"Real","train","Dirichlet","d",3.63162658705818,2.00785257943058
0.569849931697835,0.029795726225775,"Real","train","Dirichlet","d",3.63162658705818,2.00785257943058
0.646352532516338,0.0422406044291958,"Real","train","Dirichlet","d",3.63162658705818,2.00785257943058
-0.407415256356474,0.120974949034607,"Real","train","Dirichlet","d",3.63162658705818,2.00785257943058
0.430378602359486,0.0256334012353449,"Real","train","Dirichlet","d",3.63162658705818,2.00785257943058
0.0903590682089621,0.280466229917699,"Real","train","Dirichlet","d",3.63162658705818,2.00785257943058
0.0857226087047903,0.17660082223044,"Real","train","Dirichlet","d",3.63162658705818,2.00785257943058
0.414876430892965,-0.0259019714054787,"Real","train","Dirichlet","d",3.63162658705818,2.00785257943058
-0.318048523621007,0.0766582697507706,"Real","train","Dirichlet","d",3.63162658705818,2.00785257943058
0.716950751786067,-0.161135438561032,"Real","train","Dirichlet","d",3.63162658705818,2.00785257943058
-0.282003075569891,0.18060691892632,"Real","train","Dirichlet","d",3.63162658705818,2.00785257943058
-0.288099966012391,0.0815939334978366,"Real","train","Dirichlet","d",3.63162658705818,2.00785257943058
-0.191202989466281,-0.0565725597452453,"Real","train","Dirichlet","d",3.63162658705818,2.00785257943058
-0.37804503064324,0.232844825550578,"Real","train","Dirichlet","d",3.63162658705818,2.00785257943058
0.244165410841083,0.0632613648696989,"Real","train","Dirichlet","d",3.63162658705818,2.00785257943058
0.675288786064958,-0.110792487631449,"Real","train","Dirichlet","d",3.63162658705818,2.00785257943058
-0.49585153654145,0.208796007993192,"Real","train","Dirichlet","d",3.63162658705818,2.00785257943058
-0.0569457878282143,0.0667326314548161,"Real","train","Dirichlet","d",3.63162658705818,2.00785257943058
0.5556576864161,-0.0244705151657667,"Real","train","Dirichlet","d",3.63162658705818,2.00785257943058
0.542840334097362,0.100672295031731,"Real","train","Dirichlet","d",3.63162658705818,2.00785257943058
-0.229689857892754,-1.20513639581698,"Real","train","Dirichlet","d",3.63162658705818,2.00785257943058
0.300135387479058,-0.0493796136181274,"Real","train","Dirichlet","d",3.63162658705818,2.00785257943058
0.0028251395652345,0.367484828387901,"Real","train","Dirichlet","d",3.63162658705818,2.00785257943058
-0.414684971262667,-1.04549685871258,"Real","train","Dirichlet","d",3.63162658705818,2.00785257943058
-0.108925652898752,-1.23140825955487,"Real","train","Dirichlet","d",3.63162658705818,2.00785257943058
0.558379375957808,0.0631573798290097,"Real","train","Dirichlet","d",3.63162658705818,2.00785257943058
0.244249042969235,-0.0476800442675971,"Real","train","Dirichlet","d",3.63162658705818,2.00785257943058
-0.496500916120948,0.186666138925297,"Real","train","Dirichlet","d",3.63162658705818,2.00785257943058
0.19111500551614,-0.00535468820056344,"Real","train","Dirichlet","d",3.63162658705818,2.00785257943058
0.0807298129370037,0.141834752307471,"Real","train","Dirichlet","d",3.63162658705818,2.00785257943058
0.53546038535737,-0.00981210010427068,"Real","train","Dirichlet","d",3.63162658705818,2.00785257943058
0.735559209821611,0.0195460603906712,"Real","train","Dirichlet","d",3.63162658705818,2.00785257943058
0.0138332880698046,0.094108068985809,"Real","train","Dirichlet","d",3.63162658705818,2.00785257943058
0.317500011894877,0.059553521542148,"Real","train","Dirichlet","d",3.63162658705818,2.00785257943058
0.145868700717403,0.229529693790572,"Real","train","Dirichlet","d",3.63162658705818,2.00785257943058
-0.434110962225758,0.191252261496136,"Real","train","Dirichlet","d",3.63162658705818,2.00785257943058
-0.243635615107508,0.146717175257232,"Real","train","Dirichlet","d",3.63162658705818,2.00785257943058
0.548552571725033,-0.00948284444613758,"Real","train","Dirichlet","d",3.63162658705818,2.00785257943058
-0.000386384247870131,0.234976231211561,"Real","train","Dirichlet","d",3.63162658705818,2.00785257943058
-0.19720282820791,-0.727276129122628,"Real","train","Dirichlet","d",3.63162658705818,2.00785257943058
0.362846967187131,0.0839754679814973,"Real","train","Dirichlet","d",3.63162658705818,2.00785257943058
-0.304276049169699,0.123258861309948,"Real","train","Dirichlet","d",3.63162658705818,2.00785257943058
0.0904426873601065,0.0796638760668042,"Real","train","Dirichlet","d",3.63162658705818,2.00785257943058
0.768110113302692,0.0296238608757508,"Real","train","Dirichlet","d",3.63162658705818,2.00785257943058
0.207777744135587,0.254467846039805,"Real","train","Dirichlet","d",3.63162658705818,2.00785257943058
0.764382227570869,-0.0864411710689651,"Real","train","Dirichlet","d",3.63162658705818,2.00785257943058
0.209314201533522,0.0996743500160116,"Real","train","Dirichlet","d",3.63162658705818,2.00785257943058
0.739825811731033,-0.04455997526354,"Real","train","Dirichlet","d",3.63162658705818,2.00785257943058
-0.375299393029326,0.0648039568022175,"Real","train","Dirichlet","d",3.63162658705818,2.00785257943058
0.636684774520697,0.00998423806416966,"Real","train","Dirichlet","d",3.63162658705818,2.00785257943058
0.185684710995955,0.0297856927753925,"Real","train","Dirichlet","d",3.63162658705818,2.00785257943058
0.680717456314674,-0.0706935414789913,"Real","train","Dirichlet","d",3.63162658705818,2.00785257943058
0.642081191683325,-0.10096351656045,"Real","train","Dirichlet","d",3.63162658705818,2.00785257943058
0.0439591009408813,0.357618494752484,"Real","train","Dirichlet","d",3.63162658705818,2.00785257943058
-0.184128705586442,0.200626579818416,"Real","train","Dirichlet","d",3.63162658705818,2.00785257943058
0.14021953993039,0.234311362489905,"Real","train","Dirichlet","d",3.63162658705818,2.00785257943058
0.353399602464314,0.0835858385695904,"Real","train","Dirichlet","d",3.63162658705818,2.00785257943058
0.819141465960997,0.0040537885182476,"Real","train","Dirichlet","d",3.63162658705818,2.00785257943058
0.147548092427871,0.227461315315357,"Real","train","Dirichlet","d",3.63162658705818,2.00785257943058
-0.145478649439575,-1.21853870233083,"Real","train","Dirichlet","d",3.63162658705818,2.00785257943058
0.210938400157171,0.0630073126763007,"Real","train","Dirichlet","d",3.63162658705818,2.00785257943058
-0.090537268852215,-0.320353548068127,"Real","train","Dirichlet","d",3.63162658705818,2.00785257943058
0.411219925687934,-0.0677493606055685,"Real","train","Dirichlet","d",3.63162658705818,2.00785257943058
0.068840321856489,-1.095786018198,"Real","train","Dirichlet","d",3.63162658705818,2.00785257943058
-0.0893605100067253,0.248060308524609,"Real","train","Dirichlet","d",3.63162658705818,2.00785257943058
-0.520919081174848,0.12927885914623,"Real","train","Dirichlet","d",3.63162658705818,2.00785257943058
0.0117059752525391,-0.0233413747083929,"Real","train","Dirichlet","d",3.63162658705818,2.00785257943058
0.402140143765713,0.0300959427889125,"Real","train","Dirichlet","d",3.63162658705818,2.00785257943058
-0.264214525865662,0.171896518914024,"Real","train","Dirichlet","d",3.63162658705818,2.00785257943058
0.669334150389463,0.0757536647354285,"Real","train","Dirichlet","d",3.63162658705818,2.00785257943058
0.315843949843254,0.223584026863223,"Real","train","Dirichlet","d",3.63162658705818,2.00785257943058
0.21204391626641,0.0476298264264859,"Real","train","Dirichlet","d",3.63162658705818,2.00785257943058
0.3975188594804,0.13788198810339,"Real","train","Dirichlet","d",3.63162658705818,2.00785257943058
-0.478736692468221,-1.2811107192979,"Real","train","Dirichlet","d",3.63162658705818,2.00785257943058
0.272522148820739,0.0453156306212488,"Real","train","Dirichlet","d",3.63162658705818,2.00785257943058
-0.335805222644019,0.100119548424375,"Real","train","Dirichlet","d",3.63162658705818,2.00785257943058
0.027741487755319,0.021765333829492,"Real","train","Dirichlet","d",3.63162658705818,2.00785257943058
0.0846259402397084,0.117364626050841,"Real","train","Dirichlet","d",3.63162658705818,2.00785257943058
0.822927617933341,0.0464713844177522,"Real","train","Dirichlet","d",3.63162658705818,2.00785257943058
0.589199914042604,-0.130964836276821,"Real","train","Dirichlet","d",3.63162658705818,2.00785257943058
0.213771416972083,2.43854355192731e-05,"Real","train","Dirichlet","d",3.63162658705818,2.00785257943058
0.604157098113103,0.0555459518647519,"Real","train","Dirichlet","d",3.63162658705818,2.00785257943058
0.0427134182387481,0.147728193226792,"Real","train","Dirichlet","d",3.63162658705818,2.00785257943058
0.834896042993168,-0.010493318983496,"Real","train","Dirichlet","d",3.63162658705818,2.00785257943058
0.800969260321178,-0.0168830969691027,"Real","train","Dirichlet","d",3.63162658705818,2.00785257943058
0.497503436131641,-0.0456851293037297,"Real","train","Dirichlet","d",3.63162658705818,2.00785257943058
0.5737172748203,-0.108400704667951,"Real","train","Dirichlet","d",3.63162658705818,2.00785257943058
-0.100165196713441,0.0578938445231538,"Real","train","Dirichlet","d",3.63162658705818,2.00785257943058
-0.293461863241292,0.140483324863923,"Real","train","Dirichlet","d",3.63162658705818,2.00785257943058
-0.203576498236149,-1.25896562679985,"Real","train","Dirichlet","d",3.63162658705818,2.00785257943058
0.152688204054912,0.330779228243506,"Real","train","Dirichlet","d",3.63162658705818,2.00785257943058
-0.329706811396173,-1.28365004629206,"Real","train","Dirichlet","d",3.63162658705818,2.00785257943058
-0.0907566724241392,0.122842945486943,"Real","train","Dirichlet","d",3.63162658705818,2.00785257943058
0.420076782035051,-0.0634019425231767,"Real","train","Dirichlet","d",3.63162658705818,2.00785257943058
0.261128231966978,0.0457636469605267,"Real","train","Dirichlet","d",3.63162658705818,2.00785257943058
-0.142031730872724,-1.09768942784752,"Real","train","Dirichlet","d",3.63162658705818,2.00785257943058
0.300290022802883,-0.03533162263595,"Real","train","Dirichlet","d",3.63162658705818,2.00785257943058
-0.279009984545172,0.191789871324906,"Real","train","Dirichlet","d",3.63162658705818,2.00785257943058
0.322649969474486,-0.0466740191289235,"Real","train","Dirichlet","d",3.63162658705818,2.00785257943058
-0.462034896695958,-1.21275036224618,"Real","train","Dirichlet","d",3.63162658705818,2.00785257943058
-0.42615869819573,0.199320519927503,"Real","train","Dirichlet","d",3.63162658705818,2.00785257943058
-0.354596750916767,-1.30626695003877,"Real","train","Dirichlet","d",3.63162658705818,2.00785257943058
0.429342366337273,-0.00360629096508868,"Real","train","Dirichlet","d",3.63162658705818,2.00785257943058
-0.537052325086805,0.142905061224525,"Real","train","Dirichlet","d",3.63162658705818,2.00785257943058
0.667945097238877,-0.000131650240319104,"Real","train","Dirichlet","d",3.63162658705818,2.00785257943058
-0.448027713931138,0.199498685100918,"Real","train","Dirichlet","d",3.63162658705818,2.00785257943058
0.192704853520447,0.147120177908326,"Real","train","Dirichlet","d",3.63162658705818,2.00785257943058
0.203022556704522,0.0617163970383282,"Real","train","Dirichlet","d",3.63162658705818,2.00785257943058
0.625590434374512,0.0947549065203691,"Real","train","Dirichlet","d",3.63162658705818,2.00785257943058
0.641550068104513,0.0726369148811616,"Real","train","Dirichlet","d",3.63162658705818,2.00785257943058
0.104835870834243,0.255252522376288,"Real","train","Dirichlet","d",3.63162658705818,2.00785257943058
0.0206077211064963,0.341794603870787,"Real","train","Dirichlet","d",3.63162658705818,2.00785257943058
0.515851087142706,0.00845638391675516,"Real","train","Dirichlet","d",3.63162658705818,2.00785257943058
-0.467591054129329,0.199469753163414,"Real","train","Dirichlet","d",3.63162658705818,2.00785257943058
0.663889789133222,-0.0228747819970813,"Real","train","Dirichlet","d",3.63162658705818,2.00785257943058
0.782401014394548,-0.0229057746844764,"Real","train","Dirichlet","d",3.63162658705818,2.00785257943058
0.0701146643597015,0.181180146018106,"Real","train","Dirichlet","d",3.63162658705818,2.00785257943058
-0.275218299215512,0.155202603279259,"Real","train","Dirichlet","d",3.63162658705818,2.00785257943058
0.84486941282851,-0.00395936377664124,"Real","train","Dirichlet","d",3.63162658705818,2.00785257943058
0.06672665548746,-1.23888548551556,"Real","train","Dirichlet","d",3.63162658705818,2.00785257943058
0.606304599144398,-0.0847470025925808,"Real","train","Dirichlet","d",3.63162658705818,2.00785257943058
-0.0928701890071134,-0.646161735956272,"Real","train","Dirichlet","d",3.63162658705818,2.00785257943058
0.365632730440668,0.159712324081173,"Real","train","Dirichlet","d",3.63162658705818,2.00785257943058
0.193971948901672,0.151391894961807,"Real","train","Dirichlet","d",3.63162658705818,2.00785257943058
0.43483227088081,0.117511131226897,"Real","train","Dirichlet","d",3.63162658705818,2.00785257943058
-0.361401166469635,0.00980980844737474,"Real","train","Dirichlet","d",3.63162658705818,2.00785257943058
-0.342376094324728,-1.26826340411392,"Real","train","Dirichlet","d",3.63162658705818,2.00785257943058
0.212557573182553,0.0311505504529467,"Real","train","Dirichlet","d",3.63162658705818,2.00785257943058
0.570381918301459,-0.124315647460935,"Real","train","Dirichlet","d",3.63162658705818,2.00785257943058
0.686595627051134,0.0466533398848077,"Real","train","Dirichlet","d",3.63162658705818,2.00785257943058
0.609985887979815,-0.117860077811,"Real","train","Dirichlet","d",3.63162658705818,2.00785257943058
-0.46073422494633,0.206444203986061,"Real","train","Dirichlet","d",3.63162658705818,2.00785257943058
0.0340809981503599,0.197929745838612,"Real","train","Dirichlet","d",3.63162658705818,2.00785257943058
-0.142259227847286,-1.28623078840253,"Real","train","Dirichlet","d",3.63162658705818,2.00785257943058
-0.0519901786197282,0.109422622748218,"Real","train","Dirichlet","d",3.63162658705818,2.00785257943058
0.700624583971076,-0.0391433504581576,"Real","train","Dirichlet","d",3.63162658705818,2.00785257943058
0.721974542734418,-0.0436870018247479,"Real","train","Dirichlet","d",3.63162658705818,2.00785257943058
-0.48437686548712,0.112948491169036,"Real","train","Dirichlet","d",3.63162658705818,2.00785257943058
-0.328530560175297,-1.0214324076996,"Real","train","Dirichlet","d",3.63162658705818,2.00785257943058
0.0322692315955986,0.254914151699087,"Real","train","Dirichlet","d",3.63162658705818,2.00785257943058
0.520241999083856,0.01816173827962,"Real","train","Dirichlet","d",3.63162658705818,2.00785257943058
-0.0845769622167304,-0.0253057314462328,"Real","train","Dirichlet","d",3.63162658705818,2.00785257943058
-0.364108549079293,0.0123427374036356,"Real","train","Dirichlet","d",3.63162658705818,2.00785257943058
0.716465683881699,0.0382776377666853,"Real","train","Dirichlet","d",3.63162658705818,2.00785257943058
-0.265821955031683,0.15942615327911,"Real","train","Dirichlet","d",3.63162658705818,2.00785257943058
0.192448707079973,-0.33625849334853,"Real","train","Dirichlet","d",3.63162658705818,2.00785257943058
-0.338394013294261,0.0459949556400505,"Real","train","Dirichlet","d",3.63162658705818,2.00785257943058
0.462009258132797,-0.0903784509857172,"Real","train","Dirichlet","d",3.63162658705818,2.00785257943058
0.195186182180756,0.0911405051368469,"Real","train","Dirichlet","d",3.63162658705818,2.00785257943058
0.457503620365984,-0.0230635676935835,"Real","train","Dirichlet","d",3.63162658705818,2.00785257943058
0.766173442149941,0.0470365649185095,"Real","train","Dirichlet","d",3.63162658705818,2.00785257943058
0.927245184219496,-0.0196362698835329,"Real","train","Dirichlet","d",3.63162658705818,2.00785257943058
0.074962218983396,0.116648398442472,"Real","train","Dirichlet","d",3.63162658705818,2.00785257943058
0.0431351034689442,0.272752209823576,"Real","train","Dirichlet","d",3.63162658705818,2.00785257943058
0.715663302548651,0.0236831875548674,"Real","train","Dirichlet","d",3.63162658705818,2.00785257943058
-0.0749780365541533,0.112816080851053,"Real","train","Dirichlet","d",3.63162658705818,2.00785257943058
0.624617954971167,-0.0116093033083199,"Real","train","Dirichlet","d",3.63162658705818,2.00785257943058
0.633978406209683,-0.0197871161347234,"Real","train","Dirichlet","d",3.63162658705818,2.00785257943058
0.361270556464308,-0.00529466963388154,"Real","train","Dirichlet","d",3.63162658705818,2.00785257943058
0.503824824479554,-0.163197137894313,"Real","train","Dirichlet","d",3.63162658705818,2.00785257943058
-0.308736890684237,-1.30747830833862,"Real","train","Dirichlet","d",3.63162658705818,2.00785257943058
0.911533601769451,0.0165278382410864,"Real","train","Dirichlet","d",3.63162658705818,2.00785257943058
0.635732657194888,0.0367428591944276,"Real","train","Dirichlet","d",3.63162658705818,2.00785257943058
0.768699324109256,0.0624415974376712,"Real","train","Dirichlet","d",3.63162658705818,2.00785257943058
0.531416712110673,-0.0695480357518118,"Real","train","Dirichlet","d",3.63162658705818,2.00785257943058
0.229877520652466,-0.375970179108307,"Real","train","Dirichlet","d",3.63162658705818,2.00785257943058
0.637829372531697,0.0892734743269865,"Real","train","Dirichlet","d",3.63162658705818,2.00785257943058
-0.454441584044801,0.16923271973179,"Real","train","Dirichlet","d",3.63162658705818,2.00785257943058
0.089639365972245,0.0695835618348588,"Real","train","Dirichlet","d",3.63162658705818,2.00785257943058
-0.196834649328385,0.24014247664671,"Real","train","Dirichlet","d",3.63162658705818,2.00785257943058
0.19106006257927,0.161430746896641,"Real","train","Dirichlet","d",3.63162658705818,2.00785257943058
0.741703254575965,-0.0155216625737097,"Real","train","Dirichlet","d",3.63162658705818,2.00785257943058
0.70932898892231,0.0861496410784625,"Real","train","Dirichlet","d",3.63162658705818,2.00785257943058
0.127396872986852,0.283647084815995,"Real","train","Dirichlet","d",3.63162658705818,2.00785257943058
0.631619524670303,0.000393556265550406,"Real","train","Dirichlet","d",3.63162658705818,2.00785257943058
0.0841076799636274,0.0357557225695405,"Real","train","Dirichlet","d",3.63162658705818,2.00785257943058
-0.344714038767687,0.254964144535879,"Real","train","Dirichlet","d",3.63162658705818,2.00785257943058
-0.29675946762591,0.202179002402185,"Real","train","Dirichlet","d",3.63162658705818,2.00785257943058
0.44057976217428,-0.0948664541923435,"Real","train","Dirichlet","d",3.63162658705818,2.00785257943058
0.288395141637602,0.276444983878937,"Real","train","Dirichlet","d",3.63162658705818,2.00785257943058
0.460042604496421,0.072124430818472,"Real","train","Dirichlet","d",3.63162658705818,2.00785257943058
-0.141086313139703,0.177194874247222,"Real","train","Dirichlet","d",3.63162658705818,2.00785257943058
-0.336193588623816,-1.27771583439058,"Real","train","Dirichlet","d",3.63162658705818,2.00785257943058
0.0783634034793428,-0.0529120946176817,"Real","train","Dirichlet","d",3.63162658705818,2.00785257943058
0.451802159456956,-0.0180057044443744,"Real","train","Dirichlet","d",3.63162658705818,2.00785257943058
0.109796489579795,0.108097994189428,"Real","train","Dirichlet","d",3.63162658705818,2.00785257943058
-0.0776425571189059,0.0925124976883778,"Real","train","Dirichlet","d",3.63162658705818,2.00785257943058
0.639272461542514,-0.110247604816701,"Real","train","Dirichlet","d",3.63162658705818,2.00785257943058
-0.271779151304683,0.162693529244996,"Real","train","Dirichlet","d",3.63162658705818,2.00785257943058
-0.291885088045892,0.208146406082162,"Real","train","Dirichlet","d",3.63162658705818,2.00785257943058
-0.0196801539305282,0.233048162354874,"Real","train","Dirichlet","d",3.63162658705818,2.00785257943058
-0.265816621896483,0.0677122996212313,"Real","train","Dirichlet","d",3.63162658705818,2.00785257943058
-0.144252822465252,-1.18259028891673,"Real","train","Dirichlet","d",3.63162658705818,2.00785257943058
-0.272011651289405,-1.26762425413428,"Real","train","Dirichlet","d",3.63162658705818,2.00785257943058
-0.456158867844095,0.115746665313177,"Real","train","Dirichlet","d",3.63162658705818,2.00785257943058
-0.400941060526512,0.193387306910146,"Real","train","Dirichlet","d",3.63162658705818,2.00785257943058
0.105077569231396,0.249439910592328,"Real","train","Dirichlet","d",3.63162658705818,2.00785257943058
-0.17664611359993,0.232372753684977,"Real","train","Dirichlet","d",3.63162658705818,2.00785257943058
0.520811748929421,0.10773403417866,"Real","train","Dirichlet","d",3.63162658705818,2.00785257943058
0.639505167331685,-0.131756291547099,"Real","train","Dirichlet","d",3.63162658705818,2.00785257943058
-0.429223507472431,0.116830065315091,"Real","train","Dirichlet","d",3.63162658705818,2.00785257943058
0.613854527006702,-0.105956498144404,"Real","train","Dirichlet","d",3.63162658705818,2.00785257943058
-0.197070943763519,0.166173305823515,"Real","train","Dirichlet","d",3.63162658705818,2.00785257943058
0.138521217888267,-0.0428206314053758,"Real","train","Dirichlet","d",3.63162658705818,2.00785257943058
-0.100003191737939,-0.511209631832461,"Real","train","Dirichlet","d",3.63162658705818,2.00785257943058
0.701596793239599,-0.108259544397724,"Real","train","Dirichlet","d",3.63162658705818,2.00785257943058
0.33764623259232,0.0282499955109353,"Real","train","Dirichlet","d",3.63162658705818,2.00785257943058
0.785252355194801,0.0328372911303032,"Real","train","Dirichlet","d",3.63162658705818,2.00785257943058
-0.358286401520474,0.173465337971504,"Real","train","Dirichlet","d",3.63162658705818,2.00785257943058
0.361887292797496,-0.0537925975403014,"Real","train","Dirichlet","d",3.63162658705818,2.00785257943058
0.114786711232415,-0.0341519019128913,"Real","train","Dirichlet","d",3.63162658705818,2.00785257943058
-0.106242227821887,0.236979638020161,"Real","train","Dirichlet","d",3.63162658705818,2.00785257943058
-0.469659023594631,-0.998167220750684,"Real","train","Dirichlet","d",3.63162658705818,2.00785257943058
0.27245827641829,-0.746368500507621,"Real","train","Dirichlet","d",3.63162658705818,2.00785257943058
0.610838631846433,-0.115385900679627,"Real","train","Dirichlet","d",3.63162658705818,2.00785257943058
-0.32538713121066,-1.28354857113607,"Real","train","Dirichlet","d",3.63162658705818,2.00785257943058
-0.372301104326506,0.180468047218351,"Real","train","Dirichlet","d",3.63162658705818,2.00785257943058
0.317254750817144,-0.408967273094334,"Real","train","Dirichlet","d",3.63162658705818,2.00785257943058
0.095581798506926,0.0551319621594027,"Real","train","Dirichlet","d",3.63162658705818,2.00785257943058
0.742929807914956,-0.0404182263276732,"Real","train","Dirichlet","d",3.63162658705818,2.00785257943058
0.425643661559109,-0.117437762670906,"Real","train","Dirichlet","d",3.63162658705818,2.00785257943058
0.79581382291291,0.0314997451739369,"Real","train","Dirichlet","d",3.63162658705818,2.00785257943058
0.194664174218201,0.0286776138584537,"Real","train","Dirichlet","d",3.63162658705818,2.00785257943058
0.504156265693762,-0.0134610625255456,"Real","train","Dirichlet","d",3.63162658705818,2.00785257943058
0.853815241523207,-0.0145415211010702,"Real","train","Dirichlet","d",3.63162658705818,2.00785257943058
-0.18080701535343,0.28580326950836,"Real","train","Dirichlet","d",3.63162658705818,2.00785257943058
0.206112976420863,0.233677286607243,"Real","train","Dirichlet","d",3.63162658705818,2.00785257943058
-0.0255706922514379,0.146236966851483,"Real","train","Dirichlet","d",3.63162658705818,2.00785257943058
0.0433242144934491,0.126612031414682,"Real","train","Dirichlet","d",3.63162658705818,2.00785257943058
0.563818307244636,-0.164076640746316,"Real","train","Dirichlet","d",3.63162658705818,2.00785257943058
0.372668415513171,-0.126655439686255,"Real","train","Dirichlet","d",3.63162658705818,2.00785257943058
0.780402784405832,0.0253361447608758,"Real","train","Dirichlet","d",3.63162658705818,2.00785257943058
0.292676141070557,0.0830619651645317,"Real","train","Dirichlet","d",3.63162658705818,2.00785257943058
-0.538103769245065,0.136830956377177,"Real","train","Dirichlet","d",3.63162658705818,2.00785257943058
-0.186376015956975,0.22595067169164,"Real","train","Dirichlet","d",3.63162658705818,2.00785257943058
0.858366817281068,0.0100986247680838,"Real","train","Dirichlet","d",3.63162658705818,2.00785257943058
-0.0394437952473872,0.119621391255396,"Real","train","Dirichlet","d",3.63162658705818,2.00785257943058
-0.00153069764480907,0.308317530445964,"Real","train","Dirichlet","d",3.63162658705818,2.00785257943058
0.00165499922049303,0.165106217865957,"Real","train","Dirichlet","d",3.63162658705818,2.00785257943058
0.216760064068103,0.213242904847401,"Real","train","Dirichlet","d",3.63162658705818,2.00785257943058
0.37846840324509,-0.0480053370012885,"Real","train","Dirichlet","d",3.63162658705818,2.00785257943058
0.702997304697889,-0.0139735182868166,"Real","train","Dirichlet","d",3.63162658705818,2.00785257943058
-0.118175146663615,0.243644987392401,"Real","train","Dirichlet","d",3.63162658705818,2.00785257943058
0.514226047666119,0.122792546638433,"Real","train","Dirichlet","d",3.63162658705818,2.00785257943058
0.733671824082464,0.105545693100884,"Real","train","Dirichlet","d",3.63162658705818,2.00785257943058
-0.36578739227174,0.177759502904795,"Real","train","Dirichlet","d",3.63162658705818,2.00785257943058
-0.177448867813955,0.199887084813244,"Real","train","Dirichlet","d",3.63162658705818,2.00785257943058
0.00558879027331737,0.11010722329329,"Real","train","Dirichlet","d",3.63162658705818,2.00785257943058
-0.10244069866156,0.0276136495492462,"Real","train","Dirichlet","d",3.63162658705818,2.00785257943058
0.261939254242489,0.287728201975743,"Real","train","Dirichlet","d",3.63162658705818,2.00785257943058
0.0172895230659735,0.327243138606302,"Real","train","Dirichlet","d",3.63162658705818,2.00785257943058
0.292655263610475,-0.0321594666429525,"Real","train","Dirichlet","d",3.63162658705818,2.00785257943058
0.763772725011574,0.0302830452254586,"Real","train","Dirichlet","d",3.63162658705818,2.00785257943058
0.820232487003473,-0.0675481082278168,"Real","train","Dirichlet","d",3.63162658705818,2.00785257943058
0.722249637990265,-0.0405509272568618,"Real","train","Dirichlet","d",3.63162658705818,2.00785257943058
0.176814756958,0.259330843931515,"Real","train","Dirichlet","d",3.63162658705818,2.00785257943058
0.0911169772235438,0.039343607868777,"Real","train","Dirichlet","d",3.63162658705818,2.00785257943058
0.80708523484581,-0.0361355426880557,"Real","train","Dirichlet","d",3.63162658705818,2.00785257943058
-0.296557067275882,0.132986034996616,"Real","train","Dirichlet","d",3.63162658705818,2.00785257943058
-0.461406355827432,-1.2716251406176,"Real","train","Dirichlet","d",3.63162658705818,2.00785257943058
0.437304408315914,0.058072181921955,"Real","train","Dirichlet","d",3.63162658705818,2.00785257943058
0.138226644766676,0.329181471629178,"Real","train","Dirichlet","d",3.63162658705818,2.00785257943058
0.134712849921831,0.101854667144262,"Real","train","Dirichlet","d",3.63162658705818,2.00785257943058
0.685865640831,0.0805842031685515,"Real","train","Dirichlet","d",3.63162658705818,2.00785257943058
0.924036064275652,0.03808551117781,"Real","train","Dirichlet","d",3.63162658705818,2.00785257943058
0.59566306021299,-0.0597168289722899,"Real","train","Dirichlet","d",3.63162658705818,2.00785257943058
-0.361332089141406,0.0907421157704741,"Real","train","Dirichlet","d",3.63162658705818,2.00785257943058
0.124560615480582,-0.00901236542603867,"Real","train","Dirichlet","d",3.63162658705818,2.00785257943058
-0.493384585726449,-1.09559888744046,"Real","train","Dirichlet","d",3.63162658705818,2.00785257943058
0.205036597009312,0.100619323716474,"Real","train","Dirichlet","d",3.63162658705818,2.00785257943058
0.780125594675546,-0.0169701603940512,"Real","train","Dirichlet","d",3.63162658705818,2.00785257943058
0.652574608772623,-0.112102075202402,"Real","train","Dirichlet","d",3.63162658705818,2.00785257943058
-0.0907513643713934,0.0299891634423445,"Real","train","Dirichlet","d",3.63162658705818,2.00785257943058
0.546258867908704,-0.0173021218956467,"Real","train","Dirichlet","d",3.63162658705818,2.00785257943058
0.791307246149262,-0.0585618141475037,"Real","train","Dirichlet","d",3.63162658705818,2.00785257943058
-0.420795665875012,0.10873793551731,"Real","train","Dirichlet","d",3.63162658705818,2.00785257943058
-0.040707216456024,-1.21727535399385,"Real","train","Dirichlet","d",3.63162658705818,2.00785257943058
-0.227347706276103,-1.32644716540929,"Real","train","Dirichlet","d",3.63162658705818,2.00785257943058
0.891461579864467,-0.0641345258824456,"Real","train","Dirichlet","d",3.63162658705818,2.00785257943058
-0.459887850820496,0.110543834660049,"Real","train","Dirichlet","d",3.63162658705818,2.00785257943058
-0.206890172753144,-1.25101719120823,"Real","train","Dirichlet","d",3.63162658705818,2.00785257943058
0.720235554276496,-0.0144810657366572,"Real","train","Dirichlet","d",3.63162658705818,2.00785257943058
0.494707655680279,-0.446874809345419,"Real","train","Dirichlet","d",3.63162658705818,2.00785257943058
0.398642351223712,-0.0545284734495037,"Real","train","Dirichlet","d",3.63162658705818,2.00785257943058
-0.41435787672538,0.089679518636313,"Real","train","Dirichlet","d",3.63162658705818,2.00785257943058
0.68874124490286,-0.0785846750616405,"Real","train","Dirichlet","d",3.63162658705818,2.00785257943058
0.00965614112397222,0.260336982799713,"Real","train","Dirichlet","d",3.63162658705818,2.00785257943058
-0.221393799706791,0.247497793432236,"Real","train","Dirichlet","d",3.63162658705818,2.00785257943058
-0.526855383456662,0.127475074937317,"Real","train","Dirichlet","d",3.63162658705818,2.00785257943058
0.5245376078194,0.0500657410082159,"Real","train","Dirichlet","d",3.63162658705818,2.00785257943058
0.162048392532635,0.251360290346138,"Real","train","Dirichlet","d",3.63162658705818,2.00785257943058
0.205052564733911,0.124622521206492,"Real","train","Dirichlet","d",3.63162658705818,2.00785257943058
0.746347435618457,-0.0675442602564689,"Real","train","Dirichlet","d",3.63162658705818,2.00785257943058
0.201388628740806,0.102891036027522,"Real","train","Dirichlet","d",3.63162658705818,2.00785257943058
0.111714786599678,0.0159018919571513,"Real","train","Dirichlet","d",3.63162658705818,2.00785257943058
0.391277134471429,0.0388616524937009,"Real","train","Dirichlet","d",3.63162658705818,2.00785257943058
0.123347618165224,0.0210875616695471,"Real","train","Dirichlet","d",3.63162658705818,2.00785257943058
0.0826091611192007,-0.318576091613877,"Real","train","Dirichlet","d",3.63162658705818,2.00785257943058
0.812081160793535,0.0140726298118327,"Real","train","Dirichlet","d",3.63162658705818,2.00785257943058
0.0836243800014066,-0.328030302619312,"Real","train","Dirichlet","d",3.63162658705818,2.00785257943058
-0.331548490635131,0.0906292983962976,"Real","train","Dirichlet","d",3.63162658705818,2.00785257943058
0.675736150468258,0.0596552808608879,"Real","train","Dirichlet","d",3.63162658705818,2.00785257943058
0.24458826484352,0.104146033500633,"Real","train","Dirichlet","d",3.63162658705818,2.00785257943058
-0.373141651546362,0.203409130671879,"Real","train","Dirichlet","d",3.63162658705818,2.00785257943058
0.758124282500599,-0.07207740488015,"Real","train","Dirichlet","d",3.63162658705818,2.00785257943058
0.146413116102193,0.195023878968947,"Real","train","Dirichlet","d",3.63162658705818,2.00785257943058
0.909160802386145,-0.0775406797032824,"Real","train","Dirichlet","d",3.63162658705818,2.00785257943058
0.625494207170228,0.110406595674448,"Real","train","Dirichlet","d",3.63162658705818,2.00785257943058
-0.0960325568740847,0.0297753616483296,"Real","train","Dirichlet","d",3.63162658705818,2.00785257943058
0.351301468870596,-0.0492369742421034,"Real","train","Dirichlet","d",3.63162658705818,2.00785257943058
-0.425273626602513,0.0402647120523402,"Real","train","Dirichlet","d",3.63162658705818,2.00785257943058
-0.415414404548214,0.145473686630397,"Real","train","Dirichlet","d",3.63162658705818,2.00785257943058
0.0489892198344112,0.269784989979884,"Real","train","Dirichlet","d",3.63162658705818,2.00785257943058
0.861748856992131,0.015208526419423,"Real","train","Dirichlet","d",3.63162658705818,2.00785257943058
0.202949447160353,-0.0225793012589631,"Real","train","Dirichlet","d",3.63162658705818,2.00785257943058
0.417734276896317,0.00103104228874771,"Real","train","Dirichlet","d",3.63162658705818,2.00785257943058
0.56734717461737,0.0979285653980957,"Real","train","Dirichlet","d",3.63162658705818,2.00785257943058
-0.390381106746904,0.140985169275051,"Real","train","Dirichlet","d",3.63162658705818,2.00785257943058
0.193549537309438,0.00729006533932395,"Real","train","Dirichlet","d",3.63162658705818,2.00785257943058
0.192376887049124,0.0678979117971844,"Real","train","Dirichlet","d",3.63162658705818,2.00785257943058
-0.513743137812544,0.128045886107593,"Real","train","Dirichlet","d",3.63162658705818,2.00785257943058
0.692983793152195,0.0293412936124825,"Real","train","Dirichlet","d",3.63162658705818,2.00785257943058
0.07132017504316,0.201127078413768,"Real","train","Dirichlet","d",3.63162658705818,2.00785257943058
-0.28942208960308,0.145839262505723,"Real","train","Dirichlet","d",3.63162658705818,2.00785257943058
0.0470645749892075,0.2805025417917,"Real","train","Dirichlet","d",3.63162658705818,2.00785257943058
0.333308366360865,0.0827827642496596,"Real","train","Dirichlet","d",3.63162658705818,2.00785257943058
0.687830420053017,0.0434695658455463,"Real","train","Dirichlet","d",3.63162658705818,2.00785257943058
0.687231454269997,-0.00666180692432422,"Real","train","Dirichlet","d",3.63162658705818,2.00785257943058
-0.0173365020836499,-0.760255159704874,"Real","train","Dirichlet","d",3.63162658705818,2.00785257943058
0.33434818953607,0.0117034707190136,"Real","train","Dirichlet","d",3.63162658705818,2.00785257943058
0.329394963264507,0.15223420857313,"Real","train","Dirichlet","d",3.63162658705818,2.00785257943058
0.444535367275551,-0.0899741961100507,"Real","train","Dirichlet","d",3.63162658705818,2.00785257943058
0.0704269456001473,0.147533064331252,"Real","train","Dirichlet","d",3.63162658705818,2.00785257943058
0.393862577087021,0.20729179563544,"Real","train","Dirichlet","d",3.63162658705818,2.00785257943058
0.589076204847397,-0.00465248515871652,"Real","train","Dirichlet","d",3.63162658705818,2.00785257943058
-0.346065497929452,0.0997934325559994,"Real","train","Dirichlet","d",3.63162658705818,2.00785257943058
-0.242112826929571,-1.24088448812389,"Real","train","Dirichlet","d",3.63162658705818,2.00785257943058
-0.390201275715311,0.157386577385073,"Real","train","Dirichlet","d",3.63162658705818,2.00785257943058
0.653570807838303,0.0754373391551958,"Real","train","Dirichlet","d",3.63162658705818,2.00785257943058
0.206612445021187,0.0666797172866322,"Real","train","Dirichlet","d",3.63162658705818,2.00785257943058
0.594468602813933,0.0415575090875734,"Real","train","Dirichlet","d",3.63162658705818,2.00785257943058
0.699208431318412,0.0182431065515848,"Real","train","Dirichlet","d",3.63162658705818,2.00785257943058
0.613209377252843,0.068880535357859,"Real","train","Dirichlet","d",3.63162658705818,2.00785257943058
0.269287234312632,-0.0275228544388079,"Real","train","Dirichlet","d",3.63162658705818,2.00785257943058
-0.41298368550431,-1.30441434108214,"Real","train","Dirichlet","d",3.63162658705818,2.00785257943058
0.203829268211523,0.0116399709265072,"Real","train","Dirichlet","d",3.63162658705818,2.00785257943058
0.147096787174058,0.216329912599928,"Real","train","Dirichlet","d",3.63162658705818,2.00785257943058
0.811628948636958,-0.0582716797488651,"Real","train","Dirichlet","d",3.63162658705818,2.00785257943058
0.82023691798444,-0.0647342083133939,"Real","train","Dirichlet","d",3.63162658705818,2.00785257943058
0.65063049513829,-0.15265127893165,"Real","train","Dirichlet","d",3.63162658705818,2.00785257943058
-0.446257029400871,0.0650996775705469,"Real","train","Dirichlet","d",3.63162658705818,2.00785257943058
-0.0397522684300118,0.103261495781492,"Real","train","Dirichlet","d",3.63162658705818,2.00785257943058
0.804732097494482,-0.0157823829618289,"Real","train","Dirichlet","d",3.63162658705818,2.00785257943058
0.695381964364693,-0.0925942231631985,"Real","train","Dirichlet","d",3.63162658705818,2.00785257943058
-0.225696897315943,0.210129331586602,"Real","train","Dirichlet","d",3.63162658705818,2.00785257943058
0.0953917725309522,0.219474155843093,"Real","train","Dirichlet","d",3.63162658705818,2.00785257943058
-0.417501984851045,-1.27090704331451,"Real","train","Dirichlet","d",3.63162658705818,2.00785257943058
0.863052241771261,-0.0410502512374519,"Real","train","Dirichlet","d",3.63162658705818,2.00785257943058
-0.201045276159338,-1.29676657539607,"Real","train","Dirichlet","d",3.63162658705818,2.00785257943058
0.862617612686707,0.0369764883236024,"Real","train","Dirichlet","d",3.63162658705818,2.00785257943058
0.0507866299858098,-0.69674667353344,"Real","train","Dirichlet","d",3.63162658705818,2.00785257943058
0.463511894910218,-0.0702375458008965,"Real","train","Dirichlet","d",3.63162658705818,2.00785257943058
0.683455884722529,0.0232979323559999,"Real","train","Dirichlet","d",3.63162658705818,2.00785257943058
0.189155814039037,-0.901216245552748,"Real","train","Dirichlet","d",3.63162658705818,2.00785257943058
0.0629741870257176,-0.543084206424097,"Real","train","Dirichlet","d",3.63162658705818,2.00785257943058
0.39917925450439,-0.069243921633991,"Real","train","Dirichlet","d",3.63162658705818,2.00785257943058
0.138884561564863,0.248658120281542,"Real","train","Dirichlet","d",3.63162658705818,2.00785257943058
-0.351143890921066,0.0407545724025475,"Real","train","Dirichlet","d",3.63162658705818,2.00785257943058
0.296975035601458,0.0359534664307321,"Real","train","Dirichlet","d",3.63162658705818,2.00785257943058
-0.0689374704500246,0.196234559454493,"Real","train","Dirichlet","d",3.63162658705818,2.00785257943058
0.0220389545244524,0.122870653908181,"Real","train","Dirichlet","d",3.63162658705818,2.00785257943058
0.0156412355709046,0.110082666856207,"Real","train","Dirichlet","d",3.63162658705818,2.00785257943058
0.116016744419316,0.259285636263699,"Real","train","Dirichlet","d",3.63162658705818,2.00785257943058
-0.0240131489490773,0.278069514439103,"Real","train","Dirichlet","d",3.63162658705818,2.00785257943058
0.797802578990303,0.0451482372681542,"Real","train","Dirichlet","d",3.63162658705818,2.00785257943058
-0.455339411106419,0.127228284028917,"Real","train","Dirichlet","d",3.63162658705818,2.00785257943058
0.712156103061764,-0.0901824351257902,"Real","train","Dirichlet","d",3.63162658705818,2.00785257943058
-0.0854478925555158,-0.969441196773939,"Real","train","Dirichlet","d",3.63162658705818,2.00785257943058
0.305129310783409,0.0615033001429818,"Real","train","Dirichlet","d",3.63162658705818,2.00785257943058
-0.368417073391661,-1.30025193984645,"Real","train","Dirichlet","d",3.63162658705818,2.00785257943058
-0.0350886556442565,0.308776486222529,"Real","train","Dirichlet","d",3.63162658705818,2.00785257943058
-0.413789827948829,0.173044777343886,"Real","train","Dirichlet","d",3.63162658705818,2.00785257943058
-0.381979823208492,-0.017984151323003,"Real","train","Dirichlet","d",3.63162658705818,2.00785257943058
-0.423772502815811,0.173013196314438,"Real","train","Dirichlet","d",3.63162658705818,2.00785257943058
-0.315844044870546,0.1018138828061,"Real","train","Dirichlet","d",3.63162658705818,2.00785257943058
0.798007664111889,0.0147462381702904,"Real","train","Dirichlet","d",3.63162658705818,2.00785257943058
0.0145323813671229,0.159368767145243,"Real","train","Dirichlet","d",3.63162658705818,2.00785257943058
-0.0111642841429973,0.167214049905233,"Real","train","Dirichlet","d",3.63162658705818,2.00785257943058
0.151181462127319,0.164459766921678,"Real","train","Dirichlet","d",3.63162658705818,2.00785257943058
0.211085308910223,0.0810819147013609,"Real","train","Dirichlet","d",3.63162658705818,2.00785257943058
-0.359061289337631,0.171132598689367,"Real","train","Dirichlet","d",3.63162658705818,2.00785257943058
-0.0344930435240849,0.0904353971850517,"Real","train","Dirichlet","d",3.63162658705818,2.00785257943058
0.31140373218444,0.000804115363103924,"Real","train","Dirichlet","d",3.63162658705818,2.00785257943058
-0.171044888708895,0.013054542009825,"Real","train","Dirichlet","d",3.63162658705818,2.00785257943058
-0.483434245032744,-1.1958297818745,"Real","train","Dirichlet","d",3.63162658705818,2.00785257943058
0.291676207506881,-0.0267588962890579,"Real","train","Dirichlet","d",3.63162658705818,2.00785257943058
0.0563058089721757,0.169200582820841,"Real","train","Dirichlet","d",3.63162658705818,2.00785257943058
-0.316542231955789,0.195590012494538,"Real","train","Dirichlet","d",3.63162658705818,2.00785257943058
0.753809979417623,-0.0142652969139542,"Real","train","Dirichlet","d",3.63162658705818,2.00785257943058
-0.218366426931501,-0.0498278594966685,"Real","train","Dirichlet","d",3.63162658705818,2.00785257943058
0.499204144977725,0.009596823616493,"Real","train","Dirichlet","d",3.63162658705818,2.00785257943058
0.297375749904372,0.285237731911647,"Real","train","Dirichlet","d",3.63162658705818,2.00785257943058
0.123079982852539,-0.0260735793372151,"Real","train","Dirichlet","d",3.63162658705818,2.00785257943058
0.63768692840271,-0.0338419085870181,"Real","train","Dirichlet","d",3.63162658705818,2.00785257943058
0.415107843885188,0.091049015172235,"Real","train","Dirichlet","d",3.63162658705818,2.00785257943058
-0.335064666221825,0.0815914746937228,"Real","train","Dirichlet","d",3.63162658705818,2.00785257943058
-0.461689082661562,-1.03692152299036,"Real","train","Dirichlet","d",3.63162658705818,2.00785257943058
0.714163049147469,-0.0418610889008768,"Real","train","Dirichlet","d",3.63162658705818,2.00785257943058
0.497817268448839,-0.0150181779527588,"Real","train","Dirichlet","d",3.63162658705818,2.00785257943058
0.0362679827439199,0.072596165524531,"Real","train","Dirichlet","d",3.63162658705818,2.00785257943058
0.592124641878419,0.0642991963442711,"Real","train","Dirichlet","d",3.63162658705818,2.00785257943058
0.613963587123817,0.00659226868653833,"Real","train","Dirichlet","d",3.63162658705818,2.00785257943058
0.232370296108469,0.111457433727919,"Real","train","Dirichlet","d",3.63162658705818,2.00785257943058
-0.329119759417793,0.0877804765822149,"Real","train","Dirichlet","d",3.63162658705818,2.00785257943058
0.826271098342846,0.010523174234799,"Real","train","Dirichlet","d",3.63162658705818,2.00785257943058
0.486786623677617,0.113328468666312,"Real","train","Dirichlet","d",3.63162658705818,2.00785257943058
-0.0605224444828706,0.121496419487564,"Real","train","Dirichlet","d",3.63162658705818,2.00785257943058
0.613331739168984,0.0206288402378857,"Real","train","Dirichlet","d",3.63162658705818,2.00785257943058
0.557609468240413,-0.0391997377320575,"Real","train","Dirichlet","d",3.63162658705818,2.00785257943058
0.52990009471179,-0.0993959380440922,"Real","train","Dirichlet","d",3.63162658705818,2.00785257943058
-0.0130387015550635,0.23317609776709,"Real","train","Dirichlet","d",3.63162658705818,2.00785257943058
0.859054695567436,0.00847038063668023,"Real","train","Dirichlet","d",3.63162658705818,2.00785257943058
-0.448089749643572,0.0869793467301034,"Real","train","Dirichlet","d",3.63162658705818,2.00785257943058
0.531066870453463,0.0628241739327579,"Real","train","Dirichlet","d",3.63162658705818,2.00785257943058
0.0212001622872366,0.282229671377454,"Real","train","Dirichlet","d",3.63162658705818,2.00785257943058
-0.262202159206952,0.155822211094808,"Real","train","Dirichlet","d",3.63162658705818,2.00785257943058
0.750004102384516,0.0789960898813726,"Real","train","Dirichlet","d",3.63162658705818,2.00785257943058
0.718931990195878,-0.0890658029166618,"Real","train","Dirichlet","d",3.63162658705818,2.00785257943058
-0.438529753212611,0.144954857781109,"Real","train","Dirichlet","d",3.63162658705818,2.00785257943058
-0.0372753909082752,0.199481155575567,"Real","train","Dirichlet","d",3.63162658705818,2.00785257943058
0.553685306062468,0.00884684987227357,"Real","train","Dirichlet","d",3.63162658705818,2.00785257943058
0.478561676651367,0.0182807446341033,"Real","train","Dirichlet","d",3.63162658705818,2.00785257943058
-0.00218998974191352,-0.718060388767276,"Real","train","Dirichlet","d",3.63162658705818,2.00785257943058
0.361890143353254,-0.00491945630185055,"Real","train","Dirichlet","d",3.63162658705818,2.00785257943058
-0.154277860462827,0.172240507501794,"Real","train","Dirichlet","d",3.63162658705818,2.00785257943058
-0.177208486117354,-0.440837834279889,"Real","train","Dirichlet","d",3.63162658705818,2.00785257943058
-0.277327391320354,-1.26759692157469,"Real","train","Dirichlet","d",3.63162658705818,2.00785257943058
0.706347979229893,-0.0958442399817705,"Real","train","Dirichlet","d",3.63162658705818,2.00785257943058
0.691168625057736,0.0263133453446943,"Real","train","Dirichlet","d",3.63162658705818,2.00785257943058
-0.550571557344378,0.160772158327449,"Real","train","Dirichlet","d",3.63162658705818,2.00785257943058
-0.188188014994621,-1.34668070650996,"Real","train","Dirichlet","d",3.63162658705818,2.00785257943058
0.554098538741214,-0.021306560134646,"Real","train","Dirichlet","d",3.63162658705818,2.00785257943058
0.607888044083952,0.0927994073382719,"Real","train","Dirichlet","d",3.63162658705818,2.00785257943058
-0.0962757353538489,0.0476309514155932,"Real","train","Dirichlet","d",3.63162658705818,2.00785257943058
0.0471069162524173,0.0286835815486448,"Real","train","Dirichlet","d",3.63162658705818,2.00785257943058
-0.363049553679468,0.208208519121494,"Real","train","Dirichlet","d",3.63162658705818,2.00785257943058
-0.230408131468977,0.0755196908097471,"Real","train","Dirichlet","d",3.63162658705818,2.00785257943058
0.586073900222467,0.118531282092926,"Real","train","Dirichlet","d",3.63162658705818,2.00785257943058
-0.103622425907327,-0.0234196225568197,"Real","train","Dirichlet","d",3.63162658705818,2.00785257943058
0.523087323513716,0.0619221586969112,"Real","train","Dirichlet","d",3.63162658705818,2.00785257943058
0.0857650439548438,0.303495583680159,"Real","train","Dirichlet","d",3.63162658705818,2.00785257943058
-0.257412146348111,-1.28986078770305,"Real","train","Dirichlet","d",3.63162658705818,2.00785257943058
0.168645963370035,0.278593927629413,"Real","train","Dirichlet","d",3.63162658705818,2.00785257943058
0.747941367768229,0.0573084353770787,"Real","train","Dirichlet","d",3.63162658705818,2.00785257943058
0.130299878800116,0.347121998497127,"Real","train","Dirichlet","d",3.63162658705818,2.00785257943058
0.289341117218438,-0.0377393542877859,"Real","train","Dirichlet","d",3.63162658705818,2.00785257943058
-0.150066187576787,-1.10501407107101,"Real","train","Dirichlet","d",3.63162658705818,2.00785257943058
-0.411583996247418,-0.912484166030195,"Real","train","Dirichlet","d",3.63162658705818,2.00785257943058
0.213732480748942,0.116222077782011,"Real","train","Dirichlet","d",3.63162658705818,2.00785257943058
-0.288849292531692,0.171404975609716,"Real","train","Dirichlet","d",3.63162658705818,2.00785257943058
0.51984040905469,0.00899286698398772,"Real","train","Dirichlet","d",3.63162658705818,2.00785257943058
0.880556540178208,-0.0133452597242328,"Real","train","Dirichlet","d",3.63162658705818,2.00785257943058
0.432594766365342,-0.337338752426261,"Real","train","Dirichlet","d",3.63162658705818,2.00785257943058
0.279833775007407,0.0748918884739728,"Real","train","Dirichlet","d",3.63162658705818,2.00785257943058
0.567603844734264,-0.119032325302827,"Real","train","Dirichlet","d",3.63162658705818,2.00785257943058
0.0250782974305719,0.161306543826764,"Real","train","Dirichlet","d",3.63162658705818,2.00785257943058
0.0823869842667411,0.293266891414784,"Real","train","Dirichlet","d",3.63162658705818,2.00785257943058
0.0616437802611947,0.271734763639137,"Real","train","Dirichlet","d",3.63162658705818,2.00785257943058
0.204394451654343,0.251508304814537,"Real","train","Dirichlet","d",3.63162658705818,2.00785257943058
0.562097353236398,-0.0121497454381941,"Real","train","Dirichlet","d",3.63162658705818,2.00785257943058
-0.356983614498619,0.0655593825145729,"Generated","train","Dirichlet","d",3.63162658705818,2.00785257943058
-0.264554940377567,0.0548428233854514,"Generated","train","Dirichlet","d",3.63162658705818,2.00785257943058
-0.157410995900425,0.0848876278729223,"Generated","train","Dirichlet","d",3.63162658705818,2.00785257943058
-0.430104285078112,0.072341830875837,"Generated","train","Dirichlet","d",3.63162658705818,2.00785257943058
-0.320729879781886,0.0832360992801717,"Generated","train","Dirichlet","d",3.63162658705818,2.00785257943058
-0.415929880310237,0.122914607460924,"Generated","train","Dirichlet","d",3.63162658705818,2.00785257943058
0.268480628540469,-0.0728581120751517,"Generated","train","Dirichlet","d",3.63162658705818,2.00785257943058
-0.296632797071624,0.0879383974741218,"Generated","train","Dirichlet","d",3.63162658705818,2.00785257943058
-0.342513986697526,0.0129549886690133,"Generated","train","Dirichlet","d",3.63162658705818,2.00785257943058
-0.447761053834885,0.110271074926329,"Generated","train","Dirichlet","d",3.63162658705818,2.00785257943058
-0.233427886533039,0.168420277975643,"Generated","train","Dirichlet","d",3.63162658705818,2.00785257943058
-0.0882654792767574,0.182332046702493,"Generated","train","Dirichlet","d",3.63162658705818,2.00785257943058
-0.027960816855998,-0.165090556279988,"Generated","train","Dirichlet","d",3.63162658705818,2.00785257943058
-0.307143006011428,0.0710624707573323,"Generated","train","Dirichlet","d",3.63162658705818,2.00785257943058
-0.45797014058562,0.0996261426445861,"Generated","train","Dirichlet","d",3.63162658705818,2.00785257943058
-0.158587589706939,0.129581720174581,"Generated","train","Dirichlet","d",3.63162658705818,2.00785257943058
-0.309972576479592,0.0774942224894806,"Generated","train","Dirichlet","d",3.63162658705818,2.00785257943058
-0.374594471447511,0.0904334860434499,"Generated","train","Dirichlet","d",3.63162658705818,2.00785257943058
-0.318940756241128,0.0281205315760755,"Generated","train","Dirichlet","d",3.63162658705818,2.00785257943058
-0.256477003657709,0.117122151480573,"Generated","train","Dirichlet","d",3.63162658705818,2.00785257943058
-0.103640611069631,0.186772263588463,"Generated","train","Dirichlet","d",3.63162658705818,2.00785257943058
-0.322876174938411,0.137678393540019,"Generated","train","Dirichlet","d",3.63162658705818,2.00785257943058
-0.314088556057817,0.0602412443209463,"Generated","train","Dirichlet","d",3.63162658705818,2.00785257943058
-0.162123126484809,0.0413062744132534,"Generated","train","Dirichlet","d",3.63162658705818,2.00785257943058
-0.217153275757657,0.0974947767425524,"Generated","train","Dirichlet","d",3.63162658705818,2.00785257943058
-0.442533737079213,0.148986960801078,"Generated","train","Dirichlet","d",3.63162658705818,2.00785257943058
-0.318903185601824,0.0725780892879628,"Generated","train","Dirichlet","d",3.63162658705818,2.00785257943058
-0.00491348030383486,-0.0379883957913513,"Generated","train","Dirichlet","d",3.63162658705818,2.00785257943058
-0.412688381872429,0.0624049605601366,"Generated","train","Dirichlet","d",3.63162658705818,2.00785257943058
-0.379739451014802,0.0805914775204131,"Generated","train","Dirichlet","d",3.63162658705818,2.00785257943058
-0.18963742036159,-0.0605055455025356,"Generated","train","Dirichlet","d",3.63162658705818,2.00785257943058
-0.231298366636172,0.0155831438278903,"Generated","train","Dirichlet","d",3.63162658705818,2.00785257943058
-0.340552913873704,0.0623597119060771,"Generated","train","Dirichlet","d",3.63162658705818,2.00785257943058
-0.369929491004476,0.0254817613541454,"Generated","train","Dirichlet","d",3.63162658705818,2.00785257943058
-0.343610926656419,0.142914427013952,"Generated","train","Dirichlet","d",3.63162658705818,2.00785257943058
-0.361511236350116,0.137827164009661,"Generated","train","Dirichlet","d",3.63162658705818,2.00785257943058
-0.297511868499406,0.0339431284081374,"Generated","train","Dirichlet","d",3.63162658705818,2.00785257943058
-0.292098547378902,0.10370547933612,"Generated","train","Dirichlet","d",3.63162658705818,2.00785257943058
-0.0884380513047157,0.0281130473565384,"Generated","train","Dirichlet","d",3.63162658705818,2.00785257943058
-0.230217307398677,0.0335026867743958,"Generated","train","Dirichlet","d",3.63162658705818,2.00785257943058
0.211016062482721,0.0692150209755115,"Generated","train","Dirichlet","d",3.63162658705818,2.00785257943058
-0.425215855357689,0.169042671536693,"Generated","train","Dirichlet","d",3.63162658705818,2.00785257943058
-0.338343841048412,0.0694888624340018,"Generated","train","Dirichlet","d",3.63162658705818,2.00785257943058
-0.318728628547213,0.112066573293228,"Generated","train","Dirichlet","d",3.63162658705818,2.00785257943058
-0.39635447624235,0.121270055547679,"Generated","train","Dirichlet","d",3.63162658705818,2.00785257943058
-0.406876506276304,0.0833940942920517,"Generated","train","Dirichlet","d",3.63162658705818,2.00785257943058
0.0638205115977664,0.282276658459968,"Generated","train","Dirichlet","d",3.63162658705818,2.00785257943058
-0.121046833279922,0.0552529622270528,"Generated","train","Dirichlet","d",3.63162658705818,2.00785257943058
0.0385368109770498,-0.0168931811002665,"Generated","train","Dirichlet","d",3.63162658705818,2.00785257943058
-0.0914509146874608,0.0114884079721282,"Generated","train","Dirichlet","d",3.63162658705818,2.00785257943058
-0.0791770660612085,-0.0231868411370368,"Generated","train","Dirichlet","d",3.63162658705818,2.00785257943058
-0.24036111866014,0.0823350150698383,"Generated","train","Dirichlet","d",3.63162658705818,2.00785257943058
-0.297151726069861,0.169272750522351,"Generated","train","Dirichlet","d",3.63162658705818,2.00785257943058
-0.39167030466873,0.116694098658478,"Generated","train","Dirichlet","d",3.63162658705818,2.00785257943058
-0.405399444264005,0.151703764374825,"Generated","train","Dirichlet","d",3.63162658705818,2.00785257943058
-0.308412853169516,-0.0374512297152748,"Generated","train","Dirichlet","d",3.63162658705818,2.00785257943058
-0.0975941700673555,0.00289783533221837,"Generated","train","Dirichlet","d",3.63162658705818,2.00785257943058
-0.431604748091573,0.0597546692467469,"Generated","train","Dirichlet","d",3.63162658705818,2.00785257943058
-0.2126620027021,0.105486515256851,"Generated","train","Dirichlet","d",3.63162658705818,2.00785257943058
-0.387948439201311,0.079677549887101,"Generated","train","Dirichlet","d",3.63162658705818,2.00785257943058
-0.305102376472912,-0.256431881953886,"Generated","train","Dirichlet","d",3.63162658705818,2.00785257943058
-0.072155869297366,-0.0310143359050391,"Generated","train","Dirichlet","d",3.63162658705818,2.00785257943058
-0.302785606038151,0.108770467628592,"Generated","train","Dirichlet","d",3.63162658705818,2.00785257943058
-0.167204576998103,-0.147616597532426,"Generated","train","Dirichlet","d",3.63162658705818,2.00785257943058
-0.280021323964101,0.0639645067216399,"Generated","train","Dirichlet","d",3.63162658705818,2.00785257943058
-0.391729039240323,0.112184996773358,"Generated","train","Dirichlet","d",3.63162658705818,2.00785257943058
-0.0890587210673241,0.159673622656743,"Generated","train","Dirichlet","d",3.63162658705818,2.00785257943058
-0.0258255088640299,0.214641438024319,"Generated","train","Dirichlet","d",3.63162658705818,2.00785257943058
-0.303817960765299,0.00324897765477226,"Generated","train","Dirichlet","d",3.63162658705818,2.00785257943058
-0.385184077527956,0.0749026956811003,"Generated","train","Dirichlet","d",3.63162658705818,2.00785257943058
-0.0229496347405863,0.165769307274797,"Generated","train","Dirichlet","d",3.63162658705818,2.00785257943058
-0.266961311573552,0.0623106732645569,"Generated","train","Dirichlet","d",3.63162658705818,2.00785257943058
-0.104133756017824,0.0510661233124899,"Generated","train","Dirichlet","d",3.63162658705818,2.00785257943058
-0.137608743322629,0.000650706592736576,"Generated","train","Dirichlet","d",3.63162658705818,2.00785257943058
-0.229042886968037,0.219560660980243,"Generated","train","Dirichlet","d",3.63162658705818,2.00785257943058
-0.117750234578706,0.155108262117739,"Generated","train","Dirichlet","d",3.63162658705818,2.00785257943058
-0.374849403182377,-0.00149454405240815,"Generated","train","Dirichlet","d",3.63162658705818,2.00785257943058
-0.0809531164628269,0.0346029147179797,"Generated","train","Dirichlet","d",3.63162658705818,2.00785257943058
-0.3139926568057,0.0866642517271732,"Generated","train","Dirichlet","d",3.63162658705818,2.00785257943058
-0.250105956006101,0.179312460441989,"Generated","train","Dirichlet","d",3.63162658705818,2.00785257943058
-0.410299700852024,0.105717278909674,"Generated","train","Dirichlet","d",3.63162658705818,2.00785257943058
-0.381320357625303,0.0361460484515644,"Generated","train","Dirichlet","d",3.63162658705818,2.00785257943058
-0.419799633798624,0.0992885174199238,"Generated","train","Dirichlet","d",3.63162658705818,2.00785257943058
-0.2091083499551,0.15365693783181,"Generated","train","Dirichlet","d",3.63162658705818,2.00785257943058
-0.392821425451884,0.0944019196535947,"Generated","train","Dirichlet","d",3.63162658705818,2.00785257943058
-0.396996125822123,0.138136566990561,"Generated","train","Dirichlet","d",3.63162658705818,2.00785257943058
-0.282010801786749,0.00646322676187496,"Generated","train","Dirichlet","d",3.63162658705818,2.00785257943058
-0.33801648200353,0.0635954072603883,"Generated","train","Dirichlet","d",3.63162658705818,2.00785257943058
-0.213002315273672,0.168909232493925,"Generated","train","Dirichlet","d",3.63162658705818,2.00785257943058
-0.218995633709977,0.0350822629687879,"Generated","train","Dirichlet","d",3.63162658705818,2.00785257943058
-0.338405703511182,0.048883486914962,"Generated","train","Dirichlet","d",3.63162658705818,2.00785257943058
-0.320826649364753,0.103004350411729,"Generated","train","Dirichlet","d",3.63162658705818,2.00785257943058
-0.335311227673545,0.110435957755461,"Generated","train","Dirichlet","d",3.63162658705818,2.00785257943058
-0.15391502619626,0.123379731343058,"Generated","train","Dirichlet","d",3.63162658705818,2.00785257943058
-0.420536132484411,0.0712956863914759,"Generated","train","Dirichlet","d",3.63162658705818,2.00785257943058
-0.399660562005944,0.0574755401598909,"Generated","train","Dirichlet","d",3.63162658705818,2.00785257943058
-0.267251113422411,0.0894130556856456,"Generated","train","Dirichlet","d",3.63162658705818,2.00785257943058
-0.359673854586419,0.0169988209578146,"Generated","train","Dirichlet","d",3.63162658705818,2.00785257943058
-0.347318286898923,0.0620505281848242,"Generated","train","Dirichlet","d",3.63162658705818,2.00785257943058
-0.422845894430345,0.106726678929066,"Generated","train","Dirichlet","d",3.63162658705818,2.00785257943058
-0.307751323393001,0.0273539382485565,"Generated","train","Dirichlet","d",3.63162658705818,2.00785257943058
-0.196509669248942,-0.0275185080929965,"Generated","train","Dirichlet","d",3.63162658705818,2.00785257943058
-0.19337245517923,-0.0286071632775322,"Generated","train","Dirichlet","d",3.63162658705818,2.00785257943058
-0.197147622937143,0.146359429695666,"Generated","train","Dirichlet","d",3.63162658705818,2.00785257943058
-0.464964403632308,0.0943751333650648,"Generated","train","Dirichlet","d",3.63162658705818,2.00785257943058
-0.301523123808422,0.139887406630809,"Generated","train","Dirichlet","d",3.63162658705818,2.00785257943058
-0.4050353288739,0.069362730928215,"Generated","train","Dirichlet","d",3.63162658705818,2.00785257943058
-0.396531656531639,0.127897763860003,"Generated","train","Dirichlet","d",3.63162658705818,2.00785257943058
0.093905726236542,-0.0465781535551966,"Generated","train","Dirichlet","d",3.63162658705818,2.00785257943058
-0.382940382503318,0.0800094830868733,"Generated","train","Dirichlet","d",3.63162658705818,2.00785257943058
-0.367441519778689,0.123660626511641,"Generated","train","Dirichlet","d",3.63162658705818,2.00785257943058
-0.0557725284258929,-0.0103652959337291,"Generated","train","Dirichlet","d",3.63162658705818,2.00785257943058
0.0285334634464937,-0.0317800545107577,"Generated","train","Dirichlet","d",3.63162658705818,2.00785257943058
-0.179837265429644,0.0898153386861001,"Generated","train","Dirichlet","d",3.63162658705818,2.00785257943058
-0.462018291050012,0.188094139932005,"Generated","train","Dirichlet","d",3.63162658705818,2.00785257943058
-0.344494115615072,-0.00168486108197098,"Generated","train","Dirichlet","d",3.63162658705818,2.00785257943058
-0.316030521888105,0.0830367126550615,"Generated","train","Dirichlet","d",3.63162658705818,2.00785257943058
-0.353869222833099,0.10637640316845,"Generated","train","Dirichlet","d",3.63162658705818,2.00785257943058
-0.326994457969759,0.134818654916227,"Generated","train","Dirichlet","d",3.63162658705818,2.00785257943058
-0.0455714699251906,0.199058220435123,"Generated","train","Dirichlet","d",3.63162658705818,2.00785257943058
-0.37254655247343,0.0400668715323337,"Generated","train","Dirichlet","d",3.63162658705818,2.00785257943058
-0.158809637670385,-0.00411610894156836,"Generated","train","Dirichlet","d",3.63162658705818,2.00785257943058
-0.286623480262939,0.0217720238236117,"Generated","train","Dirichlet","d",3.63162658705818,2.00785257943058
-0.318921112044273,0.147241160617127,"Generated","train","Dirichlet","d",3.63162658705818,2.00785257943058
-0.402745989221063,-0.216086433631156,"Generated","train","Dirichlet","d",3.63162658705818,2.00785257943058
-0.320849931145387,0.134485292830988,"Generated","train","Dirichlet","d",3.63162658705818,2.00785257943058
-0.118140819903272,-0.0547192410205908,"Generated","train","Dirichlet","d",3.63162658705818,2.00785257943058
0.0161621609930144,0.190814350221116,"Generated","train","Dirichlet","d",3.63162658705818,2.00785257943058
-0.336795680130402,0.107930779092185,"Generated","train","Dirichlet","d",3.63162658705818,2.00785257943058
-0.0767894949864519,0.058225931340714,"Generated","train","Dirichlet","d",3.63162658705818,2.00785257943058
-0.409030380202563,0.0900638237395344,"Generated","train","Dirichlet","d",3.63162658705818,2.00785257943058
-0.269277564141645,0.149308176850182,"Generated","train","Dirichlet","d",3.63162658705818,2.00785257943058
-0.156042953293327,0.161953641658957,"Generated","train","Dirichlet","d",3.63162658705818,2.00785257943058
0.33112557346597,-0.0610611910405607,"Generated","train","Dirichlet","d",3.63162658705818,2.00785257943058
-0.298328181471886,0.0676357671028652,"Generated","train","Dirichlet","d",3.63162658705818,2.00785257943058
-0.324692531893742,0.118393135954971,"Generated","train","Dirichlet","d",3.63162658705818,2.00785257943058
-0.385928831117465,0.125355923451046,"Generated","train","Dirichlet","d",3.63162658705818,2.00785257943058
-0.472848321954978,0.130256308115815,"Generated","train","Dirichlet","d",3.63162658705818,2.00785257943058
-0.0266032574308763,0.187206325211433,"Generated","train","Dirichlet","d",3.63162658705818,2.00785257943058
-0.483009779392274,0.0696123212668285,"Generated","train","Dirichlet","d",3.63162658705818,2.00785257943058
-0.360119740165823,0.0794230852649246,"Generated","train","Dirichlet","d",3.63162658705818,2.00785257943058
-0.216348987605261,0.0511220899370658,"Generated","train","Dirichlet","d",3.63162658705818,2.00785257943058
-0.20826218044649,0.12810982469991,"Generated","train","Dirichlet","d",3.63162658705818,2.00785257943058
-0.400604348359638,0.113711613753771,"Generated","train","Dirichlet","d",3.63162658705818,2.00785257943058
-0.312154553068997,0.128948749610925,"Generated","train","Dirichlet","d",3.63162658705818,2.00785257943058
-0.287450728082038,0.11560542457042,"Generated","train","Dirichlet","d",3.63162658705818,2.00785257943058
-0.374410627798649,0.143061754717307,"Generated","train","Dirichlet","d",3.63162658705818,2.00785257943058
-0.363831829400314,0.104613286866908,"Generated","train","Dirichlet","d",3.63162658705818,2.00785257943058
-0.38002871517795,0.114065662142046,"Generated","train","Dirichlet","d",3.63162658705818,2.00785257943058
-0.251451379707059,0.136893700731854,"Generated","train","Dirichlet","d",3.63162658705818,2.00785257943058
-0.342118947940555,0.113049531310072,"Generated","train","Dirichlet","d",3.63162658705818,2.00785257943058
-0.44937450016945,0.118640416392835,"Generated","train","Dirichlet","d",3.63162658705818,2.00785257943058
-0.415682681716678,0.0939759177098539,"Generated","train","Dirichlet","d",3.63162658705818,2.00785257943058
-0.39345654940705,0.0724006458983885,"Generated","train","Dirichlet","d",3.63162658705818,2.00785257943058
-0.352076356959643,0.118169363475049,"Generated","train","Dirichlet","d",3.63162658705818,2.00785257943058
-0.288206273769764,0.0243880734842714,"Generated","train","Dirichlet","d",3.63162658705818,2.00785257943058
-0.221712783916134,0.0694113772412419,"Generated","train","Dirichlet","d",3.63162658705818,2.00785257943058
-0.37992950145037,0.0600978893073649,"Generated","train","Dirichlet","d",3.63162658705818,2.00785257943058
-0.281430727846354,0.0309536836113289,"Generated","train","Dirichlet","d",3.63162658705818,2.00785257943058
-0.136778209307996,0.111902625767733,"Generated","train","Dirichlet","d",3.63162658705818,2.00785257943058
-0.379222984042991,0.0802354544256956,"Generated","train","Dirichlet","d",3.63162658705818,2.00785257943058
-0.371458940949093,0.0837013129209874,"Generated","train","Dirichlet","d",3.63162658705818,2.00785257943058
-0.159957332334839,-0.00173812489836447,"Generated","train","Dirichlet","d",3.63162658705818,2.00785257943058
-0.344326730030665,0.0863032066325942,"Generated","train","Dirichlet","d",3.63162658705818,2.00785257943058
-0.41091102245291,0.0846983959988552,"Generated","train","Dirichlet","d",3.63162658705818,2.00785257943058
0.060342712061527,-0.061803893297325,"Generated","train","Dirichlet","d",3.63162658705818,2.00785257943058
-0.288547679596964,0.0810841221547739,"Generated","train","Dirichlet","d",3.63162658705818,2.00785257943058
-0.257030252092916,0.104277885250981,"Generated","train","Dirichlet","d",3.63162658705818,2.00785257943058
-0.378873612791265,0.0649910822747061,"Generated","train","Dirichlet","d",3.63162658705818,2.00785257943058
-0.0798712230655533,0.0270754744699752,"Generated","train","Dirichlet","d",3.63162658705818,2.00785257943058
-0.349903576743896,0.0925697655054275,"Generated","train","Dirichlet","d",3.63162658705818,2.00785257943058
-0.444901478105302,0.121957141161716,"Generated","train","Dirichlet","d",3.63162658705818,2.00785257943058
-0.30452176637307,0.0355328266860594,"Generated","train","Dirichlet","d",3.63162658705818,2.00785257943058
-0.208043588502181,0.197490102300426,"Generated","train","Dirichlet","d",3.63162658705818,2.00785257943058
-0.37529600312715,0.102553054128579,"Generated","train","Dirichlet","d",3.63162658705818,2.00785257943058
-0.379537193609972,0.120447017729368,"Generated","train","Dirichlet","d",3.63162658705818,2.00785257943058
0.0189625381485319,0.086530162295528,"Generated","train","Dirichlet","d",3.63162658705818,2.00785257943058
-0.20428517314297,-0.00910756527002908,"Generated","train","Dirichlet","d",3.63162658705818,2.00785257943058
-0.129082060694191,0.203534033046416,"Generated","train","Dirichlet","d",3.63162658705818,2.00785257943058
0.052972442699101,-0.0195286429210475,"Generated","train","Dirichlet","d",3.63162658705818,2.00785257943058
-0.33207309802837,0.084769121165307,"Generated","train","Dirichlet","d",3.63162658705818,2.00785257943058
-0.283222695012151,0.0248087933070951,"Generated","train","Dirichlet","d",3.63162658705818,2.00785257943058
-0.166932698968735,-0.0143693046196277,"Generated","train","Dirichlet","d",3.63162658705818,2.00785257943058
-0.269001612056968,0.0223698942658125,"Generated","train","Dirichlet","d",3.63162658705818,2.00785257943058
-0.260594394640381,0.0146882375257202,"Generated","train","Dirichlet","d",3.63162658705818,2.00785257943058
-0.216078179657597,0.17300201414771,"Generated","train","Dirichlet","d",3.63162658705818,2.00785257943058
-0.390223538098063,0.0923613697196432,"Generated","train","Dirichlet","d",3.63162658705818,2.00785257943058
-0.383684992620972,0.119120874057501,"Generated","train","Dirichlet","d",3.63162658705818,2.00785257943058
-0.456446172475562,0.116947771733911,"Generated","train","Dirichlet","d",3.63162658705818,2.00785257943058
-0.119694409191762,0.130152852194687,"Generated","train","Dirichlet","d",3.63162658705818,2.00785257943058
-0.161538741635014,0.0907520883088427,"Generated","train","Dirichlet","d",3.63162658705818,2.00785257943058
-0.266570347336146,0.0683066076153386,"Generated","train","Dirichlet","d",3.63162658705818,2.00785257943058
-0.170522924446392,0.172703037167405,"Generated","train","Dirichlet","d",3.63162658705818,2.00785257943058
-0.445823710244354,0.0601075977997228,"Generated","train","Dirichlet","d",3.63162658705818,2.00785257943058
-0.38075464521108,0.0785067045183949,"Generated","train","Dirichlet","d",3.63162658705818,2.00785257943058
0.0199858020393041,-0.0260671788185087,"Generated","train","Dirichlet","d",3.63162658705818,2.00785257943058
0.0520941076058637,0.170759976056263,"Generated","train","Dirichlet","d",3.63162658705818,2.00785257943058
-0.0360768024614703,-0.133015196101757,"Generated","train","Dirichlet","d",3.63162658705818,2.00785257943058
0.0660992802089908,-0.094779829525438,"Generated","train","Dirichlet","d",3.63162658705818,2.00785257943058
-0.127622975005419,-0.0494691365713939,"Generated","train","Dirichlet","d",3.63162658705818,2.00785257943058
-0.249177140047567,0.0731865194267143,"Generated","train","Dirichlet","d",3.63162658705818,2.00785257943058
0.0325934042398219,0.210466602709394,"Generated","train","Dirichlet","d",3.63162658705818,2.00785257943058
0.384269040069843,-0.0697125432815081,"Generated","train","Dirichlet","d",3.63162658705818,2.00785257943058
-0.322738821055635,0.0233672325042383,"Generated","train","Dirichlet","d",3.63162658705818,2.00785257943058
-0.0210607177640583,0.0119115006277556,"Generated","train","Dirichlet","d",3.63162658705818,2.00785257943058
-0.278992161427661,0.0537123190098054,"Generated","train","Dirichlet","d",3.63162658705818,2.00785257943058
-0.437134694461223,0.0962236905362905,"Generated","train","Dirichlet","d",3.63162658705818,2.00785257943058
-0.246659835676036,0.0353577729490393,"Generated","train","Dirichlet","d",3.63162658705818,2.00785257943058
-0.34458783424648,0.0121142712592188,"Generated","train","Dirichlet","d",3.63162658705818,2.00785257943058
-0.244937161803859,0.0957623367497232,"Generated","train","Dirichlet","d",3.63162658705818,2.00785257943058
0.25836274427208,-0.0296966351882157,"Generated","train","Dirichlet","d",3.63162658705818,2.00785257943058
-0.328955988220898,0.0716468161340521,"Generated","train","Dirichlet","d",3.63162658705818,2.00785257943058
-0.326723644042856,0.0431262024583189,"Generated","train","Dirichlet","d",3.63162658705818,2.00785257943058
-0.344205227867632,0.09183064683159,"Generated","train","Dirichlet","d",3.63162658705818,2.00785257943058
-0.475582542629435,0.0812215557855749,"Generated","train","Dirichlet","d",3.63162658705818,2.00785257943058
-0.136281597460502,0.0200416518273055,"Generated","train","Dirichlet","d",3.63162658705818,2.00785257943058
-0.168758949248396,0.115785937301348,"Generated","train","Dirichlet","d",3.63162658705818,2.00785257943058
-0.40028143452016,0.10779577349001,"Generated","train","Dirichlet","d",3.63162658705818,2.00785257943058
-0.38277355938425,0.0571155512982944,"Generated","train","Dirichlet","d",3.63162658705818,2.00785257943058
-0.44329673505342,-0.0996378729888034,"Generated","train","Dirichlet","d",3.63162658705818,2.00785257943058
-0.331819497966337,0.0258389180598925,"Generated","train","Dirichlet","d",3.63162658705818,2.00785257943058
-0.199904073496418,0.0777823604035836,"Generated","train","Dirichlet","d",3.63162658705818,2.00785257943058
-0.375713027309996,0.0960516708116068,"Generated","train","Dirichlet","d",3.63162658705818,2.00785257943058
-0.338248253749839,0.121176731126287,"Generated","train","Dirichlet","d",3.63162658705818,2.00785257943058
-0.0983507766523575,0.0825252207303258,"Generated","train","Dirichlet","d",3.63162658705818,2.00785257943058
-0.334643582396798,0.0981415276054548,"Generated","train","Dirichlet","d",3.63162658705818,2.00785257943058
-0.348939163242742,0.0933312757910132,"Generated","train","Dirichlet","d",3.63162658705818,2.00785257943058
-0.16659366103482,0.144892251816352,"Generated","train","Dirichlet","d",3.63162658705818,2.00785257943058
-0.460941875969101,0.12409885845504,"Generated","train","Dirichlet","d",3.63162658705818,2.00785257943058
-0.42072535841245,-0.040991087311791,"Generated","train","Dirichlet","d",3.63162658705818,2.00785257943058
-0.339779087769343,0.0836021657406664,"Generated","train","Dirichlet","d",3.63162658705818,2.00785257943058
0.177469106679989,-0.0528684009574344,"Generated","train","Dirichlet","d",3.63162658705818,2.00785257943058
0.0217337190304446,-0.0474149801017502,"Generated","train","Dirichlet","d",3.63162658705818,2.00785257943058
-0.287033797097712,0.00510481202861708,"Generated","train","Dirichlet","d",3.63162658705818,2.00785257943058
-0.262035008654178,-0.316570522964956,"Generated","train","Dirichlet","d",3.63162658705818,2.00785257943058
-0.334124198880024,0.18158214023752,"Generated","train","Dirichlet","d",3.63162658705818,2.00785257943058
-0.322444906643152,0.0483280409506315,"Generated","train","Dirichlet","d",3.63162658705818,2.00785257943058
-0.311012718405859,0.13263687465471,"Generated","train","Dirichlet","d",3.63162658705818,2.00785257943058
-0.169626772290323,-0.0116359987791211,"Generated","train","Dirichlet","d",3.63162658705818,2.00785257943058
-0.097798783103414,0.0760527515264262,"Generated","train","Dirichlet","d",3.63162658705818,2.00785257943058
0.0303839041677948,0.168631924752901,"Generated","train","Dirichlet","d",3.63162658705818,2.00785257943058
-0.352220863503552,0.0823232818322361,"Generated","train","Dirichlet","d",3.63162658705818,2.00785257943058
-0.0262319614393841,0.166457171209984,"Generated","train","Dirichlet","d",3.63162658705818,2.00785257943058
-0.406234105076763,0.0929480710625658,"Generated","train","Dirichlet","d",3.63162658705818,2.00785257943058
-0.339771239885832,0.038928821362453,"Generated","train","Dirichlet","d",3.63162658705818,2.00785257943058
0.175443914982596,-0.0688263775633456,"Generated","train","Dirichlet","d",3.63162658705818,2.00785257943058
-0.281653773040566,0.0877953970948664,"Generated","train","Dirichlet","d",3.63162658705818,2.00785257943058
-0.275595998200923,0.123353592641808,"Generated","train","Dirichlet","d",3.63162658705818,2.00785257943058
0.0117609397587456,0.121010817353609,"Generated","train","Dirichlet","d",3.63162658705818,2.00785257943058
-0.167836030657304,0.0713611815525977,"Generated","train","Dirichlet","d",3.63162658705818,2.00785257943058
0.0948479968743201,-0.0274119799233067,"Generated","train","Dirichlet","d",3.63162658705818,2.00785257943058
-0.130388859037295,0.157361860573867,"Generated","train","Dirichlet","d",3.63162658705818,2.00785257943058
-0.119337493727531,-0.0372173307484649,"Generated","train","Dirichlet","d",3.63162658705818,2.00785257943058
-0.168795779270234,0.0193574883918942,"Generated","train","Dirichlet","d",3.63162658705818,2.00785257943058
-0.336894375653359,0.0813997589150898,"Generated","train","Dirichlet","d",3.63162658705818,2.00785257943058
-0.148489851979853,-0.210100333829146,"Generated","train","Dirichlet","d",3.63162658705818,2.00785257943058
-0.278537625239031,0.0825768085940062,"Generated","train","Dirichlet","d",3.63162658705818,2.00785257943058
-0.327535205347241,0.100356291475124,"Generated","train","Dirichlet","d",3.63162658705818,2.00785257943058
-0.277979576243538,-0.0149065537509048,"Generated","train","Dirichlet","d",3.63162658705818,2.00785257943058
-0.364886245007713,0.0896900605342102,"Generated","train","Dirichlet","d",3.63162658705818,2.00785257943058
-0.295480713044856,0.143411785514739,"Generated","train","Dirichlet","d",3.63162658705818,2.00785257943058
-0.382049673730077,0.111929084521478,"Generated","train","Dirichlet","d",3.63162658705818,2.00785257943058
-0.402435612889059,0.0976302901697747,"Generated","train","Dirichlet","d",3.63162658705818,2.00785257943058
-0.395147289224224,0.0867182309698505,"Generated","train","Dirichlet","d",3.63162658705818,2.00785257943058
-0.35714503124049,0.115166028061676,"Generated","train","Dirichlet","d",3.63162658705818,2.00785257943058
-0.0144353579278926,0.204917656390088,"Generated","train","Dirichlet","d",3.63162658705818,2.00785257943058
-0.283583988280456,-0.0220172359357197,"Generated","train","Dirichlet","d",3.63162658705818,2.00785257943058
-0.103506042196243,0.0477253672259544,"Generated","train","Dirichlet","d",3.63162658705818,2.00785257943058
0.146701675054252,-0.0165874702645847,"Generated","train","Dirichlet","d",3.63162658705818,2.00785257943058
-0.27312702483637,0.108006444530218,"Generated","train","Dirichlet","d",3.63162658705818,2.00785257943058
-0.164785920893076,0.158754803754341,"Generated","train","Dirichlet","d",3.63162658705818,2.00785257943058
-0.376545726044762,-0.0279525551647682,"Generated","train","Dirichlet","d",3.63162658705818,2.00785257943058
-0.477548110780721,0.0969837753055413,"Generated","train","Dirichlet","d",3.63162658705818,2.00785257943058
-0.320909226951441,0.103459661522936,"Generated","train","Dirichlet","d",3.63162658705818,2.00785257943058
-0.273967621494217,0.199430121977431,"Generated","train","Dirichlet","d",3.63162658705818,2.00785257943058
-0.272724212259679,-0.0260340219687866,"Generated","train","Dirichlet","d",3.63162658705818,2.00785257943058
-0.439401885979351,0.0650271080874845,"Generated","train","Dirichlet","d",3.63162658705818,2.00785257943058
-0.4115745153172,0.0517110328910846,"Generated","train","Dirichlet","d",3.63162658705818,2.00785257943058
-0.416428087513017,-0.142515282382322,"Generated","train","Dirichlet","d",3.63162658705818,2.00785257943058
-0.318681106660817,0.113369665983078,"Generated","train","Dirichlet","d",3.63162658705818,2.00785257943058
-0.271829993399699,0.0545107283865534,"Generated","train","Dirichlet","d",3.63162658705818,2.00785257943058
-0.307566685888184,0.038613227007585,"Generated","train","Dirichlet","d",3.63162658705818,2.00785257943058
-0.351121588209581,0.160449301025748,"Generated","train","Dirichlet","d",3.63162658705818,2.00785257943058
0.052948095285839,-0.0229155028359325,"Generated","train","Dirichlet","d",3.63162658705818,2.00785257943058
-0.346618031404864,0.0864425999958122,"Generated","train","Dirichlet","d",3.63162658705818,2.00785257943058
0.281926724146885,-0.0621317637952768,"Generated","train","Dirichlet","d",3.63162658705818,2.00785257943058
0.0752279047067922,0.0634996775253266,"Generated","train","Dirichlet","d",3.63162658705818,2.00785257943058
-0.155326800453718,-0.03873475179865,"Generated","train","Dirichlet","d",3.63162658705818,2.00785257943058
0.0433478124749334,0.0760558599998232,"Generated","train","Dirichlet","d",3.63162658705818,2.00785257943058
-0.33822548006548,0.0749026623606416,"Generated","train","Dirichlet","d",3.63162658705818,2.00785257943058
-0.14736028842636,0.150871387097295,"Generated","train","Dirichlet","d",3.63162658705818,2.00785257943058
-0.292389485385522,0.128124586646634,"Generated","train","Dirichlet","d",3.63162658705818,2.00785257943058
-0.337183165067101,0.104527415867047,"Generated","train","Dirichlet","d",3.63162658705818,2.00785257943058
-0.273419020744086,0.123046512904721,"Generated","train","Dirichlet","d",3.63162658705818,2.00785257943058
-0.281264925144711,0.113375621863086,"Generated","train","Dirichlet","d",3.63162658705818,2.00785257943058
-0.195364441385779,-0.00141527685174844,"Generated","train","Dirichlet","d",3.63162658705818,2.00785257943058
-0.0302260138801955,0.203996369423305,"Generated","train","Dirichlet","d",3.63162658705818,2.00785257943058
-0.31416137484806,0.0509371598125358,"Generated","train","Dirichlet","d",3.63162658705818,2.00785257943058
-0.329361845301366,0.138466900221368,"Generated","train","Dirichlet","d",3.63162658705818,2.00785257943058
-0.0919913249480331,-0.0269429660687023,"Generated","train","Dirichlet","d",3.63162658705818,2.00785257943058
-0.0968433186596234,-0.0622598204271081,"Generated","train","Dirichlet","d",3.63162658705818,2.00785257943058
-0.434021344355968,-0.106575854291565,"Generated","train","Dirichlet","d",3.63162658705818,2.00785257943058
-0.433649210885566,0.0785410013930107,"Generated","train","Dirichlet","d",3.63162658705818,2.00785257943058
-0.261838931648175,0.110632022135887,"Generated","train","Dirichlet","d",3.63162658705818,2.00785257943058
-0.013262871318623,0.00869338735890393,"Generated","train","Dirichlet","d",3.63162658705818,2.00785257943058
-0.0844909597249398,0.141858241027055,"Generated","train","Dirichlet","d",3.63162658705818,2.00785257943058
-0.304017110044589,0.0592847353681656,"Generated","train","Dirichlet","d",3.63162658705818,2.00785257943058
0.0612819753183455,0.0429902317262577,"Generated","train","Dirichlet","d",3.63162658705818,2.00785257943058
-0.293974615260551,0.0375927005571281,"Generated","train","Dirichlet","d",3.63162658705818,2.00785257943058
-0.377496239924304,0.105938785366879,"Generated","train","Dirichlet","d",3.63162658705818,2.00785257943058
-0.408787617033335,0.0801524264206101,"Generated","train","Dirichlet","d",3.63162658705818,2.00785257943058
-0.45411164412007,0.0994297550233167,"Generated","train","Dirichlet","d",3.63162658705818,2.00785257943058
-0.375531522040431,0.1027032059617,"Generated","train","Dirichlet","d",3.63162658705818,2.00785257943058
-0.389794875385142,0.116261357044619,"Generated","train","Dirichlet","d",3.63162658705818,2.00785257943058
-0.156363247942461,0.136058314946542,"Generated","train","Dirichlet","d",3.63162658705818,2.00785257943058
-0.373216585927452,0.0757952363237209,"Generated","train","Dirichlet","d",3.63162658705818,2.00785257943058
-0.460623457986339,0.0839637206156056,"Generated","train","Dirichlet","d",3.63162658705818,2.00785257943058
-0.393917191805663,0.116642456889981,"Generated","train","Dirichlet","d",3.63162658705818,2.00785257943058
-0.396539281528707,0.0520927931590238,"Generated","train","Dirichlet","d",3.63162658705818,2.00785257943058
-0.240548129308982,0.0383064693022362,"Generated","train","Dirichlet","d",3.63162658705818,2.00785257943058
0.0447988772431069,-0.0210799522612353,"Generated","train","Dirichlet","d",3.63162658705818,2.00785257943058
-0.235957258599929,0.163869704854041,"Generated","train","Dirichlet","d",3.63162658705818,2.00785257943058
-0.298579565082379,-0.0265903011607901,"Generated","train","Dirichlet","d",3.63162658705818,2.00785257943058
-0.393339253865808,0.0723155406534054,"Generated","train","Dirichlet","d",3.63162658705818,2.00785257943058
-0.366821652331936,0.0691157663291638,"Generated","train","Dirichlet","d",3.63162658705818,2.00785257943058
-0.351591127111285,0.0999769569646455,"Generated","train","Dirichlet","d",3.63162658705818,2.00785257943058
-0.161334079913545,0.199865904731521,"Generated","train","Dirichlet","d",3.63162658705818,2.00785257943058
-0.359012409825444,0.0450117125018319,"Generated","train","Dirichlet","d",3.63162658705818,2.00785257943058
-0.427996998579084,-0.012125963095244,"Generated","train","Dirichlet","d",3.63162658705818,2.00785257943058
-0.244377518546655,0.0716092080920617,"Generated","train","Dirichlet","d",3.63162658705818,2.00785257943058
-0.0586960380551419,0.170796557430248,"Generated","train","Dirichlet","d",3.63162658705818,2.00785257943058
-0.367318730113397,0.0532674404172444,"Generated","train","Dirichlet","d",3.63162658705818,2.00785257943058
0.212553123222932,-0.0756266149669488,"Generated","train","Dirichlet","d",3.63162658705818,2.00785257943058
-0.0338285713724325,0.167350208584143,"Generated","train","Dirichlet","d",3.63162658705818,2.00785257943058
-0.396661563689492,0.141439353611921,"Generated","train","Dirichlet","d",3.63162658705818,2.00785257943058
-0.407776211522751,0.17084355733464,"Generated","train","Dirichlet","d",3.63162658705818,2.00785257943058
-0.359116336896548,0.0892274991354109,"Generated","train","Dirichlet","d",3.63162658705818,2.00785257943058
-0.320202741551293,0.0178628425853186,"Generated","train","Dirichlet","d",3.63162658705818,2.00785257943058
0.166336094197333,-0.0378579821984754,"Generated","train","Dirichlet","d",3.63162658705818,2.00785257943058
-0.35508022309493,0.0702291885096762,"Generated","train","Dirichlet","d",3.63162658705818,2.00785257943058
-0.299012893228588,0.059855654325182,"Generated","train","Dirichlet","d",3.63162658705818,2.00785257943058
-0.0837599818847175,-0.0191459078143819,"Generated","train","Dirichlet","d",3.63162658705818,2.00785257943058
-0.311939571850307,0.0101553627709721,"Generated","train","Dirichlet","d",3.63162658705818,2.00785257943058
-0.392476922171075,0.120256077410995,"Generated","train","Dirichlet","d",3.63162658705818,2.00785257943058
0.0162640978419777,0.184251116967241,"Generated","train","Dirichlet","d",3.63162658705818,2.00785257943058
-0.366023006930652,0.0685834077348433,"Generated","train","Dirichlet","d",3.63162658705818,2.00785257943058
-0.252375508119853,-0.0100326097099752,"Generated","train","Dirichlet","d",3.63162658705818,2.00785257943058
-0.336929227329887,0.108448310522095,"Generated","train","Dirichlet","d",3.63162658705818,2.00785257943058
-0.400548110302,0.150181383197985,"Generated","train","Dirichlet","d",3.63162658705818,2.00785257943058
-0.381204405715405,0.0668025737661411,"Generated","train","Dirichlet","d",3.63162658705818,2.00785257943058
-0.0767395743209157,-0.0337539067263557,"Generated","train","Dirichlet","d",3.63162658705818,2.00785257943058
-0.402598105446013,0.102354897702404,"Generated","train","Dirichlet","d",3.63162658705818,2.00785257943058
-0.405228377998105,-0.0826331869291138,"Generated","train","Dirichlet","d",3.63162658705818,2.00785257943058
-0.370065269551241,0.0952064357241676,"Generated","train","Dirichlet","d",3.63162658705818,2.00785257943058
-0.0296574436081393,-0.00935532771919572,"Generated","train","Dirichlet","d",3.63162658705818,2.00785257943058
-0.133599913710952,0.0230986137611327,"Generated","train","Dirichlet","d",3.63162658705818,2.00785257943058
-0.408185374015384,0.116094921782679,"Generated","train","Dirichlet","d",3.63162658705818,2.00785257943058
-0.415201318219403,0.0719904881602913,"Generated","train","Dirichlet","d",3.63162658705818,2.00785257943058
-0.391544039876551,0.0770844601503188,"Generated","train","Dirichlet","d",3.63162658705818,2.00785257943058
-0.316576601904408,0.126982742368345,"Generated","train","Dirichlet","d",3.63162658705818,2.00785257943058
-0.0431681534895237,0.220344753283227,"Generated","train","Dirichlet","d",3.63162658705818,2.00785257943058
-0.0754691693662256,0.214147535848485,"Generated","train","Dirichlet","d",3.63162658705818,2.00785257943058
-0.357201370408531,0.0635199062090003,"Generated","train","Dirichlet","d",3.63162658705818,2.00785257943058
-0.120841214535608,0.0496517621427929,"Generated","train","Dirichlet","d",3.63162658705818,2.00785257943058
-0.411880139512912,-0.0868755692941385,"Generated","train","Dirichlet","d",3.63162658705818,2.00785257943058
-0.370842215955965,-0.0518907583147762,"Generated","train","Dirichlet","d",3.63162658705818,2.00785257943058
-0.378023590949457,0.12823568581816,"Generated","train","Dirichlet","d",3.63162658705818,2.00785257943058
-0.295197256544948,0.112545235698485,"Generated","train","Dirichlet","d",3.63162658705818,2.00785257943058
-0.278613981418983,0.0268097627925433,"Generated","train","Dirichlet","d",3.63162658705818,2.00785257943058
0.112143486887159,0.163879979296866,"Generated","train","Dirichlet","d",3.63162658705818,2.00785257943058
-0.0564199758210672,0.176449332507475,"Generated","train","Dirichlet","d",3.63162658705818,2.00785257943058
-0.236835167386302,-0.246126521059075,"Generated","train","Dirichlet","d",3.63162658705818,2.00785257943058
-0.418777211847308,0.0909659514286389,"Generated","train","Dirichlet","d",3.63162658705818,2.00785257943058
-0.197262282255706,0.0302233460971871,"Generated","train","Dirichlet","d",3.63162658705818,2.00785257943058
-0.380330794119404,0.0862857364872056,"Generated","train","Dirichlet","d",3.63162658705818,2.00785257943058
-0.382856043105047,0.0969452511482269,"Generated","train","Dirichlet","d",3.63162658705818,2.00785257943058
-0.231359754165085,-0.0562534489052732,"Generated","train","Dirichlet","d",3.63162658705818,2.00785257943058
-0.391917438278143,0.0672635027709115,"Generated","train","Dirichlet","d",3.63162658705818,2.00785257943058
-0.15768890661234,0.0767171918675779,"Generated","train","Dirichlet","d",3.63162658705818,2.00785257943058
-0.327589291708255,0.0414651284045086,"Generated","train","Dirichlet","d",3.63162658705818,2.00785257943058
-0.197181703122157,0.0247728254853642,"Generated","train","Dirichlet","d",3.63162658705818,2.00785257943058
-0.320912266662893,0.0725546517633332,"Generated","train","Dirichlet","d",3.63162658705818,2.00785257943058
-0.250593693214684,0.109384156330749,"Generated","train","Dirichlet","d",3.63162658705818,2.00785257943058
-0.450230266083998,0.136787567525634,"Generated","train","Dirichlet","d",3.63162658705818,2.00785257943058
-0.281538903770475,0.13366114211488,"Generated","train","Dirichlet","d",3.63162658705818,2.00785257943058
-0.26582343783191,0.0969602653687932,"Generated","train","Dirichlet","d",3.63162658705818,2.00785257943058
-0.471719936396906,-0.718170986200019,"Generated","train","Dirichlet","d",3.63162658705818,2.00785257943058
-0.353586191785434,0.134002628602911,"Generated","train","Dirichlet","d",3.63162658705818,2.00785257943058
-0.399121500947197,0.151935160010022,"Generated","train","Dirichlet","d",3.63162658705818,2.00785257943058
-0.317774503369144,-0.414632034659507,"Generated","train","Dirichlet","d",3.63162658705818,2.00785257943058
0.137960851560931,0.143675687856869,"Generated","train","Dirichlet","d",3.63162658705818,2.00785257943058
-0.382131499242318,0.124092331051518,"Generated","train","Dirichlet","d",3.63162658705818,2.00785257943058
-0.209641044885664,0.119620093568051,"Generated","train","Dirichlet","d",3.63162658705818,2.00785257943058
-0.237099298921869,0.171002719486726,"Generated","train","Dirichlet","d",3.63162658705818,2.00785257943058
-0.398986503183385,0.136024036508807,"Generated","train","Dirichlet","d",3.63162658705818,2.00785257943058
-0.0954953357605901,0.0813029732593507,"Generated","train","Dirichlet","d",3.63162658705818,2.00785257943058
-0.136493834571207,0.0256116351111391,"Generated","train","Dirichlet","d",3.63162658705818,2.00785257943058
-0.360021567781563,0.0709772336575682,"Generated","train","Dirichlet","d",3.63162658705818,2.00785257943058
-0.391961132333842,0.208245797610377,"Generated","train","Dirichlet","d",3.63162658705818,2.00785257943058
-0.388468885437393,0.0949047268855512,"Generated","train","Dirichlet","d",3.63162658705818,2.00785257943058
-0.379203164650104,0.0762110314688584,"Generated","train","Dirichlet","d",3.63162658705818,2.00785257943058
0.365838815326978,-0.0735746533369683,"Generated","train","Dirichlet","d",3.63162658705818,2.00785257943058
-0.323657008024679,0.019832710618953,"Generated","train","Dirichlet","d",3.63162658705818,2.00785257943058
-0.282611263768687,-0.0252237410308465,"Generated","train","Dirichlet","d",3.63162658705818,2.00785257943058
0.102527016894275,0.164335107479689,"Generated","train","Dirichlet","d",3.63162658705818,2.00785257943058
-0.289320436628641,0.0828812227388482,"Generated","train","Dirichlet","d",3.63162658705818,2.00785257943058
-0.353942206108091,0.139308877062217,"Generated","train","Dirichlet","d",3.63162658705818,2.00785257943058
-0.240478984100996,0.118419816100226,"Generated","train","Dirichlet","d",3.63162658705818,2.00785257943058
-0.34254616787443,-0.307447006092976,"Generated","train","Dirichlet","d",3.63162658705818,2.00785257943058
-0.335641050582309,0.13646032817761,"Generated","train","Dirichlet","d",3.63162658705818,2.00785257943058
-0.399350472249029,0.112279260029847,"Generated","train","Dirichlet","d",3.63162658705818,2.00785257943058
-0.176670510686147,-0.0407637215493116,"Generated","train","Dirichlet","d",3.63162658705818,2.00785257943058
-0.0972508012840758,0.0189154305276096,"Generated","train","Dirichlet","d",3.63162658705818,2.00785257943058
-0.22141210939778,0.0104958852719797,"Generated","train","Dirichlet","d",3.63162658705818,2.00785257943058
0.0551310614185727,0.0284162999981959,"Generated","train","Dirichlet","d",3.63162658705818,2.00785257943058
-0.328203207551466,0.186075576165406,"Generated","train","Dirichlet","d",3.63162658705818,2.00785257943058
-0.353859965274771,0.068989195322196,"Generated","train","Dirichlet","d",3.63162658705818,2.00785257943058
-0.172449426315243,0.107675538724447,"Generated","train","Dirichlet","d",3.63162658705818,2.00785257943058
-0.173728074881623,-0.00131802259183527,"Generated","train","Dirichlet","d",3.63162658705818,2.00785257943058
-0.214774416831708,0.198337018727388,"Generated","train","Dirichlet","d",3.63162658705818,2.00785257943058
-0.283574329273852,0.0333801927190346,"Generated","train","Dirichlet","d",3.63162658705818,2.00785257943058
-0.230930945168794,0.162360665441057,"Generated","train","Dirichlet","d",3.63162658705818,2.00785257943058
-0.308236327281558,0.0765180573447762,"Generated","train","Dirichlet","d",3.63162658705818,2.00785257943058
-0.373456461757611,0.0812956991672675,"Generated","train","Dirichlet","d",3.63162658705818,2.00785257943058
-0.276962939381197,0.0582664119081521,"Generated","train","Dirichlet","d",3.63162658705818,2.00785257943058
-0.379428818472014,0.0864010616247342,"Generated","train","Dirichlet","d",3.63162658705818,2.00785257943058
-0.275298782997534,0.150483459627246,"Generated","train","Dirichlet","d",3.63162658705818,2.00785257943058
-0.283000084462424,0.0430641552693635,"Generated","train","Dirichlet","d",3.63162658705818,2.00785257943058
0.0758523342641901,0.136435159580289,"Generated","train","Dirichlet","d",3.63162658705818,2.00785257943058
0.0704514446749621,0.0333854003344283,"Generated","train","Dirichlet","d",3.63162658705818,2.00785257943058
-0.201174833477991,-0.0847278865092984,"Generated","train","Dirichlet","d",3.63162658705818,2.00785257943058
-0.325483963695976,0.0827539336859404,"Generated","train","Dirichlet","d",3.63162658705818,2.00785257943058
-0.226353834012621,-0.0129228027591969,"Generated","train","Dirichlet","d",3.63162658705818,2.00785257943058
-0.23413369031512,0.0864413735235401,"Generated","train","Dirichlet","d",3.63162658705818,2.00785257943058
-0.311491243599612,0.0528085496170081,"Generated","train","Dirichlet","d",3.63162658705818,2.00785257943058
-0.298847168598449,0.0692254541705892,"Generated","train","Dirichlet","d",3.63162658705818,2.00785257943058
-0.117856198321369,0.127654203504117,"Generated","train","Dirichlet","d",3.63162658705818,2.00785257943058
-0.404456403475269,0.0939987928958087,"Generated","train","Dirichlet","d",3.63162658705818,2.00785257943058
-0.390694431318859,0.0414136621125806,"Generated","train","Dirichlet","d",3.63162658705818,2.00785257943058
-0.342368104167487,0.10743534942097,"Generated","train","Dirichlet","d",3.63162658705818,2.00785257943058
-0.400213187705105,0.0162353039101232,"Generated","train","Dirichlet","d",3.63162658705818,2.00785257943058
-0.349359433676271,0.13118949805457,"Generated","train","Dirichlet","d",3.63162658705818,2.00785257943058
-0.130794837414987,0.124365701486236,"Generated","train","Dirichlet","d",3.63162658705818,2.00785257943058
-0.295302909792665,0.159761866870219,"Generated","train","Dirichlet","d",3.63162658705818,2.00785257943058
-0.203897202440065,0.121266943196435,"Generated","train","Dirichlet","d",3.63162658705818,2.00785257943058
0.0257578355562739,0.00971634835519915,"Generated","train","Dirichlet","d",3.63162658705818,2.00785257943058
-0.0712532940593576,0.19126086648973,"Generated","train","Dirichlet","d",3.63162658705818,2.00785257943058
-0.0241602857066463,0.120762589241126,"Generated","train","Dirichlet","d",3.63162658705818,2.00785257943058
-0.333727336496964,0.138085219154245,"Generated","train","Dirichlet","d",3.63162658705818,2.00785257943058
0.262137681186875,0.00819044653539556,"Generated","train","Dirichlet","d",3.63162658705818,2.00785257943058
-0.367110362977255,-0.368200184047727,"Generated","train","Dirichlet","d",3.63162658705818,2.00785257943058
-0.361680993031151,0.0496059985005031,"Generated","train","Dirichlet","d",3.63162658705818,2.00785257943058
-0.0592908940256291,-0.16169640460007,"Generated","train","Dirichlet","d",3.63162658705818,2.00785257943058
-0.0916698190472897,0.0600946462970548,"Generated","train","Dirichlet","d",3.63162658705818,2.00785257943058
-0.144698144998886,0.160298540872208,"Generated","train","Dirichlet","d",3.63162658705818,2.00785257943058
-0.172907566382126,0.0160894463650962,"Generated","train","Dirichlet","d",3.63162658705818,2.00785257943058
-0.396798573546355,0.0907984817735734,"Generated","train","Dirichlet","d",3.63162658705818,2.00785257943058
-0.390927524948553,0.0982630877526344,"Generated","train","Dirichlet","d",3.63162658705818,2.00785257943058
-0.349783175739463,0.127552132924786,"Generated","train","Dirichlet","d",3.63162658705818,2.00785257943058
0.177357914994469,0.0145612058433781,"Generated","train","Dirichlet","d",3.63162658705818,2.00785257943058
-0.394618142697732,0.0864064897967259,"Generated","train","Dirichlet","d",3.63162658705818,2.00785257943058
-0.19472129720655,0.105723001455696,"Generated","train","Dirichlet","d",3.63162658705818,2.00785257943058
-0.183402235911657,0.118920262082019,"Generated","train","Dirichlet","d",3.63162658705818,2.00785257943058
-0.358276402055456,0.116830755571601,"Generated","train","Dirichlet","d",3.63162658705818,2.00785257943058
-0.10791833547135,-0.133366514212237,"Generated","train","Dirichlet","d",3.63162658705818,2.00785257943058
-0.244695284889415,0.0821372891879717,"Generated","train","Dirichlet","d",3.63162658705818,2.00785257943058
-0.167759061704904,0.105047824450749,"Generated","train","Dirichlet","d",3.63162658705818,2.00785257943058
-0.299610260559636,0.11831756585957,"Generated","train","Dirichlet","d",3.63162658705818,2.00785257943058
0.105787994810567,0.193671330646235,"Generated","train","Dirichlet","d",3.63162658705818,2.00785257943058
-0.285903003799911,-0.0838718116551786,"Generated","train","Dirichlet","d",3.63162658705818,2.00785257943058
-0.205092008283571,0.0156236017397605,"Generated","train","Dirichlet","d",3.63162658705818,2.00785257943058
-0.370218775992392,0.086377316834047,"Generated","train","Dirichlet","d",3.63162658705818,2.00785257943058
-0.362998061126744,0.0782683058901811,"Generated","train","Dirichlet","d",3.63162658705818,2.00785257943058
0.289310235671829,0.0907050340117893,"Generated","train","Dirichlet","d",3.63162658705818,2.00785257943058
0.155198024253265,-0.0256236438132321,"Generated","train","Dirichlet","d",3.63162658705818,2.00785257943058
-0.359116737137447,0.098115233672925,"Generated","train","Dirichlet","d",3.63162658705818,2.00785257943058
-0.235164466319163,0.113073914370097,"Generated","train","Dirichlet","d",3.63162658705818,2.00785257943058
-0.401038361470142,0.106224934737577,"Generated","train","Dirichlet","d",3.63162658705818,2.00785257943058
-0.404966879197178,0.106790875308727,"Generated","train","Dirichlet","d",3.63162658705818,2.00785257943058
-0.322314961176342,0.0752780890654774,"Generated","train","Dirichlet","d",3.63162658705818,2.00785257943058
-0.445912240582449,-0.0851219413480513,"Generated","train","Dirichlet","d",3.63162658705818,2.00785257943058
0.119226092541112,-0.0728947443900411,"Generated","train","Dirichlet","d",3.63162658705818,2.00785257943058
-0.339321973843443,0.0906409939615495,"Generated","train","Dirichlet","d",3.63162658705818,2.00785257943058
-0.344851829887077,0.0584167786633639,"Generated","train","Dirichlet","d",3.63162658705818,2.00785257943058
-0.413864296777991,-0.129636528295498,"Generated","train","Dirichlet","d",3.63162658705818,2.00785257943058
-0.13975644281962,-0.00548412198228694,"Generated","train","Dirichlet","d",3.63162658705818,2.00785257943058
0.0449506145385226,-0.00816141956231296,"Generated","train","Dirichlet","d",3.63162658705818,2.00785257943058
-0.0655371886971552,0.184961936846038,"Generated","train","Dirichlet","d",3.63162658705818,2.00785257943058
-0.323051496347176,0.11850142234116,"Generated","train","Dirichlet","d",3.63162658705818,2.00785257943058
-0.0960929600904638,0.0282043772264354,"Generated","train","Dirichlet","d",3.63162658705818,2.00785257943058
-0.182215028218697,0.00335728016932722,"Generated","train","Dirichlet","d",3.63162658705818,2.00785257943058
-0.318775617072559,0.0589124165712448,"Generated","train","Dirichlet","d",3.63162658705818,2.00785257943058
-0.191500673455273,0.117209619615553,"Generated","train","Dirichlet","d",3.63162658705818,2.00785257943058
-0.407041474299567,0.158794357162704,"Generated","train","Dirichlet","d",3.63162658705818,2.00785257943058
-0.33247889981229,0.105647824362305,"Generated","train","Dirichlet","d",3.63162658705818,2.00785257943058
-0.403435885077266,0.0569492526242301,"Generated","train","Dirichlet","d",3.63162658705818,2.00785257943058
-0.141432201970699,-0.0304046100654524,"Generated","train","Dirichlet","d",3.63162658705818,2.00785257943058
-0.330604042795677,0.10060136899906,"Generated","train","Dirichlet","d",3.63162658705818,2.00785257943058
-0.385097017744748,0.14074537603058,"Generated","train","Dirichlet","d",3.63162658705818,2.00785257943058
-0.194036120596128,0.0469742027702403,"Generated","train","Dirichlet","d",3.63162658705818,2.00785257943058
-0.438897855523735,0.11613340898242,"Generated","train","Dirichlet","d",3.63162658705818,2.00785257943058
-0.34294566520263,0.0916756817985057,"Generated","train","Dirichlet","d",3.63162658705818,2.00785257943058
-0.411979232367854,-0.0440937168893249,"Generated","train","Dirichlet","d",3.63162658705818,2.00785257943058
-0.205928839959756,0.0120717237291568,"Generated","train","Dirichlet","d",3.63162658705818,2.00785257943058
-0.173062327310573,0.0262407397594317,"Generated","train","Dirichlet","d",3.63162658705818,2.00785257943058
-0.247212769005159,0.130799561218266,"Generated","train","Dirichlet","d",3.63162658705818,2.00785257943058
-0.284719617292904,0.16789437868536,"Generated","train","Dirichlet","d",3.63162658705818,2.00785257943058
-0.214505483463638,0.0647496069212951,"Generated","train","Dirichlet","d",3.63162658705818,2.00785257943058
-0.383213168021812,0.0423331535996399,"Generated","train","Dirichlet","d",3.63162658705818,2.00785257943058
-0.340272183450722,0.10986694944999,"Generated","train","Dirichlet","d",3.63162658705818,2.00785257943058
-0.21573744163926,0.135328848846822,"Generated","train","Dirichlet","d",3.63162658705818,2.00785257943058
-0.154092189543278,-0.0345372481328129,"Generated","train","Dirichlet","d",3.63162658705818,2.00785257943058
-0.264720300293222,0.0769783140795125,"Generated","train","Dirichlet","d",3.63162658705818,2.00785257943058
-0.254229122755861,0.125448438807465,"Generated","train","Dirichlet","d",3.63162658705818,2.00785257943058
-0.350713074273391,-0.115187399628097,"Generated","train","Dirichlet","d",3.63162658705818,2.00785257943058
-0.436045553437485,0.169050730481002,"Generated","train","Dirichlet","d",3.63162658705818,2.00785257943058
-0.245702624139979,0.0274050493503261,"Generated","train","Dirichlet","d",3.63162658705818,2.00785257943058
-0.258143504881208,0.0612424115886294,"Generated","train","Dirichlet","d",3.63162658705818,2.00785257943058
-0.288928941588097,0.0206057079045227,"Generated","train","Dirichlet","d",3.63162658705818,2.00785257943058
-0.135618812795979,0.244482572057515,"Generated","train","Dirichlet","d",3.63162658705818,2.00785257943058
-0.460324359736337,0.0788226593134654,"Generated","train","Dirichlet","d",3.63162658705818,2.00785257943058
0.121669982680643,-0.044428500661896,"Generated","train","Dirichlet","d",3.63162658705818,2.00785257943058
-0.235261984316226,0.0647542964087143,"Generated","train","Dirichlet","d",3.63162658705818,2.00785257943058
-0.300656585533789,0.0769802019556547,"Generated","train","Dirichlet","d",3.63162658705818,2.00785257943058
-0.322574796363109,0.075901161653563,"Generated","train","Dirichlet","d",3.63162658705818,2.00785257943058
-0.341645997757107,0.113599436397422,"Generated","train","Dirichlet","d",3.63162658705818,2.00785257943058
-0.441124562494724,0.15987745231626,"Generated","train","Dirichlet","d",3.63162658705818,2.00785257943058
-0.426061640921191,0.176582212473549,"Generated","train","Dirichlet","d",3.63162658705818,2.00785257943058
-0.31370607359064,0.142059010358898,"Generated","train","Dirichlet","d",3.63162658705818,2.00785257943058
-0.377710641014463,0.106323144654495,"Generated","train","Dirichlet","d",3.63162658705818,2.00785257943058
-0.311335707721773,0.0247354362236488,"Generated","train","Dirichlet","d",3.63162658705818,2.00785257943058
-0.00122619118864243,0.0777412781450249,"Generated","train","Dirichlet","d",3.63162658705818,2.00785257943058
-0.281047823575116,0.112323781809082,"Generated","train","Dirichlet","d",3.63162658705818,2.00785257943058
-0.0436416733438035,-0.0548050306774037,"Generated","train","Dirichlet","d",3.63162658705818,2.00785257943058
-0.341428067069248,0.0746932377240537,"Generated","train","Dirichlet","d",3.63162658705818,2.00785257943058
-0.129384241949709,0.147680115126774,"Generated","train","Dirichlet","d",3.63162658705818,2.00785257943058
-0.0915733349689072,0.199226174695129,"Generated","train","Dirichlet","d",3.63162658705818,2.00785257943058
-0.412403177624662,0.142281464357318,"Generated","train","Dirichlet","d",3.63162658705818,2.00785257943058
-0.273086797103549,0.110856653946205,"Generated","train","Dirichlet","d",3.63162658705818,2.00785257943058
0.0434309345327895,0.0579462871757111,"Generated","train","Dirichlet","d",3.63162658705818,2.00785257943058
-0.261826496528253,-0.0248762021202672,"Generated","train","Dirichlet","d",3.63162658705818,2.00785257943058
-0.238342524895171,0.211096431115641,"Generated","train","Dirichlet","d",3.63162658705818,2.00785257943058
0.287031381799409,0.138512867240938,"Generated","train","Dirichlet","d",3.63162658705818,2.00785257943058
-0.113732650833804,-0.0759082949552323,"Generated","train","Dirichlet","d",3.63162658705818,2.00785257943058
-0.0616235761591416,0.216163448728237,"Generated","train","Dirichlet","d",3.63162658705818,2.00785257943058
-0.149603469277467,0.0455101342856598,"Generated","train","Dirichlet","d",3.63162658705818,2.00785257943058
-0.228795217998228,0.0604969089449765,"Generated","train","Dirichlet","d",3.63162658705818,2.00785257943058
-0.415477645238896,0.0373284651147385,"Generated","train","Dirichlet","d",3.63162658705818,2.00785257943058
-0.33852494713443,0.0776691671360586,"Generated","train","Dirichlet","d",3.63162658705818,2.00785257943058
-0.0280384896191538,-0.00847968721478643,"Generated","train","Dirichlet","d",3.63162658705818,2.00785257943058
-0.335761438955718,0.068504858997979,"Generated","train","Dirichlet","d",3.63162658705818,2.00785257943058
-0.296077951447559,0.0952616813358758,"Generated","train","Dirichlet","d",3.63162658705818,2.00785257943058
-0.400464472816106,0.183935774305002,"Generated","train","Dirichlet","d",3.63162658705818,2.00785257943058
-0.423334446939727,0.123930703414184,"Generated","train","Dirichlet","d",3.63162658705818,2.00785257943058
-0.279680919284466,0.112201531326927,"Generated","train","Dirichlet","d",3.63162658705818,2.00785257943058
-0.197580259684087,0.144410126928906,"Generated","train","Dirichlet","d",3.63162658705818,2.00785257943058
-0.323905275173733,0.0256431043759972,"Generated","train","Dirichlet","d",3.63162658705818,2.00785257943058
-0.295317928216964,0.105499349188661,"Generated","train","Dirichlet","d",3.63162658705818,2.00785257943058
-0.316732241134423,0.112090912079214,"Generated","train","Dirichlet","d",3.63162658705818,2.00785257943058
-0.353090994557144,0.0955491791683982,"Generated","train","Dirichlet","d",3.63162658705818,2.00785257943058
-0.292804835110609,0.0448129481234115,"Generated","train","Dirichlet","d",3.63162658705818,2.00785257943058
-0.245854619356585,0.0907738132005115,"Generated","train","Dirichlet","d",3.63162658705818,2.00785257943058
-0.28295022918365,0.0496550673287266,"Generated","train","Dirichlet","d",3.63162658705818,2.00785257943058
-0.33072318149598,0.107525316847327,"Generated","train","Dirichlet","d",3.63162658705818,2.00785257943058
-0.402024753979217,0.062227913329454,"Generated","train","Dirichlet","d",3.63162658705818,2.00785257943058
-0.368213616631638,0.153406040005771,"Generated","train","Dirichlet","d",3.63162658705818,2.00785257943058
-0.143626906658284,-0.00542756284953902,"Generated","train","Dirichlet","d",3.63162658705818,2.00785257943058
-0.253827015863698,0.022749345761543,"Generated","train","Dirichlet","d",3.63162658705818,2.00785257943058
0.358320160326307,-0.11497413655708,"Generated","train","Dirichlet","d",3.63162658705818,2.00785257943058
-0.390443238339762,0.101116300124853,"Generated","train","Dirichlet","d",3.63162658705818,2.00785257943058
-0.414987544356666,0.0930309610341933,"Generated","train","Dirichlet","d",3.63162658705818,2.00785257943058
-0.304989386984016,0.0699307503650262,"Generated","train","Dirichlet","d",3.63162658705818,2.00785257943058
-0.245806492220016,-0.0674547819894918,"Generated","train","Dirichlet","d",3.63162658705818,2.00785257943058
-0.260325728644578,0.111684155372274,"Generated","train","Dirichlet","d",3.63162658705818,2.00785257943058
0.105357482445621,-0.032355405591569,"Generated","train","Dirichlet","d",3.63162658705818,2.00785257943058
-0.364554298628655,0.0959179127126992,"Generated","train","Dirichlet","d",3.63162658705818,2.00785257943058
-0.194490561800466,0.0341516343835258,"Generated","train","Dirichlet","d",3.63162658705818,2.00785257943058
-0.297970762338645,0.0764291154517249,"Generated","train","Dirichlet","d",3.63162658705818,2.00785257943058
0.0533940180681653,-0.0301397213661207,"Generated","train","Dirichlet","d",3.63162658705818,2.00785257943058
0.319668796531745,0.0396666919063136,"Generated","train","Dirichlet","d",3.63162658705818,2.00785257943058
-0.46111419571537,-0.0162153239730226,"Generated","train","Dirichlet","d",3.63162658705818,2.00785257943058
-0.296490084916582,0.0740320568727221,"Generated","train","Dirichlet","d",3.63162658705818,2.00785257943058
-0.353842244641894,0.113411367755961,"Generated","train","Dirichlet","d",3.63162658705818,2.00785257943058
-0.117689568311973,0.151400722888639,"Generated","train","Dirichlet","d",3.63162658705818,2.00785257943058
0.131266228729275,-0.0705806801946436,"Generated","train","Dirichlet","d",3.63162658705818,2.00785257943058
-0.136580511532847,0.149454261834626,"Generated","train","Dirichlet","d",3.63162658705818,2.00785257943058
-0.41948938670727,0.0630836066677572,"Generated","train","Dirichlet","d",3.63162658705818,2.00785257943058
-0.376542232053162,0.0343377168766798,"Generated","train","Dirichlet","d",3.63162658705818,2.00785257943058
-0.0377865764045416,0.00596680624275412,"Generated","train","Dirichlet","d",3.63162658705818,2.00785257943058
-0.368642455320887,0.143203982510857,"Generated","train","Dirichlet","d",3.63162658705818,2.00785257943058
-0.301927331182701,0.0314731282357217,"Generated","train","Dirichlet","d",3.63162658705818,2.00785257943058
-0.310369481608121,0.052174728756244,"Generated","train","Dirichlet","d",3.63162658705818,2.00785257943058
-0.449730108724337,0.0870521938529999,"Generated","train","Dirichlet","d",3.63162658705818,2.00785257943058
-0.324244524358445,0.0786472304405493,"Generated","train","Dirichlet","d",3.63162658705818,2.00785257943058
-0.290900196705741,0.0926942296999211,"Generated","train","Dirichlet","d",3.63162658705818,2.00785257943058
-0.253984437546797,0.113217970790436,"Generated","train","Dirichlet","d",3.63162658705818,2.00785257943058
0.0084839081071771,-0.00454376833116397,"Generated","train","Dirichlet","d",3.63162658705818,2.00785257943058
-0.294836757931269,0.148994276679044,"Generated","train","Dirichlet","d",3.63162658705818,2.00785257943058
-0.360869919232485,0.0975231825886106,"Generated","train","Dirichlet","d",3.63162658705818,2.00785257943058
0.0415622455243055,0.232402094182854,"Generated","train","Dirichlet","d",3.63162658705818,2.00785257943058
-0.352663907498996,0.0633680965300707,"Generated","train","Dirichlet","d",3.63162658705818,2.00785257943058
-0.212775396312976,0.138775906063846,"Generated","train","Dirichlet","d",3.63162658705818,2.00785257943058
-0.0241890861694575,-0.140946947306415,"Generated","train","Dirichlet","d",3.63162658705818,2.00785257943058
-0.191943357676149,0.132058513363217,"Generated","train","Dirichlet","d",3.63162658705818,2.00785257943058
-0.327278597432802,0.00999436675787037,"Generated","train","Dirichlet","d",3.63162658705818,2.00785257943058
-0.319247450908114,0.111466047332971,"Generated","train","Dirichlet","d",3.63162658705818,2.00785257943058
-0.0550972631455572,0.174338294296186,"Generated","train","Dirichlet","d",3.63162658705818,2.00785257943058
-0.222417943455627,0.211228042459903,"Generated","train","Dirichlet","d",3.63162658705818,2.00785257943058
-0.248487961770833,0.0570807665845352,"Generated","train","Dirichlet","d",3.63162658705818,2.00785257943058
-0.228569671797927,0.0723590156029839,"Generated","train","Dirichlet","d",3.63162658705818,2.00785257943058
-0.143614646695144,0.0788044687174882,"Generated","train","Dirichlet","d",3.63162658705818,2.00785257943058
-0.261111492010716,0.00898121369926869,"Generated","train","Dirichlet","d",3.63162658705818,2.00785257943058
-0.415844003761511,0.0889938566429369,"Generated","train","Dirichlet","d",3.63162658705818,2.00785257943058
-0.349766424722425,0.0640707963089914,"Generated","train","Dirichlet","d",3.63162658705818,2.00785257943058
-0.292381734462148,0.133226978353989,"Generated","train","Dirichlet","d",3.63162658705818,2.00785257943058
-0.142246006768446,0.0013995737924659,"Generated","train","Dirichlet","d",3.63162658705818,2.00785257943058
-0.422637208373242,0.0993015961855176,"Generated","train","Dirichlet","d",3.63162658705818,2.00785257943058
-0.439267729547,-0.000681805763225483,"Generated","train","Dirichlet","d",3.63162658705818,2.00785257943058
-0.325191780234382,0.028170497006928,"Generated","train","Dirichlet","d",3.63162658705818,2.00785257943058
-0.304265908081932,0.0378746817390673,"Generated","train","Dirichlet","d",3.63162658705818,2.00785257943058
-0.408702505078482,0.123042552775225,"Generated","train","Dirichlet","d",3.63162658705818,2.00785257943058
-0.279346150166511,0.0469741637396629,"Generated","train","Dirichlet","d",3.63162658705818,2.00785257943058
-0.237917466425894,0.140901604024562,"Generated","train","Dirichlet","d",3.63162658705818,2.00785257943058
-0.218419426952795,0.0570872104455178,"Generated","train","Dirichlet","d",3.63162658705818,2.00785257943058
-0.26417134165892,0.127645550878084,"Generated","train","Dirichlet","d",3.63162658705818,2.00785257943058
-0.357831314120911,0.0608944135841116,"Generated","train","Dirichlet","d",3.63162658705818,2.00785257943058
-0.320784051134977,0.0999166058739436,"Generated","train","Dirichlet","d",3.63162658705818,2.00785257943058
-0.468775267660022,-0.00670499963084953,"Generated","train","Dirichlet","d",3.63162658705818,2.00785257943058
-0.11574075540193,0.0863778731647623,"Generated","train","Dirichlet","d",3.63162658705818,2.00785257943058
-0.424194996260227,0.125181189591857,"Generated","train","Dirichlet","d",3.63162658705818,2.00785257943058
-0.422642230233011,0.0795205735335039,"Generated","train","Dirichlet","d",3.63162658705818,2.00785257943058
-0.0164392834281427,0.0886428656723972,"Generated","train","Dirichlet","d",3.63162658705818,2.00785257943058
-0.374695056747771,0.16528100789842,"Generated","train","Dirichlet","d",3.63162658705818,2.00785257943058
-0.273875671150253,0.046748838934474,"Generated","train","Dirichlet","d",3.63162658705818,2.00785257943058
-0.376431709350749,0.173131950355899,"Generated","train","Dirichlet","d",3.63162658705818,2.00785257943058
-0.206070551354658,0.163841876861125,"Generated","train","Dirichlet","d",3.63162658705818,2.00785257943058
-0.0135625690282055,-0.0765515253996665,"Generated","train","Dirichlet","d",3.63162658705818,2.00785257943058
-0.2395216355456,0.131942710096496,"Generated","train","Dirichlet","d",3.63162658705818,2.00785257943058
-0.163317139158699,0.149568414961763,"Generated","train","Dirichlet","d",3.63162658705818,2.00785257943058
-0.384923783519671,0.145299594347527,"Generated","train","Dirichlet","d",3.63162658705818,2.00785257943058
0.187738713888065,-0.0831009188144196,"Generated","train","Dirichlet","d",3.63162658705818,2.00785257943058
-0.340893501081713,0.0407258341469055,"Generated","train","Dirichlet","d",3.63162658705818,2.00785257943058
-0.332882010411415,0.113761143876843,"Generated","train","Dirichlet","d",3.63162658705818,2.00785257943058
-0.319801125658947,0.0412354927183799,"Generated","train","Dirichlet","d",3.63162658705818,2.00785257943058
-0.248621158693489,0.178225894884123,"Generated","train","Dirichlet","d",3.63162658705818,2.00785257943058
-0.212397941055994,0.0163111083632117,"Generated","train","Dirichlet","d",3.63162658705818,2.00785257943058
-0.357356510731701,0.0915564013106102,"Generated","train","Dirichlet","d",3.63162658705818,2.00785257943058
-0.40968330200011,0.127275181557416,"Generated","train","Dirichlet","d",3.63162658705818,2.00785257943058
-0.206869469418281,0.060536091139544,"Generated","train","Dirichlet","d",3.63162658705818,2.00785257943058
-0.322029647986763,0.00811086064438629,"Generated","train","Dirichlet","d",3.63162658705818,2.00785257943058
-0.407790967539748,0.154711005449529,"Generated","train","Dirichlet","d",3.63162658705818,2.00785257943058
-0.289160598226105,0.0993571976631179,"Generated","train","Dirichlet","d",3.63162658705818,2.00785257943058
-0.021699708454113,0.0229079532974966,"Generated","train","Dirichlet","d",3.63162658705818,2.00785257943058
-0.216234332440032,0.0590750094857595,"Generated","train","Dirichlet","d",3.63162658705818,2.00785257943058
0.0242430741983121,0.156867879225686,"Generated","train","Dirichlet","d",3.63162658705818,2.00785257943058
-0.0898772319451282,-0.0601714827471002,"Generated","train","Dirichlet","d",3.63162658705818,2.00785257943058
-0.343063949897468,0.124496754080284,"Generated","train","Dirichlet","d",3.63162658705818,2.00785257943058
-0.290855008013301,0.115435045116616,"Generated","train","Dirichlet","d",3.63162658705818,2.00785257943058
0.11134047973175,0.229485543588874,"Generated","train","Dirichlet","d",3.63162658705818,2.00785257943058
-0.273927872138689,0.0502687047157972,"Generated","train","Dirichlet","d",3.63162658705818,2.00785257943058
-0.307104073977459,0.070564290281988,"Generated","train","Dirichlet","d",3.63162658705818,2.00785257943058
-0.332239152564251,0.148383189552385,"Generated","train","Dirichlet","d",3.63162658705818,2.00785257943058
0.00390136540028347,-0.0562092984213561,"Generated","train","Dirichlet","d",3.63162658705818,2.00785257943058
-0.081212574999882,0.163517140864586,"Generated","train","Dirichlet","d",3.63162658705818,2.00785257943058
-0.406949181128443,0.123942971095809,"Generated","train","Dirichlet","d",3.63162658705818,2.00785257943058
-0.0428206923684606,0.162650099971187,"Generated","train","Dirichlet","d",3.63162658705818,2.00785257943058
-0.310341486921793,0.0472790786823445,"Generated","train","Dirichlet","d",3.63162658705818,2.00785257943058
-0.435084320430923,0.0399658965147933,"Generated","train","Dirichlet","d",3.63162658705818,2.00785257943058
-0.150099413091798,0.168995662137843,"Generated","train","Dirichlet","d",3.63162658705818,2.00785257943058
-0.194321617167382,0.129400343171393,"Generated","train","Dirichlet","d",3.63162658705818,2.00785257943058
-0.385421341402196,0.169156726450241,"Generated","train","Dirichlet","d",3.63162658705818,2.00785257943058
-0.361601937047039,0.069246693330829,"Generated","train","Dirichlet","d",3.63162658705818,2.00785257943058
-0.400590797252584,0.0618832378951169,"Generated","train","Dirichlet","d",3.63162658705818,2.00785257943058
-0.37655302816586,0.035055998921687,"Generated","train","Dirichlet","d",3.63162658705818,2.00785257943058
-0.370496279517848,0.137335064884552,"Generated","train","Dirichlet","d",3.63162658705818,2.00785257943058
-0.414522405455247,0.159291317542791,"Generated","train","Dirichlet","d",3.63162658705818,2.00785257943058
-0.429550155559034,0.100247458278616,"Generated","train","Dirichlet","d",3.63162658705818,2.00785257943058
-0.322238092848414,0.149574780031708,"Generated","train","Dirichlet","d",3.63162658705818,2.00785257943058
-0.257799547328146,0.146742967640475,"Generated","train","Dirichlet","d",3.63162658705818,2.00785257943058
-0.311510562071296,0.087691182766923,"Generated","train","Dirichlet","d",3.63162658705818,2.00785257943058
-0.335280458034483,0.0762549311301177,"Generated","train","Dirichlet","d",3.63162658705818,2.00785257943058
-0.363113368208029,-0.234382923521051,"Generated","train","Dirichlet","d",3.63162658705818,2.00785257943058
-0.328036847677825,0.112832683658333,"Generated","train","Dirichlet","d",3.63162658705818,2.00785257943058
-0.190478393273304,0.15210509422992,"Generated","train","Dirichlet","d",3.63162658705818,2.00785257943058
-0.425191613445962,0.176275051954942,"Generated","train","Dirichlet","d",3.63162658705818,2.00785257943058
-0.321469290430966,0.0904805623220035,"Generated","train","Dirichlet","d",3.63162658705818,2.00785257943058
-0.354878524618955,0.0798627739035487,"Generated","train","Dirichlet","d",3.63162658705818,2.00785257943058
-0.243791196528081,-0.125714689614778,"Generated","train","Dirichlet","d",3.63162658705818,2.00785257943058
-0.161604766801211,0.162305068049498,"Generated","train","Dirichlet","d",3.63162658705818,2.00785257943058
-0.391705163512657,0.106712737641783,"Generated","train","Dirichlet","d",3.63162658705818,2.00785257943058
-0.375428440164917,0.114923812529593,"Generated","train","Dirichlet","d",3.63162658705818,2.00785257943058
-0.30470885867474,-0.128678989604815,"Generated","train","Dirichlet","d",3.63162658705818,2.00785257943058
-0.363913596451269,0.0557595316297022,"Generated","train","Dirichlet","d",3.63162658705818,2.00785257943058
-0.115327621603718,-0.0506073034405418,"Generated","train","Dirichlet","d",3.63162658705818,2.00785257943058
-0.401244450942971,0.0735930435646651,"Generated","train","Dirichlet","d",3.63162658705818,2.00785257943058
-0.227209046324861,0.0777809144916337,"Generated","train","Dirichlet","d",3.63162658705818,2.00785257943058
-0.0817392465540714,0.122657241348536,"Generated","train","Dirichlet","d",3.63162658705818,2.00785257943058
-0.357695926194745,0.0775427436904892,"Generated","train","Dirichlet","d",3.63162658705818,2.00785257943058
-0.104464794538701,0.172467591753962,"Generated","train","Dirichlet","d",3.63162658705818,2.00785257943058
-0.215000168319857,-0.0441488734432213,"Generated","train","Dirichlet","d",3.63162658705818,2.00785257943058
-0.0775622780648732,0.140529565705001,"Generated","train","Dirichlet","d",3.63162658705818,2.00785257943058
-0.396172804521314,0.0793265929261511,"Generated","train","Dirichlet","d",3.63162658705818,2.00785257943058
-0.3502117272218,0.105766372143395,"Generated","train","Dirichlet","d",3.63162658705818,2.00785257943058
-0.393997682880671,0.0731838897986453,"Generated","train","Dirichlet","d",3.63162658705818,2.00785257943058
-0.200665213005847,0.090511643647567,"Generated","train","Dirichlet","d",3.63162658705818,2.00785257943058
-0.295665118665026,0.108481202412782,"Generated","train","Dirichlet","d",3.63162658705818,2.00785257943058
0.149482269450785,0.0205846801682895,"Generated","train","Dirichlet","d",3.63162658705818,2.00785257943058
-0.349954471268828,0.157680075023707,"Generated","train","Dirichlet","d",3.63162658705818,2.00785257943058
-0.418872320568362,0.1093817863366,"Generated","train","Dirichlet","d",3.63162658705818,2.00785257943058
-0.363337866765632,0.0749255894393027,"Generated","train","Dirichlet","d",3.63162658705818,2.00785257943058
-0.187300476641062,0.0794673002144473,"Generated","train","Dirichlet","d",3.63162658705818,2.00785257943058
-0.077276265187456,-0.00301923938845224,"Generated","train","Dirichlet","d",3.63162658705818,2.00785257943058
-0.151964008210198,0.0192767822873153,"Generated","train","Dirichlet","d",3.63162658705818,2.00785257943058
-0.399536617778577,0.0642161781281421,"Generated","train","Dirichlet","d",3.63162658705818,2.00785257943058
-0.297683105316952,0.0309618016993017,"Generated","train","Dirichlet","d",3.63162658705818,2.00785257943058
-0.221149486563436,-0.00862884615997022,"Generated","train","Dirichlet","d",3.63162658705818,2.00785257943058
-0.328601267127456,0.15815260613954,"Generated","train","Dirichlet","d",3.63162658705818,2.00785257943058
-0.364858864848241,0.105565276557795,"Generated","train","Dirichlet","d",3.63162658705818,2.00785257943058
-0.418784896900877,0.131741335817374,"Generated","train","Dirichlet","d",3.63162658705818,2.00785257943058
-0.458335838496408,0.116698779246946,"Generated","train","Dirichlet","d",3.63162658705818,2.00785257943058
-0.366696461035512,0.0954374549334655,"Generated","train","Dirichlet","d",3.63162658705818,2.00785257943058
-0.388871625953899,0.0785941644201492,"Generated","train","Dirichlet","d",3.63162658705818,2.00785257943058
-0.257855105926326,0.101215276395125,"Generated","train","Dirichlet","d",3.63162658705818,2.00785257943058
-0.30708013760559,0.0240100777450968,"Generated","train","Dirichlet","d",3.63162658705818,2.00785257943058
0.0192200608510194,-0.0324213428481539,"Generated","train","Dirichlet","d",3.63162658705818,2.00785257943058
-0.247401911564604,0.0797258308184731,"Generated","train","Dirichlet","d",3.63162658705818,2.00785257943058
-0.117611035713275,0.101907300364485,"Generated","train","Dirichlet","d",3.63162658705818,2.00785257943058
-0.392973702980832,0.112761878706873,"Generated","train","Dirichlet","d",3.63162658705818,2.00785257943058
-0.171133242350603,-0.275465987893147,"Generated","train","Dirichlet","d",3.63162658705818,2.00785257943058
-0.37403955475855,0.0720377451900681,"Generated","train","Dirichlet","d",3.63162658705818,2.00785257943058
-0.376865607927184,0.0364396330672847,"Generated","train","Dirichlet","d",3.63162658705818,2.00785257943058
-0.380945009683939,0.142791179812327,"Generated","train","Dirichlet","d",3.63162658705818,2.00785257943058
-0.231822436079625,0.143419868616583,"Generated","train","Dirichlet","d",3.63162658705818,2.00785257943058
-0.221417285299451,0.022645538669583,"Generated","train","Dirichlet","d",3.63162658705818,2.00785257943058
-0.34132008255503,0.0552224600000309,"Generated","train","Dirichlet","d",3.63162658705818,2.00785257943058
-0.13659308841563,0.203419925561742,"Generated","train","Dirichlet","d",3.63162658705818,2.00785257943058
-0.381959329238665,0.121025589854695,"Generated","train","Dirichlet","d",3.63162658705818,2.00785257943058
0.263217900871727,-0.0234295222836958,"Generated","train","Dirichlet","d",3.63162658705818,2.00785257943058
-0.406049828316208,0.130526241972682,"Generated","train","Dirichlet","d",3.63162658705818,2.00785257943058
-0.0735076111668391,0.118866447652018,"Generated","train","Dirichlet","d",3.63162658705818,2.00785257943058
-0.357801044862892,0.114419592288266,"Generated","train","Dirichlet","d",3.63162658705818,2.00785257943058
-0.394643597753254,0.107568935945559,"Generated","train","Dirichlet","d",3.63162658705818,2.00785257943058
-0.284272780597306,0.065615330208095,"Generated","train","Dirichlet","d",3.63162658705818,2.00785257943058
-0.0956385602973617,0.133545881750235,"Generated","train","Dirichlet","d",3.63162658705818,2.00785257943058
-0.259265769739529,0.0106252042219733,"Generated","train","Dirichlet","d",3.63162658705818,2.00785257943058
-0.283035470831096,0.00128385806007499,"Generated","train","Dirichlet","d",3.63162658705818,2.00785257943058
-0.341966302822741,0.103027413542796,"Generated","train","Dirichlet","d",3.63162658705818,2.00785257943058
-0.396343256255181,0.10200233759605,"Generated","train","Dirichlet","d",3.63162658705818,2.00785257943058
-0.327332768637794,0.0262538504178185,"Generated","train","Dirichlet","d",3.63162658705818,2.00785257943058
-0.0953927684582511,0.0259841019368612,"Generated","train","Dirichlet","d",3.63162658705818,2.00785257943058
-0.0809938488141831,0.202170128692787,"Generated","train","Dirichlet","d",3.63162658705818,2.00785257943058
-0.300048860506916,0.0831795279933619,"Generated","train","Dirichlet","d",3.63162658705818,2.00785257943058
-0.222068092555995,0.114115885760383,"Generated","train","Dirichlet","d",3.63162658705818,2.00785257943058
-0.0727063566588608,-0.32191107324523,"Generated","train","Dirichlet","d",3.63162658705818,2.00785257943058
-0.41000057123385,0.124524376779754,"Generated","train","Dirichlet","d",3.63162658705818,2.00785257943058
-0.389406348278061,0.0686987733492933,"Generated","train","Dirichlet","d",3.63162658705818,2.00785257943058
-0.347286103960604,0.170253532083832,"Generated","train","Dirichlet","d",3.63162658705818,2.00785257943058
-0.258441489986454,0.142595314561067,"Generated","train","Dirichlet","d",3.63162658705818,2.00785257943058
-0.380314445919934,0.130842384106207,"Generated","train","Dirichlet","d",3.63162658705818,2.00785257943058
0.00218234370239313,0.106252236356487,"Generated","train","Dirichlet","d",3.63162658705818,2.00785257943058
-0.253720272541193,0.0964291430208309,"Generated","train","Dirichlet","d",3.63162658705818,2.00785257943058
0.231515749739568,-0.0573332901398616,"Generated","train","Dirichlet","d",3.63162658705818,2.00785257943058
-0.161955978924621,0.0064023720626248,"Generated","train","Dirichlet","d",3.63162658705818,2.00785257943058
-0.156077631800725,-0.0481165588968731,"Generated","train","Dirichlet","d",3.63162658705818,2.00785257943058
-0.374407863550666,0.123478559597827,"Generated","train","Dirichlet","d",3.63162658705818,2.00785257943058
-0.360851269519388,0.0458912145411418,"Generated","train","Dirichlet","d",3.63162658705818,2.00785257943058
-0.358246096290689,0.138229628932332,"Generated","train","Dirichlet","d",3.63162658705818,2.00785257943058
-0.349882970730292,0.088125048949933,"Generated","train","Dirichlet","d",3.63162658705818,2.00785257943058
-0.470017638227922,-0.0155746805402237,"Generated","train","Dirichlet","d",3.63162658705818,2.00785257943058
-0.0658321080606306,0.0654511629827702,"Generated","train","Dirichlet","d",3.63162658705818,2.00785257943058
0.033729154788267,0.248513070119368,"Generated","train","Dirichlet","d",3.63162658705818,2.00785257943058
-0.0924285634745681,0.0986749082113077,"Generated","train","Dirichlet","d",3.63162658705818,2.00785257943058
-0.263576116354353,0.0287269378519906,"Generated","train","Dirichlet","d",3.63162658705818,2.00785257943058
0.0297352618159611,-0.00178419430443079,"Generated","train","Dirichlet","d",3.63162658705818,2.00785257943058
-0.304670899634456,0.14091503773394,"Generated","train","Dirichlet","d",3.63162658705818,2.00785257943058
-0.32067365920735,0.0426103369013784,"Generated","train","Dirichlet","d",3.63162658705818,2.00785257943058
-0.372989236278161,0.0974943073109163,"Generated","train","Dirichlet","d",3.63162658705818,2.00785257943058
-0.325114311618032,0.0560440617792059,"Generated","train","Dirichlet","d",3.63162658705818,2.00785257943058
-0.253022103670216,0.159938056829857,"Generated","train","Dirichlet","d",3.63162658705818,2.00785257943058
0.0998338386396554,0.171693230632607,"Generated","train","Dirichlet","d",3.63162658705818,2.00785257943058
-0.253412284612724,0.144884402421174,"Generated","train","Dirichlet","d",3.63162658705818,2.00785257943058
-0.318976910608303,0.0337385551458955,"Generated","train","Dirichlet","d",3.63162658705818,2.00785257943058
-0.364476507862056,0.0744613526279826,"Generated","train","Dirichlet","d",3.63162658705818,2.00785257943058
-0.337051476601705,0.138259965570691,"Generated","train","Dirichlet","d",3.63162658705818,2.00785257943058
-0.0820892309877125,-0.205046609430712,"Generated","train","Dirichlet","d",3.63162658705818,2.00785257943058
-0.0430152992351164,0.00631021672547817,"Generated","train","Dirichlet","d",3.63162658705818,2.00785257943058
-0.376255532847902,0.0292234399793833,"Generated","train","Dirichlet","d",3.63162658705818,2.00785257943058
-0.274030563376986,0.100658279424516,"Generated","train","Dirichlet","d",3.63162658705818,2.00785257943058
-0.309107599662577,0.177654579319445,"Generated","train","Dirichlet","d",3.63162658705818,2.00785257943058
-0.31475301928295,0.0977425864155484,"Generated","train","Dirichlet","d",3.63162658705818,2.00785257943058
-0.287221425096745,0.062522609660756,"Generated","train","Dirichlet","d",3.63162658705818,2.00785257943058
-0.0424459082484204,0.014260981594266,"Generated","train","Dirichlet","d",3.63162658705818,2.00785257943058
-0.238526741816932,0.143798098835414,"Generated","train","Dirichlet","d",3.63162658705818,2.00785257943058
0.0398749967107476,0.120066609720665,"Generated","train","Dirichlet","d",3.63162658705818,2.00785257943058
-0.242701179767726,0.0985602341522655,"Generated","train","Dirichlet","d",3.63162658705818,2.00785257943058
-0.349408606971751,0.0577406734866347,"Generated","train","Dirichlet","d",3.63162658705818,2.00785257943058
-0.362631555354586,0.0218850245086811,"Generated","train","Dirichlet","d",3.63162658705818,2.00785257943058
-0.28250619709801,0.143231227832657,"Generated","train","Dirichlet","d",3.63162658705818,2.00785257943058
-0.412815881063735,0.16714031877438,"Generated","train","Dirichlet","d",3.63162658705818,2.00785257943058
-0.257318366691989,0.115068640737215,"Generated","train","Dirichlet","d",3.63162658705818,2.00785257943058
-0.167874117381329,0.0987470879079134,"Generated","train","Dirichlet","d",3.63162658705818,2.00785257943058
-0.393421725400591,0.119183025307187,"Generated","train","Dirichlet","d",3.63162658705818,2.00785257943058
0.315936776211323,0.0512325333970754,"Generated","train","Dirichlet","d",3.63162658705818,2.00785257943058
-0.264806833700394,0.123758301764396,"Generated","train","Dirichlet","d",3.63162658705818,2.00785257943058
-0.416688339184262,0.211316618395082,"Generated","train","Dirichlet","d",3.63162658705818,2.00785257943058
-0.333839262023318,0.0816787709398196,"Generated","train","Dirichlet","d",3.63162658705818,2.00785257943058
-0.37537642604116,0.119980683963752,"Generated","train","Dirichlet","d",3.63162658705818,2.00785257943058
-0.44942671086131,0.152591467100431,"Generated","train","Dirichlet","d",3.63162658705818,2.00785257943058
0.107803533519857,0.134514229993461,"Generated","train","Dirichlet","d",3.63162658705818,2.00785257943058
-0.24502288059049,0.0447715429940905,"Generated","train","Dirichlet","d",3.63162658705818,2.00785257943058
0.0859148956882375,-0.00505613790659626,"Generated","train","Dirichlet","d",3.63162658705818,2.00785257943058
-0.407941387373659,0.0803761911705051,"Generated","train","Dirichlet","d",3.63162658705818,2.00785257943058
-0.418329479822999,0.0570938824335949,"Generated","train","Dirichlet","d",3.63162658705818,2.00785257943058
-0.133676643059944,0.0212059673610796,"Generated","train","Dirichlet","d",3.63162658705818,2.00785257943058
-0.415576510664793,0.189624082709824,"Generated","train","Dirichlet","d",3.63162658705818,2.00785257943058
-0.389809744237559,0.0796295339995951,"Generated","train","Dirichlet","d",3.63162658705818,2.00785257943058
-0.292484456985891,0.0719729335086182,"Generated","train","Dirichlet","d",3.63162658705818,2.00785257943058
-0.211662033224317,0.123899604054357,"Generated","train","Dirichlet","d",3.63162658705818,2.00785257943058
0.0482566095469963,-0.0221748201139488,"Generated","train","Dirichlet","d",3.63162658705818,2.00785257943058
-0.316372856828298,0.045893436964139,"Generated","train","Dirichlet","d",3.63162658705818,2.00785257943058
-0.382862212338203,0.113933932697574,"Generated","train","Dirichlet","d",3.63162658705818,2.00785257943058
-0.382997337696444,0.062350663236252,"Generated","train","Dirichlet","d",3.63162658705818,2.00785257943058
-0.23350571026335,0.112629758408996,"Generated","train","Dirichlet","d",3.63162658705818,2.00785257943058
-0.392791669960612,0.127861529290091,"Generated","train","Dirichlet","d",3.63162658705818,2.00785257943058
-0.0211375896141839,-0.0456940724583891,"Generated","train","Dirichlet","d",3.63162658705818,2.00785257943058
-0.385344448683387,0.0476688424820935,"Generated","train","Dirichlet","d",3.63162658705818,2.00785257943058
-0.340229481231827,0.147935051215948,"Generated","train","Dirichlet","d",3.63162658705818,2.00785257943058
0.580900988139249,0.0209029211457611,"Generated","train","Dirichlet","d",3.63162658705818,2.00785257943058
-0.148443959262027,-0.0120028549135117,"Generated","train","Dirichlet","d",3.63162658705818,2.00785257943058
-0.222185953040091,0.0916942032563898,"Generated","train","Dirichlet","d",3.63162658705818,2.00785257943058
-0.136259919820255,0.187022806425481,"Generated","train","Dirichlet","d",3.63162658705818,2.00785257943058
-0.267395654388437,0.0383248337127721,"Generated","train","Dirichlet","d",3.63162658705818,2.00785257943058
-0.225484272238327,0.0383464775098157,"Generated","train","Dirichlet","d",3.63162658705818,2.00785257943058
-0.417839931279446,0.0811693248098848,"Generated","train","Dirichlet","d",3.63162658705818,2.00785257943058
-0.341364240820539,0.128400649768609,"Generated","train","Dirichlet","d",3.63162658705818,2.00785257943058
0.0343148678954509,-0.0684898275029434,"Generated","train","Dirichlet","d",3.63162658705818,2.00785257943058
-0.0710678657875549,0.157382367875842,"Generated","train","Dirichlet","d",3.63162658705818,2.00785257943058
-0.339331416722146,0.00203343899142278,"Generated","train","Dirichlet","d",3.63162658705818,2.00785257943058
-0.358399880595356,0.140554909040954,"Generated","train","Dirichlet","d",3.63162658705818,2.00785257943058
-0.165912086955159,0.192078089086515,"Generated","train","Dirichlet","d",3.63162658705818,2.00785257943058
-0.188209751640583,0.0995800681842475,"Generated","train","Dirichlet","d",3.63162658705818,2.00785257943058
-0.416399193644388,0.0881706936127933,"Generated","train","Dirichlet","d",3.63162658705818,2.00785257943058
-0.377397334055891,0.135655718029174,"Generated","train","Dirichlet","d",3.63162658705818,2.00785257943058
-0.406310127089557,0.0488264996186433,"Generated","train","Dirichlet","d",3.63162658705818,2.00785257943058
0.0383120151029936,0.160885452867467,"Generated","train","Dirichlet","d",3.63162658705818,2.00785257943058
-0.198820869059462,0.0470345145316648,"Generated","train","Dirichlet","d",3.63162658705818,2.00785257943058
-0.355162078216854,0.140416770930832,"Generated","train","Dirichlet","d",3.63162658705818,2.00785257943058
-0.414259626923009,0.0827166547495619,"Generated","train","Dirichlet","d",3.63162658705818,2.00785257943058
-0.372607081737132,0.0875778040693558,"Generated","train","Dirichlet","d",3.63162658705818,2.00785257943058
-0.225905297544237,0.0208572351570362,"Generated","train","Dirichlet","d",3.63162658705818,2.00785257943058
-0.390255984018585,0.112612897353591,"Generated","train","Dirichlet","d",3.63162658705818,2.00785257943058
-0.302469263365033,0.140833153432182,"Generated","train","Dirichlet","d",3.63162658705818,2.00785257943058
-0.363316997640456,0.073264736466916,"Generated","train","Dirichlet","d",3.63162658705818,2.00785257943058
-0.241700562215155,0.0109110749494335,"Generated","train","Dirichlet","d",3.63162658705818,2.00785257943058
-0.0366946380079631,-0.0383792110054442,"Generated","train","Dirichlet","d",3.63162658705818,2.00785257943058
-0.384863305250559,0.0691864786772477,"Generated","train","Dirichlet","d",3.63162658705818,2.00785257943058
-0.0771393920948036,0.00168155421410227,"Generated","train","Dirichlet","d",3.63162658705818,2.00785257943058
-0.298129478972666,0.00447402079080194,"Generated","train","Dirichlet","d",3.63162658705818,2.00785257943058
-0.463795778276459,-0.156004095210061,"Generated","train","Dirichlet","d",3.63162658705818,2.00785257943058
-0.203090306117217,0.138291356226406,"Generated","train","Dirichlet","d",3.63162658705818,2.00785257943058
-0.414166190760342,0.157412096691871,"Generated","train","Dirichlet","d",3.63162658705818,2.00785257943058
-0.31985021276537,-0.0265031743817994,"Generated","train","Dirichlet","d",3.63162658705818,2.00785257943058
-0.346341819546814,0.0937876930262639,"Generated","train","Dirichlet","d",3.63162658705818,2.00785257943058
-0.325707401750311,0.141559906458668,"Generated","train","Dirichlet","d",3.63162658705818,2.00785257943058
-0.37770072034649,0.154052490375504,"Generated","train","Dirichlet","d",3.63162658705818,2.00785257943058
-0.280369929282069,0.0437398334797511,"Generated","train","Dirichlet","d",3.63162658705818,2.00785257943058
-0.239475532526274,0.150772294560144,"Generated","train","Dirichlet","d",3.63162658705818,2.00785257943058
-0.324235197812101,0.11875614412182,"Generated","train","Dirichlet","d",3.63162658705818,2.00785257943058
-0.384003045069749,0.181757603947915,"Generated","train","Dirichlet","d",3.63162658705818,2.00785257943058
-0.315446218054327,-0.0363595113910238,"Generated","train","Dirichlet","d",3.63162658705818,2.00785257943058
-0.263366182227332,0.0907441890137572,"Generated","train","Dirichlet","d",3.63162658705818,2.00785257943058
-0.192095980764452,0.0072186053312543,"Generated","train","Dirichlet","d",3.63162658705818,2.00785257943058
-0.223229080703763,0.0538269295666818,"Generated","train","Dirichlet","d",3.63162658705818,2.00785257943058
-0.0587909930678682,-0.115118271909009,"Generated","train","Dirichlet","d",3.63162658705818,2.00785257943058
-0.350992753469103,0.0101892148043255,"Generated","train","Dirichlet","d",3.63162658705818,2.00785257943058
-0.305460369927162,-0.0144298203135994,"Generated","train","Dirichlet","d",3.63162658705818,2.00785257943058
-0.400527192581384,0.126634733643799,"Generated","train","Dirichlet","d",3.63162658705818,2.00785257943058
-0.423758295344575,0.0845909625333524,"Generated","train","Dirichlet","d",3.63162658705818,2.00785257943058
-0.237919681696841,0.127117734969578,"Generated","train","Dirichlet","d",3.63162658705818,2.00785257943058
-0.0357809190128292,-0.0311928681082531,"Generated","train","Dirichlet","d",3.63162658705818,2.00785257943058
-0.288039778433314,0.0912232204930789,"Generated","train","Dirichlet","d",3.63162658705818,2.00785257943058
-0.370562908914226,-0.0426970118107871,"Generated","train","Dirichlet","d",3.63162658705818,2.00785257943058
-0.342726257876006,0.0505920516026819,"Generated","train","Dirichlet","d",3.63162658705818,2.00785257943058
-0.364215926191794,0.125892842216443,"Generated","train","Dirichlet","d",3.63162658705818,2.00785257943058
-0.0182373882621427,-0.000200792272283104,"Generated","train","Dirichlet","d",3.63162658705818,2.00785257943058
-0.272606072444226,0.0671208345787423,"Generated","train","Dirichlet","d",3.63162658705818,2.00785257943058
-0.263113725075158,0.122391732416569,"Generated","train","Dirichlet","d",3.63162658705818,2.00785257943058
-0.256031062722366,0.116105996819077,"Generated","train","Dirichlet","d",3.63162658705818,2.00785257943058
-0.224363512647388,0.126329228607533,"Generated","train","Dirichlet","d",3.63162658705818,2.00785257943058
-0.303041676956709,0.0969212971107998,"Generated","train","Dirichlet","d",3.63162658705818,2.00785257943058
-0.321105699304421,0.0506421338915137,"Generated","train","Dirichlet","d",3.63162658705818,2.00785257943058
-0.32705361163516,-0.0928789361145888,"Generated","train","Dirichlet","d",3.63162658705818,2.00785257943058
0.0490240877450708,-0.0338800984290312,"Generated","train","Dirichlet","d",3.63162658705818,2.00785257943058
-0.32276995039206,0.0883465947713896,"Generated","train","Dirichlet","d",3.63162658705818,2.00785257943058
-0.365515306306411,0.0904136753964025,"Generated","train","Dirichlet","d",3.63162658705818,2.00785257943058
-0.40474139829868,0.0638451767758007,"Generated","train","Dirichlet","d",3.63162658705818,2.00785257943058
-0.293406477982531,-0.00966765572719453,"Generated","train","Dirichlet","d",3.63162658705818,2.00785257943058
0.240739132551684,0.094108061275672,"Generated","train","Dirichlet","d",3.63162658705818,2.00785257943058
-0.0659591650766846,0.107825218847718,"Generated","train","Dirichlet","d",3.63162658705818,2.00785257943058
-0.234641016264267,0.0128357893489897,"Generated","train","Dirichlet","d",3.63162658705818,2.00785257943058
0.174065404060598,-0.231399229776774,"Generated","train","Dirichlet","d",3.63162658705818,2.00785257943058
-0.359718399688788,0.083832351226472,"Generated","train","Dirichlet","d",3.63162658705818,2.00785257943058
-0.338670799928623,0.0931680597196814,"Generated","train","Dirichlet","d",3.63162658705818,2.00785257943058
-0.277564430688832,0.0972264651983441,"Generated","train","Dirichlet","d",3.63162658705818,2.00785257943058
-0.324976655058954,0.0423187933971126,"Generated","train","Dirichlet","d",3.63162658705818,2.00785257943058
-0.288550820310399,0.169115060736232,"Generated","train","Dirichlet","d",3.63162658705818,2.00785257943058
-0.00322956126738208,0.268560825631545,"Generated","train","Dirichlet","d",3.63162658705818,2.00785257943058
-0.355242946741588,0.14278693222215,"Generated","train","Dirichlet","d",3.63162658705818,2.00785257943058
-0.296067744661936,0.150782904220377,"Generated","train","Dirichlet","d",3.63162658705818,2.00785257943058
-0.33622020638151,0.0192372626803644,"Generated","train","Dirichlet","d",3.63162658705818,2.00785257943058
-0.411042552408183,0.0909251196194444,"Generated","train","Dirichlet","d",3.63162658705818,2.00785257943058
-0.238289289932508,-0.015757582579559,"Generated","train","Dirichlet","d",3.63162658705818,2.00785257943058
-0.439049947882799,0.16107341443675,"Generated","train","Dirichlet","d",3.63162658705818,2.00785257943058
-0.357266218469252,0.11475118093036,"Generated","train","Dirichlet","d",3.63162658705818,2.00785257943058
-0.194928467757008,0.0468695341646095,"Generated","train","Dirichlet","d",3.63162658705818,2.00785257943058
-0.364083602169074,0.15926603629927,"Generated","train","Dirichlet","d",3.63162658705818,2.00785257943058
-0.408479278873138,0.0755837812778879,"Generated","train","Dirichlet","d",3.63162658705818,2.00785257943058
-0.375577622820078,0.0850697303343793,"Generated","train","Dirichlet","d",3.63162658705818,2.00785257943058
-0.263709690607134,0.0364519715039891,"Generated","train","Dirichlet","d",3.63162658705818,2.00785257943058
-0.0276321325339094,-0.0233293787165781,"Generated","train","Dirichlet","d",3.63162658705818,2.00785257943058
-0.390237462197085,0.098883051426279,"Generated","train","Dirichlet","d",3.63162658705818,2.00785257943058
-0.408580916926313,0.0311889282716388,"Generated","train","Dirichlet","d",3.63162658705818,2.00785257943058
-0.14757378047871,0.143917850086487,"Generated","train","Dirichlet","d",3.63162658705818,2.00785257943058
-0.345904740044335,0.150452075968522,"Generated","train","Dirichlet","d",3.63162658705818,2.00785257943058
-0.0379999798029897,-0.0430188709216254,"Generated","train","Dirichlet","d",3.63162658705818,2.00785257943058
-0.2856258380756,0.102069552806143,"Generated","train","Dirichlet","d",3.63162658705818,2.00785257943058
-0.196082711656593,0.0846235382817221,"Generated","train","Dirichlet","d",3.63162658705818,2.00785257943058
-0.0625255121400029,-0.0284410529431306,"Generated","train","Dirichlet","d",3.63162658705818,2.00785257943058
0.111081065668499,-0.0595907900803691,"Generated","train","Dirichlet","d",3.63162658705818,2.00785257943058
-0.372481183567285,0.0818745341345379,"Generated","train","Dirichlet","d",3.63162658705818,2.00785257943058
-0.341729973702279,0.0822888129259439,"Generated","train","Dirichlet","d",3.63162658705818,2.00785257943058
0.117620523733359,-0.0598042906185199,"Generated","train","Dirichlet","d",3.63162658705818,2.00785257943058
-0.0429267811797178,-0.0267569751776534,"Generated","train","Dirichlet","d",3.63162658705818,2.00785257943058
-0.261452602764716,0.107793117445911,"Generated","train","Dirichlet","d",3.63162658705818,2.00785257943058
-0.434706406776298,0.153224919177098,"Generated","train","Dirichlet","d",3.63162658705818,2.00785257943058
-0.193380787708362,0.0118221841475696,"Generated","train","Dirichlet","d",3.63162658705818,2.00785257943058
-0.353106817287451,0.112358990780578,"Generated","train","Dirichlet","d",3.63162658705818,2.00785257943058
-0.367988946218826,0.0998851291769961,"Generated","train","Dirichlet","d",3.63162658705818,2.00785257943058
-0.338258226825482,-0.306379746114876,"Generated","train","Dirichlet","d",3.63162658705818,2.00785257943058
-0.36478134894355,0.0651674259289633,"Generated","train","Dirichlet","d",3.63162658705818,2.00785257943058
-0.364272383211787,0.1118237152923,"Generated","train","Dirichlet","d",3.63162658705818,2.00785257943058
-0.019898213043684,0.0341944674151763,"Generated","train","Dirichlet","d",3.63162658705818,2.00785257943058
-0.356658311889291,0.0769591112646269,"Generated","train","Dirichlet","d",3.63162658705818,2.00785257943058
-0.034980006641715,0.205474024925502,"Generated","train","Dirichlet","d",3.63162658705818,2.00785257943058
-0.376146841119985,0.00743314481140744,"Generated","train","Dirichlet","d",3.63162658705818,2.00785257943058
-0.35809284931062,0.0699436840031164,"Generated","train","Dirichlet","d",3.63162658705818,2.00785257943058
-0.39296811290287,0.0941509284245261,"Generated","train","Dirichlet","d",3.63162658705818,2.00785257943058
-0.413028682873837,0.181890794364508,"Generated","train","Dirichlet","d",3.63162658705818,2.00785257943058
-0.133584653500737,0.150102406747697,"Generated","train","Dirichlet","d",3.63162658705818,2.00785257943058
-0.277849210103851,-0.0155794754352812,"Generated","train","Dirichlet","d",3.63162658705818,2.00785257943058
0.413573389621499,-0.0894725430932823,"Generated","train","Dirichlet","d",3.63162658705818,2.00785257943058
-0.295698085908128,0.0523905529641206,"Generated","train","Dirichlet","d",3.63162658705818,2.00785257943058
-0.378880251164003,0.144048353044393,"Generated","train","Dirichlet","d",3.63162658705818,2.00785257943058
0.0747967462091945,-0.0913148954087624,"Generated","train","Dirichlet","d",3.63162658705818,2.00785257943058
-0.316323868977506,0.098546559431456,"Generated","train","Dirichlet","d",3.63162658705818,2.00785257943058
-0.256004253626117,-0.0169100379068732,"Generated","train","Dirichlet","d",3.63162658705818,2.00785257943058
-0.330263465837535,-0.145197321559477,"Generated","train","Dirichlet","d",3.63162658705818,2.00785257943058
-0.458354707011442,0.18342140395939,"Generated","train","Dirichlet","d",3.63162658705818,2.00785257943058
0.0363953510414608,0.144311485555765,"Generated","train","Dirichlet","d",3.63162658705818,2.00785257943058
-0.303646708786176,0.128169736291033,"Generated","train","Dirichlet","d",3.63162658705818,2.00785257943058
0.171505854292102,0.0530766815288092,"Generated","train","Dirichlet","d",3.63162658705818,2.00785257943058
0.0324201797770723,0.0954375041467362,"Generated","train","Dirichlet","d",3.63162658705818,2.00785257943058
-0.376579133230157,0.112734551846159,"Generated","train","Dirichlet","d",3.63162658705818,2.00785257943058
-0.134298121415238,-0.0276947016793055,"Generated","train","Dirichlet","d",3.63162658705818,2.00785257943058
-0.361546436796813,0.112495168540059,"Generated","train","Dirichlet","d",3.63162658705818,2.00785257943058
-0.41402972274439,0.0777665399123759,"Generated","train","Dirichlet","d",3.63162658705818,2.00785257943058
-0.415465284379038,0.128026451934403,"Generated","train","Dirichlet","d",3.63162658705818,2.00785257943058
-0.326691560693924,0.10633314292764,"Generated","train","Dirichlet","d",3.63162658705818,2.00785257943058
0.131555698882529,0.0147593764524299,"Generated","train","Dirichlet","d",3.63162658705818,2.00785257943058
-0.418844068686181,0.0898233835589866,"Generated","train","Dirichlet","d",3.63162658705818,2.00785257943058
-0.11070363414218,0.186260796700687,"Generated","train","Dirichlet","d",3.63162658705818,2.00785257943058
-0.430046602682079,0.0732270897507553,"Generated","train","Dirichlet","d",3.63162658705818,2.00785257943058
-0.3672801350634,0.0716025184596242,"Generated","train","Dirichlet","d",3.63162658705818,2.00785257943058
-0.30990879317884,0.10087169609332,"Generated","train","Dirichlet","d",3.63162658705818,2.00785257943058
-0.0824668768202704,0.263896254967485,"Generated","train","Dirichlet","d",3.63162658705818,2.00785257943058
-0.434895887573256,0.0923076315599124,"Generated","train","Dirichlet","d",3.63162658705818,2.00785257943058
-0.330535824718196,0.0696990501899943,"Generated","train","Dirichlet","d",3.63162658705818,2.00785257943058
-0.434933623252216,0.0509601444994697,"Generated","train","Dirichlet","d",3.63162658705818,2.00785257943058
-0.39587977162289,-0.133909669479862,"Generated","train","Dirichlet","d",3.63162658705818,2.00785257943058
0.229345945609549,-0.0361941805870636,"Generated","train","Dirichlet","d",3.63162658705818,2.00785257943058
-0.340058795267738,0.116068485127582,"Generated","train","Dirichlet","d",3.63162658705818,2.00785257943058
-0.0796867070661779,0.221297285732415,"Generated","train","Dirichlet","d",3.63162658705818,2.00785257943058
-0.39848813269316,0.0483881371375434,"Generated","train","Dirichlet","d",3.63162658705818,2.00785257943058
0.038632571051201,-0.012943574509608,"Generated","train","Dirichlet","d",3.63162658705818,2.00785257943058
-0.160559901436423,0.130076957561437,"Generated","train","Dirichlet","d",3.63162658705818,2.00785257943058
-0.367732004943897,0.185896237118327,"Generated","train","Dirichlet","d",3.63162658705818,2.00785257943058
-0.191560391296753,-0.0160200133822308,"Generated","train","Dirichlet","d",3.63162658705818,2.00785257943058
-0.346968215387497,0.091233408224158,"Generated","train","Dirichlet","d",3.63162658705818,2.00785257943058
-0.404146719642716,0.134126483511875,"Generated","train","Dirichlet","d",3.63162658705818,2.00785257943058
-0.260497966385675,0.0404564257414262,"Generated","train","Dirichlet","d",3.63162658705818,2.00785257943058
0.0870408376452886,0.0920648310775908,"Generated","train","Dirichlet","d",3.63162658705818,2.00785257943058
-0.399414260173933,0.0903490479497163,"Generated","train","Dirichlet","d",3.63162658705818,2.00785257943058
-0.14335829197578,0.169095206445533,"Generated","train","Dirichlet","d",3.63162658705818,2.00785257943058
-0.365314537706554,0.159300333160586,"Generated","train","Dirichlet","d",3.63162658705818,2.00785257943058
-0.315235218046303,0.107747556880207,"Generated","train","Dirichlet","d",3.63162658705818,2.00785257943058
-0.35116570212665,0.126322911924369,"Generated","train","Dirichlet","d",3.63162658705818,2.00785257943058
-0.488116090924473,-0.241557976750023,"Generated","train","Dirichlet","d",3.63162658705818,2.00785257943058
-0.380369646787696,0.0861272586155103,"Generated","train","Dirichlet","d",3.63162658705818,2.00785257943058
-0.361834043419095,0.108232957884605,"Generated","train","Dirichlet","d",3.63162658705818,2.00785257943058
-0.0427676907262262,0.228236501304763,"Generated","train","Dirichlet","d",3.63162658705818,2.00785257943058
-0.485292511895806,-0.601387523533706,"Real","train","Dirichlet Tree","dt",3.70541025455287,2.23849223399851
0.188129195555929,0.231385532673442,"Real","train","Dirichlet Tree","dt",3.70541025455287,2.23849223399851
-0.647514987937933,-0.227000504908319,"Real","train","Dirichlet Tree","dt",3.70541025455287,2.23849223399851
0.115795572512135,-0.549135253534467,"Real","train","Dirichlet Tree","dt",3.70541025455287,2.23849223399851
0.0527698095787878,-0.31145854190731,"Real","train","Dirichlet Tree","dt",3.70541025455287,2.23849223399851
-0.0334404159405563,0.0413893301589407,"Real","train","Dirichlet Tree","dt",3.70541025455287,2.23849223399851
-0.812930036389447,-0.267708786915284,"Real","train","Dirichlet Tree","dt",3.70541025455287,2.23849223399851
-0.447200641950381,0.0428409513078469,"Real","train","Dirichlet Tree","dt",3.70541025455287,2.23849223399851
0.403327801124197,0.0869787432506208,"Real","train","Dirichlet Tree","dt",3.70541025455287,2.23849223399851
-0.861663822907766,-0.0159918589229678,"Real","train","Dirichlet Tree","dt",3.70541025455287,2.23849223399851
-0.0632431531201483,-0.606777056789223,"Real","train","Dirichlet Tree","dt",3.70541025455287,2.23849223399851
0.497159040949038,0.0431571786655214,"Real","train","Dirichlet Tree","dt",3.70541025455287,2.23849223399851
0.449404462762832,0.179704023875705,"Real","train","Dirichlet Tree","dt",3.70541025455287,2.23849223399851
0.105032629401101,-0.335852371701166,"Real","train","Dirichlet Tree","dt",3.70541025455287,2.23849223399851
-0.23966756299383,-0.42030857454678,"Real","train","Dirichlet Tree","dt",3.70541025455287,2.23849223399851
-0.967055064672493,0.127959076428393,"Real","train","Dirichlet Tree","dt",3.70541025455287,2.23849223399851
-0.631943705105459,0.318675751590308,"Real","train","Dirichlet Tree","dt",3.70541025455287,2.23849223399851
0.220223427357963,-0.395395447341375,"Real","train","Dirichlet Tree","dt",3.70541025455287,2.23849223399851
0.391950093118692,0.245272503081548,"Real","train","Dirichlet Tree","dt",3.70541025455287,2.23849223399851
-0.510815720729978,-0.640284394789883,"Real","train","Dirichlet Tree","dt",3.70541025455287,2.23849223399851
-0.413290983354236,-0.71595388374307,"Real","train","Dirichlet Tree","dt",3.70541025455287,2.23849223399851
-0.0732732864620476,-0.454352159694195,"Real","train","Dirichlet Tree","dt",3.70541025455287,2.23849223399851
0.382973788582423,0.0993561271993407,"Real","train","Dirichlet Tree","dt",3.70541025455287,2.23849223399851
-0.606590585013295,0.0453215963700105,"Real","train","Dirichlet Tree","dt",3.70541025455287,2.23849223399851
0.341785991809936,0.0898919921670302,"Real","train","Dirichlet Tree","dt",3.70541025455287,2.23849223399851
-0.726395184351885,-0.205922079358921,"Real","train","Dirichlet Tree","dt",3.70541025455287,2.23849223399851
-0.65043290789618,-0.0198203684047551,"Real","train","Dirichlet Tree","dt",3.70541025455287,2.23849223399851
-0.637544484650163,0.022125084469969,"Real","train","Dirichlet Tree","dt",3.70541025455287,2.23849223399851
0.21151479928153,-0.355854933219018,"Real","train","Dirichlet Tree","dt",3.70541025455287,2.23849223399851
0.24970782475382,-0.558165567033687,"Real","train","Dirichlet Tree","dt",3.70541025455287,2.23849223399851
-0.271399188554159,-0.767377203960387,"Real","train","Dirichlet Tree","dt",3.70541025455287,2.23849223399851
0.551580545519351,0.267017418683591,"Real","train","Dirichlet Tree","dt",3.70541025455287,2.23849223399851
0.0319256221388418,0.025049801444196,"Real","train","Dirichlet Tree","dt",3.70541025455287,2.23849223399851
-0.65038856925281,0.225041608339155,"Real","train","Dirichlet Tree","dt",3.70541025455287,2.23849223399851
-0.219005017710611,-0.0999273449175973,"Real","train","Dirichlet Tree","dt",3.70541025455287,2.23849223399851
0.386915611374601,0.20674498102181,"Real","train","Dirichlet Tree","dt",3.70541025455287,2.23849223399851
-0.727970110485195,0.659595462815128,"Real","train","Dirichlet Tree","dt",3.70541025455287,2.23849223399851
0.371673294995978,0.0531484758038613,"Real","train","Dirichlet Tree","dt",3.70541025455287,2.23849223399851
0.106286084955913,-0.153874492841009,"Real","train","Dirichlet Tree","dt",3.70541025455287,2.23849223399851
-0.473758717775139,-0.758965803062045,"Real","train","Dirichlet Tree","dt",3.70541025455287,2.23849223399851
-0.521531204686018,-0.0105913622002209,"Real","train","Dirichlet Tree","dt",3.70541025455287,2.23849223399851
0.0799202047911636,-0.286458665718948,"Real","train","Dirichlet Tree","dt",3.70541025455287,2.23849223399851
-0.276296304939939,0.0377423575119503,"Real","train","Dirichlet Tree","dt",3.70541025455287,2.23849223399851
-0.74453368141907,-0.503695058072879,"Real","train","Dirichlet Tree","dt",3.70541025455287,2.23849223399851
-0.0664603374954711,-0.202245863300202,"Real","train","Dirichlet Tree","dt",3.70541025455287,2.23849223399851
0.093551851615198,-0.385014674775,"Real","train","Dirichlet Tree","dt",3.70541025455287,2.23849223399851
-0.539014498251021,0.462241524492219,"Real","train","Dirichlet Tree","dt",3.70541025455287,2.23849223399851
-0.429146929574057,-0.154999331163744,"Real","train","Dirichlet Tree","dt",3.70541025455287,2.23849223399851
0.418760679150035,0.281537871482577,"Real","train","Dirichlet Tree","dt",3.70541025455287,2.23849223399851
-0.937255485698875,-0.156300092956341,"Real","train","Dirichlet Tree","dt",3.70541025455287,2.23849223399851
-0.786744556355352,-0.471235860230229,"Real","train","Dirichlet Tree","dt",3.70541025455287,2.23849223399851
-0.135305234917209,0.157422180085687,"Real","train","Dirichlet Tree","dt",3.70541025455287,2.23849223399851
-0.0110624660646223,-0.337797745602498,"Real","train","Dirichlet Tree","dt",3.70541025455287,2.23849223399851
-0.410786684164009,-0.323579210231854,"Real","train","Dirichlet Tree","dt",3.70541025455287,2.23849223399851
-0.829953069431932,-0.0721135616013378,"Real","train","Dirichlet Tree","dt",3.70541025455287,2.23849223399851
0.240557082997844,-0.428376393956341,"Real","train","Dirichlet Tree","dt",3.70541025455287,2.23849223399851
-0.418992046718671,-0.588857791622461,"Real","train","Dirichlet Tree","dt",3.70541025455287,2.23849223399851
-0.0710988720217361,0.0445174677116745,"Real","train","Dirichlet Tree","dt",3.70541025455287,2.23849223399851
-0.501379282381129,-0.0852494346789914,"Real","train","Dirichlet Tree","dt",3.70541025455287,2.23849223399851
0.0457624010131316,-0.813819045671958,"Real","train","Dirichlet Tree","dt",3.70541025455287,2.23849223399851
-0.507477828706049,-0.61118998097585,"Real","train","Dirichlet Tree","dt",3.70541025455287,2.23849223399851
-0.712806177155002,-0.0606932701909984,"Real","train","Dirichlet Tree","dt",3.70541025455287,2.23849223399851
0.278556060268511,-0.0805732158127274,"Real","train","Dirichlet Tree","dt",3.70541025455287,2.23849223399851
0.119501597572919,-0.375282469468443,"Real","train","Dirichlet Tree","dt",3.70541025455287,2.23849223399851
-0.711207178053119,0.782277064151895,"Real","train","Dirichlet Tree","dt",3.70541025455287,2.23849223399851
0.025815077465066,-0.796272266959862,"Real","train","Dirichlet Tree","dt",3.70541025455287,2.23849223399851
-0.848064026735533,0.0458768628265271,"Real","train","Dirichlet Tree","dt",3.70541025455287,2.23849223399851
-0.124965382833015,-0.178891426387014,"Real","train","Dirichlet Tree","dt",3.70541025455287,2.23849223399851
0.190746697444109,0.078725844352048,"Real","train","Dirichlet Tree","dt",3.70541025455287,2.23849223399851
-0.91094884316703,0.234153204301425,"Real","train","Dirichlet Tree","dt",3.70541025455287,2.23849223399851
-0.167232002824127,-0.370436958494627,"Real","train","Dirichlet Tree","dt",3.70541025455287,2.23849223399851
-0.764121597574327,-0.405053632826743,"Real","train","Dirichlet Tree","dt",3.70541025455287,2.23849223399851
0.248133023337054,-0.00677288612848623,"Real","train","Dirichlet Tree","dt",3.70541025455287,2.23849223399851
-0.883907721159549,0.381260013352949,"Real","train","Dirichlet Tree","dt",3.70541025455287,2.23849223399851
0.384080035074049,0.235465718798185,"Real","train","Dirichlet Tree","dt",3.70541025455287,2.23849223399851
-0.0513384371495497,-0.104074976852203,"Real","train","Dirichlet Tree","dt",3.70541025455287,2.23849223399851
0.159694205000386,0.108285068207907,"Real","train","Dirichlet Tree","dt",3.70541025455287,2.23849223399851
0.451748064347759,0.225843702870171,"Real","train","Dirichlet Tree","dt",3.70541025455287,2.23849223399851
-0.461774357541921,-0.550795838624989,"Real","train","Dirichlet Tree","dt",3.70541025455287,2.23849223399851
-0.456985186415392,-0.551660768333647,"Real","train","Dirichlet Tree","dt",3.70541025455287,2.23849223399851
-0.783989764647568,0.410415337880669,"Real","train","Dirichlet Tree","dt",3.70541025455287,2.23849223399851
0.46763146191288,0.154716099784731,"Real","train","Dirichlet Tree","dt",3.70541025455287,2.23849223399851
-0.795262084221909,0.213858136297152,"Real","train","Dirichlet Tree","dt",3.70541025455287,2.23849223399851
0.255978640463695,-0.295223290017411,"Real","train","Dirichlet Tree","dt",3.70541025455287,2.23849223399851
0.323311415352963,0.026200288433716,"Real","train","Dirichlet Tree","dt",3.70541025455287,2.23849223399851
0.547518870683378,0.262211625663774,"Real","train","Dirichlet Tree","dt",3.70541025455287,2.23849223399851
-0.693070850196995,-0.0632090865451382,"Real","train","Dirichlet Tree","dt",3.70541025455287,2.23849223399851
-0.620855883934082,-0.155342519764713,"Real","train","Dirichlet Tree","dt",3.70541025455287,2.23849223399851
-0.759536014539297,-0.403085852647284,"Real","train","Dirichlet Tree","dt",3.70541025455287,2.23849223399851
-0.43435025288565,-0.359237739809154,"Real","train","Dirichlet Tree","dt",3.70541025455287,2.23849223399851
0.148751824403734,-0.0232643056077073,"Real","train","Dirichlet Tree","dt",3.70541025455287,2.23849223399851
0.344548047750152,0.105685892958594,"Real","train","Dirichlet Tree","dt",3.70541025455287,2.23849223399851
0.139737958931237,0.0313411677698869,"Real","train","Dirichlet Tree","dt",3.70541025455287,2.23849223399851
-0.661965344696851,-0.0915626811018619,"Real","train","Dirichlet Tree","dt",3.70541025455287,2.23849223399851
-0.687177837865946,0.119889135550183,"Real","train","Dirichlet Tree","dt",3.70541025455287,2.23849223399851
-0.0222475193151639,-0.225734749376733,"Real","train","Dirichlet Tree","dt",3.70541025455287,2.23849223399851
-0.314471527783389,-0.35281105849187,"Real","train","Dirichlet Tree","dt",3.70541025455287,2.23849223399851
0.45039267039392,0.240518076976003,"Real","train","Dirichlet Tree","dt",3.70541025455287,2.23849223399851
0.108351472575856,-0.71056587169588,"Real","train","Dirichlet Tree","dt",3.70541025455287,2.23849223399851
-0.789406513112992,0.0742237490391133,"Real","train","Dirichlet Tree","dt",3.70541025455287,2.23849223399851
-0.0964787782581092,-0.146590236852963,"Real","train","Dirichlet Tree","dt",3.70541025455287,2.23849223399851
-0.0636855234619252,-0.249346307057258,"Real","train","Dirichlet Tree","dt",3.70541025455287,2.23849223399851
-0.840771221366644,0.437134740168321,"Real","train","Dirichlet Tree","dt",3.70541025455287,2.23849223399851
0.122484418821491,0.0827064910568849,"Real","train","Dirichlet Tree","dt",3.70541025455287,2.23849223399851
0.0426743895954144,-0.80816116346613,"Real","train","Dirichlet Tree","dt",3.70541025455287,2.23849223399851
0.080868621519719,-0.548377404419634,"Real","train","Dirichlet Tree","dt",3.70541025455287,2.23849223399851
-0.512821815646214,-0.288093666926166,"Real","train","Dirichlet Tree","dt",3.70541025455287,2.23849223399851
-0.406529693504399,0.266660618669578,"Real","train","Dirichlet Tree","dt",3.70541025455287,2.23849223399851
0.167735027972319,-0.531251724905513,"Real","train","Dirichlet Tree","dt",3.70541025455287,2.23849223399851
-0.343977215131142,-0.0827147237336952,"Real","train","Dirichlet Tree","dt",3.70541025455287,2.23849223399851
-0.86477248597685,0.389112765137612,"Real","train","Dirichlet Tree","dt",3.70541025455287,2.23849223399851
-0.694451085028118,-0.268942039915131,"Real","train","Dirichlet Tree","dt",3.70541025455287,2.23849223399851
-0.612351747331673,-0.43390432728719,"Real","train","Dirichlet Tree","dt",3.70541025455287,2.23849223399851
-0.570683927282813,-0.0556332208687994,"Real","train","Dirichlet Tree","dt",3.70541025455287,2.23849223399851
0.182819078668247,-0.452188574448715,"Real","train","Dirichlet Tree","dt",3.70541025455287,2.23849223399851
0.34366040098385,-0.069669032986211,"Real","train","Dirichlet Tree","dt",3.70541025455287,2.23849223399851
-0.0492135363565456,-0.544462999201208,"Real","train","Dirichlet Tree","dt",3.70541025455287,2.23849223399851
-0.507125942571302,0.144965667359633,"Real","train","Dirichlet Tree","dt",3.70541025455287,2.23849223399851
-0.78421812014722,0.421512651518858,"Real","train","Dirichlet Tree","dt",3.70541025455287,2.23849223399851
0.357462926013422,0.246108042922729,"Real","train","Dirichlet Tree","dt",3.70541025455287,2.23849223399851
-0.0621894287347393,-0.174256393147008,"Real","train","Dirichlet Tree","dt",3.70541025455287,2.23849223399851
0.0372010433019877,-0.569623757014201,"Real","train","Dirichlet Tree","dt",3.70541025455287,2.23849223399851
-0.253961370363183,-0.308129682706085,"Real","train","Dirichlet Tree","dt",3.70541025455287,2.23849223399851
0.203091167580024,0.0931449886099234,"Real","train","Dirichlet Tree","dt",3.70541025455287,2.23849223399851
0.205369957328065,-0.41898096909189,"Real","train","Dirichlet Tree","dt",3.70541025455287,2.23849223399851
0.451402222334439,0.109736592512281,"Real","train","Dirichlet Tree","dt",3.70541025455287,2.23849223399851
-0.902688689178702,0.172014652439499,"Real","train","Dirichlet Tree","dt",3.70541025455287,2.23849223399851
-0.575802280933323,0.0959748327774549,"Real","train","Dirichlet Tree","dt",3.70541025455287,2.23849223399851
0.337719232752627,-0.166432098787957,"Real","train","Dirichlet Tree","dt",3.70541025455287,2.23849223399851
0.516988799040809,0.19437098827127,"Real","train","Dirichlet Tree","dt",3.70541025455287,2.23849223399851
0.407491245029771,0.0746936748077609,"Real","train","Dirichlet Tree","dt",3.70541025455287,2.23849223399851
0.0649906588852736,-0.792924960939302,"Real","train","Dirichlet Tree","dt",3.70541025455287,2.23849223399851
0.0603157348972055,-0.211381065580138,"Real","train","Dirichlet Tree","dt",3.70541025455287,2.23849223399851
0.462159594407823,0.273946706723964,"Real","train","Dirichlet Tree","dt",3.70541025455287,2.23849223399851
0.0277590764136366,-0.75251030074364,"Real","train","Dirichlet Tree","dt",3.70541025455287,2.23849223399851
-0.336560010715981,-0.429692282744487,"Real","train","Dirichlet Tree","dt",3.70541025455287,2.23849223399851
0.405549814596705,0.243104373981963,"Real","train","Dirichlet Tree","dt",3.70541025455287,2.23849223399851
0.47278228367465,0.224578783806676,"Real","train","Dirichlet Tree","dt",3.70541025455287,2.23849223399851
0.0205280758884617,0.249531478995573,"Real","train","Dirichlet Tree","dt",3.70541025455287,2.23849223399851
-0.60819641820486,-0.37094452297535,"Real","train","Dirichlet Tree","dt",3.70541025455287,2.23849223399851
0.539343978434245,0.221169721883253,"Real","train","Dirichlet Tree","dt",3.70541025455287,2.23849223399851
0.291805333297479,-0.11581100062293,"Real","train","Dirichlet Tree","dt",3.70541025455287,2.23849223399851
0.112466581240592,-0.589206062757724,"Real","train","Dirichlet Tree","dt",3.70541025455287,2.23849223399851
0.0398953435969712,-0.169929092304245,"Real","train","Dirichlet Tree","dt",3.70541025455287,2.23849223399851
0.38132370495022,0.0189204741655091,"Real","train","Dirichlet Tree","dt",3.70541025455287,2.23849223399851
-0.559079185652297,-0.0309939304593167,"Real","train","Dirichlet Tree","dt",3.70541025455287,2.23849223399851
0.216541586832564,-0.0543035922844664,"Real","train","Dirichlet Tree","dt",3.70541025455287,2.23849223399851
-0.0489243841927036,-0.426987765464589,"Real","train","Dirichlet Tree","dt",3.70541025455287,2.23849223399851
0.296180937133769,0.107872664067368,"Real","train","Dirichlet Tree","dt",3.70541025455287,2.23849223399851
-0.185442827594867,-0.284123295270909,"Real","train","Dirichlet Tree","dt",3.70541025455287,2.23849223399851
-0.651286111306694,0.476458711293886,"Real","train","Dirichlet Tree","dt",3.70541025455287,2.23849223399851
0.306101954226932,0.20066138533654,"Real","train","Dirichlet Tree","dt",3.70541025455287,2.23849223399851
-0.309469255456034,-0.450535394660461,"Real","train","Dirichlet Tree","dt",3.70541025455287,2.23849223399851
-0.79837853454167,0.0371409736388324,"Real","train","Dirichlet Tree","dt",3.70541025455287,2.23849223399851
-0.886664252777918,0.390880449835932,"Real","train","Dirichlet Tree","dt",3.70541025455287,2.23849223399851
0.526571926520043,0.22089947023292,"Real","train","Dirichlet Tree","dt",3.70541025455287,2.23849223399851
-0.0909932311418043,-0.37294841258013,"Real","train","Dirichlet Tree","dt",3.70541025455287,2.23849223399851
-0.500169910030124,-0.65373324797236,"Real","train","Dirichlet Tree","dt",3.70541025455287,2.23849223399851
-0.288783470767732,-0.3967307094063,"Real","train","Dirichlet Tree","dt",3.70541025455287,2.23849223399851
-0.432320948642032,0.203746913617274,"Real","train","Dirichlet Tree","dt",3.70541025455287,2.23849223399851
-0.692643137194156,0.825792747407614,"Real","train","Dirichlet Tree","dt",3.70541025455287,2.23849223399851
0.0424677640123708,-0.423115698427044,"Real","train","Dirichlet Tree","dt",3.70541025455287,2.23849223399851
-0.0652078965657565,-0.396826929810948,"Real","train","Dirichlet Tree","dt",3.70541025455287,2.23849223399851
0.387899334979993,-0.252555549546329,"Real","train","Dirichlet Tree","dt",3.70541025455287,2.23849223399851
0.423243051030033,-0.0762601058181764,"Real","train","Dirichlet Tree","dt",3.70541025455287,2.23849223399851
0.0810151483025269,-0.788643297417292,"Real","train","Dirichlet Tree","dt",3.70541025455287,2.23849223399851
-0.693557626327894,0.798281579956142,"Real","train","Dirichlet Tree","dt",3.70541025455287,2.23849223399851
-0.120010037444898,-0.0546143897893801,"Real","train","Dirichlet Tree","dt",3.70541025455287,2.23849223399851
-0.898325757292823,0.0196666435166662,"Real","train","Dirichlet Tree","dt",3.70541025455287,2.23849223399851
-0.0603617469160295,-0.0223245296263143,"Real","train","Dirichlet Tree","dt",3.70541025455287,2.23849223399851
-0.357661615772159,-0.133609757557508,"Real","train","Dirichlet Tree","dt",3.70541025455287,2.23849223399851
0.561646433214251,0.223993113701752,"Real","train","Dirichlet Tree","dt",3.70541025455287,2.23849223399851
-0.1811332772292,-0.36383193332218,"Real","train","Dirichlet Tree","dt",3.70541025455287,2.23849223399851
0.305619091173058,-0.394082585692022,"Real","train","Dirichlet Tree","dt",3.70541025455287,2.23849223399851
-0.0582915133184309,-0.550031232234676,"Real","train","Dirichlet Tree","dt",3.70541025455287,2.23849223399851
-0.419132423565606,-0.372573818271834,"Real","train","Dirichlet Tree","dt",3.70541025455287,2.23849223399851
0.560745570846926,0.266340333363345,"Real","train","Dirichlet Tree","dt",3.70541025455287,2.23849223399851
-0.687036039222404,-0.110249357609002,"Real","train","Dirichlet Tree","dt",3.70541025455287,2.23849223399851
0.101297420167202,-0.563222671807806,"Real","train","Dirichlet Tree","dt",3.70541025455287,2.23849223399851
-0.514784339679305,-0.480520068141492,"Real","train","Dirichlet Tree","dt",3.70541025455287,2.23849223399851
-0.247988115498588,-0.0679463771986774,"Real","train","Dirichlet Tree","dt",3.70541025455287,2.23849223399851
-0.505733117905865,-0.433077838679797,"Real","train","Dirichlet Tree","dt",3.70541025455287,2.23849223399851
0.140732638919633,0.0595747984134113,"Real","train","Dirichlet Tree","dt",3.70541025455287,2.23849223399851
-0.413005309161045,-0.70228367952001,"Real","train","Dirichlet Tree","dt",3.70541025455287,2.23849223399851
0.0319305161950214,-0.663741731492495,"Real","train","Dirichlet Tree","dt",3.70541025455287,2.23849223399851
-0.810052150304713,-0.32703375734857,"Real","train","Dirichlet Tree","dt",3.70541025455287,2.23849223399851
-0.101931715118488,0.0665153585633764,"Real","train","Dirichlet Tree","dt",3.70541025455287,2.23849223399851
0.516599218102957,-0.0785548465888418,"Real","train","Dirichlet Tree","dt",3.70541025455287,2.23849223399851
-0.749597621846274,-0.395450337919178,"Real","train","Dirichlet Tree","dt",3.70541025455287,2.23849223399851
0.368279064187205,0.0789136409693234,"Real","train","Dirichlet Tree","dt",3.70541025455287,2.23849223399851
-0.574671436250812,-0.189281897208875,"Real","train","Dirichlet Tree","dt",3.70541025455287,2.23849223399851
-0.36685244387662,0.161976789896382,"Real","train","Dirichlet Tree","dt",3.70541025455287,2.23849223399851
-0.550918979076922,-0.118151327862291,"Real","train","Dirichlet Tree","dt",3.70541025455287,2.23849223399851
-0.307597019987661,0.20564205970184,"Real","train","Dirichlet Tree","dt",3.70541025455287,2.23849223399851
-0.682945383331282,0.484331968251841,"Real","train","Dirichlet Tree","dt",3.70541025455287,2.23849223399851
-0.812016769575708,-0.314486816937773,"Real","train","Dirichlet Tree","dt",3.70541025455287,2.23849223399851
0.460198816065958,0.191357369961884,"Real","train","Dirichlet Tree","dt",3.70541025455287,2.23849223399851
-0.647262890015422,-0.381334067215909,"Real","train","Dirichlet Tree","dt",3.70541025455287,2.23849223399851
0.0501716783767984,-0.158570284590242,"Real","train","Dirichlet Tree","dt",3.70541025455287,2.23849223399851
-0.0232559103471788,-0.225980387196363,"Real","train","Dirichlet Tree","dt",3.70541025455287,2.23849223399851
0.178393805016468,-0.108997735043729,"Real","train","Dirichlet Tree","dt",3.70541025455287,2.23849223399851
-0.727475881846575,0.02047793228118,"Real","train","Dirichlet Tree","dt",3.70541025455287,2.23849223399851
-0.100077682374115,-0.608090119433224,"Real","train","Dirichlet Tree","dt",3.70541025455287,2.23849223399851
0.105971545268554,-0.572544753085513,"Real","train","Dirichlet Tree","dt",3.70541025455287,2.23849223399851
-0.196751289806661,0.031988256907479,"Real","train","Dirichlet Tree","dt",3.70541025455287,2.23849223399851
-0.030681774455737,-0.544012355235729,"Real","train","Dirichlet Tree","dt",3.70541025455287,2.23849223399851
0.314263005011541,0.0501180459511057,"Real","train","Dirichlet Tree","dt",3.70541025455287,2.23849223399851
0.234148891338764,-0.428614125969981,"Real","train","Dirichlet Tree","dt",3.70541025455287,2.23849223399851
-0.512706339224943,-0.162686984200553,"Real","train","Dirichlet Tree","dt",3.70541025455287,2.23849223399851
-0.465102466162637,-0.106258910835008,"Real","train","Dirichlet Tree","dt",3.70541025455287,2.23849223399851
0.385954687876771,0.10047276355808,"Real","train","Dirichlet Tree","dt",3.70541025455287,2.23849223399851
-0.00138677121531552,-0.214692927822314,"Real","train","Dirichlet Tree","dt",3.70541025455287,2.23849223399851
-0.612536252240613,-0.558441493047484,"Real","train","Dirichlet Tree","dt",3.70541025455287,2.23849223399851
-0.439318896728624,0.613596619855605,"Real","train","Dirichlet Tree","dt",3.70541025455287,2.23849223399851
-0.269095953838757,-0.231456288600737,"Real","train","Dirichlet Tree","dt",3.70541025455287,2.23849223399851
0.0785234425025107,-0.7579714649002,"Real","train","Dirichlet Tree","dt",3.70541025455287,2.23849223399851
-0.117163475728421,-0.249130948625777,"Real","train","Dirichlet Tree","dt",3.70541025455287,2.23849223399851
-0.540904110405467,-0.68203044691464,"Real","train","Dirichlet Tree","dt",3.70541025455287,2.23849223399851
0.0430974400495608,-0.42954201732067,"Real","train","Dirichlet Tree","dt",3.70541025455287,2.23849223399851
0.132008142378133,-0.633661769501676,"Real","train","Dirichlet Tree","dt",3.70541025455287,2.23849223399851
0.439413559726845,-0.058415099888295,"Real","train","Dirichlet Tree","dt",3.70541025455287,2.23849223399851
0.276223482051799,-0.139467962418786,"Real","train","Dirichlet Tree","dt",3.70541025455287,2.23849223399851
-0.2707538961033,-0.0326840641509177,"Real","train","Dirichlet Tree","dt",3.70541025455287,2.23849223399851
-0.332343563302715,-0.177502398902065,"Real","train","Dirichlet Tree","dt",3.70541025455287,2.23849223399851
-0.5433798515291,0.652445386566059,"Real","train","Dirichlet Tree","dt",3.70541025455287,2.23849223399851
0.362091632656465,0.096343046905274,"Real","train","Dirichlet Tree","dt",3.70541025455287,2.23849223399851
0.0719529060702646,-0.138215940597974,"Real","train","Dirichlet Tree","dt",3.70541025455287,2.23849223399851
0.129112838510021,0.184667904115534,"Real","train","Dirichlet Tree","dt",3.70541025455287,2.23849223399851
-0.535037661160544,-0.467125247009458,"Real","train","Dirichlet Tree","dt",3.70541025455287,2.23849223399851
0.185520167839342,-0.324711184222829,"Real","train","Dirichlet Tree","dt",3.70541025455287,2.23849223399851
-0.763931355528569,-0.264700109466106,"Real","train","Dirichlet Tree","dt",3.70541025455287,2.23849223399851
-0.412788305153269,-0.649283691293141,"Real","train","Dirichlet Tree","dt",3.70541025455287,2.23849223399851
-0.440368416472912,-0.314674010382246,"Real","train","Dirichlet Tree","dt",3.70541025455287,2.23849223399851
-0.295894727815821,-0.419754840287451,"Real","train","Dirichlet Tree","dt",3.70541025455287,2.23849223399851
0.195394937335087,-0.262385449782319,"Real","train","Dirichlet Tree","dt",3.70541025455287,2.23849223399851
-0.661226287166465,0.54681403547986,"Real","train","Dirichlet Tree","dt",3.70541025455287,2.23849223399851
-0.746502851816157,0.193455643217912,"Real","train","Dirichlet Tree","dt",3.70541025455287,2.23849223399851
0.42715182990644,-0.0474362859230327,"Real","train","Dirichlet Tree","dt",3.70541025455287,2.23849223399851
-0.904402361989593,-0.0259114655811583,"Real","train","Dirichlet Tree","dt",3.70541025455287,2.23849223399851
-0.647766882046366,-0.0796796573083326,"Real","train","Dirichlet Tree","dt",3.70541025455287,2.23849223399851
-0.411860236072112,-0.380002526893128,"Real","train","Dirichlet Tree","dt",3.70541025455287,2.23849223399851
-0.0486361017556602,-0.457959132430229,"Real","train","Dirichlet Tree","dt",3.70541025455287,2.23849223399851
0.363315325591983,0.113656151465543,"Real","train","Dirichlet Tree","dt",3.70541025455287,2.23849223399851
0.303029243788341,0.215930641117691,"Real","train","Dirichlet Tree","dt",3.70541025455287,2.23849223399851
0.105779292787183,-0.734828639428448,"Real","train","Dirichlet Tree","dt",3.70541025455287,2.23849223399851
-0.131643556824212,-0.64668171918928,"Real","train","Dirichlet Tree","dt",3.70541025455287,2.23849223399851
-0.423868150504016,0.347254232314128,"Real","train","Dirichlet Tree","dt",3.70541025455287,2.23849223399851
-0.609829655031832,-0.235721922188983,"Real","train","Dirichlet Tree","dt",3.70541025455287,2.23849223399851
-0.893687547953131,-0.0978615905344985,"Real","train","Dirichlet Tree","dt",3.70541025455287,2.23849223399851
-0.254490411086605,-0.119373354815658,"Real","train","Dirichlet Tree","dt",3.70541025455287,2.23849223399851
-0.748644324282423,-0.0272880198452255,"Real","train","Dirichlet Tree","dt",3.70541025455287,2.23849223399851
0.459671533402772,0.0981836555852404,"Real","train","Dirichlet Tree","dt",3.70541025455287,2.23849223399851
0.363179330598212,-0.152938186319661,"Real","train","Dirichlet Tree","dt",3.70541025455287,2.23849223399851
0.414332072214829,-0.105877273929486,"Real","train","Dirichlet Tree","dt",3.70541025455287,2.23849223399851
-0.215127796362198,0.0728105769361157,"Real","train","Dirichlet Tree","dt",3.70541025455287,2.23849223399851
0.210244289587915,0.0512668223850934,"Real","train","Dirichlet Tree","dt",3.70541025455287,2.23849223399851
-0.706560601794897,-0.203339807666505,"Real","train","Dirichlet Tree","dt",3.70541025455287,2.23849223399851
-0.916945903234534,0.359471421932534,"Real","train","Dirichlet Tree","dt",3.70541025455287,2.23849223399851
-0.936529726344449,0.146066969107653,"Real","train","Dirichlet Tree","dt",3.70541025455287,2.23849223399851
-0.670655116239504,-0.133125369955492,"Real","train","Dirichlet Tree","dt",3.70541025455287,2.23849223399851
-0.010895179765349,0.219456078567679,"Real","train","Dirichlet Tree","dt",3.70541025455287,2.23849223399851
-0.699599208373325,-0.109824200947746,"Real","train","Dirichlet Tree","dt",3.70541025455287,2.23849223399851
-0.737733829113349,0.746462824786398,"Real","train","Dirichlet Tree","dt",3.70541025455287,2.23849223399851
0.363315325591983,0.113656151465543,"Real","train","Dirichlet Tree","dt",3.70541025455287,2.23849223399851
0.261107926146071,-0.546350626320744,"Real","train","Dirichlet Tree","dt",3.70541025455287,2.23849223399851
-0.0875320252949794,-0.193306790876335,"Real","train","Dirichlet Tree","dt",3.70541025455287,2.23849223399851
0.333586481537911,0.214997226991448,"Real","train","Dirichlet Tree","dt",3.70541025455287,2.23849223399851
0.0785113128187426,-0.57849023495997,"Real","train","Dirichlet Tree","dt",3.70541025455287,2.23849223399851
0.0532283399623504,-0.687441826286326,"Real","train","Dirichlet Tree","dt",3.70541025455287,2.23849223399851
-0.391756188925781,-0.396187520421769,"Real","train","Dirichlet Tree","dt",3.70541025455287,2.23849223399851
-0.51374692840692,0.348782045656098,"Real","train","Dirichlet Tree","dt",3.70541025455287,2.23849223399851
-0.0631007805374622,-0.330413556710405,"Real","train","Dirichlet Tree","dt",3.70541025455287,2.23849223399851
0.182656655512531,-0.0398729284731605,"Real","train","Dirichlet Tree","dt",3.70541025455287,2.23849223399851
0.454542089915275,0.289657049645114,"Real","train","Dirichlet Tree","dt",3.70541025455287,2.23849223399851
0.514162689196956,0.194731624953083,"Real","train","Dirichlet Tree","dt",3.70541025455287,2.23849223399851
0.53345959599789,0.134636882116105,"Real","train","Dirichlet Tree","dt",3.70541025455287,2.23849223399851
-0.588953922265963,-0.107829440115565,"Real","train","Dirichlet Tree","dt",3.70541025455287,2.23849223399851
0.252485904716587,-0.0449992900999894,"Real","train","Dirichlet Tree","dt",3.70541025455287,2.23849223399851
-0.357062592164128,-0.161501249410484,"Real","train","Dirichlet Tree","dt",3.70541025455287,2.23849223399851
0.0879057768818327,-0.098616524094905,"Real","train","Dirichlet Tree","dt",3.70541025455287,2.23849223399851
-0.542139558911659,0.0598999614329372,"Real","train","Dirichlet Tree","dt",3.70541025455287,2.23849223399851
0.0199335575961622,-0.588348881500394,"Real","train","Dirichlet Tree","dt",3.70541025455287,2.23849223399851
-0.217819113426167,-0.172811898417734,"Real","train","Dirichlet Tree","dt",3.70541025455287,2.23849223399851
0.476564954474835,0.193402247966064,"Real","train","Dirichlet Tree","dt",3.70541025455287,2.23849223399851
-0.00112513614395674,-0.297321910152487,"Real","train","Dirichlet Tree","dt",3.70541025455287,2.23849223399851
-0.526434037606576,-0.482687868578916,"Real","train","Dirichlet Tree","dt",3.70541025455287,2.23849223399851
0.00327079328805693,-0.333938952839219,"Real","train","Dirichlet Tree","dt",3.70541025455287,2.23849223399851
-0.838649546765276,-0.344408760281294,"Real","train","Dirichlet Tree","dt",3.70541025455287,2.23849223399851
-0.195304494852369,-0.32801876978961,"Real","train","Dirichlet Tree","dt",3.70541025455287,2.23849223399851
-0.0721674915048788,0.0353958288079878,"Real","train","Dirichlet Tree","dt",3.70541025455287,2.23849223399851
0.584520783406597,0.188803746909879,"Real","train","Dirichlet Tree","dt",3.70541025455287,2.23849223399851
-0.758371615777178,0.369106356153061,"Real","train","Dirichlet Tree","dt",3.70541025455287,2.23849223399851
-0.698473570666324,-0.606889655152351,"Real","train","Dirichlet Tree","dt",3.70541025455287,2.23849223399851
-0.661481766393944,-0.0438254296863075,"Real","train","Dirichlet Tree","dt",3.70541025455287,2.23849223399851
0.253321494395603,-0.440370196588136,"Real","train","Dirichlet Tree","dt",3.70541025455287,2.23849223399851
-0.0144375443760551,-0.141336618608089,"Real","train","Dirichlet Tree","dt",3.70541025455287,2.23849223399851
0.249390682371193,0.102687090436634,"Real","train","Dirichlet Tree","dt",3.70541025455287,2.23849223399851
-0.579290748398635,0.027636648246711,"Real","train","Dirichlet Tree","dt",3.70541025455287,2.23849223399851
0.0563800678045154,0.0372061889398001,"Real","train","Dirichlet Tree","dt",3.70541025455287,2.23849223399851
0.432284444498874,0.193878324824252,"Real","train","Dirichlet Tree","dt",3.70541025455287,2.23849223399851
0.428646905164193,0.195961916480661,"Real","train","Dirichlet Tree","dt",3.70541025455287,2.23849223399851
0.078437481618068,0.0124452730184328,"Real","train","Dirichlet Tree","dt",3.70541025455287,2.23849223399851
-0.855439514722985,0.280385252786384,"Real","train","Dirichlet Tree","dt",3.70541025455287,2.23849223399851
-0.538268254264967,-0.662928378917059,"Real","train","Dirichlet Tree","dt",3.70541025455287,2.23849223399851
0.0776694883672232,-0.237346195781416,"Real","train","Dirichlet Tree","dt",3.70541025455287,2.23849223399851
0.226908217256163,0.0223441419371521,"Real","train","Dirichlet Tree","dt",3.70541025455287,2.23849223399851
0.210955854008207,-0.123856766421943,"Real","train","Dirichlet Tree","dt",3.70541025455287,2.23849223399851
0.310861087599699,0.200264303671659,"Real","train","Dirichlet Tree","dt",3.70541025455287,2.23849223399851
0.31839204508395,0.216906922611749,"Real","train","Dirichlet Tree","dt",3.70541025455287,2.23849223399851
-0.661988470115674,-0.242144528283835,"Real","train","Dirichlet Tree","dt",3.70541025455287,2.23849223399851
0.430973148262603,0.190831065589641,"Real","train","Dirichlet Tree","dt",3.70541025455287,2.23849223399851
0.00741734915668162,-0.775342484176906,"Real","train","Dirichlet Tree","dt",3.70541025455287,2.23849223399851
0.146686395743781,0.0381735781567228,"Real","train","Dirichlet Tree","dt",3.70541025455287,2.23849223399851
0.502498150038281,0.176804165857221,"Real","train","Dirichlet Tree","dt",3.70541025455287,2.23849223399851
0.110954890007479,-0.750652311940779,"Real","train","Dirichlet Tree","dt",3.70541025455287,2.23849223399851
-0.104878446120615,-0.0398770412536442,"Real","train","Dirichlet Tree","dt",3.70541025455287,2.23849223399851
-0.0752638451604657,-0.244617598816686,"Real","train","Dirichlet Tree","dt",3.70541025455287,2.23849223399851
0.128855742281815,0.109846280272164,"Real","train","Dirichlet Tree","dt",3.70541025455287,2.23849223399851
0.119625364108795,-0.389486400090862,"Real","train","Dirichlet Tree","dt",3.70541025455287,2.23849223399851
-0.912736711704818,0.245001518387027,"Real","train","Dirichlet Tree","dt",3.70541025455287,2.23849223399851
-0.732481639567001,-0.205823866822125,"Real","train","Dirichlet Tree","dt",3.70541025455287,2.23849223399851
-0.439774690137159,-0.498575619706574,"Real","train","Dirichlet Tree","dt",3.70541025455287,2.23849223399851
-0.70170815777649,-0.208238731820912,"Real","train","Dirichlet Tree","dt",3.70541025455287,2.23849223399851
-0.734885477159175,-0.196106582384341,"Real","train","Dirichlet Tree","dt",3.70541025455287,2.23849223399851
-0.255228421426869,-0.156763798503044,"Real","train","Dirichlet Tree","dt",3.70541025455287,2.23849223399851
-0.218443821361695,-0.61450494001058,"Real","train","Dirichlet Tree","dt",3.70541025455287,2.23849223399851
0.0280823360978504,-0.346975132746113,"Real","train","Dirichlet Tree","dt",3.70541025455287,2.23849223399851
-0.609633537041225,-0.0249495919806612,"Real","train","Dirichlet Tree","dt",3.70541025455287,2.23849223399851
-0.226437181596973,0.0458672035547154,"Real","train","Dirichlet Tree","dt",3.70541025455287,2.23849223399851
-0.733651196624315,0.84593296899827,"Real","train","Dirichlet Tree","dt",3.70541025455287,2.23849223399851
-0.500169910030124,-0.65373324797236,"Real","train","Dirichlet Tree","dt",3.70541025455287,2.23849223399851
-0.0758309056429795,-0.683781306204953,"Real","train","Dirichlet Tree","dt",3.70541025455287,2.23849223399851
-0.0928653062804646,-0.330013617382172,"Real","train","Dirichlet Tree","dt",3.70541025455287,2.23849223399851
-0.54982099944136,0.322671772976859,"Real","train","Dirichlet Tree","dt",3.70541025455287,2.23849223399851
0.258549270251286,-0.4840248421503,"Real","train","Dirichlet Tree","dt",3.70541025455287,2.23849223399851
-0.457853808299248,-0.141269051206489,"Real","train","Dirichlet Tree","dt",3.70541025455287,2.23849223399851
-0.335917209479303,-0.552116934548247,"Real","train","Dirichlet Tree","dt",3.70541025455287,2.23849223399851
0.0174950899065598,0.184257761275772,"Real","train","Dirichlet Tree","dt",3.70541025455287,2.23849223399851
-0.267443271761182,-0.115618232690659,"Real","train","Dirichlet Tree","dt",3.70541025455287,2.23849223399851
0.157127663724834,-0.611454772182156,"Real","train","Dirichlet Tree","dt",3.70541025455287,2.23849223399851
-0.103808371958495,-0.359923524598829,"Real","train","Dirichlet Tree","dt",3.70541025455287,2.23849223399851
-0.0971308660376763,-0.792762270326462,"Real","train","Dirichlet Tree","dt",3.70541025455287,2.23849223399851
-0.752029579002854,-0.185283054449747,"Real","train","Dirichlet Tree","dt",3.70541025455287,2.23849223399851
-0.106799185700735,-0.249681625412173,"Real","train","Dirichlet Tree","dt",3.70541025455287,2.23849223399851
-0.0468477701696831,-0.501796527526965,"Real","train","Dirichlet Tree","dt",3.70541025455287,2.23849223399851
-0.559939910767897,-0.644567661326687,"Real","train","Dirichlet Tree","dt",3.70541025455287,2.23849223399851
-0.566116658892383,-0.0476070392282884,"Real","train","Dirichlet Tree","dt",3.70541025455287,2.23849223399851
-0.394226307094851,-0.282861791198545,"Real","train","Dirichlet Tree","dt",3.70541025455287,2.23849223399851
-0.660927463821189,-0.0200348389601589,"Real","train","Dirichlet Tree","dt",3.70541025455287,2.23849223399851
-0.264133727295324,0.00146209375485669,"Real","train","Dirichlet Tree","dt",3.70541025455287,2.23849223399851
0.101819572316347,0.0522302344452636,"Real","train","Dirichlet Tree","dt",3.70541025455287,2.23849223399851
-0.231747278840919,0.0156505082811162,"Real","train","Dirichlet Tree","dt",3.70541025455287,2.23849223399851
-0.781660937226545,-0.0216499210752889,"Real","train","Dirichlet Tree","dt",3.70541025455287,2.23849223399851
0.196125804978875,-0.280765301490585,"Real","train","Dirichlet Tree","dt",3.70541025455287,2.23849223399851
0.0273354611318176,-0.251772394427322,"Real","train","Dirichlet Tree","dt",3.70541025455287,2.23849223399851
0.549359531611827,-0.086256691536874,"Real","train","Dirichlet Tree","dt",3.70541025455287,2.23849223399851
-0.32365869740837,-0.670690740070967,"Real","train","Dirichlet Tree","dt",3.70541025455287,2.23849223399851
-0.814808300339735,0.0304455123172384,"Real","train","Dirichlet Tree","dt",3.70541025455287,2.23849223399851
-0.614700005846425,-0.242170339143574,"Real","train","Dirichlet Tree","dt",3.70541025455287,2.23849223399851
0.118174099063722,-0.315310690479942,"Real","train","Dirichlet Tree","dt",3.70541025455287,2.23849223399851
0.118357011574559,-0.533130260071102,"Real","train","Dirichlet Tree","dt",3.70541025455287,2.23849223399851
0.544444938111048,0.261287134339724,"Real","train","Dirichlet Tree","dt",3.70541025455287,2.23849223399851
0.0644248084614581,-0.482883666761469,"Real","train","Dirichlet Tree","dt",3.70541025455287,2.23849223399851
-0.802382789479933,-0.0693055449585155,"Real","train","Dirichlet Tree","dt",3.70541025455287,2.23849223399851
-0.143349087166287,-0.619321407065177,"Real","train","Dirichlet Tree","dt",3.70541025455287,2.23849223399851
-0.175182837262738,-0.135301307315812,"Real","train","Dirichlet Tree","dt",3.70541025455287,2.23849223399851
0.029789222514307,-0.470332263123595,"Real","train","Dirichlet Tree","dt",3.70541025455287,2.23849223399851
-0.103212786816984,0.182252204939634,"Real","train","Dirichlet Tree","dt",3.70541025455287,2.23849223399851
-0.735199175727498,-0.323757664586813,"Real","train","Dirichlet Tree","dt",3.70541025455287,2.23849223399851
-0.517221248812228,-0.185026387558709,"Real","train","Dirichlet Tree","dt",3.70541025455287,2.23849223399851
-0.87345973886787,-0.443717324376639,"Real","train","Dirichlet Tree","dt",3.70541025455287,2.23849223399851
0.439988292367501,-0.0395336176856584,"Real","train","Dirichlet Tree","dt",3.70541025455287,2.23849223399851
-0.768238551792594,-0.282159892034804,"Real","train","Dirichlet Tree","dt",3.70541025455287,2.23849223399851
-0.85108123070407,-0.18209113534461,"Real","train","Dirichlet Tree","dt",3.70541025455287,2.23849223399851
-0.739980510742615,0.0319115236399958,"Real","train","Dirichlet Tree","dt",3.70541025455287,2.23849223399851
0.147398824896112,0.118924255849612,"Real","train","Dirichlet Tree","dt",3.70541025455287,2.23849223399851
-0.480710517172243,-0.457230644489663,"Real","train","Dirichlet Tree","dt",3.70541025455287,2.23849223399851
-0.708834801127181,-0.427919874762262,"Real","train","Dirichlet Tree","dt",3.70541025455287,2.23849223399851
-0.630360134541932,-0.679875143933276,"Real","train","Dirichlet Tree","dt",3.70541025455287,2.23849223399851
-0.43616823810337,-0.385171569151942,"Real","train","Dirichlet Tree","dt",3.70541025455287,2.23849223399851
0.271918174970704,0.0108814798903095,"Real","train","Dirichlet Tree","dt",3.70541025455287,2.23849223399851
0.159455590492067,-0.00477707043127072,"Real","train","Dirichlet Tree","dt",3.70541025455287,2.23849223399851
0.198116947880225,-0.174310547991723,"Real","train","Dirichlet Tree","dt",3.70541025455287,2.23849223399851
0.0247293681812461,-0.332829260398372,"Real","train","Dirichlet Tree","dt",3.70541025455287,2.23849223399851
-0.195535071482781,-0.327813103077802,"Real","train","Dirichlet Tree","dt",3.70541025455287,2.23849223399851
0.280201792936454,0.0134353415991377,"Real","train","Dirichlet Tree","dt",3.70541025455287,2.23849223399851
-0.0150268004216589,-0.519600588487035,"Real","train","Dirichlet Tree","dt",3.70541025455287,2.23849223399851
-0.208306641722148,-0.381577895265119,"Real","train","Dirichlet Tree","dt",3.70541025455287,2.23849223399851
-0.396469702880568,-0.365482504979983,"Real","train","Dirichlet Tree","dt",3.70541025455287,2.23849223399851
-0.468350314495976,-0.134101033334934,"Real","train","Dirichlet Tree","dt",3.70541025455287,2.23849223399851
-0.664077263948965,0.185459407165894,"Real","train","Dirichlet Tree","dt",3.70541025455287,2.23849223399851
0.484190147148527,0.0791613391394363,"Real","train","Dirichlet Tree","dt",3.70541025455287,2.23849223399851
-0.0855596535077043,-0.643423403253408,"Real","train","Dirichlet Tree","dt",3.70541025455287,2.23849223399851
-0.0994052685164562,-0.385583551155237,"Real","train","Dirichlet Tree","dt",3.70541025455287,2.23849223399851
-0.418944997712951,-0.11489701056379,"Real","train","Dirichlet Tree","dt",3.70541025455287,2.23849223399851
-0.93083831393309,0.346645152091959,"Real","train","Dirichlet Tree","dt",3.70541025455287,2.23849223399851
-0.862485078776288,-0.197828232516729,"Real","train","Dirichlet Tree","dt",3.70541025455287,2.23849223399851
-0.50588855946727,0.15702376046541,"Real","train","Dirichlet Tree","dt",3.70541025455287,2.23849223399851
-0.527418387662027,0.457680151622585,"Real","train","Dirichlet Tree","dt",3.70541025455287,2.23849223399851
0.393724122940432,0.0185134506501992,"Real","train","Dirichlet Tree","dt",3.70541025455287,2.23849223399851
0.502195021290465,0.261058465811285,"Real","train","Dirichlet Tree","dt",3.70541025455287,2.23849223399851
-0.71758478880214,-0.226955203895015,"Real","train","Dirichlet Tree","dt",3.70541025455287,2.23849223399851
-1.00517178359249,0.0307110015056498,"Real","train","Dirichlet Tree","dt",3.70541025455287,2.23849223399851
-0.652531508154999,0.473678451001104,"Real","train","Dirichlet Tree","dt",3.70541025455287,2.23849223399851
-0.636521684154788,-0.27737224191171,"Real","train","Dirichlet Tree","dt",3.70541025455287,2.23849223399851
-0.347169622779131,-0.66606793225968,"Real","train","Dirichlet Tree","dt",3.70541025455287,2.23849223399851
0.208516585866572,-0.00550932506497847,"Real","train","Dirichlet Tree","dt",3.70541025455287,2.23849223399851
0.150619459472329,-0.320620207089198,"Real","train","Dirichlet Tree","dt",3.70541025455287,2.23849223399851
0.212188633674196,0.0731585744258046,"Real","train","Dirichlet Tree","dt",3.70541025455287,2.23849223399851
0.284996302043748,-0.0218930691153883,"Real","train","Dirichlet Tree","dt",3.70541025455287,2.23849223399851
0.27130321832491,-0.114555031667158,"Real","train","Dirichlet Tree","dt",3.70541025455287,2.23849223399851
-0.651066768854375,-0.526265938522936,"Real","train","Dirichlet Tree","dt",3.70541025455287,2.23849223399851
0.240140419075578,-0.144935029692309,"Real","train","Dirichlet Tree","dt",3.70541025455287,2.23849223399851
0.198537070547396,-0.0767037251644481,"Real","train","Dirichlet Tree","dt",3.70541025455287,2.23849223399851
-0.380992361114778,-0.367571690309631,"Real","train","Dirichlet Tree","dt",3.70541025455287,2.23849223399851
-0.844711997857002,0.304364761747609,"Real","train","Dirichlet Tree","dt",3.70541025455287,2.23849223399851
-0.582174203827099,-0.0971557606067834,"Real","train","Dirichlet Tree","dt",3.70541025455287,2.23849223399851
-0.430439696736235,-0.204194863046426,"Real","train","Dirichlet Tree","dt",3.70541025455287,2.23849223399851
-0.34261832621012,-0.0639471461157626,"Real","train","Dirichlet Tree","dt",3.70541025455287,2.23849223399851
0.308345320852364,0.211567727319589,"Real","train","Dirichlet Tree","dt",3.70541025455287,2.23849223399851
0.526152320710465,0.171053509069172,"Real","train","Dirichlet Tree","dt",3.70541025455287,2.23849223399851
0.551720164466557,0.150644302257653,"Real","train","Dirichlet Tree","dt",3.70541025455287,2.23849223399851
0.491459410366438,0.123595788231977,"Real","train","Dirichlet Tree","dt",3.70541025455287,2.23849223399851
-0.377808631455727,0.00850676907722876,"Real","train","Dirichlet Tree","dt",3.70541025455287,2.23849223399851
-0.405395674620585,-0.00445375917359777,"Real","train","Dirichlet Tree","dt",3.70541025455287,2.23849223399851
-0.308022102427753,-0.648664153785684,"Real","train","Dirichlet Tree","dt",3.70541025455287,2.23849223399851
-0.408680655928421,-0.533006193209989,"Real","train","Dirichlet Tree","dt",3.70541025455287,2.23849223399851
-0.543668779732263,0.328832114256538,"Real","train","Dirichlet Tree","dt",3.70541025455287,2.23849223399851
-0.28348494359986,-0.607471913321031,"Real","train","Dirichlet Tree","dt",3.70541025455287,2.23849223399851
-0.482678392514112,-0.49240675093045,"Real","train","Dirichlet Tree","dt",3.70541025455287,2.23849223399851
-0.653819560386296,-0.0923524287895729,"Real","train","Dirichlet Tree","dt",3.70541025455287,2.23849223399851
0.186430483165149,-0.0504673308471494,"Real","train","Dirichlet Tree","dt",3.70541025455287,2.23849223399851
-0.805151989589199,0.162201676220361,"Real","train","Dirichlet Tree","dt",3.70541025455287,2.23849223399851
-0.376861383400341,-0.11183195104012,"Real","train","Dirichlet Tree","dt",3.70541025455287,2.23849223399851
0.087802649142968,-0.0562089185028925,"Real","train","Dirichlet Tree","dt",3.70541025455287,2.23849223399851
-0.477038392408875,-0.812183806151471,"Real","train","Dirichlet Tree","dt",3.70541025455287,2.23849223399851
-0.668415752923585,-0.181922087271531,"Real","train","Dirichlet Tree","dt",3.70541025455287,2.23849223399851
-0.884413203272904,0.252983284253554,"Real","train","Dirichlet Tree","dt",3.70541025455287,2.23849223399851
-0.531112268550853,-0.239626616619561,"Real","train","Dirichlet Tree","dt",3.70541025455287,2.23849223399851
0.566426437567498,0.168645965249625,"Real","train","Dirichlet Tree","dt",3.70541025455287,2.23849223399851
0.341785991809939,0.0898919921670342,"Real","train","Dirichlet Tree","dt",3.70541025455287,2.23849223399851
-0.255752701595458,-0.334580645071866,"Real","train","Dirichlet Tree","dt",3.70541025455287,2.23849223399851
-0.499453781677152,0.454406441041566,"Real","train","Dirichlet Tree","dt",3.70541025455287,2.23849223399851
0.319415670321029,-0.0335585181635049,"Real","train","Dirichlet Tree","dt",3.70541025455287,2.23849223399851
-0.578628917148623,-0.13162909325278,"Real","train","Dirichlet Tree","dt",3.70541025455287,2.23849223399851
-0.206565453371584,-0.263533036995042,"Real","train","Dirichlet Tree","dt",3.70541025455287,2.23849223399851
0.171222006888211,-0.152925395656288,"Real","train","Dirichlet Tree","dt",3.70541025455287,2.23849223399851
-0.210437340145452,-0.333617877574238,"Real","train","Dirichlet Tree","dt",3.70541025455287,2.23849223399851
-0.496911480553523,-0.216258786318891,"Real","train","Dirichlet Tree","dt",3.70541025455287,2.23849223399851
0.3671921607374,0.247816377391416,"Real","train","Dirichlet Tree","dt",3.70541025455287,2.23849223399851
-0.886052387330803,-0.476774287439268,"Real","train","Dirichlet Tree","dt",3.70541025455287,2.23849223399851
-0.620825613873054,0.0535526564153443,"Real","train","Dirichlet Tree","dt",3.70541025455287,2.23849223399851
0.195473068340928,0.013491578654356,"Real","train","Dirichlet Tree","dt",3.70541025455287,2.23849223399851
-0.842349725861165,0.17826554869427,"Real","train","Dirichlet Tree","dt",3.70541025455287,2.23849223399851
0.169754528014851,0.0448014357808523,"Real","train","Dirichlet Tree","dt",3.70541025455287,2.23849223399851
0.454074875150809,0.188653808317165,"Real","train","Dirichlet Tree","dt",3.70541025455287,2.23849223399851
-0.649753950889373,0.111406360155882,"Real","train","Dirichlet Tree","dt",3.70541025455287,2.23849223399851
0.139433083178405,0.0905230470169244,"Real","train","Dirichlet Tree","dt",3.70541025455287,2.23849223399851
-0.113391359050072,0.00149734608352356,"Real","train","Dirichlet Tree","dt",3.70541025455287,2.23849223399851
-0.412025315694035,-0.545783476728313,"Real","train","Dirichlet Tree","dt",3.70541025455287,2.23849223399851
-0.350811438102299,-0.135525916143252,"Real","train","Dirichlet Tree","dt",3.70541025455287,2.23849223399851
0.532689570604235,0.256182493350883,"Real","train","Dirichlet Tree","dt",3.70541025455287,2.23849223399851
-0.870912609550104,0.117148219265748,"Real","train","Dirichlet Tree","dt",3.70541025455287,2.23849223399851
-0.736825785930229,0.823166974527737,"Real","train","Dirichlet Tree","dt",3.70541025455287,2.23849223399851
-0.587214745874254,-0.18656082320283,"Real","train","Dirichlet Tree","dt",3.70541025455287,2.23849223399851
-0.910451923497128,0.0791331852619103,"Real","train","Dirichlet Tree","dt",3.70541025455287,2.23849223399851
0.0323380812885438,-0.768358899672097,"Real","train","Dirichlet Tree","dt",3.70541025455287,2.23849223399851
0.335189779907238,-0.0996298268827615,"Real","train","Dirichlet Tree","dt",3.70541025455287,2.23849223399851
-0.355539934338634,-0.359342294513699,"Real","train","Dirichlet Tree","dt",3.70541025455287,2.23849223399851
-0.506906435127219,-0.204528773477159,"Real","train","Dirichlet Tree","dt",3.70541025455287,2.23849223399851
-0.0761122885374581,-0.299030757033909,"Real","train","Dirichlet Tree","dt",3.70541025455287,2.23849223399851
0.120347341422494,-0.776751168114405,"Real","train","Dirichlet Tree","dt",3.70541025455287,2.23849223399851
0.141128722108925,-0.539675801705419,"Real","train","Dirichlet Tree","dt",3.70541025455287,2.23849223399851
-0.769973036110006,-0.336196798654293,"Real","train","Dirichlet Tree","dt",3.70541025455287,2.23849223399851
-0.0775484347422759,0.186856176082622,"Real","train","Dirichlet Tree","dt",3.70541025455287,2.23849223399851
-0.518283792197972,-0.169419291315165,"Real","train","Dirichlet Tree","dt",3.70541025455287,2.23849223399851
0.386162087305863,-0.212921026502451,"Real","train","Dirichlet Tree","dt",3.70541025455287,2.23849223399851
0.0631156199615538,-0.751822507904491,"Real","train","Dirichlet Tree","dt",3.70541025455287,2.23849223399851
-0.238985814954195,0.0246151850468885,"Real","train","Dirichlet Tree","dt",3.70541025455287,2.23849223399851
0.431348968725347,-0.0477790271962596,"Real","train","Dirichlet Tree","dt",3.70541025455287,2.23849223399851
0.00241197260529911,-0.85165384012261,"Real","train","Dirichlet Tree","dt",3.70541025455287,2.23849223399851
-0.908262776455035,-0.100433246352278,"Real","train","Dirichlet Tree","dt",3.70541025455287,2.23849223399851
-0.279873052437832,-0.125036225347563,"Real","train","Dirichlet Tree","dt",3.70541025455287,2.23849223399851
0.401641934167186,0.160207505548896,"Real","train","Dirichlet Tree","dt",3.70541025455287,2.23849223399851
0.0675382840524614,-0.433832260893881,"Real","train","Dirichlet Tree","dt",3.70541025455287,2.23849223399851
-0.40619561827976,-0.291611267484826,"Real","train","Dirichlet Tree","dt",3.70541025455287,2.23849223399851
0.373034915614738,0.175751907491337,"Real","train","Dirichlet Tree","dt",3.70541025455287,2.23849223399851
0.51135005298494,0.184205272231163,"Real","train","Dirichlet Tree","dt",3.70541025455287,2.23849223399851
-0.309367200193286,-0.432610713114447,"Real","train","Dirichlet Tree","dt",3.70541025455287,2.23849223399851
0.0573680170338917,-0.67682648736493,"Real","train","Dirichlet Tree","dt",3.70541025455287,2.23849223399851
-0.681158712864149,0.223939123777777,"Real","train","Dirichlet Tree","dt",3.70541025455287,2.23849223399851
-0.615710137277745,-0.190453929265924,"Real","train","Dirichlet Tree","dt",3.70541025455287,2.23849223399851
-0.758259620818615,-0.0740420567237028,"Real","train","Dirichlet Tree","dt",3.70541025455287,2.23849223399851
0.0569914763945225,-0.326120342168171,"Real","train","Dirichlet Tree","dt",3.70541025455287,2.23849223399851
0.509051887507318,0.214291670183275,"Real","train","Dirichlet Tree","dt",3.70541025455287,2.23849223399851
-0.48880960007931,-0.387801497535986,"Real","train","Dirichlet Tree","dt",3.70541025455287,2.23849223399851
-0.740941244687084,-0.104459127267211,"Real","train","Dirichlet Tree","dt",3.70541025455287,2.23849223399851
-0.256383080026039,-0.187308296731564,"Real","train","Dirichlet Tree","dt",3.70541025455287,2.23849223399851
-0.629093608214916,-0.177553036242563,"Real","train","Dirichlet Tree","dt",3.70541025455287,2.23849223399851
-0.762131886721408,-0.0623607066464888,"Real","train","Dirichlet Tree","dt",3.70541025455287,2.23849223399851
0.449112447544165,-0.0290683716748908,"Real","train","Dirichlet Tree","dt",3.70541025455287,2.23849223399851
0.229591006030342,-0.00512259946445425,"Real","train","Dirichlet Tree","dt",3.70541025455287,2.23849223399851
-0.320623923144611,-0.402758021730115,"Real","train","Dirichlet Tree","dt",3.70541025455287,2.23849223399851
-0.642548800923213,0.52025384398079,"Real","train","Dirichlet Tree","dt",3.70541025455287,2.23849223399851
-0.502405146340992,-0.41727167496555,"Real","train","Dirichlet Tree","dt",3.70541025455287,2.23849223399851
0.476129031953114,-0.0469521970966187,"Real","train","Dirichlet Tree","dt",3.70541025455287,2.23849223399851
0.351911558789277,-0.0191947193069158,"Real","train","Dirichlet Tree","dt",3.70541025455287,2.23849223399851
-0.873276643703118,0.121800750883897,"Real","train","Dirichlet Tree","dt",3.70541025455287,2.23849223399851
-0.0816526104689812,-0.690992509013859,"Real","train","Dirichlet Tree","dt",3.70541025455287,2.23849223399851
0.518182204734081,0.125829671556134,"Real","train","Dirichlet Tree","dt",3.70541025455287,2.23849223399851
0.0301738784431669,-0.760656635992763,"Real","train","Dirichlet Tree","dt",3.70541025455287,2.23849223399851
-0.192856674275131,0.0679017952883963,"Real","train","Dirichlet Tree","dt",3.70541025455287,2.23849223399851
0.243865508353554,-0.343446600971025,"Real","train","Dirichlet Tree","dt",3.70541025455287,2.23849223399851
-0.535661653323692,-0.0765398009600465,"Real","train","Dirichlet Tree","dt",3.70541025455287,2.23849223399851
-0.160537579917023,-0.382329411131535,"Real","train","Dirichlet Tree","dt",3.70541025455287,2.23849223399851
0.154915152760819,-0.283295959802296,"Real","train","Dirichlet Tree","dt",3.70541025455287,2.23849223399851
0.104169857696756,-0.262826904046162,"Real","train","Dirichlet Tree","dt",3.70541025455287,2.23849223399851
0.10850235401903,-0.0527552676614624,"Real","train","Dirichlet Tree","dt",3.70541025455287,2.23849223399851
-0.413264428287543,-0.488383260950284,"Real","train","Dirichlet Tree","dt",3.70541025455287,2.23849223399851
0.0671918453894395,-0.499612587965734,"Real","train","Dirichlet Tree","dt",3.70541025455287,2.23849223399851
-0.460804105602262,0.329883552155855,"Real","train","Dirichlet Tree","dt",3.70541025455287,2.23849223399851
-0.786899794434803,-0.318118715873224,"Real","train","Dirichlet Tree","dt",3.70541025455287,2.23849223399851
0.167523563200452,0.00138673576179748,"Real","train","Dirichlet Tree","dt",3.70541025455287,2.23849223399851
-0.333615092985958,-0.765560355486435,"Real","train","Dirichlet Tree","dt",3.70541025455287,2.23849223399851
-0.733991336815737,0.254706876570995,"Real","train","Dirichlet Tree","dt",3.70541025455287,2.23849223399851
-0.444245488343892,0.136644086635574,"Real","train","Dirichlet Tree","dt",3.70541025455287,2.23849223399851
-0.634936838374534,-0.168638996570767,"Real","train","Dirichlet Tree","dt",3.70541025455287,2.23849223399851
0.56430536031512,0.254376710681451,"Real","train","Dirichlet Tree","dt",3.70541025455287,2.23849223399851
0.370899500649346,-0.0459019566724513,"Real","train","Dirichlet Tree","dt",3.70541025455287,2.23849223399851
-0.473691357733451,-0.378091223872971,"Real","train","Dirichlet Tree","dt",3.70541025455287,2.23849223399851
0.330358798819118,0.186221385657837,"Real","train","Dirichlet Tree","dt",3.70541025455287,2.23849223399851
-0.114527575164039,0.0488204901924332,"Real","train","Dirichlet Tree","dt",3.70541025455287,2.23849223399851
-0.659447976758709,-0.0211590528137881,"Real","train","Dirichlet Tree","dt",3.70541025455287,2.23849223399851
0.311452351090913,-0.040731991235445,"Real","train","Dirichlet Tree","dt",3.70541025455287,2.23849223399851
-0.807349601317357,-0.115860290789929,"Real","train","Dirichlet Tree","dt",3.70541025455287,2.23849223399851
0.174480967442822,-0.411025428940345,"Real","train","Dirichlet Tree","dt",3.70541025455287,2.23849223399851
-0.83130869175762,0.0488886107127758,"Real","train","Dirichlet Tree","dt",3.70541025455287,2.23849223399851
-0.752144080536744,-0.0821457977903605,"Real","train","Dirichlet Tree","dt",3.70541025455287,2.23849223399851
0.393696507241671,-0.0408251958386991,"Real","train","Dirichlet Tree","dt",3.70541025455287,2.23849223399851
-0.39920103618901,-0.13123309055632,"Real","train","Dirichlet Tree","dt",3.70541025455287,2.23849223399851
-0.490591044239495,-0.450345135467075,"Real","train","Dirichlet Tree","dt",3.70541025455287,2.23849223399851
-0.555797408252287,-0.412456096733256,"Real","train","Dirichlet Tree","dt",3.70541025455287,2.23849223399851
0.252911560080622,-0.348949684993107,"Real","train","Dirichlet Tree","dt",3.70541025455287,2.23849223399851
-0.797607868900494,-0.52914714832237,"Real","train","Dirichlet Tree","dt",3.70541025455287,2.23849223399851
0.543472644615088,0.126986190357894,"Real","train","Dirichlet Tree","dt",3.70541025455287,2.23849223399851
0.325005803988485,0.0221129706020523,"Real","train","Dirichlet Tree","dt",3.70541025455287,2.23849223399851
0.0280845342471036,-0.144661760460989,"Real","train","Dirichlet Tree","dt",3.70541025455287,2.23849223399851
-0.13103277959034,-0.370879263016213,"Real","train","Dirichlet Tree","dt",3.70541025455287,2.23849223399851
-0.576117030471614,-0.172116743169076,"Real","train","Dirichlet Tree","dt",3.70541025455287,2.23849223399851
0.341432311604354,0.0915334173470208,"Real","train","Dirichlet Tree","dt",3.70541025455287,2.23849223399851
-0.656345070280892,0.196780985034925,"Real","train","Dirichlet Tree","dt",3.70541025455287,2.23849223399851
-0.957681352856707,0.0773667361524577,"Real","train","Dirichlet Tree","dt",3.70541025455287,2.23849223399851
-0.0128235708897686,-0.668097047460864,"Real","train","Dirichlet Tree","dt",3.70541025455287,2.23849223399851
-0.934577632334113,-0.0267900610063833,"Real","train","Dirichlet Tree","dt",3.70541025455287,2.23849223399851
0.473877247640731,0.150018963745766,"Real","train","Dirichlet Tree","dt",3.70541025455287,2.23849223399851
0.343286628060334,0.122681429749299,"Real","train","Dirichlet Tree","dt",3.70541025455287,2.23849223399851
-0.613529817968558,0.0660104718933219,"Real","train","Dirichlet Tree","dt",3.70541025455287,2.23849223399851
-0.0230308673231405,-0.51854354564815,"Real","train","Dirichlet Tree","dt",3.70541025455287,2.23849223399851
0.0698676239401134,-0.405871151792523,"Real","train","Dirichlet Tree","dt",3.70541025455287,2.23849223399851
-0.0205868355927666,-0.13020326802628,"Real","train","Dirichlet Tree","dt",3.70541025455287,2.23849223399851
-0.635002176520999,-0.181670027510821,"Real","train","Dirichlet Tree","dt",3.70541025455287,2.23849223399851
-0.704024740241971,0.848230237870214,"Real","train","Dirichlet Tree","dt",3.70541025455287,2.23849223399851
-0.148317008971697,-0.548890919993203,"Real","train","Dirichlet Tree","dt",3.70541025455287,2.23849223399851
-0.471980864308557,-0.603845918698912,"Real","train","Dirichlet Tree","dt",3.70541025455287,2.23849223399851
-0.10320687216333,-0.655310427339018,"Real","train","Dirichlet Tree","dt",3.70541025455287,2.23849223399851
0.419849222840172,0.0801083181454398,"Real","train","Dirichlet Tree","dt",3.70541025455287,2.23849223399851
0.247582730539715,-0.326569223138606,"Real","train","Dirichlet Tree","dt",3.70541025455287,2.23849223399851
0.125273300615372,-0.11552273749012,"Real","train","Dirichlet Tree","dt",3.70541025455287,2.23849223399851
-0.809162544703332,-0.373365661922202,"Real","train","Dirichlet Tree","dt",3.70541025455287,2.23849223399851
0.161736320171957,-0.285505554061937,"Real","train","Dirichlet Tree","dt",3.70541025455287,2.23849223399851
0.357487520149271,-0.210294577972214,"Real","train","Dirichlet Tree","dt",3.70541025455287,2.23849223399851
-0.592363204209463,0.0112051570654929,"Real","train","Dirichlet Tree","dt",3.70541025455287,2.23849223399851
-0.718841774815408,0.826056897954366,"Real","train","Dirichlet Tree","dt",3.70541025455287,2.23849223399851
-0.960362098898024,0.101460348271367,"Real","train","Dirichlet Tree","dt",3.70541025455287,2.23849223399851
-0.485006583674276,-0.2671665255505,"Real","train","Dirichlet Tree","dt",3.70541025455287,2.23849223399851
-0.586944244379214,-0.314859310295151,"Real","train","Dirichlet Tree","dt",3.70541025455287,2.23849223399851
-0.0777462756611447,-0.248799076261548,"Real","train","Dirichlet Tree","dt",3.70541025455287,2.23849223399851
-0.892831585429193,-0.257077878867068,"Real","train","Dirichlet Tree","dt",3.70541025455287,2.23849223399851
-0.485576613591044,0.497533221398337,"Real","train","Dirichlet Tree","dt",3.70541025455287,2.23849223399851
0.215892270123356,-0.433557347094577,"Real","train","Dirichlet Tree","dt",3.70541025455287,2.23849223399851
0.074831909014907,-0.768688144778581,"Real","train","Dirichlet Tree","dt",3.70541025455287,2.23849223399851
-0.397869673772788,-0.690776253211082,"Real","train","Dirichlet Tree","dt",3.70541025455287,2.23849223399851
-0.800302389118018,-0.217755327977456,"Real","train","Dirichlet Tree","dt",3.70541025455287,2.23849223399851
0.406114221489875,0.139703897689574,"Real","train","Dirichlet Tree","dt",3.70541025455287,2.23849223399851
-0.128110715223886,-0.713165212935337,"Real","train","Dirichlet Tree","dt",3.70541025455287,2.23849223399851
-0.785268805894936,0.323498401058968,"Real","train","Dirichlet Tree","dt",3.70541025455287,2.23849223399851
0.170449357405041,0.331901295852992,"Real","train","Dirichlet Tree","dt",3.70541025455287,2.23849223399851
0.37944999006992,0.220276770400463,"Real","train","Dirichlet Tree","dt",3.70541025455287,2.23849223399851
-0.327825591125146,-0.645500220654912,"Real","train","Dirichlet Tree","dt",3.70541025455287,2.23849223399851
-0.298130929916982,-0.0804078271330478,"Real","train","Dirichlet Tree","dt",3.70541025455287,2.23849223399851
-0.357654905714258,-0.222521761511053,"Real","train","Dirichlet Tree","dt",3.70541025455287,2.23849223399851
-0.121190674329583,-0.579074338250742,"Real","train","Dirichlet Tree","dt",3.70541025455287,2.23849223399851
-0.254994823597576,-0.186330715997415,"Real","train","Dirichlet Tree","dt",3.70541025455287,2.23849223399851
0.507105547886082,0.233793647753727,"Real","train","Dirichlet Tree","dt",3.70541025455287,2.23849223399851
0.476719686932706,0.233374512819469,"Real","train","Dirichlet Tree","dt",3.70541025455287,2.23849223399851
-0.430173798426105,-0.246288152257399,"Real","train","Dirichlet Tree","dt",3.70541025455287,2.23849223399851
0.336545914345454,0.195290817803448,"Real","train","Dirichlet Tree","dt",3.70541025455287,2.23849223399851
-0.700894973914593,-0.0332501826150585,"Real","train","Dirichlet Tree","dt",3.70541025455287,2.23849223399851
0.130992284698063,-0.0114582584117868,"Real","train","Dirichlet Tree","dt",3.70541025455287,2.23849223399851
0.441739106630458,-0.0292167528984162,"Real","train","Dirichlet Tree","dt",3.70541025455287,2.23849223399851
-0.0975500840656084,-0.421469468916919,"Real","train","Dirichlet Tree","dt",3.70541025455287,2.23849223399851
-0.546243245640108,0.400834064259753,"Real","train","Dirichlet Tree","dt",3.70541025455287,2.23849223399851
-0.580708675666859,-0.551039238331489,"Real","train","Dirichlet Tree","dt",3.70541025455287,2.23849223399851
0.384080383879347,0.223780219358923,"Real","train","Dirichlet Tree","dt",3.70541025455287,2.23849223399851
0.399374959909662,0.242603797002797,"Real","train","Dirichlet Tree","dt",3.70541025455287,2.23849223399851
0.424939238733745,0.291171858588874,"Real","train","Dirichlet Tree","dt",3.70541025455287,2.23849223399851
-0.64213953504488,0.481447007796144,"Real","train","Dirichlet Tree","dt",3.70541025455287,2.23849223399851
0.0101292123759836,-0.805276095454899,"Real","train","Dirichlet Tree","dt",3.70541025455287,2.23849223399851
0.337153151195298,-0.164302128951935,"Real","train","Dirichlet Tree","dt",3.70541025455287,2.23849223399851
-0.322256610371466,-0.334564106245189,"Real","train","Dirichlet Tree","dt",3.70541025455287,2.23849223399851
0.160896664448729,-0.18211865998697,"Real","train","Dirichlet Tree","dt",3.70541025455287,2.23849223399851
0.540952135115622,0.215225066054018,"Real","train","Dirichlet Tree","dt",3.70541025455287,2.23849223399851
-0.541750642104076,0.118438772075944,"Real","train","Dirichlet Tree","dt",3.70541025455287,2.23849223399851
-0.525041562215197,-0.0476169063127556,"Real","train","Dirichlet Tree","dt",3.70541025455287,2.23849223399851
-0.707079006814303,-0.30242608196892,"Real","train","Dirichlet Tree","dt",3.70541025455287,2.23849223399851
-0.150269479365445,-0.37775480859688,"Real","train","Dirichlet Tree","dt",3.70541025455287,2.23849223399851
0.13791049371344,0.0825698884376414,"Real","train","Dirichlet Tree","dt",3.70541025455287,2.23849223399851
-0.84908915986435,0.258122665292291,"Real","train","Dirichlet Tree","dt",3.70541025455287,2.23849223399851
0.0223868562460458,-0.341776585307215,"Real","train","Dirichlet Tree","dt",3.70541025455287,2.23849223399851
0.195520282222851,-0.381109941233628,"Real","train","Dirichlet Tree","dt",3.70541025455287,2.23849223399851
0.175639507371082,-0.381248527618569,"Real","train","Dirichlet Tree","dt",3.70541025455287,2.23849223399851
-0.53982156020484,0.282687185085526,"Real","train","Dirichlet Tree","dt",3.70541025455287,2.23849223399851
0.516742328538653,-0.0501355370872583,"Real","train","Dirichlet Tree","dt",3.70541025455287,2.23849223399851
-0.52769179880988,-0.434659397592559,"Real","train","Dirichlet Tree","dt",3.70541025455287,2.23849223399851
0.588047214068062,0.227328415384508,"Real","train","Dirichlet Tree","dt",3.70541025455287,2.23849223399851
0.0851265046232717,-0.699010911886444,"Real","train","Dirichlet Tree","dt",3.70541025455287,2.23849223399851
-0.5826653034382,-0.389700664098482,"Real","train","Dirichlet Tree","dt",3.70541025455287,2.23849223399851
0.0633522316485165,-0.736062366367877,"Real","train","Dirichlet Tree","dt",3.70541025455287,2.23849223399851
-0.0208979205960657,-0.0328625682724019,"Real","train","Dirichlet Tree","dt",3.70541025455287,2.23849223399851
0.324219153276927,-0.0985866595142553,"Real","train","Dirichlet Tree","dt",3.70541025455287,2.23849223399851
0.120668531970905,-0.545560113574224,"Real","train","Dirichlet Tree","dt",3.70541025455287,2.23849223399851
0.209598548782316,-0.547455175906335,"Real","train","Dirichlet Tree","dt",3.70541025455287,2.23849223399851
0.220228090867647,0.0254018958681194,"Real","train","Dirichlet Tree","dt",3.70541025455287,2.23849223399851
0.147593977109788,-0.319279815315188,"Real","train","Dirichlet Tree","dt",3.70541025455287,2.23849223399851
-0.873523436022355,0.0894953876216526,"Real","train","Dirichlet Tree","dt",3.70541025455287,2.23849223399851
0.0970563986152042,-0.102538035063988,"Real","train","Dirichlet Tree","dt",3.70541025455287,2.23849223399851
-0.483415453066094,-0.361855941525747,"Real","train","Dirichlet Tree","dt",3.70541025455287,2.23849223399851
-0.665126179382859,-0.443815688999204,"Real","train","Dirichlet Tree","dt",3.70541025455287,2.23849223399851
-0.875755724681522,0.459883710052026,"Real","train","Dirichlet Tree","dt",3.70541025455287,2.23849223399851
-0.173698446374492,-0.519562717901471,"Real","train","Dirichlet Tree","dt",3.70541025455287,2.23849223399851
0.119546377985032,-0.0401540140520396,"Real","train","Dirichlet Tree","dt",3.70541025455287,2.23849223399851
-0.194448358269952,-0.481236923684941,"Real","train","Dirichlet Tree","dt",3.70541025455287,2.23849223399851
-0.602325409437297,-0.672321180896947,"Real","train","Dirichlet Tree","dt",3.70541025455287,2.23849223399851
-0.75952773109357,0.2684648712215,"Real","train","Dirichlet Tree","dt",3.70541025455287,2.23849223399851
0.558217146817662,0.25866740977651,"Real","train","Dirichlet Tree","dt",3.70541025455287,2.23849223399851
0.121297353108464,-0.0446817010377322,"Real","train","Dirichlet Tree","dt",3.70541025455287,2.23849223399851
-0.722833374198172,0.627700703682034,"Real","train","Dirichlet Tree","dt",3.70541025455287,2.23849223399851
0.373346225456421,0.145023559986045,"Real","train","Dirichlet Tree","dt",3.70541025455287,2.23849223399851
0.0146848807889224,-0.0410596267462996,"Real","train","Dirichlet Tree","dt",3.70541025455287,2.23849223399851
0.122146818501031,-0.716562228536918,"Real","train","Dirichlet Tree","dt",3.70541025455287,2.23849223399851
0.0832148033162785,0.0219670291570058,"Real","train","Dirichlet Tree","dt",3.70541025455287,2.23849223399851
0.0636092980809821,-0.78366470115416,"Real","train","Dirichlet Tree","dt",3.70541025455287,2.23849223399851
0.5027385242827,0.260764340922163,"Real","train","Dirichlet Tree","dt",3.70541025455287,2.23849223399851
-0.794170433171624,0.325473921872861,"Real","train","Dirichlet Tree","dt",3.70541025455287,2.23849223399851
0.436131183961243,0.27300782486954,"Real","train","Dirichlet Tree","dt",3.70541025455287,2.23849223399851
0.249505220462011,0.117585487477306,"Real","train","Dirichlet Tree","dt",3.70541025455287,2.23849223399851
-0.80256535060459,0.0744357750931932,"Real","train","Dirichlet Tree","dt",3.70541025455287,2.23849223399851
-0.339397475371688,0.157812701018987,"Real","train","Dirichlet Tree","dt",3.70541025455287,2.23849223399851
-0.334345860900025,-0.291133707741564,"Real","train","Dirichlet Tree","dt",3.70541025455287,2.23849223399851
-0.5800358401075,-0.178520363707795,"Real","train","Dirichlet Tree","dt",3.70541025455287,2.23849223399851
0.207033532999304,-0.242664209008077,"Real","train","Dirichlet Tree","dt",3.70541025455287,2.23849223399851
-0.456117579213243,-0.322539176658961,"Real","train","Dirichlet Tree","dt",3.70541025455287,2.23849223399851
-0.783137056131583,-0.129578439889373,"Real","train","Dirichlet Tree","dt",3.70541025455287,2.23849223399851
0.427064029631607,-0.0994072917764777,"Real","train","Dirichlet Tree","dt",3.70541025455287,2.23849223399851
0.34845313446611,-0.215087768705858,"Real","train","Dirichlet Tree","dt",3.70541025455287,2.23849223399851
-0.417156841324773,-0.290384703258928,"Real","train","Dirichlet Tree","dt",3.70541025455287,2.23849223399851
0.0395696393200551,0.0328935150698368,"Real","train","Dirichlet Tree","dt",3.70541025455287,2.23849223399851
-0.722110032477746,0.200634171069651,"Real","train","Dirichlet Tree","dt",3.70541025455287,2.23849223399851
-0.772798883315805,-0.317808556278417,"Real","train","Dirichlet Tree","dt",3.70541025455287,2.23849223399851
-0.275167741055896,-0.40640384956506,"Real","train","Dirichlet Tree","dt",3.70541025455287,2.23849223399851
-0.913688732885587,0.15148853484128,"Real","train","Dirichlet Tree","dt",3.70541025455287,2.23849223399851
-0.629884664585011,-0.186448050230208,"Real","train","Dirichlet Tree","dt",3.70541025455287,2.23849223399851
-0.729526486602526,-0.154714474308895,"Real","train","Dirichlet Tree","dt",3.70541025455287,2.23849223399851
-0.518649079059324,-0.252858660049635,"Real","train","Dirichlet Tree","dt",3.70541025455287,2.23849223399851
-0.115764669067416,-0.320932221826036,"Real","train","Dirichlet Tree","dt",3.70541025455287,2.23849223399851
0.295113784767625,0.131623283903068,"Real","train","Dirichlet Tree","dt",3.70541025455287,2.23849223399851
-0.723584527797027,0.320536127244906,"Real","train","Dirichlet Tree","dt",3.70541025455287,2.23849223399851
-0.0716250507242353,-0.277022881850803,"Real","train","Dirichlet Tree","dt",3.70541025455287,2.23849223399851
-0.564855580573199,-0.12900308062685,"Real","train","Dirichlet Tree","dt",3.70541025455287,2.23849223399851
0.106853014708788,0.100917778666841,"Real","train","Dirichlet Tree","dt",3.70541025455287,2.23849223399851
0.126073177463359,-0.692269633554835,"Real","train","Dirichlet Tree","dt",3.70541025455287,2.23849223399851
-0.602411683524223,0.776910164980179,"Real","train","Dirichlet Tree","dt",3.70541025455287,2.23849223399851
0.221523900060783,0.182318954536691,"Real","train","Dirichlet Tree","dt",3.70541025455287,2.23849223399851
0.0914408834012159,-0.622587835126239,"Real","train","Dirichlet Tree","dt",3.70541025455287,2.23849223399851
-0.818741370123216,-0.297120928107994,"Real","train","Dirichlet Tree","dt",3.70541025455287,2.23849223399851
0.386870740082299,-0.24957948448649,"Real","train","Dirichlet Tree","dt",3.70541025455287,2.23849223399851
0.0160297039806274,-0.0857265770323705,"Real","train","Dirichlet Tree","dt",3.70541025455287,2.23849223399851
0.168139917818174,-0.259799472226501,"Real","train","Dirichlet Tree","dt",3.70541025455287,2.23849223399851
-0.885366626305607,0.263930938180168,"Real","train","Dirichlet Tree","dt",3.70541025455287,2.23849223399851
-0.35204543142605,-0.280107198670146,"Real","train","Dirichlet Tree","dt",3.70541025455287,2.23849223399851
-0.784128044080677,0.321366569969331,"Real","train","Dirichlet Tree","dt",3.70541025455287,2.23849223399851
-0.825067047269962,0.091980664174562,"Real","train","Dirichlet Tree","dt",3.70541025455287,2.23849223399851
0.551825265712518,-0.0746334441340216,"Real","train","Dirichlet Tree","dt",3.70541025455287,2.23849223399851
-0.166928615508302,-0.160732205187597,"Real","train","Dirichlet Tree","dt",3.70541025455287,2.23849223399851
-0.672766725960442,-0.000247685520852375,"Real","train","Dirichlet Tree","dt",3.70541025455287,2.23849223399851
-0.271507458146312,-0.273310114625004,"Real","train","Dirichlet Tree","dt",3.70541025455287,2.23849223399851
-0.556180001085686,-0.391106073454064,"Real","train","Dirichlet Tree","dt",3.70541025455287,2.23849223399851
-0.486377228777457,-0.540308290758919,"Real","train","Dirichlet Tree","dt",3.70541025455287,2.23849223399851
-0.616919816833267,0.162633244599639,"Real","train","Dirichlet Tree","dt",3.70541025455287,2.23849223399851
0.444898092708342,0.219362189268822,"Real","train","Dirichlet Tree","dt",3.70541025455287,2.23849223399851
-0.29822708085832,-0.396449959488306,"Real","train","Dirichlet Tree","dt",3.70541025455287,2.23849223399851
0.130445377225329,-0.68537593890663,"Real","train","Dirichlet Tree","dt",3.70541025455287,2.23849223399851
0.0136631042755309,-0.341886957001759,"Real","train","Dirichlet Tree","dt",3.70541025455287,2.23849223399851
-0.372753638262136,-0.164842901932661,"Real","train","Dirichlet Tree","dt",3.70541025455287,2.23849223399851
0.289163255857259,0.183501797461446,"Real","train","Dirichlet Tree","dt",3.70541025455287,2.23849223399851
-0.850689657791845,0.307387481597084,"Real","train","Dirichlet Tree","dt",3.70541025455287,2.23849223399851
0.456714648114327,-0.105229176212016,"Real","train","Dirichlet Tree","dt",3.70541025455287,2.23849223399851
0.324372131666254,0.00265109211584917,"Real","train","Dirichlet Tree","dt",3.70541025455287,2.23849223399851
0.21253366609463,-0.0820957306766145,"Real","train","Dirichlet Tree","dt",3.70541025455287,2.23849223399851
0.542107638928329,0.13562024610477,"Real","train","Dirichlet Tree","dt",3.70541025455287,2.23849223399851
-0.0967490422407444,-0.452975579961302,"Real","train","Dirichlet Tree","dt",3.70541025455287,2.23849223399851
-0.845044840940043,0.403922188021571,"Real","train","Dirichlet Tree","dt",3.70541025455287,2.23849223399851
0.568309953264921,0.210763574741286,"Real","train","Dirichlet Tree","dt",3.70541025455287,2.23849223399851
0.21162674712869,-0.0737747564353889,"Real","train","Dirichlet Tree","dt",3.70541025455287,2.23849223399851
-0.541017120762272,-0.203507194820002,"Real","train","Dirichlet Tree","dt",3.70541025455287,2.23849223399851
-0.370187244464664,-0.441927021999271,"Real","train","Dirichlet Tree","dt",3.70541025455287,2.23849223399851
0.252045929454933,-0.0332646629638316,"Real","train","Dirichlet Tree","dt",3.70541025455287,2.23849223399851
-0.223233952976766,-0.219829698863286,"Real","train","Dirichlet Tree","dt",3.70541025455287,2.23849223399851
0.237378109773402,-0.61950701247621,"Real","train","Dirichlet Tree","dt",3.70541025455287,2.23849223399851
0.443232200394738,0.120939248576971,"Real","train","Dirichlet Tree","dt",3.70541025455287,2.23849223399851
0.0733651814436658,-0.0271176946439072,"Real","train","Dirichlet Tree","dt",3.70541025455287,2.23849223399851
-0.432418819027359,-0.602884496700156,"Real","train","Dirichlet Tree","dt",3.70541025455287,2.23849223399851
-0.162849934799875,-0.217692180603282,"Real","train","Dirichlet Tree","dt",3.70541025455287,2.23849223399851
0.532023592218834,0.262777023853527,"Real","train","Dirichlet Tree","dt",3.70541025455287,2.23849223399851
-0.112650474103878,0.1174518431668,"Real","train","Dirichlet Tree","dt",3.70541025455287,2.23849223399851
0.0937909679723545,-0.452310236706634,"Real","train","Dirichlet Tree","dt",3.70541025455287,2.23849223399851
-0.509524890176423,0.111082065255649,"Real","train","Dirichlet Tree","dt",3.70541025455287,2.23849223399851
-0.680478886117649,-0.298739381096115,"Real","train","Dirichlet Tree","dt",3.70541025455287,2.23849223399851
0.144962338184789,-0.191570159308829,"Real","train","Dirichlet Tree","dt",3.70541025455287,2.23849223399851
-0.204580671606485,-0.423068773471625,"Real","train","Dirichlet Tree","dt",3.70541025455287,2.23849223399851
0.128319187605007,-0.388302124113126,"Real","train","Dirichlet Tree","dt",3.70541025455287,2.23849223399851
0.562083154256602,0.254599772706147,"Real","train","Dirichlet Tree","dt",3.70541025455287,2.23849223399851
0.33791061375686,-0.164379713184391,"Real","train","Dirichlet Tree","dt",3.70541025455287,2.23849223399851
-0.468504194028835,-0.365685113790442,"Real","train","Dirichlet Tree","dt",3.70541025455287,2.23849223399851
0.184032598865014,-0.51751792159922,"Real","train","Dirichlet Tree","dt",3.70541025455287,2.23849223399851
0.207352672619658,-0.00491565371816654,"Real","train","Dirichlet Tree","dt",3.70541025455287,2.23849223399851
-0.191769419923626,-0.329274999241763,"Real","train","Dirichlet Tree","dt",3.70541025455287,2.23849223399851
0.34985599315879,0.0263918837703661,"Real","train","Dirichlet Tree","dt",3.70541025455287,2.23849223399851
0.0782077749419765,-0.182504212290587,"Real","train","Dirichlet Tree","dt",3.70541025455287,2.23849223399851
-0.716667564955153,-0.425737730261174,"Real","train","Dirichlet Tree","dt",3.70541025455287,2.23849223399851
-0.00988464975511795,-0.585741794182386,"Real","train","Dirichlet Tree","dt",3.70541025455287,2.23849223399851
-0.825015037568527,0.0749893618128021,"Real","train","Dirichlet Tree","dt",3.70541025455287,2.23849223399851
-0.108570915124822,-0.593141653196747,"Real","train","Dirichlet Tree","dt",3.70541025455287,2.23849223399851
-0.720873543536277,-0.275518317347045,"Real","train","Dirichlet Tree","dt",3.70541025455287,2.23849223399851
0.460650510171711,0.248586523882565,"Real","train","Dirichlet Tree","dt",3.70541025455287,2.23849223399851
-0.616474398239968,-0.212338150654442,"Real","train","Dirichlet Tree","dt",3.70541025455287,2.23849223399851
-0.173737123924747,0.0142873303905443,"Real","train","Dirichlet Tree","dt",3.70541025455287,2.23849223399851
-0.717121282039259,0.00311491980873203,"Real","train","Dirichlet Tree","dt",3.70541025455287,2.23849223399851
-0.696606977500906,0.163928394488545,"Real","train","Dirichlet Tree","dt",3.70541025455287,2.23849223399851
0.199534956930337,-0.628776679080085,"Real","train","Dirichlet Tree","dt",3.70541025455287,2.23849223399851
0.264516047041922,-0.209498664491716,"Real","train","Dirichlet Tree","dt",3.70541025455287,2.23849223399851
0.0955015954935231,-0.630211663054575,"Real","train","Dirichlet Tree","dt",3.70541025455287,2.23849223399851
-0.156741332686925,-0.405640375988417,"Real","train","Dirichlet Tree","dt",3.70541025455287,2.23849223399851
-0.793859336425422,-0.395683778061994,"Real","train","Dirichlet Tree","dt",3.70541025455287,2.23849223399851
0.00319983398880345,-0.458552402829972,"Real","train","Dirichlet Tree","dt",3.70541025455287,2.23849223399851
0.148077960646543,-0.0189271975623996,"Real","train","Dirichlet Tree","dt",3.70541025455287,2.23849223399851
-0.100478798336008,-0.343473320620203,"Real","train","Dirichlet Tree","dt",3.70541025455287,2.23849223399851
0.146841109408593,-0.262635748677653,"Real","train","Dirichlet Tree","dt",3.70541025455287,2.23849223399851
-0.616448186578062,0.773779576461741,"Real","train","Dirichlet Tree","dt",3.70541025455287,2.23849223399851
-0.0769544239500593,-0.019227938724988,"Real","train","Dirichlet Tree","dt",3.70541025455287,2.23849223399851
0.241266446419934,-0.369859250523519,"Real","train","Dirichlet Tree","dt",3.70541025455287,2.23849223399851
0.460643280488618,0.241777971721909,"Real","train","Dirichlet Tree","dt",3.70541025455287,2.23849223399851
-0.0049361923738406,-0.0236948773091054,"Real","train","Dirichlet Tree","dt",3.70541025455287,2.23849223399851
-0.3927597712618,0.249883050571718,"Real","train","Dirichlet Tree","dt",3.70541025455287,2.23849223399851
0.436006639425034,-0.0920930702422963,"Real","train","Dirichlet Tree","dt",3.70541025455287,2.23849223399851
-0.633050894201716,0.0847257332949945,"Real","train","Dirichlet Tree","dt",3.70541025455287,2.23849223399851
-0.0511906456644634,-0.521297462678335,"Real","train","Dirichlet Tree","dt",3.70541025455287,2.23849223399851
-0.127005030719023,0.149622158735193,"Real","train","Dirichlet Tree","dt",3.70541025455287,2.23849223399851
-0.244088160403393,-0.733151274657976,"Real","train","Dirichlet Tree","dt",3.70541025455287,2.23849223399851
0.410947672679678,0.232731416745454,"Real","train","Dirichlet Tree","dt",3.70541025455287,2.23849223399851
-0.129216486872992,-0.26611063745231,"Real","train","Dirichlet Tree","dt",3.70541025455287,2.23849223399851
0.318624316963555,0.209587099024553,"Real","train","Dirichlet Tree","dt",3.70541025455287,2.23849223399851
0.0496215955652936,-0.164546370707022,"Real","train","Dirichlet Tree","dt",3.70541025455287,2.23849223399851
0.0716125333445407,-0.341785175509939,"Real","train","Dirichlet Tree","dt",3.70541025455287,2.23849223399851
-0.728723594502963,-0.576258126219336,"Real","train","Dirichlet Tree","dt",3.70541025455287,2.23849223399851
-0.725879854640411,0.481783248584644,"Real","train","Dirichlet Tree","dt",3.70541025455287,2.23849223399851
-0.0960810913116858,-0.130513930097296,"Real","train","Dirichlet Tree","dt",3.70541025455287,2.23849223399851
-0.499619295640885,-0.216215398484049,"Real","train","Dirichlet Tree","dt",3.70541025455287,2.23849223399851
0.149336267550632,-0.306245662751589,"Real","train","Dirichlet Tree","dt",3.70541025455287,2.23849223399851
-0.826611822909498,-0.29378180090632,"Real","train","Dirichlet Tree","dt",3.70541025455287,2.23849223399851
-0.911747884168057,0.173236117836803,"Real","train","Dirichlet Tree","dt",3.70541025455287,2.23849223399851
-0.521245691436676,0.064368997466731,"Real","train","Dirichlet Tree","dt",3.70541025455287,2.23849223399851
-0.7574767225334,0.531998776194725,"Real","train","Dirichlet Tree","dt",3.70541025455287,2.23849223399851
0.190944928380326,0.0745345681556545,"Real","train","Dirichlet Tree","dt",3.70541025455287,2.23849223399851
0.377216545951787,-0.148405488797987,"Real","train","Dirichlet Tree","dt",3.70541025455287,2.23849223399851
0.16356875870828,-0.00329121119293213,"Real","train","Dirichlet Tree","dt",3.70541025455287,2.23849223399851
0.106848129883712,-0.779491514904754,"Real","train","Dirichlet Tree","dt",3.70541025455287,2.23849223399851
0.283295743079144,0.116598998890112,"Real","train","Dirichlet Tree","dt",3.70541025455287,2.23849223399851
0.243690813859397,-0.27336061905738,"Real","train","Dirichlet Tree","dt",3.70541025455287,2.23849223399851
-0.516241967926284,0.428347345454003,"Real","train","Dirichlet Tree","dt",3.70541025455287,2.23849223399851
-0.242939753979424,-0.0797513285075409,"Real","train","Dirichlet Tree","dt",3.70541025455287,2.23849223399851
0.0950789747992747,0.0608085761104937,"Real","train","Dirichlet Tree","dt",3.70541025455287,2.23849223399851
-0.430096026819846,0.601298960503882,"Real","train","Dirichlet Tree","dt",3.70541025455287,2.23849223399851
0.398430873477358,-0.154439098244375,"Real","train","Dirichlet Tree","dt",3.70541025455287,2.23849223399851
-0.365869668479286,0.200316336832199,"Real","train","Dirichlet Tree","dt",3.70541025455287,2.23849223399851
0.390284602860241,0.226482905570269,"Real","train","Dirichlet Tree","dt",3.70541025455287,2.23849223399851
0.612024307773488,0.208858901279872,"Real","train","Dirichlet Tree","dt",3.70541025455287,2.23849223399851
0.306617743157791,0.145251607085637,"Real","train","Dirichlet Tree","dt",3.70541025455287,2.23849223399851
-0.425795255915859,-0.0592504386304058,"Real","train","Dirichlet Tree","dt",3.70541025455287,2.23849223399851
0.486082233382249,0.237756949577616,"Real","train","Dirichlet Tree","dt",3.70541025455287,2.23849223399851
-0.662101989964175,-0.153277159980517,"Real","train","Dirichlet Tree","dt",3.70541025455287,2.23849223399851
0.548886585728836,0.239891539432219,"Real","train","Dirichlet Tree","dt",3.70541025455287,2.23849223399851
-0.0765757114592975,-0.706051512604396,"Real","train","Dirichlet Tree","dt",3.70541025455287,2.23849223399851
-0.0183914818891384,-0.228462997036921,"Real","train","Dirichlet Tree","dt",3.70541025455287,2.23849223399851
-0.528345824735381,-0.477846498038687,"Real","train","Dirichlet Tree","dt",3.70541025455287,2.23849223399851
-0.555046827012128,-0.182435948546447,"Real","train","Dirichlet Tree","dt",3.70541025455287,2.23849223399851
0.0669637852273551,-0.66842909123006,"Real","train","Dirichlet Tree","dt",3.70541025455287,2.23849223399851
0.219436773519198,-0.628917769489209,"Real","train","Dirichlet Tree","dt",3.70541025455287,2.23849223399851
-0.468287875062716,-0.340789378164998,"Real","train","Dirichlet Tree","dt",3.70541025455287,2.23849223399851
0.545198922207958,0.121081364389043,"Real","train","Dirichlet Tree","dt",3.70541025455287,2.23849223399851
-0.745232760278175,0.206935626078291,"Real","train","Dirichlet Tree","dt",3.70541025455287,2.23849223399851
-0.873703371885847,0.0979360855362559,"Real","train","Dirichlet Tree","dt",3.70541025455287,2.23849223399851
0.0477646119540554,-0.335765086040998,"Real","train","Dirichlet Tree","dt",3.70541025455287,2.23849223399851
0.436646893848525,-0.0645326205194425,"Real","train","Dirichlet Tree","dt",3.70541025455287,2.23849223399851
-0.920818760536729,0.0206474352261919,"Real","train","Dirichlet Tree","dt",3.70541025455287,2.23849223399851
-0.0949767844450273,0.0188170683544496,"Real","train","Dirichlet Tree","dt",3.70541025455287,2.23849223399851
-0.657255279049055,0.135697121330965,"Real","train","Dirichlet Tree","dt",3.70541025455287,2.23849223399851
0.0873252250995238,0.0372765827483701,"Real","train","Dirichlet Tree","dt",3.70541025455287,2.23849223399851
-0.154716670718534,-0.681840495943439,"Real","train","Dirichlet Tree","dt",3.70541025455287,2.23849223399851
-0.0757308250361817,-0.714601005230261,"Real","train","Dirichlet Tree","dt",3.70541025455287,2.23849223399851
-0.303752603374952,-0.585384399832954,"Real","train","Dirichlet Tree","dt",3.70541025455287,2.23849223399851
0.331786788793719,0.216672138645385,"Real","train","Dirichlet Tree","dt",3.70541025455287,2.23849223399851
0.332084122224099,0.124579100769165,"Real","train","Dirichlet Tree","dt",3.70541025455287,2.23849223399851
-0.0914889405384457,-0.112633921657149,"Real","train","Dirichlet Tree","dt",3.70541025455287,2.23849223399851
-0.74678823130608,0.567087961735439,"Real","train","Dirichlet Tree","dt",3.70541025455287,2.23849223399851
-0.617073890861466,-0.408446521473604,"Real","train","Dirichlet Tree","dt",3.70541025455287,2.23849223399851
-0.745707891775594,0.286813438248553,"Real","train","Dirichlet Tree","dt",3.70541025455287,2.23849223399851
0.602243560955817,0.169908148565279,"Real","train","Dirichlet Tree","dt",3.70541025455287,2.23849223399851
0.171399475214223,-0.505531796997759,"Real","train","Dirichlet Tree","dt",3.70541025455287,2.23849223399851
0.120785271686183,0.124387540126934,"Real","train","Dirichlet Tree","dt",3.70541025455287,2.23849223399851
0.163922926267305,-0.111868980337023,"Real","train","Dirichlet Tree","dt",3.70541025455287,2.23849223399851
-0.715906860954149,0.0208847463754204,"Real","train","Dirichlet Tree","dt",3.70541025455287,2.23849223399851
-0.753768257442466,-0.041199493359116,"Real","train","Dirichlet Tree","dt",3.70541025455287,2.23849223399851
0.466062879506839,0.21501967586716,"Real","train","Dirichlet Tree","dt",3.70541025455287,2.23849223399851
0.334374451206583,-0.0103799130798542,"Real","train","Dirichlet Tree","dt",3.70541025455287,2.23849223399851
0.134365555720064,-0.455690128379241,"Real","train","Dirichlet Tree","dt",3.70541025455287,2.23849223399851
-0.432242522714425,-0.406624220066921,"Real","train","Dirichlet Tree","dt",3.70541025455287,2.23849223399851
0.103783407136307,-0.0101495797583779,"Real","train","Dirichlet Tree","dt",3.70541025455287,2.23849223399851
0.331751702894445,0.216498084064356,"Real","train","Dirichlet Tree","dt",3.70541025455287,2.23849223399851
-0.719057992323752,0.0650992036508955,"Real","train","Dirichlet Tree","dt",3.70541025455287,2.23849223399851
0.448303418027649,-0.0842203843011197,"Real","train","Dirichlet Tree","dt",3.70541025455287,2.23849223399851
-0.139372568900481,-0.156960923984925,"Real","train","Dirichlet Tree","dt",3.70541025455287,2.23849223399851
0.303480940177246,0.221523967911494,"Real","train","Dirichlet Tree","dt",3.70541025455287,2.23849223399851
-0.543476928525872,0.414024612374993,"Real","train","Dirichlet Tree","dt",3.70541025455287,2.23849223399851
-0.0815506626291913,-0.26733154412609,"Real","train","Dirichlet Tree","dt",3.70541025455287,2.23849223399851
-0.454252912011133,0.111314738647774,"Real","train","Dirichlet Tree","dt",3.70541025455287,2.23849223399851
-0.682989927311531,-0.535585197128437,"Real","train","Dirichlet Tree","dt",3.70541025455287,2.23849223399851
-0.927063466153048,-0.172747054679537,"Real","train","Dirichlet Tree","dt",3.70541025455287,2.23849223399851
0.0485602773293199,-0.340637057475562,"Real","train","Dirichlet Tree","dt",3.70541025455287,2.23849223399851
0.132026280744573,-0.420583387552497,"Real","train","Dirichlet Tree","dt",3.70541025455287,2.23849223399851
-0.617162313917549,-0.472387677743272,"Real","train","Dirichlet Tree","dt",3.70541025455287,2.23849223399851
0.205883758517285,-0.278992450938153,"Real","train","Dirichlet Tree","dt",3.70541025455287,2.23849223399851
-0.613076751441991,-0.22107792914556,"Real","train","Dirichlet Tree","dt",3.70541025455287,2.23849223399851
-0.617365922539381,-0.221640932483928,"Real","train","Dirichlet Tree","dt",3.70541025455287,2.23849223399851
-0.340941285326652,0.00875636993607655,"Real","train","Dirichlet Tree","dt",3.70541025455287,2.23849223399851
-0.762682500091642,0.811230734510424,"Real","train","Dirichlet Tree","dt",3.70541025455287,2.23849223399851
0.258939291006963,0.115418886079456,"Real","train","Dirichlet Tree","dt",3.70541025455287,2.23849223399851
-0.912419116299741,-0.296887881651325,"Real","train","Dirichlet Tree","dt",3.70541025455287,2.23849223399851
-0.59667127321465,-0.025809387122454,"Real","train","Dirichlet Tree","dt",3.70541025455287,2.23849223399851
-0.681748148690946,-0.482326543298571,"Real","train","Dirichlet Tree","dt",3.70541025455287,2.23849223399851
-0.51644703716488,-0.0964959718916349,"Real","train","Dirichlet Tree","dt",3.70541025455287,2.23849223399851
-0.100404853097061,-0.277740144565505,"Real","train","Dirichlet Tree","dt",3.70541025455287,2.23849223399851
-0.617864078439722,-0.167255308817172,"Real","train","Dirichlet Tree","dt",3.70541025455287,2.23849223399851
0.481297039939896,0.0375286840299811,"Real","train","Dirichlet Tree","dt",3.70541025455287,2.23849223399851
-0.00910045871161112,-0.35778439403162,"Real","train","Dirichlet Tree","dt",3.70541025455287,2.23849223399851
0.383835211793216,-0.0727227728564182,"Real","train","Dirichlet Tree","dt",3.70541025455287,2.23849223399851
-0.0612145546532473,-0.743463658650325,"Real","train","Dirichlet Tree","dt",3.70541025455287,2.23849223399851
-0.767190164051758,-0.0639550709798965,"Real","train","Dirichlet Tree","dt",3.70541025455287,2.23849223399851
-0.560589213843003,-0.737082600985374,"Real","train","Dirichlet Tree","dt",3.70541025455287,2.23849223399851
0.12013282410611,-0.817803542456602,"Real","train","Dirichlet Tree","dt",3.70541025455287,2.23849223399851
-0.68717783786595,0.119889135550179,"Real","train","Dirichlet Tree","dt",3.70541025455287,2.23849223399851
0.0337136609404169,-0.0529542822192696,"Real","train","Dirichlet Tree","dt",3.70541025455287,2.23849223399851
0.559279066816987,-0.0410159921670635,"Real","train","Dirichlet Tree","dt",3.70541025455287,2.23849223399851
0.45592518627987,0.0540692315198563,"Real","train","Dirichlet Tree","dt",3.70541025455287,2.23849223399851
-0.663656580390541,0.835122513478614,"Real","train","Dirichlet Tree","dt",3.70541025455287,2.23849223399851
-0.0770170644829534,-0.741587034791178,"Real","train","Dirichlet Tree","dt",3.70541025455287,2.23849223399851
-0.309646291704514,-0.521852279629311,"Real","train","Dirichlet Tree","dt",3.70541025455287,2.23849223399851
0.353895777105817,-0.114246623197338,"Real","train","Dirichlet Tree","dt",3.70541025455287,2.23849223399851
0.286935865049435,0.0874451856954537,"Real","train","Dirichlet Tree","dt",3.70541025455287,2.23849223399851
-0.0436745836581616,-0.14963245318442,"Real","train","Dirichlet Tree","dt",3.70541025455287,2.23849223399851
-0.469042015932965,-0.0801624392050564,"Real","train","Dirichlet Tree","dt",3.70541025455287,2.23849223399851
0.0120284919219613,-0.358294982964544,"Real","train","Dirichlet Tree","dt",3.70541025455287,2.23849223399851
0.171898986346237,-0.282398646850123,"Real","train","Dirichlet Tree","dt",3.70541025455287,2.23849223399851
-0.758301322480121,0.284152422151615,"Real","train","Dirichlet Tree","dt",3.70541025455287,2.23849223399851
0.448707423354109,-0.0816610308981502,"Real","train","Dirichlet Tree","dt",3.70541025455287,2.23849223399851
0.506675770028557,-0.0975251940614813,"Real","train","Dirichlet Tree","dt",3.70541025455287,2.23849223399851
0.166990111557428,-0.471543436562488,"Real","train","Dirichlet Tree","dt",3.70541025455287,2.23849223399851
0.242249035471847,0.000393515734468642,"Real","train","Dirichlet Tree","dt",3.70541025455287,2.23849223399851
0.138615281495938,0.134770986550215,"Real","train","Dirichlet Tree","dt",3.70541025455287,2.23849223399851
0.248411876228191,0.0649505941023587,"Real","train","Dirichlet Tree","dt",3.70541025455287,2.23849223399851
0.420472670779964,0.320895631509662,"Real","train","Dirichlet Tree","dt",3.70541025455287,2.23849223399851
0.481570728118909,0.0148565335898057,"Real","train","Dirichlet Tree","dt",3.70541025455287,2.23849223399851
0.0908038670778084,-0.501243882135394,"Real","train","Dirichlet Tree","dt",3.70541025455287,2.23849223399851
0.336949249188668,-0.249470689664249,"Real","train","Dirichlet Tree","dt",3.70541025455287,2.23849223399851
-0.336815466034718,-0.419051314391628,"Real","train","Dirichlet Tree","dt",3.70541025455287,2.23849223399851
-0.842351627230456,0.486160734978062,"Real","train","Dirichlet Tree","dt",3.70541025455287,2.23849223399851
0.460130337118382,0.217484108230005,"Real","train","Dirichlet Tree","dt",3.70541025455287,2.23849223399851
-0.820663403441208,0.481597310022341,"Real","train","Dirichlet Tree","dt",3.70541025455287,2.23849223399851
0.294827711833818,-0.255950274278512,"Real","train","Dirichlet Tree","dt",3.70541025455287,2.23849223399851
-0.0703579681549494,-0.0412759178029865,"Real","train","Dirichlet Tree","dt",3.70541025455287,2.23849223399851
0.168671996768223,-0.225179449445941,"Real","train","Dirichlet Tree","dt",3.70541025455287,2.23849223399851
-0.885632617481448,0.427052069196404,"Real","train","Dirichlet Tree","dt",3.70541025455287,2.23849223399851
-0.329295817937472,0.0445766267114642,"Real","train","Dirichlet Tree","dt",3.70541025455287,2.23849223399851
-0.7169001314599,-0.496130431234313,"Real","train","Dirichlet Tree","dt",3.70541025455287,2.23849223399851
0.420743604513838,-0.0764915816577968,"Real","train","Dirichlet Tree","dt",3.70541025455287,2.23849223399851
-0.371583171908522,0.576165950876534,"Real","train","Dirichlet Tree","dt",3.70541025455287,2.23849223399851
-0.0933294503164728,-0.0138893992673571,"Real","train","Dirichlet Tree","dt",3.70541025455287,2.23849223399851
0.244448143700483,-0.337750537794236,"Real","train","Dirichlet Tree","dt",3.70541025455287,2.23849223399851
0.484302201727519,0.0868317635282399,"Real","train","Dirichlet Tree","dt",3.70541025455287,2.23849223399851
-0.266343735545706,0.0485420411930903,"Real","train","Dirichlet Tree","dt",3.70541025455287,2.23849223399851
-0.769277202447719,0.453303158374275,"Real","train","Dirichlet Tree","dt",3.70541025455287,2.23849223399851
0.277910374099213,0.0518296975030186,"Real","train","Dirichlet Tree","dt",3.70541025455287,2.23849223399851
0.481101576594696,0.126351226890403,"Real","train","Dirichlet Tree","dt",3.70541025455287,2.23849223399851
-0.299484183930804,-0.064169187399876,"Real","train","Dirichlet Tree","dt",3.70541025455287,2.23849223399851
0.020068187612707,-0.281683085058049,"Real","train","Dirichlet Tree","dt",3.70541025455287,2.23849223399851
-0.904692914085012,0.381451328149092,"Real","train","Dirichlet Tree","dt",3.70541025455287,2.23849223399851
-0.484300643281883,0.128972072912424,"Real","train","Dirichlet Tree","dt",3.70541025455287,2.23849223399851
-0.696025010301863,-0.417306592345809,"Real","train","Dirichlet Tree","dt",3.70541025455287,2.23849223399851
-0.186051599459568,0.0516929033886002,"Real","train","Dirichlet Tree","dt",3.70541025455287,2.23849223399851
-0.437383231167879,-0.330230066490529,"Real","train","Dirichlet Tree","dt",3.70541025455287,2.23849223399851
-0.955224367835046,0.0889881471854556,"Real","train","Dirichlet Tree","dt",3.70541025455287,2.23849223399851
0.375518826467742,-0.216451266161589,"Real","train","Dirichlet Tree","dt",3.70541025455287,2.23849223399851
-0.0240262268178072,-0.835780320063054,"Real","train","Dirichlet Tree","dt",3.70541025455287,2.23849223399851
0.211747242228795,-0.259947966230274,"Real","train","Dirichlet Tree","dt",3.70541025455287,2.23849223399851
0.150631322174665,-0.290884023171553,"Real","train","Dirichlet Tree","dt",3.70541025455287,2.23849223399851
-0.754603133041816,0.648532124703293,"Real","train","Dirichlet Tree","dt",3.70541025455287,2.23849223399851
-0.385177008119935,-0.0616870123365552,"Real","train","Dirichlet Tree","dt",3.70541025455287,2.23849223399851
-0.811936911163418,-0.158689895647669,"Real","train","Dirichlet Tree","dt",3.70541025455287,2.23849223399851
-0.0939105782778611,-0.37886891607829,"Real","train","Dirichlet Tree","dt",3.70541025455287,2.23849223399851
0.471066672895241,0.238457597378556,"Real","train","Dirichlet Tree","dt",3.70541025455287,2.23849223399851
0.401521739795246,-0.208590523908373,"Real","train","Dirichlet Tree","dt",3.70541025455287,2.23849223399851
-0.813358191409832,-0.322952237787648,"Real","train","Dirichlet Tree","dt",3.70541025455287,2.23849223399851
0.199297411094307,-0.277029477277477,"Real","train","Dirichlet Tree","dt",3.70541025455287,2.23849223399851
0.251448041996505,-0.43674832750221,"Real","train","Dirichlet Tree","dt",3.70541025455287,2.23849223399851
0.168876502309032,-0.410463062791173,"Real","train","Dirichlet Tree","dt",3.70541025455287,2.23849223399851
-0.0350095339085423,-0.788193599740108,"Real","train","Dirichlet Tree","dt",3.70541025455287,2.23849223399851
-0.417704978336569,0.340524464613725,"Real","train","Dirichlet Tree","dt",3.70541025455287,2.23849223399851
-0.775513672707303,0.128203717824268,"Real","train","Dirichlet Tree","dt",3.70541025455287,2.23849223399851
0.267088356717378,-0.405870143107817,"Real","train","Dirichlet Tree","dt",3.70541025455287,2.23849223399851
-0.36369180818388,-0.64484751758384,"Real","train","Dirichlet Tree","dt",3.70541025455287,2.23849223399851
-0.629138346252638,-0.504896973348948,"Real","train","Dirichlet Tree","dt",3.70541025455287,2.23849223399851
0.468925779658058,0.156686032910486,"Real","train","Dirichlet Tree","dt",3.70541025455287,2.23849223399851
0.327099684056775,-0.298564676718653,"Real","train","Dirichlet Tree","dt",3.70541025455287,2.23849223399851
0.150945370294128,-0.288671967642017,"Real","train","Dirichlet Tree","dt",3.70541025455287,2.23849223399851
0.163439918620076,-0.176666868715592,"Real","train","Dirichlet Tree","dt",3.70541025455287,2.23849223399851
-0.0111426735406081,-0.808091557672281,"Real","train","Dirichlet Tree","dt",3.70541025455287,2.23849223399851
0.250473785920315,-0.516853626634334,"Real","train","Dirichlet Tree","dt",3.70541025455287,2.23849223399851
-0.296503715166412,-0.146012249167839,"Real","train","Dirichlet Tree","dt",3.70541025455287,2.23849223399851
-0.682764407667276,-0.39064940167099,"Real","train","Dirichlet Tree","dt",3.70541025455287,2.23849223399851
-0.888442859865717,0.0387496841426919,"Real","train","Dirichlet Tree","dt",3.70541025455287,2.23849223399851
-0.712039057416744,-0.106305993692336,"Real","train","Dirichlet Tree","dt",3.70541025455287,2.23849223399851
0.00987946819942406,-0.675446629235925,"Real","train","Dirichlet Tree","dt",3.70541025455287,2.23849223399851
-0.0525409968204224,0.103265546439914,"Real","train","Dirichlet Tree","dt",3.70541025455287,2.23849223399851
-0.846005387233933,-0.013231077694161,"Real","train","Dirichlet Tree","dt",3.70541025455287,2.23849223399851
0.374157954483425,0.0906616525321901,"Real","train","Dirichlet Tree","dt",3.70541025455287,2.23849223399851
0.422304019426749,0.229777550489394,"Real","train","Dirichlet Tree","dt",3.70541025455287,2.23849223399851
-0.326237004454206,-0.0935106865642625,"Real","train","Dirichlet Tree","dt",3.70541025455287,2.23849223399851
0.105938633054647,-0.60430724703647,"Real","train","Dirichlet Tree","dt",3.70541025455287,2.23849223399851
-0.0260416959692004,-0.507331651612899,"Real","train","Dirichlet Tree","dt",3.70541025455287,2.23849223399851
-0.590385854093228,-0.421525256992333,"Real","train","Dirichlet Tree","dt",3.70541025455287,2.23849223399851
-0.861792682936825,-0.537666444820944,"Real","train","Dirichlet Tree","dt",3.70541025455287,2.23849223399851
-0.603305275807116,-0.0223857461372,"Real","train","Dirichlet Tree","dt",3.70541025455287,2.23849223399851
0.33538408150049,-0.00968527737605118,"Real","train","Dirichlet Tree","dt",3.70541025455287,2.23849223399851
-0.0352293195776092,-0.280153254402887,"Real","train","Dirichlet Tree","dt",3.70541025455287,2.23849223399851
0.507858650675041,0.135094762475563,"Real","train","Dirichlet Tree","dt",3.70541025455287,2.23849223399851
-0.114376826183573,-0.564559790403383,"Real","train","Dirichlet Tree","dt",3.70541025455287,2.23849223399851
-0.794892873172529,-0.13635680470018,"Real","train","Dirichlet Tree","dt",3.70541025455287,2.23849223399851
-0.755685048730522,0.320155689145667,"Real","train","Dirichlet Tree","dt",3.70541025455287,2.23849223399851
0.157982814913766,-0.142953455498189,"Real","train","Dirichlet Tree","dt",3.70541025455287,2.23849223399851
-0.50971278259359,-0.270600806951208,"Real","train","Dirichlet Tree","dt",3.70541025455287,2.23849223399851
-0.89671576904622,0.118463179089239,"Real","train","Dirichlet Tree","dt",3.70541025455287,2.23849223399851
0.41838505423193,0.186254623563992,"Real","train","Dirichlet Tree","dt",3.70541025455287,2.23849223399851
0.0140379728697284,-0.0386369864432991,"Real","train","Dirichlet Tree","dt",3.70541025455287,2.23849223399851
0.171027645528723,0.108764728777797,"Real","train","Dirichlet Tree","dt",3.70541025455287,2.23849223399851
-0.978800563137825,0.00258655833039821,"Real","train","Dirichlet Tree","dt",3.70541025455287,2.23849223399851
0.387327601321097,0.205044048451102,"Real","train","Dirichlet Tree","dt",3.70541025455287,2.23849223399851
0.173467197977889,-0.0226862944584343,"Real","train","Dirichlet Tree","dt",3.70541025455287,2.23849223399851
-0.733584238816256,-0.153754278158943,"Real","train","Dirichlet Tree","dt",3.70541025455287,2.23849223399851
-0.553654360555332,0.126513352246425,"Real","train","Dirichlet Tree","dt",3.70541025455287,2.23849223399851
-0.376276728968374,-0.188565465512376,"Real","train","Dirichlet Tree","dt",3.70541025455287,2.23849223399851
0.404504814564684,0.274598496162371,"Real","train","Dirichlet Tree","dt",3.70541025455287,2.23849223399851
-0.785908838909081,0.152637814542193,"Real","train","Dirichlet Tree","dt",3.70541025455287,2.23849223399851
0.146200926914339,-0.529742350274282,"Real","train","Dirichlet Tree","dt",3.70541025455287,2.23849223399851
0.420402696234625,-0.188449370816745,"Real","train","Dirichlet Tree","dt",3.70541025455287,2.23849223399851
0.450756374467634,0.24352353194219,"Real","train","Dirichlet Tree","dt",3.70541025455287,2.23849223399851
-0.379769187519508,-0.445570322968271,"Real","train","Dirichlet Tree","dt",3.70541025455287,2.23849223399851
0.00471513690977802,-0.646482775178837,"Real","train","Dirichlet Tree","dt",3.70541025455287,2.23849223399851
-0.0794990061155906,-0.596079107884364,"Real","train","Dirichlet Tree","dt",3.70541025455287,2.23849223399851
-0.792590709097374,0.0416883877119388,"Real","train","Dirichlet Tree","dt",3.70541025455287,2.23849223399851
-0.0941292767414637,-0.583489677251529,"Real","train","Dirichlet Tree","dt",3.70541025455287,2.23849223399851
0.0149048099420058,-0.111622556415312,"Real","train","Dirichlet Tree","dt",3.70541025455287,2.23849223399851
-0.301970773277065,0.0806928056384747,"Real","train","Dirichlet Tree","dt",3.70541025455287,2.23849223399851
-0.0434048884047049,-0.216061099508575,"Real","train","Dirichlet Tree","dt",3.70541025455287,2.23849223399851
-0.026686178911382,-0.152901274293227,"Real","train","Dirichlet Tree","dt",3.70541025455287,2.23849223399851
-0.918354192150787,0.127594421440729,"Real","train","Dirichlet Tree","dt",3.70541025455287,2.23849223399851
0.00217247617923258,-0.313099602426778,"Real","train","Dirichlet Tree","dt",3.70541025455287,2.23849223399851
0.301498028791653,0.201002309874786,"Real","train","Dirichlet Tree","dt",3.70541025455287,2.23849223399851
-0.595497533614016,-0.543794149664434,"Real","train","Dirichlet Tree","dt",3.70541025455287,2.23849223399851
-0.149650282752628,-0.40152200418761,"Real","train","Dirichlet Tree","dt",3.70541025455287,2.23849223399851
0.505834143003234,0.186264784607206,"Real","train","Dirichlet Tree","dt",3.70541025455287,2.23849223399851
-0.809967421710521,0.0204464839983493,"Real","train","Dirichlet Tree","dt",3.70541025455287,2.23849223399851
0.0295202835667062,-0.744066238399877,"Real","train","Dirichlet Tree","dt",3.70541025455287,2.23849223399851
-1.0013317292922,0.0535064966471624,"Real","train","Dirichlet Tree","dt",3.70541025455287,2.23849223399851
-0.485427578510516,-0.464165864537784,"Real","train","Dirichlet Tree","dt",3.70541025455287,2.23849223399851
0.0782653408700991,0.0647168989970273,"Real","train","Dirichlet Tree","dt",3.70541025455287,2.23849223399851
-0.426198903167959,0.313184150760747,"Real","train","Dirichlet Tree","dt",3.70541025455287,2.23849223399851
0.386700069669205,0.264537966140635,"Real","train","Dirichlet Tree","dt",3.70541025455287,2.23849223399851
0.478297824538657,0.196925817602932,"Real","train","Dirichlet Tree","dt",3.70541025455287,2.23849223399851
0.144600396726256,-0.466004675992137,"Real","train","Dirichlet Tree","dt",3.70541025455287,2.23849223399851
-0.854714074477444,-0.307898927904809,"Real","train","Dirichlet Tree","dt",3.70541025455287,2.23849223399851
-0.200654563256776,-0.145156547594358,"Real","train","Dirichlet Tree","dt",3.70541025455287,2.23849223399851
-0.401713959492799,-0.0997758247802028,"Real","train","Dirichlet Tree","dt",3.70541025455287,2.23849223399851
-0.452246867510202,-0.118540916544935,"Real","train","Dirichlet Tree","dt",3.70541025455287,2.23849223399851
0.472442993226677,0.148206958899217,"Real","train","Dirichlet Tree","dt",3.70541025455287,2.23849223399851
-0.149192715801804,0.0341254719145266,"Real","train","Dirichlet Tree","dt",3.70541025455287,2.23849223399851
-0.151734155219411,0.0482483358403346,"Real","train","Dirichlet Tree","dt",3.70541025455287,2.23849223399851
0.443740196857902,0.229293352486371,"Real","train","Dirichlet Tree","dt",3.70541025455287,2.23849223399851
-0.70071835279697,0.172726912481751,"Real","train","Dirichlet Tree","dt",3.70541025455287,2.23849223399851
0.101366169772869,-0.557512647698814,"Real","train","Dirichlet Tree","dt",3.70541025455287,2.23849223399851
0.452174008758806,-0.0599543411432754,"Real","train","Dirichlet Tree","dt",3.70541025455287,2.23849223399851
0.166672801439345,-0.693277387249826,"Real","train","Dirichlet Tree","dt",3.70541025455287,2.23849223399851
-0.273194474511938,-0.242718414448739,"Real","train","Dirichlet Tree","dt",3.70541025455287,2.23849223399851
-0.604425621566153,-0.385296652915354,"Real","train","Dirichlet Tree","dt",3.70541025455287,2.23849223399851
-0.62994291846816,-0.438227135617206,"Real","train","Dirichlet Tree","dt",3.70541025455287,2.23849223399851
0.0508388271928571,0.151172507959389,"Real","train","Dirichlet Tree","dt",3.70541025455287,2.23849223399851
-0.4065296935044,0.266660618669577,"Real","train","Dirichlet Tree","dt",3.70541025455287,2.23849223399851
-0.131416295481216,-0.716416412361324,"Real","train","Dirichlet Tree","dt",3.70541025455287,2.23849223399851
-0.652363915425144,0.800395756183764,"Real","train","Dirichlet Tree","dt",3.70541025455287,2.23849223399851
0.105366763394199,-0.395723090155282,"Real","train","Dirichlet Tree","dt",3.70541025455287,2.23849223399851
-0.159979346292894,-0.840866390733993,"Real","train","Dirichlet Tree","dt",3.70541025455287,2.23849223399851
-0.526748558461973,-0.404262943761834,"Real","train","Dirichlet Tree","dt",3.70541025455287,2.23849223399851
0.389627170597868,-0.00266696597457842,"Real","train","Dirichlet Tree","dt",3.70541025455287,2.23849223399851
0.240214718724077,0.177023594808842,"Real","train","Dirichlet Tree","dt",3.70541025455287,2.23849223399851
0.603603063883926,0.216941194922214,"Real","train","Dirichlet Tree","dt",3.70541025455287,2.23849223399851
-0.546857212685692,-0.529421130408962,"Real","train","Dirichlet Tree","dt",3.70541025455287,2.23849223399851
-0.12131918576747,-0.421918978404033,"Real","train","Dirichlet Tree","dt",3.70541025455287,2.23849223399851
-0.471645933936583,-0.359800559486137,"Real","train","Dirichlet Tree","dt",3.70541025455287,2.23849223399851
-0.61094095414641,-0.549419177284958,"Real","train","Dirichlet Tree","dt",3.70541025455287,2.23849223399851
-0.471523945837788,-0.385139951562255,"Real","train","Dirichlet Tree","dt",3.70541025455287,2.23849223399851
-0.395824436368345,0.5069175513755,"Real","train","Dirichlet Tree","dt",3.70541025455287,2.23849223399851
0.355152598046577,0.178912831558913,"Real","train","Dirichlet Tree","dt",3.70541025455287,2.23849223399851
-0.137166833356993,-0.376039792254513,"Real","train","Dirichlet Tree","dt",3.70541025455287,2.23849223399851
-0.000917594936968589,-0.62723494167605,"Real","train","Dirichlet Tree","dt",3.70541025455287,2.23849223399851
-0.87811542927212,0.0355824607799188,"Real","train","Dirichlet Tree","dt",3.70541025455287,2.23849223399851
-0.872293751451856,0.0420236124539087,"Real","train","Dirichlet Tree","dt",3.70541025455287,2.23849223399851
-0.770502918640611,0.332596583857197,"Real","train","Dirichlet Tree","dt",3.70541025455287,2.23849223399851
0.366795934605007,0.227105854023122,"Real","train","Dirichlet Tree","dt",3.70541025455287,2.23849223399851
0.122964998634062,-0.254303532983962,"Real","train","Dirichlet Tree","dt",3.70541025455287,2.23849223399851
-0.847949776609328,-0.0221976037582407,"Real","train","Dirichlet Tree","dt",3.70541025455287,2.23849223399851
-0.82909337572164,0.234039939907297,"Real","train","Dirichlet Tree","dt",3.70541025455287,2.23849223399851
0.372984255631193,-0.22521314127042,"Real","train","Dirichlet Tree","dt",3.70541025455287,2.23849223399851
0.0484465502770409,-0.705933909840184,"Real","train","Dirichlet Tree","dt",3.70541025455287,2.23849223399851
0.382838610133093,0.149922429462056,"Real","train","Dirichlet Tree","dt",3.70541025455287,2.23849223399851
-0.939554921128779,0.0934094338964036,"Real","train","Dirichlet Tree","dt",3.70541025455287,2.23849223399851
0.162190445007828,0.083560882441267,"Real","train","Dirichlet Tree","dt",3.70541025455287,2.23849223399851
-0.760148946122456,-0.61766068837757,"Real","train","Dirichlet Tree","dt",3.70541025455287,2.23849223399851
-0.0219960782658918,0.0386849723233652,"Real","train","Dirichlet Tree","dt",3.70541025455287,2.23849223399851
-0.516416026129954,-0.0212423132805643,"Real","train","Dirichlet Tree","dt",3.70541025455287,2.23849223399851
-0.7632103504231,0.0130990338003866,"Real","train","Dirichlet Tree","dt",3.70541025455287,2.23849223399851
-0.226946478964118,-0.104613821451498,"Real","train","Dirichlet Tree","dt",3.70541025455287,2.23849223399851
-0.0376772397576326,-0.045407996105678,"Real","train","Dirichlet Tree","dt",3.70541025455287,2.23849223399851
-0.398329762066366,-0.0917539070093004,"Real","train","Dirichlet Tree","dt",3.70541025455287,2.23849223399851
0.0599455356674191,-0.655180320811794,"Real","train","Dirichlet Tree","dt",3.70541025455287,2.23849223399851
0.303287520060357,0.223724495826513,"Real","train","Dirichlet Tree","dt",3.70541025455287,2.23849223399851
-0.17468157384476,-0.51752417662573,"Real","train","Dirichlet Tree","dt",3.70541025455287,2.23849223399851
0.138244786573686,-0.240596089566109,"Real","train","Dirichlet Tree","dt",3.70541025455287,2.23849223399851
0.0844513564885899,-0.245515667908922,"Real","train","Dirichlet Tree","dt",3.70541025455287,2.23849223399851
0.0445689188900342,-0.351300937249153,"Real","train","Dirichlet Tree","dt",3.70541025455287,2.23849223399851
0.125089438295334,-0.734130755473725,"Real","train","Dirichlet Tree","dt",3.70541025455287,2.23849223399851
0.234442088396275,-0.3855642128084,"Real","train","Dirichlet Tree","dt",3.70541025455287,2.23849223399851
-0.716597857329927,-0.575483037673047,"Real","train","Dirichlet Tree","dt",3.70541025455287,2.23849223399851
0.4636599939772,0.173389182037212,"Real","train","Dirichlet Tree","dt",3.70541025455287,2.23849223399851
-0.809713515436618,0.247051649486407,"Real","train","Dirichlet Tree","dt",3.70541025455287,2.23849223399851
0.0747216996765673,-0.0633161131764497,"Real","train","Dirichlet Tree","dt",3.70541025455287,2.23849223399851
-0.200263726441604,-0.442680061079663,"Real","train","Dirichlet Tree","dt",3.70541025455287,2.23849223399851
0.316370095202669,0.166454479316587,"Real","train","Dirichlet Tree","dt",3.70541025455287,2.23849223399851
0.221002686500663,-0.481685755225922,"Real","train","Dirichlet Tree","dt",3.70541025455287,2.23849223399851
0.547678927205119,0.244412053698584,"Real","train","Dirichlet Tree","dt",3.70541025455287,2.23849223399851
0.420090632883972,0.172358137530708,"Real","train","Dirichlet Tree","dt",3.70541025455287,2.23849223399851
0.520915551365561,0.201725753584243,"Real","train","Dirichlet Tree","dt",3.70541025455287,2.23849223399851
0.35621970041467,0.0399039442241838,"Real","train","Dirichlet Tree","dt",3.70541025455287,2.23849223399851
-0.851713083362228,0.145402484375048,"Real","train","Dirichlet Tree","dt",3.70541025455287,2.23849223399851
0.147022755873255,-0.369747204706907,"Real","train","Dirichlet Tree","dt",3.70541025455287,2.23849223399851
0.149227362485781,-0.444823353378776,"Real","train","Dirichlet Tree","dt",3.70541025455287,2.23849223399851
-0.0274789917639567,-0.653488264288025,"Real","train","Dirichlet Tree","dt",3.70541025455287,2.23849223399851
-0.107125907424965,-0.355400738610658,"Real","train","Dirichlet Tree","dt",3.70541025455287,2.23849223399851
0.426700888730402,0.125081970293383,"Real","train","Dirichlet Tree","dt",3.70541025455287,2.23849223399851
0.0626017499043124,-0.122051721000714,"Real","train","Dirichlet Tree","dt",3.70541025455287,2.23849223399851
-0.351056823604488,0.487496835229329,"Real","train","Dirichlet Tree","dt",3.70541025455287,2.23849223399851
0.187810363988248,0.13965970744423,"Real","train","Dirichlet Tree","dt",3.70541025455287,2.23849223399851
0.477488840178723,0.152913049880626,"Real","train","Dirichlet Tree","dt",3.70541025455287,2.23849223399851
-0.423010724449066,0.586409126885063,"Real","train","Dirichlet Tree","dt",3.70541025455287,2.23849223399851
0.103873401860284,-0.49935347572476,"Real","train","Dirichlet Tree","dt",3.70541025455287,2.23849223399851
0.497075615926601,-0.08743515482286,"Real","train","Dirichlet Tree","dt",3.70541025455287,2.23849223399851
-0.812135726018103,0.0953467334044155,"Real","train","Dirichlet Tree","dt",3.70541025455287,2.23849223399851
0.246558431856432,-0.08323539631297,"Real","train","Dirichlet Tree","dt",3.70541025455287,2.23849223399851
-0.433404792473977,-0.432702839443387,"Real","train","Dirichlet Tree","dt",3.70541025455287,2.23849223399851
-0.0450030338263289,-0.846779442298513,"Real","train","Dirichlet Tree","dt",3.70541025455287,2.23849223399851
-0.146335427173352,0.205907861182257,"Real","train","Dirichlet Tree","dt",3.70541025455287,2.23849223399851
-0.673446146607178,0.000373396479576859,"Real","train","Dirichlet Tree","dt",3.70541025455287,2.23849223399851
-0.326162660437682,-0.547909357487712,"Real","train","Dirichlet Tree","dt",3.70541025455287,2.23849223399851
0.325757223877952,0.00983903475634271,"Real","train","Dirichlet Tree","dt",3.70541025455287,2.23849223399851
0.506962914685408,0.0829118946136483,"Real","train","Dirichlet Tree","dt",3.70541025455287,2.23849223399851
-0.761617431327949,0.172863133117455,"Real","train","Dirichlet Tree","dt",3.70541025455287,2.23849223399851
-0.503954038472537,0.0937482807468939,"Real","train","Dirichlet Tree","dt",3.70541025455287,2.23849223399851
0.103646809362258,-0.152445960224269,"Real","train","Dirichlet Tree","dt",3.70541025455287,2.23849223399851
-0.497460584209887,-0.474232709901048,"Real","train","Dirichlet Tree","dt",3.70541025455287,2.23849223399851
-0.506520836937367,-0.464043425411813,"Real","train","Dirichlet Tree","dt",3.70541025455287,2.23849223399851
-0.126768059268612,-0.401660617314372,"Real","train","Dirichlet Tree","dt",3.70541025455287,2.23849223399851
0.29404231401323,0.190520694434448,"Real","train","Dirichlet Tree","dt",3.70541025455287,2.23849223399851
-0.768995218286796,-0.388140839888824,"Real","train","Dirichlet Tree","dt",3.70541025455287,2.23849223399851
-0.326362491134628,-0.550910384976089,"Real","train","Dirichlet Tree","dt",3.70541025455287,2.23849223399851
0.147124597935791,-0.328001543082814,"Real","train","Dirichlet Tree","dt",3.70541025455287,2.23849223399851
-0.571531187918665,-0.327182037601504,"Real","train","Dirichlet Tree","dt",3.70541025455287,2.23849223399851
-0.55036824823703,0.0889185351265408,"Real","train","Dirichlet Tree","dt",3.70541025455287,2.23849223399851
-0.684548475123583,0.538129676703861,"Real","train","Dirichlet Tree","dt",3.70541025455287,2.23849223399851
0.159221587264846,-0.463105858580673,"Real","train","Dirichlet Tree","dt",3.70541025455287,2.23849223399851
-0.830943147405231,-0.385032035067153,"Real","train","Dirichlet Tree","dt",3.70541025455287,2.23849223399851
0.43767580620227,0.153778351516392,"Real","train","Dirichlet Tree","dt",3.70541025455287,2.23849223399851
-0.365381488146162,-0.659339399115478,"Real","train","Dirichlet Tree","dt",3.70541025455287,2.23849223399851
0.165829922769332,-0.521707543615958,"Real","train","Dirichlet Tree","dt",3.70541025455287,2.23849223399851
0.434368073826685,-0.0842798802725114,"Real","train","Dirichlet Tree","dt",3.70541025455287,2.23849223399851
-0.623387688003798,-0.499289933125356,"Real","train","Dirichlet Tree","dt",3.70541025455287,2.23849223399851
-0.864677637175669,0.286041267369198,"Real","train","Dirichlet Tree","dt",3.70541025455287,2.23849223399851
0.480550242602613,0.156972410838971,"Real","train","Dirichlet Tree","dt",3.70541025455287,2.23849223399851
0.248679570036297,-0.371772227152692,"Real","train","Dirichlet Tree","dt",3.70541025455287,2.23849223399851
-0.50423561911834,-0.285999127974737,"Real","train","Dirichlet Tree","dt",3.70541025455287,2.23849223399851
-0.460737348022551,-0.0306907342815265,"Real","train","Dirichlet Tree","dt",3.70541025455287,2.23849223399851
0.0131362414332504,0.127639004111785,"Real","train","Dirichlet Tree","dt",3.70541025455287,2.23849223399851
-0.26687462299535,-0.382567188905286,"Real","train","Dirichlet Tree","dt",3.70541025455287,2.23849223399851
0.327992191764957,-0.235622062839839,"Real","train","Dirichlet Tree","dt",3.70541025455287,2.23849223399851
0.25614089120599,-0.224074364323139,"Real","train","Dirichlet Tree","dt",3.70541025455287,2.23849223399851
0.272448368544461,0.0305677719692648,"Real","train","Dirichlet Tree","dt",3.70541025455287,2.23849223399851
-0.737108840131162,0.0317611089375727,"Real","train","Dirichlet Tree","dt",3.70541025455287,2.23849223399851
-0.649566710626205,-0.38242511416673,"Real","train","Dirichlet Tree","dt",3.70541025455287,2.23849223399851
0.509031852212353,0.195352587023172,"Real","train","Dirichlet Tree","dt",3.70541025455287,2.23849223399851
0.134985903637635,0.160469346882258,"Real","train","Dirichlet Tree","dt",3.70541025455287,2.23849223399851
-0.622615603434368,0.202481707442545,"Real","train","Dirichlet Tree","dt",3.70541025455287,2.23849223399851
-0.48298206875312,-0.566717994020895,"Real","train","Dirichlet Tree","dt",3.70541025455287,2.23849223399851
0.169263367943637,-0.136314969114228,"Real","train","Dirichlet Tree","dt",3.70541025455287,2.23849223399851
-0.0584078814994569,0.27928840432395,"Real","train","Dirichlet Tree","dt",3.70541025455287,2.23849223399851
0.527668771242109,0.128125206654854,"Real","train","Dirichlet Tree","dt",3.70541025455287,2.23849223399851
0.306502565214982,-0.118069558989899,"Real","train","Dirichlet Tree","dt",3.70541025455287,2.23849223399851
-0.470802198240544,-0.153902326144107,"Real","train","Dirichlet Tree","dt",3.70541025455287,2.23849223399851
0.114367528672494,-0.0646064940931295,"Real","train","Dirichlet Tree","dt",3.70541025455287,2.23849223399851
-0.378614587835884,-0.60608115777009,"Real","train","Dirichlet Tree","dt",3.70541025455287,2.23849223399851
0.171046923646193,-0.645139569100685,"Real","train","Dirichlet Tree","dt",3.70541025455287,2.23849223399851
0.220077750823305,0.0615631099853598,"Real","train","Dirichlet Tree","dt",3.70541025455287,2.23849223399851
0.0690737183874754,-0.758965661323314,"Real","train","Dirichlet Tree","dt",3.70541025455287,2.23849223399851
-0.643809878704576,-0.629463303365188,"Real","train","Dirichlet Tree","dt",3.70541025455287,2.23849223399851
0.114385191997795,-0.722180171991198,"Real","train","Dirichlet Tree","dt",3.70541025455287,2.23849223399851
-0.28118355959727,0.0830044133645384,"Real","train","Dirichlet Tree","dt",3.70541025455287,2.23849223399851
0.169287694113555,-0.175810263921393,"Real","train","Dirichlet Tree","dt",3.70541025455287,2.23849223399851
0.480398060880893,0.0110893595863097,"Real","train","Dirichlet Tree","dt",3.70541025455287,2.23849223399851
-0.102466111122296,-0.101316335919335,"Real","train","Dirichlet Tree","dt",3.70541025455287,2.23849223399851
0.460769332219957,-0.0743895485903448,"Real","train","Dirichlet Tree","dt",3.70541025455287,2.23849223399851
-0.43036911402936,-0.112827722414949,"Real","train","Dirichlet Tree","dt",3.70541025455287,2.23849223399851
-0.956654604804851,0.0850325257620525,"Real","train","Dirichlet Tree","dt",3.70541025455287,2.23849223399851
-0.43121135643864,-0.00648423251201431,"Real","train","Dirichlet Tree","dt",3.70541025455287,2.23849223399851
-0.14581362617752,-0.468047112397178,"Real","train","Dirichlet Tree","dt",3.70541025455287,2.23849223399851
-0.665353587978421,0.235632441428981,"Real","train","Dirichlet Tree","dt",3.70541025455287,2.23849223399851
0.16876345922117,-0.3800102898563,"Real","train","Dirichlet Tree","dt",3.70541025455287,2.23849223399851
0.138654804679536,-0.66882148424595,"Real","train","Dirichlet Tree","dt",3.70541025455287,2.23849223399851
0.0644411639917065,-0.623091727137806,"Real","train","Dirichlet Tree","dt",3.70541025455287,2.23849223399851
-0.0518354919035219,-0.581795314520235,"Real","train","Dirichlet Tree","dt",3.70541025455287,2.23849223399851
-0.543938721895732,-0.187354649425344,"Real","train","Dirichlet Tree","dt",3.70541025455287,2.23849223399851
0.374433421002391,0.199545491328831,"Generated","train","Dirichlet Tree","dt",3.70541025455287,2.23849223399851
0.305360317278245,0.100883616508143,"Generated","train","Dirichlet Tree","dt",3.70541025455287,2.23849223399851
0.264412703016861,-0.337657455316751,"Generated","train","Dirichlet Tree","dt",3.70541025455287,2.23849223399851
0.492051745487002,0.255541292079598,"Generated","train","Dirichlet Tree","dt",3.70541025455287,2.23849223399851
-0.6332702818364,0.535051114776779,"Generated","train","Dirichlet Tree","dt",3.70541025455287,2.23849223399851
0.45831659556372,0.210181967205362,"Generated","train","Dirichlet Tree","dt",3.70541025455287,2.23849223399851
0.500362007968718,0.173815352171627,"Generated","train","Dirichlet Tree","dt",3.70541025455287,2.23849223399851
0.194935825527949,0.275467264461145,"Generated","train","Dirichlet Tree","dt",3.70541025455287,2.23849223399851
-0.704996129123299,0.813017156398593,"Generated","train","Dirichlet Tree","dt",3.70541025455287,2.23849223399851
0.46792829873993,0.0880343757683197,"Generated","train","Dirichlet Tree","dt",3.70541025455287,2.23849223399851
0.271388150790235,-0.111932037409392,"Generated","train","Dirichlet Tree","dt",3.70541025455287,2.23849223399851
0.170417642872485,-0.154434683944098,"Generated","train","Dirichlet Tree","dt",3.70541025455287,2.23849223399851
0.208445304732662,-0.590579779479078,"Generated","train","Dirichlet Tree","dt",3.70541025455287,2.23849223399851
-0.158365575238853,0.274609005150377,"Generated","train","Dirichlet Tree","dt",3.70541025455287,2.23849223399851
0.457566127012344,0.118648105593998,"Generated","train","Dirichlet Tree","dt",3.70541025455287,2.23849223399851
0.0696406093695639,0.311785838744543,"Generated","train","Dirichlet Tree","dt",3.70541025455287,2.23849223399851
0.149476250654825,-0.597060234772092,"Generated","train","Dirichlet Tree","dt",3.70541025455287,2.23849223399851
0.490033351142073,0.0783601721158159,"Generated","train","Dirichlet Tree","dt",3.70541025455287,2.23849223399851
0.277162726640271,-0.096969615576881,"Generated","train","Dirichlet Tree","dt",3.70541025455287,2.23849223399851
-0.673433640234842,0.848149885269275,"Generated","train","Dirichlet Tree","dt",3.70541025455287,2.23849223399851
0.102694743108161,-0.548760589676044,"Generated","train","Dirichlet Tree","dt",3.70541025455287,2.23849223399851
-0.412922204815903,0.2262329243318,"Generated","train","Dirichlet Tree","dt",3.70541025455287,2.23849223399851
-0.272991107022335,0.359723616722107,"Generated","train","Dirichlet Tree","dt",3.70541025455287,2.23849223399851
0.351709311213946,0.179075598586087,"Generated","train","Dirichlet Tree","dt",3.70541025455287,2.23849223399851
0.229138633254458,-0.473101584859052,"Generated","train","Dirichlet Tree","dt",3.70541025455287,2.23849223399851
-0.512458457527418,0.745993682696263,"Generated","train","Dirichlet Tree","dt",3.70541025455287,2.23849223399851
0.0564541944866919,0.296533029911593,"Generated","train","Dirichlet Tree","dt",3.70541025455287,2.23849223399851
0.277073035268594,0.0340892801875844,"Generated","train","Dirichlet Tree","dt",3.70541025455287,2.23849223399851
0.430336618937649,0.197911016507405,"Generated","train","Dirichlet Tree","dt",3.70541025455287,2.23849223399851
-0.703163010379005,0.684051515530399,"Generated","train","Dirichlet Tree","dt",3.70541025455287,2.23849223399851
0.112805877160776,-0.485509102043174,"Generated","train","Dirichlet Tree","dt",3.70541025455287,2.23849223399851
0.341451187905982,-0.15329279712929,"Generated","train","Dirichlet Tree","dt",3.70541025455287,2.23849223399851
0.528562127478306,0.193731821339647,"Generated","train","Dirichlet Tree","dt",3.70541025455287,2.23849223399851
-0.695883906022059,0.755228635319354,"Generated","train","Dirichlet Tree","dt",3.70541025455287,2.23849223399851
0.439286764296981,0.0690290520596395,"Generated","train","Dirichlet Tree","dt",3.70541025455287,2.23849223399851
0.0782879508165641,-0.600785409833964,"Generated","train","Dirichlet Tree","dt",3.70541025455287,2.23849223399851
0.314365590503591,0.163807777802243,"Generated","train","Dirichlet Tree","dt",3.70541025455287,2.23849223399851
0.220463010823767,-0.00896922573475486,"Generated","train","Dirichlet Tree","dt",3.70541025455287,2.23849223399851
0.533264616173603,0.191768813462781,"Generated","train","Dirichlet Tree","dt",3.70541025455287,2.23849223399851
0.144257041042869,-0.581710281187367,"Generated","train","Dirichlet Tree","dt",3.70541025455287,2.23849223399851
0.444605884118331,0.33827433586452,"Generated","train","Dirichlet Tree","dt",3.70541025455287,2.23849223399851
0.430963453067281,0.131928311883621,"Generated","train","Dirichlet Tree","dt",3.70541025455287,2.23849223399851
0.471933241726452,0.247376304935612,"Generated","train","Dirichlet Tree","dt",3.70541025455287,2.23849223399851
0.557227803213074,0.185413417158016,"Generated","train","Dirichlet Tree","dt",3.70541025455287,2.23849223399851
0.512135169666002,0.114017220591996,"Generated","train","Dirichlet Tree","dt",3.70541025455287,2.23849223399851
0.365180034140879,0.236028281986253,"Generated","train","Dirichlet Tree","dt",3.70541025455287,2.23849223399851
0.482845203597809,0.108959985232205,"Generated","train","Dirichlet Tree","dt",3.70541025455287,2.23849223399851
0.372214270998546,0.208999850858464,"Generated","train","Dirichlet Tree","dt",3.70541025455287,2.23849223399851
-0.37574452792968,0.435244707885374,"Generated","train","Dirichlet Tree","dt",3.70541025455287,2.23849223399851
-0.695441822840527,0.778751764072176,"Generated","train","Dirichlet Tree","dt",3.70541025455287,2.23849223399851
0.139545850094409,-0.566513526361544,"Generated","train","Dirichlet Tree","dt",3.70541025455287,2.23849223399851
-0.467781106347856,0.536765589892475,"Generated","train","Dirichlet Tree","dt",3.70541025455287,2.23849223399851
-0.0394197387266944,0.318887750480915,"Generated","train","Dirichlet Tree","dt",3.70541025455287,2.23849223399851
0.360486079284274,0.166024807941994,"Generated","train","Dirichlet Tree","dt",3.70541025455287,2.23849223399851
-0.56512647692937,0.408664079126316,"Generated","train","Dirichlet Tree","dt",3.70541025455287,2.23849223399851
0.209026135379527,0.152674433838315,"Generated","train","Dirichlet Tree","dt",3.70541025455287,2.23849223399851
0.517799140482606,0.178537168036398,"Generated","train","Dirichlet Tree","dt",3.70541025455287,2.23849223399851
0.421378555131629,0.151616785542628,"Generated","train","Dirichlet Tree","dt",3.70541025455287,2.23849223399851
0.432818337316925,0.209684093982685,"Generated","train","Dirichlet Tree","dt",3.70541025455287,2.23849223399851
0.448005498795812,0.17574667925621,"Generated","train","Dirichlet Tree","dt",3.70541025455287,2.23849223399851
0.458985435025441,-0.0124060540085361,"Generated","train","Dirichlet Tree","dt",3.70541025455287,2.23849223399851
0.274029175695692,-0.086836037168078,"Generated","train","Dirichlet Tree","dt",3.70541025455287,2.23849223399851
0.103789940264447,0.211252021334113,"Generated","train","Dirichlet Tree","dt",3.70541025455287,2.23849223399851
0.333243473204778,0.0504843945121577,"Generated","train","Dirichlet Tree","dt",3.70541025455287,2.23849223399851
0.368425687597241,0.102302618187353,"Generated","train","Dirichlet Tree","dt",3.70541025455287,2.23849223399851
-0.557796202631234,0.502300988679576,"Generated","train","Dirichlet Tree","dt",3.70541025455287,2.23849223399851
-0.531953778443121,0.639465717161499,"Generated","train","Dirichlet Tree","dt",3.70541025455287,2.23849223399851
0.445832842087411,0.180475857480431,"Generated","train","Dirichlet Tree","dt",3.70541025455287,2.23849223399851
0.392682458332291,0.226527523331369,"Generated","train","Dirichlet Tree","dt",3.70541025455287,2.23849223399851
0.189420084124419,-0.0360816907940892,"Generated","train","Dirichlet Tree","dt",3.70541025455287,2.23849223399851
0.49053093079427,0.0844117220743034,"Generated","train","Dirichlet Tree","dt",3.70541025455287,2.23849223399851
0.0625973465683225,-0.57247550982785,"Generated","train","Dirichlet Tree","dt",3.70541025455287,2.23849223399851
0.350980131175021,0.201300835198,"Generated","train","Dirichlet Tree","dt",3.70541025455287,2.23849223399851
0.461030480785278,0.14273473846437,"Generated","train","Dirichlet Tree","dt",3.70541025455287,2.23849223399851
0.312839466746647,0.135268554299357,"Generated","train","Dirichlet Tree","dt",3.70541025455287,2.23849223399851
-0.33226445598543,0.431964149338986,"Generated","train","Dirichlet Tree","dt",3.70541025455287,2.23849223399851
0.316175214957267,0.00491327153796128,"Generated","train","Dirichlet Tree","dt",3.70541025455287,2.23849223399851
-0.600944377460985,0.644781497509193,"Generated","train","Dirichlet Tree","dt",3.70541025455287,2.23849223399851
0.496443179991904,0.0676640501256854,"Generated","train","Dirichlet Tree","dt",3.70541025455287,2.23849223399851
0.420442449139896,0.167945148796541,"Generated","train","Dirichlet Tree","dt",3.70541025455287,2.23849223399851
0.40838842265519,0.196687046412414,"Generated","train","Dirichlet Tree","dt",3.70541025455287,2.23849223399851
-0.470088140094657,0.568095034037844,"Generated","train","Dirichlet Tree","dt",3.70541025455287,2.23849223399851
0.180138838820376,0.0812300535939177,"Generated","train","Dirichlet Tree","dt",3.70541025455287,2.23849223399851
0.516490158017142,0.141536445139501,"Generated","train","Dirichlet Tree","dt",3.70541025455287,2.23849223399851
0.334314112768968,0.076413108814247,"Generated","train","Dirichlet Tree","dt",3.70541025455287,2.23849223399851
0.426610609769891,0.174828333082924,"Generated","train","Dirichlet Tree","dt",3.70541025455287,2.23849223399851
0.315511953854946,0.124589581558243,"Generated","train","Dirichlet Tree","dt",3.70541025455287,2.23849223399851
0.352832446208247,0.0875667696672634,"Generated","train","Dirichlet Tree","dt",3.70541025455287,2.23849223399851
0.105274528479242,-0.566882451113225,"Generated","train","Dirichlet Tree","dt",3.70541025455287,2.23849223399851
0.339224247207307,0.174978548040851,"Generated","train","Dirichlet Tree","dt",3.70541025455287,2.23849223399851
0.526434387751958,0.150571417783949,"Generated","train","Dirichlet Tree","dt",3.70541025455287,2.23849223399851
0.266703375347842,-0.0410170628048463,"Generated","train","Dirichlet Tree","dt",3.70541025455287,2.23849223399851
0.276322738304626,0.0866020571472119,"Generated","train","Dirichlet Tree","dt",3.70541025455287,2.23849223399851
0.129854852012704,0.264449376481954,"Generated","train","Dirichlet Tree","dt",3.70541025455287,2.23849223399851
0.386383688407552,0.111339148784625,"Generated","train","Dirichlet Tree","dt",3.70541025455287,2.23849223399851
0.185780540338611,0.312366800035122,"Generated","train","Dirichlet Tree","dt",3.70541025455287,2.23849223399851
0.498524100000254,0.120005874305625,"Generated","train","Dirichlet Tree","dt",3.70541025455287,2.23849223399851
0.232140187772455,0.269047773003793,"Generated","train","Dirichlet Tree","dt",3.70541025455287,2.23849223399851
0.248990049789158,-0.033455165149733,"Generated","train","Dirichlet Tree","dt",3.70541025455287,2.23849223399851
-0.685293785035719,0.722983868190492,"Generated","train","Dirichlet Tree","dt",3.70541025455287,2.23849223399851
0.351016445470327,0.234246566693923,"Generated","train","Dirichlet Tree","dt",3.70541025455287,2.23849223399851
0.431571663395598,0.127541910306137,"Generated","train","Dirichlet Tree","dt",3.70541025455287,2.23849223399851
0.358318334831862,0.223278209758301,"Generated","train","Dirichlet Tree","dt",3.70541025455287,2.23849223399851
0.154277730833776,-0.491909431711747,"Generated","train","Dirichlet Tree","dt",3.70541025455287,2.23849223399851
0.46387248119815,0.184801247320532,"Generated","train","Dirichlet Tree","dt",3.70541025455287,2.23849223399851
0.453462083983317,0.101645987188365,"Generated","train","Dirichlet Tree","dt",3.70541025455287,2.23849223399851
0.481803272369262,0.273724946278816,"Generated","train","Dirichlet Tree","dt",3.70541025455287,2.23849223399851
0.0807071299102104,0.230565321434861,"Generated","train","Dirichlet Tree","dt",3.70541025455287,2.23849223399851
0.354147434570321,0.113264400126768,"Generated","train","Dirichlet Tree","dt",3.70541025455287,2.23849223399851
0.379015191990958,0.211008970872428,"Generated","train","Dirichlet Tree","dt",3.70541025455287,2.23849223399851
0.502825047736015,0.20231238056776,"Generated","train","Dirichlet Tree","dt",3.70541025455287,2.23849223399851
0.382984686962047,0.257543232918722,"Generated","train","Dirichlet Tree","dt",3.70541025455287,2.23849223399851
0.254721050876681,-0.0127863365797647,"Generated","train","Dirichlet Tree","dt",3.70541025455287,2.23849223399851
0.300988680012472,0.112562134208019,"Generated","train","Dirichlet Tree","dt",3.70541025455287,2.23849223399851
0.478790894057344,0.211198217383325,"Generated","train","Dirichlet Tree","dt",3.70541025455287,2.23849223399851
0.484584031178564,0.066233705056779,"Generated","train","Dirichlet Tree","dt",3.70541025455287,2.23849223399851
0.41269948524131,0.109643541477884,"Generated","train","Dirichlet Tree","dt",3.70541025455287,2.23849223399851
-0.292922260246538,0.301796067202207,"Generated","train","Dirichlet Tree","dt",3.70541025455287,2.23849223399851
-0.0250523955647915,0.225024913971513,"Generated","train","Dirichlet Tree","dt",3.70541025455287,2.23849223399851
0.324577658523106,-0.241325465143256,"Generated","train","Dirichlet Tree","dt",3.70541025455287,2.23849223399851
0.502747325916915,0.162624338668907,"Generated","train","Dirichlet Tree","dt",3.70541025455287,2.23849223399851
0.404734480549329,0.180605354928766,"Generated","train","Dirichlet Tree","dt",3.70541025455287,2.23849223399851
0.336961185399332,0.1946095617355,"Generated","train","Dirichlet Tree","dt",3.70541025455287,2.23849223399851
-0.220246021301134,0.464924795363022,"Generated","train","Dirichlet Tree","dt",3.70541025455287,2.23849223399851
0.508870337134649,0.146530196024337,"Generated","train","Dirichlet Tree","dt",3.70541025455287,2.23849223399851
0.0884900070707971,0.254951169022418,"Generated","train","Dirichlet Tree","dt",3.70541025455287,2.23849223399851
-0.288289126009868,0.367088726966988,"Generated","train","Dirichlet Tree","dt",3.70541025455287,2.23849223399851
0.349184005217449,0.334854710778049,"Generated","train","Dirichlet Tree","dt",3.70541025455287,2.23849223399851
0.30918194742124,0.156606520110671,"Generated","train","Dirichlet Tree","dt",3.70541025455287,2.23849223399851
-0.483098880524143,0.561021674244929,"Generated","train","Dirichlet Tree","dt",3.70541025455287,2.23849223399851
-0.565501092647554,0.615242039804313,"Generated","train","Dirichlet Tree","dt",3.70541025455287,2.23849223399851
0.348504510392946,-0.163472775088381,"Generated","train","Dirichlet Tree","dt",3.70541025455287,2.23849223399851
0.248257775014343,-0.0673278114131806,"Generated","train","Dirichlet Tree","dt",3.70541025455287,2.23849223399851
0.392563476514226,0.105068046783522,"Generated","train","Dirichlet Tree","dt",3.70541025455287,2.23849223399851
0.372173455042825,0.0815829674152301,"Generated","train","Dirichlet Tree","dt",3.70541025455287,2.23849223399851
0.401359560292309,0.178618385353867,"Generated","train","Dirichlet Tree","dt",3.70541025455287,2.23849223399851
0.339864710785616,0.124374511642804,"Generated","train","Dirichlet Tree","dt",3.70541025455287,2.23849223399851
0.34061766319888,0.104847388821717,"Generated","train","Dirichlet Tree","dt",3.70541025455287,2.23849223399851
0.291943057375665,0.155091138000938,"Generated","train","Dirichlet Tree","dt",3.70541025455287,2.23849223399851
0.247717561012017,-0.174482304293386,"Generated","train","Dirichlet Tree","dt",3.70541025455287,2.23849223399851
-0.257362982877994,0.570760226622086,"Generated","train","Dirichlet Tree","dt",3.70541025455287,2.23849223399851
0.19104777404084,0.237234091824096,"Generated","train","Dirichlet Tree","dt",3.70541025455287,2.23849223399851
0.310542182395879,0.131824669393793,"Generated","train","Dirichlet Tree","dt",3.70541025455287,2.23849223399851
0.275720833452025,0.157459609160318,"Generated","train","Dirichlet Tree","dt",3.70541025455287,2.23849223399851
-0.48490070535479,0.675317726815982,"Generated","train","Dirichlet Tree","dt",3.70541025455287,2.23849223399851
-0.36349753652086,0.585107076301961,"Generated","train","Dirichlet Tree","dt",3.70541025455287,2.23849223399851
0.220458623099679,-0.194972427458564,"Generated","train","Dirichlet Tree","dt",3.70541025455287,2.23849223399851
0.463720968666052,0.220230319972506,"Generated","train","Dirichlet Tree","dt",3.70541025455287,2.23849223399851
-0.315854791525373,0.187021399594388,"Generated","train","Dirichlet Tree","dt",3.70541025455287,2.23849223399851
0.364788790788169,0.174142641959112,"Generated","train","Dirichlet Tree","dt",3.70541025455287,2.23849223399851
0.185345989853386,-0.0466221779596616,"Generated","train","Dirichlet Tree","dt",3.70541025455287,2.23849223399851
0.157588019948257,0.198807333676619,"Generated","train","Dirichlet Tree","dt",3.70541025455287,2.23849223399851
0.502273524535645,0.169776963761928,"Generated","train","Dirichlet Tree","dt",3.70541025455287,2.23849223399851
0.331789336097853,0.126569383568852,"Generated","train","Dirichlet Tree","dt",3.70541025455287,2.23849223399851
0.464614555817262,0.123344108538699,"Generated","train","Dirichlet Tree","dt",3.70541025455287,2.23849223399851
0.163035282280511,-0.544739267408977,"Generated","train","Dirichlet Tree","dt",3.70541025455287,2.23849223399851
0.526784016602226,0.223035279896509,"Generated","train","Dirichlet Tree","dt",3.70541025455287,2.23849223399851
-0.670849639839231,0.69109031032404,"Generated","train","Dirichlet Tree","dt",3.70541025455287,2.23849223399851
-0.0536806178835557,0.213269674045923,"Generated","train","Dirichlet Tree","dt",3.70541025455287,2.23849223399851
-0.703300356931655,0.664497971328956,"Generated","train","Dirichlet Tree","dt",3.70541025455287,2.23849223399851
-0.558659863579167,0.655138046933125,"Generated","train","Dirichlet Tree","dt",3.70541025455287,2.23849223399851
-0.0624808125387955,0.307688132173206,"Generated","train","Dirichlet Tree","dt",3.70541025455287,2.23849223399851
0.516833090246768,0.253170596720127,"Generated","train","Dirichlet Tree","dt",3.70541025455287,2.23849223399851
0.38626222222992,0.179913718223518,"Generated","train","Dirichlet Tree","dt",3.70541025455287,2.23849223399851
0.496452896339467,0.0453665177602394,"Generated","train","Dirichlet Tree","dt",3.70541025455287,2.23849223399851
0.175851284915064,-0.231974981831061,"Generated","train","Dirichlet Tree","dt",3.70541025455287,2.23849223399851
-0.0813062737779237,0.350802612610135,"Generated","train","Dirichlet Tree","dt",3.70541025455287,2.23849223399851
0.327300690319933,0.168297407036866,"Generated","train","Dirichlet Tree","dt",3.70541025455287,2.23849223399851
0.160086176587808,-0.262516382734738,"Generated","train","Dirichlet Tree","dt",3.70541025455287,2.23849223399851
0.229430258474953,0.0226969965795103,"Generated","train","Dirichlet Tree","dt",3.70541025455287,2.23849223399851
-0.118050215795558,0.312471256721263,"Generated","train","Dirichlet Tree","dt",3.70541025455287,2.23849223399851
0.337295935823851,-0.0301595586221226,"Generated","train","Dirichlet Tree","dt",3.70541025455287,2.23849223399851
0.522284065203326,0.157980720831483,"Generated","train","Dirichlet Tree","dt",3.70541025455287,2.23849223399851
-0.529562099850532,0.719702281192739,"Generated","train","Dirichlet Tree","dt",3.70541025455287,2.23849223399851
0.19067415752407,0.279962404412177,"Generated","train","Dirichlet Tree","dt",3.70541025455287,2.23849223399851
0.286600627737549,0.0720935028740302,"Generated","train","Dirichlet Tree","dt",3.70541025455287,2.23849223399851
0.494334494753784,0.263422077015259,"Generated","train","Dirichlet Tree","dt",3.70541025455287,2.23849223399851
0.442424708566494,0.18102346858568,"Generated","train","Dirichlet Tree","dt",3.70541025455287,2.23849223399851
0.390263619517991,0.0827494485995285,"Generated","train","Dirichlet Tree","dt",3.70541025455287,2.23849223399851
0.339562438630698,0.135415429968019,"Generated","train","Dirichlet Tree","dt",3.70541025455287,2.23849223399851
0.32729681735386,0.227636347455148,"Generated","train","Dirichlet Tree","dt",3.70541025455287,2.23849223399851
0.546359486021226,0.191521117389601,"Generated","train","Dirichlet Tree","dt",3.70541025455287,2.23849223399851
-0.156059589406155,0.302642023277399,"Generated","train","Dirichlet Tree","dt",3.70541025455287,2.23849223399851
0.480033935227324,0.257609336278375,"Generated","train","Dirichlet Tree","dt",3.70541025455287,2.23849223399851
0.271670318447018,-0.24678769949191,"Generated","train","Dirichlet Tree","dt",3.70541025455287,2.23849223399851
-0.0119981282657667,0.420432939520794,"Generated","train","Dirichlet Tree","dt",3.70541025455287,2.23849223399851
0.402238889940482,0.254295312197856,"Generated","train","Dirichlet Tree","dt",3.70541025455287,2.23849223399851
0.522239366451908,0.15805731430715,"Generated","train","Dirichlet Tree","dt",3.70541025455287,2.23849223399851
0.09486474411387,-0.586380969960493,"Generated","train","Dirichlet Tree","dt",3.70541025455287,2.23849223399851
0.499746020367243,0.141761499470006,"Generated","train","Dirichlet Tree","dt",3.70541025455287,2.23849223399851
0.493292114412979,0.157595035989294,"Generated","train","Dirichlet Tree","dt",3.70541025455287,2.23849223399851
0.542255565824647,0.086594022206288,"Generated","train","Dirichlet Tree","dt",3.70541025455287,2.23849223399851
-0.486620438022997,0.56914131385408,"Generated","train","Dirichlet Tree","dt",3.70541025455287,2.23849223399851
0.297880310194919,0.154013048046933,"Generated","train","Dirichlet Tree","dt",3.70541025455287,2.23849223399851
-0.722239925782066,0.790775514527389,"Generated","train","Dirichlet Tree","dt",3.70541025455287,2.23849223399851
0.259329588605706,0.191322775798603,"Generated","train","Dirichlet Tree","dt",3.70541025455287,2.23849223399851
0.536857572302475,0.216533399309349,"Generated","train","Dirichlet Tree","dt",3.70541025455287,2.23849223399851
0.373048521517289,0.0705578356640258,"Generated","train","Dirichlet Tree","dt",3.70541025455287,2.23849223399851
0.204459232202843,0.00453302170560407,"Generated","train","Dirichlet Tree","dt",3.70541025455287,2.23849223399851
-0.505610360895771,0.606315704700937,"Generated","train","Dirichlet Tree","dt",3.70541025455287,2.23849223399851
0.0554513001004046,-0.611146850538321,"Generated","train","Dirichlet Tree","dt",3.70541025455287,2.23849223399851
0.493062650701303,0.211128512557008,"Generated","train","Dirichlet Tree","dt",3.70541025455287,2.23849223399851
-0.0256015006704808,0.288045970309348,"Generated","train","Dirichlet Tree","dt",3.70541025455287,2.23849223399851
0.102739004675522,0.280406259037063,"Generated","train","Dirichlet Tree","dt",3.70541025455287,2.23849223399851
0.0952841139680435,-0.308886941782306,"Generated","train","Dirichlet Tree","dt",3.70541025455287,2.23849223399851
0.183836994389733,0.0529482078266005,"Generated","train","Dirichlet Tree","dt",3.70541025455287,2.23849223399851
0.230299056103061,0.231521609304455,"Generated","train","Dirichlet Tree","dt",3.70541025455287,2.23849223399851
-0.145775559798775,0.298249624024927,"Generated","train","Dirichlet Tree","dt",3.70541025455287,2.23849223399851
-0.389280348796889,0.546489779602696,"Generated","train","Dirichlet Tree","dt",3.70541025455287,2.23849223399851
-0.343153930721135,0.499232080907449,"Generated","train","Dirichlet Tree","dt",3.70541025455287,2.23849223399851
0.483917504163532,0.0915902698210538,"Generated","train","Dirichlet Tree","dt",3.70541025455287,2.23849223399851
0.299894715511013,0.0468016727216282,"Generated","train","Dirichlet Tree","dt",3.70541025455287,2.23849223399851
0.313211799606373,0.259126590247652,"Generated","train","Dirichlet Tree","dt",3.70541025455287,2.23849223399851
0.323638388354039,0.104091936640987,"Generated","train","Dirichlet Tree","dt",3.70541025455287,2.23849223399851
0.285511743764657,0.195189450404089,"Generated","train","Dirichlet Tree","dt",3.70541025455287,2.23849223399851
0.495938041379935,0.162147915595491,"Generated","train","Dirichlet Tree","dt",3.70541025455287,2.23849223399851
0.0589650699209475,-0.639184895857864,"Generated","train","Dirichlet Tree","dt",3.70541025455287,2.23849223399851
0.351723339469877,0.00430710673428391,"Generated","train","Dirichlet Tree","dt",3.70541025455287,2.23849223399851
0.245168903090867,-0.0535757824959449,"Generated","train","Dirichlet Tree","dt",3.70541025455287,2.23849223399851
0.19732224227895,0.0794873412360233,"Generated","train","Dirichlet Tree","dt",3.70541025455287,2.23849223399851
0.332858580610541,0.0651764417955131,"Generated","train","Dirichlet Tree","dt",3.70541025455287,2.23849223399851
0.380663447669317,0.203385438614155,"Generated","train","Dirichlet Tree","dt",3.70541025455287,2.23849223399851
-0.00673911027746355,0.286671621423535,"Generated","train","Dirichlet Tree","dt",3.70541025455287,2.23849223399851
0.550382777200979,0.177230354920911,"Generated","train","Dirichlet Tree","dt",3.70541025455287,2.23849223399851
0.448462164508585,0.160510702230786,"Generated","train","Dirichlet Tree","dt",3.70541025455287,2.23849223399851
-0.186797226519816,0.441086842468767,"Generated","train","Dirichlet Tree","dt",3.70541025455287,2.23849223399851
0.471284407264889,0.250928103982509,"Generated","train","Dirichlet Tree","dt",3.70541025455287,2.23849223399851
0.414257693449126,0.197996831974703,"Generated","train","Dirichlet Tree","dt",3.70541025455287,2.23849223399851
0.331985445559668,0.0247002663761918,"Generated","train","Dirichlet Tree","dt",3.70541025455287,2.23849223399851
0.315531045360171,-0.00231690178285059,"Generated","train","Dirichlet Tree","dt",3.70541025455287,2.23849223399851
0.299137441759063,0.124831512408509,"Generated","train","Dirichlet Tree","dt",3.70541025455287,2.23849223399851
0.318724782145851,-0.0248898497753581,"Generated","train","Dirichlet Tree","dt",3.70541025455287,2.23849223399851
0.449766250178582,0.18733779547716,"Generated","train","Dirichlet Tree","dt",3.70541025455287,2.23849223399851
-0.208832656509182,0.41795452740273,"Generated","train","Dirichlet Tree","dt",3.70541025455287,2.23849223399851
0.0645676534914249,-0.0423201309837923,"Generated","train","Dirichlet Tree","dt",3.70541025455287,2.23849223399851
0.366396789744475,0.0908296039013957,"Generated","train","Dirichlet Tree","dt",3.70541025455287,2.23849223399851
0.511230430554239,0.287751324426068,"Generated","train","Dirichlet Tree","dt",3.70541025455287,2.23849223399851
-0.181665512061049,0.44310657909114,"Generated","train","Dirichlet Tree","dt",3.70541025455287,2.23849223399851
0.315764188683195,-0.0203950718483349,"Generated","train","Dirichlet Tree","dt",3.70541025455287,2.23849223399851
0.298584410934518,-0.227141739252829,"Generated","train","Dirichlet Tree","dt",3.70541025455287,2.23849223399851
0.281185554537186,0.0683438246772874,"Generated","train","Dirichlet Tree","dt",3.70541025455287,2.23849223399851
-0.37473543029387,0.564543183410206,"Generated","train","Dirichlet Tree","dt",3.70541025455287,2.23849223399851
0.586696420331844,0.224225136934657,"Generated","train","Dirichlet Tree","dt",3.70541025455287,2.23849223399851
0.454921486130811,0.193103312938698,"Generated","train","Dirichlet Tree","dt",3.70541025455287,2.23849223399851
0.264115666530447,-0.05315089293938,"Generated","train","Dirichlet Tree","dt",3.70541025455287,2.23849223399851
0.475158476670311,0.2272957266038,"Generated","train","Dirichlet Tree","dt",3.70541025455287,2.23849223399851
-0.730690606880796,0.830565192214617,"Generated","train","Dirichlet Tree","dt",3.70541025455287,2.23849223399851
-0.533049559865095,0.655255572775189,"Generated","train","Dirichlet Tree","dt",3.70541025455287,2.23849223399851
0.0280903677189533,-0.665556565746035,"Generated","train","Dirichlet Tree","dt",3.70541025455287,2.23849223399851
0.32562587840278,0.175498139540253,"Generated","train","Dirichlet Tree","dt",3.70541025455287,2.23849223399851
-0.582268079511039,0.581390853236871,"Generated","train","Dirichlet Tree","dt",3.70541025455287,2.23849223399851
0.467385108595224,0.161943032792099,"Generated","train","Dirichlet Tree","dt",3.70541025455287,2.23849223399851
0.440826750676605,0.0875830437366841,"Generated","train","Dirichlet Tree","dt",3.70541025455287,2.23849223399851
-0.451524621888578,0.646515083861116,"Generated","train","Dirichlet Tree","dt",3.70541025455287,2.23849223399851
0.356394749204094,-0.0444802739944067,"Generated","train","Dirichlet Tree","dt",3.70541025455287,2.23849223399851
0.310569744050222,-0.0259668781816862,"Generated","train","Dirichlet Tree","dt",3.70541025455287,2.23849223399851
0.346330656485099,0.14441086099538,"Generated","train","Dirichlet Tree","dt",3.70541025455287,2.23849223399851
0.494593581793303,0.286669797154301,"Generated","train","Dirichlet Tree","dt",3.70541025455287,2.23849223399851
0.429194297642426,0.209479177711754,"Generated","train","Dirichlet Tree","dt",3.70541025455287,2.23849223399851
0.315814990134334,0.056234181496358,"Generated","train","Dirichlet Tree","dt",3.70541025455287,2.23849223399851
0.275332083908316,-0.215996672291257,"Generated","train","Dirichlet Tree","dt",3.70541025455287,2.23849223399851
0.291382985681182,0.051392322063931,"Generated","train","Dirichlet Tree","dt",3.70541025455287,2.23849223399851
0.426468467684189,0.125525695483386,"Generated","train","Dirichlet Tree","dt",3.70541025455287,2.23849223399851
0.421687780251724,0.14249933888937,"Generated","train","Dirichlet Tree","dt",3.70541025455287,2.23849223399851
0.446573223424646,0.0713387401378258,"Generated","train","Dirichlet Tree","dt",3.70541025455287,2.23849223399851
0.0490176006853473,-0.392474043087295,"Generated","train","Dirichlet Tree","dt",3.70541025455287,2.23849223399851
0.552694701669713,0.0956295714612747,"Generated","train","Dirichlet Tree","dt",3.70541025455287,2.23849223399851
0.074443547221583,0.3200321727661,"Generated","train","Dirichlet Tree","dt",3.70541025455287,2.23849223399851
-0.60472496169908,0.634221109209299,"Generated","train","Dirichlet Tree","dt",3.70541025455287,2.23849223399851
0.235389558496104,0.0928631922514625,"Generated","train","Dirichlet Tree","dt",3.70541025455287,2.23849223399851
-0.671671983391034,0.737916273704706,"Generated","train","Dirichlet Tree","dt",3.70541025455287,2.23849223399851
0.237143157984756,-0.0393147751174021,"Generated","train","Dirichlet Tree","dt",3.70541025455287,2.23849223399851
-0.627965683710832,0.695386762298298,"Generated","train","Dirichlet Tree","dt",3.70541025455287,2.23849223399851
0.469986984282652,0.0949117633689088,"Generated","train","Dirichlet Tree","dt",3.70541025455287,2.23849223399851
0.37457941031478,0.190576873547086,"Generated","train","Dirichlet Tree","dt",3.70541025455287,2.23849223399851
0.57774944635306,0.258925784839348,"Generated","train","Dirichlet Tree","dt",3.70541025455287,2.23849223399851
-0.546750059840353,0.668818203055538,"Generated","train","Dirichlet Tree","dt",3.70541025455287,2.23849223399851
0.322814028814981,0.275403932685477,"Generated","train","Dirichlet Tree","dt",3.70541025455287,2.23849223399851
0.45328664272126,0.200341092026612,"Generated","train","Dirichlet Tree","dt",3.70541025455287,2.23849223399851
0.47300768622248,0.0514493883476734,"Generated","train","Dirichlet Tree","dt",3.70541025455287,2.23849223399851
0.368909729968178,0.135509174956423,"Generated","train","Dirichlet Tree","dt",3.70541025455287,2.23849223399851
-0.324002282182402,0.265985240794176,"Generated","train","Dirichlet Tree","dt",3.70541025455287,2.23849223399851
0.33149810240656,0.0903377894781316,"Generated","train","Dirichlet Tree","dt",3.70541025455287,2.23849223399851
0.343778604502098,0.077210224919193,"Generated","train","Dirichlet Tree","dt",3.70541025455287,2.23849223399851
0.191645518742428,-0.114633590028993,"Generated","train","Dirichlet Tree","dt",3.70541025455287,2.23849223399851
0.40798726517568,0.144852534120773,"Generated","train","Dirichlet Tree","dt",3.70541025455287,2.23849223399851
0.355588403440715,0.15882250077059,"Generated","train","Dirichlet Tree","dt",3.70541025455287,2.23849223399851
-0.575245604442313,0.445948058599004,"Generated","train","Dirichlet Tree","dt",3.70541025455287,2.23849223399851
0.516251602491208,0.0524104186248478,"Generated","train","Dirichlet Tree","dt",3.70541025455287,2.23849223399851
0.504528712819287,0.0942743953319788,"Generated","train","Dirichlet Tree","dt",3.70541025455287,2.23849223399851
0.447564154071955,0.21578408546537,"Generated","train","Dirichlet Tree","dt",3.70541025455287,2.23849223399851
0.046009458071459,0.259691846457832,"Generated","train","Dirichlet Tree","dt",3.70541025455287,2.23849223399851
0.345170109322318,0.0566346053669111,"Generated","train","Dirichlet Tree","dt",3.70541025455287,2.23849223399851
0.491247643281309,0.179753336826548,"Generated","train","Dirichlet Tree","dt",3.70541025455287,2.23849223399851
-0.344943782611325,0.368831523694116,"Generated","train","Dirichlet Tree","dt",3.70541025455287,2.23849223399851
-0.589351965867793,0.471963801949225,"Generated","train","Dirichlet Tree","dt",3.70541025455287,2.23849223399851
0.292604914456274,0.0255037455828871,"Generated","train","Dirichlet Tree","dt",3.70541025455287,2.23849223399851
0.298018731909516,-0.0675427847679483,"Generated","train","Dirichlet Tree","dt",3.70541025455287,2.23849223399851
0.262705830274452,0.0672772715501322,"Generated","train","Dirichlet Tree","dt",3.70541025455287,2.23849223399851
0.224506751034249,0.152244593896553,"Generated","train","Dirichlet Tree","dt",3.70541025455287,2.23849223399851
0.38680613402889,0.198172941316938,"Generated","train","Dirichlet Tree","dt",3.70541025455287,2.23849223399851
0.402171314613155,0.0569913826766346,"Generated","train","Dirichlet Tree","dt",3.70541025455287,2.23849223399851
0.34448408844144,0.130692086217832,"Generated","train","Dirichlet Tree","dt",3.70541025455287,2.23849223399851
0.168426262942428,-0.402567304913737,"Generated","train","Dirichlet Tree","dt",3.70541025455287,2.23849223399851
0.49171914604939,0.105698195493783,"Generated","train","Dirichlet Tree","dt",3.70541025455287,2.23849223399851
0.182117772289915,-0.526220017394874,"Generated","train","Dirichlet Tree","dt",3.70541025455287,2.23849223399851
0.508192087605419,0.130585155604948,"Generated","train","Dirichlet Tree","dt",3.70541025455287,2.23849223399851
-0.193024589157435,0.179650307935777,"Generated","train","Dirichlet Tree","dt",3.70541025455287,2.23849223399851
0.253304880704475,-0.113368713373233,"Generated","train","Dirichlet Tree","dt",3.70541025455287,2.23849223399851
-0.420978039808696,0.448493251832835,"Generated","train","Dirichlet Tree","dt",3.70541025455287,2.23849223399851
0.249338983864119,-0.168679792489767,"Generated","train","Dirichlet Tree","dt",3.70541025455287,2.23849223399851
0.426939085595755,0.0724932218808949,"Generated","train","Dirichlet Tree","dt",3.70541025455287,2.23849223399851
0.291614151750693,0.103692402677985,"Generated","train","Dirichlet Tree","dt",3.70541025455287,2.23849223399851
0.405702494125936,0.189840161798201,"Generated","train","Dirichlet Tree","dt",3.70541025455287,2.23849223399851
-0.399934609040011,0.535194781325464,"Generated","train","Dirichlet Tree","dt",3.70541025455287,2.23849223399851
0.392302280459196,0.199905926566649,"Generated","train","Dirichlet Tree","dt",3.70541025455287,2.23849223399851
0.237055186326615,-0.0130214355249195,"Generated","train","Dirichlet Tree","dt",3.70541025455287,2.23849223399851
0.363968416638145,0.106741220200026,"Generated","train","Dirichlet Tree","dt",3.70541025455287,2.23849223399851
-0.744033634576045,0.697506222313145,"Generated","train","Dirichlet Tree","dt",3.70541025455287,2.23849223399851
0.433679553746642,0.0718653866737735,"Generated","train","Dirichlet Tree","dt",3.70541025455287,2.23849223399851
0.352092544859867,-0.0681929240676891,"Generated","train","Dirichlet Tree","dt",3.70541025455287,2.23849223399851
-0.0898401846694862,0.279369702076762,"Generated","train","Dirichlet Tree","dt",3.70541025455287,2.23849223399851
0.133764200597887,-0.531510140040889,"Generated","train","Dirichlet Tree","dt",3.70541025455287,2.23849223399851
0.44937007702661,0.00227731550040699,"Generated","train","Dirichlet Tree","dt",3.70541025455287,2.23849223399851
0.42343318705997,0.0625228548589232,"Generated","train","Dirichlet Tree","dt",3.70541025455287,2.23849223399851
0.154602809851737,-0.499058677334349,"Generated","train","Dirichlet Tree","dt",3.70541025455287,2.23849223399851
0.453557405744895,0.0488711293802902,"Generated","train","Dirichlet Tree","dt",3.70541025455287,2.23849223399851
0.576993170673222,0.174889783705608,"Generated","train","Dirichlet Tree","dt",3.70541025455287,2.23849223399851
0.371431174080927,0.0542214646022413,"Generated","train","Dirichlet Tree","dt",3.70541025455287,2.23849223399851
0.326762475386349,-0.0216274101032785,"Generated","train","Dirichlet Tree","dt",3.70541025455287,2.23849223399851
0.432857872627385,0.122108707472215,"Generated","train","Dirichlet Tree","dt",3.70541025455287,2.23849223399851
0.291936696766716,-0.448458620939208,"Generated","train","Dirichlet Tree","dt",3.70541025455287,2.23849223399851
0.272460444519418,0.169179556982068,"Generated","train","Dirichlet Tree","dt",3.70541025455287,2.23849223399851
0.374867066104233,0.202012443765019,"Generated","train","Dirichlet Tree","dt",3.70541025455287,2.23849223399851
0.447731983509007,0.251101972812871,"Generated","train","Dirichlet Tree","dt",3.70541025455287,2.23849223399851
0.508873340611095,0.106504466747209,"Generated","train","Dirichlet Tree","dt",3.70541025455287,2.23849223399851
0.389518120913622,0.206850557219592,"Generated","train","Dirichlet Tree","dt",3.70541025455287,2.23849223399851
0.471750380851102,0.179339919525488,"Generated","train","Dirichlet Tree","dt",3.70541025455287,2.23849223399851
0.360788784158362,0.251215319877778,"Generated","train","Dirichlet Tree","dt",3.70541025455287,2.23849223399851
0.346492866103256,0.0981574401110122,"Generated","train","Dirichlet Tree","dt",3.70541025455287,2.23849223399851
0.313819314799243,0.112848768569974,"Generated","train","Dirichlet Tree","dt",3.70541025455287,2.23849223399851
0.348682266764998,0.0998628791065855,"Generated","train","Dirichlet Tree","dt",3.70541025455287,2.23849223399851
0.154331418690172,-0.598734888194627,"Generated","train","Dirichlet Tree","dt",3.70541025455287,2.23849223399851
0.261443500789779,-0.375102771356111,"Generated","train","Dirichlet Tree","dt",3.70541025455287,2.23849223399851
0.475412896149358,0.0431935693022238,"Generated","train","Dirichlet Tree","dt",3.70541025455287,2.23849223399851
0.409672890438145,0.0101280264965173,"Generated","train","Dirichlet Tree","dt",3.70541025455287,2.23849223399851
0.262578950337608,0.030352388488667,"Generated","train","Dirichlet Tree","dt",3.70541025455287,2.23849223399851
-0.0230311243611838,0.338444142293582,"Generated","train","Dirichlet Tree","dt",3.70541025455287,2.23849223399851
0.397544058346999,0.205900804011057,"Generated","train","Dirichlet Tree","dt",3.70541025455287,2.23849223399851
0.385035596001562,0.106016205696236,"Generated","train","Dirichlet Tree","dt",3.70541025455287,2.23849223399851
0.29328983373417,0.00627383955365815,"Generated","train","Dirichlet Tree","dt",3.70541025455287,2.23849223399851
0.292181725367175,0.147127999925018,"Generated","train","Dirichlet Tree","dt",3.70541025455287,2.23849223399851
0.467666538558723,0.203270789973028,"Generated","train","Dirichlet Tree","dt",3.70541025455287,2.23849223399851
-0.217744423186718,0.307654177887365,"Generated","train","Dirichlet Tree","dt",3.70541025455287,2.23849223399851
0.324477132992501,0.214807949614064,"Generated","train","Dirichlet Tree","dt",3.70541025455287,2.23849223399851
-0.680862047895822,0.721561488843063,"Generated","train","Dirichlet Tree","dt",3.70541025455287,2.23849223399851
0.433741283081025,0.116860657018442,"Generated","train","Dirichlet Tree","dt",3.70541025455287,2.23849223399851
0.37103573478888,0.0386739364875763,"Generated","train","Dirichlet Tree","dt",3.70541025455287,2.23849223399851
0.418826256205593,0.162118424769665,"Generated","train","Dirichlet Tree","dt",3.70541025455287,2.23849223399851
0.302717642796855,0.0795561574474207,"Generated","train","Dirichlet Tree","dt",3.70541025455287,2.23849223399851
0.4881114038738,0.120895732103658,"Generated","train","Dirichlet Tree","dt",3.70541025455287,2.23849223399851
0.352246217793143,0.100063311645495,"Generated","train","Dirichlet Tree","dt",3.70541025455287,2.23849223399851
0.453066377930426,0.0460124183044765,"Generated","train","Dirichlet Tree","dt",3.70541025455287,2.23849223399851
0.228191769397673,-0.103580493873216,"Generated","train","Dirichlet Tree","dt",3.70541025455287,2.23849223399851
0.346872082566245,0.150835415402556,"Generated","train","Dirichlet Tree","dt",3.70541025455287,2.23849223399851
-0.629128490459663,0.522252029614178,"Generated","train","Dirichlet Tree","dt",3.70541025455287,2.23849223399851
0.386929951124822,0.10608249016938,"Generated","train","Dirichlet Tree","dt",3.70541025455287,2.23849223399851
0.446408246208755,0.0681571544188359,"Generated","train","Dirichlet Tree","dt",3.70541025455287,2.23849223399851
0.413081385548113,0.181148839667034,"Generated","train","Dirichlet Tree","dt",3.70541025455287,2.23849223399851
0.451986198684211,0.176907622623536,"Generated","train","Dirichlet Tree","dt",3.70541025455287,2.23849223399851
-0.511872886561325,0.645176425380308,"Generated","train","Dirichlet Tree","dt",3.70541025455287,2.23849223399851
0.271552014496753,0.0350491065176473,"Generated","train","Dirichlet Tree","dt",3.70541025455287,2.23849223399851
-0.73808909003547,0.815998378947964,"Generated","train","Dirichlet Tree","dt",3.70541025455287,2.23849223399851
0.0413714753438731,0.263695332229214,"Generated","train","Dirichlet Tree","dt",3.70541025455287,2.23849223399851
0.203794525948212,0.205240079478397,"Generated","train","Dirichlet Tree","dt",3.70541025455287,2.23849223399851
0.396444575011093,0.247137170369186,"Generated","train","Dirichlet Tree","dt",3.70541025455287,2.23849223399851
0.190287423945527,-0.554103811750134,"Generated","train","Dirichlet Tree","dt",3.70541025455287,2.23849223399851
0.235047967552864,-0.405063738408845,"Generated","train","Dirichlet Tree","dt",3.70541025455287,2.23849223399851
0.392962655664466,0.134479384260068,"Generated","train","Dirichlet Tree","dt",3.70541025455287,2.23849223399851
0.292761529832719,0.210441152056124,"Generated","train","Dirichlet Tree","dt",3.70541025455287,2.23849223399851
-0.457472212845684,0.6001588492155,"Generated","train","Dirichlet Tree","dt",3.70541025455287,2.23849223399851
0.445840070704428,0.211581804463936,"Generated","train","Dirichlet Tree","dt",3.70541025455287,2.23849223399851
0.536618379740896,0.173979185844484,"Generated","train","Dirichlet Tree","dt",3.70541025455287,2.23849223399851
0.447002650711131,0.156994222671823,"Generated","train","Dirichlet Tree","dt",3.70541025455287,2.23849223399851
0.157647235432687,0.220993295881432,"Generated","train","Dirichlet Tree","dt",3.70541025455287,2.23849223399851
0.406750386302776,0.202284502348853,"Generated","train","Dirichlet Tree","dt",3.70541025455287,2.23849223399851
0.364168973386303,-0.0366958279834511,"Generated","train","Dirichlet Tree","dt",3.70541025455287,2.23849223399851
0.491374671323606,0.246450774033911,"Generated","train","Dirichlet Tree","dt",3.70541025455287,2.23849223399851
-0.331859649333598,0.277207539261587,"Generated","train","Dirichlet Tree","dt",3.70541025455287,2.23849223399851
-0.254192152608823,0.318154295448298,"Generated","train","Dirichlet Tree","dt",3.70541025455287,2.23849223399851
0.279777507185054,0.163309702163318,"Generated","train","Dirichlet Tree","dt",3.70541025455287,2.23849223399851
0.55248356352313,0.179243872030698,"Generated","train","Dirichlet Tree","dt",3.70541025455287,2.23849223399851
0.166505065223211,-0.442681787130791,"Generated","train","Dirichlet Tree","dt",3.70541025455287,2.23849223399851
0.283703557861641,-0.00219820611327947,"Generated","train","Dirichlet Tree","dt",3.70541025455287,2.23849223399851
0.448855295081384,0.271991329968024,"Generated","train","Dirichlet Tree","dt",3.70541025455287,2.23849223399851
0.444571951943065,0.201240146672082,"Generated","train","Dirichlet Tree","dt",3.70541025455287,2.23849223399851
-0.592443012625109,0.567269822378383,"Generated","train","Dirichlet Tree","dt",3.70541025455287,2.23849223399851
-0.586304374412604,0.602282753897763,"Generated","train","Dirichlet Tree","dt",3.70541025455287,2.23849223399851
0.409661315883412,0.244783372627759,"Generated","train","Dirichlet Tree","dt",3.70541025455287,2.23849223399851
0.0694942181482669,-0.515154466361903,"Generated","train","Dirichlet Tree","dt",3.70541025455287,2.23849223399851
0.286248481416345,0.174293117505552,"Generated","train","Dirichlet Tree","dt",3.70541025455287,2.23849223399851
-0.485574811279667,0.507581212947072,"Generated","train","Dirichlet Tree","dt",3.70541025455287,2.23849223399851
0.416834832455282,0.128045511318738,"Generated","train","Dirichlet Tree","dt",3.70541025455287,2.23849223399851
0.368546692157469,0.250490409281895,"Generated","train","Dirichlet Tree","dt",3.70541025455287,2.23849223399851
0.387090518082394,-0.0401358186657265,"Generated","train","Dirichlet Tree","dt",3.70541025455287,2.23849223399851
0.454150963559072,0.166443528051528,"Generated","train","Dirichlet Tree","dt",3.70541025455287,2.23849223399851
0.532181227632233,0.161845217002887,"Generated","train","Dirichlet Tree","dt",3.70541025455287,2.23849223399851
0.278546716771989,0.0578602114407735,"Generated","train","Dirichlet Tree","dt",3.70541025455287,2.23849223399851
0.501517244232894,-0.00751223432731253,"Generated","train","Dirichlet Tree","dt",3.70541025455287,2.23849223399851
-0.281001084177417,0.456191436984486,"Generated","train","Dirichlet Tree","dt",3.70541025455287,2.23849223399851
-0.542297187282236,0.487284454699787,"Generated","train","Dirichlet Tree","dt",3.70541025455287,2.23849223399851
-0.559189915747597,0.65168380178776,"Generated","train","Dirichlet Tree","dt",3.70541025455287,2.23849223399851
0.337448250384479,0.181553704776461,"Generated","train","Dirichlet Tree","dt",3.70541025455287,2.23849223399851
0.31169892515246,0.135807594913888,"Generated","train","Dirichlet Tree","dt",3.70541025455287,2.23849223399851
0.513838838950201,0.117825240347891,"Generated","train","Dirichlet Tree","dt",3.70541025455287,2.23849223399851
0.0624628994872471,0.221581996672827,"Generated","train","Dirichlet Tree","dt",3.70541025455287,2.23849223399851
0.49760731933948,0.190288740090065,"Generated","train","Dirichlet Tree","dt",3.70541025455287,2.23849223399851
-0.698104276551713,0.773595814581277,"Generated","train","Dirichlet Tree","dt",3.70541025455287,2.23849223399851
0.0759288350689237,-0.62768788768173,"Generated","train","Dirichlet Tree","dt",3.70541025455287,2.23849223399851
0.112601049561595,0.249675284613798,"Generated","train","Dirichlet Tree","dt",3.70541025455287,2.23849223399851
0.167699066161846,-0.38223050109608,"Generated","train","Dirichlet Tree","dt",3.70541025455287,2.23849223399851
0.327748309840756,-0.0151740722644992,"Generated","train","Dirichlet Tree","dt",3.70541025455287,2.23849223399851
0.325187836862218,0.174049739811357,"Generated","train","Dirichlet Tree","dt",3.70541025455287,2.23849223399851
0.118311565351579,-0.568166051388484,"Generated","train","Dirichlet Tree","dt",3.70541025455287,2.23849223399851
0.319387363089701,0.141081426765588,"Generated","train","Dirichlet Tree","dt",3.70541025455287,2.23849223399851
0.409500835346701,0.161115453243154,"Generated","train","Dirichlet Tree","dt",3.70541025455287,2.23849223399851
-0.505132531826598,0.619482980421176,"Generated","train","Dirichlet Tree","dt",3.70541025455287,2.23849223399851
-0.682324189285311,0.805314746378081,"Generated","train","Dirichlet Tree","dt",3.70541025455287,2.23849223399851
0.518951143656255,0.13163474861177,"Generated","train","Dirichlet Tree","dt",3.70541025455287,2.23849223399851
0.19064495493733,0.230644210856415,"Generated","train","Dirichlet Tree","dt",3.70541025455287,2.23849223399851
0.499165079764378,0.10248583507638,"Generated","train","Dirichlet Tree","dt",3.70541025455287,2.23849223399851
0.223597463290731,-0.00207613971738076,"Generated","train","Dirichlet Tree","dt",3.70541025455287,2.23849223399851
0.294133172932432,-0.058126015956522,"Generated","train","Dirichlet Tree","dt",3.70541025455287,2.23849223399851
0.50682199438522,0.191802643991551,"Generated","train","Dirichlet Tree","dt",3.70541025455287,2.23849223399851
0.080302399846871,-0.586071574630709,"Generated","train","Dirichlet Tree","dt",3.70541025455287,2.23849223399851
0.28877742853346,0.060545139459804,"Generated","train","Dirichlet Tree","dt",3.70541025455287,2.23849223399851
-0.00161335580291914,0.324486467396461,"Generated","train","Dirichlet Tree","dt",3.70541025455287,2.23849223399851
0.391486837177123,0.102772129287076,"Generated","train","Dirichlet Tree","dt",3.70541025455287,2.23849223399851
0.0506905349957751,0.258958314407491,"Generated","train","Dirichlet Tree","dt",3.70541025455287,2.23849223399851
0.0579361592627044,-0.600482338165191,"Generated","train","Dirichlet Tree","dt",3.70541025455287,2.23849223399851
0.522819372479741,0.0400193747220184,"Generated","train","Dirichlet Tree","dt",3.70541025455287,2.23849223399851
0.427761342612877,0.355156099919448,"Generated","train","Dirichlet Tree","dt",3.70541025455287,2.23849223399851
0.353011072269176,0.0586795336992896,"Generated","train","Dirichlet Tree","dt",3.70541025455287,2.23849223399851
0.459037711585409,0.166097580269246,"Generated","train","Dirichlet Tree","dt",3.70541025455287,2.23849223399851
-0.434687212544275,0.331130120830682,"Generated","train","Dirichlet Tree","dt",3.70541025455287,2.23849223399851
0.13991814806042,-0.598382406935742,"Generated","train","Dirichlet Tree","dt",3.70541025455287,2.23849223399851
0.427872081154055,0.176553829919647,"Generated","train","Dirichlet Tree","dt",3.70541025455287,2.23849223399851
-0.236570237974095,0.475134965502248,"Generated","train","Dirichlet Tree","dt",3.70541025455287,2.23849223399851
0.311524159377396,0.104367040439221,"Generated","train","Dirichlet Tree","dt",3.70541025455287,2.23849223399851
0.490283663666681,0.248372127566797,"Generated","train","Dirichlet Tree","dt",3.70541025455287,2.23849223399851
0.179405592798308,-0.116671644011339,"Generated","train","Dirichlet Tree","dt",3.70541025455287,2.23849223399851
0.509253863700594,0.159092864585194,"Generated","train","Dirichlet Tree","dt",3.70541025455287,2.23849223399851
0.271229756595255,0.070156487474251,"Generated","train","Dirichlet Tree","dt",3.70541025455287,2.23849223399851
0.0949306056696126,0.266199736047353,"Generated","train","Dirichlet Tree","dt",3.70541025455287,2.23849223399851
0.360266736365729,0.124134736602315,"Generated","train","Dirichlet Tree","dt",3.70541025455287,2.23849223399851
0.0755042297816883,0.220963929465627,"Generated","train","Dirichlet Tree","dt",3.70541025455287,2.23849223399851
0.385821574476928,-0.0664205941957764,"Generated","train","Dirichlet Tree","dt",3.70541025455287,2.23849223399851
0.332089039364578,0.0460944595114819,"Generated","train","Dirichlet Tree","dt",3.70541025455287,2.23849223399851
-0.129788037817436,0.339408474390741,"Generated","train","Dirichlet Tree","dt",3.70541025455287,2.23849223399851
0.275098849851099,0.0350620486316778,"Generated","train","Dirichlet Tree","dt",3.70541025455287,2.23849223399851
0.513058914974897,0.254279658118805,"Generated","train","Dirichlet Tree","dt",3.70541025455287,2.23849223399851
0.355161285702688,0.155142785975551,"Generated","train","Dirichlet Tree","dt",3.70541025455287,2.23849223399851
0.460164869738221,0.239292687193288,"Generated","train","Dirichlet Tree","dt",3.70541025455287,2.23849223399851
0.546311315821312,0.11480304409222,"Generated","train","Dirichlet Tree","dt",3.70541025455287,2.23849223399851
0.438677018498913,0.263858441178444,"Generated","train","Dirichlet Tree","dt",3.70541025455287,2.23849223399851
0.416268145981547,0.247491825677328,"Generated","train","Dirichlet Tree","dt",3.70541025455287,2.23849223399851
0.312575284601449,0.149936684530881,"Generated","train","Dirichlet Tree","dt",3.70541025455287,2.23849223399851
-0.175108773875896,0.235449240938421,"Generated","train","Dirichlet Tree","dt",3.70541025455287,2.23849223399851
-0.123729026673287,0.389403156289533,"Generated","train","Dirichlet Tree","dt",3.70541025455287,2.23849223399851
0.33484354822338,0.133239300202919,"Generated","train","Dirichlet Tree","dt",3.70541025455287,2.23849223399851
0.460975717091706,0.095390807366847,"Generated","train","Dirichlet Tree","dt",3.70541025455287,2.23849223399851
0.298533482844042,0.136718968042391,"Generated","train","Dirichlet Tree","dt",3.70541025455287,2.23849223399851
0.514242719815437,0.161438268054766,"Generated","train","Dirichlet Tree","dt",3.70541025455287,2.23849223399851
-0.376185736847507,0.453225873198158,"Generated","train","Dirichlet Tree","dt",3.70541025455287,2.23849223399851
0.346869450005153,0.196925052813428,"Generated","train","Dirichlet Tree","dt",3.70541025455287,2.23849223399851
-0.0993339890845148,0.356302324971535,"Generated","train","Dirichlet Tree","dt",3.70541025455287,2.23849223399851
0.554762578923067,0.225537279376606,"Generated","train","Dirichlet Tree","dt",3.70541025455287,2.23849223399851
0.141110733906166,0.204442454189608,"Generated","train","Dirichlet Tree","dt",3.70541025455287,2.23849223399851
0.342428176432748,0.171183594849015,"Generated","train","Dirichlet Tree","dt",3.70541025455287,2.23849223399851
0.179040718128324,-0.546647808859401,"Generated","train","Dirichlet Tree","dt",3.70541025455287,2.23849223399851
0.23882710489044,-0.546722306753199,"Generated","train","Dirichlet Tree","dt",3.70541025455287,2.23849223399851
0.39914660530253,0.205370875873765,"Generated","train","Dirichlet Tree","dt",3.70541025455287,2.23849223399851
0.412125949096097,0.191755130701538,"Generated","train","Dirichlet Tree","dt",3.70541025455287,2.23849223399851
0.414665128182794,0.297687254114454,"Generated","train","Dirichlet Tree","dt",3.70541025455287,2.23849223399851
0.404161857031364,0.20972835557944,"Generated","train","Dirichlet Tree","dt",3.70541025455287,2.23849223399851
0.0382816749986068,0.197206719334724,"Generated","train","Dirichlet Tree","dt",3.70541025455287,2.23849223399851
-0.29197343953847,0.19030563886215,"Generated","train","Dirichlet Tree","dt",3.70541025455287,2.23849223399851
0.424961075803715,0.154731505399726,"Generated","train","Dirichlet Tree","dt",3.70541025455287,2.23849223399851
0.5719520533341,0.0489168811724391,"Generated","train","Dirichlet Tree","dt",3.70541025455287,2.23849223399851
0.488845857436718,0.254820969314484,"Generated","train","Dirichlet Tree","dt",3.70541025455287,2.23849223399851
0.410690629520148,0.117398485446568,"Generated","train","Dirichlet Tree","dt",3.70541025455287,2.23849223399851
-0.597414567394117,0.731755423937642,"Generated","train","Dirichlet Tree","dt",3.70541025455287,2.23849223399851
-0.672749445258519,0.741025268335968,"Generated","train","Dirichlet Tree","dt",3.70541025455287,2.23849223399851
0.295672813376195,0.122003346874212,"Generated","train","Dirichlet Tree","dt",3.70541025455287,2.23849223399851
0.370006116746431,0.238027612081927,"Generated","train","Dirichlet Tree","dt",3.70541025455287,2.23849223399851
0.498071731821942,0.151888207356513,"Generated","train","Dirichlet Tree","dt",3.70541025455287,2.23849223399851
0.317111010619136,0.10472731535755,"Generated","train","Dirichlet Tree","dt",3.70541025455287,2.23849223399851
0.318706544910714,0.211496756372364,"Generated","train","Dirichlet Tree","dt",3.70541025455287,2.23849223399851
0.153867123482558,-0.530857822132683,"Generated","train","Dirichlet Tree","dt",3.70541025455287,2.23849223399851
0.462183491653268,0.0539184363603856,"Generated","train","Dirichlet Tree","dt",3.70541025455287,2.23849223399851
0.473099979210463,0.0385423646217018,"Generated","train","Dirichlet Tree","dt",3.70541025455287,2.23849223399851
0.418567691700608,0.0729129517723727,"Generated","train","Dirichlet Tree","dt",3.70541025455287,2.23849223399851
0.314884026693058,0.173590714695933,"Generated","train","Dirichlet Tree","dt",3.70541025455287,2.23849223399851
0.199870716202279,-0.513532121006426,"Generated","train","Dirichlet Tree","dt",3.70541025455287,2.23849223399851
0.279427914772017,0.0171990542723182,"Generated","train","Dirichlet Tree","dt",3.70541025455287,2.23849223399851
0.0481194220961516,0.145766566802548,"Generated","train","Dirichlet Tree","dt",3.70541025455287,2.23849223399851
0.389959755087612,0.147554411095865,"Generated","train","Dirichlet Tree","dt",3.70541025455287,2.23849223399851
0.242647441964002,0.202607088211915,"Generated","train","Dirichlet Tree","dt",3.70541025455287,2.23849223399851
0.164968375921991,-0.0829518516982864,"Generated","train","Dirichlet Tree","dt",3.70541025455287,2.23849223399851
0.346892651492074,0.295825900560072,"Generated","train","Dirichlet Tree","dt",3.70541025455287,2.23849223399851
0.408233112788535,0.113562025912561,"Generated","train","Dirichlet Tree","dt",3.70541025455287,2.23849223399851
0.407747888116,0.155512748265146,"Generated","train","Dirichlet Tree","dt",3.70541025455287,2.23849223399851
0.458168353913873,0.221717958210305,"Generated","train","Dirichlet Tree","dt",3.70541025455287,2.23849223399851
-0.50371401328272,0.501397350486587,"Generated","train","Dirichlet Tree","dt",3.70541025455287,2.23849223399851
0.386593257057501,0.171212278701341,"Generated","train","Dirichlet Tree","dt",3.70541025455287,2.23849223399851
0.0688470296670378,-0.685159360750373,"Generated","train","Dirichlet Tree","dt",3.70541025455287,2.23849223399851
0.215784353708135,0.145672604948751,"Generated","train","Dirichlet Tree","dt",3.70541025455287,2.23849223399851
-0.598763362136574,0.57721106014509,"Generated","train","Dirichlet Tree","dt",3.70541025455287,2.23849223399851
0.334670311034051,0.180640002238799,"Generated","train","Dirichlet Tree","dt",3.70541025455287,2.23849223399851
0.506969407302873,0.0995551379141357,"Generated","train","Dirichlet Tree","dt",3.70541025455287,2.23849223399851
0.478337790337718,0.21464499768539,"Generated","train","Dirichlet Tree","dt",3.70541025455287,2.23849223399851
-0.634346019427084,0.714134690675465,"Generated","train","Dirichlet Tree","dt",3.70541025455287,2.23849223399851
0.40684121627135,0.248277156677214,"Generated","train","Dirichlet Tree","dt",3.70541025455287,2.23849223399851
0.332113525253825,0.186529045535543,"Generated","train","Dirichlet Tree","dt",3.70541025455287,2.23849223399851
0.494249405929904,0.140704907644409,"Generated","train","Dirichlet Tree","dt",3.70541025455287,2.23849223399851
0.407080681974508,-0.00215399908653389,"Generated","train","Dirichlet Tree","dt",3.70541025455287,2.23849223399851
0.239646888371086,-0.498756911994845,"Generated","train","Dirichlet Tree","dt",3.70541025455287,2.23849223399851
0.478511062116292,0.131903906777705,"Generated","train","Dirichlet Tree","dt",3.70541025455287,2.23849223399851
0.354093046319756,0.0796496353406943,"Generated","train","Dirichlet Tree","dt",3.70541025455287,2.23849223399851
0.445027799742564,0.153618869757882,"Generated","train","Dirichlet Tree","dt",3.70541025455287,2.23849223399851
0.34651372564756,0.150333689855103,"Generated","train","Dirichlet Tree","dt",3.70541025455287,2.23849223399851
0.319660743630362,0.158863826015848,"Generated","train","Dirichlet Tree","dt",3.70541025455287,2.23849223399851
-0.233908717688496,0.445030571390236,"Generated","train","Dirichlet Tree","dt",3.70541025455287,2.23849223399851
-0.709537454023573,0.812811818091487,"Generated","train","Dirichlet Tree","dt",3.70541025455287,2.23849223399851
-0.0469589519863043,0.357519686595815,"Generated","train","Dirichlet Tree","dt",3.70541025455287,2.23849223399851
0.376082710528743,0.160798689982808,"Generated","train","Dirichlet Tree","dt",3.70541025455287,2.23849223399851
0.47862612756818,-0.0239602312438489,"Generated","train","Dirichlet Tree","dt",3.70541025455287,2.23849223399851
-0.280332652558127,0.442447936542937,"Generated","train","Dirichlet Tree","dt",3.70541025455287,2.23849223399851
0.207389370924692,-0.048123891049329,"Generated","train","Dirichlet Tree","dt",3.70541025455287,2.23849223399851
0.222264678833488,-0.344322205302472,"Generated","train","Dirichlet Tree","dt",3.70541025455287,2.23849223399851
0.280205960710345,0.0910372144580336,"Generated","train","Dirichlet Tree","dt",3.70541025455287,2.23849223399851
0.199281564508723,0.198640119616141,"Generated","train","Dirichlet Tree","dt",3.70541025455287,2.23849223399851
0.514805513120576,0.256408965731361,"Generated","train","Dirichlet Tree","dt",3.70541025455287,2.23849223399851
0.378014021859645,0.131456687290067,"Generated","train","Dirichlet Tree","dt",3.70541025455287,2.23849223399851
0.610344362662782,0.260999062754882,"Generated","train","Dirichlet Tree","dt",3.70541025455287,2.23849223399851
-0.556229130077745,0.520589447153688,"Generated","train","Dirichlet Tree","dt",3.70541025455287,2.23849223399851
0.431643291558799,0.203167236060351,"Generated","train","Dirichlet Tree","dt",3.70541025455287,2.23849223399851
0.20167350098377,-0.348650365595059,"Generated","train","Dirichlet Tree","dt",3.70541025455287,2.23849223399851
0.214365433022222,-0.0483191020168103,"Generated","train","Dirichlet Tree","dt",3.70541025455287,2.23849223399851
0.33475567269888,0.0653530471371073,"Generated","train","Dirichlet Tree","dt",3.70541025455287,2.23849223399851
0.55127410152326,0.173354406975855,"Generated","train","Dirichlet Tree","dt",3.70541025455287,2.23849223399851
0.101343559571393,-0.572373425158805,"Generated","train","Dirichlet Tree","dt",3.70541025455287,2.23849223399851
0.41310123305985,0.188211111637652,"Generated","train","Dirichlet Tree","dt",3.70541025455287,2.23849223399851
-0.545226894357807,0.631479200518849,"Generated","train","Dirichlet Tree","dt",3.70541025455287,2.23849223399851
0.244831639479664,0.112050075191646,"Generated","train","Dirichlet Tree","dt",3.70541025455287,2.23849223399851
0.325008022273303,0.102281196074161,"Generated","train","Dirichlet Tree","dt",3.70541025455287,2.23849223399851
0.118024706492056,0.219825694447924,"Generated","train","Dirichlet Tree","dt",3.70541025455287,2.23849223399851
0.192960497492456,-0.0352178022726741,"Generated","train","Dirichlet Tree","dt",3.70541025455287,2.23849223399851
0.292195966357484,0.177008091444266,"Generated","train","Dirichlet Tree","dt",3.70541025455287,2.23849223399851
0.361475417903899,0.224578973159649,"Generated","train","Dirichlet Tree","dt",3.70541025455287,2.23849223399851
0.393200691222644,0.0782600887636787,"Generated","train","Dirichlet Tree","dt",3.70541025455287,2.23849223399851
0.10129165793031,-0.612682045535477,"Generated","train","Dirichlet Tree","dt",3.70541025455287,2.23849223399851
0.415177205408025,0.267787333730482,"Generated","train","Dirichlet Tree","dt",3.70541025455287,2.23849223399851
0.229204081540839,0.210648321324844,"Generated","train","Dirichlet Tree","dt",3.70541025455287,2.23849223399851
0.370288132104708,0.179552881456168,"Generated","train","Dirichlet Tree","dt",3.70541025455287,2.23849223399851
0.423699192373378,0.194093930743492,"Generated","train","Dirichlet Tree","dt",3.70541025455287,2.23849223399851
-0.270804282252385,0.543367494281092,"Generated","train","Dirichlet Tree","dt",3.70541025455287,2.23849223399851
0.470037653659028,0.0611275902595758,"Generated","train","Dirichlet Tree","dt",3.70541025455287,2.23849223399851
-0.651957255165752,0.664002628525923,"Generated","train","Dirichlet Tree","dt",3.70541025455287,2.23849223399851
0.222009613073456,-0.049105135849448,"Generated","train","Dirichlet Tree","dt",3.70541025455287,2.23849223399851
0.407645015017885,0.0850698209364509,"Generated","train","Dirichlet Tree","dt",3.70541025455287,2.23849223399851
0.404720847205912,0.248559085162277,"Generated","train","Dirichlet Tree","dt",3.70541025455287,2.23849223399851
0.334891880698119,0.0531994751305963,"Generated","train","Dirichlet Tree","dt",3.70541025455287,2.23849223399851
0.354340402108953,0.0841122942379351,"Generated","train","Dirichlet Tree","dt",3.70541025455287,2.23849223399851
0.137777091253353,0.261774663013589,"Generated","train","Dirichlet Tree","dt",3.70541025455287,2.23849223399851
0.293570209608998,0.0735017594727981,"Generated","train","Dirichlet Tree","dt",3.70541025455287,2.23849223399851
0.257657878930698,0.0267683476995975,"Generated","train","Dirichlet Tree","dt",3.70541025455287,2.23849223399851
0.170195319555404,0.21477770249725,"Generated","train","Dirichlet Tree","dt",3.70541025455287,2.23849223399851
0.300606496980923,-0.00769910441242335,"Generated","train","Dirichlet Tree","dt",3.70541025455287,2.23849223399851
0.514008396379648,0.178432569613438,"Generated","train","Dirichlet Tree","dt",3.70541025455287,2.23849223399851
-0.16570188221152,0.351573058854185,"Generated","train","Dirichlet Tree","dt",3.70541025455287,2.23849223399851
0.528819665619118,0.14971186089535,"Generated","train","Dirichlet Tree","dt",3.70541025455287,2.23849223399851
0.402834486916767,0.0827620222840018,"Generated","train","Dirichlet Tree","dt",3.70541025455287,2.23849223399851
0.265629976324641,0.0660973501126387,"Generated","train","Dirichlet Tree","dt",3.70541025455287,2.23849223399851
0.269176597629873,-0.223614494501977,"Generated","train","Dirichlet Tree","dt",3.70541025455287,2.23849223399851
0.353973244223026,0.0728541021656451,"Generated","train","Dirichlet Tree","dt",3.70541025455287,2.23849223399851
0.368826995322061,0.136405684421358,"Generated","train","Dirichlet Tree","dt",3.70541025455287,2.23849223399851
0.345659896503443,0.23892976102828,"Generated","train","Dirichlet Tree","dt",3.70541025455287,2.23849223399851
0.348824351882123,0.169677474225746,"Generated","train","Dirichlet Tree","dt",3.70541025455287,2.23849223399851
-0.688876213017802,0.715500556820634,"Generated","train","Dirichlet Tree","dt",3.70541025455287,2.23849223399851
0.201551328526288,0.0747829636568063,"Generated","train","Dirichlet Tree","dt",3.70541025455287,2.23849223399851
0.0925926464545641,-0.554575983852822,"Generated","train","Dirichlet Tree","dt",3.70541025455287,2.23849223399851
0.410775046783439,0.078667473289952,"Generated","train","Dirichlet Tree","dt",3.70541025455287,2.23849223399851
-0.732497198301052,0.78122643687548,"Generated","train","Dirichlet Tree","dt",3.70541025455287,2.23849223399851
-0.185409863807457,0.416971441577572,"Generated","train","Dirichlet Tree","dt",3.70541025455287,2.23849223399851
0.289661704392994,-0.0186131763019283,"Generated","train","Dirichlet Tree","dt",3.70541025455287,2.23849223399851
0.265159808316118,-0.462443629211982,"Generated","train","Dirichlet Tree","dt",3.70541025455287,2.23849223399851
0.289629812574844,0.0996057022328931,"Generated","train","Dirichlet Tree","dt",3.70541025455287,2.23849223399851
0.32018078189137,0.119615558683177,"Generated","train","Dirichlet Tree","dt",3.70541025455287,2.23849223399851
-0.584134189368572,0.83630930790889,"Generated","train","Dirichlet Tree","dt",3.70541025455287,2.23849223399851
0.29558447848878,0.225456661398559,"Generated","train","Dirichlet Tree","dt",3.70541025455287,2.23849223399851
0.437354860615071,0.170234430066291,"Generated","train","Dirichlet Tree","dt",3.70541025455287,2.23849223399851
0.418333158189624,0.122197501233431,"Generated","train","Dirichlet Tree","dt",3.70541025455287,2.23849223399851
0.126075834929865,-0.221420405298585,"Generated","train","Dirichlet Tree","dt",3.70541025455287,2.23849223399851
0.48453254313306,0.0797126949745361,"Generated","train","Dirichlet Tree","dt",3.70541025455287,2.23849223399851
0.547359459269834,0.230096412742983,"Generated","train","Dirichlet Tree","dt",3.70541025455287,2.23849223399851
0.47666907950982,0.138588025147702,"Generated","train","Dirichlet Tree","dt",3.70541025455287,2.23849223399851
0.382655227458721,0.259511268749036,"Generated","train","Dirichlet Tree","dt",3.70541025455287,2.23849223399851
0.106970630838114,-0.629655966533909,"Generated","train","Dirichlet Tree","dt",3.70541025455287,2.23849223399851
0.347990341051535,0.233223566669048,"Generated","train","Dirichlet Tree","dt",3.70541025455287,2.23849223399851
0.348874316815267,-0.0128768740953413,"Generated","train","Dirichlet Tree","dt",3.70541025455287,2.23849223399851
0.475620500242647,0.023165194735248,"Generated","train","Dirichlet Tree","dt",3.70541025455287,2.23849223399851
-0.632084963684832,0.725859133778503,"Generated","train","Dirichlet Tree","dt",3.70541025455287,2.23849223399851
0.396952801912081,0.176310061916582,"Generated","train","Dirichlet Tree","dt",3.70541025455287,2.23849223399851
-0.36593229623915,0.441461136701556,"Generated","train","Dirichlet Tree","dt",3.70541025455287,2.23849223399851
0.39247874728841,0.0596895958220231,"Generated","train","Dirichlet Tree","dt",3.70541025455287,2.23849223399851
0.300185454692318,0.158847331896931,"Generated","train","Dirichlet Tree","dt",3.70541025455287,2.23849223399851
0.492017902122872,0.187712188130055,"Generated","train","Dirichlet Tree","dt",3.70541025455287,2.23849223399851
0.288418738642815,0.0312439044971241,"Generated","train","Dirichlet Tree","dt",3.70541025455287,2.23849223399851
-0.239993678645195,0.399043197942655,"Generated","train","Dirichlet Tree","dt",3.70541025455287,2.23849223399851
0.558270999051518,0.223951423368668,"Generated","train","Dirichlet Tree","dt",3.70541025455287,2.23849223399851
0.27313647552529,-0.365579939957892,"Generated","train","Dirichlet Tree","dt",3.70541025455287,2.23849223399851
0.4626896955182,0.162838756451053,"Generated","train","Dirichlet Tree","dt",3.70541025455287,2.23849223399851
0.287325179079773,0.0586735050306469,"Generated","train","Dirichlet Tree","dt",3.70541025455287,2.23849223399851
0.341102592885906,0.0616335150956762,"Generated","train","Dirichlet Tree","dt",3.70541025455287,2.23849223399851
0.222714299616916,0.118087300715515,"Generated","train","Dirichlet Tree","dt",3.70541025455287,2.23849223399851
0.51611537718827,0.292471838583634,"Generated","train","Dirichlet Tree","dt",3.70541025455287,2.23849223399851
0.464154896491249,0.214841791881553,"Generated","train","Dirichlet Tree","dt",3.70541025455287,2.23849223399851
0.472887928014723,0.115006225479971,"Generated","train","Dirichlet Tree","dt",3.70541025455287,2.23849223399851
0.355862974717853,0.0935153749482053,"Generated","train","Dirichlet Tree","dt",3.70541025455287,2.23849223399851
0.461361522642343,0.169926017288148,"Generated","train","Dirichlet Tree","dt",3.70541025455287,2.23849223399851
0.13271649944707,0.273931072665824,"Generated","train","Dirichlet Tree","dt",3.70541025455287,2.23849223399851
0.327834548506956,-0.290888435701314,"Generated","train","Dirichlet Tree","dt",3.70541025455287,2.23849223399851
0.413238229634326,0.339456178918797,"Generated","train","Dirichlet Tree","dt",3.70541025455287,2.23849223399851
0.38748408296837,0.0172729445302568,"Generated","train","Dirichlet Tree","dt",3.70541025455287,2.23849223399851
0.369927322010922,0.0206470189421735,"Generated","train","Dirichlet Tree","dt",3.70541025455287,2.23849223399851
0.264452503789297,0.322664588248833,"Generated","train","Dirichlet Tree","dt",3.70541025455287,2.23849223399851
-0.473884169002768,0.587711431578518,"Generated","train","Dirichlet Tree","dt",3.70541025455287,2.23849223399851
0.411876724975447,0.0758316589323964,"Generated","train","Dirichlet Tree","dt",3.70541025455287,2.23849223399851
0.108652499142893,-0.543206134736691,"Generated","train","Dirichlet Tree","dt",3.70541025455287,2.23849223399851
0.091712604329024,0.291485543680761,"Generated","train","Dirichlet Tree","dt",3.70541025455287,2.23849223399851
-0.639103713232747,0.501878339289963,"Generated","train","Dirichlet Tree","dt",3.70541025455287,2.23849223399851
0.205312406601586,-0.177213608368688,"Generated","train","Dirichlet Tree","dt",3.70541025455287,2.23849223399851
0.470301259661535,0.0832356805010141,"Generated","train","Dirichlet Tree","dt",3.70541025455287,2.23849223399851
-0.221554926281994,0.259904211825407,"Generated","train","Dirichlet Tree","dt",3.70541025455287,2.23849223399851
0.204819600896958,0.259712768774148,"Generated","train","Dirichlet Tree","dt",3.70541025455287,2.23849223399851
0.401398553565943,0.0356991744202834,"Generated","train","Dirichlet Tree","dt",3.70541025455287,2.23849223399851
0.294017753895657,0.352662834709705,"Generated","train","Dirichlet Tree","dt",3.70541025455287,2.23849223399851
0.41302642658346,0.199303365282138,"Generated","train","Dirichlet Tree","dt",3.70541025455287,2.23849223399851
0.419896040955885,0.173638799920523,"Generated","train","Dirichlet Tree","dt",3.70541025455287,2.23849223399851
0.212277364530893,-0.478743809021096,"Generated","train","Dirichlet Tree","dt",3.70541025455287,2.23849223399851
0.159197052446068,-0.502836728550836,"Generated","train","Dirichlet Tree","dt",3.70541025455287,2.23849223399851
-0.174401345829461,0.330216077974529,"Generated","train","Dirichlet Tree","dt",3.70541025455287,2.23849223399851
0.271658049359686,0.232647273122605,"Generated","train","Dirichlet Tree","dt",3.70541025455287,2.23849223399851
0.47788973532064,0.131786983503166,"Generated","train","Dirichlet Tree","dt",3.70541025455287,2.23849223399851
-0.10007802419836,0.215684382772803,"Generated","train","Dirichlet Tree","dt",3.70541025455287,2.23849223399851
0.396390260416483,-0.0393454541309179,"Generated","train","Dirichlet Tree","dt",3.70541025455287,2.23849223399851
0.469725848988359,0.224941536544017,"Generated","train","Dirichlet Tree","dt",3.70541025455287,2.23849223399851
-0.354882194153974,0.371738552467372,"Generated","train","Dirichlet Tree","dt",3.70541025455287,2.23849223399851
0.314264776635698,0.0581490945593028,"Generated","train","Dirichlet Tree","dt",3.70541025455287,2.23849223399851
0.461867611488119,0.200555596781241,"Generated","train","Dirichlet Tree","dt",3.70541025455287,2.23849223399851
0.306671766354399,0.166966871159047,"Generated","train","Dirichlet Tree","dt",3.70541025455287,2.23849223399851
0.160584709163346,0.215060165554248,"Generated","train","Dirichlet Tree","dt",3.70541025455287,2.23849223399851
0.364341405304967,0.0720952429556221,"Generated","train","Dirichlet Tree","dt",3.70541025455287,2.23849223399851
0.456427085736223,0.153165520942232,"Generated","train","Dirichlet Tree","dt",3.70541025455287,2.23849223399851
-0.697456661585662,0.781902170724204,"Generated","train","Dirichlet Tree","dt",3.70541025455287,2.23849223399851
0.418553411708663,0.0613750979139517,"Generated","train","Dirichlet Tree","dt",3.70541025455287,2.23849223399851
0.257635028465294,0.320580707398712,"Generated","train","Dirichlet Tree","dt",3.70541025455287,2.23849223399851
0.340606471206455,0.117143221532836,"Generated","train","Dirichlet Tree","dt",3.70541025455287,2.23849223399851
0.135860098219357,-0.17428055317766,"Generated","train","Dirichlet Tree","dt",3.70541025455287,2.23849223399851
0.449997535797834,0.0330162547462582,"Generated","train","Dirichlet Tree","dt",3.70541025455287,2.23849223399851
-0.670622313756176,0.792566916709141,"Generated","train","Dirichlet Tree","dt",3.70541025455287,2.23849223399851
0.159368366598043,-0.13303472818967,"Generated","train","Dirichlet Tree","dt",3.70541025455287,2.23849223399851
0.511767417810196,0.23058774075786,"Generated","train","Dirichlet Tree","dt",3.70541025455287,2.23849223399851
0.359215283968064,0.12921782484776,"Generated","train","Dirichlet Tree","dt",3.70541025455287,2.23849223399851
0.143237806466989,-0.500478891885426,"Generated","train","Dirichlet Tree","dt",3.70541025455287,2.23849223399851
0.371654080520652,0.0134568129265745,"Generated","train","Dirichlet Tree","dt",3.70541025455287,2.23849223399851
-0.071360919240284,0.26183995800499,"Generated","train","Dirichlet Tree","dt",3.70541025455287,2.23849223399851
0.308003276154826,0.0377149136074443,"Generated","train","Dirichlet Tree","dt",3.70541025455287,2.23849223399851
0.0330603681504446,0.288475656660463,"Generated","train","Dirichlet Tree","dt",3.70541025455287,2.23849223399851
0.262597462650464,-0.311613709940475,"Generated","train","Dirichlet Tree","dt",3.70541025455287,2.23849223399851
-0.171148093379307,0.367935077016325,"Generated","train","Dirichlet Tree","dt",3.70541025455287,2.23849223399851
0.430632146169094,0.229395761359194,"Generated","train","Dirichlet Tree","dt",3.70541025455287,2.23849223399851
0.24417682365666,-0.0144223176325861,"Generated","train","Dirichlet Tree","dt",3.70541025455287,2.23849223399851
-0.51861479128192,0.449228367769901,"Generated","train","Dirichlet Tree","dt",3.70541025455287,2.23849223399851
-0.534234644387853,0.65751209319586,"Generated","train","Dirichlet Tree","dt",3.70541025455287,2.23849223399851
0.540228797024457,0.179778951113693,"Generated","train","Dirichlet Tree","dt",3.70541025455287,2.23849223399851
0.465011120155249,0.207552440254473,"Generated","train","Dirichlet Tree","dt",3.70541025455287,2.23849223399851
-0.145562786837585,0.238726935842085,"Generated","train","Dirichlet Tree","dt",3.70541025455287,2.23849223399851
0.57367691670064,0.195746801904591,"Generated","train","Dirichlet Tree","dt",3.70541025455287,2.23849223399851
0.286978294233192,0.126968153256361,"Generated","train","Dirichlet Tree","dt",3.70541025455287,2.23849223399851
0.250145769141609,0.131719682853416,"Generated","train","Dirichlet Tree","dt",3.70541025455287,2.23849223399851
-0.544683839328451,0.712090588671597,"Generated","train","Dirichlet Tree","dt",3.70541025455287,2.23849223399851
0.241084051856581,0.265088534972969,"Generated","train","Dirichlet Tree","dt",3.70541025455287,2.23849223399851
0.362646342357837,0.216669883579486,"Generated","train","Dirichlet Tree","dt",3.70541025455287,2.23849223399851
0.279632181158753,0.2161625791619,"Generated","train","Dirichlet Tree","dt",3.70541025455287,2.23849223399851
0.232009603069579,0.183233537794716,"Generated","train","Dirichlet Tree","dt",3.70541025455287,2.23849223399851
0.516348603162079,0.168662991561637,"Generated","train","Dirichlet Tree","dt",3.70541025455287,2.23849223399851
0.52640245927432,0.0396685328950087,"Generated","train","Dirichlet Tree","dt",3.70541025455287,2.23849223399851
0.138221785842651,-0.223576168415002,"Generated","train","Dirichlet Tree","dt",3.70541025455287,2.23849223399851
0.32224142719047,-0.0214506455081495,"Generated","train","Dirichlet Tree","dt",3.70541025455287,2.23849223399851
0.20435885908458,-0.0842269221253204,"Generated","train","Dirichlet Tree","dt",3.70541025455287,2.23849223399851
0.166682373701715,-0.103978309192765,"Generated","train","Dirichlet Tree","dt",3.70541025455287,2.23849223399851
-0.746651937637335,0.801919089629148,"Generated","train","Dirichlet Tree","dt",3.70541025455287,2.23849223399851
0.448439867297147,0.0946826225073539,"Generated","train","Dirichlet Tree","dt",3.70541025455287,2.23849223399851
0.202951174708013,-0.31767817131105,"Generated","train","Dirichlet Tree","dt",3.70541025455287,2.23849223399851
0.292286419880303,0.133758409824873,"Generated","train","Dirichlet Tree","dt",3.70541025455287,2.23849223399851
0.180707725342476,-0.0650708244740695,"Generated","train","Dirichlet Tree","dt",3.70541025455287,2.23849223399851
0.173367799420465,0.251986853329621,"Generated","train","Dirichlet Tree","dt",3.70541025455287,2.23849223399851
0.524820206536642,0.167556993382438,"Generated","train","Dirichlet Tree","dt",3.70541025455287,2.23849223399851
0.375631674322158,0.159520605580391,"Generated","train","Dirichlet Tree","dt",3.70541025455287,2.23849223399851
0.417431171094919,0.195591774400135,"Generated","train","Dirichlet Tree","dt",3.70541025455287,2.23849223399851
0.509795634550116,0.117016700408411,"Generated","train","Dirichlet Tree","dt",3.70541025455287,2.23849223399851
0.427127266223005,0.176962862805627,"Generated","train","Dirichlet Tree","dt",3.70541025455287,2.23849223399851
-0.523278219040464,0.514740550336441,"Generated","train","Dirichlet Tree","dt",3.70541025455287,2.23849223399851
-0.423750987004308,0.482243337660842,"Generated","train","Dirichlet Tree","dt",3.70541025455287,2.23849223399851
0.485314041560218,0.142986781515178,"Generated","train","Dirichlet Tree","dt",3.70541025455287,2.23849223399851
0.136489912365046,-0.621457307184084,"Generated","train","Dirichlet Tree","dt",3.70541025455287,2.23849223399851
0.411329341552849,0.183961981368565,"Generated","train","Dirichlet Tree","dt",3.70541025455287,2.23849223399851
0.435833448337149,0.033921241375324,"Generated","train","Dirichlet Tree","dt",3.70541025455287,2.23849223399851
0.490494454135011,0.0912760661856407,"Generated","train","Dirichlet Tree","dt",3.70541025455287,2.23849223399851
0.36918642921851,0.111973814091958,"Generated","train","Dirichlet Tree","dt",3.70541025455287,2.23849223399851
0.231646811638406,0.266708888680556,"Generated","train","Dirichlet Tree","dt",3.70541025455287,2.23849223399851
0.431090042589908,0.241212334462833,"Generated","train","Dirichlet Tree","dt",3.70541025455287,2.23849223399851
0.0894246201319225,-0.458973407759621,"Generated","train","Dirichlet Tree","dt",3.70541025455287,2.23849223399851
0.46018395817205,0.175744049668091,"Generated","train","Dirichlet Tree","dt",3.70541025455287,2.23849223399851
0.427937460153745,0.0628921015426124,"Generated","train","Dirichlet Tree","dt",3.70541025455287,2.23849223399851
-0.722330379007719,0.784458313724012,"Generated","train","Dirichlet Tree","dt",3.70541025455287,2.23849223399851
-0.571955044160518,0.64660219051626,"Generated","train","Dirichlet Tree","dt",3.70541025455287,2.23849223399851
0.31780038840353,0.0813905654306735,"Generated","train","Dirichlet Tree","dt",3.70541025455287,2.23849223399851
0.176318979303529,-0.00648560927001627,"Generated","train","Dirichlet Tree","dt",3.70541025455287,2.23849223399851
0.404298810228923,0.202167624264352,"Generated","train","Dirichlet Tree","dt",3.70541025455287,2.23849223399851
-0.570590592278158,0.529378610530151,"Generated","train","Dirichlet Tree","dt",3.70541025455287,2.23849223399851
0.353424153527736,0.131279697667396,"Generated","train","Dirichlet Tree","dt",3.70541025455287,2.23849223399851
0.369145373177608,0.279374338768692,"Generated","train","Dirichlet Tree","dt",3.70541025455287,2.23849223399851
0.303216371843671,0.154131714682569,"Generated","train","Dirichlet Tree","dt",3.70541025455287,2.23849223399851
0.580818364791304,0.0524204281216109,"Generated","train","Dirichlet Tree","dt",3.70541025455287,2.23849223399851
0.399956198427333,0.222813220331875,"Generated","train","Dirichlet Tree","dt",3.70541025455287,2.23849223399851
0.228046150166901,-0.560502959577956,"Generated","train","Dirichlet Tree","dt",3.70541025455287,2.23849223399851
0.35917808676123,0.189541164037349,"Generated","train","Dirichlet Tree","dt",3.70541025455287,2.23849223399851
0.479055304987263,-0.0279721868808007,"Generated","train","Dirichlet Tree","dt",3.70541025455287,2.23849223399851
0.379118986021717,0.128491011759211,"Generated","train","Dirichlet Tree","dt",3.70541025455287,2.23849223399851
0.438318922152653,0.112708782927168,"Generated","train","Dirichlet Tree","dt",3.70541025455287,2.23849223399851
0.48088081602803,0.212071062091574,"Generated","train","Dirichlet Tree","dt",3.70541025455287,2.23849223399851
0.506901417762916,0.150219832314202,"Generated","train","Dirichlet Tree","dt",3.70541025455287,2.23849223399851
0.476916217166007,0.319034452182153,"Generated","train","Dirichlet Tree","dt",3.70541025455287,2.23849223399851
0.412317624773594,0.0607649188680071,"Generated","train","Dirichlet Tree","dt",3.70541025455287,2.23849223399851
0.38224182806157,0.18278357959928,"Generated","train","Dirichlet Tree","dt",3.70541025455287,2.23849223399851
0.487313429827422,0.146864129784211,"Generated","train","Dirichlet Tree","dt",3.70541025455287,2.23849223399851
0.303258275076264,0.113566878658025,"Generated","train","Dirichlet Tree","dt",3.70541025455287,2.23849223399851
0.321733358268752,0.10517446465605,"Generated","train","Dirichlet Tree","dt",3.70541025455287,2.23849223399851
0.129849360391465,-0.483683265343173,"Generated","train","Dirichlet Tree","dt",3.70541025455287,2.23849223399851
0.393877221509399,0.160499885667027,"Generated","train","Dirichlet Tree","dt",3.70541025455287,2.23849223399851
0.403474549688315,-0.069920017317189,"Generated","train","Dirichlet Tree","dt",3.70541025455287,2.23849223399851
0.316846195914033,0.0855921548895473,"Generated","train","Dirichlet Tree","dt",3.70541025455287,2.23849223399851
0.34445980401351,0.110551412475321,"Generated","train","Dirichlet Tree","dt",3.70541025455287,2.23849223399851
0.521211860149442,0.228230002339405,"Generated","train","Dirichlet Tree","dt",3.70541025455287,2.23849223399851
0.322605550558248,0.16446308345894,"Generated","train","Dirichlet Tree","dt",3.70541025455287,2.23849223399851
0.326816089481743,0.106039518274473,"Generated","train","Dirichlet Tree","dt",3.70541025455287,2.23849223399851
0.491916567360636,0.177402753808129,"Generated","train","Dirichlet Tree","dt",3.70541025455287,2.23849223399851
-0.571859733932929,0.637159477521934,"Generated","train","Dirichlet Tree","dt",3.70541025455287,2.23849223399851
0.497716239614374,0.137803096947882,"Generated","train","Dirichlet Tree","dt",3.70541025455287,2.23849223399851
0.360969898574545,0.352986287995701,"Generated","train","Dirichlet Tree","dt",3.70541025455287,2.23849223399851
0.490857455966632,0.0580512839069336,"Generated","train","Dirichlet Tree","dt",3.70541025455287,2.23849223399851
0.482756458649931,0.18669465586928,"Generated","train","Dirichlet Tree","dt",3.70541025455287,2.23849223399851
0.415440330977446,0.0526881466456294,"Generated","train","Dirichlet Tree","dt",3.70541025455287,2.23849223399851
-0.362643630768831,0.423164146381943,"Generated","train","Dirichlet Tree","dt",3.70541025455287,2.23849223399851
0.490794031249765,0.160039152606602,"Generated","train","Dirichlet Tree","dt",3.70541025455287,2.23849223399851
0.363006475748963,0.155738162194931,"Generated","train","Dirichlet Tree","dt",3.70541025455287,2.23849223399851
0.43659751500347,0.182007815984659,"Generated","train","Dirichlet Tree","dt",3.70541025455287,2.23849223399851
0.208087826886385,0.23069580883085,"Generated","train","Dirichlet Tree","dt",3.70541025455287,2.23849223399851
0.129945803399698,-0.341667531259152,"Generated","train","Dirichlet Tree","dt",3.70541025455287,2.23849223399851
-0.192447409731231,0.200946027970883,"Generated","train","Dirichlet Tree","dt",3.70541025455287,2.23849223399851
0.577743556308096,0.21474970036874,"Generated","train","Dirichlet Tree","dt",3.70541025455287,2.23849223399851
-0.543133288474363,0.692431415635733,"Generated","train","Dirichlet Tree","dt",3.70541025455287,2.23849223399851
0.0172726931453226,0.213455077622065,"Generated","train","Dirichlet Tree","dt",3.70541025455287,2.23849223399851
-0.669531171280654,0.734536752761119,"Generated","train","Dirichlet Tree","dt",3.70541025455287,2.23849223399851
-0.228848417920163,0.505887724928102,"Generated","train","Dirichlet Tree","dt",3.70541025455287,2.23849223399851
0.0564532926519564,0.126957158149165,"Generated","train","Dirichlet Tree","dt",3.70541025455287,2.23849223399851
0.301778524846768,0.0966428986537219,"Generated","train","Dirichlet Tree","dt",3.70541025455287,2.23849223399851
0.18186555485169,-0.446315143157465,"Generated","train","Dirichlet Tree","dt",3.70541025455287,2.23849223399851
0.354653588123604,0.181156095081711,"Generated","train","Dirichlet Tree","dt",3.70541025455287,2.23849223399851
0.0916174769871974,-0.585228077813004,"Generated","train","Dirichlet Tree","dt",3.70541025455287,2.23849223399851
0.0487513453012591,0.284787432123701,"Generated","train","Dirichlet Tree","dt",3.70541025455287,2.23849223399851
0.398933321302737,0.210020357755668,"Generated","train","Dirichlet Tree","dt",3.70541025455287,2.23849223399851
0.516672071817176,0.177179405827133,"Generated","train","Dirichlet Tree","dt",3.70541025455287,2.23849223399851
-0.362543703554551,0.496572959785199,"Generated","train","Dirichlet Tree","dt",3.70541025455287,2.23849223399851
0.49918883663329,0.0649160611911678,"Generated","train","Dirichlet Tree","dt",3.70541025455287,2.23849223399851
-0.17005015447614,0.395312620621696,"Generated","train","Dirichlet Tree","dt",3.70541025455287,2.23849223399851
0.503635151623447,0.0899465245794427,"Generated","train","Dirichlet Tree","dt",3.70541025455287,2.23849223399851
0.402106762824654,0.199684403974092,"Generated","train","Dirichlet Tree","dt",3.70541025455287,2.23849223399851
0.284460590222397,0.0861569140886762,"Generated","train","Dirichlet Tree","dt",3.70541025455287,2.23849223399851
0.375689610737788,0.24597053068812,"Generated","train","Dirichlet Tree","dt",3.70541025455287,2.23849223399851
0.311157682774397,-0.333031071668398,"Generated","train","Dirichlet Tree","dt",3.70541025455287,2.23849223399851
0.553868622283973,0.146453648899057,"Generated","train","Dirichlet Tree","dt",3.70541025455287,2.23849223399851
0.477524175169553,0.158434257281033,"Generated","train","Dirichlet Tree","dt",3.70541025455287,2.23849223399851
0.363852358176218,0.159141336687287,"Generated","train","Dirichlet Tree","dt",3.70541025455287,2.23849223399851
0.327082732858884,0.200562669764688,"Generated","train","Dirichlet Tree","dt",3.70541025455287,2.23849223399851
0.197909835743987,-0.538913410983829,"Generated","train","Dirichlet Tree","dt",3.70541025455287,2.23849223399851
-0.446595888956918,0.61884830326681,"Generated","train","Dirichlet Tree","dt",3.70541025455287,2.23849223399851
0.292273904219774,0.117300364708999,"Generated","train","Dirichlet Tree","dt",3.70541025455287,2.23849223399851
0.401696740128525,0.0632777308244015,"Generated","train","Dirichlet Tree","dt",3.70541025455287,2.23849223399851
0.360037417761787,0.131196917968516,"Generated","train","Dirichlet Tree","dt",3.70541025455287,2.23849223399851
-0.460075960707898,0.523408811464439,"Generated","train","Dirichlet Tree","dt",3.70541025455287,2.23849223399851
0.339386633760104,0.138291475867824,"Generated","train","Dirichlet Tree","dt",3.70541025455287,2.23849223399851
-0.33295698265257,0.504904246664037,"Generated","train","Dirichlet Tree","dt",3.70541025455287,2.23849223399851
-0.698706428721699,0.692772434109719,"Generated","train","Dirichlet Tree","dt",3.70541025455287,2.23849223399851
0.151420200418041,-0.327733837107111,"Generated","train","Dirichlet Tree","dt",3.70541025455287,2.23849223399851
-0.397101656540648,0.632889569417233,"Generated","train","Dirichlet Tree","dt",3.70541025455287,2.23849223399851
-0.708069650583878,0.701814732646603,"Generated","train","Dirichlet Tree","dt",3.70541025455287,2.23849223399851
-0.675263232442655,0.763560896395544,"Generated","train","Dirichlet Tree","dt",3.70541025455287,2.23849223399851
0.562612157774347,0.136988108216686,"Generated","train","Dirichlet Tree","dt",3.70541025455287,2.23849223399851
0.335122995853124,0.132985742565834,"Generated","train","Dirichlet Tree","dt",3.70541025455287,2.23849223399851
0.332713591460293,0.110064718981083,"Generated","train","Dirichlet Tree","dt",3.70541025455287,2.23849223399851
0.299293758972925,0.0927265656756,"Generated","train","Dirichlet Tree","dt",3.70541025455287,2.23849223399851
-0.753001106133959,0.547203072401045,"Generated","train","Dirichlet Tree","dt",3.70541025455287,2.23849223399851
-0.694895740894143,0.767407084460942,"Generated","train","Dirichlet Tree","dt",3.70541025455287,2.23849223399851
0.416338680304204,0.144417007996512,"Generated","train","Dirichlet Tree","dt",3.70541025455287,2.23849223399851
0.379801778574522,0.0804144385436609,"Generated","train","Dirichlet Tree","dt",3.70541025455287,2.23849223399851
0.425266204404974,0.275977911783315,"Generated","train","Dirichlet Tree","dt",3.70541025455287,2.23849223399851
-0.193207904635138,0.266399271436078,"Generated","train","Dirichlet Tree","dt",3.70541025455287,2.23849223399851
0.284965423255411,0.0846424042934592,"Generated","train","Dirichlet Tree","dt",3.70541025455287,2.23849223399851
-0.358146261031424,0.478895767003934,"Generated","train","Dirichlet Tree","dt",3.70541025455287,2.23849223399851
0.379187430599125,0.076263759526122,"Generated","train","Dirichlet Tree","dt",3.70541025455287,2.23849223399851
0.5197230512559,0.13683188542617,"Generated","train","Dirichlet Tree","dt",3.70541025455287,2.23849223399851
0.366416829021682,0.12695053356567,"Generated","train","Dirichlet Tree","dt",3.70541025455287,2.23849223399851
-0.0339950874263071,0.236716744514954,"Generated","train","Dirichlet Tree","dt",3.70541025455287,2.23849223399851
0.508188178146354,0.167848827479337,"Generated","train","Dirichlet Tree","dt",3.70541025455287,2.23849223399851
0.40744840122321,0.165036933670253,"Generated","train","Dirichlet Tree","dt",3.70541025455287,2.23849223399851
0.340761860264478,0.163158143124082,"Generated","train","Dirichlet Tree","dt",3.70541025455287,2.23849223399851
-0.350879506574732,0.413210799137155,"Generated","train","Dirichlet Tree","dt",3.70541025455287,2.23849223399851
-0.232277406892672,0.545972187287309,"Generated","train","Dirichlet Tree","dt",3.70541025455287,2.23849223399851
0.436596527015121,0.182793642188439,"Generated","train","Dirichlet Tree","dt",3.70541025455287,2.23849223399851
0.493423993721088,0.134068529475842,"Generated","train","Dirichlet Tree","dt",3.70541025455287,2.23849223399851
-0.00114708034087155,0.214765705759088,"Generated","train","Dirichlet Tree","dt",3.70541025455287,2.23849223399851
0.371653416726097,0.00409325373934366,"Generated","train","Dirichlet Tree","dt",3.70541025455287,2.23849223399851
0.449091542382473,-0.00343297330428592,"Generated","train","Dirichlet Tree","dt",3.70541025455287,2.23849223399851
0.0760721899596696,-0.613470274094488,"Generated","train","Dirichlet Tree","dt",3.70541025455287,2.23849223399851
-0.0507801627972436,0.267966963310578,"Generated","train","Dirichlet Tree","dt",3.70541025455287,2.23849223399851
0.141495875701109,-0.590258980028909,"Generated","train","Dirichlet Tree","dt",3.70541025455287,2.23849223399851
-0.648315744151446,0.668858708846347,"Generated","train","Dirichlet Tree","dt",3.70541025455287,2.23849223399851
0.362566409682793,0.163885335102341,"Generated","train","Dirichlet Tree","dt",3.70541025455287,2.23849223399851
0.442054200719402,0.104666747109965,"Generated","train","Dirichlet Tree","dt",3.70541025455287,2.23849223399851
-0.538061833259336,0.747663692566087,"Generated","train","Dirichlet Tree","dt",3.70541025455287,2.23849223399851
-0.310228952674401,0.322227232012445,"Generated","train","Dirichlet Tree","dt",3.70541025455287,2.23849223399851
-0.379575767048126,0.537665797837003,"Generated","train","Dirichlet Tree","dt",3.70541025455287,2.23849223399851
0.36602512129999,-0.0980529603671903,"Generated","train","Dirichlet Tree","dt",3.70541025455287,2.23849223399851
0.131332562529222,-0.520687990713691,"Generated","train","Dirichlet Tree","dt",3.70541025455287,2.23849223399851
0.205729006485803,0.213542589910609,"Generated","train","Dirichlet Tree","dt",3.70541025455287,2.23849223399851
0.503191881659347,0.0140386543225411,"Generated","train","Dirichlet Tree","dt",3.70541025455287,2.23849223399851
-0.352318950519254,0.400004266554029,"Generated","train","Dirichlet Tree","dt",3.70541025455287,2.23849223399851
0.416503750164458,0.176118366576734,"Generated","train","Dirichlet Tree","dt",3.70541025455287,2.23849223399851
0.368534760954127,0.136118834967309,"Generated","train","Dirichlet Tree","dt",3.70541025455287,2.23849223399851
-0.652331988685162,0.657727055310469,"Generated","train","Dirichlet Tree","dt",3.70541025455287,2.23849223399851
0.166142365930396,-0.0896459759034155,"Generated","train","Dirichlet Tree","dt",3.70541025455287,2.23849223399851
0.347670812650129,0.165472649279712,"Generated","train","Dirichlet Tree","dt",3.70541025455287,2.23849223399851
-0.686073113376086,0.759029025012164,"Generated","train","Dirichlet Tree","dt",3.70541025455287,2.23849223399851
0.50317996491621,0.23559131854166,"Generated","train","Dirichlet Tree","dt",3.70541025455287,2.23849223399851
-0.0136167972106635,0.293418639634007,"Generated","train","Dirichlet Tree","dt",3.70541025455287,2.23849223399851
-0.166576538777707,0.290670369947241,"Generated","train","Dirichlet Tree","dt",3.70541025455287,2.23849223399851
0.181928699981653,-0.417993555150395,"Generated","train","Dirichlet Tree","dt",3.70541025455287,2.23849223399851
0.198606277310304,-0.38679331550953,"Generated","train","Dirichlet Tree","dt",3.70541025455287,2.23849223399851
0.366177299274528,-0.0481444528300525,"Generated","train","Dirichlet Tree","dt",3.70541025455287,2.23849223399851
0.409301212854813,0.211983628851663,"Generated","train","Dirichlet Tree","dt",3.70541025455287,2.23849223399851
0.489190345034835,0.145259888842787,"Generated","train","Dirichlet Tree","dt",3.70541025455287,2.23849223399851
0.330756530661431,0.209534637247599,"Generated","train","Dirichlet Tree","dt",3.70541025455287,2.23849223399851
-0.262183845905679,0.482374860147552,"Generated","train","Dirichlet Tree","dt",3.70541025455287,2.23849223399851
0.505193801948228,0.210059217695187,"Generated","train","Dirichlet Tree","dt",3.70541025455287,2.23849223399851
-0.154804138141953,0.217721279364089,"Generated","train","Dirichlet Tree","dt",3.70541025455287,2.23849223399851
-0.451859968343637,0.338662854116379,"Generated","train","Dirichlet Tree","dt",3.70541025455287,2.23849223399851
0.397453915199266,0.0543558644373862,"Generated","train","Dirichlet Tree","dt",3.70541025455287,2.23849223399851
-0.73160387766574,0.803009849480547,"Generated","train","Dirichlet Tree","dt",3.70541025455287,2.23849223399851
-0.21873562484701,0.115702927200579,"Generated","train","Dirichlet Tree","dt",3.70541025455287,2.23849223399851
0.431142185735812,0.170511245729014,"Generated","train","Dirichlet Tree","dt",3.70541025455287,2.23849223399851
-0.521137855431583,0.508141834749355,"Generated","train","Dirichlet Tree","dt",3.70541025455287,2.23849223399851
0.590811859732464,0.218141191617439,"Generated","train","Dirichlet Tree","dt",3.70541025455287,2.23849223399851
0.381241362747812,0.212169853375253,"Generated","train","Dirichlet Tree","dt",3.70541025455287,2.23849223399851
0.322005244657668,-0.0202785641130304,"Generated","train","Dirichlet Tree","dt",3.70541025455287,2.23849223399851
0.433654658361016,0.053462209276027,"Generated","train","Dirichlet Tree","dt",3.70541025455287,2.23849223399851
0.154711318808191,-0.0643089440750821,"Generated","train","Dirichlet Tree","dt",3.70541025455287,2.23849223399851
0.179435517896063,-0.508198779804924,"Generated","train","Dirichlet Tree","dt",3.70541025455287,2.23849223399851
0.0744033995434559,-0.522934357914617,"Generated","train","Dirichlet Tree","dt",3.70541025455287,2.23849223399851
-0.0999942424055872,0.146013812091652,"Generated","train","Dirichlet Tree","dt",3.70541025455287,2.23849223399851
0.39639935945609,0.153956281402957,"Generated","train","Dirichlet Tree","dt",3.70541025455287,2.23849223399851
0.517006139171104,0.180328822940582,"Generated","train","Dirichlet Tree","dt",3.70541025455287,2.23849223399851
0.477735568839897,0.109563524186108,"Generated","train","Dirichlet Tree","dt",3.70541025455287,2.23849223399851
0.36178968183519,0.161616208241972,"Generated","train","Dirichlet Tree","dt",3.70541025455287,2.23849223399851
-0.303960605626173,0.254098733782579,"Generated","train","Dirichlet Tree","dt",3.70541025455287,2.23849223399851
0.0259707152100924,-0.673273252288638,"Generated","train","Dirichlet Tree","dt",3.70541025455287,2.23849223399851
0.409724338289639,0.116096406362652,"Generated","train","Dirichlet Tree","dt",3.70541025455287,2.23849223399851
-0.65595024049652,0.728773246221668,"Generated","train","Dirichlet Tree","dt",3.70541025455287,2.23849223399851
-0.612784064085356,0.770624363424074,"Generated","train","Dirichlet Tree","dt",3.70541025455287,2.23849223399851
0.177992171447619,-0.544892356392229,"Generated","train","Dirichlet Tree","dt",3.70541025455287,2.23849223399851
0.0811246771282262,-0.506573911982173,"Generated","train","Dirichlet Tree","dt",3.70541025455287,2.23849223399851
0.35516142721491,0.193505650330401,"Generated","train","Dirichlet Tree","dt",3.70541025455287,2.23849223399851
0.266736711168719,0.256117834621744,"Generated","train","Dirichlet Tree","dt",3.70541025455287,2.23849223399851
0.345223915581556,0.18789666690723,"Generated","train","Dirichlet Tree","dt",3.70541025455287,2.23849223399851
0.414603387636538,0.172863352380984,"Generated","train","Dirichlet Tree","dt",3.70541025455287,2.23849223399851
-0.378243546019123,0.450565104389085,"Generated","train","Dirichlet Tree","dt",3.70541025455287,2.23849223399851
0.418826683393846,0.21924802429604,"Generated","train","Dirichlet Tree","dt",3.70541025455287,2.23849223399851
0.49571499324316,0.192541214870891,"Generated","train","Dirichlet Tree","dt",3.70541025455287,2.23849223399851
0.279108771781738,0.00316067924208516,"Generated","train","Dirichlet Tree","dt",3.70541025455287,2.23849223399851
0.371075535022361,0.196215617719053,"Generated","train","Dirichlet Tree","dt",3.70541025455287,2.23849223399851
-0.0579250832928939,0.331477157757084,"Generated","train","Dirichlet Tree","dt",3.70541025455287,2.23849223399851
0.445833084491555,0.134109530145128,"Generated","train","Dirichlet Tree","dt",3.70541025455287,2.23849223399851
0.395321862445696,0.213620512958737,"Generated","train","Dirichlet Tree","dt",3.70541025455287,2.23849223399851
0.423846333449516,0.17080579582987,"Generated","train","Dirichlet Tree","dt",3.70541025455287,2.23849223399851
0.342850105443997,0.184323991940579,"Generated","train","Dirichlet Tree","dt",3.70541025455287,2.23849223399851
-0.313366406955744,0.469458528283157,"Generated","train","Dirichlet Tree","dt",3.70541025455287,2.23849223399851
0.363459759373316,0.0877385039394527,"Generated","train","Dirichlet Tree","dt",3.70541025455287,2.23849223399851
-0.634744668429584,0.556501540993927,"Generated","train","Dirichlet Tree","dt",3.70541025455287,2.23849223399851
0.113528424357794,-0.499998788984271,"Generated","train","Dirichlet Tree","dt",3.70541025455287,2.23849223399851
-0.114285417861396,0.340286321350618,"Generated","train","Dirichlet Tree","dt",3.70541025455287,2.23849223399851
0.340550063047679,0.247806002885828,"Generated","train","Dirichlet Tree","dt",3.70541025455287,2.23849223399851
0.13889228739616,0.247866632642871,"Generated","train","Dirichlet Tree","dt",3.70541025455287,2.23849223399851
0.314180479194777,0.217211721885575,"Generated","train","Dirichlet Tree","dt",3.70541025455287,2.23849223399851
0.21673229071818,-0.0278330119527425,"Generated","train","Dirichlet Tree","dt",3.70541025455287,2.23849223399851
0.390667306145182,0.142950445421921,"Generated","train","Dirichlet Tree","dt",3.70541025455287,2.23849223399851
0.302002425875993,0.0798575771162203,"Generated","train","Dirichlet Tree","dt",3.70541025455287,2.23849223399851
-0.632108712582406,0.55878335252551,"Generated","train","Dirichlet Tree","dt",3.70541025455287,2.23849223399851
0.441344844750177,0.204352835514869,"Generated","train","Dirichlet Tree","dt",3.70541025455287,2.23849223399851
0.496497540156338,0.158644854318108,"Generated","train","Dirichlet Tree","dt",3.70541025455287,2.23849223399851
0.305677098769688,0.0483419879359808,"Generated","train","Dirichlet Tree","dt",3.70541025455287,2.23849223399851
-0.336591040606879,0.399644122109158,"Generated","train","Dirichlet Tree","dt",3.70541025455287,2.23849223399851
-0.126367930901756,0.349164473060493,"Generated","train","Dirichlet Tree","dt",3.70541025455287,2.23849223399851
0.0676105261929384,0.322627571077458,"Generated","train","Dirichlet Tree","dt",3.70541025455287,2.23849223399851
0.493053489669744,0.177204572924984,"Generated","train","Dirichlet Tree","dt",3.70541025455287,2.23849223399851
-0.624159456620539,0.624948327008262,"Generated","train","Dirichlet Tree","dt",3.70541025455287,2.23849223399851
0.442841186613972,0.0218442394969222,"Generated","train","Dirichlet Tree","dt",3.70541025455287,2.23849223399851
0.386819770316693,0.238624522182524,"Generated","train","Dirichlet Tree","dt",3.70541025455287,2.23849223399851
0.41803006143254,0.027693051098396,"Generated","train","Dirichlet Tree","dt",3.70541025455287,2.23849223399851
0.365617485416785,0.122413009145729,"Generated","train","Dirichlet Tree","dt",3.70541025455287,2.23849223399851
-0.303145530884788,0.508897362122475,"Generated","train","Dirichlet Tree","dt",3.70541025455287,2.23849223399851
0.400466269118478,0.103294202310102,"Generated","train","Dirichlet Tree","dt",3.70541025455287,2.23849223399851
0.519570166811027,0.149296237713005,"Generated","train","Dirichlet Tree","dt",3.70541025455287,2.23849223399851
0.271832307265923,-0.0386546404667645,"Generated","train","Dirichlet Tree","dt",3.70541025455287,2.23849223399851
0.259660266649757,0.1465638568613,"Generated","train","Dirichlet Tree","dt",3.70541025455287,2.23849223399851
0.245076801669587,-0.0580037346757701,"Generated","train","Dirichlet Tree","dt",3.70541025455287,2.23849223399851
0.051774850515514,0.281842355756507,"Generated","train","Dirichlet Tree","dt",3.70541025455287,2.23849223399851
-0.583821496082764,0.698631969729171,"Generated","train","Dirichlet Tree","dt",3.70541025455287,2.23849223399851
0.565163239145204,0.206946146721773,"Generated","train","Dirichlet Tree","dt",3.70541025455287,2.23849223399851
0.501771173123638,0.137751214882447,"Generated","train","Dirichlet Tree","dt",3.70541025455287,2.23849223399851
0.398912114262216,0.0585344984122703,"Generated","train","Dirichlet Tree","dt",3.70541025455287,2.23849223399851
0.477522976344904,0.12800460069832,"Generated","train","Dirichlet Tree","dt",3.70541025455287,2.23849223399851
0.408501394993648,0.231649703144216,"Generated","train","Dirichlet Tree","dt",3.70541025455287,2.23849223399851
0.546046904545936,0.230882707242486,"Generated","train","Dirichlet Tree","dt",3.70541025455287,2.23849223399851
0.221252693648802,-0.525004122590636,"Generated","train","Dirichlet Tree","dt",3.70541025455287,2.23849223399851
-0.670933011088,0.711080590413162,"Generated","train","Dirichlet Tree","dt",3.70541025455287,2.23849223399851
-0.559804571404901,0.705939530242235,"Generated","train","Dirichlet Tree","dt",3.70541025455287,2.23849223399851
0.250338392721373,0.0761221295606654,"Generated","train","Dirichlet Tree","dt",3.70541025455287,2.23849223399851
0.385150482985933,0.254494908362378,"Generated","train","Dirichlet Tree","dt",3.70541025455287,2.23849223399851
-0.739730602556714,0.720364753365342,"Generated","train","Dirichlet Tree","dt",3.70541025455287,2.23849223399851
-0.599323529278545,0.605359196545375,"Generated","train","Dirichlet Tree","dt",3.70541025455287,2.23849223399851
0.0557421450505282,0.408028212150105,"Generated","train","Dirichlet Tree","dt",3.70541025455287,2.23849223399851
-0.228955080361827,0.249134103209213,"Generated","train","Dirichlet Tree","dt",3.70541025455287,2.23849223399851
0.43252764277667,0.0578848189991739,"Generated","train","Dirichlet Tree","dt",3.70541025455287,2.23849223399851
-0.66511481714856,0.761956947057372,"Generated","train","Dirichlet Tree","dt",3.70541025455287,2.23849223399851
-0.63140076009136,0.683281708952818,"Generated","train","Dirichlet Tree","dt",3.70541025455287,2.23849223399851
0.475398934882071,0.0158647744596469,"Generated","train","Dirichlet Tree","dt",3.70541025455287,2.23849223399851
0.233176335520075,-0.00420066215060851,"Generated","train","Dirichlet Tree","dt",3.70541025455287,2.23849223399851
0.537249742921551,0.16537898651143,"Generated","train","Dirichlet Tree","dt",3.70541025455287,2.23849223399851
-0.483967789246841,0.666826354347406,"Generated","train","Dirichlet Tree","dt",3.70541025455287,2.23849223399851
0.282122466809396,0.0316813964435077,"Generated","train","Dirichlet Tree","dt",3.70541025455287,2.23849223399851
0.327523342884303,0.247436429399659,"Generated","train","Dirichlet Tree","dt",3.70541025455287,2.23849223399851
0.47593435099327,0.0979273677053335,"Generated","train","Dirichlet Tree","dt",3.70541025455287,2.23849223399851
0.438211078690529,0.207175643701004,"Generated","train","Dirichlet Tree","dt",3.70541025455287,2.23849223399851
0.242157748639168,-0.00821548900451233,"Generated","train","Dirichlet Tree","dt",3.70541025455287,2.23849223399851
0.315317349640821,0.216746863956319,"Generated","train","Dirichlet Tree","dt",3.70541025455287,2.23849223399851
0.411222254677267,0.149338659452372,"Generated","train","Dirichlet Tree","dt",3.70541025455287,2.23849223399851
0.539158944977759,0.0672522356838636,"Generated","train","Dirichlet Tree","dt",3.70541025455287,2.23849223399851
0.219079741338043,0.0216567195962513,"Generated","train","Dirichlet Tree","dt",3.70541025455287,2.23849223399851
-0.590173915936101,0.468280368159287,"Generated","train","Dirichlet Tree","dt",3.70541025455287,2.23849223399851
0.416662237014359,0.21735522340512,"Generated","train","Dirichlet Tree","dt",3.70541025455287,2.23849223399851
0.251108618532766,0.322431371153912,"Generated","train","Dirichlet Tree","dt",3.70541025455287,2.23849223399851
0.302280836510552,0.129788573115421,"Generated","train","Dirichlet Tree","dt",3.70541025455287,2.23849223399851
0.342225396926865,0.21714073064936,"Generated","train","Dirichlet Tree","dt",3.70541025455287,2.23849223399851
0.338381788735054,0.179728042162661,"Generated","train","Dirichlet Tree","dt",3.70541025455287,2.23849223399851
0.551557160269457,0.167507478517642,"Generated","train","Dirichlet Tree","dt",3.70541025455287,2.23849223399851
0.40838273034315,0.18320934366441,"Generated","train","Dirichlet Tree","dt",3.70541025455287,2.23849223399851
-0.4853392687233,0.581925576872658,"Generated","train","Dirichlet Tree","dt",3.70541025455287,2.23849223399851
0.321544824034973,0.177444777834546,"Generated","train","Dirichlet Tree","dt",3.70541025455287,2.23849223399851
0.0974232980731108,-0.571340950689393,"Generated","train","Dirichlet Tree","dt",3.70541025455287,2.23849223399851
0.365765247655231,0.0506453189636667,"Generated","train","Dirichlet Tree","dt",3.70541025455287,2.23849223399851
0.32799348171844,0.128610777116182,"Generated","train","Dirichlet Tree","dt",3.70541025455287,2.23849223399851
0.333340911463621,0.188947723781855,"Generated","train","Dirichlet Tree","dt",3.70541025455287,2.23849223399851
0.192917561224137,0.119258453721016,"Generated","train","Dirichlet Tree","dt",3.70541025455287,2.23849223399851
0.157106198871078,-0.497904935682141,"Generated","train","Dirichlet Tree","dt",3.70541025455287,2.23849223399851
-0.453767785748935,0.541848435574672,"Generated","train","Dirichlet Tree","dt",3.70541025455287,2.23849223399851
0.432470551267982,0.0515369845686523,"Generated","train","Dirichlet Tree","dt",3.70541025455287,2.23849223399851
0.434449503265211,0.0141709802185228,"Generated","train","Dirichlet Tree","dt",3.70541025455287,2.23849223399851
0.112334353536297,-0.575170324157071,"Generated","train","Dirichlet Tree","dt",3.70541025455287,2.23849223399851
-0.521123841544885,0.486942382637828,"Generated","train","Dirichlet Tree","dt",3.70541025455287,2.23849223399851
0.249427791015052,-0.256211059675078,"Generated","train","Dirichlet Tree","dt",3.70541025455287,2.23849223399851
0.210337857925079,-0.0451625918347087,"Generated","train","Dirichlet Tree","dt",3.70541025455287,2.23849223399851
0.474571509558179,0.0107496081607415,"Generated","train","Dirichlet Tree","dt",3.70541025455287,2.23849223399851
0.177111577864211,-0.0459209314436787,"Generated","train","Dirichlet Tree","dt",3.70541025455287,2.23849223399851
0.532238190697965,0.174270227532458,"Generated","train","Dirichlet Tree","dt",3.70541025455287,2.23849223399851
0.456192051225235,0.133889594171536,"Generated","train","Dirichlet Tree","dt",3.70541025455287,2.23849223399851
0.464208200480471,0.138268844016428,"Generated","train","Dirichlet Tree","dt",3.70541025455287,2.23849223399851
0.518322826596436,0.18388721389798,"Generated","train","Dirichlet Tree","dt",3.70541025455287,2.23849223399851
-0.339347106201358,-0.430059189273502,"Real","train","ICFM","icfm",3.76954819473603,2.497260030376
0.424013393571419,0.733814448125756,"Real","train","ICFM","icfm",3.76954819473603,2.497260030376
-0.475778007543836,-0.024777572810641,"Real","train","ICFM","icfm",3.76954819473603,2.497260030376
0.333931786648165,-0.437500901081236,"Real","train","ICFM","icfm",3.76954819473603,2.497260030376
0.171725218547964,-0.140509953284889,"Real","train","ICFM","icfm",3.76954819473603,2.497260030376
0.380704783109785,1.00567578624743,"Real","train","ICFM","icfm",3.76954819473603,2.497260030376
-0.686893459280962,-0.122712659250144,"Real","train","ICFM","icfm",3.76954819473603,2.497260030376
-0.207028147007617,0.54365048617216,"Real","train","ICFM","icfm",3.76954819473603,2.497260030376
0.808768737764187,1.00373370356244,"Real","train","ICFM","icfm",3.76954819473603,2.497260030376
-0.731056776573623,0.0869997054039637,"Real","train","ICFM","icfm",3.76954819473603,2.497260030376
0.118652670127507,-0.399137878265723,"Real","train","ICFM","icfm",3.76954819473603,2.497260030376
0.611954484861419,-0.272603208112318,"Real","train","ICFM","icfm",3.76954819473603,2.497260030376
0.494473941756051,0.0707651961301674,"Real","train","ICFM","icfm",3.76954819473603,2.497260030376
0.281787630589103,-0.40134105764902,"Real","train","ICFM","icfm",3.76954819473603,2.497260030376
-0.079587286414898,-0.182886401414318,"Real","train","ICFM","icfm",3.76954819473603,2.497260030376
-0.920908068281091,0.146641419445134,"Real","train","ICFM","icfm",3.76954819473603,2.497260030376
-0.5872282307879,0.285803178536691,"Real","train","ICFM","icfm",3.76954819473603,2.497260030376
0.397627735958942,-0.464512291485298,"Real","train","ICFM","icfm",3.76954819473603,2.497260030376
0.439348379355421,0.11932505896908,"Real","train","ICFM","icfm",3.76954819473603,2.497260030376
-0.354967432441129,-0.400095573916329,"Real","train","ICFM","icfm",3.76954819473603,2.497260030376
-0.314016491836592,-0.463758119703196,"Real","train","ICFM","icfm",3.76954819473603,2.497260030376
0.0752146350814074,-0.320799794385892,"Real","train","ICFM","icfm",3.76954819473603,2.497260030376
0.764232672648911,1.00836192609658,"Real","train","ICFM","icfm",3.76954819473603,2.497260030376
-0.507083251089587,0.0969048317137967,"Real","train","ICFM","icfm",3.76954819473603,2.497260030376
0.384181271494771,-0.0406030389599392,"Real","train","ICFM","icfm",3.76954819473603,2.497260030376
-0.595588003466594,-0.0853381173052212,"Real","train","ICFM","icfm",3.76954819473603,2.497260030376
-0.512181883151051,0.0435583914752096,"Real","train","ICFM","icfm",3.76954819473603,2.497260030376
-0.553289409140766,0.0539816946908966,"Real","train","ICFM","icfm",3.76954819473603,2.497260030376
0.409799006519962,-0.418077211820311,"Real","train","ICFM","icfm",3.76954819473603,2.497260030376
0.411767171874532,-0.546636374616305,"Real","train","ICFM","icfm",3.76954819473603,2.497260030376
-0.166107790673178,-0.473681144423737,"Real","train","ICFM","icfm",3.76954819473603,2.497260030376
0.581176936182363,0.0838191050448055,"Real","train","ICFM","icfm",3.76954819473603,2.497260030376
0.15965947797015,0.0786879557551047,"Real","train","ICFM","icfm",3.76954819473603,2.497260030376
-0.611781763675634,0.248308256135411,"Real","train","ICFM","icfm",3.76954819473603,2.497260030376
0.0860944544122254,0.45846939505344,"Real","train","ICFM","icfm",3.76954819473603,2.497260030376
0.753478666341561,1.13460635920006,"Real","train","ICFM","icfm",3.76954819473603,2.497260030376
-0.722026648999063,0.465157238995476,"Real","train","ICFM","icfm",3.76954819473603,2.497260030376
0.465473076533051,-0.0446442354454066,"Real","train","ICFM","icfm",3.76954819473603,2.497260030376
0.246424649821236,-0.0566210895095392,"Real","train","ICFM","icfm",3.76954819473603,2.497260030376
-0.300670346230231,-0.455681087027893,"Real","train","ICFM","icfm",3.76954819473603,2.497260030376
-0.404266655513913,0.0154688628351134,"Real","train","ICFM","icfm",3.76954819473603,2.497260030376
0.446920909167625,0.414793353731735,"Real","train","ICFM","icfm",3.76954819473603,2.497260030376
-0.129746879348409,0.0797296657230403,"Real","train","ICFM","icfm",3.76954819473603,2.497260030376
-0.63174083269195,-0.268212053353506,"Real","train","ICFM","icfm",3.76954819473603,2.497260030376
0.331111574590076,0.636309082456304,"Real","train","ICFM","icfm",3.76954819473603,2.497260030376
0.301694783388503,-0.368970764024446,"Real","train","ICFM","icfm",3.76954819473603,2.497260030376
-0.492538224644055,0.338949496874133,"Real","train","ICFM","icfm",3.76954819473603,2.497260030376
-0.28015102231722,0.0182206765994671,"Real","train","ICFM","icfm",3.76954819473603,2.497260030376
0.467921766702738,0.123722045867478,"Real","train","ICFM","icfm",3.76954819473603,2.497260030376
-0.834719364253443,-0.0556051246275079,"Real","train","ICFM","icfm",3.76954819473603,2.497260030376
-0.651274457136612,-0.226497913506585,"Real","train","ICFM","icfm",3.76954819473603,2.497260030376
-0.00759816330477639,0.1485380753311,"Real","train","ICFM","icfm",3.76954819473603,2.497260030376
0.129282498469101,-0.193610305021864,"Real","train","ICFM","icfm",3.76954819473603,2.497260030376
-0.211321200654307,-0.207841082728996,"Real","train","ICFM","icfm",3.76954819473603,2.497260030376
-0.731947031339171,-0.131449437578837,"Real","train","ICFM","icfm",3.76954819473603,2.497260030376
0.334190116943536,-0.375601156139834,"Real","train","ICFM","icfm",3.76954819473603,2.497260030376
-0.220839806815958,-0.442782380605373,"Real","train","ICFM","icfm",3.76954819473603,2.497260030376
0.0342293904453436,0.0755348103377715,"Real","train","ICFM","icfm",3.76954819473603,2.497260030376
-0.361300935613683,-0.00125548920118417,"Real","train","ICFM","icfm",3.76954819473603,2.497260030376
0.26947586005305,-0.732111072647898,"Real","train","ICFM","icfm",3.76954819473603,2.497260030376
-0.353048460916354,-0.377504602192687,"Real","train","ICFM","icfm",3.76954819473603,2.497260030376
-0.672189837041387,-0.0540894756104651,"Real","train","ICFM","icfm",3.76954819473603,2.497260030376
0.62306916560231,0.626420111100452,"Real","train","ICFM","icfm",3.76954819473603,2.497260030376
0.308780783769578,-0.316416027290375,"Real","train","ICFM","icfm",3.76954819473603,2.497260030376
-0.778081990068663,0.515342726775975,"Real","train","ICFM","icfm",3.76954819473603,2.497260030376
0.193483567164123,-0.776869167518714,"Real","train","ICFM","icfm",3.76954819473603,2.497260030376
-0.756205307881633,0.118934156413549,"Real","train","ICFM","icfm",3.76954819473603,2.497260030376
-0.0046356116364311,-0.0245781513387435,"Real","train","ICFM","icfm",3.76954819473603,2.497260030376
0.596457996529674,1.09195153493662,"Real","train","ICFM","icfm",3.76954819473603,2.497260030376
-0.839051648028754,0.259573333488971,"Real","train","ICFM","icfm",3.76954819473603,2.497260030376
-0.00378761768649398,-0.211938214424821,"Real","train","ICFM","icfm",3.76954819473603,2.497260030376
-0.590894298280231,-0.170973546281919,"Real","train","ICFM","icfm",3.76954819473603,2.497260030376
0.672323111141127,1.0130013186161,"Real","train","ICFM","icfm",3.76954819473603,2.497260030376
-0.91493906318628,0.294599056001511,"Real","train","ICFM","icfm",3.76954819473603,2.497260030376
0.422755385007378,0.131913171631278,"Real","train","ICFM","icfm",3.76954819473603,2.497260030376
0.391319584487549,0.867134930222052,"Real","train","ICFM","icfm",3.76954819473603,2.497260030376
0.567392938565668,1.11258720720541,"Real","train","ICFM","icfm",3.76954819473603,2.497260030376
0.439428791117566,0.0574347362987905,"Real","train","ICFM","icfm",3.76954819473603,2.497260030376
-0.258208525041108,-0.289363366701598,"Real","train","ICFM","icfm",3.76954819473603,2.497260030376
-0.27102186760721,-0.328237860698945,"Real","train","ICFM","icfm",3.76954819473603,2.497260030376
-0.776880232150573,0.341846940375993,"Real","train","ICFM","icfm",3.76954819473603,2.497260030376
0.511592951627849,0.0764655724466005,"Real","train","ICFM","icfm",3.76954819473603,2.497260030376
-0.690370947533752,0.234155773886955,"Real","train","ICFM","icfm",3.76954819473603,2.497260030376
0.453725991670343,-0.372551733286283,"Real","train","ICFM","icfm",3.76954819473603,2.497260030376
0.739635406294989,0.992272020935788,"Real","train","ICFM","icfm",3.76954819473603,2.497260030376
0.587334689922977,0.0851171329215359,"Real","train","ICFM","icfm",3.76954819473603,2.497260030376
-0.693000222851304,-0.0861305757931793,"Real","train","ICFM","icfm",3.76954819473603,2.497260030376
-0.517791732424222,-0.0303820135932151,"Real","train","ICFM","icfm",3.76954819473603,2.497260030376
-0.609596085124482,-0.169028181145435,"Real","train","ICFM","icfm",3.76954819473603,2.497260030376
-0.311157757542144,-0.178907147221568,"Real","train","ICFM","icfm",3.76954819473603,2.497260030376
0.569973812517921,0.995238313810601,"Real","train","ICFM","icfm",3.76954819473603,2.497260030376
0.493583805221582,0.286172766811301,"Real","train","ICFM","icfm",3.76954819473603,2.497260030376
0.584184743808804,1.04950937972263,"Real","train","ICFM","icfm",3.76954819473603,2.497260030376
-0.569690078996103,-0.026846993141983,"Real","train","ICFM","icfm",3.76954819473603,2.497260030376
-0.621346094734131,0.14686666589379,"Real","train","ICFM","icfm",3.76954819473603,2.497260030376
0.131784230111216,-0.111084255020139,"Real","train","ICFM","icfm",3.76954819473603,2.497260030376
-0.179818681477515,-0.158655350807278,"Real","train","ICFM","icfm",3.76954819473603,2.497260030376
0.475209616485154,0.0782931305952266,"Real","train","ICFM","icfm",3.76954819473603,2.497260030376
0.213476250141112,-0.561583628164044,"Real","train","ICFM","icfm",3.76954819473603,2.497260030376
-0.727649971948405,0.164870978523212,"Real","train","ICFM","icfm",3.76954819473603,2.497260030376
0.039235094886576,0.0199238179908922,"Real","train","ICFM","icfm",3.76954819473603,2.497260030376
0.31470567456874,0.457628316247627,"Real","train","ICFM","icfm",3.76954819473603,2.497260030376
-0.82056366131828,0.373357890318535,"Real","train","ICFM","icfm",3.76954819473603,2.497260030376
0.545662608367094,1.09493297882004,"Real","train","ICFM","icfm",3.76954819473603,2.497260030376
0.200017772771123,-0.795430051639941,"Real","train","ICFM","icfm",3.76954819473603,2.497260030376
0.28937967963548,-0.494101727261146,"Real","train","ICFM","icfm",3.76954819473603,2.497260030376
-0.452786092853155,-0.217620475545644,"Real","train","ICFM","icfm",3.76954819473603,2.497260030376
-0.355767052041366,0.135565107526079,"Real","train","ICFM","icfm",3.76954819473603,2.497260030376
0.317611727941506,-0.529265229139587,"Real","train","ICFM","icfm",3.76954819473603,2.497260030376
-0.242804319146195,0.0287970462386311,"Real","train","ICFM","icfm",3.76954819473603,2.497260030376
-0.846838929545036,0.335881282618257,"Real","train","ICFM","icfm",3.76954819473603,2.497260030376
-0.52781404646731,-0.113024315714316,"Real","train","ICFM","icfm",3.76954819473603,2.497260030376
-0.413436303587268,-0.226127387514566,"Real","train","ICFM","icfm",3.76954819473603,2.497260030376
-0.501240287910415,-0.0403462675582738,"Real","train","ICFM","icfm",3.76954819473603,2.497260030376
0.324224607108724,-0.342423685776335,"Real","train","ICFM","icfm",3.76954819473603,2.497260030376
0.440541257351534,-0.0822472393098023,"Real","train","ICFM","icfm",3.76954819473603,2.497260030376
0.112361360207865,-0.368538216630965,"Real","train","ICFM","icfm",3.76954819473603,2.497260030376
-0.463302462930511,0.162231281673467,"Real","train","ICFM","icfm",3.76954819473603,2.497260030376
-0.783931278228996,0.340743086912419,"Real","train","ICFM","icfm",3.76954819473603,2.497260030376
0.398555181248739,0.133514065034983,"Real","train","ICFM","icfm",3.76954819473603,2.497260030376
0.0526308314630327,-0.135078776465225,"Real","train","ICFM","icfm",3.76954819473603,2.497260030376
0.232405300827619,-0.59234423719029,"Real","train","ICFM","icfm",3.76954819473603,2.497260030376
-0.156582105251884,-0.189773535732261,"Real","train","ICFM","icfm",3.76954819473603,2.497260030376
0.530198181530918,0.793827550452851,"Real","train","ICFM","icfm",3.76954819473603,2.497260030376
0.417523382679834,-0.417378505612515,"Real","train","ICFM","icfm",3.76954819473603,2.497260030376
0.455712089859795,0.00978653900722057,"Real","train","ICFM","icfm",3.76954819473603,2.497260030376
-0.930062093062315,0.109449379570223,"Real","train","ICFM","icfm",3.76954819473603,2.497260030376
-0.495779702531774,0.152891679695976,"Real","train","ICFM","icfm",3.76954819473603,2.497260030376
0.46095367466788,-0.201498003396777,"Real","train","ICFM","icfm",3.76954819473603,2.497260030376
0.596255265541285,0.0868464073323014,"Real","train","ICFM","icfm",3.76954819473603,2.497260030376
0.50131985722261,-0.0198284466690592,"Real","train","ICFM","icfm",3.76954819473603,2.497260030376
0.209872248971484,-0.762678049717893,"Real","train","ICFM","icfm",3.76954819473603,2.497260030376
0.166079371494234,-0.118937275069403,"Real","train","ICFM","icfm",3.76954819473603,2.497260030376
0.499381774488408,0.11869298556777,"Real","train","ICFM","icfm",3.76954819473603,2.497260030376
0.15757431409763,-0.654369777098655,"Real","train","ICFM","icfm",3.76954819473603,2.497260030376
-0.167250119120244,-0.267574738132996,"Real","train","ICFM","icfm",3.76954819473603,2.497260030376
0.442187180743401,0.11320293626894,"Real","train","ICFM","icfm",3.76954819473603,2.497260030376
0.475084592756486,0.0528035375230112,"Real","train","ICFM","icfm",3.76954819473603,2.497260030376
0.406832088713519,1.18493377406048,"Real","train","ICFM","icfm",3.76954819473603,2.497260030376
-0.481135078023076,-0.155095477804124,"Real","train","ICFM","icfm",3.76954819473603,2.497260030376
0.567332430228937,0.0662533562464242,"Real","train","ICFM","icfm",3.76954819473603,2.497260030376
0.369038944838146,-0.0890984841498219,"Real","train","ICFM","icfm",3.76954819473603,2.497260030376
0.180422089786978,-0.501420439491563,"Real","train","ICFM","icfm",3.76954819473603,2.497260030376
0.174358232169227,-0.0131545021830619,"Real","train","ICFM","icfm",3.76954819473603,2.497260030376
0.489733799096971,-0.0148314992188998,"Real","train","ICFM","icfm",3.76954819473603,2.497260030376
-0.427683887498406,0.0452883989854604,"Real","train","ICFM","icfm",3.76954819473603,2.497260030376
0.304031555742155,-0.0335548110536409,"Real","train","ICFM","icfm",3.76954819473603,2.497260030376
0.106735876787878,-0.283907750467741,"Real","train","ICFM","icfm",3.76954819473603,2.497260030376
0.57513032578073,0.638375024354997,"Real","train","ICFM","icfm",3.76954819473603,2.497260030376
0.00601374960617563,-0.260570492716057,"Real","train","ICFM","icfm",3.76954819473603,2.497260030376
-0.615959176676782,0.346003385377305,"Real","train","ICFM","icfm",3.76954819473603,2.497260030376
0.351853759238192,0.0370878606220024,"Real","train","ICFM","icfm",3.76954819473603,2.497260030376
-0.140089227211741,-0.270100091685049,"Real","train","ICFM","icfm",3.76954819473603,2.497260030376
-0.698941039139258,0.121258141559767,"Real","train","ICFM","icfm",3.76954819473603,2.497260030376
-0.909439834964734,0.300173929802149,"Real","train","ICFM","icfm",3.76954819473603,2.497260030376
0.562786771164231,0.0871439371584078,"Real","train","ICFM","icfm",3.76954819473603,2.497260030376
0.0701695968347096,-0.1998859899452,"Real","train","ICFM","icfm",3.76954819473603,2.497260030376
-0.306777065000252,-0.474602893081947,"Real","train","ICFM","icfm",3.76954819473603,2.497260030376
-0.130374698471622,-0.237968648462219,"Real","train","ICFM","icfm",3.76954819473603,2.497260030376
-0.336183701281584,0.180543214643667,"Real","train","ICFM","icfm",3.76954819473603,2.497260030376
-0.758580152456978,0.568126935175106,"Real","train","ICFM","icfm",3.76954819473603,2.497260030376
0.260755407751172,-0.356066261390818,"Real","train","ICFM","icfm",3.76954819473603,2.497260030376
0.100867274761391,-0.223059296443987,"Real","train","ICFM","icfm",3.76954819473603,2.497260030376
0.567415352265869,-0.298054272093286,"Real","train","ICFM","icfm",3.76954819473603,2.497260030376
0.573444570940478,-0.350198029608505,"Real","train","ICFM","icfm",3.76954819473603,2.497260030376
0.237775706722304,-0.781230455437482,"Real","train","ICFM","icfm",3.76954819473603,2.497260030376
-0.763621878188205,0.549663630735933,"Real","train","ICFM","icfm",3.76954819473603,2.497260030376
0.282946786718582,0.889885081643869,"Real","train","ICFM","icfm",3.76954819473603,2.497260030376
-0.929954364043939,0.00221065977323299,"Real","train","ICFM","icfm",3.76954819473603,2.497260030376
0.201933572341218,0.465724643321548,"Real","train","ICFM","icfm",3.76954819473603,2.497260030376
-0.23474948182831,-0.0380827712356707,"Real","train","ICFM","icfm",3.76954819473603,2.497260030376
0.635341579608789,0.0668609048359759,"Real","train","ICFM","icfm",3.76954819473603,2.497260030376
-0.00418281809638512,-0.213413344684642,"Real","train","ICFM","icfm",3.76954819473603,2.497260030376
0.505321371761672,-0.448660014416015,"Real","train","ICFM","icfm",3.76954819473603,2.497260030376
0.105663772136445,-0.400853387650616,"Real","train","ICFM","icfm",3.76954819473603,2.497260030376
-0.215372611553419,-0.228112532694795,"Real","train","ICFM","icfm",3.76954819473603,2.497260030376
0.591975519104627,0.0761912780179232,"Real","train","ICFM","icfm",3.76954819473603,2.497260030376
-0.596540773213301,-0.0132313625064392,"Real","train","ICFM","icfm",3.76954819473603,2.497260030376
0.289782099528257,-0.579712551649465,"Real","train","ICFM","icfm",3.76954819473603,2.497260030376
-0.324514239323586,-0.339388616320505,"Real","train","ICFM","icfm",3.76954819473603,2.497260030376
-0.120808494441721,-0.134284641112047,"Real","train","ICFM","icfm",3.76954819473603,2.497260030376
-0.303289173678453,-0.390206928663055,"Real","train","ICFM","icfm",3.76954819473603,2.497260030376
0.538786241803865,1.01872914993863,"Real","train","ICFM","icfm",3.76954819473603,2.497260030376
-0.22539399444858,-0.422869501713323,"Real","train","ICFM","icfm",3.76954819473603,2.497260030376
0.213375824014407,-0.612267082113026,"Real","train","ICFM","icfm",3.76954819473603,2.497260030376
-0.645420321972442,-0.145313483291857,"Real","train","ICFM","icfm",3.76954819473603,2.497260030376
0.270925033691714,0.868492610460362,"Real","train","ICFM","icfm",3.76954819473603,2.497260030376
0.650395742989276,-0.347922826314863,"Real","train","ICFM","icfm",3.76954819473603,2.497260030376
-0.606578774951678,-0.229810591532835,"Real","train","ICFM","icfm",3.76954819473603,2.497260030376
0.457367108666518,-0.010733016963915,"Real","train","ICFM","icfm",3.76954819473603,2.497260030376
-0.431444941578634,-0.040140714099368,"Real","train","ICFM","icfm",3.76954819473603,2.497260030376
-0.255130327229743,0.169157903825934,"Real","train","ICFM","icfm",3.76954819473603,2.497260030376
-0.449692127268182,-0.0558208711138171,"Real","train","ICFM","icfm",3.76954819473603,2.497260030376
-0.2241454816622,0.188444764937824,"Real","train","ICFM","icfm",3.76954819473603,2.497260030376
-0.637908050579894,0.40681077888374,"Real","train","ICFM","icfm",3.76954819473603,2.497260030376
-0.746155810335051,-0.1853938423549,"Real","train","ICFM","icfm",3.76954819473603,2.497260030376
0.507812614318158,0.0439955954491696,"Real","train","ICFM","icfm",3.76954819473603,2.497260030376
-0.560293888728565,-0.178895289538295,"Real","train","ICFM","icfm",3.76954819473603,2.497260030376
0.400293673179683,0.441175619084287,"Real","train","ICFM","icfm",3.76954819473603,2.497260030376
0.162186716713141,-0.0755336522091907,"Real","train","ICFM","icfm",3.76954819473603,2.497260030376
0.228758147467789,-0.0719266977481712,"Real","train","ICFM","icfm",3.76954819473603,2.497260030376
-0.587622062777584,0.069354614296982,"Real","train","ICFM","icfm",3.76954819473603,2.497260030376
-0.0127871509061565,-0.430929219907504,"Real","train","ICFM","icfm",3.76954819473603,2.497260030376
0.280532040906683,-0.643892164080313,"Real","train","ICFM","icfm",3.76954819473603,2.497260030376
-0.0441545723679197,0.165163662583797,"Real","train","ICFM","icfm",3.76954819473603,2.497260030376
0.131492739321932,-0.381552444163411,"Real","train","ICFM","icfm",3.76954819473603,2.497260030376
0.743702038974815,1.03285206687628,"Real","train","ICFM","icfm",3.76954819473603,2.497260030376
0.427143639000565,-0.427715854738537,"Real","train","ICFM","icfm",3.76954819473603,2.497260030376
-0.384145640079632,-0.0400730328260813,"Real","train","ICFM","icfm",3.76954819473603,2.497260030376
-0.309192390057109,-0.00614046452697694,"Real","train","ICFM","icfm",3.76954819473603,2.497260030376
0.775781516072053,1.0558699847402,"Real","train","ICFM","icfm",3.76954819473603,2.497260030376
0.161373423157634,-0.059633213882128,"Real","train","ICFM","icfm",3.76954819473603,2.497260030376
-0.487787013713357,-0.326774307540539,"Real","train","ICFM","icfm",3.76954819473603,2.497260030376
-0.432321783516488,0.408901414031688,"Real","train","ICFM","icfm",3.76954819473603,2.497260030376
-0.101607703732837,-0.245204380598906,"Real","train","ICFM","icfm",3.76954819473603,2.497260030376
0.291551490498476,-0.720626058356728,"Real","train","ICFM","icfm",3.76954819473603,2.497260030376
0.0652653604634707,-0.153390223255714,"Real","train","ICFM","icfm",3.76954819473603,2.497260030376
-0.381228306058091,-0.431810352975233,"Real","train","ICFM","icfm",3.76954819473603,2.497260030376
0.262528743483361,-0.429386893178323,"Real","train","ICFM","icfm",3.76954819473603,2.497260030376
0.308644371065575,-0.691998196694115,"Real","train","ICFM","icfm",3.76954819473603,2.497260030376
0.589697103456742,-0.336858634548164,"Real","train","ICFM","icfm",3.76954819473603,2.497260030376
0.343325277980698,-0.106727087207097,"Real","train","ICFM","icfm",3.76954819473603,2.497260030376
-0.16328970440401,0.00708411249379676,"Real","train","ICFM","icfm",3.76954819473603,2.497260030376
-0.221282923480168,-0.0967896908340195,"Real","train","ICFM","icfm",3.76954819473603,2.497260030376
-0.543855808560521,0.447346516895782,"Real","train","ICFM","icfm",3.76954819473603,2.497260030376
0.741816347505779,0.994773731454859,"Real","train","ICFM","icfm",3.76954819473603,2.497260030376
0.465598810152855,0.539251769615183,"Real","train","ICFM","icfm",3.76954819473603,2.497260030376
0.203030231295001,0.132555124002106,"Real","train","ICFM","icfm",3.76954819473603,2.497260030376
-0.369917259012796,-0.300841013891473,"Real","train","ICFM","icfm",3.76954819473603,2.497260030376
0.387192007468995,-0.419422533499833,"Real","train","ICFM","icfm",3.76954819473603,2.497260030376
-0.613553864636314,-0.050456961974991,"Real","train","ICFM","icfm",3.76954819473603,2.497260030376
-0.256427375398322,-0.420780376846011,"Real","train","ICFM","icfm",3.76954819473603,2.497260030376
-0.321957997135063,-0.144696278957288,"Real","train","ICFM","icfm",3.76954819473603,2.497260030376
-0.126201422915386,-0.152110516999937,"Real","train","ICFM","icfm",3.76954819473603,2.497260030376
0.374660830162796,-0.306639387282086,"Real","train","ICFM","icfm",3.76954819473603,2.497260030376
-0.638318904070933,0.371662732239412,"Real","train","ICFM","icfm",3.76954819473603,2.497260030376
-0.645299122917395,0.210480143758634,"Real","train","ICFM","icfm",3.76954819473603,2.497260030376
0.554148844007096,-0.114833040340584,"Real","train","ICFM","icfm",3.76954819473603,2.497260030376
-0.77220562793072,0.0697927707385863,"Real","train","ICFM","icfm",3.76954819473603,2.497260030376
-0.554834530250966,0.0211729639561573,"Real","train","ICFM","icfm",3.76954819473603,2.497260030376
-0.247019341300466,-0.214643844837954,"Real","train","ICFM","icfm",3.76954819473603,2.497260030376
0.127949041196392,-0.238761306329082,"Real","train","ICFM","icfm",3.76954819473603,2.497260030376
0.401408446073079,-0.0274291767831461,"Real","train","ICFM","icfm",3.76954819473603,2.497260030376
0.686118691434527,1.15643636277971,"Real","train","ICFM","icfm",3.76954819473603,2.497260030376
0.214702344970999,-0.559395917947752,"Real","train","ICFM","icfm",3.76954819473603,2.497260030376
-0.0480334304775299,-0.484388631944977,"Real","train","ICFM","icfm",3.76954819473603,2.497260030376
-0.369817310648758,0.223304499589814,"Real","train","ICFM","icfm",3.76954819473603,2.497260030376
-0.513337036133549,-0.159304644213779,"Real","train","ICFM","icfm",3.76954819473603,2.497260030376
-0.766020210066869,0.0914838400900502,"Real","train","ICFM","icfm",3.76954819473603,2.497260030376
-0.158875944557098,-0.0604433666423489,"Real","train","ICFM","icfm",3.76954819473603,2.497260030376
-0.65901258613187,0.0881726124805431,"Real","train","ICFM","icfm",3.76954819473603,2.497260030376
0.857708375044035,0.965388631895528,"Real","train","ICFM","icfm",3.76954819473603,2.497260030376
0.522430863142451,-0.206438715928198,"Real","train","ICFM","icfm",3.76954819473603,2.497260030376
0.575228114934873,-0.377117892652681,"Real","train","ICFM","icfm",3.76954819473603,2.497260030376
0.095937380103118,0.673026924159503,"Real","train","ICFM","icfm",3.76954819473603,2.497260030376
0.584098666440363,0.897975891073238,"Real","train","ICFM","icfm",3.76954819473603,2.497260030376
-0.622877220769645,-0.143697542771068,"Real","train","ICFM","icfm",3.76954819473603,2.497260030376
-0.890815435568278,0.32297971857784,"Real","train","ICFM","icfm",3.76954819473603,2.497260030376
-0.839089276789956,0.204693991409088,"Real","train","ICFM","icfm",3.76954819473603,2.497260030376
-0.564107595573345,-0.0108799799822042,"Real","train","ICFM","icfm",3.76954819473603,2.497260030376
0.0767491189541486,0.17472480150175,"Real","train","ICFM","icfm",3.76954819473603,2.497260030376
-0.57469427298212,0.0526301206309394,"Real","train","ICFM","icfm",3.76954819473603,2.497260030376
-0.77629292388307,0.551915915384769,"Real","train","ICFM","icfm",3.76954819473603,2.497260030376
0.401408446073079,-0.027429176783146,"Real","train","ICFM","icfm",3.76954819473603,2.497260030376
0.387844085149679,-0.533671791214158,"Real","train","ICFM","icfm",3.76954819473603,2.497260030376
0.15867872178483,0.138586471364537,"Real","train","ICFM","icfm",3.76954819473603,2.497260030376
0.375034367649284,0.12066230061451,"Real","train","ICFM","icfm",3.76954819473603,2.497260030376
0.323458055377309,-0.457670509194673,"Real","train","ICFM","icfm",3.76954819473603,2.497260030376
0.210115905728168,-0.65290529682518,"Real","train","ICFM","icfm",3.76954819473603,2.497260030376
-0.18935632998438,-0.206723362787688,"Real","train","ICFM","icfm",3.76954819473603,2.497260030376
-0.440228083597577,0.250094892887581,"Real","train","ICFM","icfm",3.76954819473603,2.497260030376
0.0602546765395313,-0.205522383242229,"Real","train","ICFM","icfm",3.76954819473603,2.497260030376
0.608817013616948,0.986938625809893,"Real","train","ICFM","icfm",3.76954819473603,2.497260030376
0.489827832571155,0.120351382121391,"Real","train","ICFM","icfm",3.76954819473603,2.497260030376
0.578172213539517,0.0877284513626492,"Real","train","ICFM","icfm",3.76954819473603,2.497260030376
0.581395841917862,0.0245008842482711,"Real","train","ICFM","icfm",3.76954819473603,2.497260030376
-0.433548212891043,-0.0118714562470368,"Real","train","ICFM","icfm",3.76954819473603,2.497260030376
0.335246882716526,-0.0489370003841963,"Real","train","ICFM","icfm",3.76954819473603,2.497260030376
-0.233756547630187,-0.0539109536241462,"Real","train","ICFM","icfm",3.76954819473603,2.497260030376
0.239915528866245,-0.142782374016891,"Real","train","ICFM","icfm",3.76954819473603,2.497260030376
-0.458978070460972,0.0815720042749418,"Real","train","ICFM","icfm",3.76954819473603,2.497260030376
0.13634244972383,-0.449360565296508,"Real","train","ICFM","icfm",3.76954819473603,2.497260030376
-0.0790058173088101,-0.131601780526016,"Real","train","ICFM","icfm",3.76954819473603,2.497260030376
0.53842683083188,0.0856436515524508,"Real","train","ICFM","icfm",3.76954819473603,2.497260030376
0.184368458119903,-0.146713432907171,"Real","train","ICFM","icfm",3.76954819473603,2.497260030376
-0.300598237411914,-0.410042587817147,"Real","train","ICFM","icfm",3.76954819473603,2.497260030376
0.130270474648591,-0.163313559762465,"Real","train","ICFM","icfm",3.76954819473603,2.497260030376
-0.710168724007517,-0.18022132537301,"Real","train","ICFM","icfm",3.76954819473603,2.497260030376
-0.0576449177756795,-0.163888264994895,"Real","train","ICFM","icfm",3.76954819473603,2.497260030376
0.0409260515566346,0.0780897678877886,"Real","train","ICFM","icfm",3.76954819473603,2.497260030376
0.651212318294976,0.0452741832874389,"Real","train","ICFM","icfm",3.76954819473603,2.497260030376
-0.729429131179055,0.298755849985459,"Real","train","ICFM","icfm",3.76954819473603,2.497260030376
-0.54321502865058,-0.333687294816305,"Real","train","ICFM","icfm",3.76954819473603,2.497260030376
-0.583460274776117,0.0378519899780453,"Real","train","ICFM","icfm",3.76954819473603,2.497260030376
0.411055601902144,-0.391853421169151,"Real","train","ICFM","icfm",3.76954819473603,2.497260030376
0.116527595333018,-0.0448929431596547,"Real","train","ICFM","icfm",3.76954819473603,2.497260030376
0.539245788280031,0.665614622549388,"Real","train","ICFM","icfm",3.76954819473603,2.497260030376
-0.462026587531516,0.0172011102614716,"Real","train","ICFM","icfm",3.76954819473603,2.497260030376
0.420152863224144,0.836574129798982,"Real","train","ICFM","icfm",3.76954819473603,2.497260030376
0.470529327696199,0.0519108738307053,"Real","train","ICFM","icfm",3.76954819473603,2.497260030376
0.460186306800436,0.0745210081912063,"Real","train","ICFM","icfm",3.76954819473603,2.497260030376
0.493144712092413,1.0135220107241,"Real","train","ICFM","icfm",3.76954819473603,2.497260030376
-0.810769716344962,0.235066696811901,"Real","train","ICFM","icfm",3.76954819473603,2.497260030376
-0.430408692942251,-0.427186328037653,"Real","train","ICFM","icfm",3.76954819473603,2.497260030376
0.282040726104016,-0.202575167397582,"Real","train","ICFM","icfm",3.76954819473603,2.497260030376
0.334256432953243,0.052843716526968,"Real","train","ICFM","icfm",3.76954819473603,2.497260030376
0.371721436645191,-0.197602365031998,"Real","train","ICFM","icfm",3.76954819473603,2.497260030376
0.693956883023394,1.1544906821974,"Real","train","ICFM","icfm",3.76954819473603,2.497260030376
0.697747684236884,1.16351384501266,"Real","train","ICFM","icfm",3.76954819473603,2.497260030376
-0.510511837206504,-0.0220454796148692,"Real","train","ICFM","icfm",3.76954819473603,2.497260030376
0.453840342564692,0.0829599503664051,"Real","train","ICFM","icfm",3.76954819473603,2.497260030376
0.156215541199232,-0.767752454207987,"Real","train","ICFM","icfm",3.76954819473603,2.497260030376
0.191785221337612,0.0288688754606354,"Real","train","ICFM","icfm",3.76954819473603,2.497260030376
0.50463685551751,0.0517714316716463,"Real","train","ICFM","icfm",3.76954819473603,2.497260030376
0.309063069483736,-0.782707017830448,"Real","train","ICFM","icfm",3.76954819473603,2.497260030376
0.301328343160666,0.881091022006141,"Real","train","ICFM","icfm",3.76954819473603,2.497260030376
0.103686165264032,-0.150869761925866,"Real","train","ICFM","icfm",3.76954819473603,2.497260030376
0.502994290196429,0.917213873338296,"Real","train","ICFM","icfm",3.76954819473603,2.497260030376
0.298059353467873,-0.286707810417635,"Real","train","ICFM","icfm",3.76954819473603,2.497260030376
-0.936977011320005,0.193884998760156,"Real","train","ICFM","icfm",3.76954819473603,2.497260030376
-0.654149395296975,-0.125181681087813,"Real","train","ICFM","icfm",3.76954819473603,2.497260030376
-0.252368369218071,-0.310205792827309,"Real","train","ICFM","icfm",3.76954819473603,2.497260030376
-0.538130487163743,-0.0631697505292329,"Real","train","ICFM","icfm",3.76954819473603,2.497260030376
-0.579600340193514,-0.0771010440765789,"Real","train","ICFM","icfm",3.76954819473603,2.497260030376
-0.167131840500807,-0.109923290812986,"Real","train","ICFM","icfm",3.76954819473603,2.497260030376
-0.0251753024409334,-0.414767860201242,"Real","train","ICFM","icfm",3.76954819473603,2.497260030376
0.236926209826207,-0.367164559795888,"Real","train","ICFM","icfm",3.76954819473603,2.497260030376
-0.512225435065903,0.0509577569556461,"Real","train","ICFM","icfm",3.76954819473603,2.497260030376
-0.0971664971361559,0.0561421056324782,"Real","train","ICFM","icfm",3.76954819473603,2.497260030376
-0.794595600229416,0.615319316715584,"Real","train","ICFM","icfm",3.76954819473603,2.497260030376
-0.306777065000252,-0.474602893081947,"Real","train","ICFM","icfm",3.76954819473603,2.497260030376
0.00804528070376344,-0.54709379512636,"Real","train","ICFM","icfm",3.76954819473603,2.497260030376
0.0982654774363696,-0.339186572279125,"Real","train","ICFM","icfm",3.76954819473603,2.497260030376
-0.48533376172385,0.245656430088688,"Real","train","ICFM","icfm",3.76954819473603,2.497260030376
0.398583485970628,-0.43569761643907,"Real","train","ICFM","icfm",3.76954819473603,2.497260030376
-0.26790926836619,-0.0409127758507305,"Real","train","ICFM","icfm",3.76954819473603,2.497260030376
-0.130549325014892,-0.40334950629007,"Real","train","ICFM","icfm",3.76954819473603,2.497260030376
0.423690866828923,1.16714688819362,"Real","train","ICFM","icfm",3.76954819473603,2.497260030376
0.0530954302075253,0.424801018992184,"Real","train","ICFM","icfm",3.76954819473603,2.497260030376
0.338075231027971,-0.652026043124902,"Real","train","ICFM","icfm",3.76954819473603,2.497260030376
-0.00584499052447283,-0.238318509285148,"Real","train","ICFM","icfm",3.76954819473603,2.497260030376
0.0496678825588769,-0.583361217947649,"Real","train","ICFM","icfm",3.76954819473603,2.497260030376
-0.61108997163644,0.0110123366756223,"Real","train","ICFM","icfm",3.76954819473603,2.497260030376
0.0739820956671749,-0.152425016232858,"Real","train","ICFM","icfm",3.76954819473603,2.497260030376
0.0530668690601477,-0.377582426841023,"Real","train","ICFM","icfm",3.76954819473603,2.497260030376
-0.358374584404482,-0.452010914402592,"Real","train","ICFM","icfm",3.76954819473603,2.497260030376
-0.491990687288436,-0.0428013121229659,"Real","train","ICFM","icfm",3.76954819473603,2.497260030376
-0.16810224478098,-0.180859441444365,"Real","train","ICFM","icfm",3.76954819473603,2.497260030376
-0.565637696768601,0.0624357822253013,"Real","train","ICFM","icfm",3.76954819473603,2.497260030376
-0.111685490566737,0.0529713320300811,"Real","train","ICFM","icfm",3.76954819473603,2.497260030376
0.196458747151435,0.085175124416718,"Real","train","ICFM","icfm",3.76954819473603,2.497260030376
0.162135944094165,0.893799719618722,"Real","train","ICFM","icfm",3.76954819473603,2.497260030376
-0.646276555179958,0.118417835755559,"Real","train","ICFM","icfm",3.76954819473603,2.497260030376
0.347089217327322,-0.145620114927731,"Real","train","ICFM","icfm",3.76954819473603,2.497260030376
0.150061431214248,-0.0891596226329967,"Real","train","ICFM","icfm",3.76954819473603,2.497260030376
0.691323678821666,-0.339301858421394,"Real","train","ICFM","icfm",3.76954819473603,2.497260030376
-0.151402985544212,-0.431016231974331,"Real","train","ICFM","icfm",3.76954819473603,2.497260030376
-0.703112443230433,0.1331639931632,"Real","train","ICFM","icfm",3.76954819473603,2.497260030376
-0.470675163164024,-0.0853915111369487,"Real","train","ICFM","icfm",3.76954819473603,2.497260030376
0.249800699437492,-0.334435780600389,"Real","train","ICFM","icfm",3.76954819473603,2.497260030376
0.287482130477225,-0.578277208007889,"Real","train","ICFM","icfm",3.76954819473603,2.497260030376
0.578926436371692,0.0836331959497869,"Real","train","ICFM","icfm",3.76954819473603,2.497260030376
0.150265182565491,-0.362998027505557,"Real","train","ICFM","icfm",3.76954819473603,2.497260030376
-0.707740474404632,0.0637456645828109,"Real","train","ICFM","icfm",3.76954819473603,2.497260030376
0.0911666741818798,-0.504750716542901,"Real","train","ICFM","icfm",3.76954819473603,2.497260030376
0.155478015295814,0.61491254582956,"Real","train","ICFM","icfm",3.76954819473603,2.497260030376
0.162962470593171,-0.259874550690668,"Real","train","ICFM","icfm",3.76954819473603,2.497260030376
-0.042851530817587,0.126960646262726,"Real","train","ICFM","icfm",3.76954819473603,2.497260030376
-0.661092291844445,-0.167048132860705,"Real","train","ICFM","icfm",3.76954819473603,2.497260030376
-0.349840078134358,-0.0613200713578523,"Real","train","ICFM","icfm",3.76954819473603,2.497260030376
-0.743732184749262,-0.213392738865721,"Real","train","ICFM","icfm",3.76954819473603,2.497260030376
0.520155092445772,-0.0664931947095868,"Real","train","ICFM","icfm",3.76954819473603,2.497260030376
-0.63421185088746,-0.142023882074409,"Real","train","ICFM","icfm",3.76954819473603,2.497260030376
-0.743328131639422,-0.00475136687836856,"Real","train","ICFM","icfm",3.76954819473603,2.497260030376
-0.665673707721733,0.0587071275794955,"Real","train","ICFM","icfm",3.76954819473603,2.497260030376
0.566595043753566,1.10745602388329,"Real","train","ICFM","icfm",3.76954819473603,2.497260030376
-0.382107408017052,-0.338411137011989,"Real","train","ICFM","icfm",3.76954819473603,2.497260030376
-0.536788706488977,-0.226896875310572,"Real","train","ICFM","icfm",3.76954819473603,2.497260030376
-0.466057466553305,-0.379859973536176,"Real","train","ICFM","icfm",3.76954819473603,2.497260030376
-0.299349002514195,-0.184233655767379,"Real","train","ICFM","icfm",3.76954819473603,2.497260030376
0.473207943472476,0.25930195607448,"Real","train","ICFM","icfm",3.76954819473603,2.497260030376
0.594417306627993,1.01034720133004,"Real","train","ICFM","icfm",3.76954819473603,2.497260030376
0.497871010708314,0.465947394050864,"Real","train","ICFM","icfm",3.76954819473603,2.497260030376
0.155635901954007,-0.182580495735859,"Real","train","ICFM","icfm",3.76954819473603,2.497260030376
-0.00216472806642487,-0.28659611153006,"Real","train","ICFM","icfm",3.76954819473603,2.497260030376
0.401996791360132,0.0475291521429352,"Real","train","ICFM","icfm",3.76954819473603,2.497260030376
0.0832243742939614,-0.344269021548339,"Real","train","ICFM","icfm",3.76954819473603,2.497260030376
0.0618786474941655,0.114170995741486,"Real","train","ICFM","icfm",3.76954819473603,2.497260030376
-0.176307612314073,-0.226327992625588,"Real","train","ICFM","icfm",3.76954819473603,2.497260030376
-0.345521048647262,-0.0259651181794435,"Real","train","ICFM","icfm",3.76954819473603,2.497260030376
-0.572035617717205,0.202249307727545,"Real","train","ICFM","icfm",3.76954819473603,2.497260030376
0.581136013532951,-0.252100412489343,"Real","train","ICFM","icfm",3.76954819473603,2.497260030376
0.00935771334049671,-0.440164586388312,"Real","train","ICFM","icfm",3.76954819473603,2.497260030376
0.112046541432981,-0.261390169611115,"Real","train","ICFM","icfm",3.76954819473603,2.497260030376
-0.306291021215888,-0.259737587429657,"Real","train","ICFM","icfm",3.76954819473603,2.497260030376
-0.904564024805836,0.318541688935871,"Real","train","ICFM","icfm",3.76954819473603,2.497260030376
-0.741136911269171,-0.0558080901497017,"Real","train","ICFM","icfm",3.76954819473603,2.497260030376
-0.297133188445934,0.441927195130799,"Real","train","ICFM","icfm",3.76954819473603,2.497260030376
-0.4951858178694,0.341851363731116,"Real","train","ICFM","icfm",3.76954819473603,2.497260030376
0.482667173857282,-0.02295833308226,"Real","train","ICFM","icfm",3.76954819473603,2.497260030376
0.490162487801876,0.0848069391472638,"Real","train","ICFM","icfm",3.76954819473603,2.497260030376
-0.585792922596749,-0.0858974903291583,"Real","train","ICFM","icfm",3.76954819473603,2.497260030376
-0.966976036599469,0.050301505158405,"Real","train","ICFM","icfm",3.76954819473603,2.497260030376
-0.62956775738468,0.32826826921058,"Real","train","ICFM","icfm",3.76954819473603,2.497260030376
-0.530676103877562,-0.196897899396129,"Real","train","ICFM","icfm",3.76954819473603,2.497260030376
-0.206805076004365,-0.378219326561951,"Real","train","ICFM","icfm",3.76954819473603,2.497260030376
0.531927045801701,0.626105159969117,"Real","train","ICFM","icfm",3.76954819473603,2.497260030376
0.33925313576407,-0.304597231176794,"Real","train","ICFM","icfm",3.76954819473603,2.497260030376
0.296695173898592,0.0863285837943916,"Real","train","ICFM","icfm",3.76954819473603,2.497260030376
0.670707451484525,0.857696330618947,"Real","train","ICFM","icfm",3.76954819473603,2.497260030376
0.401732632444351,-0.0333485120769042,"Real","train","ICFM","icfm",3.76954819473603,2.497260030376
-0.558348394413139,-0.342336565930463,"Real","train","ICFM","icfm",3.76954819473603,2.497260030376
0.624755384738907,0.661122420967317,"Real","train","ICFM","icfm",3.76954819473603,2.497260030376
0.345939322621106,0.0605630711239608,"Real","train","ICFM","icfm",3.76954819473603,2.497260030376
-0.234994832445222,-0.190616798400414,"Real","train","ICFM","icfm",3.76954819473603,2.497260030376
-0.788860815157157,0.328779616438451,"Real","train","ICFM","icfm",3.76954819473603,2.497260030376
-0.481094697625715,-0.000411112543700977,"Real","train","ICFM","icfm",3.76954819473603,2.497260030376
-0.311663217524941,-0.081011930555029,"Real","train","ICFM","icfm",3.76954819473603,2.497260030376
-0.192506769926577,0.0275047270513142,"Real","train","ICFM","icfm",3.76954819473603,2.497260030376
0.357563454789993,0.10471925626877,"Real","train","ICFM","icfm",3.76954819473603,2.497260030376
0.605531575601795,0.0632226757426941,"Real","train","ICFM","icfm",3.76954819473603,2.497260030376
0.613503116812212,0.00449986631802177,"Real","train","ICFM","icfm",3.76954819473603,2.497260030376
0.545937457346126,0.0812775761140223,"Real","train","ICFM","icfm",3.76954819473603,2.497260030376
-0.271114195739585,0.10719001530062,"Real","train","ICFM","icfm",3.76954819473603,2.497260030376
-0.289469468511621,0.119437800532373,"Real","train","ICFM","icfm",3.76954819473603,2.497260030376
-0.150734609582041,-0.496136402673223,"Real","train","ICFM","icfm",3.76954819473603,2.497260030376
-0.291687188361989,-0.327498293217598,"Real","train","ICFM","icfm",3.76954819473603,2.497260030376
-0.478690964504719,0.274814179740288,"Real","train","ICFM","icfm",3.76954819473603,2.497260030376
-0.122090203283423,-0.386333321726544,"Real","train","ICFM","icfm",3.76954819473603,2.497260030376
-0.296653050098784,-0.287961473463918,"Real","train","ICFM","icfm",3.76954819473603,2.497260030376
-0.567053184455864,-0.00177274182399943,"Real","train","ICFM","icfm",3.76954819473603,2.497260030376
0.625234131558158,0.88693498073581,"Real","train","ICFM","icfm",3.76954819473603,2.497260030376
-0.81777229975763,0.104036831401113,"Real","train","ICFM","icfm",3.76954819473603,2.497260030376
-0.226535891950051,0.0171873357999078,"Real","train","ICFM","icfm",3.76954819473603,2.497260030376
0.541814208435678,0.884551014324611,"Real","train","ICFM","icfm",3.76954819473603,2.497260030376
-0.333719083907889,-0.490398962464081,"Real","train","ICFM","icfm",3.76954819473603,2.497260030376
-0.510297886639191,-0.0162726694216501,"Real","train","ICFM","icfm",3.76954819473603,2.497260030376
-0.915307918274735,0.175290803478489,"Real","train","ICFM","icfm",3.76954819473603,2.497260030376
-0.366931770932203,-0.0580845123379868,"Real","train","ICFM","icfm",3.76954819473603,2.497260030376
0.626416720757212,0.0266148331849769,"Real","train","ICFM","icfm",3.76954819473603,2.497260030376
0.384181271494771,-0.0406030389599394,"Real","train","ICFM","icfm",3.76954819473603,2.497260030376
-0.166642532310174,-0.217248446563417,"Real","train","ICFM","icfm",3.76954819473603,2.497260030376
-0.435337883688899,0.322013263735866,"Real","train","ICFM","icfm",3.76954819473603,2.497260030376
0.42644374609821,-0.0264528135019745,"Real","train","ICFM","icfm",3.76954819473603,2.497260030376
-0.476831490374353,-0.0183085894269368,"Real","train","ICFM","icfm",3.76954819473603,2.497260030376
-0.0417747309869282,-0.162680398736163,"Real","train","ICFM","icfm",3.76954819473603,2.497260030376
0.191328491599977,-0.17663822006771,"Real","train","ICFM","icfm",3.76954819473603,2.497260030376
-0.0394174252416557,-0.186623658709402,"Real","train","ICFM","icfm",3.76954819473603,2.497260030376
-0.455669067099876,-0.181860227360022,"Real","train","ICFM","icfm",3.76954819473603,2.497260030376
0.390458950312691,0.128011627080707,"Real","train","ICFM","icfm",3.76954819473603,2.497260030376
-0.735441040402646,-0.248478908205636,"Real","train","ICFM","icfm",3.76954819473603,2.497260030376
-0.533808050725743,0.133407831233376,"Real","train","ICFM","icfm",3.76954819473603,2.497260030376
0.320294880520858,0.0713145810894444,"Real","train","ICFM","icfm",3.76954819473603,2.497260030376
-0.777949990911213,0.179284446224775,"Real","train","ICFM","icfm",3.76954819473603,2.497260030376
0.584966042941732,1.05624961241436,"Real","train","ICFM","icfm",3.76954819473603,2.497260030376
0.488309129840129,0.068660624282036,"Real","train","ICFM","icfm",3.76954819473603,2.497260030376
-0.582205603832078,0.107766173108269,"Real","train","ICFM","icfm",3.76954819473603,2.497260030376
0.240768500412439,0.0664675994403271,"Real","train","ICFM","icfm",3.76954819473603,2.497260030376
0.0215989188200992,0.0147603887771349,"Real","train","ICFM","icfm",3.76954819473603,2.497260030376
-0.232880418368314,-0.259671841522936,"Real","train","ICFM","icfm",3.76954819473603,2.497260030376
-0.248841804957484,-0.0578171501940543,"Real","train","ICFM","icfm",3.76954819473603,2.497260030376
0.562259809309001,0.0917730576119381,"Real","train","ICFM","icfm",3.76954819473603,2.497260030376
-0.824278473927099,0.105413462461476,"Real","train","ICFM","icfm",3.76954819473603,2.497260030376
-0.792956543408799,0.579561365585019,"Real","train","ICFM","icfm",3.76954819473603,2.497260030376
-0.433365621594263,-0.0455625189652479,"Real","train","ICFM","icfm",3.76954819473603,2.497260030376
-0.81332986568387,0.101506454407375,"Real","train","ICFM","icfm",3.76954819473603,2.497260030376
0.144858195808095,-0.564615063687354,"Real","train","ICFM","icfm",3.76954819473603,2.497260030376
0.418678936863899,-0.112656831505806,"Real","train","ICFM","icfm",3.76954819473603,2.497260030376
-0.172680091231081,-0.15485837876286,"Real","train","ICFM","icfm",3.76954819473603,2.497260030376
-0.39465406175847,-0.155661590304993,"Real","train","ICFM","icfm",3.76954819473603,2.497260030376
0.252689393883297,0.326597094125362,"Real","train","ICFM","icfm",3.76954819473603,2.497260030376
0.24330251541418,-0.74696213832386,"Real","train","ICFM","icfm",3.76954819473603,2.497260030376
0.363942014505379,-0.540666386040979,"Real","train","ICFM","icfm",3.76954819473603,2.497260030376
-0.595993609150714,-0.175343751364433,"Real","train","ICFM","icfm",3.76954819473603,2.497260030376
0.00657353636222052,0.118980863167642,"Real","train","ICFM","icfm",3.76954819473603,2.497260030376
-0.3572235245186,-0.0563179410848443,"Real","train","ICFM","icfm",3.76954819473603,2.497260030376
0.539900418535238,-0.24869066802087,"Real","train","ICFM","icfm",3.76954819473603,2.497260030376
0.282574342153714,-0.710946409310648,"Real","train","ICFM","icfm",3.76954819473603,2.497260030376
-0.113900688116046,0.046601362861516,"Real","train","ICFM","icfm",3.76954819473603,2.497260030376
0.567611655283015,-0.33808020016788,"Real","train","ICFM","icfm",3.76954819473603,2.497260030376
0.183731378120988,-0.768045308998605,"Real","train","ICFM","icfm",3.76954819473603,2.497260030376
-0.79306020340169,0.0128527297865645,"Real","train","ICFM","icfm",3.76954819473603,2.497260030376
-0.195499096877891,-0.0510719628209731,"Real","train","ICFM","icfm",3.76954819473603,2.497260030376
0.472552666263803,0.0808936126373855,"Real","train","ICFM","icfm",3.76954819473603,2.497260030376
0.262230793795664,-0.43946048629019,"Real","train","ICFM","icfm",3.76954819473603,2.497260030376
-0.256227680038266,-0.166474281358468,"Real","train","ICFM","icfm",3.76954819473603,2.497260030376
0.472370951132402,0.098155842763543,"Real","train","ICFM","icfm",3.76954819473603,2.497260030376
0.579880901628047,0.0793223817853965,"Real","train","ICFM","icfm",3.76954819473603,2.497260030376
-0.0860500944196442,-0.232737439499563,"Real","train","ICFM","icfm",3.76954819473603,2.497260030376
0.289192887926137,-0.697244136818021,"Real","train","ICFM","icfm",3.76954819473603,2.497260030376
-0.593083439677595,0.2159055742091,"Real","train","ICFM","icfm",3.76954819473603,2.497260030376
-0.456244710754664,-0.117648308569154,"Real","train","ICFM","icfm",3.76954819473603,2.497260030376
-0.675392765090276,-0.00429741471224143,"Real","train","ICFM","icfm",3.76954819473603,2.497260030376
0.181223800256723,-0.154781787845319,"Real","train","ICFM","icfm",3.76954819473603,2.497260030376
0.50879693469082,0.0364394079172731,"Real","train","ICFM","icfm",3.76954819473603,2.497260030376
-0.261568548462737,-0.0878736418254963,"Real","train","ICFM","icfm",3.76954819473603,2.497260030376
-0.635788219675687,0.0397715786666697,"Real","train","ICFM","icfm",3.76954819473603,2.497260030376
-0.103479167104099,-0.0725092857209811,"Real","train","ICFM","icfm",3.76954819473603,2.497260030376
-0.519574017015834,-0.0607087358134451,"Real","train","ICFM","icfm",3.76954819473603,2.497260030376
-0.692096822430387,0.0416673532357299,"Real","train","ICFM","icfm",3.76954819473603,2.497260030376
0.56068224326611,-0.0426874631611026,"Real","train","ICFM","icfm",3.76954819473603,2.497260030376
0.550733358543411,0.621361207405809,"Real","train","ICFM","icfm",3.76954819473603,2.497260030376
-0.162911173038487,-0.161025837229682,"Real","train","ICFM","icfm",3.76954819473603,2.497260030376
-0.628069160868109,0.366496744434763,"Real","train","ICFM","icfm",3.76954819473603,2.497260030376
-0.341125515714601,-0.224361688960754,"Real","train","ICFM","icfm",3.76954819473603,2.497260030376
0.59957917208132,-0.326961726238692,"Real","train","ICFM","icfm",3.76954819473603,2.497260030376
0.531173000252508,0.188416335072374,"Real","train","ICFM","icfm",3.76954819473603,2.497260030376
-0.895049998319337,0.0613143997193323,"Real","train","ICFM","icfm",3.76954819473603,2.497260030376
0.00318675983927146,-0.547408506736959,"Real","train","ICFM","icfm",3.76954819473603,2.497260030376
0.89554925877132,0.960198319112607,"Real","train","ICFM","icfm",3.76954819473603,2.497260030376
0.243270529453525,-0.669356530521496,"Real","train","ICFM","icfm",3.76954819473603,2.497260030376
-0.0945080270387765,0.0869463072064742,"Real","train","ICFM","icfm",3.76954819473603,2.497260030376
0.398871127422564,-0.404430006517377,"Real","train","ICFM","icfm",3.76954819473603,2.497260030376
-0.402538076774439,0.0487906742323042,"Real","train","ICFM","icfm",3.76954819473603,2.497260030376
-0.0158679406659155,-0.193435389101561,"Real","train","ICFM","icfm",3.76954819473603,2.497260030376
0.283819314559355,-0.171503751958463,"Real","train","ICFM","icfm",3.76954819473603,2.497260030376
0.229436861317625,-0.147523257203392,"Real","train","ICFM","icfm",3.76954819473603,2.497260030376
0.201295644417226,0.0608886774101535,"Real","train","ICFM","icfm",3.76954819473603,2.497260030376
-0.261793365936669,-0.2432773005847,"Real","train","ICFM","icfm",3.76954819473603,2.497260030376
0.218021828658457,-0.587439934899059,"Real","train","ICFM","icfm",3.76954819473603,2.497260030376
-0.40024638448849,0.2377688549634,"Real","train","ICFM","icfm",3.76954819473603,2.497260030376
-0.627023871276843,-0.13600177073385,"Real","train","ICFM","icfm",3.76954819473603,2.497260030376
0.330934776338454,0.150601857978398,"Real","train","ICFM","icfm",3.76954819473603,2.497260030376
-0.169294257892079,-0.524545778813504,"Real","train","ICFM","icfm",3.76954819473603,2.497260030376
-0.645060608089108,0.245686404390058,"Real","train","ICFM","icfm",3.76954819473603,2.497260030376
-0.350319585157768,0.208935303661564,"Real","train","ICFM","icfm",3.76954819473603,2.497260030376
-0.441331616127065,-0.0849909554441444,"Real","train","ICFM","icfm",3.76954819473603,2.497260030376
0.612459556578116,0.0855667531188459,"Real","train","ICFM","icfm",3.76954819473603,2.497260030376
0.462893150481607,-0.0736343094339142,"Real","train","ICFM","icfm",3.76954819473603,2.497260030376
-0.284169230966842,-0.19078154614903,"Real","train","ICFM","icfm",3.76954819473603,2.497260030376
0.348036788232327,0.0384710757926123,"Real","train","ICFM","icfm",3.76954819473603,2.497260030376
-0.0190569706613251,0.106371540470156,"Real","train","ICFM","icfm",3.76954819473603,2.497260030376
-0.550704031753203,0.0392926069880994,"Real","train","ICFM","icfm",3.76954819473603,2.497260030376
0.665203663573814,0.669660397744512,"Real","train","ICFM","icfm",3.76954819473603,2.497260030376
-0.667620867966093,0.0140438112326094,"Real","train","ICFM","icfm",3.76954819473603,2.497260030376
0.339957979664283,-0.50777549385121,"Real","train","ICFM","icfm",3.76954819473603,2.497260030376
-0.761330683487988,0.076007716021606,"Real","train","ICFM","icfm",3.76954819473603,2.497260030376
-0.678647045579736,0.0058764792729257,"Real","train","ICFM","icfm",3.76954819473603,2.497260030376
0.807887987041347,0.853868517740601,"Real","train","ICFM","icfm",3.76954819473603,2.497260030376
-0.237942933245104,-0.0618567829159184,"Real","train","ICFM","icfm",3.76954819473603,2.497260030376
-0.307586126473415,-0.211835894993109,"Real","train","ICFM","icfm",3.76954819473603,2.497260030376
-0.376848900895221,-0.256593492226401,"Real","train","ICFM","icfm",3.76954819473603,2.497260030376
0.408504919164008,-0.365989755606865,"Real","train","ICFM","icfm",3.76954819473603,2.497260030376
-0.650661895135151,-0.296867287583375,"Real","train","ICFM","icfm",3.76954819473603,2.497260030376
0.594862005077239,-0.0124812738452616,"Real","train","ICFM","icfm",3.76954819473603,2.497260030376
0.428466347085834,0.0642344274830669,"Real","train","ICFM","icfm",3.76954819473603,2.497260030376
0.137327554772461,-0.071882815578045,"Real","train","ICFM","icfm",3.76954819473603,2.497260030376
-0.00403033745653217,-0.142709787787479,"Real","train","ICFM","icfm",3.76954819473603,2.497260030376
-0.467523272017622,-0.0520933164364188,"Real","train","ICFM","icfm",3.76954819473603,2.497260030376
0.381797686709604,-0.0411873650030228,"Real","train","ICFM","icfm",3.76954819473603,2.497260030376
-0.618074468523701,0.194224610412475,"Real","train","ICFM","icfm",3.76954819473603,2.497260030376
-0.914255058602537,0.093460707801289,"Real","train","ICFM","icfm",3.76954819473603,2.497260030376
0.29339064504658,-0.171150169583161,"Real","train","ICFM","icfm",3.76954819473603,2.497260030376
-0.867753961610063,0.058644999605351,"Real","train","ICFM","icfm",3.76954819473603,2.497260030376
0.553486072433005,0.0569719256414927,"Real","train","ICFM","icfm",3.76954819473603,2.497260030376
0.73723337383405,1.09737480492687,"Real","train","ICFM","icfm",3.76954819473603,2.497260030376
-0.514667192015672,0.123848133101061,"Real","train","ICFM","icfm",3.76954819473603,2.497260030376
0.0700585539813986,-0.366953265547896,"Real","train","ICFM","icfm",3.76954819473603,2.497260030376
0.276193836264733,-0.316332418081042,"Real","train","ICFM","icfm",3.76954819473603,2.497260030376
0.42236125975081,0.734511702752953,"Real","train","ICFM","icfm",3.76954819473603,2.497260030376
-0.52621178906121,-0.0353267301896142,"Real","train","ICFM","icfm",3.76954819473603,2.497260030376
-0.760615192346099,0.616881912792689,"Real","train","ICFM","icfm",3.76954819473603,2.497260030376
0.0474590468309402,-0.424703593332682,"Real","train","ICFM","icfm",3.76954819473603,2.497260030376
-0.247217440159291,-0.394490475323411,"Real","train","ICFM","icfm",3.76954819473603,2.497260030376
-0.0142351842079287,-0.497369299191027,"Real","train","ICFM","icfm",3.76954819473603,2.497260030376
0.49384484192989,-0.0276384331706798,"Real","train","ICFM","icfm",3.76954819473603,2.497260030376
0.449744941560211,-0.382309485238578,"Real","train","ICFM","icfm",3.76954819473603,2.497260030376
0.276025044913311,-0.0192804225870325,"Real","train","ICFM","icfm",3.76954819473603,2.497260030376
-0.707309228023552,-0.172018564289819,"Real","train","ICFM","icfm",3.76954819473603,2.497260030376
0.345196058283891,-0.267304039337994,"Real","train","ICFM","icfm",3.76954819473603,2.497260030376
0.540734048282597,-0.233501998739763,"Real","train","ICFM","icfm",3.76954819473603,2.497260030376
-0.495423528694846,-0.00632505247215286,"Real","train","ICFM","icfm",3.76954819473603,2.497260030376
-0.759237035794001,0.600294547611009,"Real","train","ICFM","icfm",3.76954819473603,2.497260030376
-0.90523151096646,0.138567687636997,"Real","train","ICFM","icfm",3.76954819473603,2.497260030376
-0.362255741794241,-0.126777206302349,"Real","train","ICFM","icfm",3.76954819473603,2.497260030376
-0.404196677992621,-0.184424003860726,"Real","train","ICFM","icfm",3.76954819473603,2.497260030376
0.111570882778121,-0.0696203492823195,"Real","train","ICFM","icfm",3.76954819473603,2.497260030376
-0.758598250779341,-0.100925994037452,"Real","train","ICFM","icfm",3.76954819473603,2.497260030376
-0.481112786120856,0.369467503299064,"Real","train","ICFM","icfm",3.76954819473603,2.497260030376
0.30728719995926,-0.39155882942328,"Real","train","ICFM","icfm",3.76954819473603,2.497260030376
0.229452618631661,-0.742076390439583,"Real","train","ICFM","icfm",3.76954819473603,2.497260030376
-0.233851213838621,-0.414316725840484,"Real","train","ICFM","icfm",3.76954819473603,2.497260030376
-0.640877392641708,-0.0959037071325633,"Real","train","ICFM","icfm",3.76954819473603,2.497260030376
0.4859802297927,0.0712666891453688,"Real","train","ICFM","icfm",3.76954819473603,2.497260030376
0.0255328525081434,-0.507544823900142,"Real","train","ICFM","icfm",3.76954819473603,2.497260030376
-0.714049734981555,0.28808314013246,"Real","train","ICFM","icfm",3.76954819473603,2.497260030376
0.531564996874619,1.20467888096615,"Real","train","ICFM","icfm",3.76954819473603,2.497260030376
0.459494362402499,0.121069697458693,"Real","train","ICFM","icfm",3.76954819473603,2.497260030376
-0.0771899122181131,-0.471498475376574,"Real","train","ICFM","icfm",3.76954819473603,2.497260030376
-0.181375972176306,-0.0684855476302213,"Real","train","ICFM","icfm",3.76954819473603,2.497260030376
-0.162520234719078,-0.0995579673452215,"Real","train","ICFM","icfm",3.76954819473603,2.497260030376
-0.0547612863874557,-0.481596012226559,"Real","train","ICFM","icfm",3.76954819473603,2.497260030376
-0.124644442532834,-0.0604399074773232,"Real","train","ICFM","icfm",3.76954819473603,2.497260030376
0.548160596852778,0.0873554181109043,"Real","train","ICFM","icfm",3.76954819473603,2.497260030376
0.51557884935883,0.0906010659667134,"Real","train","ICFM","icfm",3.76954819473603,2.497260030376
-0.313571735833554,-0.115473639359422,"Real","train","ICFM","icfm",3.76954819473603,2.497260030376
0.722292087072875,1.13101355193083,"Real","train","ICFM","icfm",3.76954819473603,2.497260030376
-0.57323563145703,0.0687783477819842,"Real","train","ICFM","icfm",3.76954819473603,2.497260030376
0.511499650751008,0.881132349345164,"Real","train","ICFM","icfm",3.76954819473603,2.497260030376
0.56868868409072,-0.340794519309799,"Real","train","ICFM","icfm",3.76954819473603,2.497260030376
0.0142607888676782,-0.296635946925129,"Real","train","ICFM","icfm",3.76954819473603,2.497260030376
-0.466251726096299,0.321622127825779,"Real","train","ICFM","icfm",3.76954819473603,2.497260030376
-0.407836614019352,-0.275734869426423,"Real","train","ICFM","icfm",3.76954819473603,2.497260030376
0.742066170486677,1.11100311040364,"Real","train","ICFM","icfm",3.76954819473603,2.497260030376
0.438054900541518,0.117151371438359,"Real","train","ICFM","icfm",3.76954819473603,2.497260030376
0.47628102898156,0.140109964242136,"Real","train","ICFM","icfm",3.76954819473603,2.497260030376
-0.613300793774279,0.340805329387969,"Real","train","ICFM","icfm",3.76954819473603,2.497260030376
0.154222872518257,-0.774654433098171,"Real","train","ICFM","icfm",3.76954819473603,2.497260030376
0.457266536029803,-0.196124768844033,"Real","train","ICFM","icfm",3.76954819473603,2.497260030376
-0.188842554854273,-0.144619377975154,"Real","train","ICFM","icfm",3.76954819473603,2.497260030376
0.466579585899416,0.471034225952811,"Real","train","ICFM","icfm",3.76954819473603,2.497260030376
0.570910022513255,0.0577808651980168,"Real","train","ICFM","icfm",3.76954819473603,2.497260030376
-0.487937722098351,0.147056211164206,"Real","train","ICFM","icfm",3.76954819473603,2.497260030376
-0.378616211984699,0.00893283413443236,"Real","train","ICFM","icfm",3.76954819473603,2.497260030376
-0.554338566549747,-0.0748676770228942,"Real","train","ICFM","icfm",3.76954819473603,2.497260030376
0.00767457348757148,-0.215995681658999,"Real","train","ICFM","icfm",3.76954819473603,2.497260030376
0.542546243598434,1.04326636608085,"Real","train","ICFM","icfm",3.76954819473603,2.497260030376
-0.78761979272811,0.285699817504539,"Real","train","ICFM","icfm",3.76954819473603,2.497260030376
0.215561239543185,-0.280702636942608,"Real","train","ICFM","icfm",3.76954819473603,2.497260030376
0.396510519476784,-0.339801525788115,"Real","train","ICFM","icfm",3.76954819473603,2.497260030376
0.368204665309298,-0.442166402392333,"Real","train","ICFM","icfm",3.76954819473603,2.497260030376
-0.444419302276793,0.198767883536174,"Real","train","ICFM","icfm",3.76954819473603,2.497260030376
0.656029899357815,-0.242020700665336,"Real","train","ICFM","icfm",3.76954819473603,2.497260030376
-0.39913180962065,-0.411319650265496,"Real","train","ICFM","icfm",3.76954819473603,2.497260030376
0.630477471078673,0.0440055496992015,"Real","train","ICFM","icfm",3.76954819473603,2.497260030376
0.230304209193673,-0.70245258145874,"Real","train","ICFM","icfm",3.76954819473603,2.497260030376
-0.423207438774089,-0.214826868869005,"Real","train","ICFM","icfm",3.76954819473603,2.497260030376
0.163763285086757,-0.598781123871492,"Real","train","ICFM","icfm",3.76954819473603,2.497260030376
0.349578892467861,0.62828817419701,"Real","train","ICFM","icfm",3.76954819473603,2.497260030376
0.71276786259718,0.708327870819165,"Real","train","ICFM","icfm",3.76954819473603,2.497260030376
0.220010765224983,-0.43734451581186,"Real","train","ICFM","icfm",3.76954819473603,2.497260030376
0.348756680962224,-0.457674306790344,"Real","train","ICFM","icfm",3.76954819473603,2.497260030376
0.31378228892891,0.0407459714007371,"Real","train","ICFM","icfm",3.76954819473603,2.497260030376
0.272214164093635,-0.168638649901898,"Real","train","ICFM","icfm",3.76954819473603,2.497260030376
-0.902274360073532,0.0639003367579628,"Real","train","ICFM","icfm",3.76954819473603,2.497260030376
0.525821222457018,0.896126291262214,"Real","train","ICFM","icfm",3.76954819473603,2.497260030376
-0.37926193675538,-0.183826863673733,"Real","train","ICFM","icfm",3.76954819473603,2.497260030376
-0.576163198593876,-0.305992711430086,"Real","train","ICFM","icfm",3.76954819473603,2.497260030376
-0.862955992428072,0.372541042453639,"Real","train","ICFM","icfm",3.76954819473603,2.497260030376
-0.0255029016166666,-0.290522106045455,"Real","train","ICFM","icfm",3.76954819473603,2.497260030376
0.301546615570721,0.0680020925612407,"Real","train","ICFM","icfm",3.76954819473603,2.497260030376
0.0413706392309097,-0.0745870344440117,"Real","train","ICFM","icfm",3.76954819473603,2.497260030376
-0.433284261116423,-0.389850687421727,"Real","train","ICFM","icfm",3.76954819473603,2.497260030376
-0.663577611012512,0.263986210733256,"Real","train","ICFM","icfm",3.76954819473603,2.497260030376
0.573677867813991,0.0758655459569837,"Real","train","ICFM","icfm",3.76954819473603,2.497260030376
0.246815589434379,0.000507582851228271,"Real","train","ICFM","icfm",3.76954819473603,2.497260030376
-0.728121923245748,0.496199255939837,"Real","train","ICFM","icfm",3.76954819473603,2.497260030376
0.433364989677789,0.0764676567054763,"Real","train","ICFM","icfm",3.76954819473603,2.497260030376
0.199697852839876,0.0280112206229626,"Real","train","ICFM","icfm",3.76954819473603,2.497260030376
0.246426471791882,-0.56134237347382,"Real","train","ICFM","icfm",3.76954819473603,2.497260030376
0.529923116581268,1.02016395303688,"Real","train","ICFM","icfm",3.76954819473603,2.497260030376
0.186216421975846,-0.592184279025595,"Real","train","ICFM","icfm",3.76954819473603,2.497260030376
0.497427209358473,0.0706425458852346,"Real","train","ICFM","icfm",3.76954819473603,2.497260030376
-0.732976445405552,0.273500592214147,"Real","train","ICFM","icfm",3.76954819473603,2.497260030376
0.501407196174719,0.117739977234535,"Real","train","ICFM","icfm",3.76954819473603,2.497260030376
0.590799489023172,0.911525263763614,"Real","train","ICFM","icfm",3.76954819473603,2.497260030376
-0.732674202302943,0.163591504613041,"Real","train","ICFM","icfm",3.76954819473603,2.497260030376
-0.231582540725072,0.180139195209202,"Real","train","ICFM","icfm",3.76954819473603,2.497260030376
-0.226724029419973,-0.173955485521416,"Real","train","ICFM","icfm",3.76954819473603,2.497260030376
-0.421546198119381,-0.0290500337189769,"Real","train","ICFM","icfm",3.76954819473603,2.497260030376
0.57453812734984,0.456999802175941,"Real","train","ICFM","icfm",3.76954819473603,2.497260030376
-0.259854900423705,-0.309547592846341,"Real","train","ICFM","icfm",3.76954819473603,2.497260030376
-0.688532028562245,0.0137856406123676,"Real","train","ICFM","icfm",3.76954819473603,2.497260030376
0.582798419098,-0.373244610007354,"Real","train","ICFM","icfm",3.76954819473603,2.497260030376
0.538614433545201,-0.24970119786486,"Real","train","ICFM","icfm",3.76954819473603,2.497260030376
-0.268112313890095,-0.16589793645842,"Real","train","ICFM","icfm",3.76954819473603,2.497260030376
0.44645410608914,0.992974486783162,"Real","train","ICFM","icfm",3.76954819473603,2.497260030376
-0.675137360648847,0.262447292329704,"Real","train","ICFM","icfm",3.76954819473603,2.497260030376
-0.704829313162385,-0.154237210652354,"Real","train","ICFM","icfm",3.76954819473603,2.497260030376
-0.116397864451589,-0.247081287251986,"Real","train","ICFM","icfm",3.76954819473603,2.497260030376
-0.891398651474374,0.100152709985833,"Real","train","ICFM","icfm",3.76954819473603,2.497260030376
-0.526909872115522,-0.0689497000348174,"Real","train","ICFM","icfm",3.76954819473603,2.497260030376
-0.650919391585297,-0.0768411324396996,"Real","train","ICFM","icfm",3.76954819473603,2.497260030376
-0.358818921254702,-0.154283519576811,"Real","train","ICFM","icfm",3.76954819473603,2.497260030376
-0.0422154757698121,-0.238795255101116,"Real","train","ICFM","icfm",3.76954819473603,2.497260030376
0.686586539921643,1.11710765871567,"Real","train","ICFM","icfm",3.76954819473603,2.497260030376
-0.710186954699004,0.28626159152601,"Real","train","ICFM","icfm",3.76954819473603,2.497260030376
0.258684484598027,0.229644164711542,"Real","train","ICFM","icfm",3.76954819473603,2.497260030376
-0.36919282175412,0.16073255579764,"Real","train","ICFM","icfm",3.76954819473603,2.497260030376
0.543442529820815,1.07518492318241,"Real","train","ICFM","icfm",3.76954819473603,2.497260030376
0.232181800930858,-0.62718614632555,"Real","train","ICFM","icfm",3.76954819473603,2.497260030376
-0.650630094880917,0.51181287786246,"Real","train","ICFM","icfm",3.76954819473603,2.497260030376
0.619772513411592,1.15728462794805,"Real","train","ICFM","icfm",3.76954819473603,2.497260030376
0.298383508155447,-0.498588346354552,"Real","train","ICFM","icfm",3.76954819473603,2.497260030376
-0.738478213043677,-0.192434026731651,"Real","train","ICFM","icfm",3.76954819473603,2.497260030376
0.553741928295555,-0.296540709230077,"Real","train","ICFM","icfm",3.76954819473603,2.497260030376
0.171633013333825,-0.128657135735099,"Real","train","ICFM","icfm",3.76954819473603,2.497260030376
0.339778151558559,-0.166111142054134,"Real","train","ICFM","icfm",3.76954819473603,2.497260030376
-0.824513107615247,0.293977625892095,"Real","train","ICFM","icfm",3.76954819473603,2.497260030376
-0.226655700009487,-0.0648964722015786,"Real","train","ICFM","icfm",3.76954819473603,2.497260030376
-0.703468960611692,0.295224575294655,"Real","train","ICFM","icfm",3.76954819473603,2.497260030376
-0.796796355199564,0.0796583881131954,"Real","train","ICFM","icfm",3.76954819473603,2.497260030376
0.709090148344678,-0.326787291068543,"Real","train","ICFM","icfm",3.76954819473603,2.497260030376
-0.026189380638386,-0.0840959603115901,"Real","train","ICFM","icfm",3.76954819473603,2.497260030376
-0.663652315021444,-0.0321024506403019,"Real","train","ICFM","icfm",3.76954819473603,2.497260030376
-0.135594726007843,-0.344759361687018,"Real","train","ICFM","icfm",3.76954819473603,2.497260030376
-0.39282379234388,-0.315729408882719,"Real","train","ICFM","icfm",3.76954819473603,2.497260030376
-0.288454108715397,-0.280968516021925,"Real","train","ICFM","icfm",3.76954819473603,2.497260030376
-0.561821692202133,0.119929591278477,"Real","train","ICFM","icfm",3.76954819473603,2.497260030376
0.497675723655205,0.107614767296647,"Real","train","ICFM","icfm",3.76954819473603,2.497260030376
-0.139273515384336,-0.237513221210313,"Real","train","ICFM","icfm",3.76954819473603,2.497260030376
0.30664209971157,-0.545232392170466,"Real","train","ICFM","icfm",3.76954819473603,2.497260030376
0.0935265801028465,-0.230536849197055,"Real","train","ICFM","icfm",3.76954819473603,2.497260030376
-0.218921866966804,-0.0188842003059807,"Real","train","ICFM","icfm",3.76954819473603,2.497260030376
0.32865683567323,0.0279505812064529,"Real","train","ICFM","icfm",3.76954819473603,2.497260030376
-0.753440249363072,0.302834104683103,"Real","train","ICFM","icfm",3.76954819473603,2.497260030376
0.626834703213513,-0.354436558145163,"Real","train","ICFM","icfm",3.76954819473603,2.497260030376
0.404949097130772,0.0128003414276092,"Real","train","ICFM","icfm",3.76954819473603,2.497260030376
0.358966991370242,0.053067079196145,"Real","train","ICFM","icfm",3.76954819473603,2.497260030376
0.607673473681587,-0.0110957368045219,"Real","train","ICFM","icfm",3.76954819473603,2.497260030376
0.126183198341996,-0.35453945744079,"Real","train","ICFM","icfm",3.76954819473603,2.497260030376
-0.815745867020755,0.336073144328402,"Real","train","ICFM","icfm",3.76954819473603,2.497260030376
0.595018000769386,0.0509698176391959,"Real","train","ICFM","icfm",3.76954819473603,2.497260030376
0.342849226834791,-0.00737370942753022,"Real","train","ICFM","icfm",3.76954819473603,2.497260030376
-0.35272312444691,-0.113749106335089,"Real","train","ICFM","icfm",3.76954819473603,2.497260030376
-0.20921538378577,-0.264915210072794,"Real","train","ICFM","icfm",3.76954819473603,2.497260030376
0.662835482390593,0.97633656326377,"Real","train","ICFM","icfm",3.76954819473603,2.497260030376
-0.0515408536917086,-0.128041897001745,"Real","train","ICFM","icfm",3.76954819473603,2.497260030376
0.369470272081088,-0.638420815379428,"Real","train","ICFM","icfm",3.76954819473603,2.497260030376
0.796328780060837,0.957337891602289,"Real","train","ICFM","icfm",3.76954819473603,2.497260030376
0.501951984842907,0.974089745606028,"Real","train","ICFM","icfm",3.76954819473603,2.497260030376
-0.283121939061278,-0.409087849143083,"Real","train","ICFM","icfm",3.76954819473603,2.497260030376
0.00538991836597195,-0.130445267047062,"Real","train","ICFM","icfm",3.76954819473603,2.497260030376
0.55651148870921,0.0974047710551713,"Real","train","ICFM","icfm",3.76954819473603,2.497260030376
-0.00780886160668943,0.131056743313803,"Real","train","ICFM","icfm",3.76954819473603,2.497260030376
0.298874975577741,-0.368825151263696,"Real","train","ICFM","icfm",3.76954819473603,2.497260030376
-0.443766391133725,0.168685163240231,"Real","train","ICFM","icfm",3.76954819473603,2.497260030376
-0.523301337323462,-0.139601460037809,"Real","train","ICFM","icfm",3.76954819473603,2.497260030376
0.290194749202814,-0.0682761436869052,"Real","train","ICFM","icfm",3.76954819473603,2.497260030376
-0.0404566463937387,-0.233833652256123,"Real","train","ICFM","icfm",3.76954819473603,2.497260030376
0.277430861908882,-0.496105066271484,"Real","train","ICFM","icfm",3.76954819473603,2.497260030376
0.607697840009408,0.0862116727863719,"Real","train","ICFM","icfm",3.76954819473603,2.497260030376
0.457025149808405,-0.18884999276372,"Real","train","ICFM","icfm",3.76954819473603,2.497260030376
-0.293477848701862,-0.111681930994446,"Real","train","ICFM","icfm",3.76954819473603,2.497260030376
0.381280457680028,-0.518603259322695,"Real","train","ICFM","icfm",3.76954819473603,2.497260030376
0.532490816843988,0.633395844573508,"Real","train","ICFM","icfm",3.76954819473603,2.497260030376
-0.0255695003547317,-0.204816557648359,"Real","train","ICFM","icfm",3.76954819473603,2.497260030376
0.446395094375213,-0.136736273264137,"Real","train","ICFM","icfm",3.76954819473603,2.497260030376
0.195601217228355,-0.0672596020638925,"Real","train","ICFM","icfm",3.76954819473603,2.497260030376
-0.561551936770427,-0.324007663983401,"Real","train","ICFM","icfm",3.76954819473603,2.497260030376
0.164269199957781,-0.511088305943043,"Real","train","ICFM","icfm",3.76954819473603,2.497260030376
-0.715366749022045,0.122227714453299,"Real","train","ICFM","icfm",3.76954819473603,2.497260030376
0.0470529151882535,-0.415410002041426,"Real","train","ICFM","icfm",3.76954819473603,2.497260030376
-0.549915172679884,-0.0864990021801986,"Real","train","ICFM","icfm",3.76954819473603,2.497260030376
0.428499829292267,0.0704714222974599,"Real","train","ICFM","icfm",3.76954819473603,2.497260030376
-0.528578247538748,-0.0943264374472698,"Real","train","ICFM","icfm",3.76954819473603,2.497260030376
-0.0999551180497866,0.0527972227923403,"Real","train","ICFM","icfm",3.76954819473603,2.497260030376
-0.583589558083007,0.115836885122495,"Real","train","ICFM","icfm",3.76954819473603,2.497260030376
-0.598628798801739,0.199874410443997,"Real","train","ICFM","icfm",3.76954819473603,2.497260030376
0.331058971655472,-0.598947801964387,"Real","train","ICFM","icfm",3.76954819473603,2.497260030376
0.414935202832851,-0.321691957514732,"Real","train","ICFM","icfm",3.76954819473603,2.497260030376
0.313980593409096,-0.539586143711218,"Real","train","ICFM","icfm",3.76954819473603,2.497260030376
-0.00514786142657482,-0.25007020785137,"Real","train","ICFM","icfm",3.76954819473603,2.497260030376
-0.63302326131597,-0.204898584718802,"Real","train","ICFM","icfm",3.76954819473603,2.497260030376
0.0941686093641217,-0.346486470142995,"Real","train","ICFM","icfm",3.76954819473603,2.497260030376
0.560884130238776,0.991944631836284,"Real","train","ICFM","icfm",3.76954819473603,2.497260030376
0.0708277805343127,-0.16553045822508,"Real","train","ICFM","icfm",3.76954819473603,2.497260030376
0.421917997590927,0.179223480109542,"Real","train","ICFM","icfm",3.76954819473603,2.497260030376
-0.667398489380754,0.516389360149181,"Real","train","ICFM","icfm",3.76954819473603,2.497260030376
0.311565738393302,0.89147685700518,"Real","train","ICFM","icfm",3.76954819473603,2.497260030376
0.397457479549661,-0.422680592789801,"Real","train","ICFM","icfm",3.76954819473603,2.497260030376
0.508328167620159,0.08854883603969,"Real","train","ICFM","icfm",3.76954819473603,2.497260030376
0.178766126432924,0.0397274159212732,"Real","train","ICFM","icfm",3.76954819473603,2.497260030376
-0.325430400243841,0.18698429483242,"Real","train","ICFM","icfm",3.76954819473603,2.497260030376
0.595692898130758,-0.355858249694832,"Real","train","ICFM","icfm",3.76954819473603,2.497260030376
-0.553825287484051,-0.0370284308810233,"Real","train","ICFM","icfm",3.76954819473603,2.497260030376
0.0727857483165458,-0.576464736804015,"Real","train","ICFM","icfm",3.76954819473603,2.497260030376
-0.011471118381611,0.120428942399921,"Real","train","ICFM","icfm",3.76954819473603,2.497260030376
-0.120551846637845,-0.436342831718903,"Real","train","ICFM","icfm",3.76954819473603,2.497260030376
0.774704994963972,1.15187416515234,"Real","train","ICFM","icfm",3.76954819473603,2.497260030376
0.0260810395517617,-0.130966744701227,"Real","train","ICFM","icfm",3.76954819473603,2.497260030376
0.337637385688201,0.0226073325249463,"Real","train","ICFM","icfm",3.76954819473603,2.497260030376
0.188440153867812,-0.0435426418107546,"Real","train","ICFM","icfm",3.76954819473603,2.497260030376
0.20916015943157,-0.170013162026215,"Real","train","ICFM","icfm",3.76954819473603,2.497260030376
-0.546217845667458,-0.31270925981817,"Real","train","ICFM","icfm",3.76954819473603,2.497260030376
-0.701593681818179,0.412658418988711,"Real","train","ICFM","icfm",3.76954819473603,2.497260030376
0.0522259773481508,-0.0137409639437848,"Real","train","ICFM","icfm",3.76954819473603,2.497260030376
-0.346633388457246,-0.109115562388975,"Real","train","ICFM","icfm",3.76954819473603,2.497260030376
0.266445855163584,-0.16074579003938,"Real","train","ICFM","icfm",3.76954819473603,2.497260030376
-0.688866068270586,-0.13913399166451,"Real","train","ICFM","icfm",3.76954819473603,2.497260030376
-0.948581245722602,0.118638734914158,"Real","train","ICFM","icfm",3.76954819473603,2.497260030376
-0.435165695322978,0.133467182123165,"Real","train","ICFM","icfm",3.76954819473603,2.497260030376
-0.735076252230514,0.400130421569376,"Real","train","ICFM","icfm",3.76954819473603,2.497260030376
0.274409654730132,0.0771419525938195,"Real","train","ICFM","icfm",3.76954819473603,2.497260030376
0.501307367103528,-0.0897325727161916,"Real","train","ICFM","icfm",3.76954819473603,2.497260030376
0.597135881974633,1.01068026814479,"Real","train","ICFM","icfm",3.76954819473603,2.497260030376
0.223736028900291,-0.66743357465455,"Real","train","ICFM","icfm",3.76954819473603,2.497260030376
0.691652154792361,1.09556009829265,"Real","train","ICFM","icfm",3.76954819473603,2.497260030376
0.406799392929718,-0.243304343806859,"Real","train","ICFM","icfm",3.76954819473603,2.497260030376
-0.450606929302443,0.308559928460133,"Real","train","ICFM","icfm",3.76954819473603,2.497260030376
-0.119012732436211,-0.0328482915381406,"Real","train","ICFM","icfm",3.76954819473603,2.497260030376
0.476229801114167,0.931240542495951,"Real","train","ICFM","icfm",3.76954819473603,2.497260030376
-0.442050247672913,0.39245384607476,"Real","train","ICFM","icfm",3.76954819473603,2.497260030376
0.51659959068706,-0.183691897871634,"Real","train","ICFM","icfm",3.76954819473603,2.497260030376
-0.259011284853994,0.167290232351635,"Real","train","ICFM","icfm",3.76954819473603,2.497260030376
0.743846751195743,1.10258143174475,"Real","train","ICFM","icfm",3.76954819473603,2.497260030376
0.630152756600242,0.0174784408269789,"Real","train","ICFM","icfm",3.76954819473603,2.497260030376
0.695353141876057,1.12684393393054,"Real","train","ICFM","icfm",3.76954819473603,2.497260030376
-0.309356189657288,0.0339547538292161,"Real","train","ICFM","icfm",3.76954819473603,2.497260030376
0.550623499484074,0.0834960777022423,"Real","train","ICFM","icfm",3.76954819473603,2.497260030376
-0.560292653808926,-0.0903912507587533,"Real","train","ICFM","icfm",3.76954819473603,2.497260030376
0.590964913384322,0.0678728186738959,"Real","train","ICFM","icfm",3.76954819473603,2.497260030376
0.070731981637311,-0.502583629624747,"Real","train","ICFM","icfm",3.76954819473603,2.497260030376
0.186629818862373,-0.177146641530934,"Real","train","ICFM","icfm",3.76954819473603,2.497260030376
-0.416969195516841,-0.291953019766805,"Real","train","ICFM","icfm",3.76954819473603,2.497260030376
-0.436943870017662,-0.162032408278734,"Real","train","ICFM","icfm",3.76954819473603,2.497260030376
0.298385613886065,-0.644927946857292,"Real","train","ICFM","icfm",3.76954819473603,2.497260030376
0.338233037499284,-0.602974077838109,"Real","train","ICFM","icfm",3.76954819473603,2.497260030376
-0.346325577846761,-0.165887281317902,"Real","train","ICFM","icfm",3.76954819473603,2.497260030376
0.56865244360388,-0.00224772923258104,"Real","train","ICFM","icfm",3.76954819473603,2.497260030376
-0.701438468643999,0.197136788187307,"Real","train","ICFM","icfm",3.76954819473603,2.497260030376
-0.824284226505417,0.0882067073436233,"Real","train","ICFM","icfm",3.76954819473603,2.497260030376
0.126071520184198,-0.267154027521892,"Real","train","ICFM","icfm",3.76954819473603,2.497260030376
0.579806733166403,-0.342333849015062,"Real","train","ICFM","icfm",3.76954819473603,2.497260030376
-0.852933233665718,-0.0189469721701836,"Real","train","ICFM","icfm",3.76954819473603,2.497260030376
0.315928126629109,1.00790777418227,"Real","train","ICFM","icfm",3.76954819473603,2.497260030376
-0.549771158283935,0.144350057829372,"Real","train","ICFM","icfm",3.76954819473603,2.497260030376
0.384709514171305,0.549532498943272,"Real","train","ICFM","icfm",3.76954819473603,2.497260030376
0.0660367570213625,-0.502430045137483,"Real","train","ICFM","icfm",3.76954819473603,2.497260030376
0.0822615157000103,-0.519278194258505,"Real","train","ICFM","icfm",3.76954819473603,2.497260030376
-0.136775026443539,-0.389394090922681,"Real","train","ICFM","icfm",3.76954819473603,2.497260030376
0.365639951369263,0.123056090561691,"Real","train","ICFM","icfm",3.76954819473603,2.497260030376
0.733735453066927,1.10150590644839,"Real","train","ICFM","icfm",3.76954819473603,2.497260030376
0.060272606319938,-0.0123862946767769,"Real","train","ICFM","icfm",3.76954819473603,2.497260030376
-0.739666587498775,0.403415512846516,"Real","train","ICFM","icfm",3.76954819473603,2.497260030376
-0.458624774446262,-0.262570817586233,"Real","train","ICFM","icfm",3.76954819473603,2.497260030376
-0.686716355286389,0.257155854001525,"Real","train","ICFM","icfm",3.76954819473603,2.497260030376
0.648400312842806,0.0153858177031316,"Real","train","ICFM","icfm",3.76954819473603,2.497260030376
0.417768001986853,-0.470248935606455,"Real","train","ICFM","icfm",3.76954819473603,2.497260030376
0.527415235907669,1.09673663823718,"Real","train","ICFM","icfm",3.76954819473603,2.497260030376
0.199815471838083,-0.0866630660387847,"Real","train","ICFM","icfm",3.76954819473603,2.497260030376
-0.601803406793338,0.0956449626742064,"Real","train","ICFM","icfm",3.76954819473603,2.497260030376
-0.617460924318316,0.0239587760056353,"Real","train","ICFM","icfm",3.76954819473603,2.497260030376
0.493056980305471,0.0777513128405156,"Real","train","ICFM","icfm",3.76954819473603,2.497260030376
0.715401813058434,0.855076352492476,"Real","train","ICFM","icfm",3.76954819473603,2.497260030376
0.301627592105804,-0.585870723242139,"Real","train","ICFM","icfm",3.76954819473603,2.497260030376
-0.265052086002518,-0.240985579413964,"Real","train","ICFM","icfm",3.76954819473603,2.497260030376
0.242260958474278,0.0831035306793405,"Real","train","ICFM","icfm",3.76954819473603,2.497260030376
0.36101851283808,0.118527797018501,"Real","train","ICFM","icfm",3.76954819473603,2.497260030376
-0.671964069646618,0.0558860369385253,"Real","train","ICFM","icfm",3.76954819473603,2.497260030376
0.587081556149284,-0.367973961138766,"Real","train","ICFM","icfm",3.76954819473603,2.497260030376
0.0885954824339818,0.245453911669955,"Real","train","ICFM","icfm",3.76954819473603,2.497260030376
0.33782237889502,0.0834764745859359,"Real","train","ICFM","icfm",3.76954819473603,2.497260030376
-0.511481147885308,0.279663086793371,"Real","train","ICFM","icfm",3.76954819473603,2.497260030376
0.023299692960467,-0.135338919736053,"Real","train","ICFM","icfm",3.76954819473603,2.497260030376
-0.402245212384922,0.136766115628184,"Real","train","ICFM","icfm",3.76954819473603,2.497260030376
-0.476460692936141,-0.323441872746403,"Real","train","ICFM","icfm",3.76954819473603,2.497260030376
-0.829713129944433,-0.0365342245796742,"Real","train","ICFM","icfm",3.76954819473603,2.497260030376
0.190107683927733,-0.186567173705346,"Real","train","ICFM","icfm",3.76954819473603,2.497260030376
0.267676240624262,-0.519524452090624,"Real","train","ICFM","icfm",3.76954819473603,2.497260030376
-0.404814138518323,-0.274104690197122,"Real","train","ICFM","icfm",3.76954819473603,2.497260030376
0.383048724562556,-0.265599325790813,"Real","train","ICFM","icfm",3.76954819473603,2.497260030376
-0.500566014144489,-0.0646578434700055,"Real","train","ICFM","icfm",3.76954819473603,2.497260030376
-0.521324883023574,-0.0982096647433554,"Real","train","ICFM","icfm",3.76954819473603,2.497260030376
-0.218433718390097,0.0717127116707637,"Real","train","ICFM","icfm",3.76954819473603,2.497260030376
-0.80587995528555,0.587059918095028,"Real","train","ICFM","icfm",3.76954819473603,2.497260030376
0.657586731431585,1.1102006488407,"Real","train","ICFM","icfm",3.76954819473603,2.497260030376
-0.818738543465196,-0.141354043249619,"Real","train","ICFM","icfm",3.76954819473603,2.497260030376
-0.508487385100756,0.0105680103844157,"Real","train","ICFM","icfm",3.76954819473603,2.497260030376
-0.518413680123636,-0.35747191995617,"Real","train","ICFM","icfm",3.76954819473603,2.497260030376
-0.335479949401014,0.0193946357193219,"Real","train","ICFM","icfm",3.76954819473603,2.497260030376
0.146878248777502,0.168945540477234,"Real","train","ICFM","icfm",3.76954819473603,2.497260030376
-0.604401267251825,-0.14347771861697,"Real","train","ICFM","icfm",3.76954819473603,2.497260030376
0.563950933248159,-0.00690381896813017,"Real","train","ICFM","icfm",3.76954819473603,2.497260030376
0.141591765169013,-0.241526898995886,"Real","train","ICFM","icfm",3.76954819473603,2.497260030376
0.468317841586056,-0.09849855625966,"Real","train","ICFM","icfm",3.76954819473603,2.497260030376
0.0882661725447878,-0.551456410033859,"Real","train","ICFM","icfm",3.76954819473603,2.497260030376
-0.675951216046588,-0.00167018071103218,"Real","train","ICFM","icfm",3.76954819473603,2.497260030376
-0.405517603511553,-0.455614276885612,"Real","train","ICFM","icfm",3.76954819473603,2.497260030376
0.282700016733145,-0.72068135783738,"Real","train","ICFM","icfm",3.76954819473603,2.497260030376
-0.621346094734131,0.14686666589379,"Real","train","ICFM","icfm",3.76954819473603,2.497260030376
0.161658200585669,0.0174550356867357,"Real","train","ICFM","icfm",3.76954819473603,2.497260030376
0.683638112391898,-0.32442114735498,"Real","train","ICFM","icfm",3.76954819473603,2.497260030376
0.540271978799051,-0.0344142371795234,"Real","train","ICFM","icfm",3.76954819473603,2.497260030376
-0.724336142846364,0.574489133917075,"Real","train","ICFM","icfm",3.76954819473603,2.497260030376
0.0440569057175324,-0.609233125508508,"Real","train","ICFM","icfm",3.76954819473603,2.497260030376
-0.0566749003829857,-0.415690852984835,"Real","train","ICFM","icfm",3.76954819473603,2.497260030376
0.470188974159978,-0.0682037612590014,"Real","train","ICFM","icfm",3.76954819473603,2.497260030376
0.705632063795796,1.05721108264198,"Real","train","ICFM","icfm",3.76954819473603,2.497260030376
0.122524056267384,-0.0125336986490825,"Real","train","ICFM","icfm",3.76954819473603,2.497260030376
-0.364010183592624,0.0151435696551559,"Real","train","ICFM","icfm",3.76954819473603,2.497260030376
0.155676021741676,-0.193759523053651,"Real","train","ICFM","icfm",3.76954819473603,2.497260030376
0.332063194309884,-0.143443298978414,"Real","train","ICFM","icfm",3.76954819473603,2.497260030376
-0.688449364175913,0.269854646782766,"Real","train","ICFM","icfm",3.76954819473603,2.497260030376
0.591127965079204,-0.348967499598237,"Real","train","ICFM","icfm",3.76954819473603,2.497260030376
0.649187379902713,-0.345967234830746,"Real","train","ICFM","icfm",3.76954819473603,2.497260030376
0.360493289383469,-0.564002965469439,"Real","train","ICFM","icfm",3.76954819473603,2.497260030376
0.345700575477986,0.0020167650099519,"Real","train","ICFM","icfm",3.76954819473603,2.497260030376
0.512651507443117,1.0405969408649,"Real","train","ICFM","icfm",3.76954819473603,2.497260030376
0.651686448804467,1.06433186284269,"Real","train","ICFM","icfm",3.76954819473603,2.497260030376
0.444867172861188,0.141735723971985,"Real","train","ICFM","icfm",3.76954819473603,2.497260030376
0.563912461102893,-0.0656760629306302,"Real","train","ICFM","icfm",3.76954819473603,2.497260030376
0.270605495658309,-0.496423506201782,"Real","train","ICFM","icfm",3.76954819473603,2.497260030376
0.487466676939104,-0.404758400364246,"Real","train","ICFM","icfm",3.76954819473603,2.497260030376
-0.126916241453114,-0.353807790346536,"Real","train","ICFM","icfm",3.76954819473603,2.497260030376
-0.819495914509764,0.395688837858402,"Real","train","ICFM","icfm",3.76954819473603,2.497260030376
0.524392637293776,0.116354751619781,"Real","train","ICFM","icfm",3.76954819473603,2.497260030376
-0.809581196589774,0.381469674125873,"Real","train","ICFM","icfm",3.76954819473603,2.497260030376
0.432070748763497,-0.279748985478904,"Real","train","ICFM","icfm",3.76954819473603,2.497260030376
0.098184199376922,0.0453578230435249,"Real","train","ICFM","icfm",3.76954819473603,2.497260030376
0.515049094198337,0.241078088649753,"Real","train","ICFM","icfm",3.76954819473603,2.497260030376
-0.88740073843889,0.364573354313361,"Real","train","ICFM","icfm",3.76954819473603,2.497260030376
-0.255452595854049,0.069776028585987,"Real","train","ICFM","icfm",3.76954819473603,2.497260030376
-0.52803117860928,-0.274835420060047,"Real","train","ICFM","icfm",3.76954819473603,2.497260030376
0.526678403387083,-0.0767720844836923,"Real","train","ICFM","icfm",3.76954819473603,2.497260030376
-0.355010403919826,0.377993772246324,"Real","train","ICFM","icfm",3.76954819473603,2.497260030376
0.0429189921723663,0.00905371909966989,"Real","train","ICFM","icfm",3.76954819473603,2.497260030376
0.399756864439345,-0.401373000793923,"Real","train","ICFM","icfm",3.76954819473603,2.497260030376
0.851357100421059,0.877998368873985,"Real","train","ICFM","icfm",3.76954819473603,2.497260030376
0.0452243428912495,0.649326568963345,"Real","train","ICFM","icfm",3.76954819473603,2.497260030376
-0.741876113319943,0.369768253544272,"Real","train","ICFM","icfm",3.76954819473603,2.497260030376
0.705560066846153,1.03585137618995,"Real","train","ICFM","icfm",3.76954819473603,2.497260030376
0.545746147142027,0.0161198775215766,"Real","train","ICFM","icfm",3.76954819473603,2.497260030376
-0.0787835960123802,0.312051560687426,"Real","train","ICFM","icfm",3.76954819473603,2.497260030376
0.157597392931176,-0.16636112104241,"Real","train","ICFM","icfm",3.76954819473603,2.497260030376
-0.938763396688319,0.287515796069196,"Real","train","ICFM","icfm",3.76954819473603,2.497260030376
-0.388232652396232,0.195540335843956,"Real","train","ICFM","icfm",3.76954819473603,2.497260030376
-0.532857101240251,-0.183297187660796,"Real","train","ICFM","icfm",3.76954819473603,2.497260030376
-0.073397625507979,0.0668364246452016,"Real","train","ICFM","icfm",3.76954819473603,2.497260030376
-0.283839352324114,-0.166277818338699,"Real","train","ICFM","icfm",3.76954819473603,2.497260030376
-0.914014680816744,0.0952608615391713,"Real","train","ICFM","icfm",3.76954819473603,2.497260030376
0.535337830663184,-0.343635649038141,"Real","train","ICFM","icfm",3.76954819473603,2.497260030376
0.155219629239428,-0.712901922250227,"Real","train","ICFM","icfm",3.76954819473603,2.497260030376
0.394124452104001,-0.246094043146376,"Real","train","ICFM","icfm",3.76954819473603,2.497260030376
0.343097710757567,-0.266568147826683,"Real","train","ICFM","icfm",3.76954819473603,2.497260030376
-0.775172297820662,0.503446724078301,"Real","train","ICFM","icfm",3.76954819473603,2.497260030376
-0.208268554200647,0.0694405817101428,"Real","train","ICFM","icfm",3.76954819473603,2.497260030376
-0.753728680560934,-0.11743088064681,"Real","train","ICFM","icfm",3.76954819473603,2.497260030376
0.0978316811619254,-0.230230849133929,"Real","train","ICFM","icfm",3.76954819473603,2.497260030376
0.488501005684338,0.0776049596621052,"Real","train","ICFM","icfm",3.76954819473603,2.497260030376
0.57044494946907,-0.379405376845107,"Real","train","ICFM","icfm",3.76954819473603,2.497260030376
-0.696793439862994,-0.111527113246005,"Real","train","ICFM","icfm",3.76954819473603,2.497260030376
0.387883628507682,-0.231898912432126,"Real","train","ICFM","icfm",3.76954819473603,2.497260030376
0.396564280381739,-0.602740842105339,"Real","train","ICFM","icfm",3.76954819473603,2.497260030376
0.347328220271209,-0.345849456347704,"Real","train","ICFM","icfm",3.76954819473603,2.497260030376
0.11608756309422,-0.580227206794515,"Real","train","ICFM","icfm",3.76954819473603,2.497260030376
-0.327367832916507,0.259235153682128,"Real","train","ICFM","icfm",3.76954819473603,2.497260030376
-0.708713952546996,0.155999677259101,"Real","train","ICFM","icfm",3.76954819473603,2.497260030376
0.433537196410928,-0.372145556472759,"Real","train","ICFM","icfm",3.76954819473603,2.497260030376
-0.222623038527555,-0.425671005253954,"Real","train","ICFM","icfm",3.76954819473603,2.497260030376
-0.522994561365817,-0.328821981090259,"Real","train","ICFM","icfm",3.76954819473603,2.497260030376
0.504266063203079,0.0145361971935557,"Real","train","ICFM","icfm",3.76954819473603,2.497260030376
0.513479440312212,-0.301340904372041,"Real","train","ICFM","icfm",3.76954819473603,2.497260030376
0.342427662859375,-0.239454143070554,"Real","train","ICFM","icfm",3.76954819473603,2.497260030376
0.323596661127597,-0.0706603985194878,"Real","train","ICFM","icfm",3.76954819473603,2.497260030376
0.134681449672009,-0.666541201715831,"Real","train","ICFM","icfm",3.76954819473603,2.497260030376
0.321949490480044,-0.460127153775324,"Real","train","ICFM","icfm",3.76954819473603,2.497260030376
-0.110446223271926,-0.079945259766459,"Real","train","ICFM","icfm",3.76954819473603,2.497260030376
-0.561287964815289,-0.237019377512293,"Real","train","ICFM","icfm",3.76954819473603,2.497260030376
-0.81965265750316,0.0963411024842289,"Real","train","ICFM","icfm",3.76954819473603,2.497260030376
-0.565006589314815,0.0254954826122023,"Real","train","ICFM","icfm",3.76954819473603,2.497260030376
0.164455427843255,-0.72002385691463,"Real","train","ICFM","icfm",3.76954819473603,2.497260030376
0.0323001408499319,0.0985015928826495,"Real","train","ICFM","icfm",3.76954819473603,2.497260030376
-0.754402349155976,0.075914198458,"Real","train","ICFM","icfm",3.76954819473603,2.497260030376
0.444796976811607,0.0132181938597593,"Real","train","ICFM","icfm",3.76954819473603,2.497260030376
0.795365907249382,1.14513036329337,"Real","train","ICFM","icfm",3.76954819473603,2.497260030376
-0.228792234670215,-0.0175595245655597,"Real","train","ICFM","icfm",3.76954819473603,2.497260030376
0.242657489142172,-0.618452915188004,"Real","train","ICFM","icfm",3.76954819473603,2.497260030376
0.134841115689483,-0.285237062705023,"Real","train","ICFM","icfm",3.76954819473603,2.497260030376
-0.403454576757015,-0.339417124792703,"Real","train","ICFM","icfm",3.76954819473603,2.497260030376
-0.727758389290162,-0.294298241903626,"Real","train","ICFM","icfm",3.76954819473603,2.497260030376
-0.461296410229079,0.0515321967509838,"Real","train","ICFM","icfm",3.76954819473603,2.497260030376
0.433067507755419,-0.0157950728081336,"Real","train","ICFM","icfm",3.76954819473603,2.497260030376
0.161756233056021,-0.147362485671607,"Real","train","ICFM","icfm",3.76954819473603,2.497260030376
0.885390189349474,0.9827708066435,"Real","train","ICFM","icfm",3.76954819473603,2.497260030376
0.0615618381219421,-0.400659034083457,"Real","train","ICFM","icfm",3.76954819473603,2.497260030376
-0.697981770960135,-0.0420782494569906,"Real","train","ICFM","icfm",3.76954819473603,2.497260030376
-0.712583543624814,0.281084537279011,"Real","train","ICFM","icfm",3.76954819473603,2.497260030376
0.315687706507528,-0.143965832472878,"Real","train","ICFM","icfm",3.76954819473603,2.497260030376
-0.398362026771545,-0.121333359767428,"Real","train","ICFM","icfm",3.76954819473603,2.497260030376
-0.803224568763037,0.132088033071826,"Real","train","ICFM","icfm",3.76954819473603,2.497260030376
0.480952320733875,0.0848738916629249,"Real","train","ICFM","icfm",3.76954819473603,2.497260030376
0.446991668165794,0.948080342851097,"Real","train","ICFM","icfm",3.76954819473603,2.497260030376
0.600504972947613,1.09109679582283,"Real","train","ICFM","icfm",3.76954819473603,2.497260030376
-0.899123294288242,0.076131118415668,"Real","train","ICFM","icfm",3.76954819473603,2.497260030376
0.431177905902809,0.0738765841184977,"Real","train","ICFM","icfm",3.76954819473603,2.497260030376
0.61008042068432,0.994210226387993,"Real","train","ICFM","icfm",3.76954819473603,2.497260030376
-0.646355154711713,-0.0513910226783073,"Real","train","ICFM","icfm",3.76954819473603,2.497260030376
-0.341203443840655,0.431401959957076,"Real","train","ICFM","icfm",3.76954819473603,2.497260030376
-0.250511383903096,-0.0227299118399394,"Real","train","ICFM","icfm",3.76954819473603,2.497260030376
0.46277863166976,0.134617781988337,"Real","train","ICFM","icfm",3.76954819473603,2.497260030376
-0.718916213685951,0.18424872844533,"Real","train","ICFM","icfm",3.76954819473603,2.497260030376
0.272054518881735,-0.430118681212599,"Real","train","ICFM","icfm",3.76954819473603,2.497260030376
0.560548965629037,-0.287691521313555,"Real","train","ICFM","icfm",3.76954819473603,2.497260030376
0.482042243230251,0.0870144278652716,"Real","train","ICFM","icfm",3.76954819473603,2.497260030376
-0.211485085038673,-0.197577032759321,"Real","train","ICFM","icfm",3.76954819473603,2.497260030376
0.184272256753047,-0.597349229596024,"Real","train","ICFM","icfm",3.76954819473603,2.497260030376
0.150180942807993,-0.496678956353493,"Real","train","ICFM","icfm",3.76954819473603,2.497260030376
-0.667333077313868,0.0856966121552516,"Real","train","ICFM","icfm",3.76954819473603,2.497260030376
0.0605273769654458,-0.409584394264084,"Real","train","ICFM","icfm",3.76954819473603,2.497260030376
0.161842693373068,-0.0123234833735298,"Real","train","ICFM","icfm",3.76954819473603,2.497260030376
-0.182315409475217,0.0698472359829053,"Real","train","ICFM","icfm",3.76954819473603,2.497260030376
0.121447561320903,-0.0338602378461186,"Real","train","ICFM","icfm",3.76954819473603,2.497260030376
0.240568212422117,0.183245102127217,"Real","train","ICFM","icfm",3.76954819473603,2.497260030376
-0.951101075923283,0.0756714811603365,"Real","train","ICFM","icfm",3.76954819473603,2.497260030376
0.248681010066527,0.113108846995555,"Real","train","ICFM","icfm",3.76954819473603,2.497260030376
0.331009847716403,0.0297313309961361,"Real","train","ICFM","icfm",3.76954819473603,2.497260030376
-0.470122596414689,-0.352433500044655,"Real","train","ICFM","icfm",3.76954819473603,2.497260030376
-0.0363812054964022,-0.265447861377167,"Real","train","ICFM","icfm",3.76954819473603,2.497260030376
0.548900996515255,0.0188248073425446,"Real","train","ICFM","icfm",3.76954819473603,2.497260030376
-0.698909405251593,0.0874937659010152,"Real","train","ICFM","icfm",3.76954819473603,2.497260030376
0.131066051762487,-0.553032820096697,"Real","train","ICFM","icfm",3.76954819473603,2.497260030376
-0.916234580830709,0.150064962876996,"Real","train","ICFM","icfm",3.76954819473603,2.497260030376
-0.335289608821036,-0.339028193102165,"Real","train","ICFM","icfm",3.76954819473603,2.497260030376
0.168994734121211,0.0608670397382987,"Real","train","ICFM","icfm",3.76954819473603,2.497260030376
-0.377531428093325,0.192217537507351,"Real","train","ICFM","icfm",3.76954819473603,2.497260030376
0.392112688894442,0.132981444964776,"Real","train","ICFM","icfm",3.76954819473603,2.497260030376
0.529140754033321,0.0917684810285675,"Real","train","ICFM","icfm",3.76954819473603,2.497260030376
0.317242044724742,-0.60814547115986,"Real","train","ICFM","icfm",3.76954819473603,2.497260030376
-0.750342920071466,-0.183140242598564,"Real","train","ICFM","icfm",3.76954819473603,2.497260030376
-0.078428507295239,-0.0374977228519123,"Real","train","ICFM","icfm",3.76954819473603,2.497260030376
-0.279740806432112,0.00662287438054824,"Real","train","ICFM","icfm",3.76954819473603,2.497260030376
-0.358482378992873,-0.0851665086681276,"Real","train","ICFM","icfm",3.76954819473603,2.497260030376
0.515436633279966,0.0463538410238007,"Real","train","ICFM","icfm",3.76954819473603,2.497260030376
-0.0201643920207754,0.0799572222245485,"Real","train","ICFM","icfm",3.76954819473603,2.497260030376
-0.0508607067300675,0.071321311313143,"Real","train","ICFM","icfm",3.76954819473603,2.497260030376
0.510543222491564,0.0987010948947716,"Real","train","ICFM","icfm",3.76954819473603,2.497260030376
-0.660226577003716,0.135363846079889,"Real","train","ICFM","icfm",3.76954819473603,2.497260030376
0.280372796994152,-0.440057086237285,"Real","train","ICFM","icfm",3.76954819473603,2.497260030376
0.590902185091183,-0.331438407468327,"Real","train","ICFM","icfm",3.76954819473603,2.497260030376
0.329415896423503,-0.59973997379359,"Real","train","ICFM","icfm",3.76954819473603,2.497260030376
-0.154521006763645,-0.129549408652797,"Real","train","ICFM","icfm",3.76954819473603,2.497260030376
-0.530303205999676,-0.278717164483122,"Real","train","ICFM","icfm",3.76954819473603,2.497260030376
-0.454440727421076,-0.267294929801131,"Real","train","ICFM","icfm",3.76954819473603,2.497260030376
0.340815429043136,0.727210193391059,"Real","train","ICFM","icfm",3.76954819473603,2.497260030376
-0.355767052041365,0.135565107526079,"Real","train","ICFM","icfm",3.76954819473603,2.497260030376
0.111626628491219,-0.540836088321336,"Real","train","ICFM","icfm",3.76954819473603,2.497260030376
-0.714030970829914,0.556850040858416,"Real","train","ICFM","icfm",3.76954819473603,2.497260030376
0.303708662819577,-0.341536564296915,"Real","train","ICFM","icfm",3.76954819473603,2.497260030376
-0.0158383619170317,-0.546746137224426,"Real","train","ICFM","icfm",3.76954819473603,2.497260030376
-0.3368072698462,-0.222809725811728,"Real","train","ICFM","icfm",3.76954819473603,2.497260030376
0.480387761025279,0.000188751740234454,"Real","train","ICFM","icfm",3.76954819473603,2.497260030376
0.616363067537874,1.10690796650145,"Real","train","ICFM","icfm",3.76954819473603,2.497260030376
0.628100035957183,0.029186454855279,"Real","train","ICFM","icfm",3.76954819473603,2.497260030376
-0.454490114698396,-0.329232311852028,"Real","train","ICFM","icfm",3.76954819473603,2.497260030376
0.0128286712280666,-0.220512324438052,"Real","train","ICFM","icfm",3.76954819473603,2.497260030376
-0.330700964710708,-0.124583990528929,"Real","train","ICFM","icfm",3.76954819473603,2.497260030376
-0.43971524646529,-0.345438514632973,"Real","train","ICFM","icfm",3.76954819473603,2.497260030376
-0.257690813385213,-0.346485649343285,"Real","train","ICFM","icfm",3.76954819473603,2.497260030376
-0.398309977113155,0.347241599651912,"Real","train","ICFM","icfm",3.76954819473603,2.497260030376
0.748511272398369,1.12244137179056,"Real","train","ICFM","icfm",3.76954819473603,2.497260030376
0.051685145676461,-0.184880197567007,"Real","train","ICFM","icfm",3.76954819473603,2.497260030376
0.165320588427711,-0.574985681568082,"Real","train","ICFM","icfm",3.76954819473603,2.497260030376
-0.779065847723512,0.105005571733,"Real","train","ICFM","icfm",3.76954819473603,2.497260030376
-0.762853240471751,0.108853867008115,"Real","train","ICFM","icfm",3.76954819473603,2.497260030376
-0.713097223348674,0.304607035644562,"Real","train","ICFM","icfm",3.76954819473603,2.497260030376
0.416026152088226,0.12635433909721,"Real","train","ICFM","icfm",3.76954819473603,2.497260030376
0.299907210952742,-0.274715694200188,"Real","train","ICFM","icfm",3.76954819473603,2.497260030376
-0.794348410176289,0.0210590970497447,"Real","train","ICFM","icfm",3.76954819473603,2.497260030376
-0.759825584558481,0.214673304030486,"Real","train","ICFM","icfm",3.76954819473603,2.497260030376
0.516027416282002,-0.241421818131447,"Real","train","ICFM","icfm",3.76954819473603,2.497260030376
0.12629934780595,-0.556053883405799,"Real","train","ICFM","icfm",3.76954819473603,2.497260030376
0.767160104355196,1.11025933705616,"Real","train","ICFM","icfm",3.76954819473603,2.497260030376
-0.866651906690984,0.15533287542891,"Real","train","ICFM","icfm",3.76954819473603,2.497260030376
0.578509635182089,1.08848394711435,"Real","train","ICFM","icfm",3.76954819473603,2.497260030376
-0.635215900850455,-0.351914862167963,"Real","train","ICFM","icfm",3.76954819473603,2.497260030376
0.268585402668417,0.616824164646108,"Real","train","ICFM","icfm",3.76954819473603,2.497260030376
-0.413058616068723,0.0700687287620749,"Real","train","ICFM","icfm",3.76954819473603,2.497260030376
-0.70692501107531,0.0197489217903469,"Real","train","ICFM","icfm",3.76954819473603,2.497260030376
0.143283531050467,0.649162989027243,"Real","train","ICFM","icfm",3.76954819473603,2.497260030376
0.223089226482122,0.449095954688135,"Real","train","ICFM","icfm",3.76954819473603,2.497260030376
-0.254451102592908,0.0217279817128734,"Real","train","ICFM","icfm",3.76954819473603,2.497260030376
0.234172034979037,-0.673226441359962,"Real","train","ICFM","icfm",3.76954819473603,2.497260030376
0.346152186942709,0.0897441555600967,"Real","train","ICFM","icfm",3.76954819473603,2.497260030376
0.0106891138384391,-0.306154143316599,"Real","train","ICFM","icfm",3.76954819473603,2.497260030376
0.285905948539822,-0.353256454321231,"Real","train","ICFM","icfm",3.76954819473603,2.497260030376
0.230843756365398,-0.195387342895453,"Real","train","ICFM","icfm",3.76954819473603,2.497260030376
0.257122899192116,-0.34112451613426,"Real","train","ICFM","icfm",3.76954819473603,2.497260030376
0.254820386244355,-0.56844422091794,"Real","train","ICFM","icfm",3.76954819473603,2.497260030376
0.328791922643895,-0.321497020054462,"Real","train","ICFM","icfm",3.76954819473603,2.497260030376
-0.542705941670422,-0.348503587275018,"Real","train","ICFM","icfm",3.76954819473603,2.497260030376
0.4767807504652,0.0274417112212618,"Real","train","ICFM","icfm",3.76954819473603,2.497260030376
-0.72196975736169,0.265704761533953,"Real","train","ICFM","icfm",3.76954819473603,2.497260030376
0.480852904666307,0.729044889544417,"Real","train","ICFM","icfm",3.76954819473603,2.497260030376
-0.0182860914248467,-0.301833336356433,"Real","train","ICFM","icfm",3.76954819473603,2.497260030376
0.700674568487597,1.13485424464496,"Real","train","ICFM","icfm",3.76954819473603,2.497260030376
0.368019856148105,-0.432594823008611,"Real","train","ICFM","icfm",3.76954819473603,2.497260030376
0.61756489496555,0.0930340307000433,"Real","train","ICFM","icfm",3.76954819473603,2.497260030376
0.53201582049617,0.179650492943795,"Real","train","ICFM","icfm",3.76954819473603,2.497260030376
0.573576775490093,0.0729333713974206,"Real","train","ICFM","icfm",3.76954819473603,2.497260030376
0.440052968450769,-0.0672031797974587,"Real","train","ICFM","icfm",3.76954819473603,2.497260030376
-0.840522450323858,0.121631107744991,"Real","train","ICFM","icfm",3.76954819473603,2.497260030376
0.363761545767721,-0.43853345904833,"Real","train","ICFM","icfm",3.76954819473603,2.497260030376
0.367164330510004,-0.427039182233128,"Real","train","ICFM","icfm",3.76954819473603,2.497260030376
0.101209968195863,-0.481355119380815,"Real","train","ICFM","icfm",3.76954819473603,2.497260030376
0.113531122703255,-0.338937480033775,"Real","train","ICFM","icfm",3.76954819473603,2.497260030376
0.520130290801864,0.0337583704293696,"Real","train","ICFM","icfm",3.76954819473603,2.497260030376
0.167645327999839,-0.0540290633048976,"Real","train","ICFM","icfm",3.76954819473603,2.497260030376
-0.302192456151821,0.34801526777158,"Real","train","ICFM","icfm",3.76954819473603,2.497260030376
0.23120380587544,0.072187322297789,"Real","train","ICFM","icfm",3.76954819473603,2.497260030376
0.854430051992612,1.06036287904784,"Real","train","ICFM","icfm",3.76954819473603,2.497260030376
-0.424644201704117,0.372351912767763,"Real","train","ICFM","icfm",3.76954819473603,2.497260030376
0.318435215546922,-0.448170923409069,"Real","train","ICFM","icfm",3.76954819473603,2.497260030376
0.639712330353916,-0.184395937735041,"Real","train","ICFM","icfm",3.76954819473603,2.497260030376
-0.797426925109158,0.0802915799466028,"Real","train","ICFM","icfm",3.76954819473603,2.497260030376
0.390056334502259,0.0479117909796528,"Real","train","ICFM","icfm",3.76954819473603,2.497260030376
-0.222768249400572,-0.242273212652357,"Real","train","ICFM","icfm",3.76954819473603,2.497260030376
0.101790644783136,-0.704662132077948,"Real","train","ICFM","icfm",3.76954819473603,2.497260030376
-0.0483657978484538,0.149353843643083,"Real","train","ICFM","icfm",3.76954819473603,2.497260030376
-0.597829166409562,0.0713084598328415,"Real","train","ICFM","icfm",3.76954819473603,2.497260030376
-0.207334292318527,-0.397565138148717,"Real","train","ICFM","icfm",3.76954819473603,2.497260030376
0.42432155580389,0.00465725443040888,"Real","train","ICFM","icfm",3.76954819473603,2.497260030376
0.878923206542173,0.894155130961147,"Real","train","ICFM","icfm",3.76954819473603,2.497260030376
-0.733876411878322,0.173065420463466,"Real","train","ICFM","icfm",3.76954819473603,2.497260030376
-0.448173232998265,0.114362936309484,"Real","train","ICFM","icfm",3.76954819473603,2.497260030376
0.23723015105133,-0.0460422093370263,"Real","train","ICFM","icfm",3.76954819473603,2.497260030376
-0.333332168420381,-0.239917939077737,"Real","train","ICFM","icfm",3.76954819473603,2.497260030376
-0.328688090417123,-0.190425282014084,"Real","train","ICFM","icfm",3.76954819473603,2.497260030376
0.0537344870434659,-0.33209674336052,"Real","train","ICFM","icfm",3.76954819473603,2.497260030376
0.333596107919268,0.0344024082786588,"Real","train","ICFM","icfm",3.76954819473603,2.497260030376
-0.647700519194444,-0.215965924245894,"Real","train","ICFM","icfm",3.76954819473603,2.497260030376
-0.172693997545793,-0.386784896554331,"Real","train","ICFM","icfm",3.76954819473603,2.497260030376
0.329852310275058,-0.271070715597515,"Real","train","ICFM","icfm",3.76954819473603,2.497260030376
-0.476803052125182,-0.183463983879237,"Real","train","ICFM","icfm",3.76954819473603,2.497260030376
-0.421675853169891,0.118128019140366,"Real","train","ICFM","icfm",3.76954819473603,2.497260030376
-0.668373177279288,0.365727287650562,"Real","train","ICFM","icfm",3.76954819473603,2.497260030376
0.310939878772658,-0.526478145600166,"Real","train","ICFM","icfm",3.76954819473603,2.497260030376
-0.681473033468286,-0.20629275970657,"Real","train","ICFM","icfm",3.76954819473603,2.497260030376
0.471017099205799,0.040725921731111,"Real","train","ICFM","icfm",3.76954819473603,2.497260030376
-0.176640321291673,-0.364505701727746,"Real","train","ICFM","icfm",3.76954819473603,2.497260030376
0.351335531299788,-0.594834560161112,"Real","train","ICFM","icfm",3.76954819473603,2.497260030376
0.577700569239279,-0.371623295260464,"Real","train","ICFM","icfm",3.76954819473603,2.497260030376
-0.497292445826412,-0.256145495285995,"Real","train","ICFM","icfm",3.76954819473603,2.497260030376
-0.813626248728759,0.252026848445626,"Real","train","ICFM","icfm",3.76954819473603,2.497260030376
0.523988297227478,0.0679433118926349,"Real","train","ICFM","icfm",3.76954819473603,2.497260030376
0.441382054795059,-0.320730178383632,"Real","train","ICFM","icfm",3.76954819473603,2.497260030376
-0.337393423342107,-0.145670463705654,"Real","train","ICFM","icfm",3.76954819473603,2.497260030376
-0.359399757930537,0.0113845903145588,"Real","train","ICFM","icfm",3.76954819473603,2.497260030376
0.278790210551943,0.689751537268173,"Real","train","ICFM","icfm",3.76954819473603,2.497260030376
-0.0793842401018146,-0.208188166892488,"Real","train","ICFM","icfm",3.76954819473603,2.497260030376
0.498512609753061,-0.276496565342668,"Real","train","ICFM","icfm",3.76954819473603,2.497260030376
0.566892545170263,0.281370780872391,"Real","train","ICFM","icfm",3.76954819473603,2.497260030376
0.688644360190458,1.043835210056,"Real","train","ICFM","icfm",3.76954819473603,2.497260030376
-0.626288052144224,0.0994543110859095,"Real","train","ICFM","icfm",3.76954819473603,2.497260030376
-0.530833024460081,-0.233599687929149,"Real","train","ICFM","icfm",3.76954819473603,2.497260030376
0.54078143760043,0.051803727851004,"Real","train","ICFM","icfm",3.76954819473603,2.497260030376
0.541603909688876,1.1508875207551,"Real","train","ICFM","icfm",3.76954819473603,2.497260030376
-0.557083701707214,0.224755198509809,"Real","train","ICFM","icfm",3.76954819473603,2.497260030376
-0.359378894499861,-0.420508493371825,"Real","train","ICFM","icfm",3.76954819473603,2.497260030376
0.335932757339201,-0.154953967696246,"Real","train","ICFM","icfm",3.76954819473603,2.497260030376
0.014253083030678,0.205600202677081,"Real","train","ICFM","icfm",3.76954819473603,2.497260030376
0.585575468260051,-0.00844153697747799,"Real","train","ICFM","icfm",3.76954819473603,2.497260030376
0.456418527368906,-0.0488616265399947,"Real","train","ICFM","icfm",3.76954819473603,2.497260030376
-0.382439783518579,-0.112079077146422,"Real","train","ICFM","icfm",3.76954819473603,2.497260030376
0.273880556170045,0.0163536498289241,"Real","train","ICFM","icfm",3.76954819473603,2.497260030376
-0.206988170252742,-0.324344596228678,"Real","train","ICFM","icfm",3.76954819473603,2.497260030376
0.35630501938157,-0.698483766200648,"Real","train","ICFM","icfm",3.76954819473603,2.497260030376
0.660998838738539,1.04043977937812,"Real","train","ICFM","icfm",3.76954819473603,2.497260030376
0.230412935252861,-0.758384531870543,"Real","train","ICFM","icfm",3.76954819473603,2.497260030376
-0.515799819503108,-0.402961964453707,"Real","train","ICFM","icfm",3.76954819473603,2.497260030376
0.24375325209579,-0.6375739187848,"Real","train","ICFM","icfm",3.76954819473603,2.497260030376
-0.141530820406854,0.0608097315697648,"Real","train","ICFM","icfm",3.76954819473603,2.497260030376
0.616286507078759,0.785885223519186,"Real","train","ICFM","icfm",3.76954819473603,2.497260030376
0.852522745761202,0.751161383931572,"Real","train","ICFM","icfm",3.76954819473603,2.497260030376
-0.00219228305337582,-0.0783319526313267,"Real","train","ICFM","icfm",3.76954819473603,2.497260030376
0.610354354450556,-0.343752033815321,"Real","train","ICFM","icfm",3.76954819473603,2.497260030376
-0.30364728481492,0.0326058224591112,"Real","train","ICFM","icfm",3.76954819473603,2.497260030376
-0.917088816783874,0.129371607157651,"Real","train","ICFM","icfm",3.76954819473603,2.497260030376
-0.227800714199478,0.284275136666807,"Real","train","ICFM","icfm",3.76954819473603,2.497260030376
0.0227391764675401,-0.27269802404577,"Real","train","ICFM","icfm",3.76954819473603,2.497260030376
-0.57457248653837,0.196692810606924,"Real","train","ICFM","icfm",3.76954819473603,2.497260030376
0.370858135724319,-0.343525212444675,"Real","train","ICFM","icfm",3.76954819473603,2.497260030376
0.3453168170806,-0.70246554584233,"Real","train","ICFM","icfm",3.76954819473603,2.497260030376
0.208427630021828,-0.559314812269733,"Real","train","ICFM","icfm",3.76954819473603,2.497260030376
0.0618428947106747,-0.41902800599964,"Real","train","ICFM","icfm",3.76954819473603,2.497260030376
-0.43299894696103,-0.0538155337583694,"Real","train","ICFM","icfm",3.76954819473603,2.497260030376
0.338608922699209,-0.0170465688943734,"Generated","train","ICFM","icfm",3.76954819473603,2.497260030376
-0.649618941969566,-0.207595028174107,"Generated","train","ICFM","icfm",3.76954819473603,2.497260030376
0.147708271057721,-0.100823359974714,"Generated","train","ICFM","icfm",3.76954819473603,2.497260030376
-0.0491213730601581,-0.538223771828262,"Generated","train","ICFM","icfm",3.76954819473603,2.497260030376
-0.708832966097782,0.540421066205064,"Generated","train","ICFM","icfm",3.76954819473603,2.497260030376
0.505100870834467,0.129844798537908,"Generated","train","ICFM","icfm",3.76954819473603,2.497260030376
0.220483721086593,0.082794087881628,"Generated","train","ICFM","icfm",3.76954819473603,2.497260030376
0.759386446587173,1.07252589057366,"Generated","train","ICFM","icfm",3.76954819473603,2.497260030376
-0.0608225237042401,-0.182678844242038,"Generated","train","ICFM","icfm",3.76954819473603,2.497260030376
-0.410123698696668,0.182343131870042,"Generated","train","ICFM","icfm",3.76954819473603,2.497260030376
-0.29786772516928,-0.173473758838569,"Generated","train","ICFM","icfm",3.76954819473603,2.497260030376
0.459691032753819,0.101000223471288,"Generated","train","ICFM","icfm",3.76954819473603,2.497260030376
0.324732737209614,-0.610301710615018,"Generated","train","ICFM","icfm",3.76954819473603,2.497260030376
-0.777289895804649,-0.0157724814889585,"Generated","train","ICFM","icfm",3.76954819473603,2.497260030376
-0.63673113859242,-0.0392890054058238,"Generated","train","ICFM","icfm",3.76954819473603,2.497260030376
0.608706373440841,0.0639851966621264,"Generated","train","ICFM","icfm",3.76954819473603,2.497260030376
0.0414917325237669,-0.00857710602745523,"Generated","train","ICFM","icfm",3.76954819473603,2.497260030376
-0.246872555814001,-0.0837679197388437,"Generated","train","ICFM","icfm",3.76954819473603,2.497260030376
0.124965099742448,-0.333401578318596,"Generated","train","ICFM","icfm",3.76954819473603,2.497260030376
-0.737002868250686,-0.183739559199648,"Generated","train","ICFM","icfm",3.76954819473603,2.497260030376
0.133481327337234,-0.466579926812586,"Generated","train","ICFM","icfm",3.76954819473603,2.497260030376
0.477789777332098,-0.603560412078169,"Generated","train","ICFM","icfm",3.76954819473603,2.497260030376
0.391256757561696,-0.152208126160395,"Generated","train","ICFM","icfm",3.76954819473603,2.497260030376
-0.45557865991388,-0.311710016992483,"Generated","train","ICFM","icfm",3.76954819473603,2.497260030376
0.0503700747591875,-0.19949958421289,"Generated","train","ICFM","icfm",3.76954819473603,2.497260030376
-0.851642105983809,0.220026197364667,"Generated","train","ICFM","icfm",3.76954819473603,2.497260030376
0.188755774096916,-0.0737431717921707,"Generated","train","ICFM","icfm",3.76954819473603,2.497260030376
0.239118266796914,-0.431849705402586,"Generated","train","ICFM","icfm",3.76954819473603,2.497260030376
-0.31158574375074,-0.319719425719389,"Generated","train","ICFM","icfm",3.76954819473603,2.497260030376
0.237851849922411,1.02601027035562,"Generated","train","ICFM","icfm",3.76954819473603,2.497260030376
-0.646165274685563,0.0533016587166561,"Generated","train","ICFM","icfm",3.76954819473603,2.497260030376
0.450049056141862,0.0665962782212981,"Generated","train","ICFM","icfm",3.76954819473603,2.497260030376
0.553540980215195,0.862371769338919,"Generated","train","ICFM","icfm",3.76954819473603,2.497260030376
0.128051928506617,-0.506690444770637,"Generated","train","ICFM","icfm",3.76954819473603,2.497260030376
-0.500978117682773,-0.201618255180479,"Generated","train","ICFM","icfm",3.76954819473603,2.497260030376
-0.764286309839427,-0.035149146119694,"Generated","train","ICFM","icfm",3.76954819473603,2.497260030376
0.39779411266048,-0.120580488790727,"Generated","train","ICFM","icfm",3.76954819473603,2.497260030376
0.519488437847804,0.20941235376726,"Generated","train","ICFM","icfm",3.76954819473603,2.497260030376
0.147508008761187,-0.0882238699133523,"Generated","train","ICFM","icfm",3.76954819473603,2.497260030376
0.258555028864303,-0.503075303008844,"Generated","train","ICFM","icfm",3.76954819473603,2.497260030376
0.107906181219881,-0.607100618758578,"Generated","train","ICFM","icfm",3.76954819473603,2.497260030376
0.417586020889585,-0.507838274510144,"Generated","train","ICFM","icfm",3.76954819473603,2.497260030376
0.358098405869057,-0.013184328389462,"Generated","train","ICFM","icfm",3.76954819473603,2.497260030376
-0.0755342982959767,-0.335777391938007,"Generated","train","ICFM","icfm",3.76954819473603,2.497260030376
-0.227454885375776,-0.0700094650967208,"Generated","train","ICFM","icfm",3.76954819473603,2.497260030376
0.33109191949274,-0.36184912618789,"Generated","train","ICFM","icfm",3.76954819473603,2.497260030376
0.647785719550989,-0.29376815725059,"Generated","train","ICFM","icfm",3.76954819473603,2.497260030376
0.381773107675517,-0.00591673109621145,"Generated","train","ICFM","icfm",3.76954819473603,2.497260030376
-0.178527216193169,0.0968790150627646,"Generated","train","ICFM","icfm",3.76954819473603,2.497260030376
0.513529041709231,-0.0764845907101027,"Generated","train","ICFM","icfm",3.76954819473603,2.497260030376
0.126868420443714,-0.627349447344395,"Generated","train","ICFM","icfm",3.76954819473603,2.497260030376
0.267377405628715,-0.217515827767901,"Generated","train","ICFM","icfm",3.76954819473603,2.497260030376
-0.651580635697425,0.27837654419792,"Generated","train","ICFM","icfm",3.76954819473603,2.497260030376
-0.0545621643971433,-0.415223938891579,"Generated","train","ICFM","icfm",3.76954819473603,2.497260030376
-0.322027988913155,0.236871462107543,"Generated","train","ICFM","icfm",3.76954819473603,2.497260030376
0.300352308591807,-0.44823178664806,"Generated","train","ICFM","icfm",3.76954819473603,2.497260030376
0.254044595100124,0.723795475482787,"Generated","train","ICFM","icfm",3.76954819473603,2.497260030376
0.0718968368317954,-0.215924010092169,"Generated","train","ICFM","icfm",3.76954819473603,2.497260030376
0.239519836001773,-0.390896574613168,"Generated","train","ICFM","icfm",3.76954819473603,2.497260030376
0.456339275829959,-0.164730476324102,"Generated","train","ICFM","icfm",3.76954819473603,2.497260030376
-0.599880884100904,0.0940314179369813,"Generated","train","ICFM","icfm",3.76954819473603,2.497260030376
0.415258527564539,-0.306032711999129,"Generated","train","ICFM","icfm",3.76954819473603,2.497260030376
0.581778957972129,-0.0059941214471422,"Generated","train","ICFM","icfm",3.76954819473603,2.497260030376
-0.106639668750152,0.197339246490206,"Generated","train","ICFM","icfm",3.76954819473603,2.497260030376
0.67087964414271,0.79835090244429,"Generated","train","ICFM","icfm",3.76954819473603,2.497260030376
-0.0428922376677159,0.0645724839884718,"Generated","train","ICFM","icfm",3.76954819473603,2.497260030376
-0.553173514418401,0.0281827854240254,"Generated","train","ICFM","icfm",3.76954819473603,2.497260030376
0.0599681476537426,-0.556842857813635,"Generated","train","ICFM","icfm",3.76954819473603,2.497260030376
-0.365557410506154,-0.0296474725533225,"Generated","train","ICFM","icfm",3.76954819473603,2.497260030376
0.315646642174805,-0.0845698115912019,"Generated","train","ICFM","icfm",3.76954819473603,2.497260030376
0.271987860463856,-0.0379387080959735,"Generated","train","ICFM","icfm",3.76954819473603,2.497260030376
-0.731766441085237,0.504639838675758,"Generated","train","ICFM","icfm",3.76954819473603,2.497260030376
-0.136797376334075,0.0347908749889049,"Generated","train","ICFM","icfm",3.76954819473603,2.497260030376
0.127693480394609,0.18155052384815,"Generated","train","ICFM","icfm",3.76954819473603,2.497260030376
-0.171837366578795,-0.33450109773692,"Generated","train","ICFM","icfm",3.76954819473603,2.497260030376
0.599789177328726,0.0743042307798625,"Generated","train","ICFM","icfm",3.76954819473603,2.497260030376
0.515947340564165,-0.120252650972247,"Generated","train","ICFM","icfm",3.76954819473603,2.497260030376
-0.346651310853221,-0.300327585059059,"Generated","train","ICFM","icfm",3.76954819473603,2.497260030376
0.242472640558065,0.0572261313286314,"Generated","train","ICFM","icfm",3.76954819473603,2.497260030376
0.27055440061937,-0.0971043393114917,"Generated","train","ICFM","icfm",3.76954819473603,2.497260030376
0.273055663476615,0.269515531514001,"Generated","train","ICFM","icfm",3.76954819473603,2.497260030376
0.512999641835603,0.0674051410268682,"Generated","train","ICFM","icfm",3.76954819473603,2.497260030376
0.279175557640739,0.018140457109671,"Generated","train","ICFM","icfm",3.76954819473603,2.497260030376
-0.240596463256318,0.000121437291489822,"Generated","train","ICFM","icfm",3.76954819473603,2.497260030376
0.43111403369631,0.959283534213327,"Generated","train","ICFM","icfm",3.76954819473603,2.497260030376
0.383285551424125,-0.451334962386286,"Generated","train","ICFM","icfm",3.76954819473603,2.497260030376
-0.692020342453815,-0.0603206244879105,"Generated","train","ICFM","icfm",3.76954819473603,2.497260030376
0.19298521533272,-0.72816621647926,"Generated","train","ICFM","icfm",3.76954819473603,2.497260030376
0.276976806764412,-0.0178184774502371,"Generated","train","ICFM","icfm",3.76954819473603,2.497260030376
-0.738527014540807,0.275979084357042,"Generated","train","ICFM","icfm",3.76954819473603,2.497260030376
0.410838019520587,0.112510883288421,"Generated","train","ICFM","icfm",3.76954819473603,2.497260030376
0.487572688280925,0.414005454192643,"Generated","train","ICFM","icfm",3.76954819473603,2.497260030376
0.359833032608786,-0.115369248504538,"Generated","train","ICFM","icfm",3.76954819473603,2.497260030376
-0.00595077935687638,-0.304355589401419,"Generated","train","ICFM","icfm",3.76954819473603,2.497260030376
0.125945422300492,-0.456092811529504,"Generated","train","ICFM","icfm",3.76954819473603,2.497260030376
-0.0272105811484365,-0.23957425955361,"Generated","train","ICFM","icfm",3.76954819473603,2.497260030376
0.626293550608942,0.600218961648026,"Generated","train","ICFM","icfm",3.76954819473603,2.497260030376
-0.792672139833627,0.282073611862071,"Generated","train","ICFM","icfm",3.76954819473603,2.497260030376
-0.476519240246929,-0.268665468174279,"Generated","train","ICFM","icfm",3.76954819473603,2.497260030376
0.0781642107879031,-0.340258669119175,"Generated","train","ICFM","icfm",3.76954819473603,2.497260030376
0.521474316123985,-0.413324794446432,"Generated","train","ICFM","icfm",3.76954819473603,2.497260030376
-0.485539945394742,0.210031425153373,"Generated","train","ICFM","icfm",3.76954819473603,2.497260030376
-0.587954848755142,0.360500004604058,"Generated","train","ICFM","icfm",3.76954819473603,2.497260030376
-0.823478478543727,0.0533591838716662,"Generated","train","ICFM","icfm",3.76954819473603,2.497260030376
-0.239966815102754,-0.0026217874348899,"Generated","train","ICFM","icfm",3.76954819473603,2.497260030376
0.179075604188428,-0.195451620849068,"Generated","train","ICFM","icfm",3.76954819473603,2.497260030376
0.511168278853402,-0.305474553840018,"Generated","train","ICFM","icfm",3.76954819473603,2.497260030376
-0.316532503585887,0.0559846688215694,"Generated","train","ICFM","icfm",3.76954819473603,2.497260030376
-0.618673608199798,0.34229771409476,"Generated","train","ICFM","icfm",3.76954819473603,2.497260030376
0.448767362622821,0.0577735204626121,"Generated","train","ICFM","icfm",3.76954819473603,2.497260030376
0.599210051064818,0.0880088302324177,"Generated","train","ICFM","icfm",3.76954819473603,2.497260030376
-0.281185861591258,0.215767115692988,"Generated","train","ICFM","icfm",3.76954819473603,2.497260030376
0.459487931177327,-0.0444594869058996,"Generated","train","ICFM","icfm",3.76954819473603,2.497260030376
0.0542172425814402,-0.276825594959764,"Generated","train","ICFM","icfm",3.76954819473603,2.497260030376
0.120304367780177,-0.558936315575611,"Generated","train","ICFM","icfm",3.76954819473603,2.497260030376
-0.462632194637872,0.0358289860330003,"Generated","train","ICFM","icfm",3.76954819473603,2.497260030376
0.218309043362692,-0.327452670117258,"Generated","train","ICFM","icfm",3.76954819473603,2.497260030376
0.307548870415113,-0.341040346673509,"Generated","train","ICFM","icfm",3.76954819473603,2.497260030376
0.383040594710864,-0.00196674150809937,"Generated","train","ICFM","icfm",3.76954819473603,2.497260030376
-0.800872455479471,0.432583994864098,"Generated","train","ICFM","icfm",3.76954819473603,2.497260030376
-0.326093082594037,-0.329286623820232,"Generated","train","ICFM","icfm",3.76954819473603,2.497260030376
0.590198717482093,0.0566092745870596,"Generated","train","ICFM","icfm",3.76954819473603,2.497260030376
0.545580659899855,0.0307153924659526,"Generated","train","ICFM","icfm",3.76954819473603,2.497260030376
-0.831841040967922,0.405074517726485,"Generated","train","ICFM","icfm",3.76954819473603,2.497260030376
0.0828490557835451,-0.282123099107493,"Generated","train","ICFM","icfm",3.76954819473603,2.497260030376
0.446447438781766,-0.354964573175728,"Generated","train","ICFM","icfm",3.76954819473603,2.497260030376
-0.0743120876459717,-0.0226024329268266,"Generated","train","ICFM","icfm",3.76954819473603,2.497260030376
0.560480680957789,-0.0176179947622248,"Generated","train","ICFM","icfm",3.76954819473603,2.497260030376
-0.616760893266918,0.131542723263306,"Generated","train","ICFM","icfm",3.76954819473603,2.497260030376
0.616194472097842,0.0743414097084403,"Generated","train","ICFM","icfm",3.76954819473603,2.497260030376
0.379942207228817,-0.299615969598264,"Generated","train","ICFM","icfm",3.76954819473603,2.497260030376
-0.40657987403336,0.379945144640499,"Generated","train","ICFM","icfm",3.76954819473603,2.497260030376
0.627754752313389,0.33904737221049,"Generated","train","ICFM","icfm",3.76954819473603,2.497260030376
-0.407832815313575,0.223726924108177,"Generated","train","ICFM","icfm",3.76954819473603,2.497260030376
0.578783079822823,-0.279090521299314,"Generated","train","ICFM","icfm",3.76954819473603,2.497260030376
0.608929708087378,-0.444985173551634,"Generated","train","ICFM","icfm",3.76954819473603,2.497260030376
0.293581616715675,-0.118495349980639,"Generated","train","ICFM","icfm",3.76954819473603,2.497260030376
-0.617965540637286,0.320037239476156,"Generated","train","ICFM","icfm",3.76954819473603,2.497260030376
0.42683745698173,0.00862204955673419,"Generated","train","ICFM","icfm",3.76954819473603,2.497260030376
0.646609691679661,-0.332985774798349,"Generated","train","ICFM","icfm",3.76954819473603,2.497260030376
-0.866604838733214,-0.0562751936213073,"Generated","train","ICFM","icfm",3.76954819473603,2.497260030376
-0.749947077451649,0.542197470855267,"Generated","train","ICFM","icfm",3.76954819473603,2.497260030376
0.547774919782423,-0.00921942227752387,"Generated","train","ICFM","icfm",3.76954819473603,2.497260030376
0.163546392406071,0.10027094994173,"Generated","train","ICFM","icfm",3.76954819473603,2.497260030376
-0.584145498484713,0.0566601403437079,"Generated","train","ICFM","icfm",3.76954819473603,2.497260030376
-0.403171185887263,0.0317340857156909,"Generated","train","ICFM","icfm",3.76954819473603,2.497260030376
0.25406163733094,-0.00640049206266029,"Generated","train","ICFM","icfm",3.76954819473603,2.497260030376
0.585612162669937,-0.0594939557081323,"Generated","train","ICFM","icfm",3.76954819473603,2.497260030376
0.422600460950893,-0.172070042450979,"Generated","train","ICFM","icfm",3.76954819473603,2.497260030376
-0.679924806938963,0.145452891622078,"Generated","train","ICFM","icfm",3.76954819473603,2.497260030376
0.2920294407404,-0.517312550308774,"Generated","train","ICFM","icfm",3.76954819473603,2.497260030376
0.527061682037318,-0.355353961321329,"Generated","train","ICFM","icfm",3.76954819473603,2.497260030376
-0.153784911491126,-0.416794444531464,"Generated","train","ICFM","icfm",3.76954819473603,2.497260030376
-0.869458883515241,0.0709571461841092,"Generated","train","ICFM","icfm",3.76954819473603,2.497260030376
-0.834559819957397,-0.0176997970595194,"Generated","train","ICFM","icfm",3.76954819473603,2.497260030376
0.01951412365242,-0.152981664297295,"Generated","train","ICFM","icfm",3.76954819473603,2.497260030376
-0.445443929578725,0.288517740045269,"Generated","train","ICFM","icfm",3.76954819473603,2.497260030376
0.500334464367887,-0.0516017288978951,"Generated","train","ICFM","icfm",3.76954819473603,2.497260030376
0.407828621879256,-0.121364505304912,"Generated","train","ICFM","icfm",3.76954819473603,2.497260030376
-0.507662396347358,0.337022126521876,"Generated","train","ICFM","icfm",3.76954819473603,2.497260030376
-0.358801204398805,0.160433300622186,"Generated","train","ICFM","icfm",3.76954819473603,2.497260030376
0.191368376180629,-0.621991955356391,"Generated","train","ICFM","icfm",3.76954819473603,2.497260030376
0.50112169298269,-0.0290480427586836,"Generated","train","ICFM","icfm",3.76954819473603,2.497260030376
0.559704479765779,-0.335371144957156,"Generated","train","ICFM","icfm",3.76954819473603,2.497260030376
-0.0544333091519599,-0.292924857046241,"Generated","train","ICFM","icfm",3.76954819473603,2.497260030376
0.596488892853037,-0.167016553790995,"Generated","train","ICFM","icfm",3.76954819473603,2.497260030376
-0.12951203252238,-0.0644658996722317,"Generated","train","ICFM","icfm",3.76954819473603,2.497260030376
0.365137439980657,-0.141221884337242,"Generated","train","ICFM","icfm",3.76954819473603,2.497260030376
0.531981459564375,0.13464464653861,"Generated","train","ICFM","icfm",3.76954819473603,2.497260030376
-0.37968021665877,0.200457839583234,"Generated","train","ICFM","icfm",3.76954819473603,2.497260030376
-0.10849658285244,-0.283620597145978,"Generated","train","ICFM","icfm",3.76954819473603,2.497260030376
0.249192237677357,-0.0348643521098878,"Generated","train","ICFM","icfm",3.76954819473603,2.497260030376
-0.29814791663854,-0.362491248056619,"Generated","train","ICFM","icfm",3.76954819473603,2.497260030376
0.506412356836511,-0.255224451712132,"Generated","train","ICFM","icfm",3.76954819473603,2.497260030376
-0.546332352733378,-0.294278476390788,"Generated","train","ICFM","icfm",3.76954819473603,2.497260030376
0.21666670971731,-0.657534919765968,"Generated","train","ICFM","icfm",3.76954819473603,2.497260030376
0.16598502943769,0.22849303571524,"Generated","train","ICFM","icfm",3.76954819473603,2.497260030376
0.277722485307519,-0.0252864988761504,"Generated","train","ICFM","icfm",3.76954819473603,2.497260030376
-0.772763008161739,0.45627600416459,"Generated","train","ICFM","icfm",3.76954819473603,2.497260030376
-0.790341697720146,0.40692339234492,"Generated","train","ICFM","icfm",3.76954819473603,2.497260030376
0.143847860858219,-0.54438851898683,"Generated","train","ICFM","icfm",3.76954819473603,2.497260030376
-0.632477889481242,0.141702956980955,"Generated","train","ICFM","icfm",3.76954819473603,2.497260030376
-0.187275908029545,-0.224674944163715,"Generated","train","ICFM","icfm",3.76954819473603,2.497260030376
0.464365720118376,-0.114164941982938,"Generated","train","ICFM","icfm",3.76954819473603,2.497260030376
0.565592129446962,1.11069393447025,"Generated","train","ICFM","icfm",3.76954819473603,2.497260030376
0.299779361965089,0.293846144112654,"Generated","train","ICFM","icfm",3.76954819473603,2.497260030376
0.23041860744547,-0.698680860994489,"Generated","train","ICFM","icfm",3.76954819473603,2.497260030376
0.240586654619106,-0.0450615773164451,"Generated","train","ICFM","icfm",3.76954819473603,2.497260030376
0.523161571106302,-0.0295247090810253,"Generated","train","ICFM","icfm",3.76954819473603,2.497260030376
0.0734879102693989,-0.382310149381852,"Generated","train","ICFM","icfm",3.76954819473603,2.497260030376
-0.452908577918785,0.389586167896997,"Generated","train","ICFM","icfm",3.76954819473603,2.497260030376
-0.798392503836679,0.179148393233608,"Generated","train","ICFM","icfm",3.76954819473603,2.497260030376
-0.12163622520161,-0.172422670184828,"Generated","train","ICFM","icfm",3.76954819473603,2.497260030376
0.120763304923992,-0.542015145301811,"Generated","train","ICFM","icfm",3.76954819473603,2.497260030376
0.252874597730133,-0.77674716199085,"Generated","train","ICFM","icfm",3.76954819473603,2.497260030376
0.167482521876561,0.0427493945366599,"Generated","train","ICFM","icfm",3.76954819473603,2.497260030376
0.357479027315448,-0.323762336143488,"Generated","train","ICFM","icfm",3.76954819473603,2.497260030376
0.580329646681067,0.0304079804623456,"Generated","train","ICFM","icfm",3.76954819473603,2.497260030376
0.162448495086047,0.56614554176124,"Generated","train","ICFM","icfm",3.76954819473603,2.497260030376
-0.498410205104878,0.306794858029088,"Generated","train","ICFM","icfm",3.76954819473603,2.497260030376
0.0748485805611958,-0.349948117771413,"Generated","train","ICFM","icfm",3.76954819473603,2.497260030376
0.0401128577543396,0.188242770422335,"Generated","train","ICFM","icfm",3.76954819473603,2.497260030376
-0.645970138855559,-0.210598083679727,"Generated","train","ICFM","icfm",3.76954819473603,2.497260030376
-0.165203892492491,-0.110686524294275,"Generated","train","ICFM","icfm",3.76954819473603,2.497260030376
0.432953458889863,0.00355455875125254,"Generated","train","ICFM","icfm",3.76954819473603,2.497260030376
-0.292047243988753,0.0609630859385402,"Generated","train","ICFM","icfm",3.76954819473603,2.497260030376
-0.351983635035089,0.0560022605544799,"Generated","train","ICFM","icfm",3.76954819473603,2.497260030376
-0.50106750653289,0.423225829478608,"Generated","train","ICFM","icfm",3.76954819473603,2.497260030376
0.117675848134255,-0.386144540314034,"Generated","train","ICFM","icfm",3.76954819473603,2.497260030376
-0.120323633989747,0.200807906343368,"Generated","train","ICFM","icfm",3.76954819473603,2.497260030376
-0.509126937612721,0.240142011792019,"Generated","train","ICFM","icfm",3.76954819473603,2.497260030376
-0.741683025354644,0.431535154897913,"Generated","train","ICFM","icfm",3.76954819473603,2.497260030376
0.530749159281108,-0.0167914872752909,"Generated","train","ICFM","icfm",3.76954819473603,2.497260030376
-0.877131934026213,0.483970082586443,"Generated","train","ICFM","icfm",3.76954819473603,2.497260030376
0.243012158217476,-0.183051898909261,"Generated","train","ICFM","icfm",3.76954819473603,2.497260030376
-0.44479271043923,0.192383136156175,"Generated","train","ICFM","icfm",3.76954819473603,2.497260030376
-0.73828429006517,0.515322976348292,"Generated","train","ICFM","icfm",3.76954819473603,2.497260030376
0.438750229933908,-0.0823476616804367,"Generated","train","ICFM","icfm",3.76954819473603,2.497260030376
0.390648450352084,-0.28437099325508,"Generated","train","ICFM","icfm",3.76954819473603,2.497260030376
-0.414878604659415,0.180122018774293,"Generated","train","ICFM","icfm",3.76954819473603,2.497260030376
-0.505951661192957,0.303275594373859,"Generated","train","ICFM","icfm",3.76954819473603,2.497260030376
-0.520004557630143,0.210746166992159,"Generated","train","ICFM","icfm",3.76954819473603,2.497260030376
-0.18645232729989,-0.0090910476782115,"Generated","train","ICFM","icfm",3.76954819473603,2.497260030376
-0.262010674721028,0.203124522842121,"Generated","train","ICFM","icfm",3.76954819473603,2.497260030376
-0.657249599759622,0.0913414221621244,"Generated","train","ICFM","icfm",3.76954819473603,2.497260030376
0.113086049290867,-0.326107451543991,"Generated","train","ICFM","icfm",3.76954819473603,2.497260030376
-0.779053401382459,0.461665115510287,"Generated","train","ICFM","icfm",3.76954819473603,2.497260030376
-0.275050021512259,-0.0834788356377381,"Generated","train","ICFM","icfm",3.76954819473603,2.497260030376
-0.2898872158839,0.0780969784967484,"Generated","train","ICFM","icfm",3.76954819473603,2.497260030376
-0.88668367692416,0.300287934343967,"Generated","train","ICFM","icfm",3.76954819473603,2.497260030376
-0.0710133722637555,0.0838983014204716,"Generated","train","ICFM","icfm",3.76954819473603,2.497260030376
0.441293784356871,0.0131154853543622,"Generated","train","ICFM","icfm",3.76954819473603,2.497260030376
-0.125467962633192,-0.340844417701729,"Generated","train","ICFM","icfm",3.76954819473603,2.497260030376
0.00847649583065828,0.179125815276103,"Generated","train","ICFM","icfm",3.76954819473603,2.497260030376
0.388898934757559,0.0570433568995257,"Generated","train","ICFM","icfm",3.76954819473603,2.497260030376
0.206522856295953,-0.584972704022196,"Generated","train","ICFM","icfm",3.76954819473603,2.497260030376
0.412451842693802,-0.0515081092597174,"Generated","train","ICFM","icfm",3.76954819473603,2.497260030376
0.87088171517129,0.915081836973722,"Generated","train","ICFM","icfm",3.76954819473603,2.497260030376
0.50119784693258,-0.0447625142231802,"Generated","train","ICFM","icfm",3.76954819473603,2.497260030376
0.175443193664309,0.364529913646111,"Generated","train","ICFM","icfm",3.76954819473603,2.497260030376
0.451884689973397,-0.0672177433448277,"Generated","train","ICFM","icfm",3.76954819473603,2.497260030376
0.32513078950902,-0.0922369369958632,"Generated","train","ICFM","icfm",3.76954819473603,2.497260030376
-0.628311338204963,0.356197187939023,"Generated","train","ICFM","icfm",3.76954819473603,2.497260030376
-0.407910099071271,-0.245233352419364,"Generated","train","ICFM","icfm",3.76954819473603,2.497260030376
0.350917016716259,-0.208956081598736,"Generated","train","ICFM","icfm",3.76954819473603,2.497260030376
0.743439811057533,1.06771465631678,"Generated","train","ICFM","icfm",3.76954819473603,2.497260030376
0.298993150466068,-0.225541932948152,"Generated","train","ICFM","icfm",3.76954819473603,2.497260030376
0.181249887558545,-0.731120177025976,"Generated","train","ICFM","icfm",3.76954819473603,2.497260030376
0.330801173855096,-0.0388089771419509,"Generated","train","ICFM","icfm",3.76954819473603,2.497260030376
0.42839683431003,-0.097589865610284,"Generated","train","ICFM","icfm",3.76954819473603,2.497260030376
0.305250501038131,0.117055573917992,"Generated","train","ICFM","icfm",3.76954819473603,2.497260030376
0.441421220434168,0.336884535275443,"Generated","train","ICFM","icfm",3.76954819473603,2.497260030376
-0.716250307410087,-0.190370682134969,"Generated","train","ICFM","icfm",3.76954819473603,2.497260030376
-0.694964939718462,0.488707405521949,"Generated","train","ICFM","icfm",3.76954819473603,2.497260030376
0.325247342704662,-0.77845111224853,"Generated","train","ICFM","icfm",3.76954819473603,2.497260030376
-0.882328580862282,0.178095357936213,"Generated","train","ICFM","icfm",3.76954819473603,2.497260030376
0.532441527356808,0.055739556842592,"Generated","train","ICFM","icfm",3.76954819473603,2.497260030376
-0.548180061264936,0.442551405065413,"Generated","train","ICFM","icfm",3.76954819473603,2.497260030376
-0.67685693720291,-0.220856306581127,"Generated","train","ICFM","icfm",3.76954819473603,2.497260030376
0.434080109404653,-0.341195777155313,"Generated","train","ICFM","icfm",3.76954819473603,2.497260030376
0.025283267262792,0.0527374698384549,"Generated","train","ICFM","icfm",3.76954819473603,2.497260030376
-0.192468083993067,0.0777276135973752,"Generated","train","ICFM","icfm",3.76954819473603,2.497260030376
-0.698528085137705,0.477508337548231,"Generated","train","ICFM","icfm",3.76954819473603,2.497260030376
-0.696645007351906,0.00238058754316796,"Generated","train","ICFM","icfm",3.76954819473603,2.497260030376
0.396608163010212,0.047894742143668,"Generated","train","ICFM","icfm",3.76954819473603,2.497260030376
0.38821692491617,-0.0511241007961297,"Generated","train","ICFM","icfm",3.76954819473603,2.497260030376
0.15226667182442,0.363889625204382,"Generated","train","ICFM","icfm",3.76954819473603,2.497260030376
-0.585066349731123,-0.0288402904238449,"Generated","train","ICFM","icfm",3.76954819473603,2.497260030376
0.215876206692134,0.0532531535018789,"Generated","train","ICFM","icfm",3.76954819473603,2.497260030376
-0.445732533122401,0.354242358718073,"Generated","train","ICFM","icfm",3.76954819473603,2.497260030376
0.494153514540105,0.0944544159608244,"Generated","train","ICFM","icfm",3.76954819473603,2.497260030376
-0.850316120274952,0.493138932316668,"Generated","train","ICFM","icfm",3.76954819473603,2.497260030376
0.194524201643239,-0.276227151552248,"Generated","train","ICFM","icfm",3.76954819473603,2.497260030376
-0.949386705302268,0.114526156190261,"Generated","train","ICFM","icfm",3.76954819473603,2.497260030376
0.742726831075199,1.09011521311911,"Generated","train","ICFM","icfm",3.76954819473603,2.497260030376
0.422332484907963,-0.0618514182812451,"Generated","train","ICFM","icfm",3.76954819473603,2.497260030376
-0.612440222727367,-0.0964501302039381,"Generated","train","ICFM","icfm",3.76954819473603,2.497260030376
0.536381922287105,-0.241477497863298,"Generated","train","ICFM","icfm",3.76954819473603,2.497260030376
0.436862105551271,0.081747440933704,"Generated","train","ICFM","icfm",3.76954819473603,2.497260030376
-0.73516816819331,0.236143959545068,"Generated","train","ICFM","icfm",3.76954819473603,2.497260030376
0.351661801652031,-0.0757222871675019,"Generated","train","ICFM","icfm",3.76954819473603,2.497260030376
0.166795273311761,-0.25043120426928,"Generated","train","ICFM","icfm",3.76954819473603,2.497260030376
0.578388940321929,0.0480961459263571,"Generated","train","ICFM","icfm",3.76954819473603,2.497260030376
-0.236083511683925,-0.275831196749455,"Generated","train","ICFM","icfm",3.76954819473603,2.497260030376
0.188708855821055,-0.0332451136818046,"Generated","train","ICFM","icfm",3.76954819473603,2.497260030376
0.183312246454461,-0.622302967756962,"Generated","train","ICFM","icfm",3.76954819473603,2.497260030376
0.308745225560932,-0.29379359057382,"Generated","train","ICFM","icfm",3.76954819473603,2.497260030376
0.305817597563439,-0.0862302847539866,"Generated","train","ICFM","icfm",3.76954819473603,2.497260030376
-0.825580036534886,0.165576690510833,"Generated","train","ICFM","icfm",3.76954819473603,2.497260030376
0.159140520140051,0.0122316541208302,"Generated","train","ICFM","icfm",3.76954819473603,2.497260030376
-0.362920922744673,0.286186068995675,"Generated","train","ICFM","icfm",3.76954819473603,2.497260030376
-0.838163499060446,0.152044641126798,"Generated","train","ICFM","icfm",3.76954819473603,2.497260030376
-0.680750120502334,0.549799103617004,"Generated","train","ICFM","icfm",3.76954819473603,2.497260030376
-0.128977458523317,-0.315708195028377,"Generated","train","ICFM","icfm",3.76954819473603,2.497260030376
-0.957104025418476,0.148809494851302,"Generated","train","ICFM","icfm",3.76954819473603,2.497260030376
0.241111249159387,-0.372992609450633,"Generated","train","ICFM","icfm",3.76954819473603,2.497260030376
0.0680048247233181,-0.504847374439305,"Generated","train","ICFM","icfm",3.76954819473603,2.497260030376
0.477812986133839,-0.289623794714741,"Generated","train","ICFM","icfm",3.76954819473603,2.497260030376
-0.590845184563158,0.188150412641949,"Generated","train","ICFM","icfm",3.76954819473603,2.497260030376
-0.413748599953755,0.171251343221233,"Generated","train","ICFM","icfm",3.76954819473603,2.497260030376
0.402909119545043,0.0596724647482984,"Generated","train","ICFM","icfm",3.76954819473603,2.497260030376
-0.393244181832309,0.22156994313182,"Generated","train","ICFM","icfm",3.76954819473603,2.497260030376
0.473061241401063,-0.00983034707304266,"Generated","train","ICFM","icfm",3.76954819473603,2.497260030376
-0.557778335415971,0.3604759495678,"Generated","train","ICFM","icfm",3.76954819473603,2.497260030376
0.880842874297912,0.883829233659515,"Generated","train","ICFM","icfm",3.76954819473603,2.497260030376
0.254698069332024,-0.035693455994548,"Generated","train","ICFM","icfm",3.76954819473603,2.497260030376
0.53863467575034,0.0802023767793276,"Generated","train","ICFM","icfm",3.76954819473603,2.497260030376
-0.759716169119373,0.455724548991935,"Generated","train","ICFM","icfm",3.76954819473603,2.497260030376
0.798642436435524,0.728058889567209,"Generated","train","ICFM","icfm",3.76954819473603,2.497260030376
0.197226923333259,-0.156089881180483,"Generated","train","ICFM","icfm",3.76954819473603,2.497260030376
0.134709251076264,0.11435117715945,"Generated","train","ICFM","icfm",3.76954819473603,2.497260030376
-0.554216315779242,0.474949829125325,"Generated","train","ICFM","icfm",3.76954819473603,2.497260030376
0.31935050868596,-0.373284759301554,"Generated","train","ICFM","icfm",3.76954819473603,2.497260030376
-0.474841209957887,-0.286436840616117,"Generated","train","ICFM","icfm",3.76954819473603,2.497260030376
-0.473966834250258,0.30397992731113,"Generated","train","ICFM","icfm",3.76954819473603,2.497260030376
0.295053445379468,-0.42490634478613,"Generated","train","ICFM","icfm",3.76954819473603,2.497260030376
0.407112512349834,-0.186856283638076,"Generated","train","ICFM","icfm",3.76954819473603,2.497260030376
-0.5786788457549,0.114025331993271,"Generated","train","ICFM","icfm",3.76954819473603,2.497260030376
0.0998466097378449,0.307667082426257,"Generated","train","ICFM","icfm",3.76954819473603,2.497260030376
0.50009523111898,-0.230380460409179,"Generated","train","ICFM","icfm",3.76954819473603,2.497260030376
0.285709108784982,-0.775365115903386,"Generated","train","ICFM","icfm",3.76954819473603,2.497260030376
0.458784235837579,0.0640472406420063,"Generated","train","ICFM","icfm",3.76954819473603,2.497260030376
0.269496737085124,0.0289333161191374,"Generated","train","ICFM","icfm",3.76954819473603,2.497260030376
0.375442483863812,-0.223680333922361,"Generated","train","ICFM","icfm",3.76954819473603,2.497260030376
0.35677887495988,-0.432188278601627,"Generated","train","ICFM","icfm",3.76954819473603,2.497260030376
0.346279070783274,-0.126524933121738,"Generated","train","ICFM","icfm",3.76954819473603,2.497260030376
0.602274337528084,-0.0513041097654882,"Generated","train","ICFM","icfm",3.76954819473603,2.497260030376
-0.420210558971557,0.327620378897156,"Generated","train","ICFM","icfm",3.76954819473603,2.497260030376
0.206088223596754,-0.00403715883942312,"Generated","train","ICFM","icfm",3.76954819473603,2.497260030376
0.147537738577358,-0.659413290836322,"Generated","train","ICFM","icfm",3.76954819473603,2.497260030376
0.356711105571761,-0.108404090595952,"Generated","train","ICFM","icfm",3.76954819473603,2.497260030376
0.266069984736709,-0.410700882934126,"Generated","train","ICFM","icfm",3.76954819473603,2.497260030376
0.181616144141875,-0.238106130245873,"Generated","train","ICFM","icfm",3.76954819473603,2.497260030376
-0.667313489894753,0.387480692083676,"Generated","train","ICFM","icfm",3.76954819473603,2.497260030376
-0.285779034057278,-0.192247102156614,"Generated","train","ICFM","icfm",3.76954819473603,2.497260030376
-0.542861054114427,0.343258861224945,"Generated","train","ICFM","icfm",3.76954819473603,2.497260030376
0.269705582561601,-0.333114416150027,"Generated","train","ICFM","icfm",3.76954819473603,2.497260030376
0.162233746216306,-0.415962803012567,"Generated","train","ICFM","icfm",3.76954819473603,2.497260030376
-0.447812288400847,0.134814340759251,"Generated","train","ICFM","icfm",3.76954819473603,2.497260030376
-0.539762335178557,0.00272152509593693,"Generated","train","ICFM","icfm",3.76954819473603,2.497260030376
0.124195498810538,0.0405259544749988,"Generated","train","ICFM","icfm",3.76954819473603,2.497260030376
-0.388616290734717,0.295953172573568,"Generated","train","ICFM","icfm",3.76954819473603,2.497260030376
-0.0551721178763882,-0.0876720224867925,"Generated","train","ICFM","icfm",3.76954819473603,2.497260030376
0.400015604427497,-0.0034638223920151,"Generated","train","ICFM","icfm",3.76954819473603,2.497260030376
-0.79964792089404,-0.0493834806574859,"Generated","train","ICFM","icfm",3.76954819473603,2.497260030376
0.454932607712108,0.864206097231842,"Generated","train","ICFM","icfm",3.76954819473603,2.497260030376
0.406341221200135,-0.431633919868995,"Generated","train","ICFM","icfm",3.76954819473603,2.497260030376
0.43948374930048,-0.160182171615246,"Generated","train","ICFM","icfm",3.76954819473603,2.497260030376
0.412424492382326,0.00575788442995516,"Generated","train","ICFM","icfm",3.76954819473603,2.497260030376
0.173975454812766,-0.266503500277272,"Generated","train","ICFM","icfm",3.76954819473603,2.497260030376
-0.166943092537863,-0.0733111847420972,"Generated","train","ICFM","icfm",3.76954819473603,2.497260030376
0.380600275507921,0.049697987568983,"Generated","train","ICFM","icfm",3.76954819473603,2.497260030376
-0.48120775870516,0.375740401762784,"Generated","train","ICFM","icfm",3.76954819473603,2.497260030376
0.228052521720426,-0.13424591512926,"Generated","train","ICFM","icfm",3.76954819473603,2.497260030376
-0.128966868759849,-0.401563960287452,"Generated","train","ICFM","icfm",3.76954819473603,2.497260030376
0.271413742806288,-0.311239785618797,"Generated","train","ICFM","icfm",3.76954819473603,2.497260030376
-0.263890021103336,-0.318956468324756,"Generated","train","ICFM","icfm",3.76954819473603,2.497260030376
0.187769969500787,-0.53625093932511,"Generated","train","ICFM","icfm",3.76954819473603,2.497260030376
-0.00957584235974339,0.0358841272335282,"Generated","train","ICFM","icfm",3.76954819473603,2.497260030376
0.808171872536988,1.10534801653195,"Generated","train","ICFM","icfm",3.76954819473603,2.497260030376
-0.267180513512668,-0.207743172997706,"Generated","train","ICFM","icfm",3.76954819473603,2.497260030376
-0.128004013144158,-0.340109884432118,"Generated","train","ICFM","icfm",3.76954819473603,2.497260030376
0.51911549558752,-0.235099628632101,"Generated","train","ICFM","icfm",3.76954819473603,2.497260030376
-0.719864816211494,-0.135624787072687,"Generated","train","ICFM","icfm",3.76954819473603,2.497260030376
0.422459231181503,-0.10729223371918,"Generated","train","ICFM","icfm",3.76954819473603,2.497260030376
-0.816077711519104,0.474832458853824,"Generated","train","ICFM","icfm",3.76954819473603,2.497260030376
0.423280318527645,-0.291985987191205,"Generated","train","ICFM","icfm",3.76954819473603,2.497260030376
-0.121154509521991,-0.415623695784308,"Generated","train","ICFM","icfm",3.76954819473603,2.497260030376
-0.0666603069147082,0.212296893512013,"Generated","train","ICFM","icfm",3.76954819473603,2.497260030376
0.327808208740844,-0.0973773532931749,"Generated","train","ICFM","icfm",3.76954819473603,2.497260030376
-0.524196409267753,0.312546010721351,"Generated","train","ICFM","icfm",3.76954819473603,2.497260030376
0.284493572238564,-0.620521882086563,"Generated","train","ICFM","icfm",3.76954819473603,2.497260030376
0.380677819429804,0.0750764414649502,"Generated","train","ICFM","icfm",3.76954819473603,2.497260030376
-0.738829248387039,-0.0556779571335948,"Generated","train","ICFM","icfm",3.76954819473603,2.497260030376
-0.675347237831754,0.743760596124669,"Generated","train","ICFM","icfm",3.76954819473603,2.497260030376
0.268040246486211,-0.0137658153899815,"Generated","train","ICFM","icfm",3.76954819473603,2.497260030376
-0.0245471933866844,-0.0245362056099435,"Generated","train","ICFM","icfm",3.76954819473603,2.497260030376
0.016573710300631,-0.349871436315489,"Generated","train","ICFM","icfm",3.76954819473603,2.497260030376
0.139850829079856,-0.0698891904702981,"Generated","train","ICFM","icfm",3.76954819473603,2.497260030376
0.62313373377368,0.0699576930750051,"Generated","train","ICFM","icfm",3.76954819473603,2.497260030376
-0.347467640255636,0.148722422624414,"Generated","train","ICFM","icfm",3.76954819473603,2.497260030376
0.517185512724383,-0.411619095478327,"Generated","train","ICFM","icfm",3.76954819473603,2.497260030376
-0.39023749768306,0.262204940848612,"Generated","train","ICFM","icfm",3.76954819473603,2.497260030376
0.273262551528957,-0.33857236053875,"Generated","train","ICFM","icfm",3.76954819473603,2.497260030376
0.861444958088481,1.01853930550693,"Generated","train","ICFM","icfm",3.76954819473603,2.497260030376
0.27450845693282,0.142129321391304,"Generated","train","ICFM","icfm",3.76954819473603,2.497260030376
-0.760492224007966,0.582894517774477,"Generated","train","ICFM","icfm",3.76954819473603,2.497260030376
0.427463373568605,-0.224698721980953,"Generated","train","ICFM","icfm",3.76954819473603,2.497260030376
0.0737213345190278,-0.337671682676997,"Generated","train","ICFM","icfm",3.76954819473603,2.497260030376
-0.950211588403408,0.0686792226222476,"Generated","train","ICFM","icfm",3.76954819473603,2.497260030376
-0.18913177308261,0.0613317437709169,"Generated","train","ICFM","icfm",3.76954819473603,2.497260030376
-0.109498628483273,0.0187170094420191,"Generated","train","ICFM","icfm",3.76954819473603,2.497260030376
0.328440855768718,-0.0649871429027782,"Generated","train","ICFM","icfm",3.76954819473603,2.497260030376
0.377308039816228,-0.402824351606029,"Generated","train","ICFM","icfm",3.76954819473603,2.497260030376
0.40382557110785,-0.300674250584529,"Generated","train","ICFM","icfm",3.76954819473603,2.497260030376
0.273215184006813,-0.662354621908371,"Generated","train","ICFM","icfm",3.76954819473603,2.497260030376
-0.0470229631762209,0.072762213982359,"Generated","train","ICFM","icfm",3.76954819473603,2.497260030376
0.286165001353421,0.119161889694,"Generated","train","ICFM","icfm",3.76954819473603,2.497260030376
0.366426845870094,-0.0805856673712631,"Generated","train","ICFM","icfm",3.76954819473603,2.497260030376
-0.264617312321999,-0.176095738718419,"Generated","train","ICFM","icfm",3.76954819473603,2.497260030376
-0.600869850916337,0.488546858162346,"Generated","train","ICFM","icfm",3.76954819473603,2.497260030376
0.418933958469785,-0.104261149797557,"Generated","train","ICFM","icfm",3.76954819473603,2.497260030376
0.524289395724331,0.0983332393445293,"Generated","train","ICFM","icfm",3.76954819473603,2.497260030376
0.205765608889723,-0.0744334655217582,"Generated","train","ICFM","icfm",3.76954819473603,2.497260030376
0.106132357238286,0.183047981280035,"Generated","train","ICFM","icfm",3.76954819473603,2.497260030376
0.0760154302949708,0.117523357160567,"Generated","train","ICFM","icfm",3.76954819473603,2.497260030376
-0.264414627040198,0.173380901953924,"Generated","train","ICFM","icfm",3.76954819473603,2.497260030376
0.386938085321351,-0.523748260659161,"Generated","train","ICFM","icfm",3.76954819473603,2.497260030376
0.349902326634889,-0.679996133897529,"Generated","train","ICFM","icfm",3.76954819473603,2.497260030376
-0.503907376513817,-0.271276089760719,"Generated","train","ICFM","icfm",3.76954819473603,2.497260030376
-0.0706343144246237,-0.182344674806179,"Generated","train","ICFM","icfm",3.76954819473603,2.497260030376
-0.788556390944078,0.574988226375973,"Generated","train","ICFM","icfm",3.76954819473603,2.497260030376
0.607413038220794,-0.184571149273116,"Generated","train","ICFM","icfm",3.76954819473603,2.497260030376
0.159360752767135,-0.240813108113792,"Generated","train","ICFM","icfm",3.76954819473603,2.497260030376
-0.713680048890173,0.420659615117044,"Generated","train","ICFM","icfm",3.76954819473603,2.497260030376
-0.182908613982647,0.207102961938139,"Generated","train","ICFM","icfm",3.76954819473603,2.497260030376
0.538821159775948,-0.263791623006496,"Generated","train","ICFM","icfm",3.76954819473603,2.497260030376
0.372516487887406,0.0485610760492165,"Generated","train","ICFM","icfm",3.76954819473603,2.497260030376
0.288595546956259,-0.106747030291965,"Generated","train","ICFM","icfm",3.76954819473603,2.497260030376
0.0710577772725622,-0.0201593394877643,"Generated","train","ICFM","icfm",3.76954819473603,2.497260030376
-0.429653994866319,-0.141978204948026,"Generated","train","ICFM","icfm",3.76954819473603,2.497260030376
0.31962638557151,-0.278631235639459,"Generated","train","ICFM","icfm",3.76954819473603,2.497260030376
0.687083691595478,0.801601637124606,"Generated","train","ICFM","icfm",3.76954819473603,2.497260030376
0.561122512092221,0.300944504433668,"Generated","train","ICFM","icfm",3.76954819473603,2.497260030376
0.0176314499668608,-0.340981407703166,"Generated","train","ICFM","icfm",3.76954819473603,2.497260030376
0.0171146151774226,0.0114784995355759,"Generated","train","ICFM","icfm",3.76954819473603,2.497260030376
-0.342111902695934,0.202140257823879,"Generated","train","ICFM","icfm",3.76954819473603,2.497260030376
-0.264054154224942,0.736408913930638,"Generated","train","ICFM","icfm",3.76954819473603,2.497260030376
0.417119205749325,0.142856034840386,"Generated","train","ICFM","icfm",3.76954819473603,2.497260030376
0.546178496355497,-0.0710235220019613,"Generated","train","ICFM","icfm",3.76954819473603,2.497260030376
-0.221591625612051,-0.019928678773128,"Generated","train","ICFM","icfm",3.76954819473603,2.497260030376
-0.0303174309737768,-0.27711052387442,"Generated","train","ICFM","icfm",3.76954819473603,2.497260030376
-0.913857038914776,0.0694719500135577,"Generated","train","ICFM","icfm",3.76954819473603,2.497260030376
-0.743950738026199,0.262209522968337,"Generated","train","ICFM","icfm",3.76954819473603,2.497260030376
-0.00251266850658008,-0.11328135545528,"Generated","train","ICFM","icfm",3.76954819473603,2.497260030376
-0.858046103204085,0.327256721036346,"Generated","train","ICFM","icfm",3.76954819473603,2.497260030376
-0.320861348205127,0.178950179210985,"Generated","train","ICFM","icfm",3.76954819473603,2.497260030376
-0.189300364964518,0.0894633475328082,"Generated","train","ICFM","icfm",3.76954819473603,2.497260030376
-0.876697933792393,-0.0863803436688544,"Generated","train","ICFM","icfm",3.76954819473603,2.497260030376
0.330046842986022,0.00753649774459973,"Generated","train","ICFM","icfm",3.76954819473603,2.497260030376
0.405794630632182,0.125444609104647,"Generated","train","ICFM","icfm",3.76954819473603,2.497260030376
0.503754958921529,-0.0127169995430023,"Generated","train","ICFM","icfm",3.76954819473603,2.497260030376
-0.657548828426577,0.037589071624808,"Generated","train","ICFM","icfm",3.76954819473603,2.497260030376
0.27531048105827,-0.354374341170461,"Generated","train","ICFM","icfm",3.76954819473603,2.497260030376
0.306248591609769,-0.224743000604774,"Generated","train","ICFM","icfm",3.76954819473603,2.497260030376
-0.622374040834802,0.331251609710379,"Generated","train","ICFM","icfm",3.76954819473603,2.497260030376
0.261014165596944,-0.0469988370827585,"Generated","train","ICFM","icfm",3.76954819473603,2.497260030376
-0.304144857094107,-0.514459756273092,"Generated","train","ICFM","icfm",3.76954819473603,2.497260030376
0.864287477202275,0.851592767328888,"Generated","train","ICFM","icfm",3.76954819473603,2.497260030376
-0.684398126067769,0.333897382152696,"Generated","train","ICFM","icfm",3.76954819473603,2.497260030376
-0.703575244309854,0.462230007885454,"Generated","train","ICFM","icfm",3.76954819473603,2.497260030376
0.525222380524874,-0.054421779554455,"Generated","train","ICFM","icfm",3.76954819473603,2.497260030376
-0.105477310671691,-0.216550972735908,"Generated","train","ICFM","icfm",3.76954819473603,2.497260030376
0.193716732047711,-0.488060375945372,"Generated","train","ICFM","icfm",3.76954819473603,2.497260030376
0.185201876547393,-0.654398098790407,"Generated","train","ICFM","icfm",3.76954819473603,2.497260030376
-0.543647620940369,-0.216977607412242,"Generated","train","ICFM","icfm",3.76954819473603,2.497260030376
-0.588652479128201,0.0458877679484728,"Generated","train","ICFM","icfm",3.76954819473603,2.497260030376
0.503705694353648,-0.0350367474322945,"Generated","train","ICFM","icfm",3.76954819473603,2.497260030376
0.382414070867591,-0.051268741990655,"Generated","train","ICFM","icfm",3.76954819473603,2.497260030376
-0.778829207327441,-0.00318000404321391,"Generated","train","ICFM","icfm",3.76954819473603,2.497260030376
0.409617978510402,-0.004790050694257,"Generated","train","ICFM","icfm",3.76954819473603,2.497260030376
-0.39955977068315,-0.0786358727501641,"Generated","train","ICFM","icfm",3.76954819473603,2.497260030376
-0.118764839134759,0.14914831060034,"Generated","train","ICFM","icfm",3.76954819473603,2.497260030376
0.386595297991676,-0.0303618520382315,"Generated","train","ICFM","icfm",3.76954819473603,2.497260030376
-0.456893431956532,0.196627709003556,"Generated","train","ICFM","icfm",3.76954819473603,2.497260030376
0.423693365443568,0.13482644634382,"Generated","train","ICFM","icfm",3.76954819473603,2.497260030376
-0.305267158462536,-0.0858760675750559,"Generated","train","ICFM","icfm",3.76954819473603,2.497260030376
-0.216167441163737,0.23228693164787,"Generated","train","ICFM","icfm",3.76954819473603,2.497260030376
-0.75992712722053,0.205460843738453,"Generated","train","ICFM","icfm",3.76954819473603,2.497260030376
-0.932784376430145,-0.085292086358405,"Generated","train","ICFM","icfm",3.76954819473603,2.497260030376
-0.0386407687769872,0.109696108725685,"Generated","train","ICFM","icfm",3.76954819473603,2.497260030376
-0.569922243224419,-0.0195755822420828,"Generated","train","ICFM","icfm",3.76954819473603,2.497260030376
0.430277442475706,-0.0332057701660596,"Generated","train","ICFM","icfm",3.76954819473603,2.497260030376
0.341574733691972,-0.484484480415993,"Generated","train","ICFM","icfm",3.76954819473603,2.497260030376
-0.179817006384904,0.687285100643718,"Generated","train","ICFM","icfm",3.76954819473603,2.497260030376
0.504260526084636,-0.110896052573339,"Generated","train","ICFM","icfm",3.76954819473603,2.497260030376
0.341130808591633,-0.00733077451641542,"Generated","train","ICFM","icfm",3.76954819473603,2.497260030376
0.343312417467187,0.0524719930942204,"Generated","train","ICFM","icfm",3.76954819473603,2.497260030376
0.298488759431098,-0.426230815676819,"Generated","train","ICFM","icfm",3.76954819473603,2.497260030376
0.361311331180002,0.155150885401426,"Generated","train","ICFM","icfm",3.76954819473603,2.497260030376
-0.156306595982434,0.0571280079427995,"Generated","train","ICFM","icfm",3.76954819473603,2.497260030376
0.161647703920209,-0.595217315108847,"Generated","train","ICFM","icfm",3.76954819473603,2.497260030376
-0.193439399314463,-0.0919311173826055,"Generated","train","ICFM","icfm",3.76954819473603,2.497260030376
0.123087956354848,0.176708603731038,"Generated","train","ICFM","icfm",3.76954819473603,2.497260030376
-0.738916225706806,0.342850708033442,"Generated","train","ICFM","icfm",3.76954819473603,2.497260030376
0.397155806835864,0.148002586863152,"Generated","train","ICFM","icfm",3.76954819473603,2.497260030376
-0.201922357847206,0.0660458414915451,"Generated","train","ICFM","icfm",3.76954819473603,2.497260030376
0.224099749786573,-0.313435349601251,"Generated","train","ICFM","icfm",3.76954819473603,2.497260030376
0.648040755250207,0.646470396362347,"Generated","train","ICFM","icfm",3.76954819473603,2.497260030376
0.551913315946158,-0.249125773249616,"Generated","train","ICFM","icfm",3.76954819473603,2.497260030376
0.0350630921236582,0.501143506514165,"Generated","train","ICFM","icfm",3.76954819473603,2.497260030376
-0.609052798571939,0.371069824173883,"Generated","train","ICFM","icfm",3.76954819473603,2.497260030376
0.245840235795671,-0.274653144373589,"Generated","train","ICFM","icfm",3.76954819473603,2.497260030376
0.644908162112704,-0.309204655447476,"Generated","train","ICFM","icfm",3.76954819473603,2.497260030376
0.455009346628007,0.023026670234064,"Generated","train","ICFM","icfm",3.76954819473603,2.497260030376
0.476587800289018,-0.343344473492366,"Generated","train","ICFM","icfm",3.76954819473603,2.497260030376
-0.634054386154748,0.139295927257045,"Generated","train","ICFM","icfm",3.76954819473603,2.497260030376
0.234351517545602,-0.650795955281386,"Generated","train","ICFM","icfm",3.76954819473603,2.497260030376
0.55813149284535,-0.0320876280367296,"Generated","train","ICFM","icfm",3.76954819473603,2.497260030376
0.0530468701049932,-0.154578360094121,"Generated","train","ICFM","icfm",3.76954819473603,2.497260030376
-0.148446306065829,-0.134246296593643,"Generated","train","ICFM","icfm",3.76954819473603,2.497260030376
0.583997130652158,0.0800567478520022,"Generated","train","ICFM","icfm",3.76954819473603,2.497260030376
0.774658833251988,0.769040992649463,"Generated","train","ICFM","icfm",3.76954819473603,2.497260030376
-0.718712517253717,0.366147151680065,"Generated","train","ICFM","icfm",3.76954819473603,2.497260030376
0.559614377204677,-0.0629342751121723,"Generated","train","ICFM","icfm",3.76954819473603,2.497260030376
-0.558955551467921,0.276257089801063,"Generated","train","ICFM","icfm",3.76954819473603,2.497260030376
-0.478649001154848,-0.362030828115227,"Generated","train","ICFM","icfm",3.76954819473603,2.497260030376
0.134836996413339,-0.64483499659836,"Generated","train","ICFM","icfm",3.76954819473603,2.497260030376
0.17057738817611,-0.172054763176119,"Generated","train","ICFM","icfm",3.76954819473603,2.497260030376
-0.798791019294297,0.0314287860099494,"Generated","train","ICFM","icfm",3.76954819473603,2.497260030376
-0.568506557995736,0.211043108084088,"Generated","train","ICFM","icfm",3.76954819473603,2.497260030376
0.307116349370077,-0.425004713471582,"Generated","train","ICFM","icfm",3.76954819473603,2.497260030376
-0.711736857637006,0.526806008501983,"Generated","train","ICFM","icfm",3.76954819473603,2.497260030376
0.0560377303318484,-0.383424270446743,"Generated","train","ICFM","icfm",3.76954819473603,2.497260030376
0.120849400122258,-0.263072760930105,"Generated","train","ICFM","icfm",3.76954819473603,2.497260030376
0.541237881438585,0.0194359653842892,"Generated","train","ICFM","icfm",3.76954819473603,2.497260030376
0.367066583236697,-0.101736637612762,"Generated","train","ICFM","icfm",3.76954819473603,2.497260030376
0.00383621647307446,0.0106565741962315,"Generated","train","ICFM","icfm",3.76954819473603,2.497260030376
0.900998937174398,0.934162985086832,"Generated","train","ICFM","icfm",3.76954819473603,2.497260030376
-0.215464451993956,0.122697282109369,"Generated","train","ICFM","icfm",3.76954819473603,2.497260030376
-0.189623527512181,0.194489973356595,"Generated","train","ICFM","icfm",3.76954819473603,2.497260030376
-0.568341909727759,0.404099078888841,"Generated","train","ICFM","icfm",3.76954819473603,2.497260030376
0.497922576979302,0.0938596299537644,"Generated","train","ICFM","icfm",3.76954819473603,2.497260030376
0.0972935928101728,-0.135396699487794,"Generated","train","ICFM","icfm",3.76954819473603,2.497260030376
0.3397334624436,-0.00799148282367394,"Generated","train","ICFM","icfm",3.76954819473603,2.497260030376
0.430018531612113,0.0913576168995554,"Generated","train","ICFM","icfm",3.76954819473603,2.497260030376
0.4258794689609,-0.56745929674033,"Generated","train","ICFM","icfm",3.76954819473603,2.497260030376
-0.726231541101675,0.216362171732796,"Generated","train","ICFM","icfm",3.76954819473603,2.497260030376
-0.578062634826109,0.318573263266859,"Generated","train","ICFM","icfm",3.76954819473603,2.497260030376
0.150014353204905,0.282791217079956,"Generated","train","ICFM","icfm",3.76954819473603,2.497260030376
-0.0881607627888935,0.0488755771915634,"Generated","train","ICFM","icfm",3.76954819473603,2.497260030376
-0.827499001024049,0.168604586775776,"Generated","train","ICFM","icfm",3.76954819473603,2.497260030376
-0.181846206472178,-0.39323716023342,"Generated","train","ICFM","icfm",3.76954819473603,2.497260030376
-0.478318410304546,0.42555750345325,"Generated","train","ICFM","icfm",3.76954819473603,2.497260030376
0.482233343429899,1.0166684922544,"Generated","train","ICFM","icfm",3.76954819473603,2.497260030376
0.516313686093593,-0.0216047217169784,"Generated","train","ICFM","icfm",3.76954819473603,2.497260030376
0.279554505510818,0.0739448731788401,"Generated","train","ICFM","icfm",3.76954819473603,2.497260030376
-0.712760870380831,-0.0337003889005525,"Generated","train","ICFM","icfm",3.76954819473603,2.497260030376
-0.0414192329371864,-0.0815647392110629,"Generated","train","ICFM","icfm",3.76954819473603,2.497260030376
-0.739308119906392,0.207920130455934,"Generated","train","ICFM","icfm",3.76954819473603,2.497260030376
0.203403128922912,0.283336900919099,"Generated","train","ICFM","icfm",3.76954819473603,2.497260030376
-0.038880955104859,-0.114900997771037,"Generated","train","ICFM","icfm",3.76954819473603,2.497260030376
0.433589629186273,0.132061490106059,"Generated","train","ICFM","icfm",3.76954819473603,2.497260030376
0.707483777673241,1.0476038057041,"Generated","train","ICFM","icfm",3.76954819473603,2.497260030376
-0.782376762645803,0.190329419369696,"Generated","train","ICFM","icfm",3.76954819473603,2.497260030376
-0.734929606985102,0.53268970776497,"Generated","train","ICFM","icfm",3.76954819473603,2.497260030376
0.266839685461201,-0.00595472895541691,"Generated","train","ICFM","icfm",3.76954819473603,2.497260030376
0.28155930443749,0.00861529714994055,"Generated","train","ICFM","icfm",3.76954819473603,2.497260030376
-0.0674733876504306,-0.0530235027985938,"Generated","train","ICFM","icfm",3.76954819473603,2.497260030376
-0.673671462110526,0.196410373303827,"Generated","train","ICFM","icfm",3.76954819473603,2.497260030376
0.134952359909795,-0.197408274311733,"Generated","train","ICFM","icfm",3.76954819473603,2.497260030376
0.193561594403064,-0.534404326579532,"Generated","train","ICFM","icfm",3.76954819473603,2.497260030376
-0.514798501960618,0.108469764936984,"Generated","train","ICFM","icfm",3.76954819473603,2.497260030376
0.614571511404561,0.192742771199328,"Generated","train","ICFM","icfm",3.76954819473603,2.497260030376
0.0582800916950059,-0.0710201919537898,"Generated","train","ICFM","icfm",3.76954819473603,2.497260030376
-0.309037740640964,0.156019605498359,"Generated","train","ICFM","icfm",3.76954819473603,2.497260030376
-0.394677397439922,0.0283236553451522,"Generated","train","ICFM","icfm",3.76954819473603,2.497260030376
0.312460779837413,0.950916590527523,"Generated","train","ICFM","icfm",3.76954819473603,2.497260030376
0.362640632394174,-0.701339543054285,"Generated","train","ICFM","icfm",3.76954819473603,2.497260030376
0.134809270330493,0.105856941427647,"Generated","train","ICFM","icfm",3.76954819473603,2.497260030376
0.0919544075795582,-0.365513990145619,"Generated","train","ICFM","icfm",3.76954819473603,2.497260030376
-0.888259873721494,0.389794580999024,"Generated","train","ICFM","icfm",3.76954819473603,2.497260030376
0.319207840754892,-0.696540802263779,"Generated","train","ICFM","icfm",3.76954819473603,2.497260030376
0.359534314195011,-0.16474189866036,"Generated","train","ICFM","icfm",3.76954819473603,2.497260030376
-0.46205726005912,-0.315206559354469,"Generated","train","ICFM","icfm",3.76954819473603,2.497260030376
0.348849146845112,-0.584287569395977,"Generated","train","ICFM","icfm",3.76954819473603,2.497260030376
0.360156180682735,0.0554850860264766,"Generated","train","ICFM","icfm",3.76954819473603,2.497260030376
-0.818028695203792,-0.0466851761477673,"Generated","train","ICFM","icfm",3.76954819473603,2.497260030376
0.521837734929189,-0.0893582062947197,"Generated","train","ICFM","icfm",3.76954819473603,2.497260030376
0.390095795918284,0.117931090425896,"Generated","train","ICFM","icfm",3.76954819473603,2.497260030376
0.306222180468279,-0.0431223488615062,"Generated","train","ICFM","icfm",3.76954819473603,2.497260030376
0.0868468346748515,0.338358570052452,"Generated","train","ICFM","icfm",3.76954819473603,2.497260030376
-0.332317635790343,0.27517657094196,"Generated","train","ICFM","icfm",3.76954819473603,2.497260030376
0.442658897006864,0.0480500689649704,"Generated","train","ICFM","icfm",3.76954819473603,2.497260030376
-0.205993395910055,0.215585412338712,"Generated","train","ICFM","icfm",3.76954819473603,2.497260030376
0.343984482902637,0.0692189323030937,"Generated","train","ICFM","icfm",3.76954819473603,2.497260030376
-0.265885220483293,0.132282005826507,"Generated","train","ICFM","icfm",3.76954819473603,2.497260030376
-0.321254127137727,-0.39177126594694,"Generated","train","ICFM","icfm",3.76954819473603,2.497260030376
0.306422696562719,-0.19768002904148,"Generated","train","ICFM","icfm",3.76954819473603,2.497260030376
-0.94152856599516,0.272391378767425,"Generated","train","ICFM","icfm",3.76954819473603,2.497260030376
0.814358199256597,0.860494025129979,"Generated","train","ICFM","icfm",3.76954819473603,2.497260030376
-0.139351471423489,0.449778910103524,"Generated","train","ICFM","icfm",3.76954819473603,2.497260030376
0.759135911740031,0.984140241025169,"Generated","train","ICFM","icfm",3.76954819473603,2.497260030376
-0.886075465924016,0.371162866921042,"Generated","train","ICFM","icfm",3.76954819473603,2.497260030376
0.0694949850714472,-0.0250574140869031,"Generated","train","ICFM","icfm",3.76954819473603,2.497260030376
-0.0608051237087479,-0.454461072045681,"Generated","train","ICFM","icfm",3.76954819473603,2.497260030376
0.21872884540369,-0.383573406905991,"Generated","train","ICFM","icfm",3.76954819473603,2.497260030376
-0.83665740618185,0.028477303959832,"Generated","train","ICFM","icfm",3.76954819473603,2.497260030376
0.35013110180453,0.0837306348701696,"Generated","train","ICFM","icfm",3.76954819473603,2.497260030376
0.182651069612046,-0.607918713029139,"Generated","train","ICFM","icfm",3.76954819473603,2.497260030376
0.536542741859996,-0.0246350033025136,"Generated","train","ICFM","icfm",3.76954819473603,2.497260030376
0.514379914042186,0.113671046223419,"Generated","train","ICFM","icfm",3.76954819473603,2.497260030376
-0.0893170080506033,-0.0272814962355188,"Generated","train","ICFM","icfm",3.76954819473603,2.497260030376
0.232782249205735,-0.821650875125517,"Generated","train","ICFM","icfm",3.76954819473603,2.497260030376
0.0424850673162845,-0.121861694573214,"Generated","train","ICFM","icfm",3.76954819473603,2.497260030376
0.407871180051125,0.00904250860240069,"Generated","train","ICFM","icfm",3.76954819473603,2.497260030376
-0.120671134235076,-0.0641666559915133,"Generated","train","ICFM","icfm",3.76954819473603,2.497260030376
0.341839578415582,-0.0928410961213062,"Generated","train","ICFM","icfm",3.76954819473603,2.497260030376
0.323408951034199,-0.737638361669434,"Generated","train","ICFM","icfm",3.76954819473603,2.497260030376
-0.770937788625457,0.134110512573325,"Generated","train","ICFM","icfm",3.76954819473603,2.497260030376
-0.470991916175207,0.143190637103314,"Generated","train","ICFM","icfm",3.76954819473603,2.497260030376
-0.183507089656714,0.052401684406485,"Generated","train","ICFM","icfm",3.76954819473603,2.497260030376
0.541249921326356,-0.264462317260517,"Generated","train","ICFM","icfm",3.76954819473603,2.497260030376
0.573198429259218,-0.299835408625618,"Generated","train","ICFM","icfm",3.76954819473603,2.497260030376
-0.750459970308528,0.227973109344031,"Generated","train","ICFM","icfm",3.76954819473603,2.497260030376
0.700696833145105,-0.157416305445037,"Generated","train","ICFM","icfm",3.76954819473603,2.497260030376
0.761050297259723,0.587190174700787,"Generated","train","ICFM","icfm",3.76954819473603,2.497260030376
0.23801054304335,-0.285991258355533,"Generated","train","ICFM","icfm",3.76954819473603,2.497260030376
0.672142082492789,0.97768183815361,"Generated","train","ICFM","icfm",3.76954819473603,2.497260030376
0.690882343205392,0.684111719011502,"Generated","train","ICFM","icfm",3.76954819473603,2.497260030376
0.124342131134732,-0.216896761094146,"Generated","train","ICFM","icfm",3.76954819473603,2.497260030376
0.174491462931037,0.0546560293156651,"Generated","train","ICFM","icfm",3.76954819473603,2.497260030376
0.323012766928546,-0.67623952026945,"Generated","train","ICFM","icfm",3.76954819473603,2.497260030376
0.608920527412911,0.0803926540629052,"Generated","train","ICFM","icfm",3.76954819473603,2.497260030376
-0.60710426201872,0.352517132052304,"Generated","train","ICFM","icfm",3.76954819473603,2.497260030376
-0.906073119045741,-0.0505245279800257,"Generated","train","ICFM","icfm",3.76954819473603,2.497260030376
0.375568319495153,-0.353208977894965,"Generated","train","ICFM","icfm",3.76954819473603,2.497260030376
-0.334920024866559,0.117203545191797,"Generated","train","ICFM","icfm",3.76954819473603,2.497260030376
0.437575894437928,0.0630495139572188,"Generated","train","ICFM","icfm",3.76954819473603,2.497260030376
-0.158639025129238,0.229284753895799,"Generated","train","ICFM","icfm",3.76954819473603,2.497260030376
0.0143611161251161,0.0171675391068808,"Generated","train","ICFM","icfm",3.76954819473603,2.497260030376
0.165824669022501,-0.33356670437016,"Generated","train","ICFM","icfm",3.76954819473603,2.497260030376
0.00339587422225768,-0.44583929863487,"Generated","train","ICFM","icfm",3.76954819473603,2.497260030376
0.180272201123657,-0.0692422127171514,"Generated","train","ICFM","icfm",3.76954819473603,2.497260030376
0.59089681002399,-0.479709262772224,"Generated","train","ICFM","icfm",3.76954819473603,2.497260030376
0.470858708234938,-0.197918607229118,"Generated","train","ICFM","icfm",3.76954819473603,2.497260030376
0.179207301857682,-0.573781655985877,"Generated","train","ICFM","icfm",3.76954819473603,2.497260030376
0.307153295271758,-0.431480682069292,"Generated","train","ICFM","icfm",3.76954819473603,2.497260030376
-0.42916749875198,0.369905509398487,"Generated","train","ICFM","icfm",3.76954819473603,2.497260030376
0.4479736772434,-0.319370518034514,"Generated","train","ICFM","icfm",3.76954819473603,2.497260030376
-0.0726323220187603,-0.458574120938353,"Generated","train","ICFM","icfm",3.76954819473603,2.497260030376
-0.0833205768832304,-0.0279730078478667,"Generated","train","ICFM","icfm",3.76954819473603,2.497260030376
0.160299448242228,-0.582178665649036,"Generated","train","ICFM","icfm",3.76954819473603,2.497260030376
0.166776373735881,-0.735407323501885,"Generated","train","ICFM","icfm",3.76954819473603,2.497260030376
-0.802549545284486,0.424235117376093,"Generated","train","ICFM","icfm",3.76954819473603,2.497260030376
-0.699605591412062,0.478071639384213,"Generated","train","ICFM","icfm",3.76954819473603,2.497260030376
-0.82861393803766,0.442700797489674,"Generated","train","ICFM","icfm",3.76954819473603,2.497260030376
-0.394891256732009,0.12466703500746,"Generated","train","ICFM","icfm",3.76954819473603,2.497260030376
0.729120853974947,0.496036375305781,"Generated","train","ICFM","icfm",3.76954819473603,2.497260030376
-0.780169418367015,0.466479187104567,"Generated","train","ICFM","icfm",3.76954819473603,2.497260030376
0.335017112182839,-0.102467604378747,"Generated","train","ICFM","icfm",3.76954819473603,2.497260030376
0.467648590740938,-0.0305812828426793,"Generated","train","ICFM","icfm",3.76954819473603,2.497260030376
0.34369243145385,-0.00347752336292024,"Generated","train","ICFM","icfm",3.76954819473603,2.497260030376
-0.309700752625001,-0.133177932439469,"Generated","train","ICFM","icfm",3.76954819473603,2.497260030376
-0.525414001445254,0.134749576154335,"Generated","train","ICFM","icfm",3.76954819473603,2.497260030376
-0.673470231222251,-0.173456248201898,"Generated","train","ICFM","icfm",3.76954819473603,2.497260030376
-0.560511440925228,0.238957500441368,"Generated","train","ICFM","icfm",3.76954819473603,2.497260030376
0.454921522003057,0.0387505339830301,"Generated","train","ICFM","icfm",3.76954819473603,2.497260030376
-0.672449708761815,0.432767522503255,"Generated","train","ICFM","icfm",3.76954819473603,2.497260030376
0.342296961739934,-0.254437907700955,"Generated","train","ICFM","icfm",3.76954819473603,2.497260030376
-0.859310051489795,0.227485396835028,"Generated","train","ICFM","icfm",3.76954819473603,2.497260030376
0.117556409359806,-0.692667834147801,"Generated","train","ICFM","icfm",3.76954819473603,2.497260030376
0.545217424590268,-0.246150152145313,"Generated","train","ICFM","icfm",3.76954819473603,2.497260030376
0.0345277000335625,-0.180839514858202,"Generated","train","ICFM","icfm",3.76954819473603,2.497260030376
0.318172681640372,-0.122478475970707,"Generated","train","ICFM","icfm",3.76954819473603,2.497260030376
0.163461660907156,-0.592061172103915,"Generated","train","ICFM","icfm",3.76954819473603,2.497260030376
-0.0539801518446512,0.0334476804018238,"Generated","train","ICFM","icfm",3.76954819473603,2.497260030376
-0.113778828854039,0.251216304693905,"Generated","train","ICFM","icfm",3.76954819473603,2.497260030376
-0.00325260813310924,-0.236666472959116,"Generated","train","ICFM","icfm",3.76954819473603,2.497260030376
0.491682312439558,-0.0912782034253738,"Generated","train","ICFM","icfm",3.76954819473603,2.497260030376
0.463279204743499,0.134018127504233,"Generated","train","ICFM","icfm",3.76954819473603,2.497260030376
0.379204776897889,-0.422824403674544,"Generated","train","ICFM","icfm",3.76954819473603,2.497260030376
0.0888288443613971,-0.181227023683549,"Generated","train","ICFM","icfm",3.76954819473603,2.497260030376
-0.635570078709064,0.291652842572963,"Generated","train","ICFM","icfm",3.76954819473603,2.497260030376
0.538706668898953,-0.350327864607976,"Generated","train","ICFM","icfm",3.76954819473603,2.497260030376
0.504158558753177,0.115756637699582,"Generated","train","ICFM","icfm",3.76954819473603,2.497260030376
0.823055947562777,1.01412441209294,"Generated","train","ICFM","icfm",3.76954819473603,2.497260030376
-0.0644248838888606,0.071241335829677,"Generated","train","ICFM","icfm",3.76954819473603,2.497260030376
0.149603051289334,0.922920751276752,"Generated","train","ICFM","icfm",3.76954819473603,2.497260030376
-0.188231158040589,0.196298795217708,"Generated","train","ICFM","icfm",3.76954819473603,2.497260030376
-0.0989666513558695,-0.389134377079939,"Generated","train","ICFM","icfm",3.76954819473603,2.497260030376
0.484879208662333,0.0494147235993588,"Generated","train","ICFM","icfm",3.76954819473603,2.497260030376
0.77358582975242,1.00868847785367,"Generated","train","ICFM","icfm",3.76954819473603,2.497260030376
0.474302733913125,-0.418771403531328,"Generated","train","ICFM","icfm",3.76954819473603,2.497260030376
0.274414798984067,-0.391339126633609,"Generated","train","ICFM","icfm",3.76954819473603,2.497260030376
-0.868161927914566,0.405423096606325,"Generated","train","ICFM","icfm",3.76954819473603,2.497260030376
0.314452519876366,-0.207531656578771,"Generated","train","ICFM","icfm",3.76954819473603,2.497260030376
0.281605214127719,0.138372781166213,"Generated","train","ICFM","icfm",3.76954819473603,2.497260030376
0.430921401099984,0.129280077979017,"Generated","train","ICFM","icfm",3.76954819473603,2.497260030376
-0.290222755589124,-0.002482727608475,"Generated","train","ICFM","icfm",3.76954819473603,2.497260030376
0.473111206759991,-0.166113349963514,"Generated","train","ICFM","icfm",3.76954819473603,2.497260030376
0.482521116035447,0.0325293201592685,"Generated","train","ICFM","icfm",3.76954819473603,2.497260030376
-0.843699076882447,0.374074564203874,"Generated","train","ICFM","icfm",3.76954819473603,2.497260030376
-0.605430943069262,0.250996515886577,"Generated","train","ICFM","icfm",3.76954819473603,2.497260030376
0.727688531502094,0.877794512648389,"Generated","train","ICFM","icfm",3.76954819473603,2.497260030376
0.00447991254497301,-0.10508002516934,"Generated","train","ICFM","icfm",3.76954819473603,2.497260030376
0.641261036301263,-0.309918538438888,"Generated","train","ICFM","icfm",3.76954819473603,2.497260030376
0.422761801156766,0.176696957604806,"Generated","train","ICFM","icfm",3.76954819473603,2.497260030376
-0.459274518975008,-0.267826937087862,"Generated","train","ICFM","icfm",3.76954819473603,2.497260030376
-0.166195605994364,0.0519118042430587,"Generated","train","ICFM","icfm",3.76954819473603,2.497260030376
-0.0842846094856241,-0.187154558622749,"Generated","train","ICFM","icfm",3.76954819473603,2.497260030376
-0.668282187259331,0.290252840353552,"Generated","train","ICFM","icfm",3.76954819473603,2.497260030376
-0.0024694151414211,-0.549607648796526,"Generated","train","ICFM","icfm",3.76954819473603,2.497260030376
-0.428669699376518,-0.417046044997333,"Generated","train","ICFM","icfm",3.76954819473603,2.497260030376
-0.0716694463602263,-0.307467923462764,"Generated","train","ICFM","icfm",3.76954819473603,2.497260030376
-0.625629507162311,0.00532160636363772,"Generated","train","ICFM","icfm",3.76954819473603,2.497260030376
-0.724264382063478,0.494862250126363,"Generated","train","ICFM","icfm",3.76954819473603,2.497260030376
0.273041920996411,-0.550572166682195,"Generated","train","ICFM","icfm",3.76954819473603,2.497260030376
0.505054038835191,-0.014213752008415,"Generated","train","ICFM","icfm",3.76954819473603,2.497260030376
-0.863710568768048,0.47522302315782,"Generated","train","ICFM","icfm",3.76954819473603,2.497260030376
-0.903981441570473,0.0664460740419577,"Generated","train","ICFM","icfm",3.76954819473603,2.497260030376
0.192654107320942,0.0246090952641103,"Generated","train","ICFM","icfm",3.76954819473603,2.497260030376
0.490608995417707,-0.116834130821591,"Generated","train","ICFM","icfm",3.76954819473603,2.497260030376
-0.76465942730791,0.44173048059965,"Generated","train","ICFM","icfm",3.76954819473603,2.497260030376
0.30461552982629,-0.0542188207151242,"Generated","train","ICFM","icfm",3.76954819473603,2.497260030376
0.0677594525220542,0.299856835567512,"Generated","train","ICFM","icfm",3.76954819473603,2.497260030376
-0.516134901810387,0.182850214367851,"Generated","train","ICFM","icfm",3.76954819473603,2.497260030376
-0.667686943485341,0.477855406862811,"Generated","train","ICFM","icfm",3.76954819473603,2.497260030376
0.348841456352911,-0.356414453304595,"Generated","train","ICFM","icfm",3.76954819473603,2.497260030376
0.470919743792854,-0.150951249568277,"Generated","train","ICFM","icfm",3.76954819473603,2.497260030376
-0.098758452224579,-0.364909330037614,"Generated","train","ICFM","icfm",3.76954819473603,2.497260030376
-0.887060119655021,0.231611286714665,"Generated","train","ICFM","icfm",3.76954819473603,2.497260030376
-0.140184841598266,-0.35615945494245,"Generated","train","ICFM","icfm",3.76954819473603,2.497260030376
0.423324110948023,0.00955239809603191,"Generated","train","ICFM","icfm",3.76954819473603,2.497260030376
-0.408233500130106,0.214242341843989,"Generated","train","ICFM","icfm",3.76954819473603,2.497260030376
-0.581875644465235,0.440059507272553,"Generated","train","ICFM","icfm",3.76954819473603,2.497260030376
0.522644486171355,-0.00816917616046759,"Generated","train","ICFM","icfm",3.76954819473603,2.497260030376
0.346073379314481,-0.030642152035461,"Generated","train","ICFM","icfm",3.76954819473603,2.497260030376
-0.148268484081179,-0.285598239767475,"Generated","train","ICFM","icfm",3.76954819473603,2.497260030376
0.312556014528997,-0.163402426247606,"Generated","train","ICFM","icfm",3.76954819473603,2.497260030376
0.780173531275995,0.818934064127647,"Generated","train","ICFM","icfm",3.76954819473603,2.497260030376
-0.888232291714048,0.435953584006658,"Generated","train","ICFM","icfm",3.76954819473603,2.497260030376
0.398212168671533,0.0265049853336026,"Generated","train","ICFM","icfm",3.76954819473603,2.497260030376
-0.848639914974757,0.44567268226382,"Generated","train","ICFM","icfm",3.76954819473603,2.497260030376
0.130348758308125,-0.669381002677811,"Generated","train","ICFM","icfm",3.76954819473603,2.497260030376
0.33710108707951,-0.327167117522319,"Generated","train","ICFM","icfm",3.76954819473603,2.497260030376
0.113987801402912,-0.395926800730059,"Generated","train","ICFM","icfm",3.76954819473603,2.497260030376
0.527955850214383,-0.132418171049153,"Generated","train","ICFM","icfm",3.76954819473603,2.497260030376
0.352266673226687,-0.0204069562232366,"Generated","train","ICFM","icfm",3.76954819473603,2.497260030376
0.464041206681957,0.0643389010770537,"Generated","train","ICFM","icfm",3.76954819473603,2.497260030376
0.299289848087252,-0.0222609236398837,"Generated","train","ICFM","icfm",3.76954819473603,2.497260030376
0.220300937036493,-0.125999039552654,"Generated","train","ICFM","icfm",3.76954819473603,2.497260030376
-0.492584505127285,0.212877145601889,"Generated","train","ICFM","icfm",3.76954819473603,2.497260030376
-0.399169706144253,-0.299552953493412,"Generated","train","ICFM","icfm",3.76954819473603,2.497260030376
-0.317576837472988,0.0178971685163698,"Generated","train","ICFM","icfm",3.76954819473603,2.497260030376
0.852757378742322,1.0204398375283,"Generated","train","ICFM","icfm",3.76954819473603,2.497260030376
0.398625971919736,-0.146090989288021,"Generated","train","ICFM","icfm",3.76954819473603,2.497260030376
0.297361461948835,-0.363385495560033,"Generated","train","ICFM","icfm",3.76954819473603,2.497260030376
0.22609800356066,-0.629975495505258,"Generated","train","ICFM","icfm",3.76954819473603,2.497260030376
0.229247486040949,-0.00480197256706441,"Generated","train","ICFM","icfm",3.76954819473603,2.497260030376
-0.159650453864114,0.369250222892263,"Generated","train","ICFM","icfm",3.76954819473603,2.497260030376
-0.256631726439115,0.100763980067406,"Generated","train","ICFM","icfm",3.76954819473603,2.497260030376
0.426832542462876,0.914466538578547,"Generated","train","ICFM","icfm",3.76954819473603,2.497260030376
-0.425431233806631,0.218371912420201,"Generated","train","ICFM","icfm",3.76954819473603,2.497260030376
-0.305364035639401,0.0899373750114669,"Generated","train","ICFM","icfm",3.76954819473603,2.497260030376
-0.738176756796888,0.511059287402299,"Generated","train","ICFM","icfm",3.76954819473603,2.497260030376
0.540968273010939,0.112469972545854,"Generated","train","ICFM","icfm",3.76954819473603,2.497260030376
0.381243974368103,-0.165827567929612,"Generated","train","ICFM","icfm",3.76954819473603,2.497260030376
0.179054504300595,-0.151190464424698,"Generated","train","ICFM","icfm",3.76954819473603,2.497260030376
-0.413243610306296,0.399923344466443,"Generated","train","ICFM","icfm",3.76954819473603,2.497260030376
-0.326354376393484,0.118061539374525,"Generated","train","ICFM","icfm",3.76954819473603,2.497260030376
0.24867129603806,-0.280562786771154,"Generated","train","ICFM","icfm",3.76954819473603,2.497260030376
0.110825112852562,-0.340852915506127,"Generated","train","ICFM","icfm",3.76954819473603,2.497260030376
0.450631750293375,0.122429344316228,"Generated","train","ICFM","icfm",3.76954819473603,2.497260030376
-0.892446646431602,0.0323907736812042,"Generated","train","ICFM","icfm",3.76954819473603,2.497260030376
-0.0249417715890371,-0.549728056001778,"Generated","train","ICFM","icfm",3.76954819473603,2.497260030376
0.534369754261918,0.0114583598020801,"Generated","train","ICFM","icfm",3.76954819473603,2.497260030376
0.482114791202616,0.123642871679461,"Generated","train","ICFM","icfm",3.76954819473603,2.497260030376
-0.895854993348219,0.0123935968372051,"Generated","train","ICFM","icfm",3.76954819473603,2.497260030376
0.347191698667249,-0.00483622762538036,"Generated","train","ICFM","icfm",3.76954819473603,2.497260030376
-0.680371595633046,0.184887048817511,"Generated","train","ICFM","icfm",3.76954819473603,2.497260030376
0.555490070571078,-0.313446014745017,"Generated","train","ICFM","icfm",3.76954819473603,2.497260030376
0.423578235180753,-0.265527394634845,"Generated","train","ICFM","icfm",3.76954819473603,2.497260030376
0.243935390885934,-0.0140675634739495,"Generated","train","ICFM","icfm",3.76954819473603,2.497260030376
0.257711664852424,-0.73759088745269,"Generated","train","ICFM","icfm",3.76954819473603,2.497260030376
0.470130222433072,0.147025891719714,"Generated","train","ICFM","icfm",3.76954819473603,2.497260030376
0.428359050354983,-0.0941895213472653,"Generated","train","ICFM","icfm",3.76954819473603,2.497260030376
0.365663738472638,-0.397693812904002,"Generated","train","ICFM","icfm",3.76954819473603,2.497260030376
0.536049183305551,-0.0237894896562411,"Generated","train","ICFM","icfm",3.76954819473603,2.497260030376
0.0678374102919111,0.00313454908445729,"Generated","train","ICFM","icfm",3.76954819473603,2.497260030376
-0.715541543313698,0.12416653183215,"Generated","train","ICFM","icfm",3.76954819473603,2.497260030376
0.133251990948592,-0.125503439396768,"Generated","train","ICFM","icfm",3.76954819473603,2.497260030376
-0.151544793405445,0.0323412044783771,"Generated","train","ICFM","icfm",3.76954819473603,2.497260030376
-0.168415704762707,-0.168436498214079,"Generated","train","ICFM","icfm",3.76954819473603,2.497260030376
0.248855143638381,-0.349053846778982,"Generated","train","ICFM","icfm",3.76954819473603,2.497260030376
0.532607936631715,0.625842567287408,"Generated","train","ICFM","icfm",3.76954819473603,2.497260030376
0.555810452473234,1.01411980971316,"Generated","train","ICFM","icfm",3.76954819473603,2.497260030376
0.249604515294686,-0.0474587048419832,"Generated","train","ICFM","icfm",3.76954819473603,2.497260030376
-0.0157436157960149,0.0332003777904821,"Generated","train","ICFM","icfm",3.76954819473603,2.497260030376
0.7284149929685,0.991835880688676,"Generated","train","ICFM","icfm",3.76954819473603,2.497260030376
-0.681155017866197,-0.196188853144637,"Generated","train","ICFM","icfm",3.76954819473603,2.497260030376
0.0566843925387519,-0.253119823034083,"Generated","train","ICFM","icfm",3.76954819473603,2.497260030376
0.529494583336564,-0.313456905003821,"Generated","train","ICFM","icfm",3.76954819473603,2.497260030376
0.330051900127695,-0.0401335845175054,"Generated","train","ICFM","icfm",3.76954819473603,2.497260030376
0.193085233254543,0.256436900385987,"Generated","train","ICFM","icfm",3.76954819473603,2.497260030376
0.563955318449654,-0.0741138124304655,"Generated","train","ICFM","icfm",3.76954819473603,2.497260030376
0.262180700834471,-0.501257200220943,"Generated","train","ICFM","icfm",3.76954819473603,2.497260030376
0.339694499099544,-0.0573883446299366,"Generated","train","ICFM","icfm",3.76954819473603,2.497260030376
-0.57558713876833,0.0759914904784977,"Generated","train","ICFM","icfm",3.76954819473603,2.497260030376
-0.759323179668801,-0.148578716393056,"Generated","train","ICFM","icfm",3.76954819473603,2.497260030376
0.3360110445692,0.0632266178412114,"Generated","train","ICFM","icfm",3.76954819473603,2.497260030376
0.331211794174271,-0.504789548881933,"Generated","train","ICFM","icfm",3.76954819473603,2.497260030376
0.223083748438431,-0.0584181205607988,"Generated","train","ICFM","icfm",3.76954819473603,2.497260030376
0.0807626540202776,-0.0809689550244327,"Generated","train","ICFM","icfm",3.76954819473603,2.497260030376
-0.786514602272829,0.567674135790457,"Generated","train","ICFM","icfm",3.76954819473603,2.497260030376
-0.369362479116935,0.0781400982939738,"Generated","train","ICFM","icfm",3.76954819473603,2.497260030376
-0.819583226193466,0.547313658301986,"Generated","train","ICFM","icfm",3.76954819473603,2.497260030376
-0.618609186041069,0.450086810275571,"Generated","train","ICFM","icfm",3.76954819473603,2.497260030376
0.118184970312079,-0.453896962272947,"Generated","train","ICFM","icfm",3.76954819473603,2.497260030376
0.25060782972646,-0.396720432977745,"Generated","train","ICFM","icfm",3.76954819473603,2.497260030376
0.113698564357356,-0.472345186236739,"Generated","train","ICFM","icfm",3.76954819473603,2.497260030376
0.101080572715617,0.00783663465504167,"Generated","train","ICFM","icfm",3.76954819473603,2.497260030376
0.531366180933079,0.0481985314055993,"Generated","train","ICFM","icfm",3.76954819473603,2.497260030376
0.392245652650211,-0.233008663630779,"Generated","train","ICFM","icfm",3.76954819473603,2.497260030376
0.340822441941629,-0.340060061245008,"Generated","train","ICFM","icfm",3.76954819473603,2.497260030376
-0.0689871888447983,0.114610254742963,"Generated","train","ICFM","icfm",3.76954819473603,2.497260030376
-0.474354546248954,-0.241552032956709,"Generated","train","ICFM","icfm",3.76954819473603,2.497260030376
0.441548622497203,0.098920893813383,"Generated","train","ICFM","icfm",3.76954819473603,2.497260030376
-0.812072963184456,0.511814788460652,"Generated","train","ICFM","icfm",3.76954819473603,2.497260030376
0.430316963748598,-0.223027819876505,"Generated","train","ICFM","icfm",3.76954819473603,2.497260030376
0.553906860179638,-0.0164971406286047,"Generated","train","ICFM","icfm",3.76954819473603,2.497260030376
0.0917059499838174,-0.405697023028733,"Generated","train","ICFM","icfm",3.76954819473603,2.497260030376
-0.0471890073357781,-0.119537715671812,"Generated","train","ICFM","icfm",3.76954819473603,2.497260030376
0.532838643105703,-0.290713655894698,"Generated","train","ICFM","icfm",3.76954819473603,2.497260030376
-0.179043061686937,-0.409650286022232,"Generated","train","ICFM","icfm",3.76954819473603,2.497260030376
0.174717645724575,-0.0327852688818697,"Generated","train","ICFM","icfm",3.76954819473603,2.497260030376
-0.00214698150938525,0.046329643329301,"Generated","train","ICFM","icfm",3.76954819473603,2.497260030376
0.481935683618576,0.100800583776744,"Generated","train","ICFM","icfm",3.76954819473603,2.497260030376
0.468866200029338,-0.115447063887136,"Generated","train","ICFM","icfm",3.76954819473603,2.497260030376
-0.464611519610317,-0.269514686540956,"Generated","train","ICFM","icfm",3.76954819473603,2.497260030376
-0.0619385792864246,0.0807041168590507,"Generated","train","ICFM","icfm",3.76954819473603,2.497260030376
-0.33400252117954,0.274152482910839,"Generated","train","ICFM","icfm",3.76954819473603,2.497260030376
-0.524799029477922,-0.126662143825403,"Generated","train","ICFM","icfm",3.76954819473603,2.497260030376
-0.511349433048739,-0.359419872455878,"Generated","train","ICFM","icfm",3.76954819473603,2.497260030376
0.389074634530054,-0.00370202465361802,"Generated","train","ICFM","icfm",3.76954819473603,2.497260030376
-0.773787225887572,0.573241326080575,"Generated","train","ICFM","icfm",3.76954819473603,2.497260030376
0.575556592036067,0.0664232012405312,"Generated","train","ICFM","icfm",3.76954819473603,2.497260030376
-0.271072312888569,0.156063608815815,"Generated","train","ICFM","icfm",3.76954819473603,2.497260030376
-0.306763816581088,-0.352669334715703,"Generated","train","ICFM","icfm",3.76954819473603,2.497260030376
0.0194951897606369,0.0565953147050029,"Generated","train","ICFM","icfm",3.76954819473603,2.497260030376
0.426844950582394,0.0186798710474955,"Generated","train","ICFM","icfm",3.76954819473603,2.497260030376
-0.777363898965851,-0.0738386042331284,"Generated","train","ICFM","icfm",3.76954819473603,2.497260030376
-0.5890432812803,1.00455488989542,"Generated","train","ICFM","icfm",3.76954819473603,2.497260030376
0.434684204560938,-0.141922165127844,"Generated","train","ICFM","icfm",3.76954819473603,2.497260030376
0.118688088744885,-0.281039340456426,"Generated","train","ICFM","icfm",3.76954819473603,2.497260030376
-0.129715861043395,0.0772846356280455,"Generated","train","ICFM","icfm",3.76954819473603,2.497260030376
0.202916220625783,-0.113100320657063,"Generated","train","ICFM","icfm",3.76954819473603,2.497260030376
0.0416764011715934,0.160842588605387,"Generated","train","ICFM","icfm",3.76954819473603,2.497260030376
-0.730072380475749,0.397460133783007,"Generated","train","ICFM","icfm",3.76954819473603,2.497260030376
0.0143255681901977,-0.19399620374303,"Generated","train","ICFM","icfm",3.76954819473603,2.497260030376
0.0443236497438998,-0.468598982571805,"Generated","train","ICFM","icfm",3.76954819473603,2.497260030376
0.443915559456185,0.0418496899227197,"Generated","train","ICFM","icfm",3.76954819473603,2.497260030376
-0.216961697958144,0.118864036776603,"Generated","train","ICFM","icfm",3.76954819473603,2.497260030376
0.168097183286743,-0.104343869410036,"Generated","train","ICFM","icfm",3.76954819473603,2.497260030376
0.587097316660511,0.0700702690648361,"Generated","train","ICFM","icfm",3.76954819473603,2.497260030376
-0.342430363221564,-0.0628228411905051,"Generated","train","ICFM","icfm",3.76954819473603,2.497260030376
-0.0757710530885965,-0.386442933012679,"Generated","train","ICFM","icfm",3.76954819473603,2.497260030376
-0.338057763681846,0.285939610561549,"Generated","train","ICFM","icfm",3.76954819473603,2.497260030376
-0.0217051389833726,0.201121592910671,"Generated","train","ICFM","icfm",3.76954819473603,2.497260030376
0.339725815062701,-0.363499118238845,"Generated","train","ICFM","icfm",3.76954819473603,2.497260030376
0.441703637365464,0.0410499113045726,"Generated","train","ICFM","icfm",3.76954819473603,2.497260030376
-0.486304533897392,-0.0820159893496112,"Generated","train","ICFM","icfm",3.76954819473603,2.497260030376
-0.0724652636595291,0.181013486067126,"Generated","train","ICFM","icfm",3.76954819473603,2.497260030376
-0.184192577756682,-0.363382802187114,"Generated","train","ICFM","icfm",3.76954819473603,2.497260030376
0.673137296182932,0.491637510323068,"Generated","train","ICFM","icfm",3.76954819473603,2.497260030376
0.321325791034148,-0.0483830573675043,"Generated","train","ICFM","icfm",3.76954819473603,2.497260030376
0.230799176345364,-0.367729165885134,"Generated","train","ICFM","icfm",3.76954819473603,2.497260030376
0.482753416123612,0.0896440664770691,"Generated","train","ICFM","icfm",3.76954819473603,2.497260030376
0.639034890178332,1.07693278576919,"Generated","train","ICFM","icfm",3.76954819473603,2.497260030376
0.413245201377673,0.0197057815456346,"Generated","train","ICFM","icfm",3.76954819473603,2.497260030376
-0.483074672278448,1.13224680460074,"Generated","train","ICFM","icfm",3.76954819473603,2.497260030376
-0.193141848841035,0.216929885517308,"Generated","train","ICFM","icfm",3.76954819473603,2.497260030376
0.436059959581808,0.0649664638226931,"Generated","train","ICFM","icfm",3.76954819473603,2.497260030376
0.490111197004529,0.115900387579193,"Generated","train","ICFM","icfm",3.76954819473603,2.497260030376
0.189449172123995,0.159915424955271,"Generated","train","ICFM","icfm",3.76954819473603,2.497260030376
0.505879547510183,-0.491517681792322,"Generated","train","ICFM","icfm",3.76954819473603,2.497260030376
-0.689879613429523,-0.17997100576642,"Generated","train","ICFM","icfm",3.76954819473603,2.497260030376
0.13364605211673,-0.211677803884352,"Generated","train","ICFM","icfm",3.76954819473603,2.497260030376
-0.541346672862509,-0.330392492114044,"Generated","train","ICFM","icfm",3.76954819473603,2.497260030376
0.337853773100171,-0.141734026976348,"Generated","train","ICFM","icfm",3.76954819473603,2.497260030376
0.828167460617041,0.740940626297257,"Generated","train","ICFM","icfm",3.76954819473603,2.497260030376
0.516324217428162,-0.0469809160021369,"Generated","train","ICFM","icfm",3.76954819473603,2.497260030376
0.22704547008391,0.00413962005398906,"Generated","train","ICFM","icfm",3.76954819473603,2.497260030376
-0.872723883986768,0.321140122439636,"Generated","train","ICFM","icfm",3.76954819473603,2.497260030376
-0.601680265110353,0.533710037190901,"Generated","train","ICFM","icfm",3.76954819473603,2.497260030376
0.125642152613222,-0.749721845500006,"Generated","train","ICFM","icfm",3.76954819473603,2.497260030376
0.465578311718818,0.111800656598573,"Generated","train","ICFM","icfm",3.76954819473603,2.497260030376
0.108931267417094,-0.221095376034841,"Generated","train","ICFM","icfm",3.76954819473603,2.497260030376
0.472225718982819,0.103202591541439,"Generated","train","ICFM","icfm",3.76954819473603,2.497260030376
0.356318350572363,-0.346725552519093,"Generated","train","ICFM","icfm",3.76954819473603,2.497260030376
0.189667160314249,-0.149003245894847,"Generated","train","ICFM","icfm",3.76954819473603,2.497260030376
-0.193963987438095,-0.183140915449437,"Generated","train","ICFM","icfm",3.76954819473603,2.497260030376
0.324989509495262,-0.735630877244574,"Generated","train","ICFM","icfm",3.76954819473603,2.497260030376
0.479513818862285,0.0617418519834443,"Generated","train","ICFM","icfm",3.76954819473603,2.497260030376
0.148669149117378,-0.143399301313786,"Generated","train","ICFM","icfm",3.76954819473603,2.497260030376
0.403834977610817,0.0566611973756368,"Generated","train","ICFM","icfm",3.76954819473603,2.497260030376
0.576588590023881,-0.312161707081312,"Generated","train","ICFM","icfm",3.76954819473603,2.497260030376
-0.755679657504917,0.47754166080658,"Generated","train","ICFM","icfm",3.76954819473603,2.497260030376
0.46478641146899,-0.455910732728801,"Generated","train","ICFM","icfm",3.76954819473603,2.497260030376
0.431840120207935,0.0208230799452029,"Generated","train","ICFM","icfm",3.76954819473603,2.497260030376
0.826926881037117,1.06646254990022,"Generated","train","ICFM","icfm",3.76954819473603,2.497260030376
0.488283010462053,-0.0897204917813506,"Generated","train","ICFM","icfm",3.76954819473603,2.497260030376
0.423160710009154,0.0943369383303129,"Generated","train","ICFM","icfm",3.76954819473603,2.497260030376
-0.448126565493041,-0.212601734110997,"Generated","train","ICFM","icfm",3.76954819473603,2.497260030376
-0.780369044263868,0.560557683997854,"Generated","train","ICFM","icfm",3.76954819473603,2.497260030376
0.145353042853948,-0.517666371595451,"Generated","train","ICFM","icfm",3.76954819473603,2.497260030376
0.314820798427767,-0.115987113060112,"Generated","train","ICFM","icfm",3.76954819473603,2.497260030376
0.642784292536298,-0.0413221070422081,"Generated","train","ICFM","icfm",3.76954819473603,2.497260030376
-0.797451268134333,0.28455249722834,"Generated","train","ICFM","icfm",3.76954819473603,2.497260030376
-0.731503414463326,0.517923234511954,"Generated","train","ICFM","icfm",3.76954819473603,2.497260030376
0.35289593740825,-0.0955338472076156,"Generated","train","ICFM","icfm",3.76954819473603,2.497260030376
0.400976542105581,-0.0785617368430955,"Generated","train","ICFM","icfm",3.76954819473603,2.497260030376
-0.81595203680871,0.50623192837815,"Generated","train","ICFM","icfm",3.76954819473603,2.497260030376
0.367053042378657,-0.660890195005334,"Generated","train","ICFM","icfm",3.76954819473603,2.497260030376
0.449736690057256,0.0973542224134739,"Generated","train","ICFM","icfm",3.76954819473603,2.497260030376
0.0232854243192569,-0.132390324912907,"Generated","train","ICFM","icfm",3.76954819473603,2.497260030376
-0.23416180458774,-0.133488294812954,"Generated","train","ICFM","icfm",3.76954819473603,2.497260030376
0.43053033554658,-0.234088740688015,"Generated","train","ICFM","icfm",3.76954819473603,2.497260030376
-0.0429424958556943,-0.285353269110808,"Generated","train","ICFM","icfm",3.76954819473603,2.497260030376
0.0750528004323682,-0.447819210327826,"Generated","train","ICFM","icfm",3.76954819473603,2.497260030376
-0.561726756172633,-0.106931224208461,"Generated","train","ICFM","icfm",3.76954819473603,2.497260030376
0.302814799437227,0.0545571769553805,"Generated","train","ICFM","icfm",3.76954819473603,2.497260030376
-0.55679470854958,-0.181060128271193,"Generated","train","ICFM","icfm",3.76954819473603,2.497260030376
0.0684204355753733,0.0236190422974592,"Generated","train","ICFM","icfm",3.76954819473603,2.497260030376
0.457804013910296,-0.00684560849912504,"Generated","train","ICFM","icfm",3.76954819473603,2.497260030376
0.649926537329354,0.046213120502317,"Generated","train","ICFM","icfm",3.76954819473603,2.497260030376
0.525668304124819,-0.233279406411115,"Generated","train","ICFM","icfm",3.76954819473603,2.497260030376
-0.558157071906556,-0.304031574919305,"Generated","train","ICFM","icfm",3.76954819473603,2.497260030376
0.0250013670261327,0.650441323731154,"Generated","train","ICFM","icfm",3.76954819473603,2.497260030376
0.0238639359816957,-0.361454449314603,"Generated","train","ICFM","icfm",3.76954819473603,2.497260030376
-0.463301887030238,0.0967279471476285,"Generated","train","ICFM","icfm",3.76954819473603,2.497260030376
0.672745009833507,0.657326115431889,"Generated","train","ICFM","icfm",3.76954819473603,2.497260030376
-0.847598908809021,0.514305812562262,"Generated","train","ICFM","icfm",3.76954819473603,2.497260030376
-0.0210487353613528,-0.343104620731188,"Generated","train","ICFM","icfm",3.76954819473603,2.497260030376
-0.912141890820809,0.123844281834959,"Generated","train","ICFM","icfm",3.76954819473603,2.497260030376
0.274018815975207,-0.0821540390344738,"Generated","train","ICFM","icfm",3.76954819473603,2.497260030376
-0.303295332790804,-0.308922219730224,"Generated","train","ICFM","icfm",3.76954819473603,2.497260030376
-0.695184725805952,-0.139350939063734,"Generated","train","ICFM","icfm",3.76954819473603,2.497260030376
0.286053784410588,-0.0860307103160817,"Generated","train","ICFM","icfm",3.76954819473603,2.497260030376
-0.58149267261888,0.117318437987649,"Generated","train","ICFM","icfm",3.76954819473603,2.497260030376
-0.57768647979781,0.301322257928284,"Generated","train","ICFM","icfm",3.76954819473603,2.497260030376
-0.0741908324278421,0.0131333322289064,"Generated","train","ICFM","icfm",3.76954819473603,2.497260030376
-0.62550045673478,0.529509441234298,"Generated","train","ICFM","icfm",3.76954819473603,2.497260030376
0.80105487172855,1.11524467357606,"Generated","train","ICFM","icfm",3.76954819473603,2.497260030376
0.57039745218898,-0.293894160058408,"Generated","train","ICFM","icfm",3.76954819473603,2.497260030376
-0.715734427759858,0.599820024297984,"Generated","train","ICFM","icfm",3.76954819473603,2.497260030376
-0.504339795329249,0.201426307141516,"Generated","train","ICFM","icfm",3.76954819473603,2.497260030376
-0.629186675473884,0.451262704357569,"Generated","train","ICFM","icfm",3.76954819473603,2.497260030376
0.595817079141426,-0.292980656957474,"Generated","train","ICFM","icfm",3.76954819473603,2.497260030376
-0.0329875412533482,0.190745700492598,"Generated","train","ICFM","icfm",3.76954819473603,2.497260030376
-0.51169558137378,0.358878870693458,"Generated","train","ICFM","icfm",3.76954819473603,2.497260030376
0.162926529339818,-0.0544219966599206,"Generated","train","ICFM","icfm",3.76954819473603,2.497260030376
0.3283940953536,-0.126210908163612,"Generated","train","ICFM","icfm",3.76954819473603,2.497260030376
0.138600678443363,-0.139518641354082,"Generated","train","ICFM","icfm",3.76954819473603,2.497260030376
0.218934754963736,-0.0671815481901433,"Generated","train","ICFM","icfm",3.76954819473603,2.497260030376
-0.300990750091895,0.340618757672183,"Generated","train","ICFM","icfm",3.76954819473603,2.497260030376
0.411581190930867,0.0808421556585302,"Generated","train","ICFM","icfm",3.76954819473603,2.497260030376
-0.491918991013289,-0.185255570235451,"Generated","train","ICFM","icfm",3.76954819473603,2.497260030376
0.104627045444029,-0.190209931089705,"Generated","train","ICFM","icfm",3.76954819473603,2.497260030376
0.511849881715714,-0.314266678509912,"Generated","train","ICFM","icfm",3.76954819473603,2.497260030376
-0.495410249447401,-0.278950587842425,"Generated","train","ICFM","icfm",3.76954819473603,2.497260030376
-0.706106982416762,0.406151946721747,"Generated","train","ICFM","icfm",3.76954819473603,2.497260030376
0.495170011536469,-0.020212920686745,"Generated","train","ICFM","icfm",3.76954819473603,2.497260030376
0.465039545778406,-0.0857951421452959,"Generated","train","ICFM","icfm",3.76954819473603,2.497260030376
-0.89808331060582,0.154266573141143,"Generated","train","ICFM","icfm",3.76954819473603,2.497260030376
-0.753155156236096,0.530431756423669,"Generated","train","ICFM","icfm",3.76954819473603,2.497260030376
-0.545055483251418,-0.238144063383579,"Generated","train","ICFM","icfm",3.76954819473603,2.497260030376
-0.0809071513228335,0.0134578131715674,"Generated","train","ICFM","icfm",3.76954819473603,2.497260030376
-0.209683504224881,0.246544202254642,"Generated","train","ICFM","icfm",3.76954819473603,2.497260030376
0.489812937102753,-0.317217835958444,"Generated","train","ICFM","icfm",3.76954819473603,2.497260030376
-0.680144062508328,0.473977871264566,"Generated","train","ICFM","icfm",3.76954819473603,2.497260030376
0.326418206782991,-0.0969944379456362,"Generated","train","ICFM","icfm",3.76954819473603,2.497260030376
0.0575806668450727,0.0176035546485647,"Generated","train","ICFM","icfm",3.76954819473603,2.497260030376
0.0945068814075613,0.0176559079476173,"Generated","train","ICFM","icfm",3.76954819473603,2.497260030376
0.511962073032682,-0.0612193404210184,"Generated","train","ICFM","icfm",3.76954819473603,2.497260030376
-0.316643037433665,-0.345663266065511,"Generated","train","ICFM","icfm",3.76954819473603,2.497260030376
0.404936810136957,-0.0156523091971469,"Generated","train","ICFM","icfm",3.76954819473603,2.497260030376
0.414214262376049,0.085901849326789,"Generated","train","ICFM","icfm",3.76954819473603,2.497260030376
0.493801457453698,-0.229677052921656,"Generated","train","ICFM","icfm",3.76954819473603,2.497260030376
-0.501429737333528,-0.346437422501328,"Generated","train","ICFM","icfm",3.76954819473603,2.497260030376
0.186910119908594,-0.106240856653984,"Generated","train","ICFM","icfm",3.76954819473603,2.497260030376
-0.473618083875425,-0.149503874076364,"Generated","train","ICFM","icfm",3.76954819473603,2.497260030376
0.370539089182914,-0.422080372250027,"Generated","train","ICFM","icfm",3.76954819473603,2.497260030376
-0.521292091675675,0.374159859340159,"Generated","train","ICFM","icfm",3.76954819473603,2.497260030376
0.539575436164224,-0.0693202789187922,"Generated","train","ICFM","icfm",3.76954819473603,2.497260030376
0.466943623128193,0.100961160026114,"Generated","train","ICFM","icfm",3.76954819473603,2.497260030376
0.658319229573767,1.01798245754739,"Generated","train","ICFM","icfm",3.76954819473603,2.497260030376
0.359254752639153,-0.40132352781033,"Generated","train","ICFM","icfm",3.76954819473603,2.497260030376
-0.52337011597561,0.345783058264749,"Generated","train","ICFM","icfm",3.76954819473603,2.497260030376
0.485880348707063,-0.210417540314088,"Generated","train","ICFM","icfm",3.76954819473603,2.497260030376
-0.739774063232879,-0.110490619708055,"Generated","train","ICFM","icfm",3.76954819473603,2.497260030376
0.32604097965262,-0.115180938030654,"Generated","train","ICFM","icfm",3.76954819473603,2.497260030376
0.224838781198821,0.00385046019767762,"Generated","train","ICFM","icfm",3.76954819473603,2.497260030376
-0.00737060746550691,-0.398642802530499,"Generated","train","ICFM","icfm",3.76954819473603,2.497260030376
0.523447673091238,0.465633655139309,"Generated","train","ICFM","icfm",3.76954819473603,2.497260030376
0.429260790577682,0.113105808957025,"Generated","train","ICFM","icfm",3.76954819473603,2.497260030376
-0.650045462190512,0.744567563141481,"Generated","train","ICFM","icfm",3.76954819473603,2.497260030376
0.419105939058684,0.0514336384130202,"Generated","train","ICFM","icfm",3.76954819473603,2.497260030376
0.295292282852718,-0.709176859403136,"Generated","train","ICFM","icfm",3.76954819473603,2.497260030376
0.339933294631396,0.0180209189785338,"Generated","train","ICFM","icfm",3.76954819473603,2.497260030376
0.218291329027126,-0.443923726753462,"Generated","train","ICFM","icfm",3.76954819473603,2.497260030376
0.133958900317368,-0.110393232185315,"Generated","train","ICFM","icfm",3.76954819473603,2.497260030376
0.512994462032622,0.0238686993570444,"Generated","train","ICFM","icfm",3.76954819473603,2.497260030376
-0.206334626668761,0.17498161286269,"Generated","train","ICFM","icfm",3.76954819473603,2.497260030376
0.319966127390787,-0.125250981554303,"Generated","train","ICFM","icfm",3.76954819473603,2.497260030376
-0.128027620034766,-0.464923046594721,"Generated","train","ICFM","icfm",3.76954819473603,2.497260030376
-0.0455974302318702,-0.211985534537558,"Generated","train","ICFM","icfm",3.76954819473603,2.497260030376
0.314763030287242,0.890723223146787,"Generated","train","ICFM","icfm",3.76954819473603,2.497260030376
0.349237368012775,-0.0339165541389577,"Generated","train","ICFM","icfm",3.76954819473603,2.497260030376
0.124097139833691,-0.495704311707367,"Generated","train","ICFM","icfm",3.76954819473603,2.497260030376
-0.269864233716143,0.242338851077566,"Real","train","MB-GAN","mbgan",4.31807128689725,2.86210444575843
0.559003497543463,-0.690896934128136,"Real","train","MB-GAN","mbgan",4.31807128689725,2.86210444575843
-0.474252388609435,0.0109699090347195,"Real","train","MB-GAN","mbgan",4.31807128689725,2.86210444575843
0.306248118495901,0.456344355393511,"Real","train","MB-GAN","mbgan",4.31807128689725,2.86210444575843
0.0964937444140815,0.164914381843904,"Real","train","MB-GAN","mbgan",4.31807128689725,2.86210444575843
0.51284339401869,-1.11543551121616,"Real","train","MB-GAN","mbgan",4.31807128689725,2.86210444575843
-0.610649519871494,0.0202101522229433,"Real","train","MB-GAN","mbgan",4.31807128689725,2.86210444575843
-0.112801191302889,-0.520447927199584,"Real","train","MB-GAN","mbgan",4.31807128689725,2.86210444575843
0.938948623416505,-0.999652285490449,"Real","train","MB-GAN","mbgan",4.31807128689725,2.86210444575843
-0.673342473421738,-0.117401967456305,"Real","train","MB-GAN","mbgan",4.31807128689725,2.86210444575843
0.0780458904959055,0.357434367157831,"Real","train","MB-GAN","mbgan",4.31807128689725,2.86210444575843
0.663515624498292,0.386854537344427,"Real","train","MB-GAN","mbgan",4.31807128689725,2.86210444575843
0.511219402416935,0.127458206659895,"Real","train","MB-GAN","mbgan",4.31807128689725,2.86210444575843
0.295382814307663,0.351216368035091,"Real","train","MB-GAN","mbgan",4.31807128689725,2.86210444575843
-0.0926199524263452,0.23039638826782,"Real","train","MB-GAN","mbgan",4.31807128689725,2.86210444575843
-0.812126380421904,-0.227678655060243,"Real","train","MB-GAN","mbgan",4.31807128689725,2.86210444575843
-0.49065802115944,-0.220970994317683,"Real","train","MB-GAN","mbgan",4.31807128689725,2.86210444575843
0.403537505434649,0.416897523227416,"Real","train","MB-GAN","mbgan",4.31807128689725,2.86210444575843
0.477828664587714,0.01216106719358,"Real","train","MB-GAN","mbgan",4.31807128689725,2.86210444575843
-0.33163555900835,0.248449004771995,"Real","train","MB-GAN","mbgan",4.31807128689725,2.86210444575843
-0.286948044033524,0.231153846350058,"Real","train","MB-GAN","mbgan",4.31807128689725,2.86210444575843
0.093291447494478,0.242369361364363,"Real","train","MB-GAN","mbgan",4.31807128689725,2.86210444575843
0.897234447574506,-0.998008823823134,"Real","train","MB-GAN","mbgan",4.31807128689725,2.86210444575843
-0.46407701753572,-0.0929650294596092,"Real","train","MB-GAN","mbgan",4.31807128689725,2.86210444575843
0.430397472576436,0.158582296773448,"Real","train","MB-GAN","mbgan",4.31807128689725,2.86210444575843
-0.54230551042741,0.00781870614516468,"Real","train","MB-GAN","mbgan",4.31807128689725,2.86210444575843
-0.427006831338129,-0.0172691478187927,"Real","train","MB-GAN","mbgan",4.31807128689725,2.86210444575843
-0.494288682421616,-0.0159426612070625,"Real","train","MB-GAN","mbgan",4.31807128689725,2.86210444575843
0.389213009907265,0.40164427897414,"Real","train","MB-GAN","mbgan",4.31807128689725,2.86210444575843
0.427842373774651,0.57934933888185,"Real","train","MB-GAN","mbgan",4.31807128689725,2.86210444575843
-0.166154191656108,0.285742325815583,"Real","train","MB-GAN","mbgan",4.31807128689725,2.86210444575843
0.584993679517898,0.202747033961143,"Real","train","MB-GAN","mbgan",4.31807128689725,2.86210444575843
0.215632336348393,0.0810430619891607,"Real","train","MB-GAN","mbgan",4.31807128689725,2.86210444575843
-0.597349171607687,-0.210450708907485,"Real","train","MB-GAN","mbgan",4.31807128689725,2.86210444575843
0.174658545906698,-0.483607862003786,"Real","train","MB-GAN","mbgan",4.31807128689725,2.86210444575843
0.897608201097026,-1.18459006516681,"Real","train","MB-GAN","mbgan",4.31807128689725,2.86210444575843
-0.602186100701594,-0.370539957135556,"Real","train","MB-GAN","mbgan",4.31807128689725,2.86210444575843
0.506121788165862,0.170716019156169,"Real","train","MB-GAN","mbgan",4.31807128689725,2.86210444575843
0.268814943526648,0.197339783725477,"Real","train","MB-GAN","mbgan",4.31807128689725,2.86210444575843
-0.321373912561717,0.25501563964961,"Real","train","MB-GAN","mbgan",4.31807128689725,2.86210444575843
-0.35545438733196,0.0270600451685843,"Real","train","MB-GAN","mbgan",4.31807128689725,2.86210444575843
0.518452580667463,-0.54167009702597,"Real","train","MB-GAN","mbgan",4.31807128689725,2.86210444575843
-0.0545619892603892,0.0360414791778436,"Real","train","MB-GAN","mbgan",4.31807128689725,2.86210444575843
-0.600375174907985,0.130663436594007,"Real","train","MB-GAN","mbgan",4.31807128689725,2.86210444575843
0.408993659513861,-0.827063847507144,"Real","train","MB-GAN","mbgan",4.31807128689725,2.86210444575843
0.328904451607785,0.422296348480386,"Real","train","MB-GAN","mbgan",4.31807128689725,2.86210444575843
-0.373713837567591,-0.178088863113591,"Real","train","MB-GAN","mbgan",4.31807128689725,2.86210444575843
-0.237245904170637,0.0390241694225046,"Real","train","MB-GAN","mbgan",4.31807128689725,2.86210444575843
0.526214932365795,0.0839105335108116,"Real","train","MB-GAN","mbgan",4.31807128689725,2.86210444575843
-0.785817134209968,-0.0856150524813946,"Real","train","MB-GAN","mbgan",4.31807128689725,2.86210444575843
-0.642367120614469,0.0851596188791919,"Real","train","MB-GAN","mbgan",4.31807128689725,2.86210444575843
0.0275165498950483,0.0485702101147261,"Real","train","MB-GAN","mbgan",4.31807128689725,2.86210444575843
0.0446368610000008,0.179840402916922,"Real","train","MB-GAN","mbgan",4.31807128689725,2.86210444575843
-0.160109739968747,0.170283242723125,"Real","train","MB-GAN","mbgan",4.31807128689725,2.86210444575843
-0.622569957458875,0.00432219889656079,"Real","train","MB-GAN","mbgan",4.31807128689725,2.86210444575843
0.324970258377641,0.461343508456002,"Real","train","MB-GAN","mbgan",4.31807128689725,2.86210444575843
-0.184093629773342,0.286257227509981,"Real","train","MB-GAN","mbgan",4.31807128689725,2.86210444575843
0.0579749314780268,0.128244890212558,"Real","train","MB-GAN","mbgan",4.31807128689725,2.86210444575843
-0.304779911561797,0.0602309006195322,"Real","train","MB-GAN","mbgan",4.31807128689725,2.86210444575843
0.260106325145099,0.598708578193128,"Real","train","MB-GAN","mbgan",4.31807128689725,2.86210444575843
-0.320270767021421,0.240006531102773,"Real","train","MB-GAN","mbgan",4.31807128689725,2.86210444575843
-0.573331377403181,0.0327838740056762,"Real","train","MB-GAN","mbgan",4.31807128689725,2.86210444575843
0.70396872813774,-0.602110574439498,"Real","train","MB-GAN","mbgan",4.31807128689725,2.86210444575843
0.33934763895235,0.379477441888866,"Real","train","MB-GAN","mbgan",4.31807128689725,2.86210444575843
-0.620736585211294,-0.437126188283704,"Real","train","MB-GAN","mbgan",4.31807128689725,2.86210444575843
0.210641879417968,0.550840821037073,"Real","train","MB-GAN","mbgan",4.31807128689725,2.86210444575843
-0.703896096281729,-0.147278950501361,"Real","train","MB-GAN","mbgan",4.31807128689725,2.86210444575843
0.0456300843914907,0.0511267636307096,"Real","train","MB-GAN","mbgan",4.31807128689725,2.86210444575843
0.740916832748991,-1.18765960940664,"Real","train","MB-GAN","mbgan",4.31807128689725,2.86210444575843
-0.773462263941808,-0.277296729782204,"Real","train","MB-GAN","mbgan",4.31807128689725,2.86210444575843
0.0309810128606595,0.244167264541204,"Real","train","MB-GAN","mbgan",4.31807128689725,2.86210444575843
-0.582324285677612,0.0690947772404807,"Real","train","MB-GAN","mbgan",4.31807128689725,2.86210444575843
0.800100644498367,-1.08924413477162,"Real","train","MB-GAN","mbgan",4.31807128689725,2.86210444575843
-0.767401438989223,-0.295528016332848,"Real","train","MB-GAN","mbgan",4.31807128689725,2.86210444575843
0.483415986149088,-0.000461835713425106,"Real","train","MB-GAN","mbgan",4.31807128689725,2.86210444575843
0.506244572020572,-0.992476546871767,"Real","train","MB-GAN","mbgan",4.31807128689725,2.86210444575843
0.714885713919712,-1.21463578375515,"Real","train","MB-GAN","mbgan",4.31807128689725,2.86210444575843
0.483961410811798,0.0732470425844667,"Real","train","MB-GAN","mbgan",4.31807128689725,2.86210444575843
-0.228008421693681,0.183058520214579,"Real","train","MB-GAN","mbgan",4.31807128689725,2.86210444575843
-0.272219190199778,0.253122864517281,"Real","train","MB-GAN","mbgan",4.31807128689725,2.86210444575843
-0.661790410221399,-0.26231740316558,"Real","train","MB-GAN","mbgan",4.31807128689725,2.86210444575843
0.57051125678932,0.145775219014513,"Real","train","MB-GAN","mbgan",4.31807128689725,2.86210444575843
-0.608903430848519,-0.237533051501796,"Real","train","MB-GAN","mbgan",4.31807128689725,2.86210444575843
0.448722318480909,0.377463790148525,"Real","train","MB-GAN","mbgan",4.31807128689725,2.86210444575843
0.862630501486974,-1.03231698206515,"Real","train","MB-GAN","mbgan",4.31807128689725,2.86210444575843
0.591143715994448,0.205029923043448,"Real","train","MB-GAN","mbgan",4.31807128689725,2.86210444575843
-0.571376018530627,-0.0130800221701662,"Real","train","MB-GAN","mbgan",4.31807128689725,2.86210444575843
-0.459036235428938,-0.0409445328190121,"Real","train","MB-GAN","mbgan",4.31807128689725,2.86210444575843
-0.582817133537693,0.0650778416618955,"Real","train","MB-GAN","mbgan",4.31807128689725,2.86210444575843
-0.270938729885462,0.062064281441703,"Real","train","MB-GAN","mbgan",4.31807128689725,2.86210444575843
0.695161454007919,-1.11402619107282,"Real","train","MB-GAN","mbgan",4.31807128689725,2.86210444575843
0.558723838402555,-0.0870609799773442,"Real","train","MB-GAN","mbgan",4.31807128689725,2.86210444575843
0.713493054685075,-1.15860161329321,"Real","train","MB-GAN","mbgan",4.31807128689725,2.86210444575843
-0.556701400084191,0.0527655927667934,"Real","train","MB-GAN","mbgan",4.31807128689725,2.86210444575843
-0.536997068920379,-0.0911180861278992,"Real","train","MB-GAN","mbgan",4.31807128689725,2.86210444575843
0.140964805397346,0.21885687529327,"Real","train","MB-GAN","mbgan",4.31807128689725,2.86210444575843
-0.125589553630909,0.104728768220561,"Real","train","MB-GAN","mbgan",4.31807128689725,2.86210444575843
0.516074540293397,0.0821679729546107,"Real","train","MB-GAN","mbgan",4.31807128689725,2.86210444575843
0.256133240695041,0.459820996763133,"Real","train","MB-GAN","mbgan",4.31807128689725,2.86210444575843
-0.696819031401768,-0.15997928289271,"Real","train","MB-GAN","mbgan",4.31807128689725,2.86210444575843
0.0577830550805709,0.105581137279174,"Real","train","MB-GAN","mbgan",4.31807128689725,2.86210444575843
0.400729671929558,-0.554235873219099,"Real","train","MB-GAN","mbgan",4.31807128689725,2.86210444575843
-0.687881220300157,-0.353729602529052,"Real","train","MB-GAN","mbgan",4.31807128689725,2.86210444575843
0.688711568706147,-1.18376504524851,"Real","train","MB-GAN","mbgan",4.31807128689725,2.86210444575843
0.224871385192345,0.5637312234187,"Real","train","MB-GAN","mbgan",4.31807128689725,2.86210444575843
0.276748942000357,0.401645484933787,"Real","train","MB-GAN","mbgan",4.31807128689725,2.86210444575843
-0.396766781235852,0.0505814096899503,"Real","train","MB-GAN","mbgan",4.31807128689725,2.86210444575843
-0.27436363228069,-0.118326676014763,"Real","train","MB-GAN","mbgan",4.31807128689725,2.86210444575843
0.33398721654786,0.499868187101543,"Real","train","MB-GAN","mbgan",4.31807128689725,2.86210444575843
-0.211528486906146,0.0206910058507027,"Real","train","MB-GAN","mbgan",4.31807128689725,2.86210444575843
-0.721522073321132,-0.337120344139495,"Real","train","MB-GAN","mbgan",4.31807128689725,2.86210444575843
-0.492147798691398,0.0666917064394519,"Real","train","MB-GAN","mbgan",4.31807128689725,2.86210444575843
-0.425597970887436,0.088370130984472,"Real","train","MB-GAN","mbgan",4.31807128689725,2.86210444575843
-0.450726028558359,0.0277173549361933,"Real","train","MB-GAN","mbgan",4.31807128689725,2.86210444575843
0.346534747438919,0.382966630932017,"Real","train","MB-GAN","mbgan",4.31807128689725,2.86210444575843
0.469980158585059,0.205750282742045,"Real","train","MB-GAN","mbgan",4.31807128689725,2.86210444575843
0.136006959581056,0.31408265306257,"Real","train","MB-GAN","mbgan",4.31807128689725,2.86210444575843
-0.462786749452769,-0.141589619852983,"Real","train","MB-GAN","mbgan",4.31807128689725,2.86210444575843
-0.741276970588207,-0.306783323005689,"Real","train","MB-GAN","mbgan",4.31807128689725,2.86210444575843
0.424311259214844,-0.0284315969860769,"Real","train","MB-GAN","mbgan",4.31807128689725,2.86210444575843
0.0620486893711936,0.113171404802118,"Real","train","MB-GAN","mbgan",4.31807128689725,2.86210444575843
0.207969891676879,0.410138352519802,"Real","train","MB-GAN","mbgan",4.31807128689725,2.86210444575843
-0.0986193779472044,0.168765383519486,"Real","train","MB-GAN","mbgan",4.31807128689725,2.86210444575843
0.659494963179626,-0.758214884075097,"Real","train","MB-GAN","mbgan",4.31807128689725,2.86210444575843
0.434058890436469,0.442691530458976,"Real","train","MB-GAN","mbgan",4.31807128689725,2.86210444575843
0.487226936489337,0.189006156812766,"Real","train","MB-GAN","mbgan",4.31807128689725,2.86210444575843
-0.785723407944077,-0.18404655101942,"Real","train","MB-GAN","mbgan",4.31807128689725,2.86210444575843
-0.422242337475147,-0.115634137629543,"Real","train","MB-GAN","mbgan",4.31807128689725,2.86210444575843
0.502713835158319,0.315358777503422,"Real","train","MB-GAN","mbgan",4.31807128689725,2.86210444575843
0.646157511679422,0.234650346153476,"Real","train","MB-GAN","mbgan",4.31807128689725,2.86210444575843
0.512711760517081,0.225988069850384,"Real","train","MB-GAN","mbgan",4.31807128689725,2.86210444575843
0.233375101615214,0.563741628683963,"Real","train","MB-GAN","mbgan",4.31807128689725,2.86210444575843
0.203602464652772,0.174803199078366,"Real","train","MB-GAN","mbgan",4.31807128689725,2.86210444575843
0.544924961170754,0.070488569675851,"Real","train","MB-GAN","mbgan",4.31807128689725,2.86210444575843
0.189258499945941,0.446911067236653,"Real","train","MB-GAN","mbgan",4.31807128689725,2.86210444575843
-0.127453718408118,0.189922979719243,"Real","train","MB-GAN","mbgan",4.31807128689725,2.86210444575843
0.481430668676213,0.0104301171675154,"Real","train","MB-GAN","mbgan",4.31807128689725,2.86210444575843
0.526903304238642,0.105068021645128,"Real","train","MB-GAN","mbgan",4.31807128689725,2.86210444575843
0.560384922882057,-1.2785149681715,"Real","train","MB-GAN","mbgan",4.31807128689725,2.86210444575843
-0.499065840895917,0.053244136858726,"Real","train","MB-GAN","mbgan",4.31807128689725,2.86210444575843
0.616770090314076,0.216446170683403,"Real","train","MB-GAN","mbgan",4.31807128689725,2.86210444575843
0.305603567927719,0.311946590071433,"Real","train","MB-GAN","mbgan",4.31807128689725,2.86210444575843
0.19680125066454,0.421265673982357,"Real","train","MB-GAN","mbgan",4.31807128689725,2.86210444575843
0.186721763546836,0.15697706022355,"Real","train","MB-GAN","mbgan",4.31807128689725,2.86210444575843
0.542469939404518,0.174678353636275,"Real","train","MB-GAN","mbgan",4.31807128689725,2.86210444575843
-0.389304200571157,-0.0892602166651451,"Real","train","MB-GAN","mbgan",4.31807128689725,2.86210444575843
0.296859074128168,0.0934511869778684,"Real","train","MB-GAN","mbgan",4.31807128689725,2.86210444575843
0.117079265988847,0.307017240497958,"Real","train","MB-GAN","mbgan",4.31807128689725,2.86210444575843
0.681209067286142,-0.597452692132256,"Real","train","MB-GAN","mbgan",4.31807128689725,2.86210444575843
0.037705175686488,0.19013997389048,"Real","train","MB-GAN","mbgan",4.31807128689725,2.86210444575843
-0.502889934758622,-0.299288410120171,"Real","train","MB-GAN","mbgan",4.31807128689725,2.86210444575843
0.387244868957548,0.0298555602945782,"Real","train","MB-GAN","mbgan",4.31807128689725,2.86210444575843
-0.0921144766829654,0.241123583399197,"Real","train","MB-GAN","mbgan",4.31807128689725,2.86210444575843
-0.649704298120028,-0.136852410141579,"Real","train","MB-GAN","mbgan",4.31807128689725,2.86210444575843
-0.76060031416714,-0.298766792648537,"Real","train","MB-GAN","mbgan",4.31807128689725,2.86210444575843
0.625662930520153,0.223107782195,"Real","train","MB-GAN","mbgan",4.31807128689725,2.86210444575843
0.0659863855490445,0.244978470314834,"Real","train","MB-GAN","mbgan",4.31807128689725,2.86210444575843
-0.244970094050474,0.267713071747503,"Real","train","MB-GAN","mbgan",4.31807128689725,2.86210444575843
-0.0921462672108064,0.182008785979947,"Real","train","MB-GAN","mbgan",4.31807128689725,2.86210444575843
-0.316882111068948,-0.0547976328703761,"Real","train","MB-GAN","mbgan",4.31807128689725,2.86210444575843
-0.59822401068988,-0.437107220353054,"Real","train","MB-GAN","mbgan",4.31807128689725,2.86210444575843
0.260172280614478,0.339578004203328,"Real","train","MB-GAN","mbgan",4.31807128689725,2.86210444575843
0.130947251963776,0.284159351653257,"Real","train","MB-GAN","mbgan",4.31807128689725,2.86210444575843
0.559503575692308,0.470134724628251,"Real","train","MB-GAN","mbgan",4.31807128689725,2.86210444575843
0.605819515003679,0.377268847749999,"Real","train","MB-GAN","mbgan",4.31807128689725,2.86210444575843
0.245278735052215,0.61156906345834,"Real","train","MB-GAN","mbgan",4.31807128689725,2.86210444575843
-0.605325631797942,-0.42917511613867,"Real","train","MB-GAN","mbgan",4.31807128689725,2.86210444575843
0.409761035561527,-1.02949669274176,"Real","train","MB-GAN","mbgan",4.31807128689725,2.86210444575843
-0.785988176074118,-0.13619927590003,"Real","train","MB-GAN","mbgan",4.31807128689725,2.86210444575843
0.281713993012776,-0.430034774830946,"Real","train","MB-GAN","mbgan",4.31807128689725,2.86210444575843
-0.21095862992975,-0.0292614042451558,"Real","train","MB-GAN","mbgan",4.31807128689725,2.86210444575843
0.622011109354545,0.252543615238552,"Real","train","MB-GAN","mbgan",4.31807128689725,2.86210444575843
0.00871783069296095,0.268759263048061,"Real","train","MB-GAN","mbgan",4.31807128689725,2.86210444575843
0.503338618296186,0.526380382830229,"Real","train","MB-GAN","mbgan",4.31807128689725,2.86210444575843
0.11825879527612,0.336362184279331,"Real","train","MB-GAN","mbgan",4.31807128689725,2.86210444575843
-0.167368731285633,0.18227943624768,"Real","train","MB-GAN","mbgan",4.31807128689725,2.86210444575843
0.597066451162375,0.215139683535124,"Real","train","MB-GAN","mbgan",4.31807128689725,2.86210444575843
-0.531537597280602,-0.0649849417054484,"Real","train","MB-GAN","mbgan",4.31807128689725,2.86210444575843
0.296760555089895,0.490823930020778,"Real","train","MB-GAN","mbgan",4.31807128689725,2.86210444575843
-0.285135314906457,0.231231436080538,"Real","train","MB-GAN","mbgan",4.31807128689725,2.86210444575843
-0.0623926405096085,0.23671152350511,"Real","train","MB-GAN","mbgan",4.31807128689725,2.86210444575843
-0.247669849449146,0.286866926856485,"Real","train","MB-GAN","mbgan",4.31807128689725,2.86210444575843
0.676018932290326,-1.04315683995396,"Real","train","MB-GAN","mbgan",4.31807128689725,2.86210444575843
-0.231265830694756,0.278624051764045,"Real","train","MB-GAN","mbgan",4.31807128689725,2.86210444575843
0.163221266290974,0.537940166644706,"Real","train","MB-GAN","mbgan",4.31807128689725,2.86210444575843
-0.624097986061862,0.0401967899412383,"Real","train","MB-GAN","mbgan",4.31807128689725,2.86210444575843
0.399450615440923,-0.881024979412116,"Real","train","MB-GAN","mbgan",4.31807128689725,2.86210444575843
0.672794439881402,0.486205252100613,"Real","train","MB-GAN","mbgan",4.31807128689725,2.86210444575843
-0.54822639363035,0.0759237961738584,"Real","train","MB-GAN","mbgan",4.31807128689725,2.86210444575843
0.479051441540056,0.165260901554294,"Real","train","MB-GAN","mbgan",4.31807128689725,2.86210444575843
-0.412762251334436,0.0939200433365986,"Real","train","MB-GAN","mbgan",4.31807128689725,2.86210444575843
-0.23057463053617,0.0200460645186265,"Real","train","MB-GAN","mbgan",4.31807128689725,2.86210444575843
-0.40717728700601,0.0326766144637616,"Real","train","MB-GAN","mbgan",4.31807128689725,2.86210444575843
-0.143974161942344,-0.0293013221852943,"Real","train","MB-GAN","mbgan",4.31807128689725,2.86210444575843
-0.543791040844485,-0.265881280402302,"Real","train","MB-GAN","mbgan",4.31807128689725,2.86210444575843
-0.683810994339252,0.0139818448041341,"Real","train","MB-GAN","mbgan",4.31807128689725,2.86210444575843
0.542168938866504,0.182930639227355,"Real","train","MB-GAN","mbgan",4.31807128689725,2.86210444575843
-0.549725608258912,0.0949368763748302,"Real","train","MB-GAN","mbgan",4.31807128689725,2.86210444575843
0.47964579693214,-0.516732865700429,"Real","train","MB-GAN","mbgan",4.31807128689725,2.86210444575843
0.188191123171321,0.203329047419836,"Real","train","MB-GAN","mbgan",4.31807128689725,2.86210444575843
0.183803768026696,0.182370077303598,"Real","train","MB-GAN","mbgan",4.31807128689725,2.86210444575843
-0.540779033390652,-0.157793663819069,"Real","train","MB-GAN","mbgan",4.31807128689725,2.86210444575843
-0.0783672318030226,0.321786803059927,"Real","train","MB-GAN","mbgan",4.31807128689725,2.86210444575843
0.268888334973156,0.506556903356076,"Real","train","MB-GAN","mbgan",4.31807128689725,2.86210444575843
0.0140277490729897,-0.0395041692037513,"Real","train","MB-GAN","mbgan",4.31807128689725,2.86210444575843
0.155271631250157,0.339796815556893,"Real","train","MB-GAN","mbgan",4.31807128689725,2.86210444575843
0.871712367238774,-1.1040401617509,"Real","train","MB-GAN","mbgan",4.31807128689725,2.86210444575843
0.44503561406795,0.484918690662269,"Real","train","MB-GAN","mbgan",4.31807128689725,2.86210444575843
-0.336928578806828,0.0598859653739051,"Real","train","MB-GAN","mbgan",4.31807128689725,2.86210444575843
-0.244691611762902,0.0459626609044584,"Real","train","MB-GAN","mbgan",4.31807128689725,2.86210444575843
0.908488901448712,-1.05933880247091,"Real","train","MB-GAN","mbgan",4.31807128689725,2.86210444575843
0.196910795119189,0.146810014294668,"Real","train","MB-GAN","mbgan",4.31807128689725,2.86210444575843
-0.467868226971561,0.18335420101968,"Real","train","MB-GAN","mbgan",4.31807128689725,2.86210444575843
-0.320271093894389,-0.277972904662483,"Real","train","MB-GAN","mbgan",4.31807128689725,2.86210444575843
-0.0809934865124748,0.276737657216748,"Real","train","MB-GAN","mbgan",4.31807128689725,2.86210444575843
0.276116435720227,0.609013007877316,"Real","train","MB-GAN","mbgan",4.31807128689725,2.86210444575843
0.115916913253815,0.180437486105505,"Real","train","MB-GAN","mbgan",4.31807128689725,2.86210444575843
-0.349191178058078,0.235238827647346,"Real","train","MB-GAN","mbgan",4.31807128689725,2.86210444575843
0.27429834925409,0.40759144494047,"Real","train","MB-GAN","mbgan",4.31807128689725,2.86210444575843
0.304199784745934,0.552893710547683,"Real","train","MB-GAN","mbgan",4.31807128689725,2.86210444575843
0.628776577380299,0.397738472928884,"Real","train","MB-GAN","mbgan",4.31807128689725,2.86210444575843
0.287987681754497,0.309974242244701,"Real","train","MB-GAN","mbgan",4.31807128689725,2.86210444575843
-0.112367797512132,0.0909932017000768,"Real","train","MB-GAN","mbgan",4.31807128689725,2.86210444575843
-0.181206612180696,0.120154771459264,"Real","train","MB-GAN","mbgan",4.31807128689725,2.86210444575843
-0.422723832468395,-0.32012620758919,"Real","train","MB-GAN","mbgan",4.31807128689725,2.86210444575843
0.874833045204222,-0.986152533812898,"Real","train","MB-GAN","mbgan",4.31807128689725,2.86210444575843
0.554358264671277,-0.573705462555235,"Real","train","MB-GAN","mbgan",4.31807128689725,2.86210444575843
0.298050883524636,0.1013523229905,"Real","train","MB-GAN","mbgan",4.31807128689725,2.86210444575843
-0.317093355020497,0.159012627748577,"Real","train","MB-GAN","mbgan",4.31807128689725,2.86210444575843
0.3968790650122,0.410927742460298,"Real","train","MB-GAN","mbgan",4.31807128689725,2.86210444575843
-0.619526752740609,-0.0117192880165116,"Real","train","MB-GAN","mbgan",4.31807128689725,2.86210444575843
-0.209909454688618,0.291238462860933,"Real","train","MB-GAN","mbgan",4.31807128689725,2.86210444575843
-0.267766866689042,0.0619371619958772,"Real","train","MB-GAN","mbgan",4.31807128689725,2.86210444575843
-0.0686329532156367,0.135076117420224,"Real","train","MB-GAN","mbgan",4.31807128689725,2.86210444575843
0.359472411198139,0.299417358733186,"Real","train","MB-GAN","mbgan",4.31807128689725,2.86210444575843
-0.513181783221022,-0.310338713878687,"Real","train","MB-GAN","mbgan",4.31807128689725,2.86210444575843
-0.573977605184225,-0.192491888814132,"Real","train","MB-GAN","mbgan",4.31807128689725,2.86210444575843
0.597113916359242,0.321854206618598,"Real","train","MB-GAN","mbgan",4.31807128689725,2.86210444575843
-0.705547126864899,-0.161092437376063,"Real","train","MB-GAN","mbgan",4.31807128689725,2.86210444575843
-0.497121338494971,-0.0921496272210328,"Real","train","MB-GAN","mbgan",4.31807128689725,2.86210444575843
-0.214605229672159,0.193627649244352,"Real","train","MB-GAN","mbgan",4.31807128689725,2.86210444575843
0.084309579630772,0.309120682954288,"Real","train","MB-GAN","mbgan",4.31807128689725,2.86210444575843
0.45299632948127,0.158829410100023,"Real","train","MB-GAN","mbgan",4.31807128689725,2.86210444575843
0.837715804368233,-1.21512798673574,"Real","train","MB-GAN","mbgan",4.31807128689725,2.86210444575843
0.251160956826867,0.471830812428089,"Real","train","MB-GAN","mbgan",4.31807128689725,2.86210444575843
-0.0354051484534844,0.338851795778243,"Real","train","MB-GAN","mbgan",4.31807128689725,2.86210444575843
-0.271460193891865,-0.188628994481548,"Real","train","MB-GAN","mbgan",4.31807128689725,2.86210444575843
-0.456283198154096,0.02031542298207,"Real","train","MB-GAN","mbgan",4.31807128689725,2.86210444575843
-0.729588822957531,-0.179781713241271,"Real","train","MB-GAN","mbgan",4.31807128689725,2.86210444575843
-0.122799389887026,-0.0170056157403447,"Real","train","MB-GAN","mbgan",4.31807128689725,2.86210444575843
-0.623545234559283,-0.0515762041870455,"Real","train","MB-GAN","mbgan",4.31807128689725,2.86210444575843
0.995853371174397,-0.959217862044403,"Real","train","MB-GAN","mbgan",4.31807128689725,2.86210444575843
0.545654742820083,0.394932002714809,"Real","train","MB-GAN","mbgan",4.31807128689725,2.86210444575843
0.601546840833091,0.396589328639159,"Real","train","MB-GAN","mbgan",4.31807128689725,2.86210444575843
0.189536171358684,-0.657744954516194,"Real","train","MB-GAN","mbgan",4.31807128689725,2.86210444575843
0.702377918666657,-0.861336066919304,"Real","train","MB-GAN","mbgan",4.31807128689725,2.86210444575843
-0.557132046488988,0.000362061772205987,"Real","train","MB-GAN","mbgan",4.31807128689725,2.86210444575843
-0.789849458483505,-0.372728811723898,"Real","train","MB-GAN","mbgan",4.31807128689725,2.86210444575843
-0.745299962050986,-0.260478992855521,"Real","train","MB-GAN","mbgan",4.31807128689725,2.86210444575843
-0.517310242377695,-0.101764822772425,"Real","train","MB-GAN","mbgan",4.31807128689725,2.86210444575843
0.120732928718767,0.0197809847998712,"Real","train","MB-GAN","mbgan",4.31807128689725,2.86210444575843
-0.550343214534631,-0.0205570413085671,"Real","train","MB-GAN","mbgan",4.31807128689725,2.86210444575843
-0.617602952601305,-0.454500615495176,"Real","train","MB-GAN","mbgan",4.31807128689725,2.86210444575843
0.45299632948127,0.158829410100023,"Real","train","MB-GAN","mbgan",4.31807128689725,2.86210444575843
0.385505404102869,0.61673347521449,"Real","train","MB-GAN","mbgan",4.31807128689725,2.86210444575843
0.21484121272001,-0.129041569778781,"Real","train","MB-GAN","mbgan",4.31807128689725,2.86210444575843
0.403375069747222,-0.0341596845886252,"Real","train","MB-GAN","mbgan",4.31807128689725,2.86210444575843
0.313046366388079,0.461780318343893,"Real","train","MB-GAN","mbgan",4.31807128689725,2.86210444575843
0.223725813650019,0.494689989453234,"Real","train","MB-GAN","mbgan",4.31807128689725,2.86210444575843
-0.164423871242612,0.12654660827684,"Real","train","MB-GAN","mbgan",4.31807128689725,2.86210444575843
-0.34794216082882,-0.190795864332015,"Real","train","MB-GAN","mbgan",4.31807128689725,2.86210444575843
0.113492748345201,0.247531593336068,"Real","train","MB-GAN","mbgan",4.31807128689725,2.86210444575843
0.731350950056513,-1.07724924457693,"Real","train","MB-GAN","mbgan",4.31807128689725,2.86210444575843
0.555144421893372,0.105545443424559,"Real","train","MB-GAN","mbgan",4.31807128689725,2.86210444575843
0.640596975434887,0.217263427158974,"Real","train","MB-GAN","mbgan",4.31807128689725,2.86210444575843
0.611934790346649,0.236346447878463,"Real","train","MB-GAN","mbgan",4.31807128689725,2.86210444575843
-0.362984310789786,0.0213101758281187,"Real","train","MB-GAN","mbgan",4.31807128689725,2.86210444575843
0.379867713498192,0.232405288241229,"Real","train","MB-GAN","mbgan",4.31807128689725,2.86210444575843
-0.189998667806808,0.0190126110451621,"Real","train","MB-GAN","mbgan",4.31807128689725,2.86210444575843
0.279720834898259,0.155507753775791,"Real","train","MB-GAN","mbgan",4.31807128689725,2.86210444575843
-0.398581238480701,-0.00814069073150182,"Real","train","MB-GAN","mbgan",4.31807128689725,2.86210444575843
0.110548920903956,0.427736487944062,"Real","train","MB-GAN","mbgan",4.31807128689725,2.86210444575843
-0.0598858109458686,0.216149200722185,"Real","train","MB-GAN","mbgan",4.31807128689725,2.86210444575843
0.602002579841433,0.201446260403002,"Real","train","MB-GAN","mbgan",4.31807128689725,2.86210444575843
0.217804762364106,0.174951211505749,"Real","train","MB-GAN","mbgan",4.31807128689725,2.86210444575843
-0.261258378817554,0.268740555853484,"Real","train","MB-GAN","mbgan",4.31807128689725,2.86210444575843
0.0497658981746189,0.156539004770178,"Real","train","MB-GAN","mbgan",4.31807128689725,2.86210444575843
-0.63749479811749,0.0176026521355312,"Real","train","MB-GAN","mbgan",4.31807128689725,2.86210444575843
-0.0743510484211864,0.239180162244308,"Real","train","MB-GAN","mbgan",4.31807128689725,2.86210444575843
0.0320640863770624,0.147414717706071,"Real","train","MB-GAN","mbgan",4.31807128689725,2.86210444575843
0.657570647150454,0.305717994884785,"Real","train","MB-GAN","mbgan",4.31807128689725,2.86210444575843
-0.62691649865082,-0.239553987749757,"Real","train","MB-GAN","mbgan",4.31807128689725,2.86210444575843
-0.526904495638328,0.145815110317509,"Real","train","MB-GAN","mbgan",4.31807128689725,2.86210444575843
-0.513335495101679,-0.0870296595091387,"Real","train","MB-GAN","mbgan",4.31807128689725,2.86210444575843
0.417302523372063,0.487377761633798,"Real","train","MB-GAN","mbgan",4.31807128689725,2.86210444575843
0.168545809747555,0.177584357230544,"Real","train","MB-GAN","mbgan",4.31807128689725,2.86210444575843
0.650816337843305,-0.631457615876966,"Real","train","MB-GAN","mbgan",4.31807128689725,2.86210444575843
-0.404868410182959,0.0336729612067565,"Real","train","MB-GAN","mbgan",4.31807128689725,2.86210444575843
0.539648905951233,-0.828131030523943,"Real","train","MB-GAN","mbgan",4.31807128689725,2.86210444575843
0.518556853576095,0.139790649027872,"Real","train","MB-GAN","mbgan",4.31807128689725,2.86210444575843
0.516277740893403,0.0747501254286668,"Real","train","MB-GAN","mbgan",4.31807128689725,2.86210444575843
0.633483477560848,-1.12162548902092,"Real","train","MB-GAN","mbgan",4.31807128689725,2.86210444575843
-0.699606446229064,-0.271581726896603,"Real","train","MB-GAN","mbgan",4.31807128689725,2.86210444575843
-0.401164926441068,0.201575133090868,"Real","train","MB-GAN","mbgan",4.31807128689725,2.86210444575843
0.302464318470496,0.3083860984875,"Real","train","MB-GAN","mbgan",4.31807128689725,2.86210444575843
0.393835941691969,0.0242476748251148,"Real","train","MB-GAN","mbgan",4.31807128689725,2.86210444575843
0.392778558613379,0.251771303802929,"Real","train","MB-GAN","mbgan",4.31807128689725,2.86210444575843
0.845313553103489,-1.21496643399724,"Real","train","MB-GAN","mbgan",4.31807128689725,2.86210444575843
0.842169692676182,-1.23138831835601,"Real","train","MB-GAN","mbgan",4.31807128689725,2.86210444575843
-0.523706767067968,-0.0323353919618752,"Real","train","MB-GAN","mbgan",4.31807128689725,2.86210444575843
0.509835155753583,0.064509433910722,"Real","train","MB-GAN","mbgan",4.31807128689725,2.86210444575843
0.177350747835154,0.519440096959264,"Real","train","MB-GAN","mbgan",4.31807128689725,2.86210444575843
0.223403406745439,0.138849640591151,"Real","train","MB-GAN","mbgan",4.31807128689725,2.86210444575843
0.559348016563121,0.158767574636953,"Real","train","MB-GAN","mbgan",4.31807128689725,2.86210444575843
0.312165759683509,0.605982720796829,"Real","train","MB-GAN","mbgan",4.31807128689725,2.86210444575843
0.432072050782787,-0.987064033301022,"Real","train","MB-GAN","mbgan",4.31807128689725,2.86210444575843
0.150876742981753,0.178964999288343,"Real","train","MB-GAN","mbgan",4.31807128689725,2.86210444575843
0.619572969093269,-0.889790915380245,"Real","train","MB-GAN","mbgan",4.31807128689725,2.86210444575843
0.312655268824672,0.31264842205527,"Real","train","MB-GAN","mbgan",4.31807128689725,2.86210444575843
-0.792277019452567,-0.241809043975763,"Real","train","MB-GAN","mbgan",4.31807128689725,2.86210444575843
-0.57446424971898,-0.00615960512876827,"Real","train","MB-GAN","mbgan",4.31807128689725,2.86210444575843
-0.243445887771009,0.246040782456739,"Real","train","MB-GAN","mbgan",4.31807128689725,2.86210444575843
-0.501474833684296,0.0340154226060691,"Real","train","MB-GAN","mbgan",4.31807128689725,2.86210444575843
-0.54975354361346,-0.0740665835498747,"Real","train","MB-GAN","mbgan",4.31807128689725,2.86210444575843
-0.132784893544616,0.0202565635774793,"Real","train","MB-GAN","mbgan",4.31807128689725,2.86210444575843
-0.00235744630911374,0.249843938635437,"Real","train","MB-GAN","mbgan",4.31807128689725,2.86210444575843
0.264686924863011,0.372375747847719,"Real","train","MB-GAN","mbgan",4.31807128689725,2.86210444575843
-0.462748690850632,-0.128339198890396,"Real","train","MB-GAN","mbgan",4.31807128689725,2.86210444575843
-0.0885255117654987,0.0717624400590376,"Real","train","MB-GAN","mbgan",4.31807128689725,2.86210444575843
-0.636472836586307,-0.517629673874871,"Real","train","MB-GAN","mbgan",4.31807128689725,2.86210444575843
-0.244970094050475,0.267713071747502,"Real","train","MB-GAN","mbgan",4.31807128689725,2.86210444575843
-0.0163641445572102,0.389608350382704,"Real","train","MB-GAN","mbgan",4.31807128689725,2.86210444575843
0.130654503071988,0.269068913861094,"Real","train","MB-GAN","mbgan",4.31807128689725,2.86210444575843
-0.377420215085117,-0.127369906321367,"Real","train","MB-GAN","mbgan",4.31807128689725,2.86210444575843
0.419662205964557,0.552997282743737,"Real","train","MB-GAN","mbgan",4.31807128689725,2.86210444575843
-0.224519378408815,0.0272093433910701,"Real","train","MB-GAN","mbgan",4.31807128689725,2.86210444575843
-0.126768208149553,0.294264396244093,"Real","train","MB-GAN","mbgan",4.31807128689725,2.86210444575843
0.582289112558193,-1.26721458086796,"Real","train","MB-GAN","mbgan",4.31807128689725,2.86210444575843
0.139873531242756,-0.499652285763512,"Real","train","MB-GAN","mbgan",4.31807128689725,2.86210444575843
0.328037777472258,0.543134892839446,"Real","train","MB-GAN","mbgan",4.31807128689725,2.86210444575843
0.043986498337798,0.208164708498166,"Real","train","MB-GAN","mbgan",4.31807128689725,2.86210444575843
0.0685225873342104,0.354855928097819,"Real","train","MB-GAN","mbgan",4.31807128689725,2.86210444575843
-0.617785090153681,-0.0632970766919681,"Real","train","MB-GAN","mbgan",4.31807128689725,2.86210444575843
0.123469899245378,0.180768702599168,"Real","train","MB-GAN","mbgan",4.31807128689725,2.86210444575843
0.0233069309325589,0.29885456525869,"Real","train","MB-GAN","mbgan",4.31807128689725,2.86210444575843
-0.338860154948777,0.290753678050683,"Real","train","MB-GAN","mbgan",4.31807128689725,2.86210444575843
-0.453220712452907,0.0511774961707216,"Real","train","MB-GAN","mbgan",4.31807128689725,2.86210444575843
-0.108205171462313,0.166142376377599,"Real","train","MB-GAN","mbgan",4.31807128689725,2.86210444575843
-0.541713784523485,-0.0926329125413334,"Real","train","MB-GAN","mbgan",4.31807128689725,2.86210444575843
-0.0341698654208184,0.0504702683333764,"Real","train","MB-GAN","mbgan",4.31807128689725,2.86210444575843
0.268016605545239,0.0749189667839176,"Real","train","MB-GAN","mbgan",4.31807128689725,2.86210444575843
0.291414962858202,-1.04168081399349,"Real","train","MB-GAN","mbgan",4.31807128689725,2.86210444575843
-0.63156042577507,-0.123094098426643,"Real","train","MB-GAN","mbgan",4.31807128689725,2.86210444575843
0.34317759215981,0.270573195313179,"Real","train","MB-GAN","mbgan",4.31807128689725,2.86210444575843
0.0914120473150625,0.170235068053958,"Real","train","MB-GAN","mbgan",4.31807128689725,2.86210444575843
0.700705109554096,0.520241886382383,"Real","train","MB-GAN","mbgan",4.31807128689725,2.86210444575843
-0.0997693356819881,0.268496679329521,"Real","train","MB-GAN","mbgan",4.31807128689725,2.86210444575843
-0.671342127166781,-0.14917589419166,"Real","train","MB-GAN","mbgan",4.31807128689725,2.86210444575843
-0.447033162496046,0.0776265467395683,"Real","train","MB-GAN","mbgan",4.31807128689725,2.86210444575843
0.176129548160546,0.314090220019608,"Real","train","MB-GAN","mbgan",4.31807128689725,2.86210444575843
0.271523599286429,0.473394789419266,"Real","train","MB-GAN","mbgan",4.31807128689725,2.86210444575843
0.598985788954189,0.214746299084956,"Real","train","MB-GAN","mbgan",4.31807128689725,2.86210444575843
0.12991010255208,0.350002136947658,"Real","train","MB-GAN","mbgan",4.31807128689725,2.86210444575843
-0.706674376694659,-0.117302347689928,"Real","train","MB-GAN","mbgan",4.31807128689725,2.86210444575843
0.11146096803599,0.391531210446947,"Real","train","MB-GAN","mbgan",4.31807128689725,2.86210444575843
0.251118820249049,-0.697639175691836,"Real","train","MB-GAN","mbgan",4.31807128689725,2.86210444575843
0.15508461293951,0.321688641803004,"Real","train","MB-GAN","mbgan",4.31807128689725,2.86210444575843
0.0574444734867919,-0.0052208499813896,"Real","train","MB-GAN","mbgan",4.31807128689725,2.86210444575843
-0.627855186298584,0.0752521486676126,"Real","train","MB-GAN","mbgan",4.31807128689725,2.86210444575843
-0.279743338234734,0.0501875192744888,"Real","train","MB-GAN","mbgan",4.31807128689725,2.86210444575843
-0.73829350279793,0.0381985260138062,"Real","train","MB-GAN","mbgan",4.31807128689725,2.86210444575843
0.551103865059703,0.313842657822855,"Real","train","MB-GAN","mbgan",4.31807128689725,2.86210444575843
-0.574668905121045,-0.00596679284666335,"Real","train","MB-GAN","mbgan",4.31807128689725,2.86210444575843
-0.716603715363896,-0.0423027398344313,"Real","train","MB-GAN","mbgan",4.31807128689725,2.86210444575843
-0.598377542340202,-0.0690985276576208,"Real","train","MB-GAN","mbgan",4.31807128689725,2.86210444575843
0.70542196436058,-1.18025861702062,"Real","train","MB-GAN","mbgan",4.31807128689725,2.86210444575843
-0.339826515652917,0.117369514040022,"Real","train","MB-GAN","mbgan",4.31807128689725,2.86210444575843
-0.512813676878452,0.0802680072569964,"Real","train","MB-GAN","mbgan",4.31807128689725,2.86210444575843
-0.479540512232669,0.184020855803642,"Real","train","MB-GAN","mbgan",4.31807128689725,2.86210444575843
-0.26792857789899,0.0542098536297555,"Real","train","MB-GAN","mbgan",4.31807128689725,2.86210444575843
0.546087920419148,-0.104122326597951,"Real","train","MB-GAN","mbgan",4.31807128689725,2.86210444575843
0.722273972162127,-1.11908288463419,"Real","train","MB-GAN","mbgan",4.31807128689725,2.86210444575843
0.577314462693205,-0.489766297117633,"Real","train","MB-GAN","mbgan",4.31807128689725,2.86210444575843
0.0748641173742948,0.187766788628321,"Real","train","MB-GAN","mbgan",4.31807128689725,2.86210444575843
0.0469778369405657,0.25031058494364,"Real","train","MB-GAN","mbgan",4.31807128689725,2.86210444575843
0.427400084777731,0.119410142769182,"Real","train","MB-GAN","mbgan",4.31807128689725,2.86210444575843
0.0307754736138341,0.320316758556057,"Real","train","MB-GAN","mbgan",4.31807128689725,2.86210444575843
0.12788936590458,-0.209261638327508,"Real","train","MB-GAN","mbgan",4.31807128689725,2.86210444575843
-0.126028781269038,0.166915134006591,"Real","train","MB-GAN","mbgan",4.31807128689725,2.86210444575843
-0.309209307360858,-0.0558793136796905,"Real","train","MB-GAN","mbgan",4.31807128689725,2.86210444575843
-0.502851401261223,-0.179932283624505,"Real","train","MB-GAN","mbgan",4.31807128689725,2.86210444575843
0.613457607920003,0.307285742717483,"Real","train","MB-GAN","mbgan",4.31807128689725,2.86210444575843
-0.0456266421244506,0.347145506514517,"Real","train","MB-GAN","mbgan",4.31807128689725,2.86210444575843
0.143282932357479,0.313998237389113,"Real","train","MB-GAN","mbgan",4.31807128689725,2.86210444575843
-0.249163162021518,0.2749724247497,"Real","train","MB-GAN","mbgan",4.31807128689725,2.86210444575843
-0.796664551061451,-0.365200325581906,"Real","train","MB-GAN","mbgan",4.31807128689725,2.86210444575843
-0.693729877273506,-0.0146666003618963,"Real","train","MB-GAN","mbgan",4.31807128689725,2.86210444575843
-0.19655213744541,-0.419825143703468,"Real","train","MB-GAN","mbgan",4.31807128689725,2.86210444575843
-0.397504193617593,-0.160674792414966,"Real","train","MB-GAN","mbgan",4.31807128689725,2.86210444575843
0.531655879220071,0.175831170149204,"Real","train","MB-GAN","mbgan",4.31807128689725,2.86210444575843
0.536491905345051,0.12699229432773,"Real","train","MB-GAN","mbgan",4.31807128689725,2.86210444575843
-0.513153306619575,0.00737026730138291,"Real","train","MB-GAN","mbgan",4.31807128689725,2.86210444575843
-0.861713451455671,-0.19592948136507,"Real","train","MB-GAN","mbgan",4.31807128689725,2.86210444575843
-0.520096156725974,-0.275570141617361,"Real","train","MB-GAN","mbgan",4.31807128689725,2.86210444575843
-0.489481000134661,0.0199791984892213,"Real","train","MB-GAN","mbgan",4.31807128689725,2.86210444575843
-0.219393656149931,0.25919062146301,"Real","train","MB-GAN","mbgan",4.31807128689725,2.86210444575843
0.642094362939414,-0.550710400550506,"Real","train","MB-GAN","mbgan",4.31807128689725,2.86210444575843
0.341277261325508,0.288250610073921,"Real","train","MB-GAN","mbgan",4.31807128689725,2.86210444575843
0.365909837004678,0.0290965908464476,"Real","train","MB-GAN","mbgan",4.31807128689725,2.86210444575843
0.789258773241373,-0.87198896689157,"Real","train","MB-GAN","mbgan",4.31807128689725,2.86210444575843
0.455187445648627,0.230964915888336,"Real","train","MB-GAN","mbgan",4.31807128689725,2.86210444575843
-0.4836131170428,0.0941069437655752,"Real","train","MB-GAN","mbgan",4.31807128689725,2.86210444575843
0.731952304269728,-0.688564943398405,"Real","train","MB-GAN","mbgan",4.31807128689725,2.86210444575843
0.405086521184356,0.0485111163567459,"Real","train","MB-GAN","mbgan",4.31807128689725,2.86210444575843
-0.206584672370487,0.093014581610056,"Real","train","MB-GAN","mbgan",4.31807128689725,2.86210444575843
-0.72375666934545,-0.282152011367469,"Real","train","MB-GAN","mbgan",4.31807128689725,2.86210444575843
-0.427261830654278,-0.0580186744750509,"Real","train","MB-GAN","mbgan",4.31807128689725,2.86210444575843
-0.262315302303106,0.0328017276877004,"Real","train","MB-GAN","mbgan",4.31807128689725,2.86210444575843
-0.142191028098569,-0.0862099504948896,"Real","train","MB-GAN","mbgan",4.31807128689725,2.86210444575843
0.392425815496215,-0.0234167958228441,"Real","train","MB-GAN","mbgan",4.31807128689725,2.86210444575843
0.636055733657994,0.248301909720897,"Real","train","MB-GAN","mbgan",4.31807128689725,2.86210444575843
0.617562576171241,0.299960432460605,"Real","train","MB-GAN","mbgan",4.31807128689725,2.86210444575843
0.589512478394813,0.122352442596965,"Real","train","MB-GAN","mbgan",4.31807128689725,2.86210444575843
-0.197298938124212,-0.0671771916326005,"Real","train","MB-GAN","mbgan",4.31807128689725,2.86210444575843
-0.23571974206041,-0.126424996006046,"Real","train","MB-GAN","mbgan",4.31807128689725,2.86210444575843
-0.100432318014861,0.311743064869077,"Real","train","MB-GAN","mbgan",4.31807128689725,2.86210444575843
-0.212008428634206,0.155786525750898,"Real","train","MB-GAN","mbgan",4.31807128689725,2.86210444575843
-0.412384453419402,-0.152941364777301,"Real","train","MB-GAN","mbgan",4.31807128689725,2.86210444575843
-0.0741164594404653,0.261869487158955,"Real","train","MB-GAN","mbgan",4.31807128689725,2.86210444575843
-0.272642374119051,0.216582480543316,"Real","train","MB-GAN","mbgan",4.31807128689725,2.86210444575843
-0.499091522496283,-0.0578430546906762,"Real","train","MB-GAN","mbgan",4.31807128689725,2.86210444575843
0.735879042600097,-1.00848780071388,"Real","train","MB-GAN","mbgan",4.31807128689725,2.86210444575843
-0.68281416530494,-0.119725983524352,"Real","train","MB-GAN","mbgan",4.31807128689725,2.86210444575843
-0.215311825363355,0.0973173608384854,"Real","train","MB-GAN","mbgan",4.31807128689725,2.86210444575843
0.666140742583859,-0.988767339662066,"Real","train","MB-GAN","mbgan",4.31807128689725,2.86210444575843
-0.327258854125302,0.257333756564924,"Real","train","MB-GAN","mbgan",4.31807128689725,2.86210444575843
-0.506511371690742,0.00211813000435015,"Real","train","MB-GAN","mbgan",4.31807128689725,2.86210444575843
-0.775200545652799,-0.222276110253268,"Real","train","MB-GAN","mbgan",4.31807128689725,2.86210444575843
-0.361079558217802,0.0177976376669763,"Real","train","MB-GAN","mbgan",4.31807128689725,2.86210444575843
0.618660325554133,0.271643211365348,"Real","train","MB-GAN","mbgan",4.31807128689725,2.86210444575843
0.430397472576435,0.158582296773447,"Real","train","MB-GAN","mbgan",4.31807128689725,2.86210444575843
-0.110122487615781,0.191381616311215,"Real","train","MB-GAN","mbgan",4.31807128689725,2.86210444575843
-0.317538872840247,-0.198402711087112,"Real","train","MB-GAN","mbgan",4.31807128689725,2.86210444575843
0.479500624886802,0.154910573548166,"Real","train","MB-GAN","mbgan",4.31807128689725,2.86210444575843
-0.418771208996905,-0.0373210801031572,"Real","train","MB-GAN","mbgan",4.31807128689725,2.86210444575843
0.000577883700968305,0.22913515102669,"Real","train","MB-GAN","mbgan",4.31807128689725,2.86210444575843
0.220659933228145,0.19987803783861,"Real","train","MB-GAN","mbgan",4.31807128689725,2.86210444575843
-0.0132601962099797,0.253505002986874,"Real","train","MB-GAN","mbgan",4.31807128689725,2.86210444575843
-0.34846572242002,0.119839607218509,"Real","train","MB-GAN","mbgan",4.31807128689725,2.86210444575843
0.437167454349878,-0.0205315865939718,"Real","train","MB-GAN","mbgan",4.31807128689725,2.86210444575843
-0.723815470648057,0.0670259343055385,"Real","train","MB-GAN","mbgan",4.31807128689725,2.86210444575843
-0.46439094531408,-0.144438679768256,"Real","train","MB-GAN","mbgan",4.31807128689725,2.86210444575843
0.372804530450854,0.0104274014627281,"Real","train","MB-GAN","mbgan",4.31807128689725,2.86210444575843
-0.696652205380213,-0.241020834010796,"Real","train","MB-GAN","mbgan",4.31807128689725,2.86210444575843
0.721446549302279,-1.15524233483723,"Real","train","MB-GAN","mbgan",4.31807128689725,2.86210444575843
0.532940485965667,0.098858111045313,"Real","train","MB-GAN","mbgan",4.31807128689725,2.86210444575843
-0.518308455617984,-0.174699487394963,"Real","train","MB-GAN","mbgan",4.31807128689725,2.86210444575843
0.304494812325821,0.0680596298177123,"Real","train","MB-GAN","mbgan",4.31807128689725,2.86210444575843
0.102465246563508,0.054347857870149,"Real","train","MB-GAN","mbgan",4.31807128689725,2.86210444575843
-0.277058940326055,0.15643853147993,"Real","train","MB-GAN","mbgan",4.31807128689725,2.86210444575843
-0.224710354205408,-0.0595401044450902,"Real","train","MB-GAN","mbgan",4.31807128689725,2.86210444575843
0.595207337649543,0.203453191023395,"Real","train","MB-GAN","mbgan",4.31807128689725,2.86210444575843
-0.736613229590073,-0.202478175763562,"Real","train","MB-GAN","mbgan",4.31807128689725,2.86210444575843
-0.635006733757797,-0.483845345897128,"Real","train","MB-GAN","mbgan",4.31807128689725,2.86210444575843
-0.370226647099603,0.0550417607076775,"Real","train","MB-GAN","mbgan",4.31807128689725,2.86210444575843
-0.72478181246302,-0.189678778556598,"Real","train","MB-GAN","mbgan",4.31807128689725,2.86210444575843
0.173457341378055,0.385855093607584,"Real","train","MB-GAN","mbgan",4.31807128689725,2.86210444575843
0.361229542800611,0.340996644928781,"Real","train","MB-GAN","mbgan",4.31807128689725,2.86210444575843
-0.178376723008868,0.134159360974881,"Real","train","MB-GAN","mbgan",4.31807128689725,2.86210444575843
-0.364083495648487,0.00500439323067567,"Real","train","MB-GAN","mbgan",4.31807128689725,2.86210444575843
0.332674952608471,-0.3571843679358,"Real","train","MB-GAN","mbgan",4.31807128689725,2.86210444575843
0.260839039599378,0.640952615837261,"Real","train","MB-GAN","mbgan",4.31807128689725,2.86210444575843
0.343231312198203,0.477166416755398,"Real","train","MB-GAN","mbgan",4.31807128689725,2.86210444575843
-0.546474812524185,0.029022516569165,"Real","train","MB-GAN","mbgan",4.31807128689725,2.86210444575843
0.0919862419804797,0.0251065905193577,"Real","train","MB-GAN","mbgan",4.31807128689725,2.86210444575843
-0.287248173907871,0.0431373658712965,"Real","train","MB-GAN","mbgan",4.31807128689725,2.86210444575843
0.568205113367334,0.419125834496595,"Real","train","MB-GAN","mbgan",4.31807128689725,2.86210444575843
0.258844357808099,0.591385717317513,"Real","train","MB-GAN","mbgan",4.31807128689725,2.86210444575843
-0.0488674472536484,-0.0189233727290699,"Real","train","MB-GAN","mbgan",4.31807128689725,2.86210444575843
0.604814850302268,0.363790870917374,"Real","train","MB-GAN","mbgan",4.31807128689725,2.86210444575843
0.155994306143895,0.595465004230189,"Real","train","MB-GAN","mbgan",4.31807128689725,2.86210444575843
-0.716918821225394,-0.0938505301703996,"Real","train","MB-GAN","mbgan",4.31807128689725,2.86210444575843
-0.129775230783395,0.0853692175675158,"Real","train","MB-GAN","mbgan",4.31807128689725,2.86210444575843
0.527249824394468,0.0837107191229284,"Real","train","MB-GAN","mbgan",4.31807128689725,2.86210444575843
0.244638470093039,0.319358816052108,"Real","train","MB-GAN","mbgan",4.31807128689725,2.86210444575843
-0.200889632820806,0.123635402807493,"Real","train","MB-GAN","mbgan",4.31807128689725,2.86210444575843
0.489237133343557,0.164923624126768,"Real","train","MB-GAN","mbgan",4.31807128689725,2.86210444575843
0.637580643341623,0.242788690508309,"Real","train","MB-GAN","mbgan",4.31807128689725,2.86210444575843
-0.0755600598833961,0.132277946444387,"Real","train","MB-GAN","mbgan",4.31807128689725,2.86210444575843
0.265631720621793,0.533494533345163,"Real","train","MB-GAN","mbgan",4.31807128689725,2.86210444575843
-0.531702336105467,-0.208100691606099,"Real","train","MB-GAN","mbgan",4.31807128689725,2.86210444575843
-0.395503626079324,0.051700200819365,"Real","train","MB-GAN","mbgan",4.31807128689725,2.86210444575843
-0.651595793719912,0.0190051554885807,"Real","train","MB-GAN","mbgan",4.31807128689725,2.86210444575843
0.105702727400929,0.195333852855604,"Real","train","MB-GAN","mbgan",4.31807128689725,2.86210444575843
0.56374074129287,0.149011104322919,"Real","train","MB-GAN","mbgan",4.31807128689725,2.86210444575843
-0.206323819586446,-0.0569683777416783,"Real","train","MB-GAN","mbgan",4.31807128689725,2.86210444575843
-0.629205443450132,-0.0461131808243234,"Real","train","MB-GAN","mbgan",4.31807128689725,2.86210444575843
-0.0462879167423514,0.167816600245694,"Real","train","MB-GAN","mbgan",4.31807128689725,2.86210444575843
-0.512547057632615,0.081231630021827,"Real","train","MB-GAN","mbgan",4.31807128689725,2.86210444575843
-0.657489749476825,-0.0130525979143222,"Real","train","MB-GAN","mbgan",4.31807128689725,2.86210444575843
0.564872846094962,0.291656216626009,"Real","train","MB-GAN","mbgan",4.31807128689725,2.86210444575843
0.660120918223026,-0.537284513780989,"Real","train","MB-GAN","mbgan",4.31807128689725,2.86210444575843
-0.162396224168664,0.119684236169247,"Real","train","MB-GAN","mbgan",4.31807128689725,2.86210444575843
-0.498963746381011,-0.293556770533629,"Real","train","MB-GAN","mbgan",4.31807128689725,2.86210444575843
-0.332549677158206,0.0972551415755847,"Real","train","MB-GAN","mbgan",4.31807128689725,2.86210444575843
0.645225218671522,0.437610914120691,"Real","train","MB-GAN","mbgan",4.31807128689725,2.86210444575843
0.596232719261735,-0.00861817705755058,"Real","train","MB-GAN","mbgan",4.31807128689725,2.86210444575843
-0.761053018103989,-0.154124745063635,"Real","train","MB-GAN","mbgan",4.31807128689725,2.86210444575843
-0.0216170968270383,0.387131020503497,"Real","train","MB-GAN","mbgan",4.31807128689725,2.86210444575843
1.01967356224061,-0.883343094487384,"Real","train","MB-GAN","mbgan",4.31807128689725,2.86210444575843
0.22935228012768,0.547814398423779,"Real","train","MB-GAN","mbgan",4.31807128689725,2.86210444575843
-0.00468010984307292,0.0901612108634631,"Real","train","MB-GAN","mbgan",4.31807128689725,2.86210444575843
0.412326422120349,0.417416816268454,"Real","train","MB-GAN","mbgan",4.31807128689725,2.86210444575843
-0.370371422722289,0.035449556890997,"Real","train","MB-GAN","mbgan",4.31807128689725,2.86210444575843
0.000177459493880564,0.249172291657833,"Real","train","MB-GAN","mbgan",4.31807128689725,2.86210444575843
0.284633698607317,0.291346595990802,"Real","train","MB-GAN","mbgan",4.31807128689725,2.86210444575843
0.234782545105053,0.248344284808025,"Real","train","MB-GAN","mbgan",4.31807128689725,2.86210444575843
0.220367691671965,0.0113270865547631,"Real","train","MB-GAN","mbgan",4.31807128689725,2.86210444575843
-0.274985034922332,0.175253349853644,"Real","train","MB-GAN","mbgan",4.31807128689725,2.86210444575843
0.220847124522143,0.418013288276215,"Real","train","MB-GAN","mbgan",4.31807128689725,2.86210444575843
-0.298869176907914,-0.148700989451179,"Real","train","MB-GAN","mbgan",4.31807128689725,2.86210444575843
-0.611745570284329,0.0143610135381217,"Real","train","MB-GAN","mbgan",4.31807128689725,2.86210444575843
0.374576842645561,0.0353472610787634,"Real","train","MB-GAN","mbgan",4.31807128689725,2.86210444575843
-0.133098521984355,0.286377264860735,"Real","train","MB-GAN","mbgan",4.31807128689725,2.86210444575843
-0.569886640536084,-0.274934856651651,"Real","train","MB-GAN","mbgan",4.31807128689725,2.86210444575843
-0.283802574239841,-0.177839698321603,"Real","train","MB-GAN","mbgan",4.31807128689725,2.86210444575843
-0.392394650156371,0.0343828235187024,"Real","train","MB-GAN","mbgan",4.31807128689725,2.86210444575843
0.652088820507476,0.252289402252636,"Real","train","MB-GAN","mbgan",4.31807128689725,2.86210444575843
0.405936912558083,0.312443429896675,"Real","train","MB-GAN","mbgan",4.31807128689725,2.86210444575843
-0.261658987053311,0.0854974838227343,"Real","train","MB-GAN","mbgan",4.31807128689725,2.86210444575843
0.388558220976537,0.0145646637544205,"Real","train","MB-GAN","mbgan",4.31807128689725,2.86210444575843
0.0590262345193261,-0.00410998887107044,"Real","train","MB-GAN","mbgan",4.31807128689725,2.86210444575843
-0.521478011405782,0.000603960236331995,"Real","train","MB-GAN","mbgan",4.31807128689725,2.86210444575843
0.774128749992678,-0.624886857005875,"Real","train","MB-GAN","mbgan",4.31807128689725,2.86210444575843
-0.645723859160264,-0.0703496054950737,"Real","train","MB-GAN","mbgan",4.31807128689725,2.86210444575843
0.345827994620856,0.453102525911361,"Real","train","MB-GAN","mbgan",4.31807128689725,2.86210444575843
-0.6996534491069,-0.191722455637513,"Real","train","MB-GAN","mbgan",4.31807128689725,2.86210444575843
-0.614659160211467,-0.108359943702423,"Real","train","MB-GAN","mbgan",4.31807128689725,2.86210444575843
0.934740937460469,-0.879648361664283,"Real","train","MB-GAN","mbgan",4.31807128689725,2.86210444575843
-0.212019546132962,0.0935071159811888,"Real","train","MB-GAN","mbgan",4.31807128689725,2.86210444575843
-0.300396335348137,0.147798130043999,"Real","train","MB-GAN","mbgan",4.31807128689725,2.86210444575843
-0.332056394982695,0.105567337354562,"Real","train","MB-GAN","mbgan",4.31807128689725,2.86210444575843
0.375947083697922,0.471963317688843,"Real","train","MB-GAN","mbgan",4.31807128689725,2.86210444575843
-0.628885789078857,0.111631862022104,"Real","train","MB-GAN","mbgan",4.31807128689725,2.86210444575843
0.642773164243711,0.303275169144647,"Real","train","MB-GAN","mbgan",4.31807128689725,2.86210444575843
0.467991135095435,0.163161185302756,"Real","train","MB-GAN","mbgan",4.31807128689725,2.86210444575843
0.177590961134278,0.183034536129837,"Real","train","MB-GAN","mbgan",4.31807128689725,2.86210444575843
-0.0258711981860247,0.21570913747948,"Real","train","MB-GAN","mbgan",4.31807128689725,2.86210444575843
-0.409757082655134,-0.0109515495576459,"Real","train","MB-GAN","mbgan",4.31807128689725,2.86210444575843
0.428083549439958,0.156577297738708,"Real","train","MB-GAN","mbgan",4.31807128689725,2.86210444575843
-0.606964247927239,-0.18548912342783,"Real","train","MB-GAN","mbgan",4.31807128689725,2.86210444575843
-0.831283590621907,-0.233886969497593,"Real","train","MB-GAN","mbgan",4.31807128689725,2.86210444575843
0.347989390280311,-0.000399572217601308,"Real","train","MB-GAN","mbgan",4.31807128689725,2.86210444575843
-0.814834939056361,-0.113855187869581,"Real","train","MB-GAN","mbgan",4.31807128689725,2.86210444575843
0.56634403338815,0.202159645867603,"Real","train","MB-GAN","mbgan",4.31807128689725,2.86210444575843
0.876092129469421,-1.16739882306405,"Real","train","MB-GAN","mbgan",4.31807128689725,2.86210444575843
-0.470259476786341,-0.0158822723456446,"Real","train","MB-GAN","mbgan",4.31807128689725,2.86210444575843
0.0438267365992312,0.301390305656335,"Real","train","MB-GAN","mbgan",4.31807128689725,2.86210444575843
0.307421435710476,0.391457044127886,"Real","train","MB-GAN","mbgan",4.31807128689725,2.86210444575843
0.526408650599567,-0.862160949878199,"Real","train","MB-GAN","mbgan",4.31807128689725,2.86210444575843
-0.472681036343868,-0.0420273543685242,"Real","train","MB-GAN","mbgan",4.31807128689725,2.86210444575843
-0.597134056769095,-0.49797087836925,"Real","train","MB-GAN","mbgan",4.31807128689725,2.86210444575843
0.0519065054693871,0.412692444244991,"Real","train","MB-GAN","mbgan",4.31807128689725,2.86210444575843
-0.281612199042493,0.243137047913732,"Real","train","MB-GAN","mbgan",4.31807128689725,2.86210444575843
-0.0388314428520244,0.356001416747386,"Real","train","MB-GAN","mbgan",4.31807128689725,2.86210444575843
0.518599686775043,0.243200153428609,"Real","train","MB-GAN","mbgan",4.31807128689725,2.86210444575843
0.463179036468841,0.406482214875664,"Real","train","MB-GAN","mbgan",4.31807128689725,2.86210444575843
0.321020226196374,0.174022758062644,"Real","train","MB-GAN","mbgan",4.31807128689725,2.86210444575843
-0.701593669050341,0.0268306568742516,"Real","train","MB-GAN","mbgan",4.31807128689725,2.86210444575843
0.347641459807705,0.256971608462036,"Real","train","MB-GAN","mbgan",4.31807128689725,2.86210444575843
0.567348729362158,0.382900199490197,"Real","train","MB-GAN","mbgan",4.31807128689725,2.86210444575843
-0.46034861052528,-0.112513229906702,"Real","train","MB-GAN","mbgan",4.31807128689725,2.86210444575843
-0.616775230721234,-0.492741659810811,"Real","train","MB-GAN","mbgan",4.31807128689725,2.86210444575843
-0.825812199302492,-0.180616563079085,"Real","train","MB-GAN","mbgan",4.31807128689725,2.86210444575843
-0.315468594961933,0.0578932520037797,"Real","train","MB-GAN","mbgan",4.31807128689725,2.86210444575843
-0.392808611777124,-0.00551618345950151,"Real","train","MB-GAN","mbgan",4.31807128689725,2.86210444575843
0.143127751302218,0.17655566863518,"Real","train","MB-GAN","mbgan",4.31807128689725,2.86210444575843
-0.681252824228195,-0.0331297872278658,"Real","train","MB-GAN","mbgan",4.31807128689725,2.86210444575843
-0.393033771978643,-0.20879007242292,"Real","train","MB-GAN","mbgan",4.31807128689725,2.86210444575843
0.348742366010116,0.420767705509176,"Real","train","MB-GAN","mbgan",4.31807128689725,2.86210444575843
0.247719159404356,0.578652044443052,"Real","train","MB-GAN","mbgan",4.31807128689725,2.86210444575843
-0.232237986370455,0.300803020037268,"Real","train","MB-GAN","mbgan",4.31807128689725,2.86210444575843
-0.588723714337157,-0.0147544695901073,"Real","train","MB-GAN","mbgan",4.31807128689725,2.86210444575843
0.540311153861754,0.104509940277037,"Real","train","MB-GAN","mbgan",4.31807128689725,2.86210444575843
0.0536361329167966,0.385168896925954,"Real","train","MB-GAN","mbgan",4.31807128689725,2.86210444575843
-0.627492140679206,-0.292155340329026,"Real","train","MB-GAN","mbgan",4.31807128689725,2.86210444575843
0.698544168418106,-1.25261859475851,"Real","train","MB-GAN","mbgan",4.31807128689725,2.86210444575843
0.465301263248743,0.0240540057005846,"Real","train","MB-GAN","mbgan",4.31807128689725,2.86210444575843
-0.102779065225956,0.331628711376173,"Real","train","MB-GAN","mbgan",4.31807128689725,2.86210444575843
-0.169521711047375,0.127987199403032,"Real","train","MB-GAN","mbgan",4.31807128689725,2.86210444575843
-0.130037856909764,0.0713234287292723,"Real","train","MB-GAN","mbgan",4.31807128689725,2.86210444575843
-0.0221879535552714,0.240215622422345,"Real","train","MB-GAN","mbgan",4.31807128689725,2.86210444575843
-0.105296138956189,0.15793971260501,"Real","train","MB-GAN","mbgan",4.31807128689725,2.86210444575843
0.584720503717485,0.160410557407348,"Real","train","MB-GAN","mbgan",4.31807128689725,2.86210444575843
0.546640101934257,0.119145457540423,"Real","train","MB-GAN","mbgan",4.31807128689725,2.86210444575843
-0.264340655521494,0.0370868157626722,"Real","train","MB-GAN","mbgan",4.31807128689725,2.86210444575843
0.862458236605651,-1.20050951957086,"Real","train","MB-GAN","mbgan",4.31807128689725,2.86210444575843
-0.496799763016568,-0.0845878957752689,"Real","train","MB-GAN","mbgan",4.31807128689725,2.86210444575843
0.63127312352233,-0.884200260904828,"Real","train","MB-GAN","mbgan",4.31807128689725,2.86210444575843
0.605616219356907,0.373822965545157,"Real","train","MB-GAN","mbgan",4.31807128689725,2.86210444575843
0.0573670310743483,0.260077698967313,"Real","train","MB-GAN","mbgan",4.31807128689725,2.86210444575843
-0.379126420521362,-0.149781795725277,"Real","train","MB-GAN","mbgan",4.31807128689725,2.86210444575843
-0.436817739901275,0.150551479467791,"Real","train","MB-GAN","mbgan",4.31807128689725,2.86210444575843
0.88821646339008,-1.139216748803,"Real","train","MB-GAN","mbgan",4.31807128689725,2.86210444575843
0.478671942009882,0.0051085286067701,"Real","train","MB-GAN","mbgan",4.31807128689725,2.86210444575843
0.540574453942708,0.0678311764051553,"Real","train","MB-GAN","mbgan",4.31807128689725,2.86210444575843
-0.494994211334194,-0.289995092663051,"Real","train","MB-GAN","mbgan",4.31807128689725,2.86210444575843
0.181223033325741,0.513692647496305,"Real","train","MB-GAN","mbgan",4.31807128689725,2.86210444575843
0.499496409085016,0.310043635558784,"Real","train","MB-GAN","mbgan",4.31807128689725,2.86210444575843
-0.133867278061835,0.0952125677944899,"Real","train","MB-GAN","mbgan",4.31807128689725,2.86210444575843
0.547133862309396,-0.505532519422216,"Real","train","MB-GAN","mbgan",4.31807128689725,2.86210444575843
0.56479121734781,0.201631755504904,"Real","train","MB-GAN","mbgan",4.31807128689725,2.86210444575843
-0.483486039919555,-0.132162603609227,"Real","train","MB-GAN","mbgan",4.31807128689725,2.86210444575843
-0.309123628190976,0.062008880181053,"Real","train","MB-GAN","mbgan",4.31807128689725,2.86210444575843
-0.566812156423985,-0.00359174429595221,"Real","train","MB-GAN","mbgan",4.31807128689725,2.86210444575843
-0.00450026670678303,0.237686819998821,"Real","train","MB-GAN","mbgan",4.31807128689725,2.86210444575843
0.687209391179102,-1.09896744772708,"Real","train","MB-GAN","mbgan",4.31807128689725,2.86210444575843
-0.734606353304386,-0.258093942433054,"Real","train","MB-GAN","mbgan",4.31807128689725,2.86210444575843
0.245538359470715,0.278725062944519,"Real","train","MB-GAN","mbgan",4.31807128689725,2.86210444575843
0.410043155570267,0.388011432561224,"Real","train","MB-GAN","mbgan",4.31807128689725,2.86210444575843
0.354362200925378,0.37539780985543,"Real","train","MB-GAN","mbgan",4.31807128689725,2.86210444575843
-0.346311217271532,-0.0905555499640046,"Real","train","MB-GAN","mbgan",4.31807128689725,2.86210444575843
0.680348528180587,0.44432025029203,"Real","train","MB-GAN","mbgan",4.31807128689725,2.86210444575843
-0.329449415803978,0.233677402390792,"Real","train","MB-GAN","mbgan",4.31807128689725,2.86210444575843
0.645801487737833,0.289232697451075,"Real","train","MB-GAN","mbgan",4.31807128689725,2.86210444575843
0.248234052702977,0.531306878958013,"Real","train","MB-GAN","mbgan",4.31807128689725,2.86210444575843
-0.367936681407317,0.171325797932163,"Real","train","MB-GAN","mbgan",4.31807128689725,2.86210444575843
0.20259789427995,0.42687595512516,"Real","train","MB-GAN","mbgan",4.31807128689725,2.86210444575843
0.45576235637685,-0.701412190666923,"Real","train","MB-GAN","mbgan",4.31807128689725,2.86210444575843
0.823067083597186,-0.691111146108637,"Real","train","MB-GAN","mbgan",4.31807128689725,2.86210444575843
0.186785782390666,0.471401809451681,"Real","train","MB-GAN","mbgan",4.31807128689725,2.86210444575843
0.323119211442123,0.499999512105306,"Real","train","MB-GAN","mbgan",4.31807128689725,2.86210444575843
0.361230386671005,0.17027862842632,"Real","train","MB-GAN","mbgan",4.31807128689725,2.86210444575843
0.192778568322565,0.295918850192187,"Real","train","MB-GAN","mbgan",4.31807128689725,2.86210444575843
-0.75818394426015,-0.141728063332049,"Real","train","MB-GAN","mbgan",4.31807128689725,2.86210444575843
0.643790740520131,-0.994996991827382,"Real","train","MB-GAN","mbgan",4.31807128689725,2.86210444575843
-0.377586353740075,0.111371214950614,"Real","train","MB-GAN","mbgan",4.31807128689725,2.86210444575843
-0.528677726947715,0.0401975378103189,"Real","train","MB-GAN","mbgan",4.31807128689725,2.86210444575843
-0.720405325020323,-0.364743481592325,"Real","train","MB-GAN","mbgan",4.31807128689725,2.86210444575843
-0.00294520505691186,0.22961762824336,"Real","train","MB-GAN","mbgan",4.31807128689725,2.86210444575843
0.358923299283353,0.0539955809825144,"Real","train","MB-GAN","mbgan",4.31807128689725,2.86210444575843
0.095909846724947,-0.0265202343711916,"Real","train","MB-GAN","mbgan",4.31807128689725,2.86210444575843
-0.460528219670371,0.197663516365114,"Real","train","MB-GAN","mbgan",4.31807128689725,2.86210444575843
-0.577693809143852,-0.27095722000944,"Real","train","MB-GAN","mbgan",4.31807128689725,2.86210444575843
0.579195435917031,0.20397747354303,"Real","train","MB-GAN","mbgan",4.31807128689725,2.86210444575843
0.318887548639484,0.214616046029289,"Real","train","MB-GAN","mbgan",4.31807128689725,2.86210444575843
-0.590677561353648,-0.362929841152069,"Real","train","MB-GAN","mbgan",4.31807128689725,2.86210444575843
0.468094336375776,0.0543740071352243,"Real","train","MB-GAN","mbgan",4.31807128689725,2.86210444575843
0.251883556292976,0.0870749304322808,"Real","train","MB-GAN","mbgan",4.31807128689725,2.86210444575843
0.27559975318905,0.509356238694234,"Real","train","MB-GAN","mbgan",4.31807128689725,2.86210444575843
0.664380751207707,-1.14059857716811,"Real","train","MB-GAN","mbgan",4.31807128689725,2.86210444575843
0.216985389552504,0.457284653962157,"Real","train","MB-GAN","mbgan",4.31807128689725,2.86210444575843
0.556226474132159,0.10719319978414,"Real","train","MB-GAN","mbgan",4.31807128689725,2.86210444575843
-0.645035959261058,-0.313685409705307,"Real","train","MB-GAN","mbgan",4.31807128689725,2.86210444575843
0.559339993824848,0.113108294993976,"Real","train","MB-GAN","mbgan",4.31807128689725,2.86210444575843
0.726636133450643,-0.899420832764633,"Real","train","MB-GAN","mbgan",4.31807128689725,2.86210444575843
-0.692848922119947,-0.120673677203763,"Real","train","MB-GAN","mbgan",4.31807128689725,2.86210444575843
-0.189127768703933,-0.024896390285717,"Real","train","MB-GAN","mbgan",4.31807128689725,2.86210444575843
-0.172378290168337,0.126101809646685,"Real","train","MB-GAN","mbgan",4.31807128689725,2.86210444575843
-0.374305072601716,-0.0332626000797981,"Real","train","MB-GAN","mbgan",4.31807128689725,2.86210444575843
0.646261244057159,-0.503662302164301,"Real","train","MB-GAN","mbgan",4.31807128689725,2.86210444575843
-0.206782287802483,0.258820234876513,"Real","train","MB-GAN","mbgan",4.31807128689725,2.86210444575843
-0.677602391081904,-0.027864028565227,"Real","train","MB-GAN","mbgan",4.31807128689725,2.86210444575843
0.612892457933219,0.405627961810137,"Real","train","MB-GAN","mbgan",4.31807128689725,2.86210444575843
0.573482225255427,0.3790585050909,"Real","train","MB-GAN","mbgan",4.31807128689725,2.86210444575843
-0.211759302708122,0.122747879385685,"Real","train","MB-GAN","mbgan",4.31807128689725,2.86210444575843
0.581673435900211,-1.05451061326913,"Real","train","MB-GAN","mbgan",4.31807128689725,2.86210444575843
-0.642638307523864,-0.184697698909149,"Real","train","MB-GAN","mbgan",4.31807128689725,2.86210444575843
-0.674457041795938,0.0518509612156998,"Real","train","MB-GAN","mbgan",4.31807128689725,2.86210444575843
-0.0808205726820146,0.177875269392322,"Real","train","MB-GAN","mbgan",4.31807128689725,2.86210444575843
-0.765895098554546,-0.192463535691672,"Real","train","MB-GAN","mbgan",4.31807128689725,2.86210444575843
-0.477120214741565,-0.0336737637454316,"Real","train","MB-GAN","mbgan",4.31807128689725,2.86210444575843
-0.597808910874959,0.00577812459047829,"Real","train","MB-GAN","mbgan",4.31807128689725,2.86210444575843
-0.298172009562664,0.153669751203904,"Real","train","MB-GAN","mbgan",4.31807128689725,2.86210444575843
-0.0151460438392526,0.116930810850534,"Real","train","MB-GAN","mbgan",4.31807128689725,2.86210444575843
0.828260580552221,-1.21102948045649,"Real","train","MB-GAN","mbgan",4.31807128689725,2.86210444575843
-0.689488650356926,-0.259406058564481,"Real","train","MB-GAN","mbgan",4.31807128689725,2.86210444575843
0.340608273017572,-0.26809041574392,"Real","train","MB-GAN","mbgan",4.31807128689725,2.86210444575843
-0.320809719037084,-0.165310033566697,"Real","train","MB-GAN","mbgan",4.31807128689725,2.86210444575843
0.689365777319482,-1.17384732666975,"Real","train","MB-GAN","mbgan",4.31807128689725,2.86210444575843
0.291728284212147,0.500265719319661,"Real","train","MB-GAN","mbgan",4.31807128689725,2.86210444575843
-0.505351510742764,-0.373610208232109,"Real","train","MB-GAN","mbgan",4.31807128689725,2.86210444575843
0.764684774998811,-1.23258742300244,"Real","train","MB-GAN","mbgan",4.31807128689725,2.86210444575843
0.27524590713056,0.489697953065134,"Real","train","MB-GAN","mbgan",4.31807128689725,2.86210444575843
-0.648232120650477,-0.000939404170781333,"Real","train","MB-GAN","mbgan",4.31807128689725,2.86210444575843
0.561128664877993,0.458603800670706,"Real","train","MB-GAN","mbgan",4.31807128689725,2.86210444575843
0.219798690783923,0.133958977307059,"Real","train","MB-GAN","mbgan",4.31807128689725,2.86210444575843
0.349419872906125,0.253527066404265,"Real","train","MB-GAN","mbgan",4.31807128689725,2.86210444575843
-0.760878482467848,-0.269092818536406,"Real","train","MB-GAN","mbgan",4.31807128689725,2.86210444575843
-0.224162724361449,0.0615869656890244,"Real","train","MB-GAN","mbgan",4.31807128689725,2.86210444575843
-0.595373063041316,-0.25524466688759,"Real","train","MB-GAN","mbgan",4.31807128689725,2.86210444575843
-0.691171012974384,-0.10780137868468,"Real","train","MB-GAN","mbgan",4.31807128689725,2.86210444575843
0.722136945647538,0.534173029203593,"Real","train","MB-GAN","mbgan",4.31807128689725,2.86210444575843
0.0104816912131426,0.167968290059292,"Real","train","MB-GAN","mbgan",4.31807128689725,2.86210444575843
-0.54322836516589,-0.0171895258775887,"Real","train","MB-GAN","mbgan",4.31807128689725,2.86210444575843
-0.0862067006704303,0.348939669613863,"Real","train","MB-GAN","mbgan",4.31807128689725,2.86210444575843
-0.329264074127373,0.234397091578288,"Real","train","MB-GAN","mbgan",4.31807128689725,2.86210444575843
-0.25464207982695,0.169515203903192,"Real","train","MB-GAN","mbgan",4.31807128689725,2.86210444575843
-0.500912427400556,-0.0405325663280514,"Real","train","MB-GAN","mbgan",4.31807128689725,2.86210444575843
0.559233583019418,0.13565836128987,"Real","train","MB-GAN","mbgan",4.31807128689725,2.86210444575843
-0.10027081572124,0.180584953085541,"Real","train","MB-GAN","mbgan",4.31807128689725,2.86210444575843
0.297389364705557,0.554721695917158,"Real","train","MB-GAN","mbgan",4.31807128689725,2.86210444575843
0.0480070863701934,0.193557757942372,"Real","train","MB-GAN","mbgan",4.31807128689725,2.86210444575843
-0.223711064663834,0.0385942818000586,"Real","train","MB-GAN","mbgan",4.31807128689725,2.86210444575843
0.353925667401294,0.00614433175310787,"Real","train","MB-GAN","mbgan",4.31807128689725,2.86210444575843
-0.655918736476816,-0.310952100672616,"Real","train","MB-GAN","mbgan",4.31807128689725,2.86210444575843
0.657719060637627,0.447166991463664,"Real","train","MB-GAN","mbgan",4.31807128689725,2.86210444575843
0.449223658707689,0.134203381413116,"Real","train","MB-GAN","mbgan",4.31807128689725,2.86210444575843
0.416123207675352,0.0599091382089385,"Real","train","MB-GAN","mbgan",4.31807128689725,2.86210444575843
0.622572589655605,0.31133474090533,"Real","train","MB-GAN","mbgan",4.31807128689725,2.86210444575843
0.16242663806041,0.312860670768521,"Real","train","MB-GAN","mbgan",4.31807128689725,2.86210444575843
-0.685802219599575,-0.329289364186799,"Real","train","MB-GAN","mbgan",4.31807128689725,2.86210444575843
0.636724472541894,0.255566556297541,"Real","train","MB-GAN","mbgan",4.31807128689725,2.86210444575843
0.337263831504567,0.200148708163366,"Real","train","MB-GAN","mbgan",4.31807128689725,2.86210444575843
-0.310604077501376,0.0413454163915015,"Real","train","MB-GAN","mbgan",4.31807128689725,2.86210444575843
-0.172774171246796,0.264822407396413,"Real","train","MB-GAN","mbgan",4.31807128689725,2.86210444575843
0.786799209645889,-1.03172006218654,"Real","train","MB-GAN","mbgan",4.31807128689725,2.86210444575843
-0.00936370073391493,0.082926418058073,"Real","train","MB-GAN","mbgan",4.31807128689725,2.86210444575843
0.379283139818606,0.649360653669966,"Real","train","MB-GAN","mbgan",4.31807128689725,2.86210444575843
0.897860220764891,-0.918565131220088,"Real","train","MB-GAN","mbgan",4.31807128689725,2.86210444575843
0.628866291204275,-1.09253949103801,"Real","train","MB-GAN","mbgan",4.31807128689725,2.86210444575843
-0.211904146438216,0.233423359336418,"Real","train","MB-GAN","mbgan",4.31807128689725,2.86210444575843
0.0436727339034196,0.0899581130615659,"Real","train","MB-GAN","mbgan",4.31807128689725,2.86210444575843
0.632292296974116,0.19927514145622,"Real","train","MB-GAN","mbgan",4.31807128689725,2.86210444575843
0.0511478849674383,0.0502519538216428,"Real","train","MB-GAN","mbgan",4.31807128689725,2.86210444575843
0.33165796631553,0.408251507146976,"Real","train","MB-GAN","mbgan",4.31807128689725,2.86210444575843
-0.42854643347847,-0.0618371146138004,"Real","train","MB-GAN","mbgan",4.31807128689725,2.86210444575843
-0.462312149537309,0.0768972207130844,"Real","train","MB-GAN","mbgan",4.31807128689725,2.86210444575843
0.289595487918529,0.255520808602112,"Real","train","MB-GAN","mbgan",4.31807128689725,2.86210444575843
0.00516443782691813,0.230953822648258,"Real","train","MB-GAN","mbgan",4.31807128689725,2.86210444575843
0.291967843370996,0.502312734185586,"Real","train","MB-GAN","mbgan",4.31807128689725,2.86210444575843
0.630466123632879,0.241772834913729,"Real","train","MB-GAN","mbgan",4.31807128689725,2.86210444575843
0.499371678335714,0.302282174600009,"Real","train","MB-GAN","mbgan",4.31807128689725,2.86210444575843
-0.318505740866306,0.0760704050957371,"Real","train","MB-GAN","mbgan",4.31807128689725,2.86210444575843
0.382460449677216,0.505390489173813,"Real","train","MB-GAN","mbgan",4.31807128689725,2.86210444575843
0.64294890908206,-0.559529107521651,"Real","train","MB-GAN","mbgan",4.31807128689725,2.86210444575843
-0.0232719765009932,0.249049775213111,"Real","train","MB-GAN","mbgan",4.31807128689725,2.86210444575843
0.484838506918865,0.204853379085001,"Real","train","MB-GAN","mbgan",4.31807128689725,2.86210444575843
0.133988849666488,0.197751342519733,"Real","train","MB-GAN","mbgan",4.31807128689725,2.86210444575843
-0.473651414880414,0.123588156216518,"Real","train","MB-GAN","mbgan",4.31807128689725,2.86210444575843
0.126014503090437,0.456051734472595,"Real","train","MB-GAN","mbgan",4.31807128689725,2.86210444575843
-0.652225174399943,-0.180984131185744,"Real","train","MB-GAN","mbgan",4.31807128689725,2.86210444575843
0.0700689302941756,0.25019276596225,"Real","train","MB-GAN","mbgan",4.31807128689725,2.86210444575843
-0.539452946158673,-0.0187283375878065,"Real","train","MB-GAN","mbgan",4.31807128689725,2.86210444575843
0.47177995900819,0.0639427388380114,"Real","train","MB-GAN","mbgan",4.31807128689725,2.86210444575843
-0.459024453444107,0.00539616105117688,"Real","train","MB-GAN","mbgan",4.31807128689725,2.86210444575843
-0.0286916561567787,0.0484008408032502,"Real","train","MB-GAN","mbgan",4.31807128689725,2.86210444575843
-0.537526380544578,-0.102100429046957,"Real","train","MB-GAN","mbgan",4.31807128689725,2.86210444575843
-0.522259885169813,-0.174469152046349,"Real","train","MB-GAN","mbgan",4.31807128689725,2.86210444575843
0.327601245954016,0.62992888268951,"Real","train","MB-GAN","mbgan",4.31807128689725,2.86210444575843
0.44612208397306,0.362427698288877,"Real","train","MB-GAN","mbgan",4.31807128689725,2.86210444575843
0.278317626558347,0.530963032484771,"Real","train","MB-GAN","mbgan",4.31807128689725,2.86210444575843
-0.00668875830459827,0.242276576148214,"Real","train","MB-GAN","mbgan",4.31807128689725,2.86210444575843
-0.595509473919562,0.0269552465190091,"Real","train","MB-GAN","mbgan",4.31807128689725,2.86210444575843
0.0439486552712512,0.296686941303584,"Real","train","MB-GAN","mbgan",4.31807128689725,2.86210444575843
0.691394075198285,-1.06382742656233,"Real","train","MB-GAN","mbgan",4.31807128689725,2.86210444575843
0.108529439931985,0.240461272322578,"Real","train","MB-GAN","mbgan",4.31807128689725,2.86210444575843
0.454115799938382,-0.148284129296078,"Real","train","MB-GAN","mbgan",4.31807128689725,2.86210444575843
-0.518812716365186,-0.378235791393714,"Real","train","MB-GAN","mbgan",4.31807128689725,2.86210444575843
0.43735835632724,-0.971627276532108,"Real","train","MB-GAN","mbgan",4.31807128689725,2.86210444575843
0.409401850376628,0.437414554408764,"Real","train","MB-GAN","mbgan",4.31807128689725,2.86210444575843
0.557590757159866,0.0910891675097532,"Real","train","MB-GAN","mbgan",4.31807128689725,2.86210444575843
0.231224809998965,0.0723492071374788,"Real","train","MB-GAN","mbgan",4.31807128689725,2.86210444575843
-0.266853612268836,-0.0335492042166114,"Real","train","MB-GAN","mbgan",4.31807128689725,2.86210444575843
0.63240038081252,0.422434854628641,"Real","train","MB-GAN","mbgan",4.31807128689725,2.86210444575843
-0.458892288251056,0.0701976918514508,"Real","train","MB-GAN","mbgan",4.31807128689725,2.86210444575843
0.115685550281622,0.4842246981369,"Real","train","MB-GAN","mbgan",4.31807128689725,2.86210444575843
0.0436485359564161,0.0858170594030105,"Real","train","MB-GAN","mbgan",4.31807128689725,2.86210444575843
-0.149936520365132,0.290113459113008,"Real","train","MB-GAN","mbgan",4.31807128689725,2.86210444575843
0.92290342441727,-1.19708959571313,"Real","train","MB-GAN","mbgan",4.31807128689725,2.86210444575843
0.0418036981332986,0.200164437806793,"Real","train","MB-GAN","mbgan",4.31807128689725,2.86210444575843
0.366622715286005,0.0273832690106734,"Real","train","MB-GAN","mbgan",4.31807128689725,2.86210444575843
0.243974357351558,0.162796521357321,"Real","train","MB-GAN","mbgan",4.31807128689725,2.86210444575843
0.138421358530288,0.25030386548066,"Real","train","MB-GAN","mbgan",4.31807128689725,2.86210444575843
-0.554511763653516,0.145833647272111,"Real","train","MB-GAN","mbgan",4.31807128689725,2.86210444575843
-0.587579704628761,-0.322157028224023,"Real","train","MB-GAN","mbgan",4.31807128689725,2.86210444575843
0.0825133582435656,0.119604379173317,"Real","train","MB-GAN","mbgan",4.31807128689725,2.86210444575843
-0.319311502804114,0.141445281685631,"Real","train","MB-GAN","mbgan",4.31807128689725,2.86210444575843
0.182290963125834,0.275978234451618,"Real","train","MB-GAN","mbgan",4.31807128689725,2.86210444575843
-0.629159389661573,-0.012939733448372,"Real","train","MB-GAN","mbgan",4.31807128689725,2.86210444575843
-0.808527962636781,-0.222160175890139,"Real","train","MB-GAN","mbgan",4.31807128689725,2.86210444575843
-0.363980745331376,-0.097854624661413,"Real","train","MB-GAN","mbgan",4.31807128689725,2.86210444575843
-0.592795020283285,-0.324833293881446,"Real","train","MB-GAN","mbgan",4.31807128689725,2.86210444575843
0.321149172600751,0.143385612771404,"Real","train","MB-GAN","mbgan",4.31807128689725,2.86210444575843
0.536074828455958,0.295208825869383,"Real","train","MB-GAN","mbgan",4.31807128689725,2.86210444575843
0.724955350377972,-1.11766144130798,"Real","train","MB-GAN","mbgan",4.31807128689725,2.86210444575843
0.228567655212319,0.60934448152635,"Real","train","MB-GAN","mbgan",4.31807128689725,2.86210444575843
0.829901496128985,-1.15548186782088,"Real","train","MB-GAN","mbgan",4.31807128689725,2.86210444575843
0.407487736654965,0.327846785428326,"Real","train","MB-GAN","mbgan",4.31807128689725,2.86210444575843
-0.338567733798526,-0.205519910220866,"Real","train","MB-GAN","mbgan",4.31807128689725,2.86210444575843
-0.0498317065114226,0.0880893388818175,"Real","train","MB-GAN","mbgan",4.31807128689725,2.86210444575843
0.614765543735122,-0.984425140095235,"Real","train","MB-GAN","mbgan",4.31807128689725,2.86210444575843
-0.325576696036766,-0.254651871773482,"Real","train","MB-GAN","mbgan",4.31807128689725,2.86210444575843
0.543547477586687,0.360407811082752,"Real","train","MB-GAN","mbgan",4.31807128689725,2.86210444575843
-0.172114924432428,-0.0734278251337087,"Real","train","MB-GAN","mbgan",4.31807128689725,2.86210444575843
0.888991653026251,-1.12783817233705,"Real","train","MB-GAN","mbgan",4.31807128689725,2.86210444575843
0.640293491381079,0.291375492385891,"Real","train","MB-GAN","mbgan",4.31807128689725,2.86210444575843
0.838105644699702,-1.20451625943942,"Real","train","MB-GAN","mbgan",4.31807128689725,2.86210444575843
-0.219980969093467,0.0312640577670958,"Real","train","MB-GAN","mbgan",4.31807128689725,2.86210444575843
0.578466197382004,0.119750953379208,"Real","train","MB-GAN","mbgan",4.31807128689725,2.86210444575843
-0.499251033199263,-0.0421122676926189,"Real","train","MB-GAN","mbgan",4.31807128689725,2.86210444575843
0.629923994997461,0.246657033574036,"Real","train","MB-GAN","mbgan",4.31807128689725,2.86210444575843
0.107086382957337,0.32501083768779,"Real","train","MB-GAN","mbgan",4.31807128689725,2.86210444575843
0.19803078649354,0.272729072617144,"Real","train","MB-GAN","mbgan",4.31807128689725,2.86210444575843
-0.390157161498343,0.159588207035468,"Real","train","MB-GAN","mbgan",4.31807128689725,2.86210444575843
-0.394103841869636,0.116114057563995,"Real","train","MB-GAN","mbgan",4.31807128689725,2.86210444575843
0.282688933773383,0.525906258307699,"Real","train","MB-GAN","mbgan",4.31807128689725,2.86210444575843
0.354772761169828,0.618545379710661,"Real","train","MB-GAN","mbgan",4.31807128689725,2.86210444575843
-0.30214487661835,0.0508147098552698,"Real","train","MB-GAN","mbgan",4.31807128689725,2.86210444575843
0.613546299643052,0.280796457259456,"Real","train","MB-GAN","mbgan",4.31807128689725,2.86210444575843
-0.624633413758795,-0.16539292320364,"Real","train","MB-GAN","mbgan",4.31807128689725,2.86210444575843
-0.738518084919753,-0.194612843817969,"Real","train","MB-GAN","mbgan",4.31807128689725,2.86210444575843
0.165660790194142,0.30309427755859,"Real","train","MB-GAN","mbgan",4.31807128689725,2.86210444575843
0.613191968372121,0.384535166554335,"Real","train","MB-GAN","mbgan",4.31807128689725,2.86210444575843
-0.738295458132019,-0.106177730452411,"Real","train","MB-GAN","mbgan",4.31807128689725,2.86210444575843
0.458971439875202,-1.12957569754823,"Real","train","MB-GAN","mbgan",4.31807128689725,2.86210444575843
-0.48434250406334,-0.150466349915141,"Real","train","MB-GAN","mbgan",4.31807128689725,2.86210444575843
0.492740938096111,-0.52020547763404,"Real","train","MB-GAN","mbgan",4.31807128689725,2.86210444575843
0.0525407230666514,0.444879571583036,"Real","train","MB-GAN","mbgan",4.31807128689725,2.86210444575843
0.1009105777445,0.326971995672617,"Real","train","MB-GAN","mbgan",4.31807128689725,2.86210444575843
-0.0947768127253674,0.279808176478775,"Real","train","MB-GAN","mbgan",4.31807128689725,2.86210444575843
0.394976883454408,-0.0389641804163905,"Real","train","MB-GAN","mbgan",4.31807128689725,2.86210444575843
0.868311805310266,-1.12782246159814,"Real","train","MB-GAN","mbgan",4.31807128689725,2.86210444575843
0.0727548463086376,0.143506422813522,"Real","train","MB-GAN","mbgan",4.31807128689725,2.86210444575843
-0.608735662346726,-0.363833673176298,"Real","train","MB-GAN","mbgan",4.31807128689725,2.86210444575843
-0.405969268686014,0.127655822905383,"Real","train","MB-GAN","mbgan",4.31807128689725,2.86210444575843
-0.588933451398671,-0.293097446266508,"Real","train","MB-GAN","mbgan",4.31807128689725,2.86210444575843
0.658902663555842,0.299682650823498,"Real","train","MB-GAN","mbgan",4.31807128689725,2.86210444575843
0.393369183341998,0.49173063352308,"Real","train","MB-GAN","mbgan",4.31807128689725,2.86210444575843
0.669580641249883,-1.14933142253285,"Real","train","MB-GAN","mbgan",4.31807128689725,2.86210444575843
0.196231238387602,0.167246724942833,"Real","train","MB-GAN","mbgan",4.31807128689725,2.86210444575843
-0.533202772099491,-0.0696997612678012,"Real","train","MB-GAN","mbgan",4.31807128689725,2.86210444575843
-0.55534864055842,-0.0807980906033377,"Real","train","MB-GAN","mbgan",4.31807128689725,2.86210444575843
0.542151551817975,0.098527037511383,"Real","train","MB-GAN","mbgan",4.31807128689725,2.86210444575843
0.833235175772456,-0.849963721209756,"Real","train","MB-GAN","mbgan",4.31807128689725,2.86210444575843
0.293499910654191,0.445422313835761,"Real","train","MB-GAN","mbgan",4.31807128689725,2.86210444575843
-0.217182144601916,0.144654430992404,"Real","train","MB-GAN","mbgan",4.31807128689725,2.86210444575843
0.296583426027337,0.0635546936303122,"Real","train","MB-GAN","mbgan",4.31807128689725,2.86210444575843
0.399545831231932,-0.038354424596087,"Real","train","MB-GAN","mbgan",4.31807128689725,2.86210444575843
-0.555795331977945,-0.0201122915229553,"Real","train","MB-GAN","mbgan",4.31807128689725,2.86210444575843
0.620112522770041,0.410491693451418,"Real","train","MB-GAN","mbgan",4.31807128689725,2.86210444575843
0.157751696579286,-0.204537949649057,"Real","train","MB-GAN","mbgan",4.31807128689725,2.86210444575843
0.37524302701304,-0.017710233629153,"Real","train","MB-GAN","mbgan",4.31807128689725,2.86210444575843
-0.413664066318914,-0.243116522951987,"Real","train","MB-GAN","mbgan",4.31807128689725,2.86210444575843
0.0113324047905078,0.152948823458864,"Real","train","MB-GAN","mbgan",4.31807128689725,2.86210444575843
-0.403266377556959,-0.113597294834169,"Real","train","MB-GAN","mbgan",4.31807128689725,2.86210444575843
-0.484458601866459,0.156234339779739,"Real","train","MB-GAN","mbgan",4.31807128689725,2.86210444575843
-0.795594156877955,-0.0686376622286498,"Real","train","MB-GAN","mbgan",4.31807128689725,2.86210444575843
0.116249035774393,0.207346461118095,"Real","train","MB-GAN","mbgan",4.31807128689725,2.86210444575843
0.233363794526356,0.433693199149524,"Real","train","MB-GAN","mbgan",4.31807128689725,2.86210444575843
-0.421005959262738,0.147158997344641,"Real","train","MB-GAN","mbgan",4.31807128689725,2.86210444575843
0.388317758300878,0.292399400339785,"Real","train","MB-GAN","mbgan",4.31807128689725,2.86210444575843
-0.449762273561491,-0.0186802223240039,"Real","train","MB-GAN","mbgan",4.31807128689725,2.86210444575843
-0.479222570813168,-0.0506002067164174,"Real","train","MB-GAN","mbgan",4.31807128689725,2.86210444575843
-0.157703776838787,0.0167386954686586,"Real","train","MB-GAN","mbgan",4.31807128689725,2.86210444575843
-0.655204957232793,-0.501093385318186,"Real","train","MB-GAN","mbgan",4.31807128689725,2.86210444575843
0.801823942469479,-1.20074877089383,"Real","train","MB-GAN","mbgan",4.31807128689725,2.86210444575843
-0.765376045619839,-0.0124469358423742,"Real","train","MB-GAN","mbgan",4.31807128689725,2.86210444575843
-0.447992586643959,0.00739842241236344,"Real","train","MB-GAN","mbgan",4.31807128689725,2.86210444575843
-0.446753149276376,0.181631372127408,"Real","train","MB-GAN","mbgan",4.31807128689725,2.86210444575843
-0.289603590207966,-0.00524937723670525,"Real","train","MB-GAN","mbgan",4.31807128689725,2.86210444575843
0.212925914546651,-0.181440110272823,"Real","train","MB-GAN","mbgan",4.31807128689725,2.86210444575843
-0.482887900439876,0.0523432555176759,"Real","train","MB-GAN","mbgan",4.31807128689725,2.86210444575843
0.600858811243031,0.248812520475852,"Real","train","MB-GAN","mbgan",4.31807128689725,2.86210444575843
0.194166404946526,0.211298727619625,"Real","train","MB-GAN","mbgan",4.31807128689725,2.86210444575843
0.430846641965453,0.374959930040712,"Real","train","MB-GAN","mbgan",4.31807128689725,2.86210444575843
0.107664999159279,0.345611948775359,"Real","train","MB-GAN","mbgan",4.31807128689725,2.86210444575843
-0.596376044435619,-0.074297596711982,"Real","train","MB-GAN","mbgan",4.31807128689725,2.86210444575843
-0.38934548395453,0.239088251637572,"Real","train","MB-GAN","mbgan",4.31807128689725,2.86210444575843
0.307548367756692,0.598446676808926,"Real","train","MB-GAN","mbgan",4.31807128689725,2.86210444575843
-0.536997068920379,-0.0911180861278993,"Real","train","MB-GAN","mbgan",4.31807128689725,2.86210444575843
0.180434192295538,0.138846447413026,"Real","train","MB-GAN","mbgan",4.31807128689725,2.86210444575843
0.708757165855739,0.510378344552131,"Real","train","MB-GAN","mbgan",4.31807128689725,2.86210444575843
0.518621149727039,0.307989868795359,"Real","train","MB-GAN","mbgan",4.31807128689725,2.86210444575843
-0.561757125815071,-0.422590465429791,"Real","train","MB-GAN","mbgan",4.31807128689725,2.86210444575843
-0.0193239828349517,0.449103766406707,"Real","train","MB-GAN","mbgan",4.31807128689725,2.86210444575843
-0.0679750447682402,0.308149494917438,"Real","train","MB-GAN","mbgan",4.31807128689725,2.86210444575843
0.388167166141004,0.304406574815535,"Real","train","MB-GAN","mbgan",4.31807128689725,2.86210444575843
0.831213178224135,-1.1516680187191,"Real","train","MB-GAN","mbgan",4.31807128689725,2.86210444575843
0.182946096552451,0.077258540208914,"Real","train","MB-GAN","mbgan",4.31807128689725,2.86210444575843
-0.297162809649248,-0.0388946146717408,"Real","train","MB-GAN","mbgan",4.31807128689725,2.86210444575843
0.070258916728855,0.195408706860499,"Real","train","MB-GAN","mbgan",4.31807128689725,2.86210444575843
0.334178611236397,0.263098594293462,"Real","train","MB-GAN","mbgan",4.31807128689725,2.86210444575843
-0.60638776990649,-0.265186499936879,"Real","train","MB-GAN","mbgan",4.31807128689725,2.86210444575843
0.625974393920185,0.407085859108747,"Real","train","MB-GAN","mbgan",4.31807128689725,2.86210444575843
0.673575944113723,0.48097714932077,"Real","train","MB-GAN","mbgan",4.31807128689725,2.86210444575843
0.356069146130457,0.464613745845477,"Real","train","MB-GAN","mbgan",4.31807128689725,2.86210444575843
0.354640952951753,0.0873917658438421,"Real","train","MB-GAN","mbgan",4.31807128689725,2.86210444575843
0.642482005541867,-1.06893377387815,"Real","train","MB-GAN","mbgan",4.31807128689725,2.86210444575843
0.786827088622064,-1.13710697167307,"Real","train","MB-GAN","mbgan",4.31807128689725,2.86210444575843
0.498834524511268,0.0424423256066712,"Real","train","MB-GAN","mbgan",4.31807128689725,2.86210444575843
0.606049985989685,0.311534716588914,"Real","train","MB-GAN","mbgan",4.31807128689725,2.86210444575843
0.213526619282891,0.465925923046428,"Real","train","MB-GAN","mbgan",4.31807128689725,2.86210444575843
0.500324486504047,0.433714495970438,"Real","train","MB-GAN","mbgan",4.31807128689725,2.86210444575843
-0.103190176917418,0.320671457476601,"Real","train","MB-GAN","mbgan",4.31807128689725,2.86210444575843
-0.683361054067835,-0.380950519647647,"Real","train","MB-GAN","mbgan",4.31807128689725,2.86210444575843
0.590317158072925,0.142649600784983,"Real","train","MB-GAN","mbgan",4.31807128689725,2.86210444575843
-0.67685602334473,-0.355988220520516,"Real","train","MB-GAN","mbgan",4.31807128689725,2.86210444575843
0.464684750774673,0.334494976004128,"Real","train","MB-GAN","mbgan",4.31807128689725,2.86210444575843
0.154868974094403,0.086115222730904,"Real","train","MB-GAN","mbgan",4.31807128689725,2.86210444575843
0.57383333543119,-0.282268364655337,"Real","train","MB-GAN","mbgan",4.31807128689725,2.86210444575843
-0.746926835032501,-0.355954368010277,"Real","train","MB-GAN","mbgan",4.31807128689725,2.86210444575843
-0.177375845626893,0.0147992214024181,"Real","train","MB-GAN","mbgan",4.31807128689725,2.86210444575843
-0.526173133144123,0.120898135452054,"Real","train","MB-GAN","mbgan",4.31807128689725,2.86210444575843
0.565056193665437,0.294898664355599,"Real","train","MB-GAN","mbgan",4.31807128689725,2.86210444575843
-0.306304442707019,-0.196474026253902,"Real","train","MB-GAN","mbgan",4.31807128689725,2.86210444575843
0.121665269169552,0.059894846679021,"Real","train","MB-GAN","mbgan",4.31807128689725,2.86210444575843
0.41346058294766,0.413832578991713,"Real","train","MB-GAN","mbgan",4.31807128689725,2.86210444575843
0.979326103425978,-0.820524337725027,"Real","train","MB-GAN","mbgan",4.31807128689725,2.86210444575843
0.143500782669263,-0.64663673978548,"Real","train","MB-GAN","mbgan",4.31807128689725,2.86210444575843
-0.61978548781345,-0.316557629914373,"Real","train","MB-GAN","mbgan",4.31807128689725,2.86210444575843
0.833365182390006,-1.14766367457726,"Real","train","MB-GAN","mbgan",4.31807128689725,2.86210444575843
0.592687060185544,0.245952853386877,"Real","train","MB-GAN","mbgan",4.31807128689725,2.86210444575843
-0.0061106891041322,-0.324644089709022,"Real","train","MB-GAN","mbgan",4.31807128689725,2.86210444575843
0.177003016810638,0.198520524805541,"Real","train","MB-GAN","mbgan",4.31807128689725,2.86210444575843
-0.795051860202909,-0.308759071009922,"Real","train","MB-GAN","mbgan",4.31807128689725,2.86210444575843
-0.320482375061006,-0.185380836780152,"Real","train","MB-GAN","mbgan",4.31807128689725,2.86210444575843
-0.54422581660631,0.108966697392404,"Real","train","MB-GAN","mbgan",4.31807128689725,2.86210444575843
0.00320808212557516,0.0602599855343999,"Real","train","MB-GAN","mbgan",4.31807128689725,2.86210444575843
-0.261645098724952,0.0430702536895454,"Real","train","MB-GAN","mbgan",4.31807128689725,2.86210444575843
-0.81175667465473,-0.177591530704914,"Real","train","MB-GAN","mbgan",4.31807128689725,2.86210444575843
0.551234567051712,0.514934702680285,"Real","train","MB-GAN","mbgan",4.31807128689725,2.86210444575843
0.17434757495626,0.497108010640064,"Real","train","MB-GAN","mbgan",4.31807128689725,2.86210444575843
0.419761039401237,0.380580875276737,"Real","train","MB-GAN","mbgan",4.31807128689725,2.86210444575843
0.377616109089442,0.388919457218065,"Real","train","MB-GAN","mbgan",4.31807128689725,2.86210444575843
-0.646233863819458,-0.44308561048685,"Real","train","MB-GAN","mbgan",4.31807128689725,2.86210444575843
-0.156143754688346,-0.106441350746448,"Real","train","MB-GAN","mbgan",4.31807128689725,2.86210444575843
-0.645108574020178,-0.0385746537523862,"Real","train","MB-GAN","mbgan",4.31807128689725,2.86210444575843
0.0660726294509852,0.26878396762848,"Real","train","MB-GAN","mbgan",4.31807128689725,2.86210444575843
0.54165210619084,0.0956350279278663,"Real","train","MB-GAN","mbgan",4.31807128689725,2.86210444575843
0.557357002185973,0.47177003411822,"Real","train","MB-GAN","mbgan",4.31807128689725,2.86210444575843
-0.673902305958284,0.0100292019429632,"Real","train","MB-GAN","mbgan",4.31807128689725,2.86210444575843
0.43484687795048,0.367686630096285,"Real","train","MB-GAN","mbgan",4.31807128689725,2.86210444575843
0.386275173270903,0.564075703998002,"Real","train","MB-GAN","mbgan",4.31807128689725,2.86210444575843
0.342084032598479,0.38802819904066,"Real","train","MB-GAN","mbgan",4.31807128689725,2.86210444575843
0.12465102251941,0.460890106261026,"Real","train","MB-GAN","mbgan",4.31807128689725,2.86210444575843
-0.269960754572048,-0.121917471096479,"Real","train","MB-GAN","mbgan",4.31807128689725,2.86210444575843
-0.648351216382914,-0.137894285259192,"Real","train","MB-GAN","mbgan",4.31807128689725,2.86210444575843
0.446631382012703,0.471408464146893,"Real","train","MB-GAN","mbgan",4.31807128689725,2.86210444575843
-0.163284371800716,0.311958700154357,"Real","train","MB-GAN","mbgan",4.31807128689725,2.86210444575843
-0.498806361609951,0.157626872313484,"Real","train","MB-GAN","mbgan",4.31807128689725,2.86210444575843
0.532273330179517,0.192972030117891,"Real","train","MB-GAN","mbgan",4.31807128689725,2.86210444575843
0.535056935399899,0.44412757487555,"Real","train","MB-GAN","mbgan",4.31807128689725,2.86210444575843
0.387192285375135,0.351356906990003,"Real","train","MB-GAN","mbgan",4.31807128689725,2.86210444575843
0.367982050678228,0.188582254189769,"Real","train","MB-GAN","mbgan",4.31807128689725,2.86210444575843
0.0966560747446425,0.549549933817057,"Real","train","MB-GAN","mbgan",4.31807128689725,2.86210444575843
0.326246618094255,0.509648923004037,"Real","train","MB-GAN","mbgan",4.31807128689725,2.86210444575843
-0.0748256824185165,0.03570196336477,"Real","train","MB-GAN","mbgan",4.31807128689725,2.86210444575843
-0.483845422584486,0.101127731399813,"Real","train","MB-GAN","mbgan",4.31807128689725,2.86210444575843
-0.749585525564595,-0.214712526555234,"Real","train","MB-GAN","mbgan",4.31807128689725,2.86210444575843
-0.510006591818259,-0.0339733145615575,"Real","train","MB-GAN","mbgan",4.31807128689725,2.86210444575843
0.183401373122303,0.487523574381304,"Real","train","MB-GAN","mbgan",4.31807128689725,2.86210444575843
0.0848424552716432,0.0659793470672627,"Real","train","MB-GAN","mbgan",4.31807128689725,2.86210444575843
-0.711357717712038,-0.121107439606095,"Real","train","MB-GAN","mbgan",4.31807128689725,2.86210444575843
0.472813693065051,0.171593834175458,"Real","train","MB-GAN","mbgan",4.31807128689725,2.86210444575843
0.932690682997054,-1.17325157392437,"Real","train","MB-GAN","mbgan",4.31807128689725,2.86210444575843
-0.196192963728532,0.109094696148127,"Real","train","MB-GAN","mbgan",4.31807128689725,2.86210444575843
0.236437910457859,0.566744027414591,"Real","train","MB-GAN","mbgan",4.31807128689725,2.86210444575843
0.169218207302004,0.282227158611728,"Real","train","MB-GAN","mbgan",4.31807128689725,2.86210444575843
-0.354101873084575,0.206351619252565,"Real","train","MB-GAN","mbgan",4.31807128689725,2.86210444575843
-0.703576162975214,0.0803944780094166,"Real","train","MB-GAN","mbgan",4.31807128689725,2.86210444575843
-0.409532158504064,-0.0884219870776087,"Real","train","MB-GAN","mbgan",4.31807128689725,2.86210444575843
0.477423990359552,0.136768408636047,"Real","train","MB-GAN","mbgan",4.31807128689725,2.86210444575843
0.189458987643066,0.173002150474777,"Real","train","MB-GAN","mbgan",4.31807128689725,2.86210444575843
1.01755439633206,-0.919802963136869,"Real","train","MB-GAN","mbgan",4.31807128689725,2.86210444575843
0.0694451846451337,0.243190214019393,"Real","train","MB-GAN","mbgan",4.31807128689725,2.86210444575843
-0.643424327250662,-0.092685490752382,"Real","train","MB-GAN","mbgan",4.31807128689725,2.86210444575843
-0.622098856913196,-0.284148177255911,"Real","train","MB-GAN","mbgan",4.31807128689725,2.86210444575843
0.341326179918001,0.17331562020962,"Real","train","MB-GAN","mbgan",4.31807128689725,2.86210444575843
-0.359837567557458,-0.00814038916120985,"Real","train","MB-GAN","mbgan",4.31807128689725,2.86210444575843
-0.702485623241072,-0.188525400938264,"Real","train","MB-GAN","mbgan",4.31807128689725,2.86210444575843
0.537597053553191,0.140803337904083,"Real","train","MB-GAN","mbgan",4.31807128689725,2.86210444575843
0.574006327611622,-1.07290671480615,"Real","train","MB-GAN","mbgan",4.31807128689725,2.86210444575843
0.750942934043883,-1.18818762408119,"Real","train","MB-GAN","mbgan",4.31807128689725,2.86210444575843
-0.788021260934646,-0.176398581719976,"Real","train","MB-GAN","mbgan",4.31807128689725,2.86210444575843
0.468346087681944,0.0502979537938767,"Real","train","MB-GAN","mbgan",4.31807128689725,2.86210444575843
0.735663411885095,-1.10188573019087,"Real","train","MB-GAN","mbgan",4.31807128689725,2.86210444575843
-0.586344483096244,-0.0668804060564588,"Real","train","MB-GAN","mbgan",4.31807128689725,2.86210444575843
-0.250106053893553,-0.443456751670878,"Real","train","MB-GAN","mbgan",4.31807128689725,2.86210444575843
-0.206543676174667,-0.0278185197356805,"Real","train","MB-GAN","mbgan",4.31807128689725,2.86210444575843
0.520542815259664,0.0650349593699648,"Real","train","MB-GAN","mbgan",4.31807128689725,2.86210444575843
-0.633028127887093,-0.208695191082395,"Real","train","MB-GAN","mbgan",4.31807128689725,2.86210444575843
0.289147483814932,0.4287760257625,"Real","train","MB-GAN","mbgan",4.31807128689725,2.86210444575843
0.534072890180492,0.436194399584697,"Real","train","MB-GAN","mbgan",4.31807128689725,2.86210444575843
0.534108524290334,0.0689456624676529,"Real","train","MB-GAN","mbgan",4.31807128689725,2.86210444575843
-0.245931586655428,0.179570996159545,"Real","train","MB-GAN","mbgan",4.31807128689725,2.86210444575843
0.182094063192826,0.469261447152598,"Real","train","MB-GAN","mbgan",4.31807128689725,2.86210444575843
0.162704747408848,0.364901765894358,"Real","train","MB-GAN","mbgan",4.31807128689725,2.86210444575843
-0.575634252806945,-0.0979657672576358,"Real","train","MB-GAN","mbgan",4.31807128689725,2.86210444575843
0.0945459427240592,0.267883533016312,"Real","train","MB-GAN","mbgan",4.31807128689725,2.86210444575843
0.188371946443224,0.147821735991883,"Real","train","MB-GAN","mbgan",4.31807128689725,2.86210444575843
-0.155918497350194,0.0565584018855467,"Real","train","MB-GAN","mbgan",4.31807128689725,2.86210444575843
0.14796035105886,0.159516475174932,"Real","train","MB-GAN","mbgan",4.31807128689725,2.86210444575843
0.307247724664397,-0.137709630442859,"Real","train","MB-GAN","mbgan",4.31807128689725,2.86210444575843
-0.800513485684751,-0.178247176213361,"Real","train","MB-GAN","mbgan",4.31807128689725,2.86210444575843
0.293822818162179,-0.155686809604837,"Real","train","MB-GAN","mbgan",4.31807128689725,2.86210444575843
0.361185881333411,0.0157027256236386,"Real","train","MB-GAN","mbgan",4.31807128689725,2.86210444575843
-0.401461024138561,0.146912173271534,"Real","train","MB-GAN","mbgan",4.31807128689725,2.86210444575843
0.000424952032168193,0.190416610953937,"Real","train","MB-GAN","mbgan",4.31807128689725,2.86210444575843
0.557917459029196,0.220014425175666,"Real","train","MB-GAN","mbgan",4.31807128689725,2.86210444575843
-0.610504146950814,-0.131647665588442,"Real","train","MB-GAN","mbgan",4.31807128689725,2.86210444575843
0.168173153424512,0.370398316015311,"Real","train","MB-GAN","mbgan",4.31807128689725,2.86210444575843
-0.839633056719591,-0.206407833700791,"Real","train","MB-GAN","mbgan",4.31807128689725,2.86210444575843
-0.292691138897083,0.247720367951501,"Real","train","MB-GAN","mbgan",4.31807128689725,2.86210444575843
0.204393407768406,-0.00321635839232048,"Real","train","MB-GAN","mbgan",4.31807128689725,2.86210444575843
-0.288529440173878,-0.175267996803036,"Real","train","MB-GAN","mbgan",4.31807128689725,2.86210444575843
0.437841644222148,-0.0245142013637373,"Real","train","MB-GAN","mbgan",4.31807128689725,2.86210444575843
0.595763029410289,0.190520146196597,"Real","train","MB-GAN","mbgan",4.31807128689725,2.86210444575843
0.306081309270439,0.484859680126764,"Real","train","MB-GAN","mbgan",4.31807128689725,2.86210444575843
-0.667285992774079,0.00569317867114868,"Real","train","MB-GAN","mbgan",4.31807128689725,2.86210444575843
-0.0446036998381486,-0.001582979478609,"Real","train","MB-GAN","mbgan",4.31807128689725,2.86210444575843
-0.192435508774441,0.0523798543278861,"Real","train","MB-GAN","mbgan",4.31807128689725,2.86210444575843
-0.325965221835147,0.117903949146898,"Real","train","MB-GAN","mbgan",4.31807128689725,2.86210444575843
0.566466821921392,0.206590599129744,"Real","train","MB-GAN","mbgan",4.31807128689725,2.86210444575843
0.0561701893010106,0.078043047422384,"Real","train","MB-GAN","mbgan",4.31807128689725,2.86210444575843
0.0365917270419161,0.108505710956064,"Real","train","MB-GAN","mbgan",4.31807128689725,2.86210444575843
0.542578193876154,0.0863630583578107,"Real","train","MB-GAN","mbgan",4.31807128689725,2.86210444575843
-0.582063108640609,-0.0798782229222004,"Real","train","MB-GAN","mbgan",4.31807128689725,2.86210444575843
0.267864943680801,0.436545259315212,"Real","train","MB-GAN","mbgan",4.31807128689725,2.86210444575843
0.625722613390207,0.377904996551072,"Real","train","MB-GAN","mbgan",4.31807128689725,2.86210444575843
0.362152987290264,0.566561625510427,"Real","train","MB-GAN","mbgan",4.31807128689725,2.86210444575843
-0.0797908585470978,0.159727916739588,"Real","train","MB-GAN","mbgan",4.31807128689725,2.86210444575843
-0.461157818582107,0.0725406086936425,"Real","train","MB-GAN","mbgan",4.31807128689725,2.86210444575843
-0.433577986549423,0.0461082020089271,"Real","train","MB-GAN","mbgan",4.31807128689725,2.86210444575843
0.439579512142557,-0.654969332249414,"Real","train","MB-GAN","mbgan",4.31807128689725,2.86210444575843
-0.274363632280691,-0.118326676014763,"Real","train","MB-GAN","mbgan",4.31807128689725,2.86210444575843
0.0749187974330164,0.429349658014801,"Real","train","MB-GAN","mbgan",4.31807128689725,2.86210444575843
-0.54917510368031,-0.398711854840712,"Real","train","MB-GAN","mbgan",4.31807128689725,2.86210444575843
0.34352047729988,0.404948384491304,"Real","train","MB-GAN","mbgan",4.31807128689725,2.86210444575843
-0.0315085800518713,0.447683742074037,"Real","train","MB-GAN","mbgan",4.31807128689725,2.86210444575843
-0.31517161420842,0.0724991525605343,"Real","train","MB-GAN","mbgan",4.31807128689725,2.86210444575843
0.53375103408172,0.200034529213799,"Real","train","MB-GAN","mbgan",4.31807128689725,2.86210444575843
0.762534072731764,-1.10124958182888,"Real","train","MB-GAN","mbgan",4.31807128689725,2.86210444575843
0.616140283960574,0.252729729100354,"Real","train","MB-GAN","mbgan",4.31807128689725,2.86210444575843
-0.408502349384707,0.150790935870767,"Real","train","MB-GAN","mbgan",4.31807128689725,2.86210444575843
0.0524557902108658,0.197134325256378,"Real","train","MB-GAN","mbgan",4.31807128689725,2.86210444575843
-0.342771397705716,0.136628246791267,"Real","train","MB-GAN","mbgan",4.31807128689725,2.86210444575843
-0.406523196365275,0.104089927494624,"Real","train","MB-GAN","mbgan",4.31807128689725,2.86210444575843
-0.225419350459374,0.267335000223033,"Real","train","MB-GAN","mbgan",4.31807128689725,2.86210444575843
-0.28028291987402,-0.22643591918221,"Real","train","MB-GAN","mbgan",4.31807128689725,2.86210444575843
0.885054001412993,-1.20254684040663,"Real","train","MB-GAN","mbgan",4.31807128689725,2.86210444575843
0.0965428549914562,0.177578773736278,"Real","train","MB-GAN","mbgan",4.31807128689725,2.86210444575843
0.1630718903122,0.389780746864581,"Real","train","MB-GAN","mbgan",4.31807128689725,2.86210444575843
-0.731063994570259,-0.173365342555451,"Real","train","MB-GAN","mbgan",4.31807128689725,2.86210444575843
-0.685009059415829,-0.129615617223142,"Real","train","MB-GAN","mbgan",4.31807128689725,2.86210444575843
-0.627882055016103,-0.324703526316862,"Real","train","MB-GAN","mbgan",4.31807128689725,2.86210444575843
0.450022513922268,-0.00664924122634207,"Real","train","MB-GAN","mbgan",4.31807128689725,2.86210444575843
0.303829580519265,0.219679455817748,"Real","train","MB-GAN","mbgan",4.31807128689725,2.86210444575843
-0.684594887513025,-0.0965748056359193,"Real","train","MB-GAN","mbgan",4.31807128689725,2.86210444575843
-0.663056796774965,-0.254157253015702,"Real","train","MB-GAN","mbgan",4.31807128689725,2.86210444575843
0.542299187482674,0.418251836635367,"Real","train","MB-GAN","mbgan",4.31807128689725,2.86210444575843
0.170720902830123,0.37638616884333,"Real","train","MB-GAN","mbgan",4.31807128689725,2.86210444575843
0.909512973168573,-1.15304704032688,"Real","train","MB-GAN","mbgan",4.31807128689725,2.86210444575843
-0.81535887520076,-0.186149153822764,"Real","train","MB-GAN","mbgan",4.31807128689725,2.86210444575843
0.720683738214935,-1.17384464623778,"Real","train","MB-GAN","mbgan",4.31807128689725,2.86210444575843
-0.599473072485107,0.120501575839284,"Real","train","MB-GAN","mbgan",4.31807128689725,2.86210444575843
0.355539298745588,-0.598813142053925,"Real","train","MB-GAN","mbgan",4.31807128689725,2.86210444575843
-0.360114423650849,-0.126222208082442,"Real","train","MB-GAN","mbgan",4.31807128689725,2.86210444575843
-0.635517333163941,-0.118249872620684,"Real","train","MB-GAN","mbgan",4.31807128689725,2.86210444575843
0.245988632979752,-0.821188694778622,"Real","train","MB-GAN","mbgan",4.31807128689725,2.86210444575843
0.295737743289135,-0.453702049457105,"Real","train","MB-GAN","mbgan",4.31807128689725,2.86210444575843
-0.2255595619787,-0.0600895691648525,"Real","train","MB-GAN","mbgan",4.31807128689725,2.86210444575843
0.254928376701925,0.506028046619222,"Real","train","MB-GAN","mbgan",4.31807128689725,2.86210444575843
0.383845233989325,-0.0255418923328087,"Real","train","MB-GAN","mbgan",4.31807128689725,2.86210444575843
0.0482879086124265,0.223691406627835,"Real","train","MB-GAN","mbgan",4.31807128689725,2.86210444575843
0.287615027235466,0.270052027355932,"Real","train","MB-GAN","mbgan",4.31807128689725,2.86210444575843
0.280390403526649,0.279654678836825,"Real","train","MB-GAN","mbgan",4.31807128689725,2.86210444575843
0.26349506342614,0.285111049639268,"Real","train","MB-GAN","mbgan",4.31807128689725,2.86210444575843
0.273205857353086,0.510363016001198,"Real","train","MB-GAN","mbgan",4.31807128689725,2.86210444575843
0.335567195689488,0.430108873606222,"Real","train","MB-GAN","mbgan",4.31807128689725,2.86210444575843
-0.502177916516952,0.149954419705253,"Real","train","MB-GAN","mbgan",4.31807128689725,2.86210444575843
0.524541213532641,0.129242678682388,"Real","train","MB-GAN","mbgan",4.31807128689725,2.86210444575843
-0.668797554777057,-0.217635273025304,"Real","train","MB-GAN","mbgan",4.31807128689725,2.86210444575843
0.588508406437049,-0.805349325978367,"Real","train","MB-GAN","mbgan",4.31807128689725,2.86210444575843
0.000890084083724897,0.2145243125033,"Real","train","MB-GAN","mbgan",4.31807128689725,2.86210444575843
0.84532018362945,-1.20053108674547,"Real","train","MB-GAN","mbgan",4.31807128689725,2.86210444575843
0.360177365606161,0.535547588888466,"Real","train","MB-GAN","mbgan",4.31807128689725,2.86210444575843
0.629064947185646,0.23657712263979,"Real","train","MB-GAN","mbgan",4.31807128689725,2.86210444575843
0.574803054097346,0.0577447740786744,"Real","train","MB-GAN","mbgan",4.31807128689725,2.86210444575843
0.61849416234667,0.239251982407552,"Real","train","MB-GAN","mbgan",4.31807128689725,2.86210444575843
0.485424664441312,0.174219020726958,"Real","train","MB-GAN","mbgan",4.31807128689725,2.86210444575843
-0.730816715833468,-0.137087887538291,"Real","train","MB-GAN","mbgan",4.31807128689725,2.86210444575843
0.3750930293271,0.419222871905724,"Real","train","MB-GAN","mbgan",4.31807128689725,2.86210444575843
0.363730186219865,0.402911665084115,"Real","train","MB-GAN","mbgan",4.31807128689725,2.86210444575843
0.124883900429432,0.319320628203557,"Real","train","MB-GAN","mbgan",4.31807128689725,2.86210444575843
0.126371672025119,0.269765110532739,"Real","train","MB-GAN","mbgan",4.31807128689725,2.86210444575843
0.542525352961827,0.202213410439439,"Real","train","MB-GAN","mbgan",4.31807128689725,2.86210444575843
0.22152442864623,0.152860103801204,"Real","train","MB-GAN","mbgan",4.31807128689725,2.86210444575843
-0.207926745745982,-0.104252978408072,"Real","train","MB-GAN","mbgan",4.31807128689725,2.86210444575843
0.282169882189357,0.0193114075992179,"Real","train","MB-GAN","mbgan",4.31807128689725,2.86210444575843
0.99651675412173,-1.04520180058811,"Real","train","MB-GAN","mbgan",4.31807128689725,2.86210444575843
-0.318336324897208,-0.258610280460565,"Real","train","MB-GAN","mbgan",4.31807128689725,2.86210444575843
0.293468125469875,0.432555741080926,"Real","train","MB-GAN","mbgan",4.31807128689725,2.86210444575843
0.643617704468752,0.406879818294564,"Real","train","MB-GAN","mbgan",4.31807128689725,2.86210444575843
-0.705709355884555,-0.169120080214695,"Real","train","MB-GAN","mbgan",4.31807128689725,2.86210444575843
0.444969267471297,0.0718072037873409,"Real","train","MB-GAN","mbgan",4.31807128689725,2.86210444575843
-0.231793763818181,0.112642446518397,"Real","train","MB-GAN","mbgan",4.31807128689725,2.86210444575843
0.0559256385007356,0.541356393144091,"Real","train","MB-GAN","mbgan",4.31807128689725,2.86210444575843
0.0326385559879118,-0.0358231729142701,"Real","train","MB-GAN","mbgan",4.31807128689725,2.86210444575843
-0.522211405158713,-0.101490468073838,"Real","train","MB-GAN","mbgan",4.31807128689725,2.86210444575843
-0.168999681206441,0.170735192699077,"Real","train","MB-GAN","mbgan",4.31807128689725,2.86210444575843
0.477881709980519,0.118914981750329,"Real","train","MB-GAN","mbgan",4.31807128689725,2.86210444575843
0.999204349751726,-0.843919403428837,"Real","train","MB-GAN","mbgan",4.31807128689725,2.86210444575843
-0.659975423974236,-0.163257875629337,"Real","train","MB-GAN","mbgan",4.31807128689725,2.86210444575843
-0.450289925274681,-0.121135918959157,"Real","train","MB-GAN","mbgan",4.31807128689725,2.86210444575843
0.242236948961643,0.211757862308611,"Real","train","MB-GAN","mbgan",4.31807128689725,2.86210444575843
-0.343961672296922,0.158774227613322,"Real","train","MB-GAN","mbgan",4.31807128689725,2.86210444575843
-0.363663108037357,0.102004112080148,"Real","train","MB-GAN","mbgan",4.31807128689725,2.86210444575843
0.094031944425718,0.28097135175508,"Real","train","MB-GAN","mbgan",4.31807128689725,2.86210444575843
0.3641073058363,0.0182264396883529,"Real","train","MB-GAN","mbgan",4.31807128689725,2.86210444575843
-0.572621894932922,0.063938818346568,"Real","train","MB-GAN","mbgan",4.31807128689725,2.86210444575843
-0.124921667192923,0.287359363389472,"Real","train","MB-GAN","mbgan",4.31807128689725,2.86210444575843
0.322966701871778,0.278008103826762,"Real","train","MB-GAN","mbgan",4.31807128689725,2.86210444575843
-0.422836098721123,0.0375892349874265,"Real","train","MB-GAN","mbgan",4.31807128689725,2.86210444575843
-0.336694282747743,-0.0203497190889448,"Real","train","MB-GAN","mbgan",4.31807128689725,2.86210444575843
-0.54325269588609,-0.318280428093896,"Real","train","MB-GAN","mbgan",4.31807128689725,2.86210444575843
0.312689202557436,0.4309186748539,"Real","train","MB-GAN","mbgan",4.31807128689725,2.86210444575843
-0.621604519404358,0.0415811314867366,"Real","train","MB-GAN","mbgan",4.31807128689725,2.86210444575843
0.527948720737802,0.112020483132599,"Real","train","MB-GAN","mbgan",4.31807128689725,2.86210444575843
-0.210805252716018,0.246225458202617,"Real","train","MB-GAN","mbgan",4.31807128689725,2.86210444575843
0.359537547876743,0.522662995363059,"Real","train","MB-GAN","mbgan",4.31807128689725,2.86210444575843
0.60796584064152,0.398834033218551,"Real","train","MB-GAN","mbgan",4.31807128689725,2.86210444575843
-0.475247214329253,0.17336515885378,"Real","train","MB-GAN","mbgan",4.31807128689725,2.86210444575843
-0.702001097154939,-0.282062171579871,"Real","train","MB-GAN","mbgan",4.31807128689725,2.86210444575843
0.57578683567681,0.178403723294114,"Real","train","MB-GAN","mbgan",4.31807128689725,2.86210444575843
0.451990369005877,0.469154756955303,"Real","train","MB-GAN","mbgan",4.31807128689725,2.86210444575843
-0.346060600654155,0.0586748256957427,"Real","train","MB-GAN","mbgan",4.31807128689725,2.86210444575843
-0.302471649695041,0.017146653866571,"Real","train","MB-GAN","mbgan",4.31807128689725,2.86210444575843
0.38579513129838,-0.631892118028522,"Real","train","MB-GAN","mbgan",4.31807128689725,2.86210444575843
-0.0761221116210193,0.0987487402449156,"Real","train","MB-GAN","mbgan",4.31807128689725,2.86210444575843
0.50023327146525,0.388919616211577,"Real","train","MB-GAN","mbgan",4.31807128689725,2.86210444575843
0.637555349675793,-0.208054252577695,"Real","train","MB-GAN","mbgan",4.31807128689725,2.86210444575843
0.818110530040651,-1.10982103677849,"Real","train","MB-GAN","mbgan",4.31807128689725,2.86210444575843
-0.566483095354752,-0.167820170538095,"Real","train","MB-GAN","mbgan",4.31807128689725,2.86210444575843
-0.475413495837939,0.0552028413002757,"Real","train","MB-GAN","mbgan",4.31807128689725,2.86210444575843
0.595315203904996,0.169442743669794,"Real","train","MB-GAN","mbgan",4.31807128689725,2.86210444575843
0.686841920803417,-1.24177415404709,"Real","train","MB-GAN","mbgan",4.31807128689725,2.86210444575843
-0.479994498062943,-0.118552551509885,"Real","train","MB-GAN","mbgan",4.31807128689725,2.86210444575843
-0.29571949563904,0.209724660815314,"Real","train","MB-GAN","mbgan",4.31807128689725,2.86210444575843
0.38076075151271,0.229564664467868,"Real","train","MB-GAN","mbgan",4.31807128689725,2.86210444575843
0.12039438361175,0.0353955832393247,"Real","train","MB-GAN","mbgan",4.31807128689725,2.86210444575843
0.590990815447254,0.271976282901361,"Real","train","MB-GAN","mbgan",4.31807128689725,2.86210444575843
0.487757103270461,0.21817581673122,"Real","train","MB-GAN","mbgan",4.31807128689725,2.86210444575843
-0.315562124944121,0.161108942937346,"Real","train","MB-GAN","mbgan",4.31807128689725,2.86210444575843
0.309765295235955,0.0464613221267842,"Real","train","MB-GAN","mbgan",4.31807128689725,2.86210444575843
-0.248218219082802,0.198540157903773,"Real","train","MB-GAN","mbgan",4.31807128689725,2.86210444575843
0.345317302153609,0.595817917963293,"Real","train","MB-GAN","mbgan",4.31807128689725,2.86210444575843
0.79426033823679,-1.13564368457464,"Real","train","MB-GAN","mbgan",4.31807128689725,2.86210444575843
0.25019008066576,0.565276977740838,"Real","train","MB-GAN","mbgan",4.31807128689725,2.86210444575843
-0.465086190249435,0.15828387364984,"Real","train","MB-GAN","mbgan",4.31807128689725,2.86210444575843
0.241707640125793,0.620339610600427,"Real","train","MB-GAN","mbgan",4.31807128689725,2.86210444575843
-0.089247611056801,-0.0139715710506251,"Real","train","MB-GAN","mbgan",4.31807128689725,2.86210444575843
0.728180469281879,-0.892855098850523,"Real","train","MB-GAN","mbgan",4.31807128689725,2.86210444575843
0.973324085998536,-0.688118799703385,"Real","train","MB-GAN","mbgan",4.31807128689725,2.86210444575843
0.0518286981776483,0.214676505317213,"Real","train","MB-GAN","mbgan",4.31807128689725,2.86210444575843
0.64442447652961,0.420725237155249,"Real","train","MB-GAN","mbgan",4.31807128689725,2.86210444575843
-0.275732608654463,0.0720794798181751,"Real","train","MB-GAN","mbgan",4.31807128689725,2.86210444575843
-0.87260950579471,-0.182776383382284,"Real","train","MB-GAN","mbgan",4.31807128689725,2.86210444575843
-0.155524792421012,-0.275491587644747,"Real","train","MB-GAN","mbgan",4.31807128689725,2.86210444575843
0.0631520354945753,0.270718742179019,"Real","train","MB-GAN","mbgan",4.31807128689725,2.86210444575843
-0.511953950037125,-0.258838811784363,"Real","train","MB-GAN","mbgan",4.31807128689725,2.86210444575843
0.388475199213444,0.430567947127224,"Real","train","MB-GAN","mbgan",4.31807128689725,2.86210444575843
0.339697750461667,0.585410036865218,"Real","train","MB-GAN","mbgan",4.31807128689725,2.86210444575843
0.228554842369204,0.433963706056779,"Real","train","MB-GAN","mbgan",4.31807128689725,2.86210444575843
0.0273400752247713,0.33825830188009,"Real","train","MB-GAN","mbgan",4.31807128689725,2.86210444575843
-0.381694267500918,-0.00792105175988444,"Real","train","MB-GAN","mbgan",4.31807128689725,2.86210444575843
-0.772243239779322,-0.364197387733671,"Generated","train","MB-GAN","mbgan",4.31807128689725,2.86210444575843
0.302409312075811,0.219226625035177,"Generated","train","MB-GAN","mbgan",4.31807128689725,2.86210444575843
0.0890039973890492,0.272291598875202,"Generated","train","MB-GAN","mbgan",4.31807128689725,2.86210444575843
0.470823568634938,0.0487928294494435,"Generated","train","MB-GAN","mbgan",4.31807128689725,2.86210444575843
-0.637684226657381,0.0835129475624423,"Generated","train","MB-GAN","mbgan",4.31807128689725,2.86210444575843
0.376991054466576,-0.0152202783509532,"Generated","train","MB-GAN","mbgan",4.31807128689725,2.86210444575843
0.568743789124562,0.339485516907148,"Generated","train","MB-GAN","mbgan",4.31807128689725,2.86210444575843
-0.80098286450694,-0.232027114176046,"Generated","train","MB-GAN","mbgan",4.31807128689725,2.86210444575843
0.405947778137045,0.166017847783578,"Generated","train","MB-GAN","mbgan",4.31807128689725,2.86210444575843
0.280429370048999,0.32980944279478,"Generated","train","MB-GAN","mbgan",4.31807128689725,2.86210444575843
0.505783158539097,0.0866756547042584,"Generated","train","MB-GAN","mbgan",4.31807128689725,2.86210444575843
0.455612239110986,0.266621714401657,"Generated","train","MB-GAN","mbgan",4.31807128689725,2.86210444575843
-0.400457079207455,0.0753582255012806,"Generated","train","MB-GAN","mbgan",4.31807128689725,2.86210444575843
-0.56574446461609,0.0451369876015589,"Generated","train","MB-GAN","mbgan",4.31807128689725,2.86210444575843
0.358003021460077,0.320813221117841,"Generated","train","MB-GAN","mbgan",4.31807128689725,2.86210444575843
-0.252840918647266,-0.0357499046944621,"Generated","train","MB-GAN","mbgan",4.31807128689725,2.86210444575843
0.354405852355237,-0.0357275303506393,"Generated","train","MB-GAN","mbgan",4.31807128689725,2.86210444575843
0.409923966383017,-0.26004675311191,"Generated","train","MB-GAN","mbgan",4.31807128689725,2.86210444575843
-0.7048398789503,-0.109317448850591,"Generated","train","MB-GAN","mbgan",4.31807128689725,2.86210444575843
-0.545898944992312,-0.0258773008930795,"Generated","train","MB-GAN","mbgan",4.31807128689725,2.86210444575843
-0.665434750032831,-0.060969062824682,"Generated","train","MB-GAN","mbgan",4.31807128689725,2.86210444575843
0.414182603194396,0.561095368182238,"Generated","train","MB-GAN","mbgan",4.31807128689725,2.86210444575843
-0.824334261458075,-0.204188392495947,"Generated","train","MB-GAN","mbgan",4.31807128689725,2.86210444575843
0.536706633151096,0.368194483491836,"Generated","train","MB-GAN","mbgan",4.31807128689725,2.86210444575843
-0.617146557972753,-0.2051624028658,"Generated","train","MB-GAN","mbgan",4.31807128689725,2.86210444575843
-0.73298302263211,-0.0102144471117107,"Generated","train","MB-GAN","mbgan",4.31807128689725,2.86210444575843
-0.571182704258417,-0.178367375021227,"Generated","train","MB-GAN","mbgan",4.31807128689725,2.86210444575843
0.368028380564916,0.157313169550453,"Generated","train","MB-GAN","mbgan",4.31807128689725,2.86210444575843
0.647401171263323,0.277413056593489,"Generated","train","MB-GAN","mbgan",4.31807128689725,2.86210444575843
0.538444152489635,0.315666746797258,"Generated","train","MB-GAN","mbgan",4.31807128689725,2.86210444575843
-0.553691087185141,-0.129554713120539,"Generated","train","MB-GAN","mbgan",4.31807128689725,2.86210444575843
0.165213533001911,0.121791272510469,"Generated","train","MB-GAN","mbgan",4.31807128689725,2.86210444575843
-0.472687838374341,-0.0405621671030809,"Generated","train","MB-GAN","mbgan",4.31807128689725,2.86210444575843
0.286358173897091,0.151978641104834,"Generated","train","MB-GAN","mbgan",4.31807128689725,2.86210444575843
0.0373539257966101,0.252035353917602,"Generated","train","MB-GAN","mbgan",4.31807128689725,2.86210444575843
0.131214978987643,0.250448071736361,"Generated","train","MB-GAN","mbgan",4.31807128689725,2.86210444575843
0.432164199102384,0.313463277339647,"Generated","train","MB-GAN","mbgan",4.31807128689725,2.86210444575843
-0.847219259309997,-0.275204851402654,"Generated","train","MB-GAN","mbgan",4.31807128689725,2.86210444575843
-0.863177770129353,-0.153610904690468,"Generated","train","MB-GAN","mbgan",4.31807128689725,2.86210444575843
-0.538500705891359,0.142388484468807,"Generated","train","MB-GAN","mbgan",4.31807128689725,2.86210444575843
-0.598522317565293,-0.434820863281941,"Generated","train","MB-GAN","mbgan",4.31807128689725,2.86210444575843
-0.649350896917487,-0.0106351561525908,"Generated","train","MB-GAN","mbgan",4.31807128689725,2.86210444575843
-0.0247200470192376,0.118882813598097,"Generated","train","MB-GAN","mbgan",4.31807128689725,2.86210444575843
-0.0889478798047293,0.163304031803014,"Generated","train","MB-GAN","mbgan",4.31807128689725,2.86210444575843
0.643605729684483,0.507970283064748,"Generated","train","MB-GAN","mbgan",4.31807128689725,2.86210444575843
0.357808327958833,-0.126078373929804,"Generated","train","MB-GAN","mbgan",4.31807128689725,2.86210444575843
0.0307781966111318,0.325516030115359,"Generated","train","MB-GAN","mbgan",4.31807128689725,2.86210444575843
-0.654444387477253,-0.504712710324434,"Generated","train","MB-GAN","mbgan",4.31807128689725,2.86210444575843
0.474807289826898,-0.919146892135567,"Generated","train","MB-GAN","mbgan",4.31807128689725,2.86210444575843
0.309374025439066,0.391485301907743,"Generated","train","MB-GAN","mbgan",4.31807128689725,2.86210444575843
0.259972442193676,0.266641479125943,"Generated","train","MB-GAN","mbgan",4.31807128689725,2.86210444575843
0.602648356776763,0.148810167408521,"Generated","train","MB-GAN","mbgan",4.31807128689725,2.86210444575843
0.521495468903417,0.0621418031885573,"Generated","train","MB-GAN","mbgan",4.31807128689725,2.86210444575843
-0.635550582394571,-0.0989067540088109,"Generated","train","MB-GAN","mbgan",4.31807128689725,2.86210444575843
-0.301084287617638,0.254371253543652,"Generated","train","MB-GAN","mbgan",4.31807128689725,2.86210444575843
-0.425851288267583,0.203221144168394,"Generated","train","MB-GAN","mbgan",4.31807128689725,2.86210444575843
-0.0877684738738574,0.283251402000291,"Generated","train","MB-GAN","mbgan",4.31807128689725,2.86210444575843
0.523905942112157,0.151423589539902,"Generated","train","MB-GAN","mbgan",4.31807128689725,2.86210444575843
-0.510823250929373,-0.0547834377817008,"Generated","train","MB-GAN","mbgan",4.31807128689725,2.86210444575843
0.252662319330524,0.184669975851041,"Generated","train","MB-GAN","mbgan",4.31807128689725,2.86210444575843
-0.535364469512894,-0.0545351854903191,"Generated","train","MB-GAN","mbgan",4.31807128689725,2.86210444575843
0.00416713606388873,0.0224541677467866,"Generated","train","MB-GAN","mbgan",4.31807128689725,2.86210444575843
-0.520175752381555,0.0342522168586846,"Generated","train","MB-GAN","mbgan",4.31807128689725,2.86210444575843
0.305176070518915,-0.889761531068152,"Generated","train","MB-GAN","mbgan",4.31807128689725,2.86210444575843
-0.45551792000095,-0.466364004566879,"Generated","train","MB-GAN","mbgan",4.31807128689725,2.86210444575843
0.440161891029496,0.199961740995656,"Generated","train","MB-GAN","mbgan",4.31807128689725,2.86210444575843
-0.544305221397135,-0.380363943261491,"Generated","train","MB-GAN","mbgan",4.31807128689725,2.86210444575843
-0.561058780389995,0.0729106057383237,"Generated","train","MB-GAN","mbgan",4.31807128689725,2.86210444575843
0.616699051426087,0.263486200584719,"Generated","train","MB-GAN","mbgan",4.31807128689725,2.86210444575843
-0.497172117762049,0.145560908140704,"Generated","train","MB-GAN","mbgan",4.31807128689725,2.86210444575843
0.041966994218109,0.249660206729378,"Generated","train","MB-GAN","mbgan",4.31807128689725,2.86210444575843
-0.0406162213265098,0.0961546876049171,"Generated","train","MB-GAN","mbgan",4.31807128689725,2.86210444575843
-0.0925474321811436,0.0379177772246049,"Generated","train","MB-GAN","mbgan",4.31807128689725,2.86210444575843
-0.333408247095898,-0.247366915876513,"Generated","train","MB-GAN","mbgan",4.31807128689725,2.86210444575843
-0.0726938780670301,-0.813700222384766,"Generated","train","MB-GAN","mbgan",4.31807128689725,2.86210444575843
0.660819715686639,0.277594650832838,"Generated","train","MB-GAN","mbgan",4.31807128689725,2.86210444575843
0.516275912866071,0.153449851448488,"Generated","train","MB-GAN","mbgan",4.31807128689725,2.86210444575843
0.103540983551155,-0.0209505494126789,"Generated","train","MB-GAN","mbgan",4.31807128689725,2.86210444575843
0.135334939788395,0.172419871937526,"Generated","train","MB-GAN","mbgan",4.31807128689725,2.86210444575843
-0.320707057806965,0.000321368374116649,"Generated","train","MB-GAN","mbgan",4.31807128689725,2.86210444575843
0.102815433538409,0.344252292897059,"Generated","train","MB-GAN","mbgan",4.31807128689725,2.86210444575843
-0.21595473887025,-0.146854960565323,"Generated","train","MB-GAN","mbgan",4.31807128689725,2.86210444575843
0.0462710079079785,0.355664540122362,"Generated","train","MB-GAN","mbgan",4.31807128689725,2.86210444575843
-0.366307549440861,0.152250723932549,"Generated","train","MB-GAN","mbgan",4.31807128689725,2.86210444575843
-0.261201095622616,0.0464276564556866,"Generated","train","MB-GAN","mbgan",4.31807128689725,2.86210444575843
-0.686364750294541,-0.000445206368441436,"Generated","train","MB-GAN","mbgan",4.31807128689725,2.86210444575843
0.0634934250638951,-0.0915198820525665,"Generated","train","MB-GAN","mbgan",4.31807128689725,2.86210444575843
0.179599141385607,0.532281274824864,"Generated","train","MB-GAN","mbgan",4.31807128689725,2.86210444575843
0.189867143429256,0.192703338698821,"Generated","train","MB-GAN","mbgan",4.31807128689725,2.86210444575843
0.322210689908075,0.230356662483902,"Generated","train","MB-GAN","mbgan",4.31807128689725,2.86210444575843
-0.0237293045326206,0.389210567424525,"Generated","train","MB-GAN","mbgan",4.31807128689725,2.86210444575843
-0.0910586020778987,0.0547035577108703,"Generated","train","MB-GAN","mbgan",4.31807128689725,2.86210444575843
-0.312823621067936,-0.0925079499572058,"Generated","train","MB-GAN","mbgan",4.31807128689725,2.86210444575843
-0.327912085871703,0.0738044218993392,"Generated","train","MB-GAN","mbgan",4.31807128689725,2.86210444575843
0.187035959819828,0.0918367611926248,"Generated","train","MB-GAN","mbgan",4.31807128689725,2.86210444575843
0.835856188981242,-1.21093370948055,"Generated","train","MB-GAN","mbgan",4.31807128689725,2.86210444575843
0.166209606796016,-0.230829420846893,"Generated","train","MB-GAN","mbgan",4.31807128689725,2.86210444575843
0.599789376823414,0.163498539346203,"Generated","train","MB-GAN","mbgan",4.31807128689725,2.86210444575843
-0.724508358722776,0.00390686377431666,"Generated","train","MB-GAN","mbgan",4.31807128689725,2.86210444575843
-0.214876697718578,0.13803245347188,"Generated","train","MB-GAN","mbgan",4.31807128689725,2.86210444575843
-0.826871333282609,-0.269416750739039,"Generated","train","MB-GAN","mbgan",4.31807128689725,2.86210444575843
-0.635381900038562,-0.248151521859593,"Generated","train","MB-GAN","mbgan",4.31807128689725,2.86210444575843
-0.632052409787886,-0.345794100171292,"Generated","train","MB-GAN","mbgan",4.31807128689725,2.86210444575843
-0.633881416727234,-0.0660622066476012,"Generated","train","MB-GAN","mbgan",4.31807128689725,2.86210444575843
-0.602397206024402,-0.112444107462245,"Generated","train","MB-GAN","mbgan",4.31807128689725,2.86210444575843
0.191988927863586,0.12361267890908,"Generated","train","MB-GAN","mbgan",4.31807128689725,2.86210444575843
0.717986338937704,-1.05538711342508,"Generated","train","MB-GAN","mbgan",4.31807128689725,2.86210444575843
-0.750844962000181,-0.155199634224712,"Generated","train","MB-GAN","mbgan",4.31807128689725,2.86210444575843
-0.279561995543218,0.140847044624813,"Generated","train","MB-GAN","mbgan",4.31807128689725,2.86210444575843
-0.619786479790533,-0.0159391990283606,"Generated","train","MB-GAN","mbgan",4.31807128689725,2.86210444575843
-0.53622320189367,-0.0676425004088271,"Generated","train","MB-GAN","mbgan",4.31807128689725,2.86210444575843
0.33772318385591,0.281774734883305,"Generated","train","MB-GAN","mbgan",4.31807128689725,2.86210444575843
-0.579092833375569,0.100035450241389,"Generated","train","MB-GAN","mbgan",4.31807128689725,2.86210444575843
0.510024973651309,0.497536372230025,"Generated","train","MB-GAN","mbgan",4.31807128689725,2.86210444575843
-0.854777115448285,-0.128362915113857,"Generated","train","MB-GAN","mbgan",4.31807128689725,2.86210444575843
0.433821500493974,0.356631770902121,"Generated","train","MB-GAN","mbgan",4.31807128689725,2.86210444575843
-0.0187483733221704,0.103883806194624,"Generated","train","MB-GAN","mbgan",4.31807128689725,2.86210444575843
0.336531878198376,0.486610490004365,"Generated","train","MB-GAN","mbgan",4.31807128689725,2.86210444575843
-0.871730642361137,-0.175168880670589,"Generated","train","MB-GAN","mbgan",4.31807128689725,2.86210444575843
-0.608814295572583,0.0100340530587564,"Generated","train","MB-GAN","mbgan",4.31807128689725,2.86210444575843
0.32243925428773,0.40369376439493,"Generated","train","MB-GAN","mbgan",4.31807128689725,2.86210444575843
-0.0112467641383641,0.388294375892193,"Generated","train","MB-GAN","mbgan",4.31807128689725,2.86210444575843
0.0598483112788297,0.187341559778628,"Generated","train","MB-GAN","mbgan",4.31807128689725,2.86210444575843
-0.669229397040475,-0.0756128720719766,"Generated","train","MB-GAN","mbgan",4.31807128689725,2.86210444575843
0.520257779312404,0.329265670506359,"Generated","train","MB-GAN","mbgan",4.31807128689725,2.86210444575843
0.526855563632886,0.211142754329962,"Generated","train","MB-GAN","mbgan",4.31807128689725,2.86210444575843
0.185834071301679,-0.91503336221585,"Generated","train","MB-GAN","mbgan",4.31807128689725,2.86210444575843
0.326448022040691,0.442651442095517,"Generated","train","MB-GAN","mbgan",4.31807128689725,2.86210444575843
-0.661174094783679,-0.242037670770892,"Generated","train","MB-GAN","mbgan",4.31807128689725,2.86210444575843
-0.388170627002319,-0.252387877027201,"Generated","train","MB-GAN","mbgan",4.31807128689725,2.86210444575843
-0.656357377589107,-0.0976435577507019,"Generated","train","MB-GAN","mbgan",4.31807128689725,2.86210444575843
-0.651105662839597,-0.271761771755747,"Generated","train","MB-GAN","mbgan",4.31807128689725,2.86210444575843
-0.422349033795544,-0.0390785911909625,"Generated","train","MB-GAN","mbgan",4.31807128689725,2.86210444575843
0.139337568235314,0.374408228821261,"Generated","train","MB-GAN","mbgan",4.31807128689725,2.86210444575843
-0.169027325387037,-0.126114966086194,"Generated","train","MB-GAN","mbgan",4.31807128689725,2.86210444575843
0.112378401569317,0.210305042075151,"Generated","train","MB-GAN","mbgan",4.31807128689725,2.86210444575843
0.0111697680144755,0.188436892187311,"Generated","train","MB-GAN","mbgan",4.31807128689725,2.86210444575843
0.645740088915766,0.513482452494859,"Generated","train","MB-GAN","mbgan",4.31807128689725,2.86210444575843
-0.683170775434545,-0.466032633588356,"Generated","train","MB-GAN","mbgan",4.31807128689725,2.86210444575843
-0.721310585608127,-0.0904340606095291,"Generated","train","MB-GAN","mbgan",4.31807128689725,2.86210444575843
0.0223815306810802,0.0524142584227437,"Generated","train","MB-GAN","mbgan",4.31807128689725,2.86210444575843
-0.727805551498683,-0.297122981124383,"Generated","train","MB-GAN","mbgan",4.31807128689725,2.86210444575843
-0.760400873151979,-0.410090173929247,"Generated","train","MB-GAN","mbgan",4.31807128689725,2.86210444575843
0.820063635108901,-1.12122669078644,"Generated","train","MB-GAN","mbgan",4.31807128689725,2.86210444575843
0.625705633928939,0.212644591131864,"Generated","train","MB-GAN","mbgan",4.31807128689725,2.86210444575843
-0.0975683552743549,0.0303756323507302,"Generated","train","MB-GAN","mbgan",4.31807128689725,2.86210444575843
-0.337775204848225,-0.117549032151623,"Generated","train","MB-GAN","mbgan",4.31807128689725,2.86210444575843
-0.183003859525344,0.184347836701031,"Generated","train","MB-GAN","mbgan",4.31807128689725,2.86210444575843
0.608686513111465,0.227277139245259,"Generated","train","MB-GAN","mbgan",4.31807128689725,2.86210444575843
-0.652242552254311,-0.124860000297371,"Generated","train","MB-GAN","mbgan",4.31807128689725,2.86210444575843
0.417638272077055,0.355012774983966,"Generated","train","MB-GAN","mbgan",4.31807128689725,2.86210444575843
0.940058584972775,-1.17115592326416,"Generated","train","MB-GAN","mbgan",4.31807128689725,2.86210444575843
0.265327811441332,-0.458507283567731,"Generated","train","MB-GAN","mbgan",4.31807128689725,2.86210444575843
-0.0950102841683608,-0.661617295292668,"Generated","train","MB-GAN","mbgan",4.31807128689725,2.86210444575843
0.0461289308654538,-0.00568997546678158,"Generated","train","MB-GAN","mbgan",4.31807128689725,2.86210444575843
0.189601506402334,0.114124990390676,"Generated","train","MB-GAN","mbgan",4.31807128689725,2.86210444575843
0.424278079660709,0.105667779683426,"Generated","train","MB-GAN","mbgan",4.31807128689725,2.86210444575843
0.162442397575133,0.450928855891641,"Generated","train","MB-GAN","mbgan",4.31807128689725,2.86210444575843
-0.204200782016361,0.130378030987302,"Generated","train","MB-GAN","mbgan",4.31807128689725,2.86210444575843
-0.667505337902221,-0.438881823178518,"Generated","train","MB-GAN","mbgan",4.31807128689725,2.86210444575843
0.484626241740539,-0.498637306804962,"Generated","train","MB-GAN","mbgan",4.31807128689725,2.86210444575843
-0.41974660639954,0.0290919469752141,"Generated","train","MB-GAN","mbgan",4.31807128689725,2.86210444575843
-0.463947475264347,-0.0407485225795499,"Generated","train","MB-GAN","mbgan",4.31807128689725,2.86210444575843
0.306113097329828,0.056207663895529,"Generated","train","MB-GAN","mbgan",4.31807128689725,2.86210444575843
-0.510295350731218,-0.0238739339893591,"Generated","train","MB-GAN","mbgan",4.31807128689725,2.86210444575843
0.145713329695947,0.279141064137601,"Generated","train","MB-GAN","mbgan",4.31807128689725,2.86210444575843
-0.337186245559752,-0.123314189239425,"Generated","train","MB-GAN","mbgan",4.31807128689725,2.86210444575843
0.183758338131965,0.186939668425751,"Generated","train","MB-GAN","mbgan",4.31807128689725,2.86210444575843
0.61830370032172,0.165295428554601,"Generated","train","MB-GAN","mbgan",4.31807128689725,2.86210444575843
0.630326723067663,0.231440637660366,"Generated","train","MB-GAN","mbgan",4.31807128689725,2.86210444575843
0.587022210167969,0.20790649597438,"Generated","train","MB-GAN","mbgan",4.31807128689725,2.86210444575843
0.0744709105151386,0.231826296090704,"Generated","train","MB-GAN","mbgan",4.31807128689725,2.86210444575843
0.29308550567958,0.50916273622421,"Generated","train","MB-GAN","mbgan",4.31807128689725,2.86210444575843
-0.282116509972696,-0.545989390397645,"Generated","train","MB-GAN","mbgan",4.31807128689725,2.86210444575843
-0.00033550671552092,0.25300461200989,"Generated","train","MB-GAN","mbgan",4.31807128689725,2.86210444575843
0.399735067267147,0.209509714452421,"Generated","train","MB-GAN","mbgan",4.31807128689725,2.86210444575843
0.541320008763638,0.207672330997985,"Generated","train","MB-GAN","mbgan",4.31807128689725,2.86210444575843
-0.609063373175137,-0.170801416887758,"Generated","train","MB-GAN","mbgan",4.31807128689725,2.86210444575843
0.506162560943244,0.126388956619774,"Generated","train","MB-GAN","mbgan",4.31807128689725,2.86210444575843
-0.298628513047597,-0.131503483777111,"Generated","train","MB-GAN","mbgan",4.31807128689725,2.86210444575843
-0.0731890202215781,0.242895866713285,"Generated","train","MB-GAN","mbgan",4.31807128689725,2.86210444575843
-0.764558428110256,-0.129439256995186,"Generated","train","MB-GAN","mbgan",4.31807128689725,2.86210444575843
-0.541746960157345,-0.288125617062625,"Generated","train","MB-GAN","mbgan",4.31807128689725,2.86210444575843
0.192565252055181,0.329992820525086,"Generated","train","MB-GAN","mbgan",4.31807128689725,2.86210444575843
0.49681633662085,0.133399793557146,"Generated","train","MB-GAN","mbgan",4.31807128689725,2.86210444575843
0.10989176197275,-0.835682242077117,"Generated","train","MB-GAN","mbgan",4.31807128689725,2.86210444575843
-0.672540580781248,-0.118973029637651,"Generated","train","MB-GAN","mbgan",4.31807128689725,2.86210444575843
0.526996032751565,0.2234527790286,"Generated","train","MB-GAN","mbgan",4.31807128689725,2.86210444575843
-0.370431457657549,-0.143666779392353,"Generated","train","MB-GAN","mbgan",4.31807128689725,2.86210444575843
0.551165351548612,0.0981491960424016,"Generated","train","MB-GAN","mbgan",4.31807128689725,2.86210444575843
0.0962655400888927,0.25403345404463,"Generated","train","MB-GAN","mbgan",4.31807128689725,2.86210444575843
0.368644035564864,0.270706255481623,"Generated","train","MB-GAN","mbgan",4.31807128689725,2.86210444575843
0.779454096877198,-1.02284315971868,"Generated","train","MB-GAN","mbgan",4.31807128689725,2.86210444575843
-0.339863069005579,-0.0984935105279192,"Generated","train","MB-GAN","mbgan",4.31807128689725,2.86210444575843
-0.0843785133157621,0.0487767815269731,"Generated","train","MB-GAN","mbgan",4.31807128689725,2.86210444575843
0.589154231068078,0.268416772418071,"Generated","train","MB-GAN","mbgan",4.31807128689725,2.86210444575843
-0.308855137659132,-0.132486566879694,"Generated","train","MB-GAN","mbgan",4.31807128689725,2.86210444575843
0.631047881790542,0.260131614417887,"Generated","train","MB-GAN","mbgan",4.31807128689725,2.86210444575843
-0.273855623650705,0.065431193595418,"Generated","train","MB-GAN","mbgan",4.31807128689725,2.86210444575843
0.385248206487896,0.609804475785168,"Generated","train","MB-GAN","mbgan",4.31807128689725,2.86210444575843
-0.125403608685041,0.288407397321566,"Generated","train","MB-GAN","mbgan",4.31807128689725,2.86210444575843
-0.242668162275873,-0.0762194484221656,"Generated","train","MB-GAN","mbgan",4.31807128689725,2.86210444575843
-0.625282411700624,-0.210878469565601,"Generated","train","MB-GAN","mbgan",4.31807128689725,2.86210444575843
0.168340906034846,0.431339465575903,"Generated","train","MB-GAN","mbgan",4.31807128689725,2.86210444575843
-0.834627828713172,-0.126454272293393,"Generated","train","MB-GAN","mbgan",4.31807128689725,2.86210444575843
0.595412799818416,0.214579707240205,"Generated","train","MB-GAN","mbgan",4.31807128689725,2.86210444575843
0.0850751185463302,0.399037132098917,"Generated","train","MB-GAN","mbgan",4.31807128689725,2.86210444575843
0.378805276508652,0.565407052470878,"Generated","train","MB-GAN","mbgan",4.31807128689725,2.86210444575843
0.593014393104542,-0.790447587034503,"Generated","train","MB-GAN","mbgan",4.31807128689725,2.86210444575843
0.396493330710691,-0.409435148687825,"Generated","train","MB-GAN","mbgan",4.31807128689725,2.86210444575843
-0.385054782005303,-0.00732153105224861,"Generated","train","MB-GAN","mbgan",4.31807128689725,2.86210444575843
-0.367893306746898,0.00923314969891692,"Generated","train","MB-GAN","mbgan",4.31807128689725,2.86210444575843
0.421206664584214,0.612976421541933,"Generated","train","MB-GAN","mbgan",4.31807128689725,2.86210444575843
-0.084554368427836,-0.0436357299771564,"Generated","train","MB-GAN","mbgan",4.31807128689725,2.86210444575843
-0.56864601368643,-0.125300942147121,"Generated","train","MB-GAN","mbgan",4.31807128689725,2.86210444575843
0.291449854836099,0.155813625742852,"Generated","train","MB-GAN","mbgan",4.31807128689725,2.86210444575843
-0.595371871791764,-0.035690898060631,"Generated","train","MB-GAN","mbgan",4.31807128689725,2.86210444575843
-0.579912106052628,-0.387153360993172,"Generated","train","MB-GAN","mbgan",4.31807128689725,2.86210444575843
0.875491488527712,-1.01024568941749,"Generated","train","MB-GAN","mbgan",4.31807128689725,2.86210444575843
-0.558470992301371,-0.136634952059296,"Generated","train","MB-GAN","mbgan",4.31807128689725,2.86210444575843
0.518798417916575,0.0627547275436218,"Generated","train","MB-GAN","mbgan",4.31807128689725,2.86210444575843
-0.152103496115236,0.107077626119123,"Generated","train","MB-GAN","mbgan",4.31807128689725,2.86210444575843
-0.00551947136224039,0.0861843293048784,"Generated","train","MB-GAN","mbgan",4.31807128689725,2.86210444575843
0.647595894509058,-0.220902639490592,"Generated","train","MB-GAN","mbgan",4.31807128689725,2.86210444575843
0.469504353774599,-0.00683481267784667,"Generated","train","MB-GAN","mbgan",4.31807128689725,2.86210444575843
-0.384332645007364,0.0105899897093388,"Generated","train","MB-GAN","mbgan",4.31807128689725,2.86210444575843
0.518698513251264,0.425741372412214,"Generated","train","MB-GAN","mbgan",4.31807128689725,2.86210444575843
0.485856045611527,0.197470810198948,"Generated","train","MB-GAN","mbgan",4.31807128689725,2.86210444575843
-0.417633403525043,-0.175843174913921,"Generated","train","MB-GAN","mbgan",4.31807128689725,2.86210444575843
-0.75467923908554,-0.0754530458793966,"Generated","train","MB-GAN","mbgan",4.31807128689725,2.86210444575843
0.662029713121254,0.374148459994506,"Generated","train","MB-GAN","mbgan",4.31807128689725,2.86210444575843
0.611621005092475,0.395049301488663,"Generated","train","MB-GAN","mbgan",4.31807128689725,2.86210444575843
-0.0350440841609222,-0.143602896543152,"Generated","train","MB-GAN","mbgan",4.31807128689725,2.86210444575843
-0.638430990078785,0.0462608852955128,"Generated","train","MB-GAN","mbgan",4.31807128689725,2.86210444575843
0.518418916398214,0.0881649416887267,"Generated","train","MB-GAN","mbgan",4.31807128689725,2.86210444575843
0.723456573198738,-1.24446480317259,"Generated","train","MB-GAN","mbgan",4.31807128689725,2.86210444575843
-0.452767681605198,-0.00381458597852705,"Generated","train","MB-GAN","mbgan",4.31807128689725,2.86210444575843
-0.198970898883217,0.252189721473758,"Generated","train","MB-GAN","mbgan",4.31807128689725,2.86210444575843
-0.319526446873533,-0.100413508833217,"Generated","train","MB-GAN","mbgan",4.31807128689725,2.86210444575843
-0.752613224213379,-0.396333374330119,"Generated","train","MB-GAN","mbgan",4.31807128689725,2.86210444575843
0.45475514867237,0.279295985472566,"Generated","train","MB-GAN","mbgan",4.31807128689725,2.86210444575843
-0.347029637335774,-0.090914805938038,"Generated","train","MB-GAN","mbgan",4.31807128689725,2.86210444575843
0.0170451365860219,-0.0513356640163539,"Generated","train","MB-GAN","mbgan",4.31807128689725,2.86210444575843
-0.0284737607529613,0.0274602562167419,"Generated","train","MB-GAN","mbgan",4.31807128689725,2.86210444575843
0.330164519616063,-0.434688160347166,"Generated","train","MB-GAN","mbgan",4.31807128689725,2.86210444575843
0.15201789953875,0.496201096284463,"Generated","train","MB-GAN","mbgan",4.31807128689725,2.86210444575843
-0.360509010892712,-0.0919574302410417,"Generated","train","MB-GAN","mbgan",4.31807128689725,2.86210444575843
0.717213281169315,-1.00254151898305,"Generated","train","MB-GAN","mbgan",4.31807128689725,2.86210444575843
0.26385451680465,0.557200856104645,"Generated","train","MB-GAN","mbgan",4.31807128689725,2.86210444575843
-0.819179944934781,-0.158038735115318,"Generated","train","MB-GAN","mbgan",4.31807128689725,2.86210444575843
-0.194527227588234,0.0733693948739547,"Generated","train","MB-GAN","mbgan",4.31807128689725,2.86210444575843
-0.297973563110251,-0.0318639432103919,"Generated","train","MB-GAN","mbgan",4.31807128689725,2.86210444575843
0.15147099174734,0.442570907848445,"Generated","train","MB-GAN","mbgan",4.31807128689725,2.86210444575843
-0.626978450879004,-0.458242465116416,"Generated","train","MB-GAN","mbgan",4.31807128689725,2.86210444575843
-0.45826586533251,-0.0740817658272288,"Generated","train","MB-GAN","mbgan",4.31807128689725,2.86210444575843
0.873219021685079,-1.16645820553303,"Generated","train","MB-GAN","mbgan",4.31807128689725,2.86210444575843
-0.0810128680860816,0.0412061252390712,"Generated","train","MB-GAN","mbgan",4.31807128689725,2.86210444575843
0.40093466835978,0.527383038700466,"Generated","train","MB-GAN","mbgan",4.31807128689725,2.86210444575843
-0.525468317138996,-0.0989329790340365,"Generated","train","MB-GAN","mbgan",4.31807128689725,2.86210444575843
0.539281535535613,0.106950187880455,"Generated","train","MB-GAN","mbgan",4.31807128689725,2.86210444575843
0.199823660492291,0.178372336890149,"Generated","train","MB-GAN","mbgan",4.31807128689725,2.86210444575843
0.224289811188709,0.261807088291873,"Generated","train","MB-GAN","mbgan",4.31807128689725,2.86210444575843
-0.745923798926068,-0.348550125452615,"Generated","train","MB-GAN","mbgan",4.31807128689725,2.86210444575843
0.529293940475849,0.159051656070108,"Generated","train","MB-GAN","mbgan",4.31807128689725,2.86210444575843
0.340611233758234,-0.344823239693898,"Generated","train","MB-GAN","mbgan",4.31807128689725,2.86210444575843
0.391578001884656,0.577241952550011,"Generated","train","MB-GAN","mbgan",4.31807128689725,2.86210444575843
-0.559334593196514,0.0114367522230347,"Generated","train","MB-GAN","mbgan",4.31807128689725,2.86210444575843
-0.334437491174783,0.010851438666361,"Generated","train","MB-GAN","mbgan",4.31807128689725,2.86210444575843
0.374422362767115,0.268150134652441,"Generated","train","MB-GAN","mbgan",4.31807128689725,2.86210444575843
-0.468526872847087,-0.273161466927873,"Generated","train","MB-GAN","mbgan",4.31807128689725,2.86210444575843
0.264722247325858,0.497587866227376,"Generated","train","MB-GAN","mbgan",4.31807128689725,2.86210444575843
0.335206060795717,-0.954943967479222,"Generated","train","MB-GAN","mbgan",4.31807128689725,2.86210444575843
-0.80434307700207,-0.299869559332896,"Generated","train","MB-GAN","mbgan",4.31807128689725,2.86210444575843
0.276271483713484,0.413827855428103,"Generated","train","MB-GAN","mbgan",4.31807128689725,2.86210444575843
-0.512802076014808,-0.272004660048499,"Generated","train","MB-GAN","mbgan",4.31807128689725,2.86210444575843
-0.30283263580041,-0.0153320789623517,"Generated","train","MB-GAN","mbgan",4.31807128689725,2.86210444575843
0.89395816036145,-0.906560043936153,"Generated","train","MB-GAN","mbgan",4.31807128689725,2.86210444575843
0.394831999539104,-1.04469324967622,"Generated","train","MB-GAN","mbgan",4.31807128689725,2.86210444575843
-0.129251894365582,0.301289424540223,"Generated","train","MB-GAN","mbgan",4.31807128689725,2.86210444575843
-0.107222339017481,0.123174619371565,"Generated","train","MB-GAN","mbgan",4.31807128689725,2.86210444575843
0.566244493239363,0.122447236076186,"Generated","train","MB-GAN","mbgan",4.31807128689725,2.86210444575843
0.571179661123256,0.117081326509836,"Generated","train","MB-GAN","mbgan",4.31807128689725,2.86210444575843
-0.311051284249531,0.216764377487679,"Generated","train","MB-GAN","mbgan",4.31807128689725,2.86210444575843
-0.0836057480540751,0.00224128838939775,"Generated","train","MB-GAN","mbgan",4.31807128689725,2.86210444575843
0.117163061142226,0.184055518013943,"Generated","train","MB-GAN","mbgan",4.31807128689725,2.86210444575843
0.105708599637923,0.352735557023284,"Generated","train","MB-GAN","mbgan",4.31807128689725,2.86210444575843
-0.509415392593951,0.189977532020097,"Generated","train","MB-GAN","mbgan",4.31807128689725,2.86210444575843
0.909348417220401,-1.1414544929531,"Generated","train","MB-GAN","mbgan",4.31807128689725,2.86210444575843
-0.219710014910228,0.134396821852117,"Generated","train","MB-GAN","mbgan",4.31807128689725,2.86210444575843
-0.107197068301167,0.0636876247526634,"Generated","train","MB-GAN","mbgan",4.31807128689725,2.86210444575843
-0.710330037035301,-0.368556335844804,"Generated","train","MB-GAN","mbgan",4.31807128689725,2.86210444575843
-0.00420419161690676,0.186572773307263,"Generated","train","MB-GAN","mbgan",4.31807128689725,2.86210444575843
1.00711919637138,-0.950824387053476,"Generated","train","MB-GAN","mbgan",4.31807128689725,2.86210444575843
0.463147891118167,-1.12186264132459,"Generated","train","MB-GAN","mbgan",4.31807128689725,2.86210444575843
0.499233075870195,0.214959055276251,"Generated","train","MB-GAN","mbgan",4.31807128689725,2.86210444575843
0.276108587709524,0.128466318323615,"Generated","train","MB-GAN","mbgan",4.31807128689725,2.86210444575843
0.878192377495275,-1.21025076574133,"Generated","train","MB-GAN","mbgan",4.31807128689725,2.86210444575843
-0.320428860521999,0.0306931760853389,"Generated","train","MB-GAN","mbgan",4.31807128689725,2.86210444575843
0.803060944088289,-1.17282430592216,"Generated","train","MB-GAN","mbgan",4.31807128689725,2.86210444575843
-0.0755197000355043,0.101948536954507,"Generated","train","MB-GAN","mbgan",4.31807128689725,2.86210444575843
0.343277689765271,0.525106682946026,"Generated","train","MB-GAN","mbgan",4.31807128689725,2.86210444575843
-0.707089735679131,-0.255571895741949,"Generated","train","MB-GAN","mbgan",4.31807128689725,2.86210444575843
0.16181728735894,0.210273630953539,"Generated","train","MB-GAN","mbgan",4.31807128689725,2.86210444575843
0.000651029479240112,0.333598083225117,"Generated","train","MB-GAN","mbgan",4.31807128689725,2.86210444575843
0.531241919251852,0.17852597554994,"Generated","train","MB-GAN","mbgan",4.31807128689725,2.86210444575843
-0.892947712556591,-0.172090530053867,"Generated","train","MB-GAN","mbgan",4.31807128689725,2.86210444575843
0.154487053677795,0.365546107097438,"Generated","train","MB-GAN","mbgan",4.31807128689725,2.86210444575843
0.104679486880897,0.154791973707862,"Generated","train","MB-GAN","mbgan",4.31807128689725,2.86210444575843
-0.745866473590696,-0.00490946315762192,"Generated","train","MB-GAN","mbgan",4.31807128689725,2.86210444575843
-0.578583062425462,-0.183630827314512,"Generated","train","MB-GAN","mbgan",4.31807128689725,2.86210444575843
0.604104876421171,0.398589274675539,"Generated","train","MB-GAN","mbgan",4.31807128689725,2.86210444575843
0.628212967448324,-0.360909113531238,"Generated","train","MB-GAN","mbgan",4.31807128689725,2.86210444575843
-0.221989661341309,0.178342318726447,"Generated","train","MB-GAN","mbgan",4.31807128689725,2.86210444575843
-0.303456664094069,0.00357984181758631,"Generated","train","MB-GAN","mbgan",4.31807128689725,2.86210444575843
0.203654094525926,0.516471526422162,"Generated","train","MB-GAN","mbgan",4.31807128689725,2.86210444575843
-0.365236535703609,-0.00994234553220724,"Generated","train","MB-GAN","mbgan",4.31807128689725,2.86210444575843
-0.351612186833725,-0.220392782660399,"Generated","train","MB-GAN","mbgan",4.31807128689725,2.86210444575843
-0.691694939690222,-0.010597944164421,"Generated","train","MB-GAN","mbgan",4.31807128689725,2.86210444575843
-0.711645563812837,-0.149127200212087,"Generated","train","MB-GAN","mbgan",4.31807128689725,2.86210444575843
0.30683672828414,0.175828008386737,"Generated","train","MB-GAN","mbgan",4.31807128689725,2.86210444575843
0.258720250420176,0.53188116207698,"Generated","train","MB-GAN","mbgan",4.31807128689725,2.86210444575843
-0.854853348420171,-0.0852956736871543,"Generated","train","MB-GAN","mbgan",4.31807128689725,2.86210444575843
-0.558978570998417,-0.12159555954841,"Generated","train","MB-GAN","mbgan",4.31807128689725,2.86210444575843
0.431358940780139,0.0286364676258896,"Generated","train","MB-GAN","mbgan",4.31807128689725,2.86210444575843
0.672236294099827,0.445131415799279,"Generated","train","MB-GAN","mbgan",4.31807128689725,2.86210444575843
-0.0134420373932927,0.21140131916907,"Generated","train","MB-GAN","mbgan",4.31807128689725,2.86210444575843
-0.150061884018582,-0.0393663759592713,"Generated","train","MB-GAN","mbgan",4.31807128689725,2.86210444575843
-0.532142573467177,0.0650563734856401,"Generated","train","MB-GAN","mbgan",4.31807128689725,2.86210444575843
-0.0698332797617316,0.094300306226662,"Generated","train","MB-GAN","mbgan",4.31807128689725,2.86210444575843
-0.45209586138841,0.204713392153602,"Generated","train","MB-GAN","mbgan",4.31807128689725,2.86210444575843
1.0236976008453,-0.796975659901712,"Generated","train","MB-GAN","mbgan",4.31807128689725,2.86210444575843
0.0663579284748048,-0.757397089605133,"Generated","train","MB-GAN","mbgan",4.31807128689725,2.86210444575843
-0.186446742112385,0.0276548362505938,"Generated","train","MB-GAN","mbgan",4.31807128689725,2.86210444575843
-0.637695594123692,-0.312912500294407,"Generated","train","MB-GAN","mbgan",4.31807128689725,2.86210444575843
0.308500757687115,0.178026523372888,"Generated","train","MB-GAN","mbgan",4.31807128689725,2.86210444575843
0.463256827981479,0.368047142301321,"Generated","train","MB-GAN","mbgan",4.31807128689725,2.86210444575843
0.445709000686249,-0.995960742103747,"Generated","train","MB-GAN","mbgan",4.31807128689725,2.86210444575843
0.349253586428073,-0.486096200548288,"Generated","train","MB-GAN","mbgan",4.31807128689725,2.86210444575843
0.54186240071926,0.241201015729718,"Generated","train","MB-GAN","mbgan",4.31807128689725,2.86210444575843
-0.678271132296222,-0.252330166128498,"Generated","train","MB-GAN","mbgan",4.31807128689725,2.86210444575843
0.467457146915801,-0.225931342456023,"Generated","train","MB-GAN","mbgan",4.31807128689725,2.86210444575843
0.320927818335707,0.480896238911781,"Generated","train","MB-GAN","mbgan",4.31807128689725,2.86210444575843
-0.654671294968135,-0.069264545776983,"Generated","train","MB-GAN","mbgan",4.31807128689725,2.86210444575843
-0.0379302883079036,0.0745923277778249,"Generated","train","MB-GAN","mbgan",4.31807128689725,2.86210444575843
0.267240385128829,0.0373503680897675,"Generated","train","MB-GAN","mbgan",4.31807128689725,2.86210444575843
-0.314115829088902,-0.153871341617333,"Generated","train","MB-GAN","mbgan",4.31807128689725,2.86210444575843
-0.60105724084062,-0.146732955851587,"Generated","train","MB-GAN","mbgan",4.31807128689725,2.86210444575843
-0.675132518212875,-0.465796900867886,"Generated","train","MB-GAN","mbgan",4.31807128689725,2.86210444575843
-0.700993054988107,0.0701225718456794,"Generated","train","MB-GAN","mbgan",4.31807128689725,2.86210444575843
-0.15365400616052,-0.0275915928051841,"Generated","train","MB-GAN","mbgan",4.31807128689725,2.86210444575843
-0.0034927970149579,0.0895198638174668,"Generated","train","MB-GAN","mbgan",4.31807128689725,2.86210444575843
0.861180135793626,-0.843222160884377,"Generated","train","MB-GAN","mbgan",4.31807128689725,2.86210444575843
0.505148499117666,0.280843900907602,"Generated","train","MB-GAN","mbgan",4.31807128689725,2.86210444575843
0.545835281716821,0.150209455872297,"Generated","train","MB-GAN","mbgan",4.31807128689725,2.86210444575843
-0.51362126406189,-0.107209449171991,"Generated","train","MB-GAN","mbgan",4.31807128689725,2.86210444575843
0.414192010294373,-0.0235659432770328,"Generated","train","MB-GAN","mbgan",4.31807128689725,2.86210444575843
0.335278162225874,-1.13937256503176,"Generated","train","MB-GAN","mbgan",4.31807128689725,2.86210444575843
-0.531080755711507,-0.00998461545037683,"Generated","train","MB-GAN","mbgan",4.31807128689725,2.86210444575843
0.0687967648497429,-0.159752570206644,"Generated","train","MB-GAN","mbgan",4.31807128689725,2.86210444575843
0.296782456634756,0.260986190570007,"Generated","train","MB-GAN","mbgan",4.31807128689725,2.86210444575843
-0.798492041566425,-0.10408984216278,"Generated","train","MB-GAN","mbgan",4.31807128689725,2.86210444575843
-0.616768468695054,-0.265441284299668,"Generated","train","MB-GAN","mbgan",4.31807128689725,2.86210444575843
0.568644973323982,0.190925965365608,"Generated","train","MB-GAN","mbgan",4.31807128689725,2.86210444575843
0.282186325199764,0.402396890344991,"Generated","train","MB-GAN","mbgan",4.31807128689725,2.86210444575843
-0.26533079408666,0.00843654831706251,"Generated","train","MB-GAN","mbgan",4.31807128689725,2.86210444575843
0.22639895931718,0.149266173161392,"Generated","train","MB-GAN","mbgan",4.31807128689725,2.86210444575843
-0.723877938185847,-0.286945401014951,"Generated","train","MB-GAN","mbgan",4.31807128689725,2.86210444575843
0.182680644871639,-0.0773296481647782,"Generated","train","MB-GAN","mbgan",4.31807128689725,2.86210444575843
0.347903534820498,0.0390170252945025,"Generated","train","MB-GAN","mbgan",4.31807128689725,2.86210444575843
-0.0129936156189784,0.151539919898192,"Generated","train","MB-GAN","mbgan",4.31807128689725,2.86210444575843
0.469400288735982,0.193982485387356,"Generated","train","MB-GAN","mbgan",4.31807128689725,2.86210444575843
-0.0500224530652495,0.121393528716497,"Generated","train","MB-GAN","mbgan",4.31807128689725,2.86210444575843
0.334714146287483,0.579266486626533,"Generated","train","MB-GAN","mbgan",4.31807128689725,2.86210444575843
-0.322248558686526,0.12832279432298,"Generated","train","MB-GAN","mbgan",4.31807128689725,2.86210444575843
0.405507032977758,-0.0329269860506453,"Generated","train","MB-GAN","mbgan",4.31807128689725,2.86210444575843
-0.0601124230254154,0.0452467703341267,"Generated","train","MB-GAN","mbgan",4.31807128689725,2.86210444575843
-0.231160974856839,-0.127569397572443,"Generated","train","MB-GAN","mbgan",4.31807128689725,2.86210444575843
0.660178513774188,0.53411236027686,"Generated","train","MB-GAN","mbgan",4.31807128689725,2.86210444575843
-0.522974326199685,-0.385017174367853,"Generated","train","MB-GAN","mbgan",4.31807128689725,2.86210444575843
-0.627694232235299,-0.0132737314081082,"Generated","train","MB-GAN","mbgan",4.31807128689725,2.86210444575843
0.629161944690517,0.467295175916115,"Generated","train","MB-GAN","mbgan",4.31807128689725,2.86210444575843
0.0775754630535259,-0.528136741112211,"Generated","train","MB-GAN","mbgan",4.31807128689725,2.86210444575843
0.301454894861775,0.540099362685512,"Generated","train","MB-GAN","mbgan",4.31807128689725,2.86210444575843
0.482153517163981,0.0375792376612465,"Generated","train","MB-GAN","mbgan",4.31807128689725,2.86210444575843
-0.346493770256455,0.0633705319425039,"Generated","train","MB-GAN","mbgan",4.31807128689725,2.86210444575843
-0.558843566381583,-0.0284823001982676,"Generated","train","MB-GAN","mbgan",4.31807128689725,2.86210444575843
-0.578732261589853,-0.154958163358704,"Generated","train","MB-GAN","mbgan",4.31807128689725,2.86210444575843
-0.279384380061113,-0.0799293506697924,"Generated","train","MB-GAN","mbgan",4.31807128689725,2.86210444575843
-0.076999578280493,-0.0316080587579686,"Generated","train","MB-GAN","mbgan",4.31807128689725,2.86210444575843
-0.524051643215533,-0.152037719257722,"Generated","train","MB-GAN","mbgan",4.31807128689725,2.86210444575843
0.411004096547234,-0.0256980558287359,"Generated","train","MB-GAN","mbgan",4.31807128689725,2.86210444575843
0.088687917749776,-0.000252025648980104,"Generated","train","MB-GAN","mbgan",4.31807128689725,2.86210444575843
-0.527274710645149,-0.150736903500271,"Generated","train","MB-GAN","mbgan",4.31807128689725,2.86210444575843
-0.220786136566003,-0.0987683143227663,"Generated","train","MB-GAN","mbgan",4.31807128689725,2.86210444575843
0.23147119912021,0.107396312985812,"Generated","train","MB-GAN","mbgan",4.31807128689725,2.86210444575843
0.206536235457988,0.396048753988071,"Generated","train","MB-GAN","mbgan",4.31807128689725,2.86210444575843
-0.168534300589552,0.202040000853642,"Generated","train","MB-GAN","mbgan",4.31807128689725,2.86210444575843
-0.501493272691234,0.123723480647863,"Generated","train","MB-GAN","mbgan",4.31807128689725,2.86210444575843
-0.661837530091852,-0.186928180621286,"Generated","train","MB-GAN","mbgan",4.31807128689725,2.86210444575843
0.241348567347389,0.154238535340638,"Generated","train","MB-GAN","mbgan",4.31807128689725,2.86210444575843
-0.685183474059036,-0.00538579811348151,"Generated","train","MB-GAN","mbgan",4.31807128689725,2.86210444575843
-0.0630819235421994,0.0584857252711464,"Generated","train","MB-GAN","mbgan",4.31807128689725,2.86210444575843
-0.112189432366822,-0.0169204618525243,"Generated","train","MB-GAN","mbgan",4.31807128689725,2.86210444575843
0.051721940401638,0.210521342300846,"Generated","train","MB-GAN","mbgan",4.31807128689725,2.86210444575843
-0.208625918057982,-0.000921536532532616,"Generated","train","MB-GAN","mbgan",4.31807128689725,2.86210444575843
-0.644257110498627,-0.244161252257314,"Generated","train","MB-GAN","mbgan",4.31807128689725,2.86210444575843
0.0806010293012218,0.321289426288795,"Generated","train","MB-GAN","mbgan",4.31807128689725,2.86210444575843
0.079250265872773,0.267741280422958,"Generated","train","MB-GAN","mbgan",4.31807128689725,2.86210444575843
-0.685297442871843,-0.297953144840299,"Generated","train","MB-GAN","mbgan",4.31807128689725,2.86210444575843
-0.54156667875588,-0.40476348673563,"Generated","train","MB-GAN","mbgan",4.31807128689725,2.86210444575843
0.628005723130522,-0.4699058365246,"Generated","train","MB-GAN","mbgan",4.31807128689725,2.86210444575843
0.658622615912364,-0.925570541995806,"Generated","train","MB-GAN","mbgan",4.31807128689725,2.86210444575843
0.234850401319912,0.387311173713245,"Generated","train","MB-GAN","mbgan",4.31807128689725,2.86210444575843
-0.693454220440249,-0.0260081370236367,"Generated","train","MB-GAN","mbgan",4.31807128689725,2.86210444575843
-0.616061620404897,-0.175356900027481,"Generated","train","MB-GAN","mbgan",4.31807128689725,2.86210444575843
-0.194719761331952,0.144294682813072,"Generated","train","MB-GAN","mbgan",4.31807128689725,2.86210444575843
0.234408996332026,0.0124861087167257,"Generated","train","MB-GAN","mbgan",4.31807128689725,2.86210444575843
0.573334724953841,-1.18147821425245,"Generated","train","MB-GAN","mbgan",4.31807128689725,2.86210444575843
-0.155409015912294,-0.0307780926255202,"Generated","train","MB-GAN","mbgan",4.31807128689725,2.86210444575843
0.519581745931556,-0.24713729390927,"Generated","train","MB-GAN","mbgan",4.31807128689725,2.86210444575843
0.0444559611365042,-0.0489189523869055,"Generated","train","MB-GAN","mbgan",4.31807128689725,2.86210444575843
-0.749923767596581,-0.253636149273438,"Generated","train","MB-GAN","mbgan",4.31807128689725,2.86210444575843
-0.100615844369202,-0.501199689641638,"Generated","train","MB-GAN","mbgan",4.31807128689725,2.86210444575843
0.64290475855342,0.262052302841458,"Generated","train","MB-GAN","mbgan",4.31807128689725,2.86210444575843
-0.382787877560234,-0.0589418527306488,"Generated","train","MB-GAN","mbgan",4.31807128689725,2.86210444575843
0.416808914016185,0.369391267825581,"Generated","train","MB-GAN","mbgan",4.31807128689725,2.86210444575843
-0.615768871008151,-0.301446180831561,"Generated","train","MB-GAN","mbgan",4.31807128689725,2.86210444575843
-0.628608546799859,0.0882956420120519,"Generated","train","MB-GAN","mbgan",4.31807128689725,2.86210444575843
-0.605167632466007,-0.0634244546240504,"Generated","train","MB-GAN","mbgan",4.31807128689725,2.86210444575843
0.934504602317857,-0.675799289159344,"Generated","train","MB-GAN","mbgan",4.31807128689725,2.86210444575843
-0.655570947461854,-0.276152026436446,"Generated","train","MB-GAN","mbgan",4.31807128689725,2.86210444575843
-0.770627725339089,-0.335519186673593,"Generated","train","MB-GAN","mbgan",4.31807128689725,2.86210444575843
-0.45113857393347,-0.161252901507508,"Generated","train","MB-GAN","mbgan",4.31807128689725,2.86210444575843
-0.657474595545332,0.0709657273583056,"Generated","train","MB-GAN","mbgan",4.31807128689725,2.86210444575843
0.0849898986654848,0.478411328776519,"Generated","train","MB-GAN","mbgan",4.31807128689725,2.86210444575843
-0.00883239223215501,-0.00772856926947671,"Generated","train","MB-GAN","mbgan",4.31807128689725,2.86210444575843
-0.210956144781059,0.189424296582443,"Generated","train","MB-GAN","mbgan",4.31807128689725,2.86210444575843
0.597910214596592,0.440590155179161,"Generated","train","MB-GAN","mbgan",4.31807128689725,2.86210444575843
-0.587830148960194,-0.117366040533968,"Generated","train","MB-GAN","mbgan",4.31807128689725,2.86210444575843
-0.772196427728538,-0.408027122826257,"Generated","train","MB-GAN","mbgan",4.31807128689725,2.86210444575843
-0.581615436077241,-0.122492692289622,"Generated","train","MB-GAN","mbgan",4.31807128689725,2.86210444575843
0.174253743192397,-0.877283255785097,"Generated","train","MB-GAN","mbgan",4.31807128689725,2.86210444575843
-0.440960732315627,-0.272540553047608,"Generated","train","MB-GAN","mbgan",4.31807128689725,2.86210444575843
0.347713723799058,0.502369951921303,"Generated","train","MB-GAN","mbgan",4.31807128689725,2.86210444575843
0.665898712271712,0.509357702788487,"Generated","train","MB-GAN","mbgan",4.31807128689725,2.86210444575843
0.279278310828887,0.414559868878513,"Generated","train","MB-GAN","mbgan",4.31807128689725,2.86210444575843
-0.315012063720297,-0.0824564015294945,"Generated","train","MB-GAN","mbgan",4.31807128689725,2.86210444575843
-0.482929761849818,-0.118382846026228,"Generated","train","MB-GAN","mbgan",4.31807128689725,2.86210444575843
0.689671836890403,0.536190562495514,"Generated","train","MB-GAN","mbgan",4.31807128689725,2.86210444575843
0.448783811234448,0.209558739874487,"Generated","train","MB-GAN","mbgan",4.31807128689725,2.86210444575843
0.622970607589894,0.214186008170098,"Generated","train","MB-GAN","mbgan",4.31807128689725,2.86210444575843
-0.650292804371414,-0.0133343093799102,"Generated","train","MB-GAN","mbgan",4.31807128689725,2.86210444575843
-0.442937838533416,-0.0760521350671558,"Generated","train","MB-GAN","mbgan",4.31807128689725,2.86210444575843
0.625337212636393,0.258950931377828,"Generated","train","MB-GAN","mbgan",4.31807128689725,2.86210444575843
-0.744632469454332,-0.189061683908686,"Generated","train","MB-GAN","mbgan",4.31807128689725,2.86210444575843
0.00529906644246943,0.322041851560188,"Generated","train","MB-GAN","mbgan",4.31807128689725,2.86210444575843
0.673647685644422,-1.20318488902945,"Generated","train","MB-GAN","mbgan",4.31807128689725,2.86210444575843
-0.24267183608893,-0.0359684324919059,"Generated","train","MB-GAN","mbgan",4.31807128689725,2.86210444575843
-0.780765786375182,-0.352459272938258,"Generated","train","MB-GAN","mbgan",4.31807128689725,2.86210444575843
0.400763443352323,0.552273987244379,"Generated","train","MB-GAN","mbgan",4.31807128689725,2.86210444575843
0.222734023511958,0.621199616967483,"Generated","train","MB-GAN","mbgan",4.31807128689725,2.86210444575843
0.819506479461551,-1.10205147468782,"Generated","train","MB-GAN","mbgan",4.31807128689725,2.86210444575843
-0.390893158634829,-0.0419500732906784,"Generated","train","MB-GAN","mbgan",4.31807128689725,2.86210444575843
0.31296431800777,0.123496739332208,"Generated","train","MB-GAN","mbgan",4.31807128689725,2.86210444575843
0.271559080916594,0.466257875755443,"Generated","train","MB-GAN","mbgan",4.31807128689725,2.86210444575843
-0.0558121291795877,0.0542181776588605,"Generated","train","MB-GAN","mbgan",4.31807128689725,2.86210444575843
-0.766357591904259,-0.305825926364373,"Generated","train","MB-GAN","mbgan",4.31807128689725,2.86210444575843
0.0385663177151893,0.219799012717979,"Generated","train","MB-GAN","mbgan",4.31807128689725,2.86210444575843
0.625590391435696,0.4195261547015,"Generated","train","MB-GAN","mbgan",4.31807128689725,2.86210444575843
-0.257619603669884,0.0867900983863429,"Generated","train","MB-GAN","mbgan",4.31807128689725,2.86210444575843
0.533300515853367,0.106935130638132,"Generated","train","MB-GAN","mbgan",4.31807128689725,2.86210444575843
-0.340821136911486,-0.271802807395837,"Generated","train","MB-GAN","mbgan",4.31807128689725,2.86210444575843
0.4508489121397,-0.00358029864692922,"Generated","train","MB-GAN","mbgan",4.31807128689725,2.86210444575843
0.489035470375,0.120800778456301,"Generated","train","MB-GAN","mbgan",4.31807128689725,2.86210444575843
0.644627359230676,0.476876062590087,"Generated","train","MB-GAN","mbgan",4.31807128689725,2.86210444575843
-0.672097657767204,0.060549621717871,"Generated","train","MB-GAN","mbgan",4.31807128689725,2.86210444575843
-0.184786381761625,0.0407715725321275,"Generated","train","MB-GAN","mbgan",4.31807128689725,2.86210444575843
-0.624945112898262,0.0582385853220255,"Generated","train","MB-GAN","mbgan",4.31807128689725,2.86210444575843
0.338147441107992,0.263441459146564,"Generated","train","MB-GAN","mbgan",4.31807128689725,2.86210444575843
0.399400616429289,0.265820590937856,"Generated","train","MB-GAN","mbgan",4.31807128689725,2.86210444575843
0.569353975322234,0.128182352736746,"Generated","train","MB-GAN","mbgan",4.31807128689725,2.86210444575843
-0.615557888397908,-0.00372808137204701,"Generated","train","MB-GAN","mbgan",4.31807128689725,2.86210444575843
-0.266063611518086,0.0449178554978066,"Generated","train","MB-GAN","mbgan",4.31807128689725,2.86210444575843
-0.574407520840093,0.0533870290624521,"Generated","train","MB-GAN","mbgan",4.31807128689725,2.86210444575843
-0.513745641719914,-0.135187574442169,"Generated","train","MB-GAN","mbgan",4.31807128689725,2.86210444575843
0.0882506390911136,0.197810131722548,"Generated","train","MB-GAN","mbgan",4.31807128689725,2.86210444575843
0.636725052744955,0.256965679020424,"Generated","train","MB-GAN","mbgan",4.31807128689725,2.86210444575843
0.620667828774738,0.209019247046495,"Generated","train","MB-GAN","mbgan",4.31807128689725,2.86210444575843
-0.822901157750522,-0.248496699263755,"Generated","train","MB-GAN","mbgan",4.31807128689725,2.86210444575843
-0.097546376403791,-0.596514018661158,"Generated","train","MB-GAN","mbgan",4.31807128689725,2.86210444575843
-0.745399732278153,-0.0536661858894589,"Generated","train","MB-GAN","mbgan",4.31807128689725,2.86210444575843
0.123285690803795,0.0517564664700517,"Generated","train","MB-GAN","mbgan",4.31807128689725,2.86210444575843
0.463313231439265,0.000413560849762941,"Generated","train","MB-GAN","mbgan",4.31807128689725,2.86210444575843
-0.401222999310627,-0.0345223960353327,"Generated","train","MB-GAN","mbgan",4.31807128689725,2.86210444575843
0.506379964429819,0.0854897018839059,"Generated","train","MB-GAN","mbgan",4.31807128689725,2.86210444575843
0.627130943233209,0.248173630098943,"Generated","train","MB-GAN","mbgan",4.31807128689725,2.86210444575843
0.549810361976784,0.113294790384738,"Generated","train","MB-GAN","mbgan",4.31807128689725,2.86210444575843
-0.529968462864832,-0.0881641128780068,"Generated","train","MB-GAN","mbgan",4.31807128689725,2.86210444575843
-0.689636893322567,-0.243199114423876,"Generated","train","MB-GAN","mbgan",4.31807128689725,2.86210444575843
-0.389800835727958,-0.445542310213902,"Generated","train","MB-GAN","mbgan",4.31807128689725,2.86210444575843
-0.260399464904511,0.0133653680427317,"Generated","train","MB-GAN","mbgan",4.31807128689725,2.86210444575843
-0.672240607974973,-0.444132331500656,"Generated","train","MB-GAN","mbgan",4.31807128689725,2.86210444575843
0.5703593656995,0.128153583822034,"Generated","train","MB-GAN","mbgan",4.31807128689725,2.86210444575843
0.591191225179163,0.348554853618793,"Generated","train","MB-GAN","mbgan",4.31807128689725,2.86210444575843
0.202166215496299,0.398432889326723,"Generated","train","MB-GAN","mbgan",4.31807128689725,2.86210444575843
0.288865872277841,0.376244285470787,"Generated","train","MB-GAN","mbgan",4.31807128689725,2.86210444575843
0.53066690447874,-0.451496609777273,"Generated","train","MB-GAN","mbgan",4.31807128689725,2.86210444575843
-0.415940491774952,0.0377207338332153,"Generated","train","MB-GAN","mbgan",4.31807128689725,2.86210444575843
0.41007320686134,0.0168268390238265,"Generated","train","MB-GAN","mbgan",4.31807128689725,2.86210444575843
0.775447139961788,-1.22259394076852,"Generated","train","MB-GAN","mbgan",4.31807128689725,2.86210444575843
-0.498038633293912,0.0203231134664529,"Generated","train","MB-GAN","mbgan",4.31807128689725,2.86210444575843
0.601877084481401,0.252501134757911,"Generated","train","MB-GAN","mbgan",4.31807128689725,2.86210444575843
0.26927482073867,0.438304824823504,"Generated","train","MB-GAN","mbgan",4.31807128689725,2.86210444575843
-0.626826060839085,-0.125665876787223,"Generated","train","MB-GAN","mbgan",4.31807128689725,2.86210444575843
-0.0180691121895705,-0.96329935013949,"Generated","train","MB-GAN","mbgan",4.31807128689725,2.86210444575843
-0.135002068983933,0.101263405248549,"Generated","train","MB-GAN","mbgan",4.31807128689725,2.86210444575843
0.0797760853591501,0.328503223131901,"Generated","train","MB-GAN","mbgan",4.31807128689725,2.86210444575843
0.399809981239024,0.34117602650559,"Generated","train","MB-GAN","mbgan",4.31807128689725,2.86210444575843
-0.429637060807935,0.137032954562736,"Generated","train","MB-GAN","mbgan",4.31807128689725,2.86210444575843
0.121279106837853,0.491777710960814,"Generated","train","MB-GAN","mbgan",4.31807128689725,2.86210444575843
0.343435075665843,0.176209518553176,"Generated","train","MB-GAN","mbgan",4.31807128689725,2.86210444575843
0.410512651727028,0.268312584994102,"Generated","train","MB-GAN","mbgan",4.31807128689725,2.86210444575843
-0.351558537051597,-0.116033262435688,"Generated","train","MB-GAN","mbgan",4.31807128689725,2.86210444575843
0.033490300420176,0.292067622563167,"Generated","train","MB-GAN","mbgan",4.31807128689725,2.86210444575843
0.171238387001188,0.385127224990333,"Generated","train","MB-GAN","mbgan",4.31807128689725,2.86210444575843
-0.574395490109263,-0.00139501481925142,"Generated","train","MB-GAN","mbgan",4.31807128689725,2.86210444575843
-0.800426361404415,-0.271911923272327,"Generated","train","MB-GAN","mbgan",4.31807128689725,2.86210444575843
0.480317961065119,0.00547811244558367,"Generated","train","MB-GAN","mbgan",4.31807128689725,2.86210444575843
0.721145724832373,-1.04571709377561,"Generated","train","MB-GAN","mbgan",4.31807128689725,2.86210444575843
0.56368686076667,0.203928141842126,"Generated","train","MB-GAN","mbgan",4.31807128689725,2.86210444575843
-0.075040071532924,0.241572107833737,"Generated","train","MB-GAN","mbgan",4.31807128689725,2.86210444575843
0.192451124340851,0.24349041817261,"Generated","train","MB-GAN","mbgan",4.31807128689725,2.86210444575843
0.478611257867654,0.0862289085798671,"Generated","train","MB-GAN","mbgan",4.31807128689725,2.86210444575843
-0.792131446627736,-0.255778992911575,"Generated","train","MB-GAN","mbgan",4.31807128689725,2.86210444575843
-0.593226135279878,-0.219145245106832,"Generated","train","MB-GAN","mbgan",4.31807128689725,2.86210444575843
0.182271597236769,0.462345389253479,"Generated","train","MB-GAN","mbgan",4.31807128689725,2.86210444575843
0.562572758948152,0.322722657847817,"Generated","train","MB-GAN","mbgan",4.31807128689725,2.86210444575843
-0.0843123940237394,0.281118429768706,"Generated","train","MB-GAN","mbgan",4.31807128689725,2.86210444575843
-0.321925927214644,-0.0474779132613332,"Generated","train","MB-GAN","mbgan",4.31807128689725,2.86210444575843
-0.361715735667705,-0.256058580454115,"Generated","train","MB-GAN","mbgan",4.31807128689725,2.86210444575843
-0.331993705633752,0.142508065156686,"Generated","train","MB-GAN","mbgan",4.31807128689725,2.86210444575843
0.375990902061796,0.0136320127613844,"Generated","train","MB-GAN","mbgan",4.31807128689725,2.86210444575843
-0.219979380416692,0.147945108756582,"Generated","train","MB-GAN","mbgan",4.31807128689725,2.86210444575843
-0.192333393517366,0.246519882226697,"Generated","train","MB-GAN","mbgan",4.31807128689725,2.86210444575843
0.349388834964785,0.55169349197895,"Generated","train","MB-GAN","mbgan",4.31807128689725,2.86210444575843
0.253573049144382,0.558261329376182,"Generated","train","MB-GAN","mbgan",4.31807128689725,2.86210444575843
0.411089293527754,0.45022048125631,"Generated","train","MB-GAN","mbgan",4.31807128689725,2.86210444575843
-0.579882249226217,-0.162284209153793,"Generated","train","MB-GAN","mbgan",4.31807128689725,2.86210444575843
-0.722063777986641,-0.114056981696805,"Generated","train","MB-GAN","mbgan",4.31807128689725,2.86210444575843
-0.636262353406465,-0.0343626414004207,"Generated","train","MB-GAN","mbgan",4.31807128689725,2.86210444575843
0.503185094376003,0.435662269185431,"Generated","train","MB-GAN","mbgan",4.31807128689725,2.86210444575843
0.446847770940065,0.100291139873103,"Generated","train","MB-GAN","mbgan",4.31807128689725,2.86210444575843
0.211540843492393,0.55926511780243,"Generated","train","MB-GAN","mbgan",4.31807128689725,2.86210444575843
0.623558427602933,0.387652116580167,"Generated","train","MB-GAN","mbgan",4.31807128689725,2.86210444575843
0.111028205596943,-0.0210744781433436,"Generated","train","MB-GAN","mbgan",4.31807128689725,2.86210444575843
0.365234960100451,0.54182191275293,"Generated","train","MB-GAN","mbgan",4.31807128689725,2.86210444575843
-0.311220070081955,-0.122712841163811,"Generated","train","MB-GAN","mbgan",4.31807128689725,2.86210444575843
0.521883084829242,-0.663320653707982,"Generated","train","MB-GAN","mbgan",4.31807128689725,2.86210444575843
-0.596097529267228,-0.207189539966785,"Generated","train","MB-GAN","mbgan",4.31807128689725,2.86210444575843
-0.0112296389467802,-0.0488932541981055,"Generated","train","MB-GAN","mbgan",4.31807128689725,2.86210444575843
-0.406374784900879,-0.0441478207333796,"Generated","train","MB-GAN","mbgan",4.31807128689725,2.86210444575843
-0.831299312732887,-0.330400315733901,"Generated","train","MB-GAN","mbgan",4.31807128689725,2.86210444575843
-0.594718304627182,0.0189178073102199,"Generated","train","MB-GAN","mbgan",4.31807128689725,2.86210444575843
-0.628702103931345,-0.132481162472496,"Generated","train","MB-GAN","mbgan",4.31807128689725,2.86210444575843
-0.615084297961506,-0.286439437221362,"Generated","train","MB-GAN","mbgan",4.31807128689725,2.86210444575843
0.506227305409663,-0.579250537081916,"Generated","train","MB-GAN","mbgan",4.31807128689725,2.86210444575843
-0.569443363247691,-0.412855354440373,"Generated","train","MB-GAN","mbgan",4.31807128689725,2.86210444575843
-0.16356674010854,0.00196042410584318,"Generated","train","MB-GAN","mbgan",4.31807128689725,2.86210444575843
-0.490767436083791,0.036186400614966,"Generated","train","MB-GAN","mbgan",4.31807128689725,2.86210444575843
0.404013530484004,0.249490445463299,"Generated","train","MB-GAN","mbgan",4.31807128689725,2.86210444575843
-0.488430293471714,0.0857740912577001,"Generated","train","MB-GAN","mbgan",4.31807128689725,2.86210444575843
0.225406568599046,0.50052631762198,"Generated","train","MB-GAN","mbgan",4.31807128689725,2.86210444575843
-0.34671312251484,-0.0402724195888578,"Generated","train","MB-GAN","mbgan",4.31807128689725,2.86210444575843
0.225946541269216,0.455711449806763,"Generated","train","MB-GAN","mbgan",4.31807128689725,2.86210444575843
-0.711392961927623,-0.233087347989924,"Generated","train","MB-GAN","mbgan",4.31807128689725,2.86210444575843
-0.101781805654549,0.147990936355585,"Generated","train","MB-GAN","mbgan",4.31807128689725,2.86210444575843
0.309202303652575,0.643706704892076,"Generated","train","MB-GAN","mbgan",4.31807128689725,2.86210444575843
0.0402138146911609,0.115758898114306,"Generated","train","MB-GAN","mbgan",4.31807128689725,2.86210444575843
0.422931665801981,0.144788636037447,"Generated","train","MB-GAN","mbgan",4.31807128689725,2.86210444575843
0.411595353539174,-0.612720066030785,"Generated","train","MB-GAN","mbgan",4.31807128689725,2.86210444575843
0.446866407180033,0.574215419564982,"Generated","train","MB-GAN","mbgan",4.31807128689725,2.86210444575843
-0.591514262127043,0.0981638515519888,"Generated","train","MB-GAN","mbgan",4.31807128689725,2.86210444575843
0.653230202289863,-0.674405645483318,"Generated","train","MB-GAN","mbgan",4.31807128689725,2.86210444575843
0.228583825860059,0.143555523265933,"Generated","train","MB-GAN","mbgan",4.31807128689725,2.86210444575843
0.185791561522812,0.162731743660765,"Generated","train","MB-GAN","mbgan",4.31807128689725,2.86210444575843
-0.601673163839394,-0.0801561537258641,"Generated","train","MB-GAN","mbgan",4.31807128689725,2.86210444575843
-0.731783562206186,-0.314955303440233,"Generated","train","MB-GAN","mbgan",4.31807128689725,2.86210444575843
0.534916658184375,0.0917065278454475,"Generated","train","MB-GAN","mbgan",4.31807128689725,2.86210444575843
0.29023135601211,0.588044467286549,"Generated","train","MB-GAN","mbgan",4.31807128689725,2.86210444575843
0.208175650537582,0.390319020233951,"Generated","train","MB-GAN","mbgan",4.31807128689725,2.86210444575843
0.218740247528331,-0.0529168065190337,"Generated","train","MB-GAN","mbgan",4.31807128689725,2.86210444575843
-0.648299523506064,-0.13487171271461,"Generated","train","MB-GAN","mbgan",4.31807128689725,2.86210444575843
0.684175376506891,-0.709904923627993,"Generated","train","MB-GAN","mbgan",4.31807128689725,2.86210444575843
-0.127915054963359,0.0622341635503838,"Generated","train","MB-GAN","mbgan",4.31807128689725,2.86210444575843
0.76380679982656,-0.848505036247231,"Generated","train","MB-GAN","mbgan",4.31807128689725,2.86210444575843
-0.470900069881933,-0.0789941672233447,"Generated","train","MB-GAN","mbgan",4.31807128689725,2.86210444575843
0.150035090560662,0.0907361810621208,"Generated","train","MB-GAN","mbgan",4.31807128689725,2.86210444575843
-0.717093635602534,-0.00784213949503679,"Generated","train","MB-GAN","mbgan",4.31807128689725,2.86210444575843
0.507978018442436,-1.25176587695682,"Generated","train","MB-GAN","mbgan",4.31807128689725,2.86210444575843
0.219765312467076,0.465913240944336,"Generated","train","MB-GAN","mbgan",4.31807128689725,2.86210444575843
0.0198780291747255,0.240540521368884,"Generated","train","MB-GAN","mbgan",4.31807128689725,2.86210444575843
0.528795186775324,0.0676742449321026,"Generated","train","MB-GAN","mbgan",4.31807128689725,2.86210444575843
-0.607651412326698,-0.107993676282406,"Generated","train","MB-GAN","mbgan",4.31807128689725,2.86210444575843
-0.162250698147362,0.0239076492930901,"Generated","train","MB-GAN","mbgan",4.31807128689725,2.86210444575843
-0.788447967164731,-0.121999389882557,"Generated","train","MB-GAN","mbgan",4.31807128689725,2.86210444575843
0.708103450796411,0.516895356118015,"Generated","train","MB-GAN","mbgan",4.31807128689725,2.86210444575843
0.605223259255699,0.178194405979821,"Generated","train","MB-GAN","mbgan",4.31807128689725,2.86210444575843
-0.392065962747883,0.118520064474311,"Generated","train","MB-GAN","mbgan",4.31807128689725,2.86210444575843
0.602881697300483,0.210810774274008,"Generated","train","MB-GAN","mbgan",4.31807128689725,2.86210444575843
-0.105978653996381,0.159561179063075,"Generated","train","MB-GAN","mbgan",4.31807128689725,2.86210444575843
-0.577968471717555,-0.386546759526573,"Generated","train","MB-GAN","mbgan",4.31807128689725,2.86210444575843
-0.185589026124287,-0.172052216548822,"Generated","train","MB-GAN","mbgan",4.31807128689725,2.86210444575843
0.0827003235686068,0.346838440636466,"Generated","train","MB-GAN","mbgan",4.31807128689725,2.86210444575843
-0.363968399836439,-0.053247546737009,"Generated","train","MB-GAN","mbgan",4.31807128689725,2.86210444575843
-0.834212038548988,-0.209969181518909,"Generated","train","MB-GAN","mbgan",4.31807128689725,2.86210444575843
-0.120973748839015,0.264522290399912,"Generated","train","MB-GAN","mbgan",4.31807128689725,2.86210444575843
0.650152224198345,0.419607480715756,"Generated","train","MB-GAN","mbgan",4.31807128689725,2.86210444575843
0.621913789426367,0.286127018916381,"Generated","train","MB-GAN","mbgan",4.31807128689725,2.86210444575843
-0.784880943659189,-0.0893074694456892,"Generated","train","MB-GAN","mbgan",4.31807128689725,2.86210444575843
0.0594870152572367,0.199797521415402,"Generated","train","MB-GAN","mbgan",4.31807128689725,2.86210444575843
0.332401067429786,0.385835373362235,"Generated","train","MB-GAN","mbgan",4.31807128689725,2.86210444575843
-0.61860818550866,-0.377132778856895,"Generated","train","MB-GAN","mbgan",4.31807128689725,2.86210444575843
0.166497108026053,-0.421538755836028,"Generated","train","MB-GAN","mbgan",4.31807128689725,2.86210444575843
0.250377169873493,0.566662680437547,"Generated","train","MB-GAN","mbgan",4.31807128689725,2.86210444575843
0.595206179992884,0.198606285033734,"Generated","train","MB-GAN","mbgan",4.31807128689725,2.86210444575843
-0.627744073815747,-0.107770145434348,"Generated","train","MB-GAN","mbgan",4.31807128689725,2.86210444575843
-0.67292722470021,-0.283859351601995,"Generated","train","MB-GAN","mbgan",4.31807128689725,2.86210444575843
-0.643888274697319,-0.179792542957882,"Generated","train","MB-GAN","mbgan",4.31807128689725,2.86210444575843
0.618848073031923,0.356049142696237,"Generated","train","MB-GAN","mbgan",4.31807128689725,2.86210444575843
0.317380093416287,-0.785818215179621,"Generated","train","MB-GAN","mbgan",4.31807128689725,2.86210444575843
0.136570884504657,0.180416247087417,"Generated","train","MB-GAN","mbgan",4.31807128689725,2.86210444575843
0.0665263982329702,0.106750840620546,"Generated","train","MB-GAN","mbgan",4.31807128689725,2.86210444575843
-0.481838123999482,0.0258810174672675,"Generated","train","MB-GAN","mbgan",4.31807128689725,2.86210444575843
0.411857934446164,0.512218907478943,"Generated","train","MB-GAN","mbgan",4.31807128689725,2.86210444575843
-0.604157522136289,-0.157644302053211,"Generated","train","MB-GAN","mbgan",4.31807128689725,2.86210444575843
0.55974256034419,0.35605680492464,"Generated","train","MB-GAN","mbgan",4.31807128689725,2.86210444575843
-0.280999323424343,0.285801888495756,"Generated","train","MB-GAN","mbgan",4.31807128689725,2.86210444575843
-0.105515896595634,0.361405567137696,"Generated","train","MB-GAN","mbgan",4.31807128689725,2.86210444575843
-0.394402373893053,0.205029117854233,"Generated","train","MB-GAN","mbgan",4.31807128689725,2.86210444575843
0.166498239848664,0.108303717437804,"Generated","train","MB-GAN","mbgan",4.31807128689725,2.86210444575843
-0.104253104224291,0.289516657011644,"Generated","train","MB-GAN","mbgan",4.31807128689725,2.86210444575843
-0.529098167582536,0.0141881944878376,"Generated","train","MB-GAN","mbgan",4.31807128689725,2.86210444575843
0.210782118225492,0.536420307501574,"Generated","train","MB-GAN","mbgan",4.31807128689725,2.86210444575843
-0.760561278774108,-0.228115677435709,"Generated","train","MB-GAN","mbgan",4.31807128689725,2.86210444575843
0.600969627941203,0.393937048234518,"Generated","train","MB-GAN","mbgan",4.31807128689725,2.86210444575843
0.396797577783639,0.17638575150197,"Generated","train","MB-GAN","mbgan",4.31807128689725,2.86210444575843
0.572690253734448,0.245118759119842,"Generated","train","MB-GAN","mbgan",4.31807128689725,2.86210444575843
0.703197115055198,0.515307559425589,"Generated","train","MB-GAN","mbgan",4.31807128689725,2.86210444575843
-0.286665907410514,-0.00357664382350476,"Generated","train","MB-GAN","mbgan",4.31807128689725,2.86210444575843
-0.49225781076953,-0.111038197264363,"Generated","train","MB-GAN","mbgan",4.31807128689725,2.86210444575843
-0.459435976234992,0.0508922790354514,"Generated","train","MB-GAN","mbgan",4.31807128689725,2.86210444575843
-0.772643942202342,-0.259998389488435,"Generated","train","MB-GAN","mbgan",4.31807128689725,2.86210444575843
-0.268402122277535,0.264831012577964,"Generated","train","MB-GAN","mbgan",4.31807128689725,2.86210444575843
-0.560839802868688,-0.0994657140610352,"Generated","train","MB-GAN","mbgan",4.31807128689725,2.86210444575843
0.297978171715998,0.299796832781282,"Generated","train","MB-GAN","mbgan",4.31807128689725,2.86210444575843
0.66552374995488,-1.17173570031414,"Generated","train","MB-GAN","mbgan",4.31807128689725,2.86210444575843
-0.585663079288968,-0.221872046625178,"Generated","train","MB-GAN","mbgan",4.31807128689725,2.86210444575843
0.0670270183183002,0.107628522006115,"Generated","train","MB-GAN","mbgan",4.31807128689725,2.86210444575843
0.741667352350257,-0.222278522813486,"Generated","train","MB-GAN","mbgan",4.31807128689725,2.86210444575843
-0.381488809640401,0.0321219411260737,"Generated","train","MB-GAN","mbgan",4.31807128689725,2.86210444575843
-0.489855687413441,0.183463545113545,"Generated","train","MB-GAN","mbgan",4.31807128689725,2.86210444575843
-0.0258923592976634,0.151234316559456,"Generated","train","MB-GAN","mbgan",4.31807128689725,2.86210444575843
-0.666859613651135,-0.38118963827081,"Generated","train","MB-GAN","mbgan",4.31807128689725,2.86210444575843
0.0701351240728718,0.36414835203527,"Generated","train","MB-GAN","mbgan",4.31807128689725,2.86210444575843
0.496249558910145,0.0653886007617349,"Generated","train","MB-GAN","mbgan",4.31807128689725,2.86210444575843
-0.214503584009212,0.0454992565622733,"Generated","train","MB-GAN","mbgan",4.31807128689725,2.86210444575843
-0.610639374943075,0.131914393951044,"Generated","train","MB-GAN","mbgan",4.31807128689725,2.86210444575843
0.525266877851112,0.0609962348554192,"Generated","train","MB-GAN","mbgan",4.31807128689725,2.86210444575843
0.644473159603325,-0.718621270596664,"Generated","train","MB-GAN","mbgan",4.31807128689725,2.86210444575843
-0.758862918043059,-0.1161944787234,"Generated","train","MB-GAN","mbgan",4.31807128689725,2.86210444575843
-0.519142294905175,-0.208494588354905,"Generated","train","MB-GAN","mbgan",4.31807128689725,2.86210444575843
-0.621019149373121,-0.284232171497919,"Generated","train","MB-GAN","mbgan",4.31807128689725,2.86210444575843
0.276978990376222,0.0913434665121474,"Generated","train","MB-GAN","mbgan",4.31807128689725,2.86210444575843
0.530299310609224,0.0985456313035303,"Generated","train","MB-GAN","mbgan",4.31807128689725,2.86210444575843
-0.320812003380734,0.0735760967076589,"Generated","train","MB-GAN","mbgan",4.31807128689725,2.86210444575843
-0.490956589099556,-0.37615234278494,"Generated","train","MB-GAN","mbgan",4.31807128689725,2.86210444575843
0.352634538550791,0.357227292701057,"Generated","train","MB-GAN","mbgan",4.31807128689725,2.86210444575843
0.204111040844013,0.0135099910511935,"Generated","train","MB-GAN","mbgan",4.31807128689725,2.86210444575843
-0.621303183946316,-0.140008525169244,"Generated","train","MB-GAN","mbgan",4.31807128689725,2.86210444575843
0.752847474371069,-1.16019889879426,"Generated","train","MB-GAN","mbgan",4.31807128689725,2.86210444575843
-0.472409347555334,0.0379629381683238,"Generated","train","MB-GAN","mbgan",4.31807128689725,2.86210444575843
-0.711414601430833,-0.333531761743829,"Generated","train","MB-GAN","mbgan",4.31807128689725,2.86210444575843
-0.619580462933407,-0.499281199332289,"Generated","train","MB-GAN","mbgan",4.31807128689725,2.86210444575843
-0.487137158175991,0.0286024787363767,"Generated","train","MB-GAN","mbgan",4.31807128689725,2.86210444575843
-0.51825218240846,-0.0588948767717897,"Generated","train","MB-GAN","mbgan",4.31807128689725,2.86210444575843
0.167253037914125,0.18611705854959,"Generated","train","MB-GAN","mbgan",4.31807128689725,2.86210444575843
0.36690577496386,-0.0172034850450804,"Generated","train","MB-GAN","mbgan",4.31807128689725,2.86210444575843
-0.55511167874401,-0.462789662035164,"Generated","train","MB-GAN","mbgan",4.31807128689725,2.86210444575843
-0.463534436576928,-0.240308112511678,"Generated","train","MB-GAN","mbgan",4.31807128689725,2.86210444575843
1.00521514472359,-1.02460111398119,"Generated","train","MB-GAN","mbgan",4.31807128689725,2.86210444575843
0.824249524192019,-1.069006270564,"Generated","train","MB-GAN","mbgan",4.31807128689725,2.86210444575843
0.180582231252183,0.231133821144435,"Generated","train","MB-GAN","mbgan",4.31807128689725,2.86210444575843
0.381259104129117,0.107805451046226,"Generated","train","MB-GAN","mbgan",4.31807128689725,2.86210444575843
-0.373375899115472,-0.0992451357503377,"Generated","train","MB-GAN","mbgan",4.31807128689725,2.86210444575843
-0.472170383328384,-0.018109233617814,"Generated","train","MB-GAN","mbgan",4.31807128689725,2.86210444575843
0.203415777601664,0.0310129823821906,"Generated","train","MB-GAN","mbgan",4.31807128689725,2.86210444575843
0.184634310875113,0.529951509155823,"Generated","train","MB-GAN","mbgan",4.31807128689725,2.86210444575843
-0.700377796239753,-0.0696380890931656,"Generated","train","MB-GAN","mbgan",4.31807128689725,2.86210444575843
-0.201914700576433,-0.0496262177836054,"Generated","train","MB-GAN","mbgan",4.31807128689725,2.86210444575843
-0.437328123895783,0.0260903370427457,"Generated","train","MB-GAN","mbgan",4.31807128689725,2.86210444575843
-0.194366338763383,-0.0673167813554967,"Generated","train","MB-GAN","mbgan",4.31807128689725,2.86210444575843
-0.781668145803605,-0.146353774304027,"Generated","train","MB-GAN","mbgan",4.31807128689725,2.86210444575843
-0.208643140252982,0.241296985863237,"Generated","train","MB-GAN","mbgan",4.31807128689725,2.86210444575843
0.0773068608551845,-0.87840526162174,"Generated","train","MB-GAN","mbgan",4.31807128689725,2.86210444575843
0.0829497495405391,0.447850090030061,"Generated","train","MB-GAN","mbgan",4.31807128689725,2.86210444575843
-0.253148797017999,0.150988341956042,"Generated","train","MB-GAN","mbgan",4.31807128689725,2.86210444575843
0.276830321081322,0.531034536434274,"Generated","train","MB-GAN","mbgan",4.31807128689725,2.86210444575843
-0.586613232663313,-0.0533428348482205,"Generated","train","MB-GAN","mbgan",4.31807128689725,2.86210444575843
0.214314222521671,-0.124788855802286,"Generated","train","MB-GAN","mbgan",4.31807128689725,2.86210444575843
-0.487593279860482,0.156073312470203,"Generated","train","MB-GAN","mbgan",4.31807128689725,2.86210444575843
-0.244964811214593,0.0632047283689407,"Generated","train","MB-GAN","mbgan",4.31807128689725,2.86210444575843
0.111434669973821,0.472837819509038,"Generated","train","MB-GAN","mbgan",4.31807128689725,2.86210444575843
-0.70665915929802,-0.293967429529927,"Generated","train","MB-GAN","mbgan",4.31807128689725,2.86210444575843
0.631976676710879,0.414334771139816,"Generated","train","MB-GAN","mbgan",4.31807128689725,2.86210444575843
-0.674851767374803,0.000376566298505618,"Generated","train","MB-GAN","mbgan",4.31807128689725,2.86210444575843
0.345423445506708,0.400921532212124,"Generated","train","MB-GAN","mbgan",4.31807128689725,2.86210444575843
-0.510558130997347,-0.274590002794947,"Generated","train","MB-GAN","mbgan",4.31807128689725,2.86210444575843
-0.779589607992331,-0.346287457394614,"Generated","train","MB-GAN","mbgan",4.31807128689725,2.86210444575843
0.272445268510006,0.480911233209749,"Generated","train","MB-GAN","mbgan",4.31807128689725,2.86210444575843
-0.573020911763523,0.0241807355503329,"Generated","train","MB-GAN","mbgan",4.31807128689725,2.86210444575843
0.184465235206088,0.16207660299355,"Generated","train","MB-GAN","mbgan",4.31807128689725,2.86210444575843
0.134737468793814,0.419925013454781,"Generated","train","MB-GAN","mbgan",4.31807128689725,2.86210444575843
-0.717556169000946,-0.407713961129394,"Generated","train","MB-GAN","mbgan",4.31807128689725,2.86210444575843
0.572423132245835,-1.12833089583642,"Generated","train","MB-GAN","mbgan",4.31807128689725,2.86210444575843
0.263264166670129,0.152575076639141,"Generated","train","MB-GAN","mbgan",4.31807128689725,2.86210444575843
-0.0155208524704991,0.0316602833779955,"Generated","train","MB-GAN","mbgan",4.31807128689725,2.86210444575843
0.298444259615887,0.339974974123237,"Generated","train","MB-GAN","mbgan",4.31807128689725,2.86210444575843
-0.484420176249139,0.017936455939932,"Generated","train","MB-GAN","mbgan",4.31807128689725,2.86210444575843
0.351268273828155,0.342131806039612,"Generated","train","MB-GAN","mbgan",4.31807128689725,2.86210444575843
0.358154473875843,-1.08322198388809,"Generated","train","MB-GAN","mbgan",4.31807128689725,2.86210444575843
0.27123109707312,0.205133511454855,"Generated","train","MB-GAN","mbgan",4.31807128689725,2.86210444575843
-0.677189617651735,-0.214573307374222,"Generated","train","MB-GAN","mbgan",4.31807128689725,2.86210444575843
0.704005463960321,0.512702319516265,"Generated","train","MB-GAN","mbgan",4.31807128689725,2.86210444575843
-0.740601016391669,-0.324790143682993,"Generated","train","MB-GAN","mbgan",4.31807128689725,2.86210444575843
0.154740410358222,0.268464561745149,"Generated","train","MB-GAN","mbgan",4.31807128689725,2.86210444575843
-0.700282686991931,-0.379747757217603,"Generated","train","MB-GAN","mbgan",4.31807128689725,2.86210444575843
0.115776277999344,-0.597911820233891,"Generated","train","MB-GAN","mbgan",4.31807128689725,2.86210444575843
-0.429213495625248,0.00714051953971675,"Generated","train","MB-GAN","mbgan",4.31807128689725,2.86210444575843
-0.232299106407221,-0.0735329449907179,"Generated","train","MB-GAN","mbgan",4.31807128689725,2.86210444575843
0.362541892816256,-0.44099099290833,"Generated","train","MB-GAN","mbgan",4.31807128689725,2.86210444575843
-0.0284762514862867,-0.349088744865288,"Generated","train","MB-GAN","mbgan",4.31807128689725,2.86210444575843
-0.570449945267514,-0.0715924064682325,"Generated","train","MB-GAN","mbgan",4.31807128689725,2.86210444575843
-0.642129388384476,-0.259519149543466,"Generated","train","MB-GAN","mbgan",4.31807128689725,2.86210444575843
0.198004140000781,0.388320981633621,"Generated","train","MB-GAN","mbgan",4.31807128689725,2.86210444575843
0.119515101830758,0.0725275185435171,"Generated","train","MB-GAN","mbgan",4.31807128689725,2.86210444575843
-0.337186711252794,0.130416212560682,"Generated","train","MB-GAN","mbgan",4.31807128689725,2.86210444575843
-0.423049862642151,-0.322955577868895,"Generated","train","MB-GAN","mbgan",4.31807128689725,2.86210444575843
-0.359830790165995,-0.303663119115298,"Generated","train","MB-GAN","mbgan",4.31807128689725,2.86210444575843
-0.752816229542764,-0.268410766001396,"Generated","train","MB-GAN","mbgan",4.31807128689725,2.86210444575843
-0.389880176867019,-0.0747875224509635,"Generated","train","MB-GAN","mbgan",4.31807128689725,2.86210444575843
-0.111311391489841,0.081198252918741,"Generated","train","MB-GAN","mbgan",4.31807128689725,2.86210444575843
-0.611680349723583,-0.425870313289784,"Generated","train","MB-GAN","mbgan",4.31807128689725,2.86210444575843
0.384787954181941,0.178732017757177,"Generated","train","MB-GAN","mbgan",4.31807128689725,2.86210444575843
0.621397270422606,0.449626601032874,"Generated","train","MB-GAN","mbgan",4.31807128689725,2.86210444575843
0.939305293160015,-1.17642315827976,"Generated","train","MB-GAN","mbgan",4.31807128689725,2.86210444575843
0.127701133877705,0.493164586212294,"Generated","train","MB-GAN","mbgan",4.31807128689725,2.86210444575843
0.479683365861622,0.00959913373627016,"Generated","train","MB-GAN","mbgan",4.31807128689725,2.86210444575843
0.857653848802787,-1.19178585172411,"Generated","train","MB-GAN","mbgan",4.31807128689725,2.86210444575843
-0.222901094705591,-0.527668938076499,"Generated","train","MB-GAN","mbgan",4.31807128689725,2.86210444575843
0.16613726687574,0.248045928628359,"Generated","train","MB-GAN","mbgan",4.31807128689725,2.86210444575843
0.964236719410467,-1.04048849467862,"Generated","train","MB-GAN","mbgan",4.31807128689725,2.86210444575843
-0.752476054879015,-0.143211052543924,"Generated","train","MB-GAN","mbgan",4.31807128689725,2.86210444575843
0.402593161924543,0.534438480964147,"Generated","train","MB-GAN","mbgan",4.31807128689725,2.86210444575843
0.32869643041787,-0.975574620033062,"Generated","train","MB-GAN","mbgan",4.31807128689725,2.86210444575843
-0.0709715285777117,0.179200672442559,"Generated","train","MB-GAN","mbgan",4.31807128689725,2.86210444575843
-0.419305825582182,-0.0663634151185364,"Generated","train","MB-GAN","mbgan",4.31807128689725,2.86210444575843
-0.602955883282711,-0.167267287002719,"Generated","train","MB-GAN","mbgan",4.31807128689725,2.86210444575843
0.341257975292492,0.156620402472522,"Generated","train","MB-GAN","mbgan",4.31807128689725,2.86210444575843
-0.633665173254854,-0.0456889682285362,"Generated","train","MB-GAN","mbgan",4.31807128689725,2.86210444575843
0.387422664608987,0.0129306692081342,"Generated","train","MB-GAN","mbgan",4.31807128689725,2.86210444575843
-0.251616947876313,-0.143572307564552,"Generated","train","MB-GAN","mbgan",4.31807128689725,2.86210444575843
-0.725586818936422,-0.0615281736695526,"Generated","train","MB-GAN","mbgan",4.31807128689725,2.86210444575843
-0.669760236700885,-0.473208213317974,"Generated","train","MB-GAN","mbgan",4.31807128689725,2.86210444575843
0.165043877761904,0.0550482972874162,"Generated","train","MB-GAN","mbgan",4.31807128689725,2.86210444575843
-0.793795363664035,-0.174391487640265,"Generated","train","MB-GAN","mbgan",4.31807128689725,2.86210444575843
0.321930801228532,0.0840492470994655,"Generated","train","MB-GAN","mbgan",4.31807128689725,2.86210444575843
0.0776877004903881,0.186865843024461,"Generated","train","MB-GAN","mbgan",4.31807128689725,2.86210444575843
-0.743892156891493,-0.136355401704581,"Generated","train","MB-GAN","mbgan",4.31807128689725,2.86210444575843
-0.00473196898518009,0.397376528124684,"Generated","train","MB-GAN","mbgan",4.31807128689725,2.86210444575843
-0.318756360045141,0.161556590048206,"Generated","train","MB-GAN","mbgan",4.31807128689725,2.86210444575843
-0.690337052640469,-0.29114392888088,"Generated","train","MB-GAN","mbgan",4.31807128689725,2.86210444575843
-0.359510097001752,0.0187065198613815,"Generated","train","MB-GAN","mbgan",4.31807128689725,2.86210444575843
0.0229954149578025,0.111881143190594,"Generated","train","MB-GAN","mbgan",4.31807128689725,2.86210444575843
-0.324606726655374,-0.0376936831942433,"Generated","train","MB-GAN","mbgan",4.31807128689725,2.86210444575843
0.094867725001466,0.306062810994894,"Generated","train","MB-GAN","mbgan",4.31807128689725,2.86210444575843
0.694307190624708,-1.00414958213667,"Generated","train","MB-GAN","mbgan",4.31807128689725,2.86210444575843
-0.508614361076563,0.0843385622520915,"Generated","train","MB-GAN","mbgan",4.31807128689725,2.86210444575843
0.88874819482134,-1.16336076303648,"Generated","train","MB-GAN","mbgan",4.31807128689725,2.86210444575843
0.252415333411095,0.439137893118391,"Generated","train","MB-GAN","mbgan",4.31807128689725,2.86210444575843
0.32738762861382,0.465260466374868,"Generated","train","MB-GAN","mbgan",4.31807128689725,2.86210444575843
-0.8080804999722,-0.366593054088222,"Generated","train","MB-GAN","mbgan",4.31807128689725,2.86210444575843
-0.648971359407574,0.085486902647321,"Generated","train","MB-GAN","mbgan",4.31807128689725,2.86210444575843
-0.42863279287768,-0.105946321746636,"Generated","train","MB-GAN","mbgan",4.31807128689725,2.86210444575843
0.385886378927594,0.186346473265212,"Generated","train","MB-GAN","mbgan",4.31807128689725,2.86210444575843
-0.742984278450628,-0.151293855368385,"Generated","train","MB-GAN","mbgan",4.31807128689725,2.86210444575843
0.432656174797626,0.0247575527949669,"Generated","train","MB-GAN","mbgan",4.31807128689725,2.86210444575843
0.178885408123981,-0.945225284156966,"Generated","train","MB-GAN","mbgan",4.31807128689725,2.86210444575843
0.624266646435844,0.294087863553076,"Generated","train","MB-GAN","mbgan",4.31807128689725,2.86210444575843
0.47621327635379,0.0103881083132299,"Generated","train","MB-GAN","mbgan",4.31807128689725,2.86210444575843
-0.538124798480139,0.0937944282865277,"Generated","train","MB-GAN","mbgan",4.31807128689725,2.86210444575843
-0.52690195227715,-0.00374492771960278,"Generated","train","MB-GAN","mbgan",4.31807128689725,2.86210444575843
-0.189635096221651,0.0558672146333628,"Generated","train","MB-GAN","mbgan",4.31807128689725,2.86210444575843
0.404126518102654,0.531976770647624,"Generated","train","MB-GAN","mbgan",4.31807128689725,2.86210444575843
-0.503270325189783,-0.0905505942563417,"Generated","train","MB-GAN","mbgan",4.31807128689725,2.86210444575843
-0.155962337511944,0.282916107416624,"Generated","train","MB-GAN","mbgan",4.31807128689725,2.86210444575843
-0.136968751372823,0.230958284636547,"Generated","train","MB-GAN","mbgan",4.31807128689725,2.86210444575843
-0.762143037749833,-0.152489115297071,"Generated","train","MB-GAN","mbgan",4.31807128689725,2.86210444575843
-0.37621464655735,-0.0483921386715066,"Generated","train","MB-GAN","mbgan",4.31807128689725,2.86210444575843
0.382720651671951,-1.02438561623015,"Generated","train","MB-GAN","mbgan",4.31807128689725,2.86210444575843
0.204358871528158,0.420728060776239,"Generated","train","MB-GAN","mbgan",4.31807128689725,2.86210444575843
0.276384363638975,0.588470924549084,"Generated","train","MB-GAN","mbgan",4.31807128689725,2.86210444575843
0.495206693862722,0.313191138206644,"Generated","train","MB-GAN","mbgan",4.31807128689725,2.86210444575843
0.462304610879897,0.00583255795512629,"Generated","train","MB-GAN","mbgan",4.31807128689725,2.86210444575843
-0.238833492471586,-0.084659088138994,"Generated","train","MB-GAN","mbgan",4.31807128689725,2.86210444575843
0.545393415539583,0.0923695655551087,"Generated","train","MB-GAN","mbgan",4.31807128689725,2.86210444575843
0.309189611234709,-0.0180202761894011,"Generated","train","MB-GAN","mbgan",4.31807128689725,2.86210444575843
-0.191850379613468,0.266036615954623,"Generated","train","MB-GAN","mbgan",4.31807128689725,2.86210444575843
0.220923959042061,0.214313493642702,"Generated","train","MB-GAN","mbgan",4.31807128689725,2.86210444575843
0.615113444995425,0.267235847868218,"Generated","train","MB-GAN","mbgan",4.31807128689725,2.86210444575843
0.188358618765217,0.425619532237581,"Generated","train","MB-GAN","mbgan",4.31807128689725,2.86210444575843
0.650924826221757,0.493419430967523,"Generated","train","MB-GAN","mbgan",4.31807128689725,2.86210444575843
-0.391391035749218,-0.0693810355301018,"Generated","train","MB-GAN","mbgan",4.31807128689725,2.86210444575843
0.69159539838407,-0.864128171418352,"Generated","train","MB-GAN","mbgan",4.31807128689725,2.86210444575843
-0.11928151636063,0.307559219694317,"Generated","train","MB-GAN","mbgan",4.31807128689725,2.86210444575843
0.0397712419921611,0.0325462284524218,"Generated","train","MB-GAN","mbgan",4.31807128689725,2.86210444575843
0.34229141559787,0.132518583510313,"Generated","train","MB-GAN","mbgan",4.31807128689725,2.86210444575843
-0.279570653044737,0.282375167219384,"Generated","train","MB-GAN","mbgan",4.31807128689725,2.86210444575843
-0.346343492197951,-0.212884531715636,"Generated","train","MB-GAN","mbgan",4.31807128689725,2.86210444575843
-0.703533006758946,-0.276396750597347,"Generated","train","MB-GAN","mbgan",4.31807128689725,2.86210444575843
-0.794745417534876,-0.329061067244846,"Generated","train","MB-GAN","mbgan",4.31807128689725,2.86210444575843
-0.350638761461949,0.138115880465895,"Generated","train","MB-GAN","mbgan",4.31807128689725,2.86210444575843
-0.237514577057562,-0.0201455634787353,"Generated","train","MB-GAN","mbgan",4.31807128689725,2.86210444575843
-0.350185446818783,0.058093907406638,"Generated","train","MB-GAN","mbgan",4.31807128689725,2.86210444575843
0.622910454609723,-0.403657559540345,"Generated","train","MB-GAN","mbgan",4.31807128689725,2.86210444575843
-0.648362579081593,-0.0450578186905035,"Generated","train","MB-GAN","mbgan",4.31807128689725,2.86210444575843
-0.0082425014089611,0.117474280099038,"Generated","train","MB-GAN","mbgan",4.31807128689725,2.86210444575843
0.590240755034449,0.172852122546294,"Generated","train","MB-GAN","mbgan",4.31807128689725,2.86210444575843
0.149202601945347,0.275951426573581,"Generated","train","MB-GAN","mbgan",4.31807128689725,2.86210444575843
0.22028661052359,0.110049507278239,"Generated","train","MB-GAN","mbgan",4.31807128689725,2.86210444575843
-0.191735136866642,0.158879713570923,"Generated","train","MB-GAN","mbgan",4.31807128689725,2.86210444575843
-0.625041346162852,-0.313563224284407,"Generated","train","MB-GAN","mbgan",4.31807128689725,2.86210444575843
0.487413771942157,0.292172736764125,"Generated","train","MB-GAN","mbgan",4.31807128689725,2.86210444575843
-0.682732833279605,-0.149163124701211,"Generated","train","MB-GAN","mbgan",4.31807128689725,2.86210444575843
-0.618063998014535,-0.441516591559026,"Generated","train","MB-GAN","mbgan",4.31807128689725,2.86210444575843
0.225941983555751,0.2369585804956,"Generated","train","MB-GAN","mbgan",4.31807128689725,2.86210444575843
0.106492353028465,-0.807457241837488,"Generated","train","MB-GAN","mbgan",4.31807128689725,2.86210444575843
0.353246056469072,0.0879896070789055,"Generated","train","MB-GAN","mbgan",4.31807128689725,2.86210444575843
-0.633954116479044,-0.0427346138402672,"Generated","train","MB-GAN","mbgan",4.31807128689725,2.86210444575843
0.189830579861779,0.208346539837769,"Generated","train","MB-GAN","mbgan",4.31807128689725,2.86210444575843
0.539146453385048,0.522866998966746,"Generated","train","MB-GAN","mbgan",4.31807128689725,2.86210444575843
-0.674271130508467,0.0275362706354191,"Generated","train","MB-GAN","mbgan",4.31807128689725,2.86210444575843
0.653059519526416,-0.697924292285613,"Generated","train","MB-GAN","mbgan",4.31807128689725,2.86210444575843
-0.451240617848128,0.0322214161160769,"Generated","train","MB-GAN","mbgan",4.31807128689725,2.86210444575843
0.00480826008888101,0.275010006819084,"Generated","train","MB-GAN","mbgan",4.31807128689725,2.86210444575843
-0.515666658791749,-0.134894035721243,"Generated","train","MB-GAN","mbgan",4.31807128689725,2.86210444575843
-0.591953383115303,-0.0943248093161199,"Generated","train","MB-GAN","mbgan",4.31807128689725,2.86210444575843
0.00102284499510541,0.162005778806427,"Generated","train","MB-GAN","mbgan",4.31807128689725,2.86210444575843
0.606537646405204,0.215886277534981,"Generated","train","MB-GAN","mbgan",4.31807128689725,2.86210444575843
0.438442002284088,0.242175923226674,"Generated","train","MB-GAN","mbgan",4.31807128689725,2.86210444575843
0.0813486508020459,0.39911419549679,"Generated","train","MB-GAN","mbgan",4.31807128689725,2.86210444575843
-0.635793533037025,-0.200400510771495,"Generated","train","MB-GAN","mbgan",4.31807128689725,2.86210444575843
-0.539772786700294,-0.162687630429808,"Generated","train","MB-GAN","mbgan",4.31807128689725,2.86210444575843
-0.241162818165497,-0.0952653249163274,"Generated","train","MB-GAN","mbgan",4.31807128689725,2.86210444575843
0.736621894450006,0.297350961184331,"Generated","train","MB-GAN","mbgan",4.31807128689725,2.86210444575843
0.255860810255648,0.466860548323201,"Generated","train","MB-GAN","mbgan",4.31807128689725,2.86210444575843
0.64785570366312,0.345570656632764,"Generated","train","MB-GAN","mbgan",4.31807128689725,2.86210444575843
-0.666941346577938,-0.0248835722256913,"Generated","train","MB-GAN","mbgan",4.31807128689725,2.86210444575843
-0.0309935585398601,0.0882232050311942,"Generated","train","MB-GAN","mbgan",4.31807128689725,2.86210444575843
-0.213535095537533,0.221203910218966,"Generated","train","MB-GAN","mbgan",4.31807128689725,2.86210444575843
-0.358899234069903,0.209789327837544,"Generated","train","MB-GAN","mbgan",4.31807128689725,2.86210444575843
0.611727888627772,0.218813723273081,"Generated","train","MB-GAN","mbgan",4.31807128689725,2.86210444575843
0.687348719662032,0.48676746020489,"Generated","train","MB-GAN","mbgan",4.31807128689725,2.86210444575843
-0.0746555243978196,0.431755651960748,"Generated","train","MB-GAN","mbgan",4.31807128689725,2.86210444575843
0.0907482252339724,0.208328716008814,"Generated","train","MB-GAN","mbgan",4.31807128689725,2.86210444575843
-0.0973242124668111,0.174788312510533,"Generated","train","MB-GAN","mbgan",4.31807128689725,2.86210444575843
-0.221613416429944,-0.0394441785990142,"Generated","train","MB-GAN","mbgan",4.31807128689725,2.86210444575843
-0.369968641594395,0.0913129886519991,"Generated","train","MB-GAN","mbgan",4.31807128689725,2.86210444575843
-0.269829602814181,-0.0322780868178135,"Generated","train","MB-GAN","mbgan",4.31807128689725,2.86210444575843
-0.498320629754945,-0.103051250028142,"Generated","train","MB-GAN","mbgan",4.31807128689725,2.86210444575843
-0.46701592860494,-0.400522651171435,"Generated","train","MB-GAN","mbgan",4.31807128689725,2.86210444575843
0.594229551119302,0.354286538795017,"Generated","train","MB-GAN","mbgan",4.31807128689725,2.86210444575843
-0.688637250910485,-0.482898061315687,"Generated","train","MB-GAN","mbgan",4.31807128689725,2.86210444575843
-0.032760684977194,0.100905295284114,"Generated","train","MB-GAN","mbgan",4.31807128689725,2.86210444575843
0.190439535175106,0.307017788144045,"Generated","train","MB-GAN","mbgan",4.31807128689725,2.86210444575843
-0.604554915067264,-0.164111609451171,"Generated","train","MB-GAN","mbgan",4.31807128689725,2.86210444575843
-0.14180350674697,-0.593157352023842,"Generated","train","MB-GAN","mbgan",4.31807128689725,2.86210444575843
0.71479097341556,-1.21539513902188,"Generated","train","MB-GAN","mbgan",4.31807128689725,2.86210444575843
-0.341036428667675,0.208938701746267,"Generated","train","MB-GAN","mbgan",4.31807128689725,2.86210444575843
-0.623066728530388,-0.0909381754151555,"Generated","train","MB-GAN","mbgan",4.31807128689725,2.86210444575843
0.579382299216758,0.358741002426278,"Generated","train","MB-GAN","mbgan",4.31807128689725,2.86210444575843
0.464020571864827,0.148695268670926,"Generated","train","MB-GAN","mbgan",4.31807128689725,2.86210444575843
-0.575840415249367,-0.047996412570856,"Generated","train","MB-GAN","mbgan",4.31807128689725,2.86210444575843
-0.446633071462753,-0.134915743779274,"Generated","train","MB-GAN","mbgan",4.31807128689725,2.86210444575843
0.266090392394343,0.399562781378597,"Generated","train","MB-GAN","mbgan",4.31807128689725,2.86210444575843
0.145886892462802,0.460459540838223,"Generated","train","MB-GAN","mbgan",4.31807128689725,2.86210444575843
0.368601339878256,0.199890599638784,"Generated","train","MB-GAN","mbgan",4.31807128689725,2.86210444575843
0.0963539780046013,0.445696172043128,"Generated","train","MB-GAN","mbgan",4.31807128689725,2.86210444575843
-0.782912735943496,-0.0987370921664822,"Generated","train","MB-GAN","mbgan",4.31807128689725,2.86210444575843
-0.0256288518183742,0.0403005313517198,"Generated","train","MB-GAN","mbgan",4.31807128689725,2.86210444575843
-0.617436803982113,-0.30494082644293,"Generated","train","MB-GAN","mbgan",4.31807128689725,2.86210444575843
0.00536585347665833,0.313529901381146,"Generated","train","MB-GAN","mbgan",4.31807128689725,2.86210444575843
0.592598145245053,0.196507548312671,"Generated","train","MB-GAN","mbgan",4.31807128689725,2.86210444575843
0.62662559904444,0.215451286303428,"Generated","train","MB-GAN","mbgan",4.31807128689725,2.86210444575843
0.879563894514006,-1.08308612131629,"Generated","train","MB-GAN","mbgan",4.31807128689725,2.86210444575843
0.292173301431697,0.0790206408986931,"Generated","train","MB-GAN","mbgan",4.31807128689725,2.86210444575843
-9.58716900369799e-05,0.133613491835896,"Generated","train","MB-GAN","mbgan",4.31807128689725,2.86210444575843
0.499064273639558,0.144044749832497,"Generated","train","MB-GAN","mbgan",4.31807128689725,2.86210444575843
-0.82793900376641,-0.231562080044944,"Generated","train","MB-GAN","mbgan",4.31807128689725,2.86210444575843
0.059059452618969,0.0552452939489614,"Generated","train","MB-GAN","mbgan",4.31807128689725,2.86210444575843
-0.750535723562776,-0.194614273370119,"Generated","train","MB-GAN","mbgan",4.31807128689725,2.86210444575843
0.69991007700062,-1.22206789140671,"Generated","train","MB-GAN","mbgan",4.31807128689725,2.86210444575843
0.435240061026665,0.0157326189708337,"Generated","train","MB-GAN","mbgan",4.31807128689725,2.86210444575843
0.463197131404242,0.0551578916096208,"Generated","train","MB-GAN","mbgan",4.31807128689725,2.86210444575843
0.572663806289132,0.118732120174381,"Generated","train","MB-GAN","mbgan",4.31807128689725,2.86210444575843
0.0207540269929976,0.204916195123804,"Generated","train","MB-GAN","mbgan",4.31807128689725,2.86210444575843
0.494294951072137,0.0611083929411883,"Generated","train","MB-GAN","mbgan",4.31807128689725,2.86210444575843
-0.752462666205571,-0.276935644097512,"Generated","train","MB-GAN","mbgan",4.31807128689725,2.86210444575843
-0.034630704458141,0.177284087635752,"Generated","train","MB-GAN","mbgan",4.31807128689725,2.86210444575843
0.442329431936358,0.141527550775001,"Generated","train","MB-GAN","mbgan",4.31807128689725,2.86210444575843
-0.708572326247454,-0.414707021257991,"Generated","train","MB-GAN","mbgan",4.31807128689725,2.86210444575843
-0.453019985236992,0.134744298569468,"Generated","train","MB-GAN","mbgan",4.31807128689725,2.86210444575843
-0.471851131290552,-0.0231751446628768,"Generated","train","MB-GAN","mbgan",4.31807128689725,2.86210444575843
0.624955555036857,0.230955897880058,"Generated","train","MB-GAN","mbgan",4.31807128689725,2.86210444575843
-0.533529087153048,-0.295229905811294,"Generated","train","MB-GAN","mbgan",4.31807128689725,2.86210444575843
-0.641386853544806,-0.502078911570897,"Generated","train","MB-GAN","mbgan",4.31807128689725,2.86210444575843
0.062548500194109,0.153927767434641,"Generated","train","MB-GAN","mbgan",4.31807128689725,2.86210444575843
-0.35635699740014,0.105141379684383,"Generated","train","MB-GAN","mbgan",4.31807128689725,2.86210444575843
-0.642316159058692,-0.037703480366016,"Generated","train","MB-GAN","mbgan",4.31807128689725,2.86210444575843
0.0826684747811199,0.188346404873071,"Generated","train","MB-GAN","mbgan",4.31807128689725,2.86210444575843
-0.59889416190197,-0.0336969607363374,"Generated","train","MB-GAN","mbgan",4.31807128689725,2.86210444575843
-0.739959430159639,-0.213201220769439,"Generated","train","MB-GAN","mbgan",4.31807128689725,2.86210444575843
0.628501111847342,0.234363128227086,"Generated","train","MB-GAN","mbgan",4.31807128689725,2.86210444575843
0.331041840414745,0.483522130067407,"Generated","train","MB-GAN","mbgan",4.31807128689725,2.86210444575843
-0.645036428314912,-0.204872888883804,"Generated","train","MB-GAN","mbgan",4.31807128689725,2.86210444575843
0.488017469499497,0.0773666997863654,"Generated","train","MB-GAN","mbgan",4.31807128689725,2.86210444575843
-0.152118913109345,-0.199083654938353,"Generated","train","MB-GAN","mbgan",4.31807128689725,2.86210444575843
-0.0642904079116103,0.0492707895883394,"Generated","train","MB-GAN","mbgan",4.31807128689725,2.86210444575843
-0.491682250673781,-0.240099759833107,"Generated","train","MB-GAN","mbgan",4.31807128689725,2.86210444575843
-0.51312270339604,-0.37589552559469,"Generated","train","MB-GAN","mbgan",4.31807128689725,2.86210444575843
0.298317641669406,0.579752685615986,"Generated","train","MB-GAN","mbgan",4.31807128689725,2.86210444575843
0.424110505413884,0.497257071896922,"Generated","train","MB-GAN","mbgan",4.31807128689725,2.86210444575843
0.631416001199437,0.220442633236287,"Generated","train","MB-GAN","mbgan",4.31807128689725,2.86210444575843
-0.250156204477381,0.248185685107694,"Generated","train","MB-GAN","mbgan",4.31807128689725,2.86210444575843
0.581063161830046,0.439334103945485,"Generated","train","MB-GAN","mbgan",4.31807128689725,2.86210444575843
-0.490891746575363,0.196804120140437,"Generated","train","MB-GAN","mbgan",4.31807128689725,2.86210444575843
-0.670154689105542,-0.441050929172788,"Generated","train","MB-GAN","mbgan",4.31807128689725,2.86210444575843
0.467505267663907,0.00307713601267229,"Generated","train","MB-GAN","mbgan",4.31807128689725,2.86210444575843
-0.212204506662526,-0.0506230726687741,"Generated","train","MB-GAN","mbgan",4.31807128689725,2.86210444575843
0.482396362617034,-0.143697592113928,"Generated","train","MB-GAN","mbgan",4.31807128689725,2.86210444575843
0.0964682814199598,0.191340868633674,"Generated","train","MB-GAN","mbgan",4.31807128689725,2.86210444575843
-0.258691838130303,0.106804424051775,"Generated","train","MB-GAN","mbgan",4.31807128689725,2.86210444575843
-0.0529018155651674,0.183125191289841,"Generated","train","MB-GAN","mbgan",4.31807128689725,2.86210444575843
0.236375731685698,0.464743029559367,"Generated","train","MB-GAN","mbgan",4.31807128689725,2.86210444575843
-0.349010445384446,-0.0754672596483099,"Generated","train","MB-GAN","mbgan",4.31807128689725,2.86210444575843
0.470012180096408,0.0690599945346881,"Generated","train","MB-GAN","mbgan",4.31807128689725,2.86210444575843
0.228228640281149,0.171913283642212,"Generated","train","MB-GAN","mbgan",4.31807128689725,2.86210444575843
-0.137625790656705,0.209429916005366,"Generated","train","MB-GAN","mbgan",4.31807128689725,2.86210444575843
-0.0810478032609064,0.225743391563548,"Generated","train","MB-GAN","mbgan",4.31807128689725,2.86210444575843
0.236325611799993,0.176754321171636,"Generated","train","MB-GAN","mbgan",4.31807128689725,2.86210444575843
-0.40973768462385,0.143472835153307,"Generated","train","MB-GAN","mbgan",4.31807128689725,2.86210444575843
-0.596090664107841,-0.0334166905539988,"Generated","train","MB-GAN","mbgan",4.31807128689725,2.86210444575843
0.247671337304928,0.393008215525102,"Generated","train","MB-GAN","mbgan",4.31807128689725,2.86210444575843
-0.549135604929423,-0.0697668774990581,"Generated","train","MB-GAN","mbgan",4.31807128689725,2.86210444575843
-0.136301150518833,-0.146429454732492,"Generated","train","MB-GAN","mbgan",4.31807128689725,2.86210444575843
0.186430119983208,0.439477617409028,"Generated","train","MB-GAN","mbgan",4.31807128689725,2.86210444575843
0.621205698615637,0.37058596148994,"Generated","train","MB-GAN","mbgan",4.31807128689725,2.86210444575843
0.245220064998196,0.443092121235216,"Generated","train","MB-GAN","mbgan",4.31807128689725,2.86210444575843
-0.644367583161536,-0.161346961278634,"Generated","train","MB-GAN","mbgan",4.31807128689725,2.86210444575843
0.204570762620122,0.243402273400034,"Generated","train","MB-GAN","mbgan",4.31807128689725,2.86210444575843
0.249241189433543,0.250709483979486,"Generated","train","MB-GAN","mbgan",4.31807128689725,2.86210444575843
0.14472202184642,0.504360374008427,"Generated","train","MB-GAN","mbgan",4.31807128689725,2.86210444575843
0.771288216441247,-1.16914864153757,"Generated","train","MB-GAN","mbgan",4.31807128689725,2.86210444575843
0.363023506079556,-0.0556897717024705,"Generated","train","MB-GAN","mbgan",4.31807128689725,2.86210444575843
0.494182088589535,-0.717950749135142,"Generated","train","MB-GAN","mbgan",4.31807128689725,2.86210444575843
-0.370181728357067,0.189301819940622,"Generated","train","MB-GAN","mbgan",4.31807128689725,2.86210444575843
-0.421946666689459,-0.0341556945584479,"Generated","train","MB-GAN","mbgan",4.31807128689725,2.86210444575843
-0.232259767499064,0.0491273136799681,"Generated","train","MB-GAN","mbgan",4.31807128689725,2.86210444575843
-0.479344090565412,-0.120242999972708,"Generated","train","MB-GAN","mbgan",4.31807128689725,2.86210444575843
-0.256240913386556,-0.036853696042064,"Generated","train","MB-GAN","mbgan",4.31807128689725,2.86210444575843
-0.723356595396488,-0.0449849602371369,"Generated","train","MB-GAN","mbgan",4.31807128689725,2.86210444575843
-0.420028262385565,-0.0902521629715014,"Generated","train","MB-GAN","mbgan",4.31807128689725,2.86210444575843
-0.188542216702578,-0.133881746027575,"Generated","train","MB-GAN","mbgan",4.31807128689725,2.86210444575843
0.661879046981435,-0.952623607534251,"Generated","train","MB-GAN","mbgan",4.31807128689725,2.86210444575843
0.639800176411811,0.443695568068854,"Generated","train","MB-GAN","mbgan",4.31807128689725,2.86210444575843
0.471020313759023,0.284747816688083,"Generated","train","MB-GAN","mbgan",4.31807128689725,2.86210444575843
0.507574689662433,0.547416514305838,"Generated","train","MB-GAN","mbgan",4.31807128689725,2.86210444575843
-0.331186936659279,-0.171411745280631,"Generated","train","MB-GAN","mbgan",4.31807128689725,2.86210444575843
0.127524285378591,0.0913816302391926,"Generated","train","MB-GAN","mbgan",4.31807128689725,2.86210444575843
0.353120706391759,0.0869393208014741,"Generated","train","MB-GAN","mbgan",4.31807128689725,2.86210444575843
-0.607394569659125,-0.12519720397797,"Generated","train","MB-GAN","mbgan",4.31807128689725,2.86210444575843
-0.708239830788054,-0.125156351959004,"Generated","train","MB-GAN","mbgan",4.31807128689725,2.86210444575843
-0.539878505362155,-0.124303761225826,"Generated","train","MB-GAN","mbgan",4.31807128689725,2.86210444575843
0.280251603702784,-1.02465954483617,"Generated","train","MB-GAN","mbgan",4.31807128689725,2.86210444575843
-0.755447058305162,-0.153383209134301,"Generated","train","MB-GAN","mbgan",4.31807128689725,2.86210444575843
0.0667680191204786,-0.273066720978509,"Generated","train","MB-GAN","mbgan",4.31807128689725,2.86210444575843
0.493422878842376,0.0611765152404158,"Generated","train","MB-GAN","mbgan",4.31807128689725,2.86210444575843
-0.694681228459671,0.0344417998073993,"Generated","train","MB-GAN","mbgan",4.31807128689725,2.86210444575843
0.0609823638760307,-0.0884699675286655,"Generated","train","MB-GAN","mbgan",4.31807128689725,2.86210444575843
0.108823396591297,0.0675967648971884,"Generated","train","MB-GAN","mbgan",4.31807128689725,2.86210444575843
-0.267822222095842,0.18182694511054,"Generated","train","MB-GAN","mbgan",4.31807128689725,2.86210444575843
