"row","source","mean","lower","upper","key","method","split","PC1","PC2","ci_class"
1,"Real",1.67302941021298,0.91341328386709,2.35954243991234,"d","Dirichlet","test",0.654929753280712,0.307914501091654,"Above 0"
2,"Real",0.161624039658238,-0.347348226761112,0.735938266571646,"d","Dirichlet","test",0.0240899039256527,0.107424942952603,"Covers 0"
3,"Real",0.455115268145396,-0.165918291390335,1.15815208910484,"d","Dirichlet","test",0.246676340484246,-0.181294344169527,"Covers 0"
4,"Real",2.02525491068941,1.43285322774289,2.70900020285581,"d","Dirichlet","test",0.636918219550669,0.192755028120719,"Above 0"
5,"Real",0.436633498823759,-0.119858637850916,1.06098377743104,"d","Dirichlet","test",0.101591459093746,-0.0311286610249481,"Covers 0"
6,"Real",0.528918727845005,-0.0856831084731419,1.16650330655849,"d","Dirichlet","test",0.418418204002884,0.269434995400299,"Covers 0"
7,"Real",0.797721173946899,-0.0305315369951447,1.52778192494264,"d","Dirichlet","test",0.10568864191164,0.0863255435799872,"Covers 0"
8,"Real",2.40776996922729,1.75897685244336,3.14068854095285,"d","Dirichlet","test",0.573226334554739,0.0230817568141826,"Above 0"
9,"Real",0.810722654014683,0.249041951260356,1.47953760125649,"d","Dirichlet","test",0.304109506255235,-0.174510687999422,"Above 0"
10,"Real",0.127834565217236,-0.472321074963892,0.741256855839078,"d","Dirichlet","test",0.100008226747659,-0.147585550575329,"Covers 0"
11,"Real",1.06508278118811,0.417953523642438,1.6372835473497,"d","Dirichlet","test",0.297248388539792,-0.216604321085196,"Above 0"
12,"Real",1.61833092589838,0.893511365028398,2.37159398868035,"d","Dirichlet","test",0.539341676180253,0.155984620153211,"Above 0"
13,"Real",0.400116315557082,-0.202225570461897,1.05818649139419,"d","Dirichlet","test",-0.0386342166149534,0.131005937284596,"Covers 0"
14,"Real",1.95987776578457,1.32167470788974,2.72239582050102,"d","Dirichlet","test",0.548987302134239,0.128047831024494,"Above 0"
15,"Real",1.89172959479202,1.23279972158583,2.63966468490437,"d","Dirichlet","test",0.593550901664732,0.202932468256382,"Above 0"
16,"Real",1.43593547202824,0.778857354382241,2.18510747903155,"d","Dirichlet","test",0.365236016217261,-0.414475841258485,"Above 0"
17,"Real",1.17193870427393,0.435001448869736,1.87538312663291,"d","Dirichlet","test",0.199322108610071,-0.266359744373348,"Above 0"
18,"Real",1.81581753938107,1.05150616943269,2.58770674846745,"d","Dirichlet","test",0.422830718574165,-0.338551328947018,"Above 0"
19,"Real",0.965349538350361,0.270188238220101,1.72208656597879,"d","Dirichlet","test",0.302602991675906,-0.578986930758046,"Above 0"
20,"Real",0.397924430832077,-0.30046499847937,1.03227247847088,"d","Dirichlet","test",-0.0465276356456042,-0.571536626524033,"Covers 0"
21,"Real",0.47936859286257,-0.141455007491774,1.15482128318933,"d","Dirichlet","test",0.281135494574398,0.234731087810525,"Covers 0"
22,"Real",1.68838386304857,1.03185278357818,2.43559984008005,"d","Dirichlet","test",0.599590901204316,0.218496901801328,"Above 0"
23,"Real",1.52092007389399,0.949824374735274,2.20561210497075,"d","Dirichlet","test",0.544523837304013,0.0960219488083678,"Above 0"
24,"Real",-0.154954579817443,-0.766967234035755,0.468793060308084,"d","Dirichlet","test",-0.196783547723915,-0.000789163050937504,"Covers 0"
25,"Real",1.8819957497003,1.32916011424513,2.47354154733226,"d","Dirichlet","test",0.686948088785321,0.205959087515837,"Above 0"
26,"Real",1.98119001430747,1.33782338867102,2.69873747606271,"d","Dirichlet","test",0.64884024972278,0.219981200080245,"Above 0"
27,"Real",1.25701637267716,0.578278367066169,2.03767361394636,"d","Dirichlet","test",0.351875413014432,0.147755750033458,"Above 0"
28,"Real",0.727373279692773,0.180722656034042,1.32667780524554,"d","Dirichlet","test",0.25783530968754,-0.46413205330296,"Above 0"
29,"Real",1.08635828033027,0.41145248599006,1.71660413594612,"d","Dirichlet","test",0.272855166742774,-0.0646635636871062,"Above 0"
30,"Real",0.98700927158519,0.394892166343034,1.61320990036023,"d","Dirichlet","test",0.255491761077783,-0.134563347708183,"Above 0"
31,"Real",2.61232537557332,1.94995270069871,3.30247738402651,"d","Dirichlet","test",0.664597009219045,-0.347697015906878,"Above 0"
32,"Real",1.97755531335547,1.30918437540333,2.70185875549427,"d","Dirichlet","test",0.684274765475502,-0.357511800866762,"Above 0"
33,"Real",1.37570985757732,0.711709761353875,2.1062351653087,"d","Dirichlet","test",0.375746814776778,0.035740650463753,"Above 0"
34,"Real",1.21840185173211,0.669106449106994,1.75777235616911,"d","Dirichlet","test",0.325270614456334,-0.274117262100164,"Above 0"
35,"Real",0.481506314512086,-0.160992966313794,1.16640082014732,"d","Dirichlet","test",0.230704191188138,-0.563273217373916,"Covers 0"
36,"Real",2.50966040855263,1.81001168891636,3.21751309895827,"d","Dirichlet","test",0.596716331168765,-0.160368794197941,"Above 0"
37,"Real",2.42446762203433,1.78629755636437,3.16692204945519,"d","Dirichlet","test",0.589071177041084,0.0195549251784631,"Above 0"
38,"Real",0.44183019293878,-0.175811248668883,1.08165254014762,"d","Dirichlet","test",0.183733831692039,0.21433457463197,"Covers 0"
39,"Real",1.53104003153488,0.911531284563466,2.27804953369774,"d","Dirichlet","test",0.531445875252231,0.217129638721881,"Above 0"
40,"Real",-0.221385706669177,-0.81104297695451,0.407393872370246,"d","Dirichlet","test",-0.0466169349492619,0.0205213890579813,"Covers 0"
41,"Real",1.56437220173843,0.889666213617196,2.30276690712631,"d","Dirichlet","test",0.362621485828098,0.0609842673653945,"Above 0"
42,"Real",0.849049368174944,0.275034843993995,1.59228466322995,"d","Dirichlet","test",0.291234656808677,0.0173017062476329,"Above 0"
43,"Real",-0.521503275999017,-1.01308912185378,-0.0675948905561695,"d","Dirichlet","test",-0.244177549849155,0.161626679011538,"Below 0"
44,"Real",2.39991976460484,1.74596347625179,3.01757269650603,"d","Dirichlet","test",0.64298500902519,-0.131148352308962,"Above 0"
45,"Real",1.69222204068385,1.03143461390752,2.4154579665409,"d","Dirichlet","test",0.593258934053533,0.0137794441197075,"Above 0"
46,"Real",1.15423095337246,0.478426716007782,1.88284808637228,"d","Dirichlet","test",0.308652810711592,0.0535651682200633,"Above 0"
47,"Real",1.01513730983013,0.285674502140121,1.70578748908408,"d","Dirichlet","test",0.170100007479494,-0.0860084816686146,"Above 0"
48,"Real",0.678856569943098,0.125949965942366,1.29076883863947,"d","Dirichlet","test",0.26026019873987,-0.186408637146295,"Above 0"
49,"Real",-0.381524398801883,-0.962672305196174,0.221245611577718,"d","Dirichlet","test",-0.0573079848252706,0.0834944813360695,"Covers 0"
50,"Real",1.31607116150179,0.665479864714505,2.0343621109141,"d","Dirichlet","test",0.350973434711187,0.131026675611858,"Above 0"
51,"Real",0.0693821462949265,-0.430612454518307,0.616983505209869,"d","Dirichlet","test",-0.0639048416675353,-0.673789271277094,"Covers 0"
52,"Real",1.99710500534575,1.36828652933876,2.64103966704422,"d","Dirichlet","test",0.550479542539738,0.104541711058223,"Above 0"
53,"Real",0.39330585587935,-0.155781379963901,1.03781864504933,"d","Dirichlet","test",0.0616401970139402,-0.156775208350174,"Covers 0"
54,"Real",1.48057059982129,0.874180003094672,2.16234381311701,"d","Dirichlet","test",0.493381115194958,0.0447115701015062,"Above 0"
55,"Real",-0.138561642811426,-0.698178436823605,0.46523000522657,"d","Dirichlet","test",-0.152257453858336,-0.223665142036039,"Covers 0"
56,"Real",2.61492556699732,1.97546284152349,3.2925026213365,"d","Dirichlet","test",0.749035590346308,0.0843080774209057,"Above 0"
57,"Real",-0.0821239276818666,-0.612856307182661,0.500558233921545,"d","Dirichlet","test",-0.107907397223075,0.0235989570586017,"Covers 0"
58,"Real",1.32826577194691,0.656790750845062,2.05360350365786,"d","Dirichlet","test",0.33740281799761,-0.174109580266114,"Above 0"
59,"Real",2.0357135800884,1.30716313270876,2.83408317246067,"d","Dirichlet","test",0.483977763322531,-0.107250529073633,"Above 0"
60,"Real",0.676232508504415,-0.0612504905477407,1.39794940725643,"d","Dirichlet","test",0.082157489179631,-0.344281480965655,"Covers 0"
61,"Real",0.91460491657613,0.146405398545792,1.67210089452793,"d","Dirichlet","test",0.258156868953686,-0.131369846912038,"Above 0"
62,"Real",1.51853867313457,0.95066766295415,2.17716535299771,"d","Dirichlet","test",0.629906534892904,0.0689467526126972,"Above 0"
63,"Real",1.5098332532765,0.817777963350898,2.298249343711,"d","Dirichlet","test",0.366148154826206,0.0471574557893042,"Above 0"
64,"Real",1.50339518386686,0.740435727413528,2.19413972295922,"d","Dirichlet","test",0.46085597547653,0.00218454313374068,"Above 0"
65,"Real",1.84186141793072,1.24714795928006,2.4719563855324,"d","Dirichlet","test",0.579272677885845,-0.0393967865781471,"Above 0"
66,"Real",1.97327949304961,1.19950479999914,2.80304985970611,"d","Dirichlet","test",0.563162226178118,-0.416211160273711,"Above 0"
67,"Real",0.237889382279866,-0.402276421298305,0.877158140677899,"d","Dirichlet","test",0.211731874338437,-0.0546224791526604,"Covers 0"
68,"Real",2.41495556096685,1.72683792187266,3.15196704541651,"d","Dirichlet","test",0.661230427776575,0.0199897134688787,"Above 0"
69,"Real",0.32043598409783,-0.348756744079936,1.03218744748508,"d","Dirichlet","test",0.0420444286456865,0.176538993729255,"Covers 0"
70,"Real",0.832963169590884,0.153366549825658,1.54860251214496,"d","Dirichlet","test",0.331596908214731,0.120700118070658,"Above 0"
71,"Real",0.353701318809037,-0.201833012537094,0.949490170915837,"d","Dirichlet","test",0.058039873644387,0.158747524970387,"Covers 0"
72,"Real",1.28183437791582,0.567811899306396,1.92156155521528,"d","Dirichlet","test",0.386573350253681,0.0622731035386454,"Above 0"
73,"Real",0.651237265071305,-0.0277303330744743,1.37538691823966,"d","Dirichlet","test",0.187975066940874,0.0361207768150017,"Covers 0"
74,"Real",0.00971867612021755,-0.520752030498281,0.518974383166992,"d","Dirichlet","test",-0.117470154564919,-0.67306445305256,"Covers 0"
75,"Real",2.12327897780417,1.48947837254664,2.83495262709926,"d","Dirichlet","test",0.672325558583415,0.18356942658331,"Above 0"
76,"Real",1.23766280808704,0.660164421799499,1.79776138368374,"d","Dirichlet","test",0.322503095998784,-0.129068183194611,"Above 0"
77,"Real",1.68978175775092,1.03662764978418,2.41483463794895,"d","Dirichlet","test",0.374333414740964,-0.555389595228118,"Above 0"
78,"Real",-0.404046588758308,-1.0376259653962,0.188862740999276,"d","Dirichlet","test",-0.32766079285586,0.0911342481055452,"Covers 0"
79,"Real",1.92889684779274,1.30111991574305,2.5586962816412,"d","Dirichlet","test",0.569060960694172,0.0336423777325918,"Above 0"
80,"Real",1.66948311875443,0.942737330663261,2.44146947686688,"d","Dirichlet","test",0.518344589142581,-0.340172957020549,"Above 0"
81,"Real",1.26650440465144,0.702707065584331,1.87857692488302,"d","Dirichlet","test",0.479524802021172,0.240589765761349,"Above 0"
82,"Real",0.464889499371799,-0.0983465721611209,1.0663070527709,"d","Dirichlet","test",0.0935080114739069,0.0686284811249764,"Covers 0"
83,"Real",0.482020967318254,-0.349453153962102,1.10324519031885,"d","Dirichlet","test",-0.00599069494513879,-0.2025145548479,"Covers 0"
84,"Real",2.06932256284142,1.31699497389449,2.7987458584769,"d","Dirichlet","test",0.640668545495084,0.25167053950121,"Above 0"
85,"Real",1.00782901950236,0.378854329045519,1.64156119642658,"d","Dirichlet","test",0.281323713389985,0.168544323856315,"Above 0"
86,"Real",1.90439031373408,1.33524216437233,2.56517900346959,"d","Dirichlet","test",0.71162769241298,0.297880643753896,"Above 0"
87,"Real",-0.474853272731873,-0.963661215288499,-0.0151853633324694,"d","Dirichlet","test",-0.269812786081134,0.195730889787649,"Below 0"
88,"Real",1.93515204014666,1.3114877082179,2.64736633343825,"d","Dirichlet","test",0.57112656041853,0.196203600054439,"Above 0"
89,"Real",-0.529812316170488,-1.11936567281352,0.0480782456049904,"d","Dirichlet","test",-0.376492913579639,0.171310508292079,"Covers 0"
90,"Real",0.594726335972376,0.0186065518255211,1.1808782372643,"d","Dirichlet","test",0.215132712238698,0.122035057562539,"Above 0"
91,"Real",0.666439829175119,-0.0816958697348694,1.50584721623322,"d","Dirichlet","test",0.10605588067222,-0.0881840532935087,"Covers 0"
92,"Real",0.61122521018847,0.0444731088325295,1.22290574403707,"d","Dirichlet","test",0.349298655124102,0.212513456022606,"Above 0"
93,"Real",0.557058597557209,-0.0460475544403376,1.17750720587118,"d","Dirichlet","test",0.188212647614908,0.12976050628734,"Covers 0"
94,"Real",-0.578463918958131,-1.21562194496513,0.0148692044929425,"d","Dirichlet","test",-0.321774035806255,0.107260810878704,"Covers 0"
95,"Real",-0.548688022664569,-1.11016528759405,0.0158062228850222,"d","Dirichlet","test",-0.347343447725768,0.0669766523311093,"Covers 0"
96,"Real",0.198442897817894,-0.385187579966782,0.818906805406384,"d","Dirichlet","test",0.067821539416365,0.0437062873104692,"Covers 0"
97,"Real",2.03737527868729,1.42230040599508,2.75198886265336,"d","Dirichlet","test",0.629246038217286,0.131812519336444,"Above 0"
98,"Real",-0.89332531802635,-1.4027817811924,-0.392715278192083,"d","Dirichlet","test",-0.313553193104999,0.191424535984788,"Below 0"
99,"Real",1.395772892451,0.814755469373805,2.03039473140654,"d","Dirichlet","test",0.463110195288739,0.197714123198313,"Above 0"
100,"Real",0.765659334017101,0.13648640322562,1.40570545618979,"d","Dirichlet","test",0.174524655004648,-0.316006991137954,"Above 0"
101,"Real",1.28130577488559,0.703170517499234,2.00681678135,"d","Dirichlet","test",0.346240352675843,0.190707122298395,"Above 0"
102,"Real",1.08413080554058,0.313174876553181,1.83303314475218,"d","Dirichlet","test",0.226556325415963,-0.290934241276175,"Above 0"
103,"Real",0.450069203641599,-0.103789627580924,1.10761748659009,"d","Dirichlet","test",0.112795935175848,0.0961839931401909,"Covers 0"
104,"Real",1.80488840376188,1.06368278367863,2.52595648314528,"d","Dirichlet","test",0.519677912395554,0.125474056199134,"Above 0"
105,"Real",-0.510949668847376,-1.09432170785008,0.127694973126659,"d","Dirichlet","test",-0.118325031141538,-0.096621881063451,"Covers 0"
106,"Real",1.09161080006258,0.485085986804319,1.67803052143094,"d","Dirichlet","test",0.299797938068448,0.214037372812068,"Above 0"
107,"Real",0.523839003022205,-0.163406714598431,1.13115885752032,"d","Dirichlet","test",0.264745865548587,0.123752427866308,"Covers 0"
108,"Real",1.07981383067888,0.457353694759723,1.69050440888544,"d","Dirichlet","test",0.429857133188628,0.301808983398897,"Above 0"
109,"Real",2.27363013215746,1.57384282618884,2.96091884826424,"d","Dirichlet","test",0.62977193904978,0.205432514257788,"Above 0"
110,"Real",2.41293344062034,1.69312667652407,3.17393657488274,"d","Dirichlet","test",0.510106124593703,-0.16534707572053,"Above 0"
111,"Real",0.699907314467698,0.0681074889932053,1.32237210322862,"d","Dirichlet","test",0.340015976893534,0.183106812301114,"Above 0"
112,"Real",2.58408846167027,1.91733792010208,3.29978437643365,"d","Dirichlet","test",0.683823009966608,-0.301208414089396,"Above 0"
113,"Real",1.30284545383651,0.668630146601722,1.96267032483045,"d","Dirichlet","test",0.362896991700217,-0.152501609085912,"Above 0"
114,"Real",0.663881221099295,0.0522447896988526,1.39175933679832,"d","Dirichlet","test",0.226317082534393,-0.572935476605758,"Above 0"
115,"Real",0.52879337002928,-0.0396206092744067,1.12342197970347,"d","Dirichlet","test",0.0513345647646061,-0.173141368159173,"Covers 0"
116,"Real",1.10651752880782,0.364531995903544,1.80671186415356,"d","Dirichlet","test",0.321156546613591,0.113119567623391,"Above 0"
117,"Real",1.85559156591834,1.27483215041356,2.46105745138721,"d","Dirichlet","test",0.747359913061811,0.335633408295128,"Above 0"
118,"Real",0.333882513621772,-0.331852729207735,0.920045368874742,"d","Dirichlet","test",0.163678636101258,-0.532680024879564,"Covers 0"
119,"Real",-0.256388779872823,-0.725551042488751,0.269688484972806,"d","Dirichlet","test",-0.152183610057505,-0.352527698391205,"Covers 0"
120,"Real",0.590804920432127,0.0218775627520729,1.24882241447468,"d","Dirichlet","test",0.352733641908174,0.268483488713731,"Above 0"
121,"Real",0.849852701451961,0.242699415068349,1.49477103197794,"d","Dirichlet","test",0.208656431147957,0.186861115527746,"Above 0"
122,"Real",0.92154753238242,0.272645676310687,1.49464691197394,"d","Dirichlet","test",0.358557826372862,0.285056134484253,"Above 0"
123,"Real",0.133966242835101,-0.510429267061269,0.889975062710265,"d","Dirichlet","test",-0.011940450262763,-0.221805878550171,"Covers 0"
124,"Real",1.92148446096099,1.2818503070778,2.61059953682254,"d","Dirichlet","test",0.59990727014737,-0.340282891591436,"Above 0"
125,"Real",-0.510181663131167,-1.01564159483488,-0.00742366062682572,"d","Dirichlet","test",-0.265274301185273,0.179782488687364,"Below 0"
126,"Real",1.62019375245188,0.645176393730022,2.37490652302397,"d","Dirichlet","test",0.632073248695977,-0.240776043770837,"Above 0"
127,"Real",2.48947935431814,1.82522848105961,3.20086374978728,"d","Dirichlet","test",0.668380468566394,-0.327570607885692,"Above 0"
128,"Real",0.670959353860525,0.0140603402696599,1.31759099313928,"d","Dirichlet","test",0.28012020402706,0.12835367021014,"Above 0"
129,"Real",1.4444289190492,0.833101615296318,2.0576862237095,"d","Dirichlet","test",0.564775852600466,0.289895742933035,"Above 0"
130,"Real",1.86765396095013,1.18536596232248,2.68243649331785,"d","Dirichlet","test",0.438514226010461,-0.396805574393814,"Above 0"
131,"Real",1.42960088508248,0.795140861766824,2.11673867628687,"d","Dirichlet","test",0.473722879082066,0.180771359789311,"Above 0"
132,"Real",1.36095782521646,0.707945931573685,2.00113116921529,"d","Dirichlet","test",0.533136383507959,0.191003983397906,"Above 0"
133,"Real",1.8811496232898,1.18439236984893,2.56647096907285,"d","Dirichlet","test",0.553423500233706,0.20108647752132,"Above 0"
134,"Real",0.481734410250539,-0.2110336957916,1.17184015042507,"d","Dirichlet","test",0.29956447155323,-0.325771587231167,"Covers 0"
135,"Real",1.08845032755037,0.477197208742615,1.75431468354194,"d","Dirichlet","test",0.260578827604447,0.0727968523317052,"Above 0"
136,"Real",1.52140738370364,0.828330270335789,2.17430011711507,"d","Dirichlet","test",0.420858047439597,-0.526007353456886,"Above 0"
137,"Real",2.14305483715701,1.42654081169509,2.79114626333513,"d","Dirichlet","test",0.578457466010787,-0.164449919108977,"Above 0"
138,"Real",0.49835687219508,-0.0797626021010358,1.22404133863026,"d","Dirichlet","test",0.0645942819881072,-0.0446774360314391,"Covers 0"
139,"Real",1.88642806887096,1.1873573348236,2.67442231731945,"d","Dirichlet","test",0.682985341408369,-0.192815260573357,"Above 0"
140,"Real",1.6702505344204,0.842577517134312,2.40996682727966,"d","Dirichlet","test",0.53850496627259,0.130059238824376,"Above 0"
141,"Real",1.21925829735654,0.679835673945033,1.77661531294104,"d","Dirichlet","test",0.339469368411664,-0.441016782627148,"Above 0"
142,"Real",1.01352220215342,0.297570135421359,1.62142352787157,"d","Dirichlet","test",0.350165803598342,0.274539342771088,"Above 0"
143,"Real",2.11145150224513,1.37652582702212,2.85732798038042,"d","Dirichlet","test",0.582055778283204,-0.338600055682265,"Above 0"
144,"Real",-0.102382821490903,-0.62035646904619,0.372684150164556,"d","Dirichlet","test",-0.167507417511524,-0.674651964598145,"Covers 0"
145,"Real",2.21010081512734,1.47361357141411,2.97185667735938,"d","Dirichlet","test",0.655944215113436,0.255139902075076,"Above 0"
146,"Real",1.96393258479532,1.30534388869794,2.65135465243615,"d","Dirichlet","test",0.622573960023003,0.193654157015989,"Above 0"
147,"Real",2.55167345220881,1.84732224544416,3.2372748293237,"d","Dirichlet","test",0.688520821422899,0.127148848349309,"Above 0"
148,"Real",2.29700825329122,1.6278484636826,3.03362015613391,"d","Dirichlet","test",0.655244879494481,0.183189967171825,"Above 0"
149,"Real",1.84788561805314,1.22445742125649,2.5194563115731,"d","Dirichlet","test",0.497370939925341,-0.406478325479801,"Above 0"
150,"Real",0.0156892179707876,-0.462282287311605,0.542037386302371,"d","Dirichlet","test",-0.0914025070225177,-0.647786587509045,"Covers 0"
151,"Real",0.608541441172046,-0.0698018371595089,1.29417438603458,"d","Dirichlet","test",0.216502958081463,0.0580660151008471,"Covers 0"
152,"Real",1.97878943181788,1.38791256366657,2.62282099842612,"d","Dirichlet","test",0.752792985573323,0.230938128239173,"Above 0"
153,"Real",1.17527442077621,0.47891105799652,1.83593382618336,"d","Dirichlet","test",0.329059353194177,-0.389180269582755,"Above 0"
154,"Real",-0.623991899319442,-1.28325983288158,-0.00323341305337529,"d","Dirichlet","test",-0.196027073295035,-0.421451364975636,"Below 0"
155,"Real",0.543561697229066,-0.176752595569422,1.25294805576505,"d","Dirichlet","test",0.233140264744529,0.0936131682521834,"Covers 0"
156,"Real",1.14077980244307,0.568562291362756,1.77745371816555,"d","Dirichlet","test",0.421491969043457,0.234570119457695,"Above 0"
157,"Real",2.23344075443523,1.53919494974149,2.88891669726597,"d","Dirichlet","test",0.716549742517757,0.155834655997878,"Above 0"
158,"Real",1.95845094610671,1.37449690875156,2.65005230291779,"d","Dirichlet","test",0.564890558373215,0.0326320521298086,"Above 0"
159,"Real",0.572523169161662,-0.124928164847231,1.22370229603803,"d","Dirichlet","test",0.0727152814527113,0.0969270352047491,"Covers 0"
160,"Real",1.71960711954578,1.07496063203088,2.41113138215533,"d","Dirichlet","test",0.728156741946577,-0.239517274967749,"Above 0"
161,"Real",1.32227179844063,0.641573715445629,2.02964943721605,"d","Dirichlet","test",0.376653258770052,-0.506695041637425,"Above 0"
162,"Real",0.341982344096637,-0.396222493481511,1.05479012872858,"d","Dirichlet","test",0.227531086646514,-0.190770757346599,"Covers 0"
163,"Real",1.94915690104776,1.36466066778043,2.60703721066164,"d","Dirichlet","test",0.688118936525877,0.255972052095987,"Above 0"
164,"Real",1.30420041696238,0.742025727937523,1.86642096299461,"d","Dirichlet","test",0.316501184750804,-0.50156626366387,"Above 0"
165,"Real",1.25723736283675,0.667240031527528,1.89228759882984,"d","Dirichlet","test",0.475335607097875,0.279249035501972,"Above 0"
166,"Real",2.40225326680185,1.73713129105026,3.17443221781545,"d","Dirichlet","test",0.763913529348674,0.0224691928351296,"Above 0"
167,"Real",2.3126713719542,1.60385739600258,3.0547683023302,"d","Dirichlet","test",0.694888856501763,-0.336820870882317,"Above 0"
168,"Real",0.32856879117412,-0.316863800388713,0.974006805824628,"d","Dirichlet","test",0.098592186188906,0.153093676588144,"Covers 0"
169,"Real",2.48233950210902,1.8896435124947,3.08612488181966,"d","Dirichlet","test",0.763198785718565,0.116591977111343,"Above 0"
170,"Real",2.04564098388932,1.40969269839953,2.7112004787563,"d","Dirichlet","test",0.676965640683057,0.218971819164161,"Above 0"
171,"Real",0.213276923270154,-0.476336336016379,0.87097764643909,"d","Dirichlet","test",0.101276043098043,0.130612763766555,"Covers 0"
172,"Real",2.59670351544746,2.00173419826428,3.31125086761309,"d","Dirichlet","test",0.707466370168464,-0.123045208266267,"Above 0"
173,"Real",1.15873440357145,0.582943500321064,1.76661557636214,"d","Dirichlet","test",0.436506134962981,0.214608990014235,"Above 0"
174,"Real",0.159165773601882,-0.623634467973812,1.06189700679614,"d","Dirichlet","test",0.214776894714212,-0.327522011472878,"Covers 0"
175,"Real",0.350755071161787,-0.211060655290805,0.921060321744458,"d","Dirichlet","test",-0.0572245753329321,-0.096486489836321,"Covers 0"
176,"Real",0.919960858511927,0.252754692226532,1.63022009707345,"d","Dirichlet","test",0.213818231027835,0.0767484907698104,"Above 0"
177,"Real",1.29732782726103,0.716324045770621,1.92403873888125,"d","Dirichlet","test",0.312588283220111,-0.27138601898872,"Above 0"
178,"Real",2.45293193841971,1.78776761485989,3.14002088501315,"d","Dirichlet","test",0.64281216205263,-0.425649322566331,"Above 0"
179,"Real",-0.371261226066755,-0.946095086167569,0.218267827506216,"d","Dirichlet","test",-0.226653986989576,-0.469949566311684,"Covers 0"
180,"Real",0.683550716081801,0.110905258853035,1.28870503773422,"d","Dirichlet","test",0.302256422426595,-0.0908489412963096,"Above 0"
181,"Real",1.84593838303047,1.14127128749008,2.69068129956922,"d","Dirichlet","test",0.44228597208698,-0.345931373859121,"Above 0"
182,"Real",1.09854799743722,0.42413895350464,1.80757746145952,"d","Dirichlet","test",0.335099997042252,-0.360424041063334,"Above 0"
183,"Real",1.3246396037478,0.600093690386231,2.02910116975322,"d","Dirichlet","test",0.293183015838202,0.183212234138277,"Above 0"
184,"Real",0.767788527086958,0.158608827549526,1.38142086223968,"d","Dirichlet","test",0.1811963745932,-0.183027493513707,"Above 0"
185,"Real",-0.602481346854238,-1.24254901331285,-0.0418478867092981,"d","Dirichlet","test",-0.362913571624892,0.118740232020992,"Below 0"
186,"Real",1.54409229768103,0.845900975438032,2.19803125083744,"d","Dirichlet","test",0.515206661431746,0.226854272814459,"Above 0"
187,"Real",1.31237853521927,0.588147060801769,2.0650342011634,"d","Dirichlet","test",0.366512853439376,-0.414476109681444,"Above 0"
188,"Real",-0.428353338458171,-0.876131903434531,0.0284712031659132,"d","Dirichlet","test",-0.264766961652715,0.182288067349242,"Covers 0"
189,"Real",1.79752678695153,1.12494200351747,2.469127690887,"d","Dirichlet","test",0.494555755572477,0.0512580769806176,"Above 0"
190,"Real",0.606900224973276,-0.135768375661419,1.28889076979667,"d","Dirichlet","test",0.170460229362319,-0.172918380955862,"Covers 0"
191,"Real",0.0162768902338342,-0.501816927112493,0.553026485003487,"d","Dirichlet","test",-0.12046187603312,-0.683397746713743,"Covers 0"
192,"Real",0.541907020992554,-0.0517964877184668,1.13385084190068,"d","Dirichlet","test",0.255032521266636,0.0440828277596488,"Covers 0"
193,"Real",-0.505742889704148,-0.989542432769288,-0.0192823054618141,"d","Dirichlet","test",-0.254459875952299,0.145715498460359,"Below 0"
194,"Real",0.0282897915125291,-0.655460722942907,0.78843612632264,"d","Dirichlet","test",0.0268671605554159,-0.478768687706722,"Covers 0"
195,"Real",0.759577088538212,0.132177784165689,1.4631138718153,"d","Dirichlet","test",0.178700486807106,-0.476910731190054,"Above 0"
196,"Real",0.994031094015788,0.27130842066568,1.63451305103227,"d","Dirichlet","test",0.315438523272943,0.243363105142145,"Above 0"
197,"Real",1.97935607873736,1.34916012386497,2.61780003007225,"d","Dirichlet","test",0.663055832133786,0.238373450829155,"Above 0"
198,"Real",0.532053189183357,-0.158015798492183,1.26825913807529,"d","Dirichlet","test",0.110768406415008,-0.0371584879588977,"Covers 0"
199,"Real",-0.536603484842522,-1.21709860189354,0.138446920375995,"d","Dirichlet","test",-0.0780128502704082,0.0537397679884417,"Covers 0"
200,"Real",1.0489679276275,0.294374219761453,1.71038121370489,"d","Dirichlet","test",0.352029085432946,0.255310042331139,"Above 0"
201,"Real",1.44562392951971,0.819360210128092,2.07802303904491,"d","Dirichlet","test",0.432444413093674,0.0497088242601131,"Above 0"
202,"Real",1.1754515278609,0.385416148750594,1.96080393735525,"d","Dirichlet","test",0.285963256016549,0.231592155786446,"Above 0"
203,"Real",-0.214065834065632,-0.683312362110202,0.320278190975864,"d","Dirichlet","test",-0.116073615837977,-0.321090922314885,"Covers 0"
204,"Real",2.53341760826908,1.83043832987078,3.29347214832143,"d","Dirichlet","test",0.761270085400641,-0.231362157766618,"Above 0"
205,"Real",-0.234477401605042,-0.72222789642371,0.309692755074302,"d","Dirichlet","test",-0.132110711486612,0.0645688771301581,"Covers 0"
206,"Real",1.48783873752171,0.781595579740579,2.24096188442008,"d","Dirichlet","test",0.321014965566923,0.0943865694168586,"Above 0"
207,"Real",1.40436571956192,0.693927247536366,2.08383970237754,"d","Dirichlet","test",0.519535689717611,-0.189946708868315,"Above 0"
208,"Real",1.01941083860668,0.342669143835765,1.72942488999474,"d","Dirichlet","test",0.284411770111304,-0.372565574373479,"Above 0"
209,"Real",0.256086435569491,-0.443115709575712,1.00348279788688,"d","Dirichlet","test",0.0720538178581501,-0.397353141201347,"Covers 0"
210,"Real",-0.384115192115918,-0.906646083342117,0.129116445838768,"d","Dirichlet","test",-0.294241275616403,0.0630187419396065,"Covers 0"
211,"Real",1.65496036433121,1.00561012630867,2.3109712392665,"d","Dirichlet","test",0.487650162461067,0.127079038423689,"Above 0"
212,"Real",-0.250750623312557,-1.11548501605065,0.476304946528668,"d","Dirichlet","test",-0.0417901176611742,-0.272235406957194,"Covers 0"
213,"Real",1.81047623431583,1.15081976808432,2.50802772285963,"d","Dirichlet","test",0.604722466954967,0.348439831319066,"Above 0"
214,"Real",1.21405864756384,0.593862124450271,1.85493618604985,"d","Dirichlet","test",0.391362427890761,0.201545841298562,"Above 0"
215,"Real",2.67326190548137,2.09722833564753,3.33712775474675,"d","Dirichlet","test",0.781681340781508,0.00287841661566136,"Above 0"
216,"Real",2.28396106856751,1.53363806560453,2.97963809673087,"d","Dirichlet","test",0.702685515443859,-0.278975086398919,"Above 0"
217,"Real",0.136600239583409,-0.54299580492555,0.711401152976397,"d","Dirichlet","test",0.0185617275211963,0.094776994132296,"Covers 0"
218,"Real",1.08157474467911,0.380766520043535,1.71660413594612,"d","Dirichlet","test",0.271535673856801,-0.0647814702596137,"Above 0"
219,"Real",2.01446018848451,1.32084689747524,2.75447390421126,"d","Dirichlet","test",0.52482408291792,0.0306633692563876,"Above 0"
220,"Real",0.926880930952483,0.153841506099276,1.62614108041093,"d","Dirichlet","test",0.0784816423495925,0.0850061257886905,"Above 0"
221,"Real",2.31321508809979,1.62110108049631,3.04868654925598,"d","Dirichlet","test",0.678273491787846,-0.172907387338374,"Above 0"
222,"Real",-0.256329754951695,-0.857223530404638,0.404407932723357,"d","Dirichlet","test",-0.0805418789706193,0.125019359258404,"Covers 0"
223,"Real",1.35418816839108,0.747039796910428,2.03443682363709,"d","Dirichlet","test",0.414672489612787,0.222176344685271,"Above 0"
224,"Real",-0.217993943841959,-0.780090357522777,0.299288944554214,"d","Dirichlet","test",-0.206451111489797,0.100459806280066,"Covers 0"
225,"Real",0.792349318265427,-0.0109477632486283,1.516406665624,"d","Dirichlet","test",0.122610881085277,-0.249071299155643,"Covers 0"
226,"Real",1.86382686507107,1.21972269271938,2.53139657865619,"d","Dirichlet","test",0.543204507906577,-0.319491786723417,"Above 0"
227,"Real",1.99953334518525,1.39933387408259,2.63996531399695,"d","Dirichlet","test",0.767149076328997,0.18003683468727,"Above 0"
228,"Real",1.42665817045197,0.733984968312608,2.17047717598538,"d","Dirichlet","test",0.253525952847738,-0.0101254694545728,"Above 0"
229,"Real",1.785579591052,1.15890084146801,2.46697836046172,"d","Dirichlet","test",0.759130563516043,-0.143312302073052,"Above 0"
230,"Real",1.41347765107631,0.837012729761605,2.13170463006245,"d","Dirichlet","test",0.539998179784015,0.208964500324342,"Above 0"
231,"Real",1.80246224052439,1.08992403814009,2.50334159664495,"d","Dirichlet","test",0.514751911721354,0.169329377251209,"Above 0"
232,"Real",2.50976059124951,1.89470265382992,3.14520383132861,"d","Dirichlet","test",0.814080459134464,0.245168309924385,"Above 0"
233,"Real",2.56615322539518,1.8757229210968,3.19317903055206,"d","Dirichlet","test",0.764701181250412,0.257764933051485,"Above 0"
234,"Real",0.597631224570258,0.00869662986113238,1.2702828378226,"d","Dirichlet","test",0.130444925990493,0.0453818325418434,"Above 0"
235,"Real",2.49458765614337,1.93209536988437,3.16537931240301,"d","Dirichlet","test",0.691233090632146,-0.085233929424691,"Above 0"
236,"Real",1.60385484628297,0.847445751623212,2.36066034873715,"d","Dirichlet","test",0.463665227338153,-0.516685531121606,"Above 0"
237,"Real",2.2808431989263,1.56028970474525,3.14656196873025,"d","Dirichlet","test",0.553059194540251,-0.137003822404211,"Above 0"
238,"Real",1.32251917627774,0.648079460941528,2.08790411845847,"d","Dirichlet","test",0.367366778382523,0.167334070743653,"Above 0"
239,"Real",0.773203091141201,0.0957122623211981,1.47954883406255,"d","Dirichlet","test",0.134030643858918,-0.209084192787988,"Above 0"
240,"Real",2.09997828726026,1.41416356991827,2.79781334620493,"d","Dirichlet","test",0.722823065494417,0.287629935055357,"Above 0"
241,"Real",1.96798326884614,1.29349156186435,2.64152632325631,"d","Dirichlet","test",0.446398620834406,0.0768269091690451,"Above 0"
242,"Real",1.88157202968337,1.27421658666582,2.51090409681159,"d","Dirichlet","test",0.755101447678946,0.320007628185265,"Above 0"
243,"Real",2.5296650702476,1.83586459875741,3.22402658550202,"d","Dirichlet","test",0.77716423538107,0.225902575202996,"Above 0"
244,"Real",1.63019323617819,0.964893639694788,2.35559896712268,"d","Dirichlet","test",0.509838495602427,-0.42369973515285,"Above 0"
245,"Real",2.14267404028113,1.30551933728811,2.96707977595036,"d","Dirichlet","test",0.564333615927637,-0.123970965367255,"Above 0"
246,"Real",2.47930991573675,1.76415966838972,3.16211759304161,"d","Dirichlet","test",0.659139581274922,0.186817564043387,"Above 0"
247,"Real",2.28531293787057,1.57383549455626,2.99547528636608,"d","Dirichlet","test",0.655752808098169,-0.224827650307826,"Above 0"
248,"Real",1.06275963534802,0.443795138164363,1.66967049431617,"d","Dirichlet","test",0.181516073686882,0.090996220429036,"Above 0"
249,"Real",1.02203431074698,0.296837315086348,1.76670116280258,"d","Dirichlet","test",0.292580936252095,-0.130503929509848,"Above 0"
250,"Real",0.471540795445868,-0.198836494477471,1.16219079483476,"d","Dirichlet","test",0.202337298059527,-0.388668752425056,"Covers 0"
251,"Real",1.86246610673919,1.26500767810828,2.49273204360134,"d","Dirichlet","test",0.673692787095777,0.230698165353222,"Above 0"
252,"Real",2.6182030696696,1.97439044025603,3.30673737671078,"d","Dirichlet","test",0.839060757469906,0.195048101878242,"Above 0"
253,"Real",0.528629193310174,-0.121600841108085,1.17815279299798,"d","Dirichlet","test",0.134045943720639,-0.0236174757343897,"Covers 0"
254,"Real",0.572763821451852,0.063061183177388,1.13557034442312,"d","Dirichlet","test",0.203762810823322,0.148425100702989,"Above 0"
255,"Real",2.66570095900177,2.01074994086822,3.420030438619,"d","Dirichlet","test",0.801993162260908,-0.147679081730131,"Above 0"
256,"Real",1.46299174755748,0.791423944297524,2.1605148048919,"d","Dirichlet","test",0.44719485044341,0.23160657236395,"Above 0"
257,"Real",1.20948175900144,0.54078978801683,1.89501249253121,"d","Dirichlet","test",0.367602743892614,-0.184486677593967,"Above 0"
258,"Real",1.9757841849879,1.24082914201436,2.70098612710988,"d","Dirichlet","test",0.748662884440541,0.29882448367882,"Above 0"
259,"Real",0.865664374355749,0.311310348012931,1.49183927352806,"d","Dirichlet","test",0.221466104543408,-0.479350368788986,"Above 0"
260,"Real",0.43038530442404,-0.272100385127806,1.09538203600687,"d","Dirichlet","test",0.185142073569269,-0.0124172393370858,"Covers 0"
261,"Real",0.846988286650178,0.1625631340928,1.59267285060455,"d","Dirichlet","test",0.170897122030185,-0.541183875939923,"Above 0"
262,"Real",1.94707673118521,1.28017554004789,2.5748283335289,"d","Dirichlet","test",0.511592214362427,0.0143882137436573,"Above 0"
263,"Real",1.76135216846744,1.04060248834033,2.46619045797412,"d","Dirichlet","test",0.431641729668125,0.140263272590893,"Above 0"
264,"Real",0.0244105403670173,-0.452208612539832,0.548108124798527,"d","Dirichlet","test",-0.081757508713566,-0.548099565745769,"Covers 0"
265,"Real",-0.295251487214637,-0.762481193007791,0.192099992757342,"d","Dirichlet","test",-0.1683655547128,0.0423459838391177,"Covers 0"
266,"Real",0.382386732181116,-0.365432160987126,1.06117435640633,"d","Dirichlet","test",-0.0206269728963855,-0.345460761216558,"Covers 0"
267,"Real",1.14146648796229,0.48942354326582,1.86542665491509,"d","Dirichlet","test",0.132686274128707,-0.125950617061843,"Above 0"
268,"Real",0.0106118073032301,-0.508344751662858,0.56373446038338,"d","Dirichlet","test",-0.0879553034624741,-0.656732677169674,"Covers 0"
269,"Real",-0.245498258275066,-0.842735007811206,0.37238801279064,"d","Dirichlet","test",-0.227655015860391,0.0359367058560766,"Covers 0"
270,"Real",1.41297108906244,0.786307018668771,2.08811673922472,"d","Dirichlet","test",0.589865111812739,0.265367999152957,"Above 0"
271,"Real",1.06494838964719,0.441343914295256,1.6650999500012,"d","Dirichlet","test",0.177760261163263,0.0400800891911122,"Above 0"
272,"Real",1.74937838476209,1.07635581969525,2.41750715079091,"d","Dirichlet","test",0.491234972511449,0.171883292465557,"Above 0"
273,"Real",1.81327450609026,1.24673442465118,2.4356169824013,"d","Dirichlet","test",0.645898012941159,0.169446516751708,"Above 0"
274,"Real",2.4360349454839,1.79916262030486,3.13710307301035,"d","Dirichlet","test",0.680285188706847,-0.204050107049146,"Above 0"
275,"Real",1.87945884693371,1.2320683346578,2.55065147471072,"d","Dirichlet","test",0.6383942821079,0.295477354690349,"Above 0"
276,"Real",1.90835604344962,1.26122463226451,2.6253442612976,"d","Dirichlet","test",0.566457171250624,-0.0785958131834269,"Above 0"
277,"Real",0.839592213271599,0.276868569079461,1.42312905397112,"d","Dirichlet","test",0.230402868368244,-0.192947774973793,"Above 0"
278,"Real",1.80785254971774,1.10194568685135,2.51457091887005,"d","Dirichlet","test",0.581791093519881,-0.0867452786600871,"Above 0"
279,"Real",-0.438316486569314,-1.01180716796159,0.101208752197298,"d","Dirichlet","test",-0.32352300810099,0.199907008426171,"Covers 0"
280,"Real",1.42409371370356,0.815214497884258,2.13297635364726,"d","Dirichlet","test",0.322416035021842,-0.227607477564227,"Above 0"
281,"Real",1.73950304571004,1.11342263854854,2.37680368847589,"d","Dirichlet","test",0.515338492703956,-0.0797895005538536,"Above 0"
282,"Real",1.49056477071478,0.904716244511766,2.06990428172736,"d","Dirichlet","test",0.565515361333146,0.136989761775312,"Above 0"
283,"Real",-0.324556847333205,-0.822718473300717,0.236422410708827,"d","Dirichlet","test",-0.129726563182719,0.16547594073793,"Covers 0"
284,"Real",0.857995626881849,0.142505431058694,1.56248793479801,"d","Dirichlet","test",0.29973367012406,0.0288829289807171,"Above 0"
285,"Real",2.06247767403014,1.34508669614694,2.80470541403656,"d","Dirichlet","test",0.484427554769341,0.13724741992061,"Above 0"
286,"Real",1.11656999658003,0.544739159106191,1.71361387547906,"d","Dirichlet","test",0.429416486412079,0.224631700538055,"Above 0"
287,"Real",2.65722166813824,1.96311039266041,3.34621555268168,"d","Dirichlet","test",0.792141070222207,0.175795573369861,"Above 0"
288,"Real",0.74421755075052,0.131814467094157,1.41222799668251,"d","Dirichlet","test",0.191316822040057,0.186655229427175,"Above 0"
289,"Real",-0.149278834002784,-0.676493413593564,0.402116455448054,"d","Dirichlet","test",-0.0266396169546376,-0.141876925550233,"Covers 0"
290,"Real",2.70203185092851,1.9988105060812,3.44516908837451,"d","Dirichlet","test",0.765775708773456,-0.174006569751553,"Above 0"
291,"Real",0.00971867612021755,-0.520752030498281,0.518974383166992,"d","Dirichlet","test",-0.11747015456492,-0.67306445305256,"Covers 0"
292,"Real",0.54471990761568,-0.0846124019951087,1.29103951275571,"d","Dirichlet","test",0.106953804330662,-8.08207009037733e-05,"Covers 0"
293,"Generated",-1.92459258640449,-2.89164547250246,-1.04235094115121,"d","Dirichlet","test",-0.232958364213011,0.114508260625564,"Below 0"
294,"Generated",-1.33218072055067,-2.11005638063736,-0.647678299990307,"d","Dirichlet","test",-0.0771092683873514,-0.175780587701813,"Below 0"
295,"Generated",-1.64647984824218,-2.57123887463079,-0.694397742943347,"d","Dirichlet","test",-0.00995509046108058,0.168327084836426,"Below 0"
296,"Generated",-1.1926229441346,-1.84647022649863,-0.536767576631326,"d","Dirichlet","test",-0.255232807120528,0.141509291731246,"Below 0"
297,"Generated",-1.91360248829615,-3.0793205452825,-0.882836042807975,"d","Dirichlet","test",-0.197524729261269,0.0662323957733765,"Below 0"
298,"Generated",-1.40955363790463,-2.18590844750801,-0.734188382164115,"d","Dirichlet","test",-0.225069846879278,0.116292423166722,"Below 0"
299,"Generated",-0.137560556718324,-1.05166436758027,0.765363582268041,"d","Dirichlet","test",0.286257173675282,0.248536352036978,"Covers 0"
300,"Generated",-1.28932291818142,-2.0347017023315,-0.636178644626106,"d","Dirichlet","test",-0.185270376372808,0.274366784855768,"Below 0"
301,"Generated",-1.4321960872145,-2.26344437959657,-0.599254777637409,"d","Dirichlet","test",-0.21732387087141,0.180903862796929,"Below 0"
302,"Generated",-1.51626301398764,-2.40642439159902,-0.362112294221091,"d","Dirichlet","test",-0.312401428759747,0.178833668068919,"Below 0"
303,"Generated",-0.712835955765825,-1.58108494350031,0.275496477464165,"d","Dirichlet","test",-0.047909518629217,-0.105265676619197,"Covers 0"
304,"Generated",-0.46800266489928,-1.26336367901116,0.238411430612747,"d","Dirichlet","test",0.0273297700136582,0.225392952662365,"Covers 0"
305,"Generated",-0.964343583214881,-1.97578121804235,-0.0702303626965519,"d","Dirichlet","test",0.096994535164153,0.204047035480274,"Below 0"
306,"Generated",-1.93699025049242,-2.81390328362977,-1.12646208505225,"d","Dirichlet","test",-0.162178528270438,0.073583190101591,"Below 0"
307,"Generated",-1.41463845490668,-2.21059452245446,-0.687892145412682,"d","Dirichlet","test",-0.296356525387193,0.162728872429396,"Below 0"
308,"Generated",-0.537715190150994,-1.34576252200402,0.312101113567686,"d","Dirichlet","test",-0.0464143814338212,0.130884064077894,"Covers 0"
309,"Generated",-1.08933116063199,-1.94870152423159,-0.385812094330672,"d","Dirichlet","test",-0.188013024185652,-0.0327738487341068,"Below 0"
310,"Generated",-2.05254065189277,-3.04290964800444,-1.25379869988252,"d","Dirichlet","test",-0.256508438305803,0.169657267683934,"Below 0"
311,"Generated",-1.93116139751067,-2.77295658562209,-1.12110123682788,"d","Dirichlet","test",-0.173388018464221,0.153191020267819,"Below 0"
312,"Generated",-1.10332160671976,-1.88123028863897,-0.382311971338875,"d","Dirichlet","test",-0.0920900070515903,-0.292785588495473,"Below 0"
313,"Generated",-0.496080904686843,-1.24398921973432,0.307258210000403,"d","Dirichlet","test",0.0392235471086774,0.0403008352605525,"Covers 0"
314,"Generated",-1.70608527579932,-2.64658976505333,-0.870091702421674,"d","Dirichlet","test",-0.157630297991697,-0.310488693091054,"Below 0"
315,"Generated",-0.729796036057882,-1.46682668236135,-0.0489107071558061,"d","Dirichlet","test",-0.173045176328609,0.13354367417171,"Below 0"
316,"Generated",-1.10230278367266,-1.86572534688291,-0.355099152136052,"d","Dirichlet","test",-0.0105231634327903,0.0554079226015741,"Below 0"
317,"Generated",-0.333712518826,-1.0350248648028,0.312476536801311,"d","Dirichlet","test",-0.0889404674046426,-0.03162742478633,"Covers 0"
318,"Generated",-1.44523691094597,-2.19331386459671,-0.730216670629038,"d","Dirichlet","test",-0.195984371246237,-0.352955626907899,"Below 0"
319,"Generated",-1.31849640968678,-2.24161484158563,-0.347379486948579,"d","Dirichlet","test",-0.177552531842362,0.0604301209645573,"Below 0"
320,"Generated",0.097412393555196,-0.632417200398222,0.847013299836593,"d","Dirichlet","test",0.097222149697469,0.227305374402878,"Covers 0"
321,"Generated",-1.6973852489127,-2.53405850863823,-0.93812408997748,"d","Dirichlet","test",-0.232806920145244,-0.0675960578273526,"Below 0"
322,"Generated",-1.45626821304758,-2.3227375989353,-0.727163573597207,"d","Dirichlet","test",-0.235313069807484,0.183858683503987,"Below 0"
323,"Generated",-0.420128188352445,-1.20822961251317,0.356471868199058,"d","Dirichlet","test",0.0550525157327694,-0.31560428385841,"Covers 0"
324,"Generated",-1.19527025196807,-1.8934803742385,-0.434994098343334,"d","Dirichlet","test",-0.0504978273606669,-0.263118959312631,"Below 0"
325,"Generated",-0.980294629723099,-1.85383649632117,-0.217403214378107,"d","Dirichlet","test",-0.185620871550252,0.120207203155529,"Below 0"
326,"Generated",-1.17417950844867,-1.91114468553083,-0.509260605295132,"d","Dirichlet","test",-0.190948361965376,0.140344583479324,"Below 0"
327,"Generated",-1.02857421976328,-1.64656246454052,-0.432294253347421,"d","Dirichlet","test",-0.15580680755893,-0.352906593694853,"Below 0"
328,"Generated",-0.917078115048134,-1.78235155439608,-0.101749973058845,"d","Dirichlet","test",-0.205005879010762,0.115601208544913,"Below 0"
329,"Generated",-1.643757071535,-2.56899423032713,-0.812394646997884,"d","Dirichlet","test",-0.171133517085828,0.192803283966033,"Below 0"
330,"Generated",-1.78470512837915,-2.65680767677482,-0.935419838968126,"d","Dirichlet","test",-0.156370901260944,0.0982988375931146,"Below 0"
331,"Generated",-1.10856559517971,-1.96040185788535,-0.279134717542587,"d","Dirichlet","test",0.0686650932805157,0.151650255668203,"Below 0"
332,"Generated",-0.588066279095893,-1.305538367886,0.119559084922751,"d","Dirichlet","test",-0.114435755721932,0.0862485991518398,"Covers 0"
333,"Generated",0.262857787710655,-0.478218827101216,0.971574704559648,"d","Dirichlet","test",0.324353128480167,0.173817908244871,"Covers 0"
334,"Generated",-1.27849962820554,-2.02549815962389,-0.482183609112017,"d","Dirichlet","test",-0.22907443152195,-0.243345093115752,"Below 0"
335,"Generated",-1.46854145004104,-2.12189754887906,-0.79200828123129,"d","Dirichlet","test",-0.208673108838363,0.150556336525379,"Below 0"
336,"Generated",-0.98587912350936,-1.72829413136666,-0.211298616373813,"d","Dirichlet","test",-0.116555772403525,-0.330687798508924,"Below 0"
337,"Generated",-1.66167800978217,-2.43211296861092,-0.919053212273842,"d","Dirichlet","test",-0.211288935403198,-0.036769643701495,"Below 0"
338,"Generated",-0.997443497692329,-1.80522985843096,-0.231479064318937,"d","Dirichlet","test",-0.231989731610628,-0.0217518472631975,"Below 0"
339,"Generated",-0.351198690469589,-1.00943404952161,0.340381945185649,"d","Dirichlet","test",0.196989804390388,-0.270103502440708,"Covers 0"
340,"Generated",-0.484568887050932,-1.4578134251836,0.325693272114674,"d","Dirichlet","test",0.0271946043836475,0.197369954763844,"Covers 0"
341,"Generated",-1.30309928006647,-2.16901075165458,-0.420463557055767,"d","Dirichlet","test",0.182114954050576,-0.0060567233812103,"Below 0"
342,"Generated",-0.529369434501085,-1.55676580714461,0.333832568035748,"d","Dirichlet","test",0.0658447435857728,0.0807944232053242,"Covers 0"
343,"Generated",-0.8515282499121,-1.65886378849279,0.00144865453683632,"d","Dirichlet","test",0.0442341100564279,0.101625632403659,"Covers 0"
344,"Generated",-1.17330029371661,-1.92155280190941,-0.417118222588091,"d","Dirichlet","test",-0.0298167833459758,-0.466680066054678,"Below 0"
345,"Generated",-1.38004216302442,-2.1758604697608,-0.55942477115202,"d","Dirichlet","test",-0.131364140471532,-0.120789475851894,"Below 0"
346,"Generated",-1.24553696675048,-2.05726487883699,-0.502420852982538,"d","Dirichlet","test",-0.209390861977959,0.0933435348765244,"Below 0"
347,"Generated",-1.74985287228047,-2.55601570834004,-0.981029756163064,"d","Dirichlet","test",-0.187294695487552,-0.364168822938457,"Below 0"
348,"Generated",-0.867936447507205,-1.76917699287291,-0.138345033971734,"d","Dirichlet","test",-0.14967993231653,0.122056512121171,"Below 0"
349,"Generated",-0.959693360377282,-2.10852341027437,-0.114605188760385,"d","Dirichlet","test",0.0336167142315864,0.103400154285947,"Below 0"
350,"Generated",-0.722075645646077,-1.34257896545038,-0.139706440639324,"d","Dirichlet","test",-0.303778131218822,0.174289628369971,"Below 0"
351,"Generated",-1.68310294345308,-2.45136190012106,-0.919964917071731,"d","Dirichlet","test",-0.128659068910897,0.0695737489931335,"Below 0"
352,"Generated",-1.85214106839462,-2.62619562224046,-1.11592845068051,"d","Dirichlet","test",-0.222660345523487,0.041776042206521,"Below 0"
353,"Generated",-1.04304451081422,-2.06172771103785,-0.254497434672725,"d","Dirichlet","test",-0.106081422754215,0.0691681753760552,"Below 0"
354,"Generated",0.190767812089884,-0.509007286583116,0.892411635832264,"d","Dirichlet","test",0.0633286412568915,0.0450278091824461,"Covers 0"
355,"Generated",-1.16002349748295,-2.3087433712897,-0.417054535548804,"d","Dirichlet","test",-0.0996256430346498,-0.23021550431398,"Below 0"
356,"Generated",-0.892894292402505,-2.02213117795282,0.0200140767125884,"d","Dirichlet","test",0.0064812963286322,0.0365736173170922,"Covers 0"
357,"Generated",-0.580417487997226,-1.37121257974418,0.275422992076244,"d","Dirichlet","test",-0.0969193450798073,-0.140158982661952,"Covers 0"
358,"Generated",-1.37500750171328,-2.22649163800622,-0.485932776967489,"d","Dirichlet","test",-0.262177196119427,0.138018958881738,"Below 0"
359,"Generated",-1.31451401286253,-2.14303096238492,-0.594335594966274,"d","Dirichlet","test",0.088828909078049,0.00311242222660752,"Below 0"
360,"Generated",-1.34413301690041,-2.09597316705578,-0.608392846248572,"d","Dirichlet","test",0.0863610609372437,0.116600136656788,"Below 0"
361,"Generated",-0.729310423784497,-1.41079279213624,0.0193964773651455,"d","Dirichlet","test",-0.143040812447421,0.137157431155675,"Covers 0"
362,"Generated",-2.00342071554629,-2.76746972642455,-1.23164760381595,"d","Dirichlet","test",-0.251905818187496,0.183698328602362,"Below 0"
363,"Generated",0.00757236374915124,-0.712706086546362,0.600277224547632,"d","Dirichlet","test",0.129055009520146,0.0656009119559964,"Covers 0"
364,"Generated",-0.64160276518211,-1.37129171015546,0.0352706926866897,"d","Dirichlet","test",-0.0540817474992091,-0.303055533314328,"Covers 0"
365,"Generated",-0.500369892277883,-1.49606359497812,0.369278920605528,"d","Dirichlet","test",0.00280094153598561,0.013115404551781,"Covers 0"
366,"Generated",-1.05655078247392,-1.88546564324101,-0.233445137081395,"d","Dirichlet","test",0.0061249944055901,0.192137526813223,"Below 0"
367,"Generated",-0.645595776701669,-1.35300328480621,0.0724005108254102,"d","Dirichlet","test",-0.0352442598870564,-0.347310658860559,"Covers 0"
368,"Generated",-0.618524614754705,-1.34359065735418,0.0763168694238759,"d","Dirichlet","test",0.0128803908022534,0.11323260425668,"Covers 0"
369,"Generated",-1.25238480806268,-2.00686515168522,-0.622410954787069,"d","Dirichlet","test",-0.222717786762038,0.132654334384783,"Below 0"
370,"Generated",0.167135991848592,-0.650913054954524,1.04919362444624,"d","Dirichlet","test",0.134068053805945,-0.435622243897837,"Covers 0"
371,"Generated",-0.929344598679678,-1.64562980432375,-0.239795792410392,"d","Dirichlet","test",-0.166074548735491,0.0567832017023554,"Below 0"
372,"Generated",-1.26076830095837,-2.34060356255386,-0.212617289436733,"d","Dirichlet","test",-0.0563047281856931,-0.159433379741249,"Below 0"
373,"Generated",-1.65539042086752,-2.36572090060297,-0.945019143031183,"d","Dirichlet","test",-0.213940497892155,-0.357179116951801,"Below 0"
374,"Generated",-1.36873715841648,-2.20194215888234,-0.611594675300911,"d","Dirichlet","test",-0.22855785084299,0.124937082373346,"Below 0"
375,"Generated",-2.30816023616363,-3.26502004460789,-1.3850074069816,"d","Dirichlet","test",-0.228220412268745,0.00456010452073574,"Below 0"
376,"Generated",-1.30467371355461,-2.06988296473966,-0.628506798154244,"d","Dirichlet","test",-0.08413355420434,-0.162320822207829,"Below 0"
377,"Generated",-1.61468609711461,-2.41855460763785,-0.940713897132724,"d","Dirichlet","test",-0.270980223097411,0.145195825059242,"Below 0"
378,"Generated",-0.969899279191589,-1.74526201008601,-0.155122033978863,"d","Dirichlet","test",-0.214880117081491,0.0727650658185269,"Below 0"
379,"Generated",-0.890614410444794,-1.7843042272194,-0.156656720981012,"d","Dirichlet","test",-0.152130473305596,0.175216745150523,"Below 0"
380,"Generated",-1.03755848090332,-1.71532860914185,-0.432646702564871,"d","Dirichlet","test",-0.166490833620526,-0.107652540953889,"Below 0"
381,"Generated",-0.640146512464575,-1.37829588592268,0.0647625892105744,"d","Dirichlet","test",-0.0011990660272583,-0.340047905835944,"Covers 0"
382,"Generated",-0.402581535633598,-1.10489546944193,0.308302081049902,"d","Dirichlet","test",-0.0029344636466773,-0.47120682884164,"Covers 0"
383,"Generated",-0.861733287408927,-1.57903424690835,-0.190724613971117,"d","Dirichlet","test",-0.220477196312307,0.0433612861022835,"Below 0"
384,"Generated",-0.889123890800955,-1.70063162182824,-0.113621958839915,"d","Dirichlet","test",-0.136596591011717,-0.118715706953371,"Below 0"
385,"Generated",-1.43218376222344,-2.14761883861474,-0.763839607466691,"d","Dirichlet","test",-0.188448313168764,-0.0189684107950674,"Below 0"
386,"Generated",-0.321997558977221,-1.10512694831618,0.420145784728326,"d","Dirichlet","test",-0.0221583012768936,0.178823053289775,"Covers 0"
387,"Generated",-2.00561058726535,-2.92345186841221,-1.16678358372082,"d","Dirichlet","test",-0.292502356443253,0.182065371801352,"Below 0"
388,"Generated",-0.9694330691841,-1.79637060152522,-0.276254272916199,"d","Dirichlet","test",-0.24790173777393,0.0963878374021657,"Below 0"
389,"Generated",-1.4723390642125,-2.49943706764461,-0.698943218404388,"d","Dirichlet","test",-0.161808246494933,-0.0147513349616919,"Below 0"
390,"Generated",-1.61725658960357,-2.42116419354828,-0.822510355942403,"d","Dirichlet","test",-0.224996182632341,0.159231938891263,"Below 0"
391,"Generated",-0.775990257086712,-1.53792802157248,-0.106009205519191,"d","Dirichlet","test",-0.145080220326799,-0.0368805783695745,"Below 0"
392,"Generated",-1.35215933366391,-2.34585287010674,-0.571500084459521,"d","Dirichlet","test",-0.244391137630933,-0.022605896402664,"Below 0"
393,"Generated",-1.48963785219,-2.36237244873845,-0.735440390062429,"d","Dirichlet","test",-0.158406054260623,0.0521829987788727,"Below 0"
394,"Generated",-0.60967283835323,-1.29438622096378,0.043841618632039,"d","Dirichlet","test",-0.0477863937761537,0.0569253150659093,"Covers 0"
395,"Generated",-1.01972127193829,-1.82177044243234,-0.247799156492385,"d","Dirichlet","test",-0.0532076812672457,0.176422462547269,"Below 0"
396,"Generated",-0.219131534951587,-0.868751769465217,0.472988123562276,"d","Dirichlet","test",-0.0260367045492442,-0.100836338237897,"Covers 0"
397,"Generated",-2.39347420090075,-3.38118855497478,-1.52185895891041,"d","Dirichlet","test",-0.328731227940185,0.1437726791263,"Below 0"
398,"Generated",-0.497646328792369,-1.22432925886803,0.22984440291262,"d","Dirichlet","test",-0.0816791887649393,-0.536557640523813,"Covers 0"
399,"Generated",-2.17889262428214,-3.12266757377142,-1.29084138096748,"d","Dirichlet","test",-0.240486594040091,0.0748931297744949,"Below 0"
400,"Generated",-1.3627708732481,-2.09696745536396,-0.656914608248204,"d","Dirichlet","test",-0.209114798850968,-0.243733916487062,"Below 0"
401,"Generated",-0.098000217832533,-0.990535556424622,0.774525829665398,"d","Dirichlet","test",0.223409736280254,-0.101161104140291,"Covers 0"
402,"Generated",-2.1310481588607,-2.8446025551704,-1.41189946153077,"d","Dirichlet","test",-0.211751581475131,0.0309206481993294,"Below 0"
403,"Generated",-1.35754614664645,-2.0402214007452,-0.677562429627291,"d","Dirichlet","test",-0.180721574486422,-0.180686006418444,"Below 0"
404,"Generated",-0.611769408085879,-1.61639195653203,0.360657008427385,"d","Dirichlet","test",0.0868316075758978,-0.0558377255290416,"Covers 0"
405,"Generated",-0.0996259935310258,-0.802751332058567,0.617251869698962,"d","Dirichlet","test",0.127212054149983,0.0432759621815959,"Covers 0"
406,"Generated",-0.857119800865401,-1.61194110799701,-0.127410279055166,"d","Dirichlet","test",-0.0726795045725439,0.211423551991146,"Below 0"
407,"Generated",-1.15189523710694,-1.9527462528696,-0.180008901819328,"d","Dirichlet","test",-0.227390487353783,-0.373406520218134,"Below 0"
408,"Generated",-1.60017942538794,-2.47657786532789,-0.619449857128518,"d","Dirichlet","test",-0.190682324917826,0.0978324680929697,"Below 0"
409,"Generated",-1.14529882387524,-1.94084347499998,-0.333245724467141,"d","Dirichlet","test",-0.220566090083078,0.214214591047206,"Below 0"
410,"Generated",-1.14386409958587,-1.93038217406982,-0.412084750421613,"d","Dirichlet","test",-0.199083800540897,0.130289451461859,"Below 0"
411,"Generated",-1.73587902801314,-2.43849457798515,-1.02040809162787,"d","Dirichlet","test",-0.195536284298462,0.190556042435036,"Below 0"
412,"Generated",-1.12910954241559,-1.95134748497251,-0.19450560408958,"d","Dirichlet","test",0.077313717309355,0.190673524691312,"Below 0"
413,"Generated",-1.37884667221525,-2.40470008489624,-0.363266344694348,"d","Dirichlet","test",-0.220118624870998,0.155813643335433,"Below 0"
414,"Generated",-0.75655355763098,-1.49902060513005,-0.0691406597759329,"d","Dirichlet","test",0.0314696566733496,-0.261789733712325,"Below 0"
415,"Generated",-0.725108893394394,-1.50530607762143,-0.051632533615637,"d","Dirichlet","test",-0.114787713494201,-0.0724945265231227,"Below 0"
416,"Generated",-1.00611699011136,-1.88196619200373,-0.214568646671917,"d","Dirichlet","test",-0.183378925610881,-0.0368160588428323,"Below 0"
417,"Generated",-1.8723149144512,-2.61311895040265,-1.12615039040926,"d","Dirichlet","test",-0.136422813186802,-0.367401684959285,"Below 0"
418,"Generated",-0.683094128107361,-1.38833482887843,0.0397558172528517,"d","Dirichlet","test",-0.156748265023927,0.0021825008518151,"Covers 0"
419,"Generated",-1.04660155824876,-1.80779510226021,-0.275125743164386,"d","Dirichlet","test",0.0277020174374802,0.188298839010077,"Below 0"
420,"Generated",-0.48880078940519,-1.18875449961675,0.197209978204725,"d","Dirichlet","test",0.152760431573543,0.0115674338799905,"Covers 0"
421,"Generated",-1.58489175791396,-2.59985587021224,-0.777754427484505,"d","Dirichlet","test",-0.19024460190713,0.0192862477318766,"Below 0"
422,"Generated",-0.96420331320505,-1.87068773162293,-0.0842669284915686,"d","Dirichlet","test",0.00917077056697976,0.182800398595414,"Below 0"
423,"Generated",-1.18349236432119,-1.84655116485477,-0.527250139946522,"d","Dirichlet","test",-0.220247779599834,-0.139277654627145,"Below 0"
424,"Generated",-0.597034579216657,-1.39096483464112,0.251416336789366,"d","Dirichlet","test",-0.0399305900163242,-0.375060515281804,"Covers 0"
425,"Generated",0.197883420872961,-0.401896990529275,0.777348420940444,"d","Dirichlet","test",-0.000131278559125428,0.0419664505443038,"Covers 0"
426,"Generated",1.06583933654079,0.237624289026112,1.84665927381778,"d","Dirichlet","test",0.396418568246088,-0.0318471370177064,"Above 0"
427,"Generated",-1.3622231323128,-2.0853471731109,-0.636462697290478,"d","Dirichlet","test",-0.0860576235094932,-0.308934436751275,"Below 0"
428,"Generated",-1.13608131011853,-2.00137906824734,-0.483491658493831,"d","Dirichlet","test",-0.129245292726749,-0.252569445625737,"Below 0"
429,"Generated",-0.634318611474278,-1.33374604076798,0.042797893285768,"d","Dirichlet","test",-0.226327483582429,0.108749029886811,"Covers 0"
430,"Generated",-1.02926933300319,-2.08147922928651,-0.0573893717242059,"d","Dirichlet","test",-0.313474496366129,0.104302108369425,"Below 0"
431,"Generated",-0.466806886303138,-1.19226993914695,0.263155494554899,"d","Dirichlet","test",0.0852626472321051,0.227429409789595,"Covers 0"
432,"Generated",-2.35402094353634,-3.23491278183982,-1.55910160925024,"d","Dirichlet","test",-0.323093790443109,0.108153416140127,"Below 0"
433,"Generated",-1.18732788058309,-1.85885019820887,-0.565643876949602,"d","Dirichlet","test",-0.229037996075417,0.185744858835479,"Below 0"
434,"Generated",-0.0109714678206905,-0.707927106055782,0.582792656195722,"d","Dirichlet","test",-0.0780665801551227,0.144158996461413,"Covers 0"
435,"Generated",-1.80980560804865,-2.59515173728302,-1.00273962143447,"d","Dirichlet","test",-0.121999408454571,0.163470390835347,"Below 0"
436,"Generated",-0.996635485195896,-1.71180650316143,-0.356636406966698,"d","Dirichlet","test",-0.266174411798438,0.202310947954974,"Below 0"
437,"Generated",-0.936314432828794,-1.63647853354129,-0.311886197636396,"d","Dirichlet","test",-0.205668969617783,0.165778985844266,"Below 0"
438,"Generated",-1.41881234931078,-2.35660557307046,-0.551148256248436,"d","Dirichlet","test",-0.115363603419413,0.056994651449231,"Below 0"
439,"Generated",-1.28619433247677,-2.00263897419631,-0.570752609463425,"d","Dirichlet","test",-0.22180501687201,0.161690289414077,"Below 0"
440,"Generated",-1.50146835700023,-2.28549090308161,-0.796838441500091,"d","Dirichlet","test",-0.235587142572167,0.171426079714726,"Below 0"
441,"Generated",-0.9869805859975,-1.71216738236761,-0.329544906340653,"d","Dirichlet","test",-0.241710202591157,0.0913573966037076,"Below 0"
442,"Generated",-1.02883994132503,-1.86508888172604,-0.234206298574504,"d","Dirichlet","test",-0.0733177055406946,0.114533901242491,"Below 0"
443,"Generated",-1.51827176647822,-2.25984964753268,-0.768084722829719,"d","Dirichlet","test",-0.174582635136151,0.0878789659877784,"Below 0"
444,"Generated",-1.34096845392871,-2.04625273342047,-0.638029706227661,"d","Dirichlet","test",-0.260894542791697,0.0966015453411902,"Below 0"
445,"Generated",-1.48507573412197,-2.3276107063325,-0.748698793932898,"d","Dirichlet","test",-0.271296828952292,0.138141417894896,"Below 0"
446,"Generated",-0.744418941575858,-1.75106105229128,-0.0638353825972471,"d","Dirichlet","test",-0.207687152998268,-0.162258162507449,"Below 0"
447,"Generated",-1.27344387289463,-2.03281821554493,-0.58347872829614,"d","Dirichlet","test",-0.175042867554377,-0.121068207282831,"Below 0"
448,"Generated",-1.35573365216114,-2.07642604969266,-0.623357538363083,"d","Dirichlet","test",-0.175017540158913,0.057957706459441,"Below 0"
449,"Generated",-1.53901717014682,-2.41829031114684,-0.677290377253306,"d","Dirichlet","test",-0.0876826529617362,0.138446020822777,"Below 0"
450,"Generated",-2.11566879158852,-2.962659687195,-1.14874296992991,"d","Dirichlet","test",-0.192624917533537,0.0802970251582387,"Below 0"
451,"Generated",-2.12385397896996,-3.11718158940337,-1.25331445935916,"d","Dirichlet","test",-0.134638651722916,0.181474163546281,"Below 0"
452,"Generated",-0.86912203660846,-1.69016577744533,-0.188216296142197,"d","Dirichlet","test",-0.0256770242915435,0.154729198422486,"Below 0"
453,"Generated",-1.01703700130165,-1.8249222537177,-0.255154993153128,"d","Dirichlet","test",-0.224876754413404,0.11121004044982,"Below 0"
454,"Generated",-0.953051572828236,-1.66312887955792,-0.309424783634308,"d","Dirichlet","test",-0.234127203394884,0.216012393369184,"Below 0"
455,"Generated",-0.534531870775494,-1.5589126443608,0.410718244112326,"d","Dirichlet","test",-0.00199077790611029,0.170535112289358,"Covers 0"
456,"Generated",-2.00109141850895,-2.81386564860611,-1.20056799146363,"d","Dirichlet","test",-0.187013993678824,0.151914527563231,"Below 0"
457,"Generated",-1.87097748084334,-2.61506704050498,-1.1744264040247,"d","Dirichlet","test",-0.277717564012221,0.199649107217127,"Below 0"
458,"Generated",0.310700597292095,-0.337628588690735,1.01232773298957,"d","Dirichlet","test",0.207510548690647,0.077612597903516,"Covers 0"
459,"Generated",-0.716596489307655,-1.54778851725505,0.236844158475354,"d","Dirichlet","test",-0.137622700091807,0.0864924018304071,"Covers 0"
460,"Generated",-1.30997163780572,-2.07694152420668,-0.526799429354775,"d","Dirichlet","test",-0.134354623140945,0.210506621125009,"Below 0"
461,"Generated",-1.60194323495287,-2.40205091349009,-0.949769714642457,"d","Dirichlet","test",-0.248262321479708,0.125877400320532,"Below 0"
462,"Generated",-0.0351756739591653,-0.856677183696944,0.702301433362887,"d","Dirichlet","test",0.0372533213507077,0.226305555553285,"Covers 0"
463,"Generated",-1.65773647966148,-2.514447034226,-0.835937188792606,"d","Dirichlet","test",-0.181065211083845,0.0310805613211128,"Below 0"
464,"Generated",-2.10223478075269,-3.0406328026039,-1.32698870417584,"d","Dirichlet","test",-0.210413820291013,-0.503183350967738,"Below 0"
465,"Generated",-1.27665860933993,-2.02629542550841,-0.499514700896424,"d","Dirichlet","test",-0.165117683060809,0.153108199467525,"Below 0"
466,"Generated",-0.878112873446272,-1.73102403025452,-0.0626032766126973,"d","Dirichlet","test",0.00423160166115149,-0.302554398180236,"Below 0"
467,"Generated",-1.09585559192053,-1.82897873352841,-0.355801386361499,"d","Dirichlet","test",-0.203783943744047,-0.205541753876132,"Below 0"
468,"Generated",-0.845120818034608,-1.65476605998944,0.0366459709087362,"d","Dirichlet","test",-0.205327472682877,-0.319220173779506,"Covers 0"
469,"Generated",0.05167534154134,-0.750589833391115,0.743508727639596,"d","Dirichlet","test",0.165263040517688,0.216764219179847,"Covers 0"
470,"Generated",-0.29092982961143,-1.17414623703461,0.453990422502059,"d","Dirichlet","test",-0.0770541326532173,0.195914456247591,"Covers 0"
471,"Generated",-0.576302126355433,-1.31872277151472,0.284010011308114,"d","Dirichlet","test",0.00302351890038864,0.18795269188279,"Covers 0"
472,"Generated",-0.0233160241036558,-0.974627565782497,0.962435327656954,"d","Dirichlet","test",0.187627830380587,-0.0162143690845008,"Covers 0"
473,"Generated",-0.718577209437552,-1.69174102815238,0.0246554824000638,"d","Dirichlet","test",-0.189097192160555,0.0521813166338147,"Covers 0"
474,"Generated",-1.32934776830702,-2.17190509283007,-0.526666445406768,"d","Dirichlet","test",-0.117679536328931,0.0496449694475562,"Below 0"
475,"Generated",-0.665648754145039,-1.61271108876443,0.164404037346716,"d","Dirichlet","test",-0.00229291956765284,0.0545611696419455,"Covers 0"
476,"Generated",-0.899731882458161,-1.80013485182448,-0.074582687530265,"d","Dirichlet","test",-0.148010311163837,0.200914258260628,"Below 0"
477,"Generated",-1.27704901474195,-2.10047667087493,-0.529030603616964,"d","Dirichlet","test",-0.108285604048388,0.163528133886413,"Below 0"
478,"Generated",-1.38093233662802,-2.20444546736731,-0.647564130166982,"d","Dirichlet","test",-0.0843638132927445,0.169528457059453,"Below 0"
479,"Generated",-1.84409167840023,-2.84821966134525,-0.874422381038093,"d","Dirichlet","test",-0.265628506952137,0.134702051533822,"Below 0"
480,"Generated",-1.37273957438471,-2.10983848648736,-0.669709578086751,"d","Dirichlet","test",-0.228865264354505,-0.00567855333159197,"Below 0"
481,"Generated",-1.61926323353847,-2.42437472428192,-0.864167969705696,"d","Dirichlet","test",-0.271047193034729,-0.22938361451631,"Below 0"
482,"Generated",-0.742589677566953,-1.54575925147082,0.0671727072614646,"d","Dirichlet","test",-0.0200649429928326,0.228980974315657,"Covers 0"
483,"Generated",-1.22405030825281,-2.07722157138559,-0.249249402805948,"d","Dirichlet","test",-0.0263015267519899,0.200666566820801,"Below 0"
484,"Generated",-0.955992309105329,-1.74198549012218,-0.201134439871718,"d","Dirichlet","test",-0.133372218428967,0.130872075434316,"Below 0"
485,"Generated",-1.19117743247425,-2.04937262411044,-0.338200210963399,"d","Dirichlet","test",-0.0224069418912537,0.114573661147014,"Below 0"
486,"Generated",-1.76483963880489,-2.83113185942756,-0.725633899419177,"d","Dirichlet","test",-0.297157900041077,0.0861209463322317,"Below 0"
487,"Generated",-0.516391451228604,-1.2271763301081,0.176523105865084,"d","Dirichlet","test",-0.22874649459846,0.0733510474717394,"Covers 0"
488,"Generated",0.0896474175654881,-0.764634758691758,0.865556270541643,"d","Dirichlet","test",0.115797152309671,0.232371789744175,"Covers 0"
489,"Generated",-0.652002490807004,-1.50130223619659,0.215921777247487,"d","Dirichlet","test",0.141220531510985,0.204663322211027,"Covers 0"
490,"Generated",-0.794623921842588,-1.6552838469423,0.0895716414730684,"d","Dirichlet","test",0.0943105858022703,0.193259857298035,"Covers 0"
491,"Generated",-0.148873049494753,-1.13951782344573,0.672106534337792,"d","Dirichlet","test",0.205521520262225,0.153036924423961,"Covers 0"
492,"Generated",-0.686736801609415,-1.5733808439642,0.116508839475844,"d","Dirichlet","test",0.00513582947693112,0.172186879611462,"Covers 0"
493,"Generated",-1.29374851621337,-2.25668230263863,-0.432929228572236,"d","Dirichlet","test",-0.0528604619342604,-0.085129952740979,"Below 0"
494,"Generated",-0.28301868810328,-1.11830510237077,0.503032730400041,"d","Dirichlet","test",0.152753827618291,0.190187709917571,"Covers 0"
495,"Generated",0.390861356254057,-0.388312803766157,1.16825288102877,"d","Dirichlet","test",0.408501772401307,0.249740652818162,"Covers 0"
496,"Generated",-1.12397726893942,-2.08728348173037,-0.278829673605739,"d","Dirichlet","test",-0.171834517439543,0.146276747327619,"Below 0"
497,"Generated",-0.0803712464656548,-0.751524928379475,0.594541220845446,"d","Dirichlet","test",0.112881273973274,-0.248054703187632,"Covers 0"
498,"Generated",-1.67850250049208,-2.55962029334404,-0.824208438668625,"d","Dirichlet","test",-0.145704905631145,-0.0537267449400613,"Below 0"
499,"Generated",-0.950511522652038,-1.58141050463286,-0.387294709593037,"d","Dirichlet","test",-0.287590035787535,0.116666299107669,"Below 0"
500,"Generated",-1.50093452676753,-2.25723804388885,-0.79768670101318,"d","Dirichlet","test",-0.111736159787481,0.0913552712715774,"Below 0"
501,"Generated",-1.13201069527744,-1.92680383621701,-0.496519929834621,"d","Dirichlet","test",-0.188132643400377,0.0491398812744722,"Below 0"
502,"Generated",-0.665568139477964,-1.46955991599228,0.116373465794462,"d","Dirichlet","test",-0.0380054976080327,0.0920243296942935,"Covers 0"
503,"Generated",0.429906064503022,-0.541739428401193,1.35477420239803,"d","Dirichlet","test",0.394649481760592,-0.245807189779344,"Covers 0"
504,"Generated",-0.638620905508537,-1.42612434386691,0.0299685710338196,"d","Dirichlet","test",-0.198171057728915,0.157527331315269,"Covers 0"
505,"Generated",-1.25500704972442,-2.10748919007952,-0.595357889585351,"d","Dirichlet","test",-0.203178571654641,0.195359885535602,"Below 0"
506,"Generated",-1.50896785491152,-2.42122359269821,-0.628834029120736,"d","Dirichlet","test",-0.226554207082632,0.16583605419094,"Below 0"
507,"Generated",-1.83119217493199,-2.60722179527344,-1.14332748306142,"d","Dirichlet","test",-0.330945605795203,0.160263792351918,"Below 0"
508,"Generated",-0.792731264571143,-1.76552934595845,0.084763797211472,"d","Dirichlet","test",-0.0122305528349957,0.240262110103744,"Covers 0"
509,"Generated",-0.0819289602752544,-1.01893999210215,0.834648160085538,"d","Dirichlet","test",-0.0285667469131953,0.0719868780308627,"Covers 0"
510,"Generated",-2.02447792325488,-3.08525934194193,-1.0890512002922,"d","Dirichlet","test",-0.234613491261267,0.0757843036285192,"Below 0"
511,"Generated",-1.48122295419924,-2.21918692428803,-0.801939793996738,"d","Dirichlet","test",-0.191269195666065,-0.282993450140892,"Below 0"
512,"Generated",-0.850285781457465,-1.54457093287948,-0.147839680427315,"d","Dirichlet","test",-0.304325801781093,0.15043956222233,"Below 0"
513,"Generated",-1.08830784078779,-1.94610311253617,-0.335024703274078,"d","Dirichlet","test",-0.177416709398888,0.11990915567783,"Below 0"
514,"Generated",-0.99234872633212,-1.99578844801901,-0.137755390744824,"d","Dirichlet","test",0.00397501693013396,-0.303324807658755,"Below 0"
515,"Generated",-1.54135413789956,-2.33949317938183,-0.755933221232294,"d","Dirichlet","test",-0.216592491984251,0.162960065599102,"Below 0"
516,"Generated",-1.93958898776798,-2.72127376261204,-1.16076686969432,"d","Dirichlet","test",-0.157412704893425,-0.435620256826601,"Below 0"
517,"Generated",-0.30840220274506,-1.30743228627496,0.72242599561137,"d","Dirichlet","test",0.0694138311755077,-0.0480403806809194,"Covers 0"
518,"Generated",-1.46183298235376,-2.39490058341553,-0.691441802921003,"d","Dirichlet","test",-0.125367162174878,-0.381028764101641,"Below 0"
519,"Generated",-1.54844974336027,-2.40927800722065,-0.652973356460694,"d","Dirichlet","test",-0.202929149548292,0.0338564613916968,"Below 0"
520,"Generated",-0.301028003158544,-1.04950097513552,0.395128984495774,"d","Dirichlet","test",-0.051373201191496,0.163624702343346,"Covers 0"
521,"Generated",-1.66897421291755,-2.29698815330652,-1.03639515967848,"d","Dirichlet","test",-0.29542753025802,-0.131894367123972,"Below 0"
522,"Generated",-1.74276130088143,-2.55143926920709,-0.96025323780812,"d","Dirichlet","test",-0.257225016383966,0.203000597414856,"Below 0"
523,"Generated",-0.212421141845934,-1.1035231383398,0.528640635489805,"d","Dirichlet","test",-0.203606625633694,0.161908163623086,"Covers 0"
524,"Generated",0.157606311050872,-0.661242019111659,0.906479040318508,"d","Dirichlet","test",0.252732941735595,0.212473159764934,"Covers 0"
525,"Generated",0.120516364170534,-0.963431900875562,0.975124879808588,"d","Dirichlet","test",0.117309818497465,0.0944622128346675,"Covers 0"
526,"Generated",-1.24804267430279,-2.01410019290643,-0.529288958990785,"d","Dirichlet","test",-0.154332763257899,0.0703611347341369,"Below 0"
527,"Generated",-0.240765664493781,-0.971790468471758,0.444642962801135,"d","Dirichlet","test",-0.084780866557455,0.147094867394164,"Covers 0"
528,"Generated",-1.2071901977593,-2.01034879852355,-0.460604308474747,"d","Dirichlet","test",-0.144421436253244,-0.260127320643103,"Below 0"
529,"Generated",-1.00579101982415,-1.73330173905099,-0.364130133125391,"d","Dirichlet","test",-0.183484733942109,0.14730337037695,"Below 0"
530,"Generated",-1.02264548041857,-1.85921048252992,-0.269671297118178,"d","Dirichlet","test",-0.0959367455127838,-0.354673330280361,"Below 0"
531,"Generated",-0.748147813341894,-1.52850292454421,0.0128111249557756,"d","Dirichlet","test",-0.0527936969337716,0.178078808234897,"Covers 0"
532,"Generated",-0.237520210745494,-0.988882534848978,0.447030623137169,"d","Dirichlet","test",0.0569531459543534,0.0275071494129205,"Covers 0"
533,"Generated",-0.89835935054545,-1.7809329623727,-0.0938019114731728,"d","Dirichlet","test",0.121309605243752,0.140894589130724,"Below 0"
534,"Generated",-1.64832775077373,-2.52899281104955,-0.88710465881128,"d","Dirichlet","test",-0.150841595085841,-0.296305548527968,"Below 0"
535,"Generated",-0.768181033313504,-1.41829746002542,-0.0773916532208603,"d","Dirichlet","test",0.107160228888099,0.0830745834498697,"Below 0"
536,"Generated",-0.739489913743346,-1.5915769617815,0.0417857343248759,"d","Dirichlet","test",-0.202268588770442,-0.29491093979262,"Covers 0"
537,"Generated",-0.632795163202903,-1.43778629728901,0.157524185237943,"d","Dirichlet","test",-0.178544241382597,0.107648386495346,"Covers 0"
538,"Generated",0.122868996373754,-0.602429028913892,0.962950230721816,"d","Dirichlet","test",0.305002291019034,-0.320234577215008,"Covers 0"
539,"Generated",-1.46493971475212,-2.3638285275093,-0.46071465175288,"d","Dirichlet","test",-0.13806081860034,0.237460705456707,"Below 0"
540,"Generated",-0.680203949231628,-1.36815497113118,0.0344063398086777,"d","Dirichlet","test",-0.132246476901857,0.095216872178397,"Covers 0"
541,"Generated",-1.00151736873752,-1.83945459076375,-0.147292696028191,"d","Dirichlet","test",0.142354152216733,0.087049084186948,"Below 0"
542,"Generated",-0.831265962832331,-1.59902410716223,-0.075450589005668,"d","Dirichlet","test",-0.00758415610908191,-0.0751840867427452,"Below 0"
543,"Generated",0.400513811053071,-0.384743119134928,1.14108035374663,"d","Dirichlet","test",0.206364904400499,0.149048015773378,"Covers 0"
544,"Generated",-0.80616798568883,-1.55486719734956,0.0158974268788296,"d","Dirichlet","test",0.00119858503115106,0.181114958955417,"Covers 0"
545,"Generated",-0.462651065509414,-1.5361755348957,0.388121321184822,"d","Dirichlet","test",0.0160741498919235,-0.0121330287597825,"Covers 0"
546,"Generated",-0.397323973094531,-1.27086659099346,0.331439935569609,"d","Dirichlet","test",0.0027199219118414,0.165645698900904,"Covers 0"
547,"Generated",-1.14461318338865,-1.91448613836735,-0.429959106243716,"d","Dirichlet","test",-0.21053965450282,0.00348705307379326,"Below 0"
548,"Generated",-0.0262743601537885,-0.71231757609203,0.65866166511171,"d","Dirichlet","test",0.033643273253897,0.0975365435364158,"Covers 0"
549,"Generated",-1.81684635438558,-2.67510007856299,-0.965927735910541,"d","Dirichlet","test",-0.070629466281039,-0.504425750115254,"Below 0"
550,"Generated",-1.19340820545946,-2.07324951592371,-0.289491350531293,"d","Dirichlet","test",-0.145340717270829,-0.236669063579217,"Below 0"
551,"Generated",-1.54625235707568,-2.26679813711317,-0.856618963707269,"d","Dirichlet","test",-0.156739877268952,0.168233421983543,"Below 0"
552,"Generated",-1.31230788726601,-2.10104365953722,-0.624951625785134,"d","Dirichlet","test",-0.228539847214603,-0.0434059871484496,"Below 0"
553,"Generated",-1.63512445757678,-2.51975672370139,-0.756949177104007,"d","Dirichlet","test",-0.139911474385301,0.111092120515775,"Below 0"
554,"Generated",-0.877372560748158,-1.70116926619166,-0.13528733441498,"d","Dirichlet","test",-0.180309878660001,-0.368411857085063,"Below 0"
555,"Generated",-1.47433119874918,-2.23096882173472,-0.776852467143529,"d","Dirichlet","test",-0.27799041386914,0.195653128358228,"Below 0"
556,"Generated",-1.60281252617255,-2.5684361706034,-0.735688216179216,"d","Dirichlet","test",-0.239932083026431,0.141579447630283,"Below 0"
557,"Generated",-1.6336403316678,-2.66303803719781,-0.638100730957134,"d","Dirichlet","test",-0.242453467402921,0.187491219760034,"Below 0"
558,"Generated",-0.979178291281559,-1.89790701928467,-0.101512993715934,"d","Dirichlet","test",0.11125236626791,-0.181536633902727,"Below 0"
559,"Generated",-1.19877488943418,-1.96168410921334,-0.497842796275306,"d","Dirichlet","test",-0.165110595621607,0.20918156747676,"Below 0"
560,"Generated",-0.669387511874126,-1.42485863534901,0.0441083987034675,"d","Dirichlet","test",0.100753781311726,-0.198188166947848,"Covers 0"
561,"Generated",-0.0635791371984991,-0.800562004803991,0.723929347629714,"d","Dirichlet","test",0.264946792352504,0.0428454758850563,"Covers 0"
562,"Generated",-0.807238294199253,-1.65808206739492,-0.057838873009446,"d","Dirichlet","test",-0.144622586260856,0.119938512359248,"Below 0"
563,"Generated",-1.42966500456548,-2.3273698469902,-0.542910672515846,"d","Dirichlet","test",0.0318256690638876,-0.345760590475218,"Below 0"
564,"Generated",-1.3371615993468,-2.13378132929377,-0.56677680129111,"d","Dirichlet","test",-0.145962277262138,-0.408167378092149,"Below 0"
565,"Generated",-1.39406889272104,-2.15412324230997,-0.68550388719953,"d","Dirichlet","test",-0.3056268502017,0.123950725659323,"Below 0"
566,"Generated",-1.0900542171007,-1.8619004999279,-0.323609334777493,"d","Dirichlet","test",-0.161928012546608,0.0861077072663891,"Below 0"
567,"Generated",-1.14194085431816,-2.05058964083106,-0.356014342571984,"d","Dirichlet","test",-0.0538443787945289,-0.44353705963924,"Below 0"
568,"Generated",-1.04883638310619,-1.99952966846263,-0.210624856785298,"d","Dirichlet","test",-0.0892637476048693,-0.0113932731978824,"Below 0"
569,"Generated",-1.39747607476019,-2.11501031382911,-0.643711031108912,"d","Dirichlet","test",-0.27516121186885,0.102395738222218,"Below 0"
570,"Generated",-1.42517655559478,-2.2722891538813,-0.754570622457181,"d","Dirichlet","test",-0.245521262248359,-0.010445969410982,"Below 0"
571,"Generated",-1.7391556943998,-2.48156976505508,-1.07960892339312,"d","Dirichlet","test",-0.227799928633572,0.044826747150264,"Below 0"
572,"Generated",-0.468052915417966,-1.16089612053881,0.229096015165443,"d","Dirichlet","test",-0.0616381320542529,-0.549329153126811,"Covers 0"
573,"Generated",-1.22275177586633,-2.1066120910269,-0.380419948756393,"d","Dirichlet","test",-0.106964828707126,-0.0296939735993637,"Below 0"
574,"Generated",-1.73301917497824,-2.5595679573797,-0.936038993607861,"d","Dirichlet","test",-0.173317908787262,0.0942042944037335,"Below 0"
575,"Generated",-0.782736263919732,-1.53497187567775,-0.0256209644721066,"d","Dirichlet","test",-0.130935718778154,-0.296612293784332,"Below 0"
576,"Generated",0.102453125910283,-1.18531364444626,1.06834401546182,"d","Dirichlet","test",0.201305298921227,0.025025797195905,"Covers 0"
577,"Generated",-2.11267917884327,-2.9248187028858,-1.30947141684904,"d","Dirichlet","test",-0.188829644995079,0.127406635829427,"Below 0"
578,"Generated",-0.199197395722229,-1.06114966693182,0.65006194732078,"d","Dirichlet","test",0.323505556970341,0.261849117966852,"Covers 0"
579,"Generated",-0.483777447130325,-1.2963517555928,0.337792675574012,"d","Dirichlet","test",0.202780440890383,-0.00145059769436001,"Covers 0"
580,"Generated",-0.762905263900169,-1.52618702932562,-0.0164003695423073,"d","Dirichlet","test",-0.0447079894526494,0.202294796941099,"Below 0"
581,"Generated",0.182558159261231,-0.645505226284542,1.07694934686483,"d","Dirichlet","test",0.223353603952298,-0.248971135860821,"Covers 0"
582,"Generated",-0.941923415800901,-1.70190999637866,-0.253858525358153,"d","Dirichlet","test",-0.205095149925409,0.203102788500419,"Below 0"
583,"Generated",-0.670836685474346,-1.33995455276359,-0.0356965460022365,"d","Dirichlet","test",-0.0333998361974641,0.118286672179096,"Below 0"
584,"Generated",-0.280112805682056,-1.27313875394067,0.44322333971466,"d","Dirichlet","test",-0.116768359917787,-0.305840789595051,"Covers 0"
585,"Generated",-1.03056225481466,-1.84598519451204,-0.191313521639363,"d","Dirichlet","test",-0.222375252681349,0.155578083483775,"Below 0"
586,"Generated",-1.4821110423272,-2.25784176339622,-0.721104885538681,"d","Dirichlet","test",-0.139043068565499,0.0926073653072967,"Below 0"
587,"Generated",-0.904778463638159,-1.66673654581715,-0.134008424438169,"d","Dirichlet","test",-0.164421195628654,0.0411767190917521,"Below 0"
588,"Generated",-1.19385374069934,-2.35780128680168,-0.344559608276269,"d","Dirichlet","test",-0.0583762144424795,0.16498448664695,"Below 0"
589,"Generated",-0.917323002400448,-1.71627561171734,-0.087074278281371,"d","Dirichlet","test",0.0719593369744028,0.283747404077816,"Below 0"
590,"Generated",-0.922737343880996,-1.75369475934138,-0.113304460012725,"d","Dirichlet","test",-0.158934146143865,0.0806888714461133,"Below 0"
591,"Generated",-1.41874447165077,-2.30553628626611,-0.487873564991063,"d","Dirichlet","test",-0.131499544627635,-0.407509560206521,"Below 0"
592,"Generated",-0.654106951087192,-1.42031711780869,0.0941069138407963,"d","Dirichlet","test",0.0957904932533734,0.057042019102208,"Covers 0"
593,"Generated",-1.28479139974814,-2.17001512337933,-0.408292138879232,"d","Dirichlet","test",0.0224885602119285,0.194404184134121,"Below 0"
594,"Generated",-1.38562421325348,-2.21472658816327,-0.564243214844787,"d","Dirichlet","test",-0.217989186880814,0.0012058785369949,"Below 0"
595,"Generated",-1.80150989126111,-2.73549670168037,-1.00385875415459,"d","Dirichlet","test",-0.29425286182459,0.178223262811013,"Below 0"
596,"Generated",-1.2891474187069,-2.06285925883145,-0.473717980623187,"d","Dirichlet","test",-0.0809081078846793,-0.228045746303777,"Below 0"
597,"Generated",-0.106798899203405,-0.90254377988321,0.678377721297232,"d","Dirichlet","test",0.080153737900468,0.20340852286753,"Covers 0"
598,"Generated",-1.53936727481271,-2.72359956321193,-0.499268248006853,"d","Dirichlet","test",0.0225629051452419,0.221985344879402,"Below 0"
599,"Generated",-1.53895563488763,-2.65627226464186,-0.564875502265659,"d","Dirichlet","test",-0.18578736434312,0.0901230860761917,"Below 0"
600,"Generated",-0.163160499124403,-1.1787216878506,0.803712635145852,"d","Dirichlet","test",0.184921702386174,0.0818453944276239,"Covers 0"
601,"Generated",-1.6899244711795,-2.7130012946256,-0.632516021744596,"d","Dirichlet","test",-0.0891486669292005,-0.302678520889136,"Below 0"
602,"Generated",-1.49213665541462,-2.26901429657048,-0.689645164758694,"d","Dirichlet","test",-0.2172469468906,0.0604568655089402,"Below 0"
603,"Generated",-2.17491777969787,-2.9973165060744,-1.14825892300915,"d","Dirichlet","test",-0.228555163409547,0.136202806071301,"Below 0"
604,"Generated",-1.47360989830639,-2.25270452558889,-0.716355662031093,"d","Dirichlet","test",-0.28845720867507,-0.121941201544607,"Below 0"
605,"Generated",-1.39855324970855,-2.25557210985863,-0.485756526419964,"d","Dirichlet","test",-0.205507381248201,0.18460503188544,"Below 0"
606,"Generated",-1.44866206540554,-2.42187004110748,-0.650293711926282,"d","Dirichlet","test",-0.267736607767646,0.192996048823173,"Below 0"
607,"Generated",-0.677828846589973,-1.58054059455196,0.282484878774612,"d","Dirichlet","test",-0.0387675507327193,0.163280609566357,"Covers 0"
608,"Generated",-1.69748283733018,-2.49703097938767,-1.0100760247617,"d","Dirichlet","test",-0.205348124150144,0.168024261191576,"Below 0"
609,"Generated",-2.06744287030025,-2.87515506610206,-1.33004367589717,"d","Dirichlet","test",-0.304332202900688,0.178174453331421,"Below 0"
610,"Generated",-0.870095798227611,-1.63120922016738,-0.0370051464743499,"d","Dirichlet","test",-0.171325456280881,-0.211640560260101,"Below 0"
611,"Generated",-2.04405306845407,-2.84099156062444,-1.32616937247679,"d","Dirichlet","test",-0.250061197235034,0.165046790426877,"Below 0"
612,"Generated",-0.611628150798703,-1.40196729529968,0.13461234703733,"d","Dirichlet","test",-0.0912478238656278,-0.164984701874528,"Covers 0"
613,"Generated",-1.0343408911093,-1.85586396540121,-0.27487709544796,"d","Dirichlet","test",0.166226183425469,0.0381525281256617,"Below 0"
614,"Generated",-0.887321710217864,-1.71953876512226,-0.130381531404066,"d","Dirichlet","test",-0.0970056722766853,0.182933313225912,"Below 0"
615,"Generated",-1.60901472258508,-2.67853715572974,-0.604948658672952,"d","Dirichlet","test",-0.125670988695491,0.128617436254007,"Below 0"
616,"Generated",-1.22387462857308,-1.93846349525635,-0.487697580236075,"d","Dirichlet","test",-0.244257905674485,0.223850597707603,"Below 0"
617,"Generated",-0.478695569362787,-1.35944916282965,0.243729296954043,"d","Dirichlet","test",-0.20750672679998,-0.0240477380907811,"Covers 0"
618,"Generated",-1.49754108766213,-2.21863622603653,-0.782506304071445,"d","Dirichlet","test",-0.224846543666524,0.155305128538693,"Below 0"
619,"Generated",-1.15316159432948,-2.09156102295911,-0.368606031395154,"d","Dirichlet","test",-0.0310138917421781,0.215549644328331,"Below 0"
620,"Generated",-1.50368182356589,-2.26727298589194,-0.810817037852047,"d","Dirichlet","test",-0.20610588202301,0.112009548989164,"Below 0"
621,"Generated",-1.92032738628663,-2.71796041302096,-1.19631879709237,"d","Dirichlet","test",-0.284087221864468,0.182040490072852,"Below 0"
622,"Generated",-0.337834813427212,-1.16878851869585,0.486770271910638,"d","Dirichlet","test",-0.0620461734009697,0.11519163681946,"Covers 0"
623,"Generated",-0.553912593887868,-1.50536741573404,0.405423576493584,"d","Dirichlet","test",0.0794926319702699,0.193047026044004,"Covers 0"
624,"Generated",-1.54001632556385,-2.54086350693292,-0.731905445279655,"d","Dirichlet","test",-0.225978504110357,0.102166966767403,"Below 0"
625,"Generated",0.533188666918668,-0.192594611052712,1.33946874135114,"d","Dirichlet","test",0.246122608588223,0.218060852662097,"Covers 0"
626,"Generated",-0.479204393977062,-1.2053361429679,0.192683032382239,"d","Dirichlet","test",0.131912997551417,-0.0959466590045145,"Covers 0"
627,"Generated",-1.62097527092236,-2.50060929413468,-0.957474128039957,"d","Dirichlet","test",-0.239094843381783,0.0575220338599965,"Below 0"
628,"Generated",-1.76356918284267,-2.62734916190845,-0.894840857861064,"d","Dirichlet","test",-0.177961309769032,-0.339585316886659,"Below 0"
629,"Generated",-1.47762978725384,-2.19814492533806,-0.731367995666358,"d","Dirichlet","test",-0.227052797010546,0.161806782890485,"Below 0"
630,"Generated",-1.21810337935702,-2.08969553869425,-0.287064266511552,"d","Dirichlet","test",-0.171969282083642,0.15310255877446,"Below 0"
631,"Generated",-0.131624023206374,-0.848297125374961,0.605623255006595,"d","Dirichlet","test",0.241701164467889,0.250016668751307,"Covers 0"
632,"Generated",-1.09086313694695,-1.79750978783317,-0.479610726454075,"d","Dirichlet","test",-0.19515668106462,-0.0346405189805787,"Below 0"
633,"Generated",-1.20920628420645,-1.9314231881,-0.454997239305831,"d","Dirichlet","test",-0.211623694798021,0.202533989558142,"Below 0"
634,"Generated",-0.214715686247209,-1.10237594086157,0.587202919399817,"d","Dirichlet","test",0.0521124775951334,0.156685811592197,"Covers 0"
635,"Generated",-1.48174732617325,-2.26010740516613,-0.694594107730676,"d","Dirichlet","test",-0.153027073500608,0.0119136813158585,"Below 0"
636,"Generated",-1.39777724233526,-2.33243111726807,-0.453726491354264,"d","Dirichlet","test",-0.205245079386972,-0.278972566525342,"Below 0"
637,"Generated",-0.812593108636102,-1.51872121780199,-0.152510221501779,"d","Dirichlet","test",0.142864587898716,-0.0666942699080585,"Below 0"
638,"Generated",-1.45688069815029,-2.54386859338105,-0.568259369807808,"d","Dirichlet","test",-0.203735014339237,0.123146120774408,"Below 0"
639,"Generated",-1.36760901082842,-2.30851258074091,-0.564081131703989,"d","Dirichlet","test",-0.128541399372809,0.0831783287738874,"Below 0"
640,"Generated",-1.19354992854613,-2.06115790886206,-0.343953451652919,"d","Dirichlet","test",-0.151898328863017,-0.117154201127724,"Below 0"
641,"Generated",-0.952147005059967,-1.66280382197397,-0.245181988405311,"d","Dirichlet","test",-0.223307639121084,-0.131918182302081,"Below 0"
642,"Generated",-1.09760823482992,-1.9649838388307,-0.237193079919714,"d","Dirichlet","test",-0.183663923464439,-0.283840927192592,"Below 0"
643,"Generated",-1.64021418632019,-2.82655860593124,-0.654351303988654,"d","Dirichlet","test",0.0500892622390513,0.196973609145649,"Below 0"
644,"Generated",-2.01051379696604,-2.94314972103406,-0.939886651644597,"d","Dirichlet","test",-0.220082286676617,0.0487841948204458,"Below 0"
645,"Generated",-1.01730081354723,-1.81612682668077,-0.280890913805904,"d","Dirichlet","test",-0.211056835581455,0.143580928779094,"Below 0"
646,"Generated",-1.38140154445534,-2.27219965837687,-0.485113503560565,"d","Dirichlet","test",-0.216759493330406,0.0874183142906527,"Below 0"
647,"Generated",-0.638262654323234,-1.60658060916481,0.167611263583133,"d","Dirichlet","test",0.118211717520683,-0.18810127436254,"Covers 0"
648,"Generated",-0.957559304823175,-1.86542967060571,-0.0934452819306441,"d","Dirichlet","test",-0.0370141161796407,0.0554887182562472,"Below 0"
649,"Generated",-1.32743689661331,-2.07974699719858,-0.673932418869596,"d","Dirichlet","test",-0.199212458635991,-0.323716574111913,"Below 0"
650,"Generated",-1.04905012043724,-1.82113176221945,-0.268415823035756,"d","Dirichlet","test",-0.231747729558838,0.000415576034614664,"Below 0"
651,"Generated",-1.93836564072399,-2.82073615203066,-0.958118849026796,"d","Dirichlet","test",-0.250584459303213,0.163176202722197,"Below 0"
652,"Generated",-0.885837672015315,-1.83436256366805,0.0299936175024824,"d","Dirichlet","test",-0.100737407280527,-0.426871854352469,"Covers 0"
653,"Generated",-0.702803456721153,-1.59381122688701,0.0776484049311246,"d","Dirichlet","test",0.0677075176858122,0.228324654486019,"Covers 0"
654,"Generated",-1.71228014347059,-2.71856872412441,-0.766453472212099,"d","Dirichlet","test",0.0633742298947364,0.148072658481783,"Below 0"
655,"Generated",-0.639538640825155,-1.57147870658263,0.134658715702858,"d","Dirichlet","test",-0.222754655583588,0.139757289069856,"Covers 0"
656,"Generated",-0.758154679595646,-1.54001314358514,-0.0137993802012325,"d","Dirichlet","test",0.00233664893916249,0.177016198544311,"Below 0"
657,"Generated",-1.33103144972467,-2.12062754884783,-0.59928353797628,"d","Dirichlet","test",-0.17582870954961,-0.43124737738144,"Below 0"
658,"Generated",-1.73142721186669,-2.51135592592725,-0.94545123321358,"d","Dirichlet","test",-0.181301066310704,0.0335588854186261,"Below 0"
659,"Generated",-0.840926738152704,-1.56566344822309,-0.179439529227973,"d","Dirichlet","test",-0.173607832486405,-0.436787555336155,"Below 0"
660,"Generated",-1.1204019580179,-1.83154739588075,-0.476233763707511,"d","Dirichlet","test",-0.100141422433134,-0.258547891358562,"Below 0"
661,"Generated",-1.28212259220436,-2.0616027242401,-0.581352213246785,"d","Dirichlet","test",-0.126724778226317,-0.062528780268932,"Below 0"
662,"Generated",-1.03951267195716,-1.81661192009815,-0.266429393848191,"d","Dirichlet","test",0.206718346110793,0.28282260891699,"Below 0"
663,"Generated",-0.993284135487943,-2.11241717099399,0.00621776608542505,"d","Dirichlet","test",0.0751268105641026,0.211340351786973,"Covers 0"
664,"Generated",-0.845457626509965,-1.97339219629467,0.0813772142461021,"d","Dirichlet","test",-0.0400224847607996,0.157034547350181,"Covers 0"
665,"Generated",-1.2777388912984,-2.06212312540346,-0.593086531943098,"d","Dirichlet","test",-0.269717928377117,0.147454980611139,"Below 0"
666,"Generated",-1.19192132386711,-2.04867880298412,-0.423042883168246,"d","Dirichlet","test",-0.0759961090641755,0.00648371184027611,"Below 0"
667,"Generated",-1.00957373066547,-1.90691541251788,-0.234643732656016,"d","Dirichlet","test",-0.212305672565257,0.160162938981804,"Below 0"
668,"Generated",-0.872924450017308,-1.56421244605725,-0.167637342494284,"d","Dirichlet","test",-0.236171748013081,0.187376599689742,"Below 0"
669,"Generated",-1.13270827885664,-2.04175490330855,-0.342147612726212,"d","Dirichlet","test",-0.018654216706415,-0.0965804923623801,"Below 0"
670,"Generated",-1.21993283032882,-1.95437110628709,-0.591409485535739,"d","Dirichlet","test",-0.254452000277093,0.129911436915558,"Below 0"
671,"Generated",-0.376387277947076,-1.09536347784858,0.34160409751797,"d","Dirichlet","test",-0.00954414281272376,0.162934377733384,"Covers 0"
672,"Generated",-1.26733630602721,-2.28161022846745,-0.385057098792024,"d","Dirichlet","test",-0.169438846370297,0.106962217504936,"Below 0"
673,"Generated",-0.138609838536799,-0.907526932845046,0.594270604804444,"d","Dirichlet","test",-0.0649565241970901,0.164409502124482,"Covers 0"
674,"Generated",-1.06503927124459,-2.00515699084194,-0.0452145259017055,"d","Dirichlet","test",-0.148019357754495,-0.0395762472229813,"Below 0"
675,"Generated",-1.95574357667768,-2.85871944379796,-1.16282981629659,"d","Dirichlet","test",-0.12001208446344,0.114180998500478,"Below 0"
676,"Generated",-1.38238346189076,-2.19900594047318,-0.628875536806142,"d","Dirichlet","test",-0.296568254398607,0.146953235196564,"Below 0"
677,"Generated",-1.0973344067909,-1.94104383823997,-0.35261972054004,"d","Dirichlet","test",-0.0667169457479622,-0.454948841163552,"Below 0"
678,"Generated",-0.501270548943143,-1.1799284880605,0.232939448391589,"d","Dirichlet","test",-0.0878474474068046,-0.169089554975703,"Covers 0"
679,"Generated",-0.834543543933917,-1.65345579010579,-0.0929652894290977,"d","Dirichlet","test",-0.211819684985147,0.168024716373575,"Below 0"
680,"Generated",-1.77442465165125,-2.89861605935834,-0.815705620904827,"d","Dirichlet","test",-0.199839997285754,0.161885173541531,"Below 0"
681,"Generated",-1.34010015802362,-2.05446758344362,-0.577153688275013,"d","Dirichlet","test",-0.1861543249724,-0.28791208403798,"Below 0"
682,"Generated",-0.924162902892504,-1.81788567195751,-0.176408004514801,"d","Dirichlet","test",-0.116378055085647,0.0896655076275249,"Below 0"
683,"Generated",-0.257094287817677,-0.986157387247424,0.467278143105249,"d","Dirichlet","test",0.285612198463149,-0.204767369468458,"Covers 0"
684,"Generated",-1.72982944263953,-2.61655838826725,-0.913222845608118,"d","Dirichlet","test",-0.271254767921158,0.192070051882992,"Below 0"
685,"Generated",-0.898631115260725,-1.71004904301018,-0.163107297832393,"d","Dirichlet","test",-0.0504706398697273,-0.0552124349147705,"Below 0"
686,"Generated",-1.03975885873556,-1.8869618007391,-0.229172181451617,"d","Dirichlet","test",-0.126554241176582,0.194906380363397,"Below 0"
687,"Generated",-1.61501853100779,-2.34338593410326,-0.927205883374797,"d","Dirichlet","test",-0.224966718098316,0.019851996506202,"Below 0"
688,"Generated",-0.25603158201339,-0.974083402701459,0.368886949601919,"d","Dirichlet","test",0.0404864313606249,0.157551405203695,"Covers 0"
689,"Generated",-1.31291555036147,-2.12097332748057,-0.49454652708897,"d","Dirichlet","test",-0.0620155277789339,0.125921758901736,"Below 0"
690,"Generated",-0.427883925934312,-1.28989978467483,0.31246165610087,"d","Dirichlet","test",-0.184524574417732,0.0916224103329007,"Covers 0"
691,"Generated",-0.429745908128169,-1.2524513033059,0.258155075278545,"d","Dirichlet","test",-0.15596896036761,-0.387844410298614,"Covers 0"
692,"Generated",-2.07393762973505,-2.85621891949604,-1.34098911599484,"d","Dirichlet","test",-0.235929223811919,0.11423127877475,"Below 0"
693,"Generated",-2.34208973983618,-3.51726004729892,-1.31953445269623,"d","Dirichlet","test",-0.233794471107682,0.0546742711957457,"Below 0"
694,"Generated",-0.119141367902367,-1.03836521532605,0.886484407125008,"d","Dirichlet","test",0.394207176116058,0.209607890845507,"Covers 0"
695,"Generated",-1.06443109977866,-1.76995988248037,-0.409003185718172,"d","Dirichlet","test",-0.165026527930349,0.0728434737622488,"Below 0"
696,"Generated",-1.31087009219758,-2.09586644107765,-0.579083604092818,"d","Dirichlet","test",-0.121367405583724,0.0827499978582167,"Below 0"
697,"Generated",-0.124059139940055,-0.920002324800201,0.57951192041884,"d","Dirichlet","test",0.173252492190793,0.247326426369981,"Covers 0"
698,"Generated",-0.81863875095766,-1.67881927928719,-0.120065737774547,"d","Dirichlet","test",-0.112696093072218,-0.302144747499713,"Below 0"
699,"Generated",-0.948776583815558,-1.72215636336818,-0.276791641991891,"d","Dirichlet","test",-0.158978603673361,-0.158865797278735,"Below 0"
700,"Generated",-0.921191160985821,-1.77454262595576,-0.177378660204287,"d","Dirichlet","test",-0.0345524351489715,-0.427508419990253,"Below 0"
701,"Generated",-1.98989110432365,-2.8594941748354,-1.24824773626407,"d","Dirichlet","test",-0.158197538931584,0.235027001295564,"Below 0"
702,"Generated",-1.64160083554532,-2.46770557629486,-0.859434941483469,"d","Dirichlet","test",-0.178209467171952,-0.0704419643409782,"Below 0"
703,"Generated",-1.23657995493121,-1.94902571438141,-0.599487826357907,"d","Dirichlet","test",-0.244693957080324,-0.114283501865783,"Below 0"
704,"Generated",-1.46643446256486,-2.2885024915186,-0.652507613888634,"d","Dirichlet","test",-0.0205075968745052,0.123510932121712,"Below 0"
705,"Generated",-0.39061016152495,-1.24269014986725,0.384462142393815,"d","Dirichlet","test",0.0319700147697838,0.133002661821851,"Covers 0"
706,"Generated",-0.649534030264914,-1.39549973932346,0.0176771444007975,"d","Dirichlet","test",-0.0717269232990202,0.0691686108081084,"Covers 0"
707,"Generated",-0.734896068068589,-1.5173899563934,0.109747710914288,"d","Dirichlet","test",0.135494565108858,0.158193648455158,"Covers 0"
708,"Generated",-0.763131631237408,-1.50677180255963,0.0230647347738676,"d","Dirichlet","test",-0.116297983281621,-0.11759992111907,"Covers 0"
709,"Generated",-1.88454518170421,-2.69640112907386,-1.11784484665979,"d","Dirichlet","test",-0.207760030982306,0.112840235160267,"Below 0"
710,"Generated",-1.02444543597503,-1.78805638194798,-0.332126750022246,"d","Dirichlet","test",-0.0339320472001651,-0.296763558132255,"Below 0"
711,"Generated",0.224985438782077,-0.50286772113608,0.948183506495636,"d","Dirichlet","test",0.0167470442446136,-0.213104604955936,"Covers 0"
712,"Generated",-0.0650810446855866,-0.704895479232235,0.562547101302837,"d","Dirichlet","test",-0.0267847303749661,0.0361054456437491,"Covers 0"
713,"Generated",-1.20699256435409,-1.99566100805712,-0.514465224738208,"d","Dirichlet","test",-0.145587980895802,-0.0783834340951415,"Below 0"
714,"Generated",-0.758926650400304,-1.52664321095638,-0.00251331223917253,"d","Dirichlet","test",-0.081251397470691,-0.202105751393895,"Below 0"
715,"Generated",-0.550135419422827,-1.21757630359644,0.160438344770003,"d","Dirichlet","test",-0.186484315785791,0.184709999162707,"Covers 0"
716,"Generated",-1.07679031584923,-1.79054008461461,-0.369638984248231,"d","Dirichlet","test",-0.234764697359476,0.0907269662154086,"Below 0"
717,"Generated",-0.530606440496914,-1.25435732565664,0.127593015452497,"d","Dirichlet","test",-0.15164222903117,0.137838674550225,"Covers 0"
718,"Generated",-1.80034119169614,-2.67622763744122,-0.909895735053864,"d","Dirichlet","test",-0.209605935094304,0.11556161483055,"Below 0"
719,"Generated",-0.370805345208223,-1.28712198659994,0.374600478497847,"d","Dirichlet","test",-0.046360062315153,-0.479498533987645,"Covers 0"
720,"Generated",-1.43671115674737,-2.30087684680822,-0.684984883177118,"d","Dirichlet","test",-0.124787422779416,0.160778691699496,"Below 0"
721,"Generated",-0.121824904023602,-1.03398470927198,0.818786891419295,"d","Dirichlet","test",0.238102655620799,-0.0563340452350563,"Covers 0"
722,"Generated",-0.42803370327163,-1.20580185000332,0.296521627915112,"d","Dirichlet","test",0.232748020705695,-0.225677523874271,"Covers 0"
723,"Generated",-0.479314384730863,-1.21068431063581,0.240384932208687,"d","Dirichlet","test",-3.14969339457294e-05,-0.120133595651886,"Covers 0"
724,"Generated",-1.63190634854225,-2.56259919817007,-0.851099129807216,"d","Dirichlet","test",-0.174427183804438,0.0461057702609596,"Below 0"
725,"Generated",-1.43497091085878,-2.38353455895722,-0.518320714513091,"d","Dirichlet","test",-0.0898305476670722,0.221051122383956,"Below 0"
726,"Generated",-1.22998656289118,-2.06083250775128,-0.398610389852738,"d","Dirichlet","test",-0.117168149081531,0.113349938031249,"Below 0"
727,"Generated",-0.52710492748298,-1.64144801643038,0.244499794804222,"d","Dirichlet","test",-0.118041831600485,-0.087676284262936,"Covers 0"
728,"Generated",-0.731699425440937,-1.28398256626006,-0.166514463344311,"d","Dirichlet","test",-0.147161347652439,0.124276659377501,"Below 0"
729,"Generated",-0.918504152496402,-1.67178953642837,-0.155650459986882,"d","Dirichlet","test",0.0270158286661516,-0.315680323199248,"Below 0"
730,"Generated",-1.19676732928713,-1.91237665592313,-0.474266526312873,"d","Dirichlet","test",-0.265899368887222,0.127259378778708,"Below 0"
731,"Generated",-1.50269461066485,-2.63036637695396,-0.557654033268089,"d","Dirichlet","test",-0.252099822263929,0.118779394193307,"Below 0"
732,"Generated",-1.20902513059593,-1.89469936961686,-0.47181267671224,"d","Dirichlet","test",-0.189338008023061,0.106256546398139,"Below 0"
733,"Generated",-1.23198921263222,-2.22573014821577,-0.493350271376358,"d","Dirichlet","test",-0.206560205580345,-0.17598041584357,"Below 0"
734,"Generated",-0.659289858075567,-1.433950636976,-0.00545550206858848,"d","Dirichlet","test",-0.21761944650194,-0.00397075569685889,"Below 0"
735,"Generated",-0.783047084728512,-1.44862993255063,-0.0730971118663344,"d","Dirichlet","test",-0.0480141350763842,0.206384523173815,"Below 0"
736,"Generated",-0.635677423014253,-1.44623067881636,0.0148546971015963,"d","Dirichlet","test",-0.0599012531413101,-0.505172777545832,"Covers 0"
737,"Generated",-0.640740889114519,-1.52453795658921,0.201186294962163,"d","Dirichlet","test",-0.0387984920222509,0.0865663723481513,"Covers 0"
738,"Generated",-0.513096468036499,-1.36813806251086,0.208508526034722,"d","Dirichlet","test",0.149600982562041,-0.00859258547059725,"Covers 0"
739,"Generated",-0.901256817505492,-1.6656259994779,-0.125817098453028,"d","Dirichlet","test",0.0659530448479412,0.199185797965318,"Below 0"
740,"Generated",-0.321481712417477,-1.18331859410323,0.549373430902633,"d","Dirichlet","test",0.0774283037011944,0.067875868023488,"Covers 0"
741,"Generated",-2.02203070643279,-3.00790753172975,-1.13169803165335,"d","Dirichlet","test",-0.154987741696423,-0.406814261444,"Below 0"
742,"Generated",0.00938979258443366,-0.780753329355661,0.781573345527438,"d","Dirichlet","test",0.318396858720573,0.272051556464836,"Covers 0"
743,"Generated",-1.40054156554602,-2.28240802156933,-0.560050665108728,"d","Dirichlet","test",-0.116185349512459,0.114681801715873,"Below 0"
744,"Generated",-1.69239782688544,-2.45306435716118,-1.01159106611006,"d","Dirichlet","test",-0.230785366398357,0.0758714268858017,"Below 0"
745,"Generated",-0.742873620822362,-1.61573748929543,0.0675298107538746,"d","Dirichlet","test",0.0689762018786419,0.0834464253581844,"Covers 0"
746,"Generated",-0.114272570958217,-0.868919883823818,0.589877529271427,"d","Dirichlet","test",0.0342640024532383,0.0336388046782588,"Covers 0"
747,"Generated",-0.74616395861091,-1.53587550747683,-0.0315450282718738,"d","Dirichlet","test",-0.00287924659161252,0.190540037291988,"Below 0"
748,"Generated",-1.00530582239166,-2.07638169792032,-0.125062407642032,"d","Dirichlet","test",-0.0381614391211911,-0.00456663231721199,"Below 0"
749,"Generated",-1.21517815755456,-2.20565814048333,-0.248480592495981,"d","Dirichlet","test",-0.241163943556822,0.102963301272058,"Below 0"
750,"Generated",-1.16796268911035,-1.96572126816458,-0.466360226419561,"d","Dirichlet","test",-0.240118050292257,-0.0601789372017173,"Below 0"
751,"Generated",-1.34698390857196,-2.00663006038746,-0.665356301728284,"d","Dirichlet","test",-0.202982022778547,-0.0443605910515022,"Below 0"
752,"Generated",-0.34547908654237,-1.40242559727265,0.644899122623043,"d","Dirichlet","test",0.294847309837052,0.0388102591040971,"Covers 0"
753,"Generated",-2.00012300595817,-2.87655030636227,-1.25342284340291,"d","Dirichlet","test",-0.242157875361979,-0.0225605263076297,"Below 0"
754,"Generated",-1.0380647909931,-1.85848016783992,-0.299068215518595,"d","Dirichlet","test",-0.066700942044132,0.225588201746533,"Below 0"
755,"Generated",-0.652797142421807,-1.46739061611293,0.0854873461406969,"d","Dirichlet","test",-0.0466076617751051,0.142891998120114,"Covers 0"
756,"Generated",-0.882549004163264,-1.6883759333554,-0.111282072714411,"d","Dirichlet","test",-0.151767875555201,-0.164839676788559,"Below 0"
757,"Generated",-0.450318682775358,-1.28094885408394,0.309854030206769,"d","Dirichlet","test",0.0326471376349581,0.219162048421342,"Covers 0"
758,"Generated",-1.53453677834524,-2.42397439492385,-0.747404290615217,"d","Dirichlet","test",-0.120686281977444,0.152983921609755,"Below 0"
759,"Generated",-0.735774249369098,-1.65650731712978,0.193217203354542,"d","Dirichlet","test",-0.0468071628700042,0.157806692501656,"Covers 0"
760,"Generated",-1.29106957676704,-2.03498580857454,-0.564500571300772,"d","Dirichlet","test",-0.206747737043471,0.112355353891014,"Below 0"
761,"Generated",0.130179205567216,-0.893306092211493,1.01228508434197,"d","Dirichlet","test",0.255247044242685,0.226414985419413,"Covers 0"
762,"Generated",-0.156062013681158,-0.851802059613951,0.494954807146687,"d","Dirichlet","test",-0.0850802440039482,-0.134124217726494,"Covers 0"
763,"Generated",-1.0120413748751,-1.81972318305581,-0.197593018406694,"d","Dirichlet","test",-0.0248669472464273,0.048608575460159,"Below 0"
764,"Generated",-1.08681555464386,-1.99851889484961,-0.326705267395391,"d","Dirichlet","test",-0.199280987298079,0.097478720880368,"Below 0"
765,"Generated",-0.814735548740225,-1.53653391787202,-0.122523965741361,"d","Dirichlet","test",-0.19786738173501,0.163540173145049,"Below 0"
766,"Generated",0.0942884420668202,-0.777941235950492,1.09311315670081,"d","Dirichlet","test",0.391228350354465,0.165819241982933,"Covers 0"
767,"Generated",-0.221456119100326,-1.02080077963222,0.620657431813253,"d","Dirichlet","test",0.27301878297514,-0.0319105991250411,"Covers 0"
768,"Generated",-0.799007286981789,-1.57417132443892,-0.00148461814171456,"d","Dirichlet","test",-0.186908443320713,-0.281873212451208,"Below 0"
769,"Generated",-0.74164363341388,-2.02802454719294,0.200913321202648,"d","Dirichlet","test",-0.0147754892612876,-0.503890678552757,"Covers 0"
770,"Generated",-0.80746781200095,-1.52987397442432,-0.143484053034669,"d","Dirichlet","test",-0.24801861919951,0.186363392534133,"Below 0"
771,"Generated",-1.97945121996494,-2.94171389639792,-1.11956059780016,"d","Dirichlet","test",-0.240375257115664,0.171112802910021,"Below 0"
772,"Generated",-2.11012281956507,-2.96318315181091,-1.31817548186191,"d","Dirichlet","test",-0.151358311136502,-0.208127227855368,"Below 0"
773,"Generated",-1.20297091035848,-2.0663960740583,-0.438266323368997,"d","Dirichlet","test",-0.252991069094017,0.148520269211155,"Below 0"
774,"Generated",0.562105877479676,-0.319337200663998,1.36246347177823,"d","Dirichlet","test",0.220138130630994,0.0334161666135388,"Covers 0"
775,"Generated",-1.1115952166522,-1.77965424474713,-0.495389206629327,"d","Dirichlet","test",-0.209010001926799,0.123154662686745,"Below 0"
776,"Generated",-1.8590972175636,-2.60182556215202,-1.02437071153205,"d","Dirichlet","test",-0.221001006980402,0.0969365772423342,"Below 0"
777,"Generated",-1.71317629724091,-2.53326403532357,-0.936133815619084,"d","Dirichlet","test",-0.184842583450113,-0.145980809229674,"Below 0"
778,"Generated",-0.663194959332846,-1.48843810298638,0.187876275565419,"d","Dirichlet","test",0.0234796067726155,-0.160456353998988,"Covers 0"
779,"Generated",-0.516408932430545,-1.37642753237279,0.396953805704057,"d","Dirichlet","test",0.144751625391358,0.159870219870904,"Covers 0"
780,"Generated",-1.17680862507367,-1.9047277127267,-0.454500760795807,"d","Dirichlet","test",0.0723753680661487,0.145316679049596,"Below 0"
781,"Generated",-1.90639285089388,-2.75351814164367,-1.01406176546555,"d","Dirichlet","test",-0.172065078530193,-0.056836922071228,"Below 0"
782,"Generated",-0.540888426159589,-1.47998697202295,0.493787667761865,"d","Dirichlet","test",0.0510753479476426,-0.0910427260548256,"Covers 0"
783,"Generated",-0.759380357335634,-1.57744100583857,0.130621976220975,"d","Dirichlet","test",-0.0237401252355859,0.076991266711155,"Covers 0"
784,"Generated",-0.900391609956114,-1.69270503611402,-0.0476291821378479,"d","Dirichlet","test",-0.127965493865784,-0.0498581440599208,"Below 0"
785,"Generated",-0.60265054959888,-1.32537448465044,0.0776676356753059,"d","Dirichlet","test",-0.0666706444061209,0.0724629833264055,"Covers 0"
786,"Generated",-1.03113976969088,-1.8746298727449,-0.309943508842449,"d","Dirichlet","test",-0.211487354173457,-0.198470612821027,"Below 0"
787,"Generated",-0.999364465301498,-1.83751909540667,-0.0451219170620962,"d","Dirichlet","test",-0.192846270192125,0.136183421692264,"Below 0"
788,"Generated",-2.02210156743255,-2.93809241638428,-1.28633506008215,"d","Dirichlet","test",-0.257041871209122,0.125572454197189,"Below 0"
789,"Generated",-0.410946590571947,-1.20280536521441,0.425960557672842,"d","Dirichlet","test",0.0158481306159817,0.138812764985338,"Covers 0"
790,"Generated",-1.863189532247,-2.71991300220516,-1.07565835534959,"d","Dirichlet","test",-0.193439386623738,0.192183108177619,"Below 0"
791,"Generated",-1.64641811931586,-2.39192250232824,-0.913612712348516,"d","Dirichlet","test",-0.153501127645189,-0.273208017372817,"Below 0"
792,"Generated",-1.46585684112295,-2.36460886448051,-0.614361824947944,"d","Dirichlet","test",-0.113667435796841,0.19448528588543,"Below 0"
793,"Generated",-1.34002125743459,-2.07194382538483,-0.632387156443591,"d","Dirichlet","test",-0.274448330503877,0.101030759990195,"Below 0"
794,"Generated",-1.8869302307905,-2.83132243895849,-1.13476944039391,"d","Dirichlet","test",-0.176732161783275,0.0350329451933486,"Below 0"
795,"Generated",-0.81211117106686,-1.49468650382395,-0.146511792453145,"d","Dirichlet","test",-0.24459287267387,0.125939443183897,"Below 0"
796,"Generated",-1.14083799346049,-2.09803376832202,-0.252220000191083,"d","Dirichlet","test",-0.0340984980965611,0.120446743456953,"Below 0"
797,"Generated",-0.244922957154555,-1.19928466527127,0.547074461809826,"d","Dirichlet","test",-0.0170672664242121,0.0988650611506453,"Covers 0"
798,"Generated",-1.05380724961571,-1.83569772490253,-0.202444810619742,"d","Dirichlet","test",-0.0979828585699933,0.0101384261201281,"Below 0"
799,"Generated",-0.814275950467991,-1.59968002729176,-0.00123926216856378,"d","Dirichlet","test",-0.0637552485968481,-0.377492278020325,"Below 0"
800,"Generated",-0.209141094320998,-0.894883442920543,0.562691692730349,"d","Dirichlet","test",-0.0730321970814696,0.14216832522775,"Covers 0"
801,"Generated",-1.77330781874066,-2.62748019119162,-0.882261471574872,"d","Dirichlet","test",-0.234827112633619,0.129714270150253,"Below 0"
802,"Generated",-2.12953623496523,-2.88726862455788,-1.43860812334587,"d","Dirichlet","test",-0.22290353658021,0.0266919899542624,"Below 0"
803,"Generated",-0.581436040548173,-1.35445439205977,0.229593697239227,"d","Dirichlet","test",-0.0376666034027536,0.132852889076805,"Covers 0"
804,"Generated",-0.91117195580955,-1.67200629091571,-0.175321391470888,"d","Dirichlet","test",-0.0295778451774307,0.135543842472531,"Below 0"
805,"Generated",-0.991707579545146,-1.69654288209722,-0.276283375769316,"d","Dirichlet","test",-0.128025982265679,0.162911222725135,"Below 0"
806,"Generated",-0.492275352644066,-1.44722611658122,0.362928158397907,"d","Dirichlet","test",-0.0465590790208982,-0.492407130067794,"Covers 0"
807,"Generated",-1.48528952831031,-2.6778418893417,-0.561845619284783,"d","Dirichlet","test",-0.17467046528617,0.117648184076374,"Below 0"
808,"Generated",-1.81933210184981,-2.64333453483688,-1.07194892800997,"d","Dirichlet","test",-0.213405484264158,-0.451144541774773,"Below 0"
809,"Generated",-0.455726191031341,-1.29832601351952,0.387351932328464,"d","Dirichlet","test",-0.114942362118003,0.208217543182994,"Covers 0"
810,"Generated",-1.13194387061993,-1.92575570886101,-0.46126516904123,"d","Dirichlet","test",-0.104765711962568,0.0229559058440754,"Below 0"
811,"Generated",-0.753589902285658,-1.50891009176833,-0.0965247220153287,"d","Dirichlet","test",-0.150902166747343,0.0499706996435911,"Below 0"
812,"Generated",-0.589141223111479,-1.5141243921818,0.216731369367529,"d","Dirichlet","test",0.0775292959589577,-0.29345313830479,"Covers 0"
813,"Generated",-2.13964144999893,-2.99810221191467,-1.30933826226445,"d","Dirichlet","test",-0.324208267956748,0.175202988852472,"Below 0"
814,"Generated",-0.111610088409035,-1.13327665585671,0.722831940997107,"d","Dirichlet","test",0.24853735123393,-0.258226031127887,"Covers 0"
815,"Generated",-1.40455172268223,-2.39313676575298,-0.464253170719523,"d","Dirichlet","test",-0.0597322487692536,0.0631579926187308,"Below 0"
816,"Generated",-1.04159494821266,-1.70696659242868,-0.248538786206565,"d","Dirichlet","test",-0.143873942873583,0.0529632371362709,"Below 0"
817,"Generated",-1.6363958449911,-2.5485548628489,-0.778155598975776,"d","Dirichlet","test",-0.195888445322272,0.196865663406312,"Below 0"
818,"Generated",-1.29479947242591,-2.20405890687505,-0.392583128800715,"d","Dirichlet","test",-0.167899134489704,-0.286598458345508,"Below 0"
819,"Generated",-1.22731597982514,-2.04933081350128,-0.43206882859297,"d","Dirichlet","test",-0.221778853148504,-0.317428078855556,"Below 0"
820,"Generated",-1.34751567168534,-2.14502687537579,-0.658891973419212,"d","Dirichlet","test",-0.20088451473748,-0.497268433511752,"Below 0"
821,"Generated",-1.45854584688772,-2.16794346099931,-0.760258926308498,"d","Dirichlet","test",-0.156260990934304,-0.314022087565404,"Below 0"
822,"Generated",-1.19578309150994,-1.95624738802419,-0.37010545556106,"d","Dirichlet","test",-0.158083254925045,-0.279096678767881,"Below 0"
823,"Generated",-0.779437348225377,-1.59103318872346,-0.0685040973660186,"d","Dirichlet","test",-0.136119281971548,-0.124091530622816,"Below 0"
824,"Generated",-0.631323242501774,-1.43085051173013,0.224817712036527,"d","Dirichlet","test",0.134256209820517,0.0654238555039103,"Covers 0"
825,"Generated",-1.23082461468626,-2.03446636308003,-0.468215948147524,"d","Dirichlet","test",-0.143997915214484,0.155156915966762,"Below 0"
826,"Generated",-0.653108317259081,-1.47403592893334,0.210403811693232,"d","Dirichlet","test",0.0513600584277453,0.215956172060282,"Covers 0"
827,"Generated",-1.26665062909304,-2.08452043530798,-0.556754295981855,"d","Dirichlet","test",-0.194987468978993,0.0415960696190804,"Below 0"
828,"Generated",-0.61753615313256,-1.36414799445859,0.109104242947579,"d","Dirichlet","test",-0.0127144703643652,0.232265643569684,"Covers 0"
829,"Generated",-0.483076122745568,-1.30345805899086,0.244838261730048,"d","Dirichlet","test",0.0834262873690991,-0.447063627827769,"Covers 0"
830,"Generated",-1.4346394983046,-2.40950557119538,-0.663417601109288,"d","Dirichlet","test",-0.158996733544926,-0.538209224411976,"Below 0"
831,"Generated",-0.935180278644837,-1.69918631018364,-0.191221257053148,"d","Dirichlet","test",-0.132530764547614,0.197327683746742,"Below 0"
832,"Generated",-0.548118278634304,-1.36597774534335,0.229979266031082,"d","Dirichlet","test",0.14699469028929,0.261021025249909,"Covers 0"
833,"Generated",-1.06927618921334,-1.88583422695453,-0.225676981648226,"d","Dirichlet","test",-0.0467206563894743,-0.221210186933692,"Below 0"
834,"Generated",-0.911165577848078,-1.74519395672814,-0.191283862261312,"d","Dirichlet","test",-0.0187842195357884,-0.451028411214861,"Below 0"
835,"Generated",0.33440831805041,-0.534037762056802,1.12002687586417,"d","Dirichlet","test",0.443315777148187,-0.329844487566123,"Covers 0"
836,"Generated",-0.790118263718854,-1.53317828280843,-0.0955330902576287,"d","Dirichlet","test",0.0316999485955598,0.142322336601702,"Below 0"
837,"Generated",-0.32037849810603,-1.03113882534748,0.489904494696467,"d","Dirichlet","test",0.0736334829669068,0.201529440355864,"Covers 0"
838,"Generated",-0.987054364787437,-1.8249424421538,-0.162291835903126,"d","Dirichlet","test",0.0488761081860203,-0.421292780932931,"Below 0"
839,"Generated",-0.44126281767169,-1.20036190779863,0.225048857226578,"d","Dirichlet","test",-0.021726372875976,-0.291575967440809,"Covers 0"
840,"Generated",-0.719970368369759,-1.38218590438718,-0.0279603799688809,"d","Dirichlet","test",-0.232884906452669,0.168543061009736,"Below 0"
841,"Generated",-0.760585546846678,-1.45328153038905,-0.143692643665622,"d","Dirichlet","test",-0.215829634562181,0.177226353126823,"Below 0"
842,"Generated",-0.300532386123686,-1.34858601190124,0.612960916873661,"d","Dirichlet","test",0.160959626603479,0.0748327787268894,"Covers 0"
843,"Generated",-1.98873406007158,-2.94780492775369,-1.10391274032348,"d","Dirichlet","test",-0.207284620002935,-0.0482370942601828,"Below 0"
844,"Generated",-0.869075659783784,-1.59675016117797,-0.185152553708537,"d","Dirichlet","test",-0.184799256281744,0.172215574944305,"Below 0"
845,"Generated",-1.3638802317311,-2.46537438666101,-0.626603708142898,"d","Dirichlet","test",-0.158280803636937,-0.568814957735072,"Below 0"
846,"Generated",-1.291697810803,-2.10683020250352,-0.535919341607929,"d","Dirichlet","test",-0.24148501840621,-0.306362444629322,"Below 0"
847,"Generated",-0.861889033044629,-1.77074918763895,-0.0393903747468964,"d","Dirichlet","test",-0.147158813585637,0.138214985522844,"Below 0"
848,"Generated",-1.5683233083333,-2.34834780075841,-0.804198830036045,"d","Dirichlet","test",-0.0981284320440382,0.175983625166303,"Below 0"
849,"Generated",-1.61280424631611,-2.30582118518071,-0.932568685622938,"d","Dirichlet","test",-0.17731042845585,0.162777904046827,"Below 0"
850,"Generated",-0.736600982256486,-1.47785112974674,-0.0223605153894183,"d","Dirichlet","test",-0.0682788044127677,-0.379108677975271,"Below 0"
851,"Generated",-0.932429697818212,-1.6600123802535,-0.291434160925078,"d","Dirichlet","test",-0.185077501599188,0.0909976963374562,"Below 0"
852,"Generated",-0.958885152923318,-1.82689534227139,-0.199766479379583,"d","Dirichlet","test",-0.185036623694194,-0.0854106041331647,"Below 0"
853,"Generated",-0.945365536845243,-1.74269796536688,-0.0738112605030474,"d","Dirichlet","test",-0.148868790061478,-0.0467777778101586,"Below 0"
854,"Generated",-1.19672464723451,-1.85671004639033,-0.570384515755727,"d","Dirichlet","test",-0.0486374709943901,-0.287389718758474,"Below 0"
855,"Generated",-1.10274369364603,-1.85718390105414,-0.389723062467708,"d","Dirichlet","test",-0.172752525227623,0.148135180699901,"Below 0"
856,"Generated",-1.56476135269695,-2.2848015333723,-0.865465445290449,"d","Dirichlet","test",-0.189433387746121,0.214272800410611,"Below 0"
857,"Generated",-1.6330334262541,-2.48782557437211,-0.882612703371979,"d","Dirichlet","test",-0.28081811701696,0.198757283030481,"Below 0"
858,"Generated",-1.56696191316141,-2.42318682975482,-0.59386553940268,"d","Dirichlet","test",-0.193442494829541,0.156990063548737,"Below 0"
859,"Generated",-1.28823864893065,-2.16624280388538,-0.584614692767741,"d","Dirichlet","test",0.0366449891030196,0.17748413643604,"Below 0"
860,"Generated",-1.42733479061953,-2.28881538485563,-0.712735915982177,"d","Dirichlet","test",-0.0631441695740477,0.11585603655001,"Below 0"
861,"Generated",-0.528516536863202,-1.38920233798711,0.368558519703447,"d","Dirichlet","test",0.339087042264013,0.239371598748571,"Covers 0"
862,"Generated",-1.50258241844626,-2.35791555384428,-0.794092948856029,"d","Dirichlet","test",-0.231481305323493,0.171741712587315,"Below 0"
863,"Generated",-1.32360773475789,-2.01898263072115,-0.699942072440407,"d","Dirichlet","test",-0.247102617035381,0.155238114921557,"Below 0"
864,"Generated",-0.864695804862323,-1.49465074881192,-0.225123092292687,"d","Dirichlet","test",-0.151777266749192,0.0164986670334069,"Below 0"
865,"Generated",-0.694283589126054,-1.84493759840119,0.319332933227015,"d","Dirichlet","test",-0.0801690390063646,0.0511025786718854,"Covers 0"
866,"Generated",-1.32617967074773,-2.24389571032003,-0.485260868801375,"d","Dirichlet","test",-0.137773724105582,0.0819943431991926,"Below 0"
867,"Generated",0.487254801249364,-0.312125964843314,1.347904653673,"d","Dirichlet","test",0.226432693639252,0.201897670493985,"Covers 0"
868,"Generated",-1.53309515542981,-2.41235655663056,-0.736040559820599,"d","Dirichlet","test",-0.224008322836539,-0.0650294374002363,"Below 0"
869,"Generated",-0.0303780014408667,-0.887308085446706,0.86593921437161,"d","Dirichlet","test",0.0080928323692016,-0.386909309314467,"Covers 0"
870,"Generated",-1.3256210693883,-2.14674710962349,-0.563830828024478,"d","Dirichlet","test",-0.170219105213794,0.179614322760266,"Below 0"
871,"Generated",-0.0162735862318267,-0.92433583874046,0.821849824295431,"d","Dirichlet","test",0.209617062937592,-0.337757673785969,"Covers 0"
872,"Generated",0.117524074887637,-0.706583104504001,0.964048388595913,"d","Dirichlet","test",0.380232178589663,0.282159141834145,"Covers 0"
873,"Generated",-1.12246586425449,-2.10608966532448,-0.3467091193154,"d","Dirichlet","test",-0.252108673398028,0.132285406185596,"Below 0"
874,"Generated",-1.11774378458124,-1.89567799074428,-0.39564157905678,"d","Dirichlet","test",-0.167559778257008,0.180739672830184,"Below 0"
875,"Generated",-1.03614170315481,-1.90897699684687,-0.267788897904707,"d","Dirichlet","test",-0.144107057377558,-0.446679242811535,"Below 0"
876,"Generated",-1.23868121705795,-2.02051695377041,-0.436312843649276,"d","Dirichlet","test",0.0114736354692375,0.18307813425255,"Below 0"
877,"Generated",0.172495569378263,-0.820260795566184,1.00427482657408,"d","Dirichlet","test",0.215671372460597,0.100569406238704,"Covers 0"
878,"Generated",-0.404251911651765,-1.37109363998674,0.376782466196919,"d","Dirichlet","test",-0.00881854432817998,-0.110621422014782,"Covers 0"
879,"Generated",-1.82752925917617,-2.89662273642569,-0.933412128874412,"d","Dirichlet","test",-0.257940608330139,0.116809244475549,"Below 0"
880,"Generated",-1.5148144746816,-2.2494288085583,-0.832573685736477,"d","Dirichlet","test",-0.213423778032135,0.117896212220878,"Below 0"
881,"Generated",-0.636114423899403,-1.58109771690473,0.312071638367762,"d","Dirichlet","test",0.101864088511235,0.08821806839786,"Covers 0"
882,"Generated",-1.60285330527158,-2.338015698241,-0.898320278968788,"d","Dirichlet","test",-0.154589589149104,-0.379148464139438,"Below 0"
883,"Generated",-0.949196467379642,-1.8023735407012,-0.149737310640936,"d","Dirichlet","test",-0.174042415834182,0.175930895708556,"Below 0"
884,"Generated",-1.82857769551907,-2.72949998264838,-1.08829812356956,"d","Dirichlet","test",-0.188110591541917,0.108652517881529,"Below 0"
885,"Generated",-1.8976154528686,-2.70815469114272,-1.18879312443844,"d","Dirichlet","test",-0.302262940387645,0.164991625584023,"Below 0"
886,"Generated",-0.756221321488148,-1.4575788702217,-0.119777970352158,"d","Dirichlet","test",-0.18571683601204,0.206558459725149,"Below 0"
887,"Generated",-1.07821910160955,-1.92545640882428,-0.178856732698691,"d","Dirichlet","test",-0.114351957249025,0.0178689454955317,"Below 0"
888,"Generated",-0.542995090029552,-1.43241321686187,0.350518903273307,"d","Dirichlet","test",-0.0929633004279456,0.133790430753499,"Covers 0"
889,"Generated",-1.03747594490929,-1.93539266203645,-0.277023625371641,"d","Dirichlet","test",0.132996494881983,0.155793361522105,"Below 0"
890,"Generated",-1.57657403150019,-2.46359511669177,-0.650649275672698,"d","Dirichlet","test",-0.119852035870275,-0.290959625456737,"Below 0"
891,"Generated",-1.27535801061771,-1.94238137141143,-0.542717563934655,"d","Dirichlet","test",-0.249503174621734,0.192569672322877,"Below 0"
892,"Generated",-0.300569215731178,-1.11916946450904,0.521655112822907,"d","Dirichlet","test",0.186373926170388,0.202720798367401,"Covers 0"
893,"Generated",-1.37112244168761,-2.17382769048171,-0.618471828575921,"d","Dirichlet","test",-0.203254904671821,0.141394478573011,"Below 0"
894,"Generated",-0.83671794099199,-1.68148761323521,-0.13684322507444,"d","Dirichlet","test",-0.0661989325610993,-0.0301642844727378,"Below 0"
895,"Generated",-0.553907841724901,-1.29206037264486,0.107331088812368,"d","Dirichlet","test",0.140096481741648,-0.0346232809838603,"Covers 0"
896,"Generated",-1.14679455862498,-1.96020275109843,-0.335039208511749,"d","Dirichlet","test",0.0160289208432441,-0.462384148070665,"Below 0"
897,"Generated",-1.92671464954437,-2.76406662152297,-1.2030249820081,"d","Dirichlet","test",-0.205301279656832,0.163395368817004,"Below 0"
898,"Generated",-1.50851459194113,-2.23516622414174,-0.779775043036747,"d","Dirichlet","test",-0.198847360495054,0.154145800426338,"Below 0"
899,"Generated",-0.511145568084656,-1.55856952430236,0.612814336180749,"d","Dirichlet","test",0.0663363098448389,0.148520442544078,"Covers 0"
900,"Generated",-0.349001452497348,-1.21179653555095,0.430202422839262,"d","Dirichlet","test",-0.0147411149985213,-0.362266307582405,"Covers 0"
901,"Generated",-1.20203244772825,-1.90209587665002,-0.541847006564182,"d","Dirichlet","test",-0.0819780871624156,-0.213980289130605,"Below 0"
902,"Generated",-0.902196174219442,-1.82215258847033,-0.167007294062762,"d","Dirichlet","test",-0.133333826117781,0.15135146587166,"Below 0"
903,"Generated",-0.153643522054963,-0.948467082225484,0.575699644694696,"d","Dirichlet","test",0.0447945485144994,-0.470977844981401,"Covers 0"
904,"Generated",-1.43430829891446,-2.22196365182371,-0.618459028099777,"d","Dirichlet","test",-0.126156773490666,0.18344639175681,"Below 0"
905,"Generated",-1.78246543183711,-2.47785957945834,-1.12830606468061,"d","Dirichlet","test",-0.215215545979369,0.0237419993729021,"Below 0"
906,"Generated",-1.53273449228983,-2.42980248399203,-0.579595222790713,"d","Dirichlet","test",-0.187686615855891,0.0524952912550951,"Below 0"
907,"Generated",-1.01686092859602,-2.04274234576296,0.0320896346898842,"d","Dirichlet","test",-0.117292931339906,-0.14449660805513,"Covers 0"
908,"Generated",-1.27055788538282,-2.13149369876093,-0.39705595472941,"d","Dirichlet","test",0.0312255649335443,-0.00322437503220497,"Below 0"
909,"Generated",-1.49461170148625,-2.21230533016031,-0.814424455279532,"d","Dirichlet","test",-0.295816085604538,0.11941267419158,"Below 0"
910,"Generated",-2.08304358740928,-3.06924356011702,-1.1095374674945,"d","Dirichlet","test",-0.310104504033388,0.23359196095087,"Below 0"
911,"Generated",-0.451036903808381,-1.26033523059004,0.405907756637358,"d","Dirichlet","test",-0.111883746792125,-0.247460666102526,"Covers 0"
912,"Generated",-0.979804437170783,-1.81368128657582,-0.234944953728909,"d","Dirichlet","test",-0.130227904078425,-0.0816878470926737,"Below 0"
913,"Generated",-1.74992380841027,-2.74336945212107,-0.863873629437784,"d","Dirichlet","test",-0.192962360133716,-0.254853707377012,"Below 0"
914,"Generated",-1.02674998625887,-1.72812105204519,-0.358356181330993,"d","Dirichlet","test",-0.0826624572157934,-0.0455359529028063,"Below 0"
915,"Generated",-0.715721436939556,-1.5612386773389,0.0552755659051438,"d","Dirichlet","test",-0.0552823043893502,-0.238252025018298,"Covers 0"
916,"Generated",-1.10904443091616,-1.96296833511588,-0.342256079953299,"d","Dirichlet","test",-0.069185619677699,0.144258942622377,"Below 0"
917,"Generated",-0.923673750854949,-1.86576265509251,-0.0822892393705383,"d","Dirichlet","test",-0.140850411510191,0.170036390396845,"Below 0"
918,"Generated",-1.61725653869843,-2.28663950413022,-0.949157950139763,"d","Dirichlet","test",-0.165227693742824,-0.194209667547774,"Below 0"
919,"Generated",-1.46008036316964,-2.51514442988933,-0.641966232417911,"d","Dirichlet","test",-0.154816935670426,-0.0904050642995814,"Below 0"
920,"Generated",-1.343356602813,-2.08280135096995,-0.65718027391036,"d","Dirichlet","test",-0.302917378658341,0.179305838260885,"Below 0"
921,"Generated",-1.34658192908192,-2.0802410221127,-0.651141849077564,"d","Dirichlet","test",-0.0585372801005652,0.19171730498316,"Below 0"
922,"Generated",-1.10887921049031,-1.90490145940119,-0.410723899021515,"d","Dirichlet","test",-0.206863206863084,-0.302727121882535,"Below 0"
923,"Generated",-1.283963247104,-2.02358939696025,-0.630414315282756,"d","Dirichlet","test",-0.273681165551825,0.144598282533579,"Below 0"
924,"Generated",-0.372643625887556,-1.13155766052346,0.381427356863796,"d","Dirichlet","test",0.134143124470817,0.0719139590941755,"Covers 0"
925,"Generated",-1.23215428063508,-2.02461783008777,-0.552528897804186,"d","Dirichlet","test",-0.171417360258532,-0.393924676080981,"Below 0"
926,"Generated",-1.90519028958975,-2.70491736566334,-1.15781560538194,"d","Dirichlet","test",-0.139340312638756,-0.0905506667018372,"Below 0"
927,"Generated",-1.01673494672241,-1.77713665656681,-0.299006562434283,"d","Dirichlet","test",-0.154674877830663,-0.51178269010957,"Below 0"
928,"Generated",-0.991456478048694,-2.02267150158771,-0.162965439794672,"d","Dirichlet","test",-0.0576635354878551,0.0286454156892755,"Below 0"
929,"Generated",0.140732951932303,-0.692894821406156,0.866641079416625,"d","Dirichlet","test",0.122907820073022,0.100342278757003,"Covers 0"
930,"Generated",-1.26464626878797,-1.97451814398046,-0.480831945944172,"d","Dirichlet","test",-0.159283006449391,0.177074974292394,"Below 0"
931,"Generated",-0.742038374801844,-1.76231075410097,0.207486862564268,"d","Dirichlet","test",-0.0285680749396868,0.0486466462379256,"Covers 0"
932,"Generated",-1.09377599220684,-1.82184231018251,-0.347686146989785,"d","Dirichlet","test",-0.162817025162173,-0.521861782126009,"Below 0"
933,"Generated",-0.392030859071876,-1.20268263465458,0.530158500511338,"d","Dirichlet","test",0.24655155141413,0.200777862694704,"Covers 0"
934,"Generated",-1.77611005106749,-2.65368397027063,-1.00620815426494,"d","Dirichlet","test",-0.217035478013861,0.125266086329172,"Below 0"
935,"Generated",-1.58131602667834,-2.44010280335706,-0.862829093754117,"d","Dirichlet","test",-0.159736827434716,0.0475786172588874,"Below 0"
936,"Generated",-1.33695821541071,-2.07510989969305,-0.583774466944876,"d","Dirichlet","test",-0.195151465348315,0.0125902957217855,"Below 0"
937,"Generated",-0.737019129431671,-1.52509573670647,0.010646084613297,"d","Dirichlet","test",-0.106097412975187,-0.0801181646162176,"Covers 0"
938,"Generated",-1.55929584126806,-2.27426227623565,-0.824220870240931,"d","Dirichlet","test",-0.0914457823976401,0.133002901747983,"Below 0"
939,"Generated",-2.15172884257417,-2.95972453438397,-1.27914778504189,"d","Dirichlet","test",-0.229407480061893,0.139793472276261,"Below 0"
940,"Generated",-1.28670133785602,-2.05968168776404,-0.532209711906735,"d","Dirichlet","test",-0.197397998821708,-0.403001044095411,"Below 0"
941,"Generated",-0.668770968489102,-1.4527024999841,0.0735231781316308,"d","Dirichlet","test",-0.0901267732301161,0.173229179499513,"Covers 0"
942,"Generated",-0.763554947672444,-1.5897850186916,0.101523080829331,"d","Dirichlet","test",-0.182083042744516,0.160779324376631,"Covers 0"
943,"Generated",-1.19721279010088,-2.03749649802869,-0.31805489625707,"d","Dirichlet","test",-0.250793303483111,0.115648755612966,"Below 0"
944,"Generated",-0.81973774603298,-1.43840766732681,-0.169709130870218,"d","Dirichlet","test",-0.120682388299948,-0.153535954380277,"Below 0"
945,"Generated",-0.819614775449029,-1.83181519837776,-0.00263404238763337,"d","Dirichlet","test",0.11795290000819,-0.125448150030163,"Below 0"
946,"Generated",-1.45578404508952,-2.35337898147108,-0.488893409080465,"d","Dirichlet","test",-0.146014995774151,0.181475301482913,"Below 0"
947,"Generated",-0.465701097438746,-1.41222097918005,0.398928105848819,"d","Dirichlet","test",0.140680344601477,0.126292332949917,"Covers 0"
948,"Generated",-0.713890405133163,-1.49332147782824,0.0441248826823891,"d","Dirichlet","test",0.0189809350438367,0.211696049457482,"Covers 0"
949,"Generated",-0.677316917017837,-1.58772933247219,0.108079843676616,"d","Dirichlet","test",-0.198906324103479,0.158628363930255,"Covers 0"
950,"Generated",-1.22917539479815,-2.46203007412554,-0.389632083101854,"d","Dirichlet","test",-0.203859376376829,0.25653214479326,"Below 0"
951,"Generated",-0.460717965248952,-1.39450301956695,0.483597817319138,"d","Dirichlet","test",0.199070760206488,0.221729216437547,"Covers 0"
952,"Generated",-1.32746522393487,-2.07423327726754,-0.646765707011611,"d","Dirichlet","test",-0.191728202286176,0.179344792877894,"Below 0"
953,"Generated",-2.01802867509683,-2.99417767907916,-1.17717620398244,"d","Dirichlet","test",-0.18158491959623,0.151675105819316,"Below 0"
954,"Generated",-1.59772204162613,-2.42946993824343,-0.797293875161239,"d","Dirichlet","test",-0.162710677080851,0.027198684185549,"Below 0"
955,"Generated",-0.19517444452091,-0.883433436201264,0.496984542744846,"d","Dirichlet","test",0.130678906842722,0.172107590436065,"Covers 0"
956,"Generated",-0.383048687859212,-1.2227926082886,0.396879991672843,"d","Dirichlet","test",0.0547883643404188,0.0835376773045583,"Covers 0"
957,"Generated",-1.43397297210112,-2.22251035235391,-0.738602167660958,"d","Dirichlet","test",-0.252904672185814,-0.0787205174626249,"Below 0"
958,"Generated",-0.802727442762416,-1.53329652787337,-0.121231221556825,"d","Dirichlet","test",0.065728309744312,0.1382398714518,"Below 0"
959,"Generated",-0.785493668556742,-1.51380741209714,-0.0995829045885611,"d","Dirichlet","test",-0.129219073922465,-0.0866407843104917,"Below 0"
960,"Generated",-1.55262920204534,-2.26370751339924,-0.909488764227456,"d","Dirichlet","test",-0.292178560019735,0.177902590235539,"Below 0"
961,"Generated",0.00249110333741507,-0.776742784330883,0.716073147470657,"d","Dirichlet","test",0.00112715315274112,0.10443097409202,"Covers 0"
962,"Generated",-0.926900847125402,-1.86379685734633,-0.0467557852702399,"d","Dirichlet","test",-0.0735131804973657,0.176097309578753,"Below 0"
963,"Generated",-1.4863918085191,-2.27159354202078,-0.641312355701092,"d","Dirichlet","test",-0.179408123803725,-0.336007662297775,"Below 0"
964,"Generated",-0.944041052400503,-1.7385340687959,-0.206819246324633,"d","Dirichlet","test",-0.208640765155844,0.156299826440763,"Below 0"
965,"Generated",-1.32967059386797,-2.24228372419438,-0.436838445993898,"d","Dirichlet","test",-0.284695170381176,0.178096186406044,"Below 0"
966,"Generated",-1.92947201669177,-2.80747210651172,-1.20381123520475,"d","Dirichlet","test",-0.218197226533495,0.219086437789261,"Below 0"
967,"Generated",-1.89506182934088,-2.78064525002383,-1.03965457124824,"d","Dirichlet","test",-0.183326139560716,-0.131659367822127,"Below 0"
968,"Generated",-1.27362056429249,-2.35278571587539,-0.399678094451821,"d","Dirichlet","test",-0.235173200085355,-0.197025058712177,"Below 0"
969,"Generated",-1.31273629059259,-2.11706427569,-0.596365205558465,"d","Dirichlet","test",-0.240815126630695,-0.197438264789655,"Below 0"
970,"Generated",-1.542101267874,-2.43226127398273,-0.774584443568066,"d","Dirichlet","test",-0.183882735973989,0.130499343328063,"Below 0"
971,"Generated",-0.859785808586265,-1.74247528296453,0.203578621031869,"d","Dirichlet","test",-0.122229850737583,0.209815881568283,"Covers 0"
972,"Generated",-1.80672745658666,-2.63675497382088,-1.00634299309077,"d","Dirichlet","test",-0.180404102685989,-0.0840995577232173,"Below 0"
973,"Generated",-1.28045024041482,-2.15483784948939,-0.553014255111257,"d","Dirichlet","test",-0.230441847135474,0.2194854447899,"Below 0"
974,"Generated",-0.632558446205672,-1.40466591501233,0.160205881832428,"d","Dirichlet","test",-0.168209523329219,-0.0993502277215105,"Covers 0"
975,"Generated",-1.29733068643024,-2.40709319939534,-0.419431461774666,"d","Dirichlet","test",-0.158535135991641,-0.191022445885988,"Below 0"
976,"Generated",-0.703484990428926,-1.60610821907559,0.0224527227354406,"d","Dirichlet","test",-0.055198776764859,0.206169813063157,"Covers 0"
977,"Generated",-1.33090079421273,-2.21257792589061,-0.568013791254394,"d","Dirichlet","test",-0.187957605056078,-0.468540631694368,"Below 0"
978,"Generated",-1.1617177371465,-1.96330669293101,-0.232288022085359,"d","Dirichlet","test",-0.129356490527313,-0.091543538547403,"Below 0"
979,"Generated",-0.848366780117961,-1.74683645734604,-0.0896705441879334,"d","Dirichlet","test",-0.213085698547094,0.182109872395341,"Below 0"
980,"Generated",-1.05391112249865,-1.80882228829506,-0.255354764004182,"d","Dirichlet","test",-0.0711440538094351,0.163746732410281,"Below 0"
981,"Generated",-0.584853152342162,-1.29237787414406,0.109124994635025,"d","Dirichlet","test",-0.039660359232653,0.206275915606848,"Covers 0"
982,"Generated",-0.582311468071263,-1.50663307713187,0.15849469372454,"d","Dirichlet","test",-0.217360311979815,0.0120224623608498,"Covers 0"
983,"Generated",-0.955197392373258,-1.79169617813151,-0.123769794254846,"d","Dirichlet","test",-0.211766352443103,0.083255143208425,"Below 0"
984,"Generated",-1.16373251385648,-1.89927821108146,-0.365253162577508,"d","Dirichlet","test",-0.155547975510417,0.0626762069600913,"Below 0"
985,"Generated",-1.8638035474986,-2.71089182381303,-1.10039348349557,"d","Dirichlet","test",-0.22365854771824,0.176700088340166,"Below 0"
986,"Generated",-0.70298617438515,-1.61544261616594,0.0838829986729802,"d","Dirichlet","test",-0.00830820616490098,0.173432763001347,"Covers 0"
987,"Generated",-1.37799965502016,-2.26818949372909,-0.587078144630371,"d","Dirichlet","test",-0.226738643995083,-0.063094882835373,"Below 0"
988,"Generated",-0.957386663392751,-1.91733949608544,-0.114615854167582,"d","Dirichlet","test",-0.0542058169885676,-0.124163734582293,"Below 0"
989,"Generated",-0.598943393582752,-1.58592118735958,0.23059571062607,"d","Dirichlet","test",0.0241737521447584,0.104861398379039,"Covers 0"
990,"Generated",-1.51410520336721,-2.15251977664741,-0.847006670533139,"d","Dirichlet","test",-0.213296240387276,0.166120152919489,"Below 0"
991,"Generated",-0.674495214268251,-1.45230417677186,0.177112352740746,"d","Dirichlet","test",0.0425375339001464,0.205249587067466,"Covers 0"
992,"Generated",-0.279978433651914,-1.22830741850442,0.62740259795631,"d","Dirichlet","test",-0.0256060328498664,0.124456550087795,"Covers 0"
993,"Generated",-0.844053795436662,-1.71195613386934,0.0367114501293557,"d","Dirichlet","test",0.0168768828296401,0.19497139548929,"Covers 0"
994,"Generated",-2.05710620888189,-3.11569815868375,-1.26591128429067,"d","Dirichlet","test",-0.223492344239701,0.0657502278622654,"Below 0"
995,"Generated",-1.57819054835695,-2.40056256007234,-0.745934778211345,"d","Dirichlet","test",-0.157914821504915,-0.305028453953262,"Below 0"
996,"Generated",-1.21637768381988,-2.00734136466952,-0.544948562110473,"d","Dirichlet","test",-0.24502611269518,0.0686297013561824,"Below 0"
997,"Generated",-1.92802807014098,-2.6285185720424,-1.21435288455306,"d","Dirichlet","test",-0.0715935625664053,0.126130545290829,"Below 0"
998,"Generated",-1.36434624796329,-2.03603672464926,-0.702845125216512,"d","Dirichlet","test",-0.0573709474056774,-0.499082709452586,"Below 0"
999,"Generated",-0.30222686467982,-1.13225877077343,0.518443989861651,"d","Dirichlet","test",0.274212245723999,-0.121775872235683,"Covers 0"
1000,"Generated",-1.73362278122615,-2.58762616659116,-0.905495141715124,"d","Dirichlet","test",-0.169531926533666,-0.154205678370763,"Below 0"
1001,"Generated",-1.73977390361997,-2.52741340132934,-0.977531417908486,"d","Dirichlet","test",-0.271867905261684,0.137329761695835,"Below 0"
1002,"Generated",-1.36636120609366,-2.14578669032373,-0.533483978524183,"d","Dirichlet","test",-0.235637427486772,0.0275989390148371,"Below 0"
1003,"Generated",-0.897420463016759,-1.7746955102319,-0.129679563434131,"d","Dirichlet","test",-0.104593834796169,0.127132165968165,"Below 0"
1004,"Generated",-0.024825375861964,-0.990503748577671,0.862690842355065,"d","Dirichlet","test",0.0767246563245692,0.152925228344589,"Covers 0"
1005,"Generated",-0.629973157140041,-1.63427311105248,0.202532448592989,"d","Dirichlet","test",0.0241091427047859,-0.147639436996722,"Covers 0"
1006,"Generated",-1.21822331793206,-2.04981465118961,-0.524888043371504,"d","Dirichlet","test",-0.227955956401938,0.19627825422199,"Below 0"
1007,"Generated",-1.09062843526748,-2.01842222276158,-0.215255492375875,"d","Dirichlet","test",-0.153283340080497,0.0672468330411537,"Below 0"
1008,"Generated",-0.322513944310777,-1.23924762407846,0.484797295934826,"d","Dirichlet","test",-0.0447385123258046,-0.0660095640731558,"Covers 0"
1009,"Generated",-0.170594945941137,-0.96563575090707,0.508561916635595,"d","Dirichlet","test",-0.0997337490319077,-0.558807849327238,"Covers 0"
1010,"Generated",-1.60922995927369,-2.42879683516447,-0.842862735655171,"d","Dirichlet","test",-0.223361087612201,0.20116972208049,"Below 0"
1011,"Generated",-1.31309885245082,-2.35136610626224,-0.298122871945179,"d","Dirichlet","test",-0.260407438271945,0.0573116772241747,"Below 0"
1012,"Generated",-0.933135614806696,-1.64854623547005,-0.238070310262664,"d","Dirichlet","test",-0.297917824046501,0.161127580622984,"Below 0"
1013,"Generated",-1.55683393613538,-2.39763628212308,-0.769406482825781,"d","Dirichlet","test",-0.152308237274655,-0.276128224589446,"Below 0"
1014,"Generated",-1.4760176946717,-2.30324382953021,-0.81136077349561,"d","Dirichlet","test",-0.265408763816427,0.156190591061837,"Below 0"
1015,"Generated",-1.08869300037639,-1.76496250444215,-0.481276303829775,"d","Dirichlet","test",-0.121655476767706,0.0879147700686512,"Below 0"
1016,"Generated",-1.0244312508843,-1.89556811722794,-0.148081016623524,"d","Dirichlet","test",-0.146428207801799,0.185508090800211,"Below 0"
1017,"Generated",-1.20215853595832,-2.19451789568043,-0.42839307144896,"d","Dirichlet","test",0.0931918332303632,0.180918632520325,"Below 0"
1018,"Generated",-1.24401437629197,-1.90284043172847,-0.629288734081476,"d","Dirichlet","test",-0.102537071162464,-0.257976032455044,"Below 0"
1019,"Generated",-0.592336256288548,-1.52879060504637,0.270399462007636,"d","Dirichlet","test",-0.0111213236041423,0.195597268716152,"Covers 0"
1020,"Generated",-0.657610330685026,-1.31045866421024,0.0132329918474515,"d","Dirichlet","test",-0.144512762143458,-0.440835103383993,"Covers 0"
1021,"Generated",-0.743282376522696,-1.5764581070623,-0.0094352051341541,"d","Dirichlet","test",0.012044584363236,-0.110514008555805,"Below 0"
1022,"Generated",-1.72978635605942,-2.71352224523398,-0.927953911623516,"d","Dirichlet","test",-0.201875675570927,-0.134409922633412,"Below 0"
1023,"Generated",-1.30012560018304,-2.16495393859113,-0.527885209179956,"d","Dirichlet","test",-0.247170053965287,0.1646763377802,"Below 0"
1024,"Generated",-1.01922592832124,-1.77460253371685,-0.37235268561587,"d","Dirichlet","test",-0.191552259164834,0.0253291705028653,"Below 0"
1025,"Generated",-0.472398123891682,-1.17600679476737,0.18117758954497,"d","Dirichlet","test",-0.028365637961389,-0.435149975993019,"Covers 0"
1026,"Generated",-1.44033088194481,-2.25105394073241,-0.628397526704436,"d","Dirichlet","test",-0.0893579380244044,0.100323012408818,"Below 0"
1027,"Generated",-1.43150575685427,-2.22008308331035,-0.674716032632879,"d","Dirichlet","test",-0.183955878184694,0.140823712244098,"Below 0"
1028,"Generated",-0.244959658747128,-0.924094253541472,0.363681944897991,"d","Dirichlet","test",0.0159787851838824,0.122967658358599,"Covers 0"
1029,"Generated",-1.69540045864139,-2.59666081246272,-1.02252918044417,"d","Dirichlet","test",-0.203621986232294,-0.11215643730161,"Below 0"
1030,"Generated",-0.413707729881611,-1.43076418420294,0.714571723539393,"d","Dirichlet","test",0.288672207796473,0.187721559645263,"Covers 0"
1031,"Generated",-1.96618815046987,-2.75283822646213,-1.17724325547143,"d","Dirichlet","test",-0.203078410501871,-0.295571172268361,"Below 0"
1032,"Generated",-0.958650871420591,-1.85383133430769,-0.0924064602464867,"d","Dirichlet","test",0.112938881350378,-0.215205929893626,"Below 0"
1033,"Generated",-2.29112824444197,-3.37253228210156,-1.35508284566577,"d","Dirichlet","test",-0.227192802138964,0.154336872451946,"Below 0"
1034,"Generated",-0.927412106693658,-1.59180950916203,-0.298596878600937,"d","Dirichlet","test",-0.191126823876623,-0.368724386396143,"Below 0"
1035,"Generated",-1.50916500725636,-2.38581689717639,-0.642922405842168,"d","Dirichlet","test",-0.163342374999509,0.112042452661896,"Below 0"
1036,"Generated",-0.00289847308037188,-0.75275966928284,0.775936890747742,"d","Dirichlet","test",0.0355353502823648,0.17099100767738,"Covers 0"
1037,"Generated",-0.870666905695572,-1.81911179183985,-0.107648099144482,"d","Dirichlet","test",-0.0850647607073207,0.109188415907359,"Below 0"
1038,"Generated",-0.886549608963013,-1.61712621775763,-0.221434195206354,"d","Dirichlet","test",-0.10098335350906,0.164433125618843,"Below 0"
1039,"Generated",-1.82830439993033,-2.53706723199134,-1.18068947590725,"d","Dirichlet","test",-0.209127529632005,0.187807199014757,"Below 0"
1040,"Generated",-1.95365685092288,-2.82806906081197,-1.13761463543085,"d","Dirichlet","test",-0.271274812206905,0.194645658673252,"Below 0"
1041,"Generated",-1.40876879080773,-2.1577848126875,-0.648729655102593,"d","Dirichlet","test",-0.172273889012886,0.118545464681196,"Below 0"
1042,"Generated",-0.538088532560883,-1.44058537619147,0.111713428880198,"d","Dirichlet","test",0.072686574554414,-0.0156414954457593,"Covers 0"
1043,"Generated",-0.725329475530262,-1.63070438615687,0.0981553216383401,"d","Dirichlet","test",0.0975291069595485,-0.195124732222701,"Covers 0"
1044,"Generated",-1.34083600078705,-2.16649014379512,-0.581690336254515,"d","Dirichlet","test",-0.136398485149168,-0.120993919346312,"Below 0"
1045,"Generated",-1.3335820160854,-2.12898670199452,-0.493517658010743,"d","Dirichlet","test",-0.099468491485624,-0.0221937781733589,"Below 0"
1046,"Generated",-0.913417003709031,-1.86658497849965,-0.0687135172300277,"d","Dirichlet","test",0.178851194461222,-0.259238060206571,"Below 0"
1047,"Generated",-1.36992854236525,-2.42738655370294,-0.567421342161058,"d","Dirichlet","test",-0.230396703744924,-0.201174277019668,"Below 0"
1048,"Generated",-1.41660970401196,-2.20927701141402,-0.70484064246417,"d","Dirichlet","test",-0.22694665024039,0.160634388379219,"Below 0"
1049,"Generated",-0.773218939846255,-1.5368085181532,-0.117958795149049,"d","Dirichlet","test",-0.162643026463894,0.0624048127319128,"Below 0"
1050,"Generated",-1.52560697804257,-2.34532318685922,-0.794596224207258,"d","Dirichlet","test",-0.154734790615884,0.229940599240674,"Below 0"
1051,"Generated",-1.03063597607678,-1.80663727631393,-0.281396090391048,"d","Dirichlet","test",-0.18241415305983,-0.229815467348382,"Below 0"
1052,"Generated",-0.83045110685675,-1.70680695128332,-0.121581357486687,"d","Dirichlet","test",0.144666416439951,0.181052220754332,"Below 0"
1053,"Generated",-1.0038529206615,-1.7245646176796,-0.323803228647471,"d","Dirichlet","test",-0.0515338676723316,-0.495634555719817,"Below 0"
1054,"Generated",0.371998991828692,-0.374740172225928,1.20911732759112,"d","Dirichlet","test",0.295277630007515,0.195222549548432,"Covers 0"
1055,"Generated",-0.980360455296738,-1.79074642388539,-0.120744851129844,"d","Dirichlet","test",0.0138946319848275,-0.0978579368916566,"Below 0"
1056,"Generated",-1.27215518109931,-2.00902380371515,-0.475432697125268,"d","Dirichlet","test",-0.045025589582767,0.104840278744614,"Below 0"
1057,"Generated",-0.878084581688401,-1.69412520283043,-0.026506207654477,"d","Dirichlet","test",-0.233593241165725,0.143663252090747,"Below 0"
1058,"Generated",-2.01689700427513,-2.79157861058418,-1.22322066442768,"d","Dirichlet","test",-0.225761335194721,0.165707311320976,"Below 0"
1059,"Generated",-0.828458810559228,-1.57896574031666,-0.124433495540582,"d","Dirichlet","test",-0.151819938599586,-0.463782560993879,"Below 0"
1060,"Generated",-1.52360648589182,-2.31266084430058,-0.78292447726097,"d","Dirichlet","test",-0.185876787662208,0.122420072991144,"Below 0"
1061,"Generated",-2.08318423252683,-2.95933786449229,-1.24353114107288,"d","Dirichlet","test",-0.271195562434056,-0.0708970386606297,"Below 0"
1062,"Generated",-1.1846583822436,-1.82617930378761,-0.54501945562732,"d","Dirichlet","test",0.0419466678087976,0.233200072480591,"Below 0"
1063,"Generated",-0.213356344370452,-0.906192966121832,0.504546634195087,"d","Dirichlet","test",0.136700431783797,0.253190039449234,"Covers 0"
1064,"Generated",-0.163438876162543,-1.08305693493488,0.661210921978693,"d","Dirichlet","test",0.0401682429109831,0.157123703882893,"Covers 0"
1065,"Generated",-0.472261896983809,-1.24111155566997,0.232102448586821,"d","Dirichlet","test",-0.108152135186565,0.0926290635338179,"Covers 0"
1066,"Generated",0.0705764042417665,-0.664280727831302,0.765354437743667,"d","Dirichlet","test",0.15215691750572,0.163331470500667,"Covers 0"
1067,"Generated",-1.08903264146276,-1.88701458263874,-0.374428227815869,"d","Dirichlet","test",-0.135679748350622,-0.14286015584568,"Below 0"
1068,"Generated",-0.813179645426717,-1.42187443831629,-0.217359900998218,"d","Dirichlet","test",-0.150527215131747,0.126845303313739,"Below 0"
1069,"Generated",-1.99091872598221,-2.96971909404377,-1.06932838182735,"d","Dirichlet","test",-0.250225642972159,0.230870796803209,"Below 0"
1070,"Generated",-1.19327020767436,-1.89496168853873,-0.536155619564899,"d","Dirichlet","test",-0.173056742047943,0.094688972288111,"Below 0"
1071,"Generated",-1.35210520308455,-2.13561198539116,-0.531120034940876,"d","Dirichlet","test",-0.0799820370392506,-0.268310887049435,"Below 0"
1072,"Generated",-0.493576139726231,-1.17753559275736,0.208186794054111,"d","Dirichlet","test",0.189040942297552,0.243513864595223,"Covers 0"
1073,"Generated",-1.13111341084602,-1.90665038728763,-0.379089846741371,"d","Dirichlet","test",-0.0516559407075208,-0.160984707396257,"Below 0"
1074,"Generated",-0.947944450014145,-1.63840442154328,-0.309691481991687,"d","Dirichlet","test",-0.091833392098386,-0.257151984936618,"Below 0"
1075,"Generated",-1.97025876214775,-2.95850357309056,-1.02541684601199,"d","Dirichlet","test",-0.226445677974798,-0.117567176562115,"Below 0"
1076,"Generated",-1.299278569214,-2.20510957988435,-0.580514638653424,"d","Dirichlet","test",-0.139391195772015,-0.354717588884005,"Below 0"
1077,"Generated",0.103619330085734,-0.739719640679789,0.90951531747616,"d","Dirichlet","test",0.115813232950653,-0.209970491424952,"Covers 0"
1078,"Generated",0.0713957076331948,-0.756537674055788,0.799312341769944,"d","Dirichlet","test",0.089310429653165,0.204126705853284,"Covers 0"
1079,"Generated",-1.05203637236481,-1.78735246581635,-0.34528095878631,"d","Dirichlet","test",-0.241047258921552,0.154347362447879,"Below 0"
1080,"Generated",-1.72399134546839,-2.43015229841529,-1.07582615231277,"d","Dirichlet","test",-0.0903517548606149,0.0479602839712716,"Below 0"
1081,"Generated",-1.67830680997171,-2.46036859070936,-0.946107443157691,"d","Dirichlet","test",-0.109582157539225,-0.440090848178227,"Below 0"
1082,"Generated",-1.2982687091662,-2.23514123312022,-0.594350725066842,"d","Dirichlet","test",-0.183505707638043,-0.0168989443818334,"Below 0"
1083,"Generated",-1.40646999577908,-2.31868697340342,-0.505851131956511,"d","Dirichlet","test",-0.17121186161401,0.238599704941324,"Below 0"
1084,"Generated",-0.659310662294814,-1.53484016875535,0.166675759576254,"d","Dirichlet","test",0.120768112216992,-0.245342777401362,"Covers 0"
1085,"Generated",-0.758973657498895,-1.53688561497603,0.110234227980795,"d","Dirichlet","test",-0.111736609044926,-0.011601270372002,"Covers 0"
1086,"Generated",-0.613323301584133,-1.37748915737807,0.114220308422898,"d","Dirichlet","test",0.159903546058834,0.127312873095446,"Covers 0"
1087,"Generated",-1.67304533782776,-2.4983070490975,-0.872664454641391,"d","Dirichlet","test",-0.0612386451562096,-0.414453532843831,"Below 0"
1088,"Generated",-1.25421426055895,-2.23631145796166,-0.350610910081913,"d","Dirichlet","test",-0.185185134353104,-0.00305322171148187,"Below 0"
1089,"Generated",-0.871576713549421,-1.74562206601383,-0.0676193260096348,"d","Dirichlet","test",-0.206663737937392,0.0710702862689143,"Below 0"
1090,"Generated",-1.7753878977754,-2.74500391308889,-0.941010121176958,"d","Dirichlet","test",-0.0933970668659479,-0.423486122576732,"Below 0"
1091,"Generated",-1.19934574455225,-1.95901067530953,-0.420853152865059,"d","Dirichlet","test",-0.180537489558299,-0.478821706307332,"Below 0"
1092,"Generated",-1.42647960103926,-2.28858256013122,-0.656022733729634,"d","Dirichlet","test",-0.114702875519894,-0.195135498239697,"Below 0"
1093,"Generated",-0.120726186423575,-0.816912760226885,0.602449047361834,"d","Dirichlet","test",0.00540845063201107,0.100749747200699,"Covers 0"
1094,"Generated",-1.23827189114978,-1.86845722743915,-0.65222886507721,"d","Dirichlet","test",-0.263848833111368,0.164013585998535,"Below 0"
1095,"Generated",0.440704970895008,-0.429038456528909,1.25465046889452,"d","Dirichlet","test",0.390908221960042,0.272357766147587,"Covers 0"
1096,"Generated",-0.827359980227714,-1.68246047178477,-0.142164252455492,"d","Dirichlet","test",-0.0559848441488367,-0.196569938244109,"Below 0"
1097,"Generated",-1.32179907349269,-1.96771886913757,-0.655767255917051,"d","Dirichlet","test",-0.156916018766827,-0.499100865230947,"Below 0"
1098,"Generated",-1.02188091332764,-1.73870862353673,-0.408716019331457,"d","Dirichlet","test",-0.179931080100197,0.00757309433084713,"Below 0"
1099,"Generated",-1.16584941025478,-2.0545190989067,-0.409160261306426,"d","Dirichlet","test",-0.214218554820202,0.00772617315313845,"Below 0"
1100,"Generated",-1.37356009731412,-2.23202994877003,-0.669597067567445,"d","Dirichlet","test",-0.274319106556665,-0.0571599583773991,"Below 0"
1101,"Generated",-0.570303446180324,-1.44182200283147,0.295935537898628,"d","Dirichlet","test",0.254053437300521,-0.212660007453302,"Covers 0"
1102,"Generated",-0.647299019197594,-1.38233576171022,0.100092966686101,"d","Dirichlet","test",-0.13148039475476,0.190202600712402,"Covers 0"
1103,"Generated",-0.146419152417205,-1.13377138839885,0.984746146441755,"d","Dirichlet","test",0.261288677609735,-0.402679586143264,"Covers 0"
1104,"Generated",-1.84260084321398,-2.59668084711391,-1.12419161528528,"d","Dirichlet","test",-0.269760450401557,0.14073245491992,"Below 0"
1105,"Generated",-1.5798984286363,-2.36010400693746,-0.866577845469405,"d","Dirichlet","test",-0.285052613784107,0.173773755311602,"Below 0"
1106,"Generated",-0.698395690036593,-1.58596714056953,0.164950719826734,"d","Dirichlet","test",0.0363802663831344,-0.376071059392066,"Covers 0"
1107,"Generated",-1.23209859360781,-2.06699057631374,-0.409531708868678,"d","Dirichlet","test",-0.24774231360658,0.152632164368787,"Below 0"
1108,"Generated",-1.45873517799821,-2.49757849804447,-0.267373089988491,"d","Dirichlet","test",-0.25105340127117,0.141668565627806,"Below 0"
1109,"Generated",-1.24840075189138,-2.20470030715451,-0.398791692320734,"d","Dirichlet","test",-0.127189661957472,0.0393160523767269,"Below 0"
1110,"Generated",-0.783370749572742,-1.61572679723812,-0.0708205352272449,"d","Dirichlet","test",-0.0655538438299228,0.0842674460731286,"Below 0"
1111,"Generated",0.353730380819892,-0.462248679101229,1.07087372830849,"d","Dirichlet","test",0.119389553331914,0.199262142783313,"Covers 0"
1112,"Generated",-1.41801638752068,-2.2562543814282,-0.6672531586293,"d","Dirichlet","test",-0.197200982065672,0.173719559463564,"Below 0"
1113,"Generated",-1.82715940107504,-2.59161635614185,-1.09838300968378,"d","Dirichlet","test",-0.225562751931301,0.182989883302793,"Below 0"
1114,"Generated",-1.67321207090619,-2.5134422031955,-0.891863692670886,"d","Dirichlet","test",-0.252941209719727,0.0574622081331668,"Below 0"
1115,"Generated",-1.32867954739842,-2.16113986890654,-0.574612242327426,"d","Dirichlet","test",-0.125898967930267,0.19591012472423,"Below 0"
1116,"Generated",-1.98467298266683,-2.76140350253531,-1.22781818419591,"d","Dirichlet","test",-0.263458922394084,0.173352813183711,"Below 0"
1117,"Generated",-0.793223219445204,-1.65729207379286,0.0684459795767524,"d","Dirichlet","test",0.0839326415177584,0.213278483860439,"Covers 0"
1118,"Generated",-1.10638279134133,-1.91251250099074,-0.31438760990513,"d","Dirichlet","test",-0.250341457595668,0.170594351688353,"Below 0"
1119,"Generated",-1.99830600765247,-2.83232582882414,-1.18955868878777,"d","Dirichlet","test",-0.14013396032045,-0.291163642717447,"Below 0"
1120,"Generated",1.1141273930318,0.345149609618979,1.82384210143854,"d","Dirichlet","test",0.590210152027727,0.198470225042891,"Above 0"
1121,"Generated",-0.560532810478955,-1.46335182716431,0.295928641176608,"d","Dirichlet","test",-0.0254374097522957,0.19253952718242,"Covers 0"
1122,"Generated",-1.17243403991644,-1.9749001615912,-0.394172378406637,"d","Dirichlet","test",-0.0947941504261,0.152474298732903,"Below 0"
1123,"Generated",-0.664347296801567,-1.43198363317466,0.0673227182205569,"d","Dirichlet","test",0.00638262695229144,0.0771936004389713,"Covers 0"
1124,"Generated",-0.921754926530964,-1.69563975833893,-0.230271770033524,"d","Dirichlet","test",-0.147433947029396,0.145222482791674,"Below 0"
1125,"Generated",-0.259060611966203,-1.09311667378246,0.611105941980153,"d","Dirichlet","test",-0.0349293624788718,-0.143264906448422,"Covers 0"
1126,"Generated",-1.52147991969067,-2.32142024277184,-0.821109918518234,"d","Dirichlet","test",-0.309807043495258,0.172307311318807,"Below 0"
1127,"Generated",-1.02449430963127,-1.76929742084058,-0.284409335087404,"d","Dirichlet","test",-0.178980308156215,0.101713095669615,"Below 0"
1128,"Generated",-0.0418976732998916,-0.81534835022385,0.719618249040682,"d","Dirichlet","test",0.138901624975163,0.219215726528774,"Covers 0"
1129,"Generated",-0.344878871893512,-1.09012316113248,0.398566310440345,"d","Dirichlet","test",0.110054961646613,-0.179193082011972,"Covers 0"
1130,"Generated",-1.01881684430956,-1.87743815585093,-0.22794873265109,"d","Dirichlet","test",-0.0997310751068417,-0.43052383308433,"Below 0"
1131,"Generated",-1.23148783830148,-1.89799706963874,-0.543119212998194,"d","Dirichlet","test",-0.131458001303281,-0.352211108919918,"Below 0"
1132,"Generated",-0.648718294559075,-1.61026939946751,0.246814352713262,"d","Dirichlet","test",0.00219645111441129,-0.462336224085626,"Covers 0"
1133,"Generated",-0.763730670852567,-1.78512345920769,0.182076438440114,"d","Dirichlet","test",0.0356256697579571,-0.549110594484423,"Covers 0"
1134,"Generated",-0.900029492163389,-1.64604336114426,-0.18068206402574,"d","Dirichlet","test",-0.26045137053353,0.0883082680068666,"Below 0"
1135,"Generated",-1.37386277168206,-2.02376008596636,-0.693223648380027,"d","Dirichlet","test",-0.223066267846679,-0.181215542008307,"Below 0"
1136,"Generated",-1.30494729716616,-1.98090623736684,-0.537841176795002,"d","Dirichlet","test",-0.246317317016635,0.0219907362399333,"Below 0"
1137,"Generated",-0.110508175852506,-0.928957050780948,0.68728659499411,"d","Dirichlet","test",0.195681970439725,0.16291046974202,"Covers 0"
1138,"Generated",-1.04676752119307,-1.87912185892133,-0.178950462866633,"d","Dirichlet","test",-0.0438285421912013,0.097581471301347,"Below 0"
1139,"Generated",-0.85926818000071,-1.72492875884187,0.114182089466793,"d","Dirichlet","test",-0.20717596914462,0.0261709915322011,"Covers 0"
1140,"Generated",-1.78873246941464,-2.48342944077331,-1.01558368876862,"d","Dirichlet","test",-0.290590972432025,0.19157590515932,"Below 0"
1141,"Generated",-0.551970660871785,-1.41662117059987,0.261312720378768,"d","Dirichlet","test",-0.213358095661876,0.0981455447931455,"Covers 0"
1142,"Generated",-1.07030108510028,-1.86707638314271,-0.22324165674807,"d","Dirichlet","test",-0.0855545159645479,0.200467884024909,"Below 0"
1143,"Generated",-1.38560726253626,-2.24328961407493,-0.601972891139643,"d","Dirichlet","test",-0.154027192866037,-0.484058290701216,"Below 0"
1144,"Generated",-1.60159833572405,-2.41569853360205,-0.742969241565563,"d","Dirichlet","test",-0.110848664053435,-0.232740615790131,"Below 0"
1145,"Generated",-1.47783144494489,-2.29205032771951,-0.663607280263347,"d","Dirichlet","test",-0.223290988507006,0.120590627029208,"Below 0"
1146,"Generated",-1.88248238350472,-2.63315259668977,-1.12141478869732,"d","Dirichlet","test",-0.0826045247619735,-0.0294027018378602,"Below 0"
1147,"Generated",-0.452556712700795,-1.65651767652604,0.439880098026732,"d","Dirichlet","test",0.0798426858754386,0.00240943923236741,"Covers 0"
1148,"Generated",-0.691320894815107,-1.55489772772136,0.0671267440586095,"d","Dirichlet","test",-0.220519668100231,-0.044360115936418,"Covers 0"
1149,"Generated",-1.26383630554806,-2.04813343361523,-0.452481740045714,"d","Dirichlet","test",0.0594815023991275,0.185769363658912,"Below 0"
1150,"Generated",-0.804189446509079,-1.52331866969886,-0.0970226081233493,"d","Dirichlet","test",-0.105577255171824,-0.0744901599412934,"Below 0"
1151,"Generated",-1.24871825879383,-2.3389446815913,-0.514349697977884,"d","Dirichlet","test",-0.267648510253957,0.0487770619612811,"Below 0"
1152,"Generated",-0.825062061112676,-1.55636200896305,0.00682723645079628,"d","Dirichlet","test",-0.000743311657513616,-0.336436592914141,"Covers 0"
1153,"Generated",-1.44666882607103,-2.37835697472583,-0.675125812216009,"d","Dirichlet","test",-0.189772021392578,-0.564194839752879,"Below 0"
1154,"Generated",-1.26387919015654,-2.21267673989969,-0.347601384952764,"d","Dirichlet","test",-0.0871503346296813,-0.0303983939258552,"Below 0"
1155,"Generated",-0.981199710696725,-1.916998136137,-0.11360048779009,"d","Dirichlet","test",-0.212974128138796,0.188438490533231,"Below 0"
1156,"Generated",-0.859265120468159,-1.64853163580794,-0.210730772987524,"d","Dirichlet","test",-0.133136923913926,-0.39546007535636,"Below 0"
1157,"Generated",-1.16377516614571,-1.93996541128394,-0.400143978192653,"d","Dirichlet","test",-0.216971546383392,-0.228765325136975,"Below 0"
1158,"Generated",-1.15937201869771,-2.03328343450763,-0.466099309696381,"d","Dirichlet","test",-0.153990278129689,0.120095207121965,"Below 0"
1159,"Generated",-1.40196384298108,-2.24900012724467,-0.571712254998219,"d","Dirichlet","test",-0.0586787408923451,0.186924781816132,"Below 0"
1160,"Generated",-1.22178072459912,-1.99900398085212,-0.437358296417693,"d","Dirichlet","test",-0.226497902270924,0.170399156344497,"Below 0"
1161,"Generated",-1.16531047897309,-2.06506922385895,-0.489192105353582,"d","Dirichlet","test",-0.184010746750652,-0.477931832107491,"Below 0"
1162,"Generated",-1.08493983913906,-1.7936180743307,-0.385971668817535,"d","Dirichlet","test",-0.118091701526261,0.154688045306693,"Below 0"
1163,"Generated",-1.10753515901481,-1.87804222040511,-0.336139192880562,"d","Dirichlet","test",-0.126298169914509,0.0452638406563266,"Below 0"
1164,"Generated",-1.01229051610824,-1.95988461745388,-0.157656290115771,"d","Dirichlet","test",-0.0454739239183783,-0.147256990018503,"Below 0"
1165,"Generated",-0.293710451720498,-1.12135796104129,0.484345424077921,"d","Dirichlet","test",-0.0412192172190583,0.075308055974325,"Covers 0"
1166,"Generated",-0.874733214359294,-1.81190571273709,-0.119671178170203,"d","Dirichlet","test",0.0885838265985479,0.120527391975213,"Below 0"
1167,"Generated",-1.53515173837307,-2.32082405919873,-0.771250233294622,"d","Dirichlet","test",-0.172909398898579,-0.273531768497533,"Below 0"
1168,"Generated",-1.07489740677104,-1.84178496191002,-0.36629348204143,"d","Dirichlet","test",-0.153212538179397,0.0959859339837877,"Below 0"
1169,"Generated",-1.02195114338174,-1.90809826418814,-0.120078352681532,"d","Dirichlet","test",-0.199634428751337,-0.121324802842078,"Below 0"
1170,"Generated",-1.53246095316169,-2.41804306797543,-0.746646172157565,"d","Dirichlet","test",-0.281802644091914,0.175833736003097,"Below 0"
1171,"Generated",-0.432064307803702,-1.29338409187049,0.357858531104689,"d","Dirichlet","test",-0.098031050539667,0.16055493821096,"Covers 0"
1172,"Generated",-0.365021505099643,-1.05639136561953,0.289322153987226,"d","Dirichlet","test",0.074866012648003,0.276375039264923,"Covers 0"
1173,"Generated",-1.03144490097929,-1.79588027410934,-0.358614697364171,"d","Dirichlet","test",-0.197906176231924,0.147357262373728,"Below 0"
1174,"Generated",-0.738486088841599,-1.4283206155608,-0.189241827368203,"d","Dirichlet","test",-0.205563198269972,0.127279635293856,"Below 0"
1175,"Generated",-0.591268240535467,-1.36003266268322,0.125277013062081,"d","Dirichlet","test",-0.192030959018408,0.12655844764769,"Covers 0"
1176,"Generated",-0.955177177723822,-1.68650343067196,-0.260756473863329,"d","Dirichlet","test",-0.227656516581842,0.122124120722017,"Below 0"
1177,"Generated",0.0186819214917379,-0.859910886449209,0.860958803192026,"d","Dirichlet","test",0.125550124303107,0.216890863830062,"Covers 0"
1178,"Generated",-2.0406691814158,-2.99175867106604,-1.1411023967129,"d","Dirichlet","test",-0.139738969718565,0.157519412939416,"Below 0"
1179,"Generated",-1.14659857300321,-1.99169337747753,-0.380352439956906,"d","Dirichlet","test",-0.162895523780308,0.177922822977354,"Below 0"
1180,"Generated",-1.05653567994982,-1.86584732458724,-0.289396908942157,"d","Dirichlet","test",-0.0794788628195955,-0.152471202744706,"Below 0"
1181,"Generated",-1.82295870012578,-2.73247682959909,-0.954009095707281,"d","Dirichlet","test",-0.0778959227076296,0.133890593904484,"Below 0"
1182,"Generated",-0.612151978847417,-1.36090741825173,0.0794980935877301,"d","Dirichlet","test",-0.154139186853107,0.0837813259289302,"Covers 0"
1183,"Generated",-1.9779462738105,-2.82266333295288,-1.12538057538926,"d","Dirichlet","test",-0.203253208148852,0.0639506181541558,"Below 0"
1184,"Generated",-1.62106874938624,-2.57366129233037,-0.724801344188964,"d","Dirichlet","test",-0.163011810589719,0.0497917822263641,"Below 0"
1185,"Generated",0.486848649678772,-0.313086430975924,1.27047044823772,"d","Dirichlet","test",0.205757706826544,-0.261155714355513,"Covers 0"
1186,"Generated",-1.52132885906694,-2.28740371396606,-0.756101575680097,"d","Dirichlet","test",-0.140289958993945,-0.187756960825773,"Below 0"
1187,"Generated",-1.1394995080396,-1.84481929050401,-0.495305115737817,"d","Dirichlet","test",-0.18414809118173,0.108263907137234,"Below 0"
1188,"Generated",-1.33563203196967,-2.03229711790977,-0.653200269092136,"d","Dirichlet","test",-0.25294858725372,0.139016917608794,"Below 0"
1189,"Generated",-1.14367788456481,-1.85897000533564,-0.431252277237613,"d","Dirichlet","test",-0.16745579081506,0.08394023500064,"Below 0"
1190,"Generated",0.102974289781002,-0.760628286583435,0.917895408029139,"d","Dirichlet","test",0.339580210339679,0.269201035057619,"Covers 0"
1191,"Generated",0.484706948726505,-0.340496463068525,1.21336702594543,"d","Dirichlet","test",0.072283129381987,0.213056324110188,"Covers 0"
1192,"Generated",-1.58374327028392,-2.55035691631985,-0.760049124653932,"d","Dirichlet","test",-0.0794743056880739,-0.0978932887653325,"Below 0"
1193,"Generated",-0.0138862872795195,-1.20278004662899,1.06539279160359,"d","Dirichlet","test",0.246115715453408,0.242228660554615,"Covers 0"
1194,"Generated",-1.63380478583548,-2.4289924958172,-0.96038409934551,"d","Dirichlet","test",-0.221801386912083,0.105910364561258,"Below 0"
1195,"Generated",-0.79723794897754,-1.51014824052226,-0.16966188014624,"d","Dirichlet","test",-0.139727640437641,-0.231667458744448,"Below 0"
1196,"Generated",-1.32082123889655,-2.08701093014129,-0.547079661935525,"d","Dirichlet","test",-0.141989546487248,0.162184847221705,"Below 0"
1197,"Generated",-1.13784507371425,-2.13232783558007,-0.331252248124529,"d","Dirichlet","test",-0.142318906954189,-0.102008009962877,"Below 0"
1198,"Generated",-0.528846359081909,-1.35451282621,0.269347086036502,"d","Dirichlet","test",-0.0922384596829684,-0.482794742374734,"Covers 0"
1199,"Generated",-0.636394701726192,-1.42279935990829,0.0791398868902451,"d","Dirichlet","test",0.154019157264354,-0.17351242623755,"Covers 0"
1200,"Generated",-1.24818006684751,-2.07757765616186,-0.447212699977866,"d","Dirichlet","test",-0.146291226365885,-0.495032388956434,"Below 0"
1201,"Generated",-1.06489846742983,-1.88303939936827,-0.303295016461902,"d","Dirichlet","test",-0.106653194086547,-0.531058485198804,"Below 0"
1202,"Generated",-1.91818858637827,-2.71182873999107,-1.04854360746218,"d","Dirichlet","test",-0.186531675529997,0.193136686232999,"Below 0"
1203,"Generated",-1.06754235497424,-1.70896156594682,-0.543179927929493,"d","Dirichlet","test",-0.288655967106431,0.174818531515744,"Below 0"
1204,"Generated",-0.387256511741289,-1.15121051754769,0.280341120045756,"d","Dirichlet","test",-0.0378536554074079,-0.321745182422113,"Covers 0"
1205,"Generated",-1.41096574129953,-2.26998196586584,-0.707340263917929,"d","Dirichlet","test",-0.252575695836075,-0.294183449245732,"Below 0"
1206,"Generated",-2.31268945235416,-3.20391838342753,-1.43243445557348,"d","Dirichlet","test",-0.241934170753675,0.190044299658786,"Below 0"
1207,"Generated",-0.541434393214619,-1.31633661773927,0.351767074190959,"d","Dirichlet","test",-0.0163550552443308,-0.166764151104337,"Covers 0"
1208,"Generated",-1.0457786359791,-1.89102913172186,-0.268801327689369,"d","Dirichlet","test",-0.179416767362142,-0.316106015441565,"Below 0"
1209,"Generated",-1.55158219934361,-2.53562549778084,-0.601151999118936,"d","Dirichlet","test",-0.258670153986996,0.161811513777387,"Below 0"
1210,"Generated",-1.07564438172029,-1.74330110460344,-0.460153577006248,"d","Dirichlet","test",-0.241658123142571,0.19642700961187,"Below 0"
1211,"Generated",-0.726748191092191,-1.46002549287195,0.0135032037920895,"d","Dirichlet","test",-0.112737657712389,0.00355533847628795,"Covers 0"
1212,"Generated",-0.364646836325227,-1.14908612989815,0.391212603374871,"d","Dirichlet","test",0.083621239605426,0.222021401671429,"Covers 0"
1213,"Generated",-0.716056064263995,-1.44342425438885,-0.0545387615925047,"d","Dirichlet","test",-0.270020608891931,0.20968509984427,"Below 0"
1214,"Generated",-1.28300347407535,-2.07950501441765,-0.479216630006674,"d","Dirichlet","test",-0.274438334837924,0.158761551094785,"Below 0"
1215,"Generated",-0.657005882316559,-1.32230391113761,0.0650707902075964,"d","Dirichlet","test",-0.0524733234463386,0.217299127609723,"Covers 0"
1216,"Generated",-1.24050706299623,-2.23346781600072,-0.380358650756429,"d","Dirichlet","test",-0.19905990457929,0.121359098964956,"Below 0"
1217,"Generated",-1.02092601003961,-2.09686773815521,0.133568026158557,"d","Dirichlet","test",0.0630802877108408,0.242085231871649,"Covers 0"
1218,"Generated",-1.39163179956816,-2.05620207427377,-0.697283651000421,"d","Dirichlet","test",-0.151169175515114,0.0186148857427502,"Below 0"
1219,"Generated",-0.451310048657952,-1.2557303063626,0.310689466107351,"d","Dirichlet","test",-0.0632944026811034,0.142221264614511,"Covers 0"
1220,"Generated",0.1501043750318,-0.600809288220921,0.83364202790585,"d","Dirichlet","test",0.100919491183524,0.221867529998155,"Covers 0"
1221,"Generated",-0.482371823546759,-1.43072816662094,0.376023022066636,"d","Dirichlet","test",0.219001400366458,0.214885202507509,"Covers 0"
1222,"Generated",-1.84818474865388,-2.59924295386899,-1.10156163236231,"d","Dirichlet","test",-0.239126459763901,0.0891050935363813,"Below 0"
1223,"Generated",-0.864148424366788,-1.71972675551693,0.0485720526794998,"d","Dirichlet","test",-0.186184235814271,0.110088640685821,"Covers 0"
1224,"Generated",0.173689769325781,-0.818502946115302,1.01538788908138,"d","Dirichlet","test",0.177308002109623,0.221716121390206,"Covers 0"
1225,"Generated",-0.138574447840182,-0.926575148714069,0.625079371665599,"d","Dirichlet","test",0.101455388419539,0.118837393555312,"Covers 0"
1226,"Generated",-0.0477219518449733,-0.841657661521167,0.708071994125946,"d","Dirichlet","test",-0.0843278647025058,-0.339357211962493,"Covers 0"
1227,"Generated",-0.916054559676761,-1.75081431359623,-0.120332163495499,"d","Dirichlet","test",-0.238844443437351,-0.435746377623206,"Below 0"
1228,"Generated",-1.24127176545055,-2.2185882111261,-0.329457524554863,"d","Dirichlet","test",-0.0551258248393349,0.100501051771483,"Below 0"
1229,"Generated",-1.09344814463973,-1.80152071142764,-0.401386764903827,"d","Dirichlet","test",-0.181985396679378,0.180943270819423,"Below 0"
1230,"Generated",-1.14777496212421,-1.88355896900503,-0.470493647209884,"d","Dirichlet","test",-0.166341155953266,-0.235923466627287,"Below 0"
1231,"Generated",-1.26853407862488,-1.98236893462746,-0.584640821226503,"d","Dirichlet","test",-0.122375330442455,0.154356070821179,"Below 0"
1232,"Generated",-1.09635236527281,-1.7589768901914,-0.429226756452847,"d","Dirichlet","test",-0.218737690004818,0.0941702845859904,"Below 0"
1233,"Generated",-1.81177502226906,-3.05542904318316,-0.931127700977763,"d","Dirichlet","test",-0.205009952232673,-0.0133495674182907,"Below 0"
1234,"Generated",-0.536189198608005,-1.51333354777169,0.448224072523132,"d","Dirichlet","test",0.115189093588285,0.213105567883078,"Covers 0"
1235,"Generated",-1.13193899359917,-1.90029841986174,-0.407263023253898,"d","Dirichlet","test",-0.207278089249422,-0.0167633533101965,"Below 0"
1236,"Generated",-0.0686995756495009,-1.03177083003161,0.735472407505536,"d","Dirichlet","test",0.112781176741671,-0.0562467883926678,"Covers 0"
1237,"Generated",-0.423124584193293,-1.18116045233759,0.299507077301105,"d","Dirichlet","test",-0.152885103083627,-0.278621830956214,"Covers 0"
1238,"Generated",-1.65045149085058,-2.3387505084137,-0.908101618446341,"d","Dirichlet","test",-0.238972523359903,0.133259051853096,"Below 0"
1239,"Generated",-1.56897452407089,-2.34671123775389,-0.821877427271065,"d","Dirichlet","test",-0.229037640537383,0.120600018448045,"Below 0"
1240,"Generated",-1.58273559574611,-2.44098388137306,-0.790777349145567,"d","Dirichlet","test",-0.198911955221437,-0.456741696553289,"Below 0"
1241,"Generated",-0.871463842958782,-1.66168904499981,-0.151770913058462,"d","Dirichlet","test",-0.0233619393146939,0.147227569039274,"Below 0"
1242,"Generated",-1.71111536488632,-2.80562489847037,-0.641345608894827,"d","Dirichlet","test",-0.141863436335929,0.0728964487170007,"Below 0"
1243,"Generated",-0.760367117301991,-1.64725284861213,0.130522253625598,"d","Dirichlet","test",0.399158311751078,0.298089565944599,"Covers 0"
1244,"Generated",-1.1778845622692,-2.40688514070522,-0.34362160939284,"d","Dirichlet","test",-0.166891908141309,0.149356321369521,"Below 0"
1245,"Generated",-1.00363791890195,-1.63490646482904,-0.398035824430638,"d","Dirichlet","test",-0.240404985159082,0.178363805406137,"Below 0"
1246,"Generated",-0.251559352250416,-0.89319444155984,0.42872453342235,"d","Dirichlet","test",0.188369528430041,0.0554658149910951,"Covers 0"
1247,"Generated",-0.593573786154427,-1.39452952425416,0.133273668235587,"d","Dirichlet","test",-0.115990492424426,-0.197357120250074,"Covers 0"
1248,"Generated",-0.652557043787121,-1.7604725575485,0.165590843637281,"d","Dirichlet","test",-0.121670712934529,0.166541960462312,"Covers 0"
1249,"Generated",-1.0502308473791,-1.79982405204053,-0.29525942443246,"d","Dirichlet","test",-0.0898987945032039,-0.202593889955963,"Below 0"
1250,"Generated",-1.39323106799351,-2.32946383680361,-0.593795133171859,"d","Dirichlet","test",-0.239897204074952,-0.40751710874601,"Below 0"
1251,"Generated",-0.547626604467465,-1.32495632321157,0.262105367838516,"d","Dirichlet","test",0.144589131143229,0.194118372334706,"Covers 0"
1252,"Generated",-1.08710137703137,-1.80418453200285,-0.352485478394337,"d","Dirichlet","test",-0.172161984349353,0.206261078182383,"Below 0"
1253,"Generated",-0.427421509754066,-1.37073356268588,0.409769447525062,"d","Dirichlet","test",0.333287615165554,-0.300235439806301,"Covers 0"
1254,"Generated",-0.426176469978625,-1.26534540576485,0.53787260029362,"d","Dirichlet","test",0.0931873230385186,0.216712836670491,"Covers 0"
1255,"Generated",-1.60266497622959,-2.65477719522859,-0.770706419295813,"d","Dirichlet","test",-0.175417079461783,-0.349985216764268,"Below 0"
1256,"Generated",-0.105480373218242,-0.973016871129955,0.720266923976564,"d","Dirichlet","test",0.0143777503120681,0.150400383899712,"Covers 0"
1257,"Generated",-0.644108106679108,-1.27528258012291,0.00246222993867063,"d","Dirichlet","test",-0.208727129176511,0.141493685355871,"Covers 0"
1258,"Generated",-1.9776153479601,-2.72959754466502,-1.32088294089413,"d","Dirichlet","test",-0.278069242179686,0.0693800705914172,"Below 0"
1259,"Generated",-1.52192346407284,-2.19632119575363,-0.809238169456001,"d","Dirichlet","test",-0.240928134956029,-0.0748543777250898,"Below 0"
1260,"Generated",-0.9788071217822,-1.84491479226526,-0.10838821527612,"d","Dirichlet","test",-0.194943280970056,0.0923783688026432,"Below 0"
1261,"Generated",-0.107861129241807,-1.01892214179648,0.827996956181522,"d","Dirichlet","test",0.210532561333124,0.234444711041228,"Covers 0"
1262,"Generated",-1.56177422065092,-2.46850935664709,-0.743972389898723,"d","Dirichlet","test",-0.292213164821825,0.203497654593779,"Below 0"
1263,"Generated",-0.724206044509242,-1.5271447774274,0.0217511356775444,"d","Dirichlet","test",0.0443997732054304,0.215356655425087,"Covers 0"
1264,"Generated",-1.06796920167449,-1.78920660563903,-0.429342701348277,"d","Dirichlet","test",-0.249636636618401,-0.173167401002599,"Below 0"
1265,"Generated",-1.0911192318151,-1.79680265209612,-0.375181306253327,"d","Dirichlet","test",-0.19709597028487,0.116173387756647,"Below 0"
1266,"Generated",-1.80443163048445,-2.66632330991774,-0.959608067111223,"d","Dirichlet","test",-0.173449603469777,-0.0956736635584961,"Below 0"
1267,"Generated",-0.354516737147029,-1.1609824974264,0.391619750736405,"d","Dirichlet","test",0.102444024060721,-0.392421969848082,"Covers 0"
1268,"Generated",-1.68582746261612,-2.53237393683872,-0.845525047975197,"d","Dirichlet","test",-0.263145379086271,0.051568755135537,"Below 0"
1269,"Generated",-1.29124911704337,-2.20399394839688,-0.410103243458932,"d","Dirichlet","test",-0.177496968975365,0.0701908440705335,"Below 0"
1270,"Generated",-1.81023707431013,-2.56010634948114,-1.10811951770521,"d","Dirichlet","test",-0.278326475736844,0.115976469815118,"Below 0"
1271,"Generated",-1.64196416855032,-2.59502868383432,-0.814813029747425,"d","Dirichlet","test",-0.175467211254953,-0.402495187358001,"Below 0"
1272,"Generated",-0.608500951083309,-1.65984750910452,0.511041859744051,"d","Dirichlet","test",0.26996651022385,0.239911662701095,"Covers 0"
1273,"Generated",-0.96749040773534,-1.75661394338914,-0.254505832856479,"d","Dirichlet","test",-0.130994570788998,0.119937157702597,"Below 0"
1274,"Generated",-0.92377726850765,-1.71229728510191,-0.108996065270136,"d","Dirichlet","test",0.0610234119127997,0.143944817310874,"Below 0"
1275,"Generated",-1.20000194692357,-2.04576914677669,-0.472647908637532,"d","Dirichlet","test",-0.223768894210664,0.0413878004668795,"Below 0"
1276,"Generated",0.404648549701037,-0.321647479809732,1.1815586081227,"d","Dirichlet","test",0.195627496206228,0.00766747172391921,"Covers 0"
1277,"Generated",-0.378786914551207,-1.17945136051857,0.41636774263827,"d","Dirichlet","test",0.016940113970181,0.145119144369279,"Covers 0"
1278,"Generated",-1.47550856385774,-2.27179816587862,-0.67549327964853,"d","Dirichlet","test",-0.149321260404645,-0.518281527543478,"Below 0"
1279,"Generated",-0.469242338005657,-1.35059051766713,0.286595484839094,"d","Dirichlet","test",-0.0855942134787856,0.127822056708063,"Covers 0"
1280,"Generated",-1.38515818366934,-2.05609599327926,-0.723329573482528,"d","Dirichlet","test",-0.192645457766783,0.0993947268777445,"Below 0"
1281,"Generated",-1.46347307826559,-2.28005188926019,-0.696881897868002,"d","Dirichlet","test",-0.25711275410524,0.189544467191665,"Below 0"
1282,"Generated",-1.36797722174805,-2.05431738625486,-0.652313522981458,"d","Dirichlet","test",-0.13118920039569,0.14576317704493,"Below 0"
1283,"Generated",0.0655435361944249,-0.690128539223972,0.736521871678696,"d","Dirichlet","test",0.23201120331295,0.0142761303127726,"Covers 0"
1284,"Generated",-1.63444218746769,-2.41961828716932,-0.895105270624383,"d","Dirichlet","test",-0.216980601331127,-0.0370712406109647,"Below 0"
1285,"Generated",-0.490062705361616,-1.25823961063144,0.188660164451351,"d","Dirichlet","test",0.0447992655727239,-0.376441946939969,"Covers 0"
1286,"Generated",-1.53170481908369,-2.2834747060643,-0.78461758910087,"d","Dirichlet","test",-0.190282359715888,-0.375368946667775,"Below 0"
1287,"Generated",-0.988863389508829,-1.74523447221627,-0.357173644800456,"d","Dirichlet","test",-0.158254844785153,0.0559987249461439,"Below 0"
1288,"Generated",-1.44055121969032,-2.25699500145337,-0.521939408484113,"d","Dirichlet","test",-0.237092547298295,0.0837132945968025,"Below 0"
1289,"Generated",-1.39425614645223,-2.23464178736292,-0.717403510534903,"d","Dirichlet","test",-0.285525920420011,0.18159171495559,"Below 0"
1290,"Generated",-1.44844306213308,-2.36966894031945,-0.612127834200271,"d","Dirichlet","test",-0.212550575691111,0.0420950397244116,"Below 0"
1291,"Generated",-1.32591330092405,-2.06906202282604,-0.63543149802416,"d","Dirichlet","test",-0.217680172645289,0.157868878438477,"Below 0"
1292,"Generated",-0.793542650425581,-1.5064704809454,-0.11898339311943,"d","Dirichlet","test",0.0546253051125677,0.051409988834226,"Below 0"
1,"Real",2.97776206140671,2.07812496567801,3.83071960979559,"dt","Dirichlet Tree","test",0.767616631165183,0.120971632970015,"Above 0"
2,"Real",1.41049897803222,0.80051016595869,2.04043252335619,"dt","Dirichlet Tree","test",0.0133762623334672,0.137415481792532,"Above 0"
3,"Real",4.17162196744528,3.2458721850902,4.89581128545773,"dt","Dirichlet Tree","test",-0.242009149607606,0.0619528475981439,"Above 0"
4,"Real",2.50588577803788,1.83312115256391,3.20781891343902,"dt","Dirichlet Tree","test",0.425861983522259,0.0919982695930777,"Above 0"
5,"Real",1.93858546084219,1.29580241893655,2.59146216076609,"dt","Dirichlet Tree","test",-0.177191780528294,0.267073118555143,"Above 0"
6,"Real",-0.469327431409819,-0.960551091905005,0.116777910626184,"dt","Dirichlet Tree","test",0.926582676981609,-0.00164943005854614,"Covers 0"
7,"Real",4.74843484506032,3.74778983614301,5.67036166647462,"dt","Dirichlet Tree","test",-0.0634796559304769,0.11592030462322,"Above 0"
8,"Real",2.92281911133556,2.3996253594427,3.51089087773309,"dt","Dirichlet Tree","test",0.289556703809754,-0.0460319103001726,"Above 0"
9,"Real",4.5947281220387,3.86863454788117,5.3338110934812,"dt","Dirichlet Tree","test",-0.229012257222174,0.0659651271727718,"Above 0"
10,"Real",2.58472756364027,1.87724980662691,3.1881115506932,"dt","Dirichlet Tree","test",-0.137515729633364,0.103812824044901,"Above 0"
11,"Real",2.66754274906035,2.02541894444147,3.34723523156979,"dt","Dirichlet Tree","test",-0.180779345584194,0.270106641217669,"Above 0"
12,"Real",2.5338448768919,1.83585356628278,3.26341809622211,"dt","Dirichlet Tree","test",0.223818950703304,0.137569793053351,"Above 0"
13,"Real",2.47622952941349,1.7582932373757,3.19662847513074,"dt","Dirichlet Tree","test",-0.087030007024834,0.235160950546446,"Above 0"
14,"Real",3.21378428519146,2.56832622962202,3.87700068907329,"dt","Dirichlet Tree","test",0.577899864423937,0.07030480753006,"Above 0"
15,"Real",1.60224102833919,0.981364917349288,2.38549029665418,"dt","Dirichlet Tree","test",0.397388684853254,0.0858539337721634,"Above 0"
16,"Real",2.82827494274262,2.19730972002654,3.50813707686016,"dt","Dirichlet Tree","test",-0.0520953839284648,-0.288122374493135,"Above 0"
17,"Real",4.23395047433275,3.42069165848315,4.91315128858307,"dt","Dirichlet Tree","test",-0.0964819178368273,-0.271219931775284,"Above 0"
18,"Real",3.02647563167803,2.415261167936,3.65379159903639,"dt","Dirichlet Tree","test",0.0285355248953707,-0.287889880301787,"Above 0"
19,"Real",4.72770228315195,4.02362771388174,5.46123719901571,"dt","Dirichlet Tree","test",-0.118947867551532,-0.53895864866584,"Above 0"
20,"Real",-0.512258350677578,-1.10428633420901,0.114926373222402,"dt","Dirichlet Tree","test",-0.311480778398795,-0.375992166833692,"Covers 0"
21,"Real",1.76855651065662,1.14679967801412,2.56765507145348,"dt","Dirichlet Tree","test",-0.164417421364578,0.59842666422935,"Above 0"
22,"Real",4.2652070884307,3.49743075796687,5.22239992849312,"dt","Dirichlet Tree","test",0.619266038202298,0.0350406558763905,"Above 0"
23,"Real",3.14436504738664,2.46449420659273,3.94814216782345,"dt","Dirichlet Tree","test",0.575496123302541,-0.147907659311851,"Above 0"
24,"Real",2.39812822922468,1.72150866538383,3.11644882462574,"dt","Dirichlet Tree","test",-0.160476377514838,-0.151283412332043,"Above 0"
25,"Real",2.79991850232293,2.21284239849202,3.40729768469558,"dt","Dirichlet Tree","test",0.897778049104644,0.0188311317405772,"Above 0"
26,"Real",2.84627085459069,2.21010051592283,3.56686532157536,"dt","Dirichlet Tree","test",0.432362662663323,0.145253434103296,"Above 0"
27,"Real",2.3699659095938,1.50244902772674,3.232022200652,"dt","Dirichlet Tree","test",0.299504189840947,0.175810621491582,"Above 0"
28,"Real",1.33668066248225,0.677213013111743,2.00699451707901,"dt","Dirichlet Tree","test",-0.310852778349763,-0.241575938006777,"Above 0"
29,"Real",2.75623516386727,1.9173907930317,3.47768923592369,"dt","Dirichlet Tree","test",0.0400115457052758,0.0497148104157641,"Above 0"
30,"Real",3.476200235526,2.55196952514362,4.38989886102352,"dt","Dirichlet Tree","test",-0.0794336938222897,-0.0697708600166272,"Above 0"
31,"Real",3.86415026403831,2.98595045772636,4.90502475332649,"dt","Dirichlet Tree","test",0.400461150252188,-0.342739599612957,"Above 0"
32,"Real",3.12613890593954,2.49263965825788,3.766061578275,"dt","Dirichlet Tree","test",0.69214616563027,-0.501062610262543,"Above 0"
33,"Real",2.53550153181965,1.95835453915637,3.1716435396393,"dt","Dirichlet Tree","test",0.130733675236231,0.131237659016543,"Above 0"
34,"Real",2.97831432323169,2.27718162573564,3.72474106833665,"dt","Dirichlet Tree","test",-0.281021418775287,0.0669698588748981,"Above 0"
35,"Real",3.45585307800752,2.41218391036347,4.41147169593191,"dt","Dirichlet Tree","test",-0.0931767327889255,-0.541660312064771,"Above 0"
36,"Real",3.13784997711524,2.29258734935184,3.87612156950882,"dt","Dirichlet Tree","test",0.415941487214211,-0.252970658057497,"Above 0"
37,"Real",3.09984871258564,2.37206657783104,3.90196642870817,"dt","Dirichlet Tree","test",0.369884778924186,0.00386583322226235,"Above 0"
38,"Real",1.12274220761974,0.445818275322774,1.83905417008009,"dt","Dirichlet Tree","test",-0.070049857011556,0.508573916375375,"Above 0"
39,"Real",4.28190467758266,3.56506499782213,5.14926256320528,"dt","Dirichlet Tree","test",0.25301600217136,0.182567553926082,"Above 0"
40,"Real",1.54955534054124,0.867995588392262,2.22924925338516,"dt","Dirichlet Tree","test",-0.066548098455491,0.0351250460691995,"Above 0"
41,"Real",3.68280148047659,2.84831908451617,4.49920344053076,"dt","Dirichlet Tree","test",0.171472994348095,0.0406108008230085,"Above 0"
42,"Real",4.74519323859845,4.01302064337428,5.45113253921441,"dt","Dirichlet Tree","test",-0.122125422945752,0.240512349565597,"Above 0"
43,"Real",-1.00441719276921,-1.50454679679734,-0.399033944172676,"dt","Dirichlet Tree","test",-0.152984319484451,0.214429975503697,"Below 0"
44,"Real",3.19494751151831,2.27595962266229,4.2854917412082,"dt","Dirichlet Tree","test",0.280920126501536,-0.10866743180978,"Above 0"
45,"Real",3.77817703117247,2.96792998477848,4.6026192359024,"dt","Dirichlet Tree","test",0.532433287976756,-0.107369431258991,"Above 0"
46,"Real",4.12563409720401,3.39248665424002,4.88638411387135,"dt","Dirichlet Tree","test",0.0348256573169113,0.0925636662067072,"Above 0"
47,"Real",-0.193913644699438,-0.879798199022658,0.476507093065487,"dt","Dirichlet Tree","test",0.0854158164653809,-0.191502592321154,"Covers 0"
48,"Real",5.07162334238036,4.38918680457417,5.77414296035698,"dt","Dirichlet Tree","test",-0.182304518638182,0.103343456835755,"Above 0"
49,"Real",2.44090775791284,1.77246992741645,3.14523955920692,"dt","Dirichlet Tree","test",-0.10314670690807,0.163828303189162,"Above 0"
50,"Real",4.06621752905616,3.26735466011407,5.15995900003048,"dt","Dirichlet Tree","test",0.151578883966665,0.148222774197795,"Above 0"
51,"Real",-0.528826197538801,-1.05726818921371,0.0351491744998077,"dt","Dirichlet Tree","test",-0.399197568266403,-0.625659698087196,"Covers 0"
52,"Real",2.02014069374566,1.22620289367723,2.94114600236374,"dt","Dirichlet Tree","test",0.357150172451787,-0.0297732572991016,"Above 0"
53,"Real",4.1430667863899,3.42188878673764,4.82795524808714,"dt","Dirichlet Tree","test",-0.0864155470639461,-0.0636129438826527,"Above 0"
54,"Real",3.54411750172665,2.80700728317874,4.18963168191604,"dt","Dirichlet Tree","test",0.587176002769487,-0.243557437482767,"Above 0"
55,"Real",2.50825798140674,1.8157972705005,3.32581415972694,"dt","Dirichlet Tree","test",-0.279870952775567,-0.199660297589731,"Above 0"
56,"Real",4.9539633871026,4.29244253058163,5.63255342146095,"dt","Dirichlet Tree","test",0.61072251716471,0.0740770481435399,"Above 0"
57,"Real",2.00467930776569,1.11597682701674,2.89655882763559,"dt","Dirichlet Tree","test",-0.138282789006526,0.174294927292326,"Above 0"
58,"Real",4.30396352489841,3.56761152595565,5.27351174131131,"dt","Dirichlet Tree","test",0.263889696842465,-0.314476743058828,"Above 0"
59,"Real",4.77854739425151,3.92638459556412,5.61891469428817,"dt","Dirichlet Tree","test",0.282554008995142,-0.13861748835657,"Above 0"
60,"Real",2.78673540958883,2.00071788191286,3.67458673446541,"dt","Dirichlet Tree","test",-0.284850586368806,-0.233504023097289,"Above 0"
61,"Real",4.48555851767044,3.61037055202887,5.3604484423864,"dt","Dirichlet Tree","test",-0.15312317654389,0.110180396009803,"Above 0"
62,"Real",4.75545066627455,3.96634289505947,5.5145639204606,"dt","Dirichlet Tree","test",0.724999532902197,-0.0799690856668644,"Above 0"
63,"Real",4.4897453743,3.73752701622945,5.28175408397375,"dt","Dirichlet Tree","test",0.171484756414041,0.0556706686672906,"Above 0"
64,"Real",3.667931563414,2.98306142193044,4.37586202077483,"dt","Dirichlet Tree","test",0.277238286010814,-0.0183515205488376,"Above 0"
65,"Real",1.58036854033429,0.831061350796467,2.26046550416008,"dt","Dirichlet Tree","test",0.207521598457948,0.0701862324852971,"Above 0"
66,"Real",4.3156535581174,3.68222174046434,5.05615680339213,"dt","Dirichlet Tree","test",0.178626999714736,-0.288282339007082,"Above 0"
67,"Real",3.52462123453116,2.6619024218667,4.42838670207629,"dt","Dirichlet Tree","test",0.0702403836323924,0.0308930527567699,"Above 0"
68,"Real",2.96689697197853,2.36764113745651,3.5553024187648,"dt","Dirichlet Tree","test",0.542779171050014,-0.0982417691272692,"Above 0"
69,"Real",3.60543117320952,2.64955906404455,4.41723851257145,"dt","Dirichlet Tree","test",0.0198087899322788,0.218655452220089,"Above 0"
70,"Real",4.24471700039111,3.56858933909262,4.96683820602482,"dt","Dirichlet Tree","test",0.204290127465311,0.0996491538436716,"Above 0"
71,"Real",1.30075416777578,0.710648255884777,1.90451741626547,"dt","Dirichlet Tree","test",-0.146644703541144,0.443578676422278,"Above 0"
72,"Real",2.36851202550286,1.70435272748638,2.99807251036757,"dt","Dirichlet Tree","test",0.0807188751988228,0.282273557715773,"Above 0"
73,"Real",3.56571744597977,2.85068112955424,4.26502004093063,"dt","Dirichlet Tree","test",0.014174688060874,0.103344167732073,"Above 0"
74,"Real",-0.320956919126158,-0.810539674203561,0.295073689937298,"dt","Dirichlet Tree","test",-0.405454542703267,-0.713077893735835,"Covers 0"
75,"Real",3.42094267761359,2.62851493557941,4.17931820806737,"dt","Dirichlet Tree","test",0.589693619749574,0.140172979569601,"Above 0"
76,"Real",2.80086609514331,2.09547786991024,3.57354746654428,"dt","Dirichlet Tree","test",-0.250388963910986,0.255176791278132,"Above 0"
77,"Real",3.79201885646951,3.06500962964638,4.77347772875151,"dt","Dirichlet Tree","test",0.0102613840501534,-0.609681484794339,"Above 0"
78,"Real",-0.0484430960339452,-0.670642325887246,0.516245090234197,"dt","Dirichlet Tree","test",-0.276885585585783,-0.103997374436489,"Covers 0"
79,"Real",2.37239633335649,1.68775136456736,3.19522562427031,"dt","Dirichlet Tree","test",0.257475104495354,0.0837799450575904,"Above 0"
80,"Real",3.8576690543882,3.19164316679752,4.54603007629041,"dt","Dirichlet Tree","test",0.176692238722167,-0.31419537943123,"Above 0"
81,"Real",2.597261587991,1.97935754953198,3.22940914864815,"dt","Dirichlet Tree","test",0.784679842992414,-0.00332673432475237,"Above 0"
82,"Real",2.33172811913112,1.55192469078741,3.20344879329375,"dt","Dirichlet Tree","test",0.0493391541726254,0.098678553872679,"Above 0"
83,"Real",4.59985272718198,3.55509376714129,5.56700487049384,"dt","Dirichlet Tree","test",-0.188453586423768,-0.252272876365259,"Above 0"
84,"Real",4.20702694312947,3.5345077795808,4.86089157530348,"dt","Dirichlet Tree","test",0.281606556048702,0.337432975128192,"Above 0"
85,"Real",2.58431717566225,1.90657446485245,3.34356841400125,"dt","Dirichlet Tree","test",-0.194897305232505,0.51017073350782,"Above 0"
86,"Real",5.03830270357612,4.289804149188,5.81172043709809,"dt","Dirichlet Tree","test",0.585092489415574,0.246732895023184,"Above 0"
87,"Real",-0.261658679762547,-0.809577727055283,0.349059641086644,"dt","Dirichlet Tree","test",-0.133411857105522,0.220883555973411,"Covers 0"
88,"Real",3.23475129627166,2.55733155864881,3.92680116769564,"dt","Dirichlet Tree","test",0.412997856790743,0.0467061544272054,"Above 0"
89,"Real",-0.906049980981074,-1.55320516528709,-0.241657157238438,"dt","Dirichlet Tree","test",-0.246505821483444,0.00148818800902288,"Below 0"
90,"Real",3.68726932775227,2.98310300123131,4.42252005636015,"dt","Dirichlet Tree","test",-0.0745402336416224,0.39771992714046,"Above 0"
91,"Real",2.5049408048155,1.70840248300442,3.32613234830553,"dt","Dirichlet Tree","test",0.0230062898330091,-0.0746449901918119,"Above 0"
92,"Real",3.95086693935207,3.2242293925536,4.66089300021877,"dt","Dirichlet Tree","test",-0.159773674874293,0.498482496483273,"Above 0"
93,"Real",3.78522247473846,3.06397071646698,4.50242687187222,"dt","Dirichlet Tree","test",-0.0856313324133561,0.340434743948373,"Above 0"
94,"Real",0.774238317763922,0.00513128498842662,1.51689256201958,"dt","Dirichlet Tree","test",-0.217606251060525,0.0137230590554551,"Above 0"
95,"Real",-0.761593292221435,-1.30096357140286,-0.195241003682526,"dt","Dirichlet Tree","test",-0.270675735189909,-0.0631312839902695,"Below 0"
96,"Real",1.43654178960996,0.709263996561344,2.05763332005915,"dt","Dirichlet Tree","test",-0.0676487135836071,0.210503537663844,"Above 0"
97,"Real",2.87072862463388,2.1582727219833,3.69093624637264,"dt","Dirichlet Tree","test",0.446035207077132,-0.020217359682509,"Above 0"
98,"Real",-0.225845415350106,-0.793505773523157,0.498943684259839,"dt","Dirichlet Tree","test",-0.175660091752273,0.180133632805761,"Covers 0"
99,"Real",2.67320669760905,2.075852384832,3.28279685825665,"dt","Dirichlet Tree","test",0.671474976393672,-0.04841240083631,"Above 0"
100,"Real",2.43231043476302,1.78691428161123,3.19686052613822,"dt","Dirichlet Tree","test",-0.187563672468858,-0.0197866755563349,"Above 0"
101,"Real",3.17681081852371,2.4894833131735,4.00180673693911,"dt","Dirichlet Tree","test",0.398148537184525,0.065088734475057,"Above 0"
102,"Real",2.25375893100409,1.5679906482519,3.05609711093374,"dt","Dirichlet Tree","test",-0.0905626830408998,-0.12511235231658,"Above 0"
103,"Real",2.19381722243896,1.48544644720554,2.88678099485856,"dt","Dirichlet Tree","test",-0.139983897639134,0.388138270301545,"Above 0"
104,"Real",3.4728722513088,2.75405239514811,4.20678271040632,"dt","Dirichlet Tree","test",0.296454339187166,0.0890048989726529,"Above 0"
105,"Real",2.60547306197513,1.62693785460906,3.60959270069428,"dt","Dirichlet Tree","test",-0.199047899784342,-0.152635889624546,"Above 0"
106,"Real",2.65898382362145,1.77291085170219,3.48459290058498,"dt","Dirichlet Tree","test",0.373406506534331,0.0703467346283442,"Above 0"
107,"Real",3.08089413759648,2.26858172229082,3.81833878998908,"dt","Dirichlet Tree","test",-0.17965185491955,0.343905720238801,"Above 0"
108,"Real",-0.0485581468472636,-0.620686093647403,0.540556254444271,"dt","Dirichlet Tree","test",0.929527586870738,0.0322506665574565,"Covers 0"
109,"Real",4.20673218550967,3.4499470416697,5.11464273509935,"dt","Dirichlet Tree","test",0.483388396136462,0.02486586155393,"Above 0"
110,"Real",4.31762811912573,3.59309248886775,4.98694532270058,"dt","Dirichlet Tree","test",0.281054058964164,-0.258690811956427,"Above 0"
111,"Real",4.48093856663955,3.72629445538507,5.22941399405587,"dt","Dirichlet Tree","test",-0.155393210874043,0.45029082367433,"Above 0"
112,"Real",3.89004546294332,3.09724365381303,4.82678908947239,"dt","Dirichlet Tree","test",0.350136355551692,-0.308263385242767,"Above 0"
113,"Real",2.12945702744761,1.58619197154536,2.73193793431001,"dt","Dirichlet Tree","test",0.0620517599336796,0.0256303514179902,"Above 0"
114,"Real",4.93105575985954,3.99622681445955,5.81199102137721,"dt","Dirichlet Tree","test",-0.169030400410347,-0.492545735112603,"Above 0"
115,"Real",2.7840435315811,1.99882290578884,3.66653834005016,"dt","Dirichlet Tree","test",-0.226603902223631,0.0504715879291886,"Above 0"
116,"Real",4.35345751839332,3.50876936553282,5.12570957906508,"dt","Dirichlet Tree","test",0.177826551788915,0.0449241862751898,"Above 0"
117,"Real",1.34142657021715,0.721155849030719,1.97641121675995,"dt","Dirichlet Tree","test",0.874733386285631,0.21205163182321,"Above 0"
118,"Real",4.5834818356368,3.54453386068092,5.49369839746589,"dt","Dirichlet Tree","test",-0.103200621798999,-0.637383474943584,"Above 0"
119,"Real",-0.51732167491821,-1.1063129003567,0.0610698870957336,"dt","Dirichlet Tree","test",-0.341620965500805,-0.176039664553942,"Covers 0"
120,"Real",4.46503073094504,3.70315130874882,5.21539284524369,"dt","Dirichlet Tree","test",-0.146520681921836,0.550759857866435,"Above 0"
121,"Real",2.85148221828997,1.97493119038313,3.64105004529973,"dt","Dirichlet Tree","test",0.213007313864042,0.140330423110033,"Above 0"
122,"Real",4.13799706146153,3.53601055593747,4.7752953617092,"dt","Dirichlet Tree","test",-0.0445319950046506,0.516132625141245,"Above 0"
123,"Real",1.88062697882839,1.16078080083106,2.67239453510552,"dt","Dirichlet Tree","test",-0.167752044845856,-0.130162237917553,"Above 0"
124,"Real",3.84065678609071,3.08745775399153,4.51752038338257,"dt","Dirichlet Tree","test",0.505169527378197,-0.389921844095508,"Above 0"
125,"Real",-0.714360147914382,-1.20538849275965,-0.137382097808089,"dt","Dirichlet Tree","test",-0.149562037475277,0.225819978178076,"Below 0"
126,"Real",3.98999171607697,3.26333425663206,4.6591075830247,"dt","Dirichlet Tree","test",0.121363181328035,-0.0942833203406843,"Above 0"
127,"Real",3.98240772122669,3.28135165137239,4.67611688752768,"dt","Dirichlet Tree","test",0.383545464965152,-0.350813099077796,"Above 0"
128,"Real",2.89792903831001,2.15762242092551,3.67591819418158,"dt","Dirichlet Tree","test",-0.152435787124378,0.311864547670951,"Above 0"
129,"Real",5.04309794936776,4.29504980827204,5.78359795516246,"dt","Dirichlet Tree","test",0.677260766956533,0.108274689637952,"Above 0"
130,"Real",2.65761182456623,1.91382709087673,3.38818791676948,"dt","Dirichlet Tree","test",0.258914375979471,-0.416656032412608,"Above 0"
131,"Real",3.34072489228041,2.4906252920348,4.16339403911147,"dt","Dirichlet Tree","test",0.686120006353943,-0.0657499123228047,"Above 0"
132,"Real",4.87356992537199,4.0227420407562,5.7570797333969,"dt","Dirichlet Tree","test",0.751390526061481,-0.0316182123985086,"Above 0"
133,"Real",4.24956378974031,3.52959450232267,4.95402202015188,"dt","Dirichlet Tree","test",0.0973658024155821,0.335476937635888,"Above 0"
134,"Real",3.23296829386348,2.56345197834553,4.01398648924993,"dt","Dirichlet Tree","test",-0.0775271038384219,-0.304014931538886,"Above 0"
135,"Real",3.65049772896892,2.78095495666244,4.47700901797555,"dt","Dirichlet Tree","test",-0.0921407571973623,0.328073839323679,"Above 0"
136,"Real",2.47714373999622,1.69717318047403,3.31223747873594,"dt","Dirichlet Tree","test",0.168263020574327,-0.547151529035628,"Above 0"
137,"Real",3.20963462134791,2.54122706350821,3.9058487568338,"dt","Dirichlet Tree","test",0.0882850473195311,-0.0211731244743023,"Above 0"
138,"Real",2.86212121485052,2.23113619068787,3.5437208026711,"dt","Dirichlet Tree","test",-0.141301736289735,0.0397477479314658,"Above 0"
139,"Real",3.75806620948342,3.08869690995644,4.37125830479347,"dt","Dirichlet Tree","test",0.63609968726611,-0.296718351156863,"Above 0"
140,"Real",4.79237688529938,4.03982614928396,5.62479464390799,"dt","Dirichlet Tree","test",0.159677262045087,0.261013930917136,"Above 0"
141,"Real",2.46561324423636,1.78234683157877,3.19507801125217,"dt","Dirichlet Tree","test",-0.306754155400468,-0.110480226793838,"Above 0"
142,"Real",2.91170520922954,2.23557951983611,3.62442072138319,"dt","Dirichlet Tree","test",-0.0520443451659194,0.480819070773945,"Above 0"
143,"Real",3.24346324696103,2.6038931352094,3.93090118455176,"dt","Dirichlet Tree","test",0.348913850341054,-0.452751047064507,"Above 0"
144,"Real",0.0650823024933115,-0.586438921978437,0.737293068009406,"dt","Dirichlet Tree","test",-0.427143309957975,-0.707445730287009,"Covers 0"
145,"Real",4.82282536864927,3.96001538472742,5.78409123292074,"dt","Dirichlet Tree","test",0.593516831269503,0.125708309287751,"Above 0"
146,"Real",2.34843601263193,1.59096996798693,3.07985615732948,"dt","Dirichlet Tree","test",0.541417781316547,0.0326021251368269,"Above 0"
147,"Real",3.70158573929724,2.78565677143164,4.78345382605409,"dt","Dirichlet Tree","test",0.662598441363767,0.0147605110163841,"Above 0"
148,"Real",1.52904549336776,0.890059278399495,2.34301130976708,"dt","Dirichlet Tree","test",0.707537198870903,0.0615539101714902,"Above 0"
149,"Real",4.13244381389741,3.33427180335697,4.8903013315224,"dt","Dirichlet Tree","test",0.226626859781018,-0.485141419574252,"Above 0"
150,"Real",-8.45525477926712e-05,-0.566293106563451,0.569808738429388,"dt","Dirichlet Tree","test",-0.411829590335927,-0.628689468226782,"Covers 0"
151,"Real",3.14567528277436,2.30455871645076,3.94616016070493,"dt","Dirichlet Tree","test",-0.179234909853296,0.228581509811011,"Above 0"
152,"Real",4.10065112503044,3.38027331562159,5.02205230038788,"dt","Dirichlet Tree","test",0.685396842771112,0.127640445433533,"Above 0"
153,"Real",3.04126841101144,2.4151622513314,3.7456293980673,"dt","Dirichlet Tree","test",-0.0482521586881748,-0.239069898091976,"Above 0"
154,"Real",-0.238069116402083,-0.786450694710611,0.3900828228105,"dt","Dirichlet Tree","test",-0.334256770835578,-0.423689158730229,"Covers 0"
155,"Real",3.91462123322081,3.22649646800365,4.59335226517601,"dt","Dirichlet Tree","test",0.107891142759995,0.0863553642209262,"Above 0"
156,"Real",0.483394809250234,-0.0598082385742576,1.01075066981894,"dt","Dirichlet Tree","test",0.747933754839469,-0.0613582866181074,"Covers 0"
157,"Real",2.1716030466554,1.62261938199626,2.75570268466811,"dt","Dirichlet Tree","test",0.430893098122491,0.234215254525493,"Above 0"
158,"Real",3.62407736286674,2.95611034359069,4.41540043408119,"dt","Dirichlet Tree","test",0.142587760543687,0.170973055865714,"Above 0"
159,"Real",3.03761588211764,2.16908554504804,3.92086555232445,"dt","Dirichlet Tree","test",-0.160036551691541,0.313158750980526,"Above 0"
160,"Real",3.97213112804721,3.28784597086259,4.62506183791501,"dt","Dirichlet Tree","test",0.370913414365053,-0.177482686890042,"Above 0"
161,"Real",3.69669312187477,3.02372790491324,4.35243423916944,"dt","Dirichlet Tree","test",0.0830054276681068,-0.659714860975316,"Above 0"
162,"Real",2.88849756001005,2.15953322979702,3.66767033084696,"dt","Dirichlet Tree","test",-0.00961742973235907,-0.200903858224296,"Above 0"
163,"Real",3.45979862745256,2.74561573491758,4.27654276760756,"dt","Dirichlet Tree","test",0.537488361130946,0.126906146973511,"Above 0"
164,"Real",2.8816326864653,2.10618985837017,3.70028584287489,"dt","Dirichlet Tree","test",-0.34028100284313,-0.265242843612059,"Above 0"
165,"Real",2.68316162355865,1.96267557260255,3.39763779632871,"dt","Dirichlet Tree","test",0.77477923794217,0.0380959160433368,"Above 0"
166,"Real",4.27732026967706,3.65976502749641,4.95363848458869,"dt","Dirichlet Tree","test",0.610417114087795,-0.0443841024553085,"Above 0"
167,"Real",3.24175455332607,2.61698167903135,3.8794120465725,"dt","Dirichlet Tree","test",0.314075932187822,-0.348093115005901,"Above 0"
168,"Real",3.36035988621906,2.66513805513919,4.13146603354054,"dt","Dirichlet Tree","test",0.000765030860406315,0.196841408048917,"Above 0"
169,"Real",4.00283527545527,3.33322750911346,4.6462912204278,"dt","Dirichlet Tree","test",0.475997817062078,0.181877949442372,"Above 0"
170,"Real",1.8096347530999,1.11992947427648,2.59840261159935,"dt","Dirichlet Tree","test",0.612392680790298,0.0393841239004657,"Above 0"
171,"Real",2.59603660522874,1.83654661941062,3.47255863499192,"dt","Dirichlet Tree","test",0.0381108702700492,0.162105587097129,"Above 0"
172,"Real",2.73608442339221,2.11455221102045,3.39573249467545,"dt","Dirichlet Tree","test",0.457969809212183,-0.163812717200003,"Above 0"
173,"Real",-0.138938656500755,-0.721688214032506,0.401028611296201,"dt","Dirichlet Tree","test",0.760978551614298,-0.0975432065495713,"Covers 0"
174,"Real",2.20945183180602,1.41825687275283,2.9968460041224,"dt","Dirichlet Tree","test",-0.0677141254877497,-0.237387581270282,"Above 0"
175,"Real",-0.328440042775548,-1.05005587889821,0.345397549111416,"dt","Dirichlet Tree","test",-0.173201790639086,0.269546462116454,"Covers 0"
176,"Real",3.33219044173192,2.53589051873934,4.06980671554651,"dt","Dirichlet Tree","test",-0.12113097740348,0.319207941102857,"Above 0"
177,"Real",2.10842250626204,1.46422578325515,2.88201709819132,"dt","Dirichlet Tree","test",-0.221379989458029,0.104912778887114,"Above 0"
178,"Real",3.29321111953283,2.63208687070434,3.9258282239682,"dt","Dirichlet Tree","test",0.19403141729948,-0.439020480938595,"Above 0"
179,"Real",-0.493222767272627,-0.969975592060548,0.121798450391435,"dt","Dirichlet Tree","test",-0.377674799680409,-0.505868853255686,"Covers 0"
180,"Real",5.06328410233695,4.40789543714168,5.76301221175103,"dt","Dirichlet Tree","test",-0.194970734015038,0.215202061657241,"Above 0"
181,"Real",3.59420445130061,2.76683544094488,4.48640025815643,"dt","Dirichlet Tree","test",0.32996735589657,-0.367056556707528,"Above 0"
182,"Real",5.0413268540863,4.22571800406353,6.02807590168108,"dt","Dirichlet Tree","test",0.0984519799448063,-0.47557235702791,"Above 0"
183,"Real",4.61939233568795,3.99233097899274,5.27351207369679,"dt","Dirichlet Tree","test",0.117325844554463,0.274432710195273,"Above 0"
184,"Real",2.77683231710831,2.05735319012618,3.68029394785676,"dt","Dirichlet Tree","test",-0.167597316719056,0.0882366511712089,"Above 0"
185,"Real",-1.16604909279932,-1.79113368512286,-0.510135471872402,"dt","Dirichlet Tree","test",-0.260292403137198,-0.0326000227361328,"Below 0"
186,"Real",3.91606372027083,3.19050070757609,4.61599175816523,"dt","Dirichlet Tree","test",0.152225602559191,0.409992701784415,"Above 0"
187,"Real",2.61339882449488,1.92354429832706,3.28879306825968,"dt","Dirichlet Tree","test",-0.0366617282452352,-0.390809984733755,"Above 0"
188,"Real",-0.695422119855235,-1.18480410740092,-0.0940316983723928,"dt","Dirichlet Tree","test",-0.148356074412328,0.228733788605581,"Below 0"
189,"Real",2.17912484800226,1.38600827555016,2.98409502283009,"dt","Dirichlet Tree","test",0.313399239412987,-0.0593344807717021,"Above 0"
190,"Real",4.12678199980845,3.39116479193904,4.86553044794063,"dt","Dirichlet Tree","test",0.043271289670544,-0.150757956457164,"Above 0"
191,"Real",-0.207497103249573,-0.776306983182566,0.40092768431336,"dt","Dirichlet Tree","test",-0.396375877765722,-0.643313759975195,"Covers 0"
192,"Real",3.99515353279655,3.25845767607227,4.81373042772058,"dt","Dirichlet Tree","test",-0.181821696450925,0.251148654999899,"Above 0"
193,"Real",-1.11479986072318,-1.6275668776426,-0.592762409266104,"dt","Dirichlet Tree","test",-0.191099052756095,0.246017644267721,"Below 0"
194,"Real",3.51991605706069,2.7992226864861,4.29029828743489,"dt","Dirichlet Tree","test",-0.189454042145538,-0.428600953338754,"Above 0"
195,"Real",0.241781227531666,-0.288151225952856,0.776401122163008,"dt","Dirichlet Tree","test",0.0288825173060636,-0.487865754259574,"Covers 0"
196,"Real",3.27943932219701,2.65145881060755,3.98053206523175,"dt","Dirichlet Tree","test",-0.0847504660408148,0.430182941705915,"Above 0"
197,"Real",4.55029306043672,3.7872790217379,5.25001753832628,"dt","Dirichlet Tree","test",0.583795507944404,0.110032336594838,"Above 0"
198,"Real",1.50034417975553,0.824039968850839,2.1557955007478,"dt","Dirichlet Tree","test",-0.0138706974363531,0.0323895682843938,"Above 0"
199,"Real",3.15867871210238,2.37820123168123,3.89649700060597,"dt","Dirichlet Tree","test",-0.114239525548717,-0.0808251594899306,"Above 0"
200,"Real",2.70995689495989,2.00193615402925,3.66978068278756,"dt","Dirichlet Tree","test",-0.0584371932689473,0.453754826775403,"Above 0"
201,"Real",2.38625363790288,1.7681326634691,3.03389845844569,"dt","Dirichlet Tree","test",0.113301473523003,0.240976463178423,"Above 0"
202,"Real",4.75440596565727,3.83699330238634,5.71192738548802,"dt","Dirichlet Tree","test",0.215451367969275,0.234649298934652,"Above 0"
203,"Real",1.30309706923398,0.445942137675121,2.24342415269596,"dt","Dirichlet Tree","test",-0.216557070949398,-0.142704092875332,"Above 0"
204,"Real",4.65248154914972,3.96624615845285,5.47570097400384,"dt","Dirichlet Tree","test",0.561337163064046,-0.25812212118992,"Above 0"
205,"Real",1.68123879358919,0.786738384552529,2.53476023221135,"dt","Dirichlet Tree","test",-0.137732668854019,0.238074893472942,"Above 0"
206,"Real",4.26481423586881,3.446275405121,5.07887531085246,"dt","Dirichlet Tree","test",0.255811071471153,0.0519854866325023,"Above 0"
207,"Real",4.74266974182146,3.97613376347523,5.53664782705302,"dt","Dirichlet Tree","test",0.566660528342119,-0.382943970293067,"Above 0"
208,"Real",2.2087105233144,1.62447779530435,2.86767579449999,"dt","Dirichlet Tree","test",-0.122253420455037,-0.21622388771908,"Above 0"
209,"Real",2.12852759171254,1.30530319653318,2.92233833111071,"dt","Dirichlet Tree","test",-0.141012588349608,-0.349544349599203,"Above 0"
210,"Real",0.729083136057242,-0.157530947870613,1.50200188286285,"dt","Dirichlet Tree","test",-0.244315286597461,-0.0347977310776171,"Covers 0"
211,"Real",3.91327880032095,3.22108347082153,4.56573851661772,"dt","Dirichlet Tree","test",0.373997135295905,0.148238564749336,"Above 0"
212,"Real",3.79407665544228,2.87083000372654,4.73063095627767,"dt","Dirichlet Tree","test",-0.168083022850754,-0.371169136624087,"Above 0"
213,"Real",3.85243309039326,3.14665939249385,4.53293920050681,"dt","Dirichlet Tree","test",0.447720023292396,0.263258217096813,"Above 0"
214,"Real",3.10788502359696,2.46968934532457,3.70766615795506,"dt","Dirichlet Tree","test",-0.111642926040413,0.622544328746847,"Above 0"
215,"Real",4.2694277525309,3.68144883899785,4.87577124918665,"dt","Dirichlet Tree","test",0.632162220232631,-0.0487445651830581,"Above 0"
216,"Real",3.24686947456057,2.606626563027,3.88847027424992,"dt","Dirichlet Tree","test",0.478060534301199,-0.356226784576734,"Above 0"
217,"Real",1.96410280645329,1.12775237050251,2.7826676991338,"dt","Dirichlet Tree","test",-0.180356588124489,0.220473300076772,"Above 0"
218,"Real",2.78250065323687,1.92520471508506,3.54885902559563,"dt","Dirichlet Tree","test",0.0393356076583029,0.0544216029232993,"Above 0"
219,"Real",4.49110246087152,3.67509946300889,5.32122072586812,"dt","Dirichlet Tree","test",0.340259619753714,0.00526078741425606,"Above 0"
220,"Real",2.6599585159891,1.51726495823516,3.69385476441778,"dt","Dirichlet Tree","test",-0.147784594845983,0.181189259920886,"Above 0"
221,"Real",2.16070273068236,1.45173880241829,2.92590679033033,"dt","Dirichlet Tree","test",0.556351042513919,-0.243026981275327,"Above 0"
222,"Real",-0.355647228889743,-0.873277780664525,0.211669232383568,"dt","Dirichlet Tree","test",-0.0724973365074783,0.138331934132775,"Covers 0"
223,"Real",2.85622600518106,2.21451578028002,3.5031278524463,"dt","Dirichlet Tree","test",0.543677158033496,0.0447029751752818,"Above 0"
224,"Real",1.27521639664341,0.599118060945953,1.99262781230709,"dt","Dirichlet Tree","test",-0.229946969594201,0.0859021651250362,"Above 0"
225,"Real",2.1662535404071,1.4366023944002,2.92687225427908,"dt","Dirichlet Tree","test",0.0648184459160716,-0.470991686494897,"Above 0"
226,"Real",4.11327243585829,3.2998657861059,5.00283842868192,"dt","Dirichlet Tree","test",0.354391054363786,-0.29707821271808,"Above 0"
227,"Real",3.7160703947793,3.1397065552287,4.37210300859547,"dt","Dirichlet Tree","test",0.552654593173825,0.170893619067872,"Above 0"
228,"Real",4.56461945113404,3.78096878156453,5.32153700365844,"dt","Dirichlet Tree","test",0.0813280962912585,-0.0551646568235252,"Above 0"
229,"Real",4.24260784857829,3.57669432025616,4.96164076740003,"dt","Dirichlet Tree","test",0.633126737332876,-0.199266372900364,"Above 0"
230,"Real",3.46440732643946,2.68279341049917,4.16562328948124,"dt","Dirichlet Tree","test",0.834573993936515,-0.0762547858953723,"Above 0"
231,"Real",1.36112340504479,0.683852588464604,2.29304454028803,"dt","Dirichlet Tree","test",0.251524855891251,0.0694682778900242,"Above 0"
232,"Real",4.91812460297026,4.03846805517214,5.80390057308942,"dt","Dirichlet Tree","test",0.60459989130973,0.249684765406317,"Above 0"
233,"Real",4.63944603447029,4.01639579102061,5.34485949006048,"dt","Dirichlet Tree","test",0.454600370618029,0.317316509120513,"Above 0"
234,"Real",2.91041625407589,2.11087061085266,3.66082947699141,"dt","Dirichlet Tree","test",-0.0561757585458686,-0.103150685712672,"Above 0"
235,"Real",3.5547487923771,2.79077836393034,4.37575978139935,"dt","Dirichlet Tree","test",0.354380087822897,-0.0541232577732351,"Above 0"
236,"Real",2.93893313756473,2.25724862616304,3.68369127726128,"dt","Dirichlet Tree","test",0.163450092486289,-0.532354214748753,"Above 0"
237,"Real",2.63957166413391,1.92807914990896,3.39939310845284,"dt","Dirichlet Tree","test",0.348453953026365,-0.142422156524596,"Above 0"
238,"Real",2.4441997681499,1.50557495327762,3.33201725590103,"dt","Dirichlet Tree","test",0.324115661669556,0.18023517494805,"Above 0"
239,"Real",2.54772176474494,1.87677657303865,3.26855130879632,"dt","Dirichlet Tree","test",-0.0958043957790073,-0.0440416611738646,"Above 0"
240,"Real",2.46693396359984,1.87117362672652,3.07714355866265,"dt","Dirichlet Tree","test",0.588593757770192,0.230535301717171,"Above 0"
241,"Real",2.82877225572787,2.17730513186884,3.48174488563189,"dt","Dirichlet Tree","test",0.230536215062601,0.0196515602543635,"Above 0"
242,"Real",1.61653406677681,0.843039392668784,2.307408173832,"dt","Dirichlet Tree","test",0.813624763615622,0.187428067479288,"Above 0"
243,"Real",2.55723502975093,1.79932070058942,3.28031587058638,"dt","Dirichlet Tree","test",0.437626571953115,0.307102080430627,"Above 0"
244,"Real",4.42273979762916,3.63542899428379,5.18399350852205,"dt","Dirichlet Tree","test",-0.0585748258448923,-0.320326657547412,"Above 0"
245,"Real",4.12802075079037,3.44857072864132,4.80953374396068,"dt","Dirichlet Tree","test",0.124911648062064,-0.0370258408712354,"Above 0"
246,"Real",4.44100581072165,3.75176294418754,5.2686173270641,"dt","Dirichlet Tree","test",0.526952482256023,0.0386897522786584,"Above 0"
247,"Real",2.81555697830658,2.11480120088122,3.60604497467434,"dt","Dirichlet Tree","test",0.243127529505491,-0.0615314549398628,"Above 0"
248,"Real",3.64110405380452,2.80857188431965,4.46731182347663,"dt","Dirichlet Tree","test",-0.159909872570597,0.246563377431174,"Above 0"
249,"Real",2.92126057604126,2.31293842988722,3.59861379733806,"dt","Dirichlet Tree","test",-0.228320781582404,0.102276645487552,"Above 0"
250,"Real",3.72780220135859,3.04484967986447,4.47478361040624,"dt","Dirichlet Tree","test",-0.114771557974512,-0.408521346315089,"Above 0"
251,"Real",2.31529978337854,1.55393204114991,2.99407656621772,"dt","Dirichlet Tree","test",0.715328612352714,0.0378564519687621,"Above 0"
252,"Real",4.04259427787516,3.51316300544234,4.63819471211843,"dt","Dirichlet Tree","test",0.657319043290469,0.190723231180913,"Above 0"
253,"Real",2.4666064306435,1.71029589347169,3.21150163277253,"dt","Dirichlet Tree","test",-0.112539882783766,0.0702334530550524,"Above 0"
254,"Real",4.27534195102907,3.35264666621576,5.16316707470851,"dt","Dirichlet Tree","test",-0.0651732877037681,0.455652515731173,"Above 0"
255,"Real",3.67686211917171,3.04542441290082,4.43820215501914,"dt","Dirichlet Tree","test",0.580081517742213,-0.147248946669671,"Above 0"
256,"Real",3.78880308791256,3.1047567413566,4.50109527438564,"dt","Dirichlet Tree","test",0.264332902945086,0.171243922629752,"Above 0"
257,"Real",2.03393295437753,1.36737775422552,2.79383009826968,"dt","Dirichlet Tree","test",0.434433465023702,-0.426784620015123,"Above 0"
258,"Real",4.80284052891208,4.18000375858492,5.43142619793875,"dt","Dirichlet Tree","test",0.761592384876648,0.160844363839352,"Above 0"
259,"Real",1.98090489162623,1.18721804462071,2.77117637901351,"dt","Dirichlet Tree","test",-0.173526902603696,-0.325630567470524,"Above 0"
260,"Real",3.56198342659666,2.84872528512497,4.27199831438432,"dt","Dirichlet Tree","test",0.0101877859853634,0.0798951096123869,"Above 0"
261,"Real",2.65670274714635,1.94366004247822,3.42856547348469,"dt","Dirichlet Tree","test",-0.120410666389931,-0.500136659616616,"Above 0"
262,"Real",4.59076125594803,3.92096473501658,5.25082174753525,"dt","Dirichlet Tree","test",0.290666158383517,-0.0867169603824189,"Above 0"
263,"Real",2.45997774217039,1.74104569138703,3.09444271183345,"dt","Dirichlet Tree","test",0.218026540514619,0.198254048083063,"Above 0"
264,"Real",0.0111788839005091,-0.535496410080664,0.618849835549749,"dt","Dirichlet Tree","test",-0.350772090078426,-0.418610873547784,"Covers 0"
265,"Real",-0.687832914652992,-1.24520884362552,-0.142627810443777,"dt","Dirichlet Tree","test",-0.238699345844654,0.191435211303991,"Below 0"
266,"Real",3.56764730456894,2.84724026865887,4.33318445647336,"dt","Dirichlet Tree","test",-0.21092402763841,-0.325562357481022,"Above 0"
267,"Real",4.4738172308414,3.49530233743775,5.36977505764519,"dt","Dirichlet Tree","test",-0.174866918752921,0.056738034787155,"Above 0"
268,"Real",-0.152266213218736,-0.708035345916215,0.515486946198539,"dt","Dirichlet Tree","test",-0.350092340655339,-0.550002085104216,"Covers 0"
269,"Real",1.80528480680605,1.11487226789913,2.44324719492567,"dt","Dirichlet Tree","test",-0.191523368794355,-0.14551200026696,"Above 0"
270,"Real",4.15851298676125,3.42495530560572,5.01412188128317,"dt","Dirichlet Tree","test",0.764481433729124,0.0599759859071731,"Above 0"
271,"Real",4.10511836617143,3.33275989461245,4.87369332826051,"dt","Dirichlet Tree","test",0.0520198352823082,-0.119554304630705,"Above 0"
272,"Real",4.43936885233463,3.76484770396568,5.08967189270085,"dt","Dirichlet Tree","test",0.283301961852018,0.191247050990777,"Above 0"
273,"Real",2.37573513123155,1.67971276521809,3.26469313689002,"dt","Dirichlet Tree","test",0.844433641106944,-0.0203797610715917,"Above 0"
274,"Real",3.37621402955497,2.34308784810637,4.49373276005901,"dt","Dirichlet Tree","test",0.412785834397111,-0.215250453916208,"Above 0"
275,"Real",4.17342334011507,3.37953377322771,5.0963269695773,"dt","Dirichlet Tree","test",0.383633376465184,0.303869989656384,"Above 0"
276,"Real",3.3971457479895,2.71882562407969,4.08775078117044,"dt","Dirichlet Tree","test",0.432729025912494,-0.0545418852872658,"Above 0"
277,"Real",3.69726788583348,2.5878953367699,4.6733909694878,"dt","Dirichlet Tree","test",-0.164670652250825,0.0927993688458945,"Above 0"
278,"Real",1.63402810450282,0.914734850865392,2.35398702937196,"dt","Dirichlet Tree","test",0.187269546618901,0.052378941066645,"Above 0"
279,"Real",1.61068150685147,0.788279836454241,2.38201779061599,"dt","Dirichlet Tree","test",-0.196458474530581,0.083366526304815,"Above 0"
280,"Real",4.27958269383069,3.42736492058319,5.10667585794343,"dt","Dirichlet Tree","test",-0.1677410488227,0.107448888845071,"Above 0"
281,"Real",3.02424250583418,2.32822394873607,3.76641619352356,"dt","Dirichlet Tree","test",0.0590522288490085,0.106687107312595,"Above 0"
282,"Real",5.26495385916286,4.39590006567464,6.29111778722275,"dt","Dirichlet Tree","test",0.552352569243459,0.0267614701896617,"Above 0"
283,"Real",0.797265508417492,0.118358231028688,1.43838639673513,"dt","Dirichlet Tree","test",-0.184215332400161,0.223227171829499,"Above 0"
284,"Real",4.13950198622115,3.2733423010168,4.95418882522688,"dt","Dirichlet Tree","test",-0.0533255655626771,0.00292775512770365,"Above 0"
285,"Real",3.47748918853208,2.70563379260183,4.19628850157077,"dt","Dirichlet Tree","test",0.343999779386297,-0.0247911198487225,"Above 0"
286,"Real",-0.163244347483524,-0.76500727158032,0.405558020985486,"dt","Dirichlet Tree","test",0.802414059251744,-0.105144734132715,"Covers 0"
287,"Real",4.72999260483584,4.11415438884737,5.40009060213125,"dt","Dirichlet Tree","test",0.497010176005559,0.168840467884815,"Above 0"
288,"Real",1.98174258393803,1.30896058104277,2.64458524296685,"dt","Dirichlet Tree","test",0.203275649659401,0.133994216618611,"Above 0"
289,"Real",0.985979446369162,0.302207210095347,1.66248711698431,"dt","Dirichlet Tree","test",-0.156779534756345,0.000718516030259182,"Above 0"
290,"Real",4.23872316405905,3.51303315220945,5.23193501922581,"dt","Dirichlet Tree","test",0.650663612797263,-0.196101927143471,"Above 0"
291,"Real",-0.320956919126158,-0.810539674203561,0.295073689937298,"dt","Dirichlet Tree","test",-0.405454542703267,-0.713077893735834,"Covers 0"
292,"Real",3.11360006724993,2.3508325847463,3.86240567313522,"dt","Dirichlet Tree","test",0.0148678918875202,-0.0436750946799082,"Above 0"
293,"Generated",-2.29044458383956,-3.10367505214903,-1.61547557620331,"dt","Dirichlet Tree","test",-0.197202075898007,0.318008543947984,"Below 0"
294,"Generated",-3.72236689686453,-4.64132900859999,-2.72042706579409,"dt","Dirichlet Tree","test",-0.135834695152663,0.0456453189427289,"Below 0"
295,"Generated",-1.29890736477775,-2.1554996270231,-0.421595725384861,"dt","Dirichlet Tree","test",-0.321792381546523,-0.112191125601067,"Below 0"
296,"Generated",-2.43191139451007,-3.09188973713178,-1.81167243231522,"dt","Dirichlet Tree","test",-0.274763153993857,-0.0657208484237615,"Below 0"
297,"Generated",-1.84473229879583,-2.52898488059559,-1.2117616593663,"dt","Dirichlet Tree","test",0.795662085506931,0.0736965003990572,"Below 0"
298,"Generated",-4.27558917565653,-5.05895875102067,-3.55857817395274,"dt","Dirichlet Tree","test",-0.267037162157831,-0.035315879832035,"Below 0"
299,"Generated",-3.97750057586346,-4.99489231527925,-3.14266904634101,"dt","Dirichlet Tree","test",-0.334435131088229,-0.397084752013377,"Below 0"
300,"Generated",-1.99731691104113,-2.70026086747715,-1.32527397123116,"dt","Dirichlet Tree","test",-0.019800638732648,-0.23057809953457,"Below 0"
301,"Generated",-1.67509383296177,-2.25024630935614,-0.986283162245419,"dt","Dirichlet Tree","test",0.896952222246204,-0.0234241964680422,"Below 0"
302,"Generated",-1.41671041379306,-2.18169169917949,-0.640489627741132,"dt","Dirichlet Tree","test",-0.182517718791634,-0.247697517113359,"Below 0"
303,"Generated",-3.61900330561229,-4.39135546057796,-2.72740309008611,"dt","Dirichlet Tree","test",-0.251879161739819,0.210478539187022,"Below 0"
304,"Generated",-1.35666955215948,-1.9760748257427,-0.769837686377127,"dt","Dirichlet Tree","test",-0.156657556405319,0.471453339424811,"Below 0"
305,"Generated",-2.18170078175952,-2.8631162627252,-1.4148477120414,"dt","Dirichlet Tree","test",-0.304208786401674,0.0747186677109272,"Below 0"
306,"Generated",-2.44231852915616,-3.2008368329447,-1.67691799995758,"dt","Dirichlet Tree","test",0.368889940804673,-0.203402069182195,"Below 0"
307,"Generated",-0.427247860598438,-1.40891386783516,0.324917877962306,"dt","Dirichlet Tree","test",-0.313799156003095,-0.0532172263447557,"Covers 0"
308,"Generated",-2.59873489006273,-3.41753182210697,-1.84744695712164,"dt","Dirichlet Tree","test",0.117646189197559,0.0736133926526979,"Below 0"
309,"Generated",-1.15774156804115,-1.97664189426743,-0.372934714930525,"dt","Dirichlet Tree","test",-0.25170101808472,0.197702895439276,"Below 0"
310,"Generated",-2.34047697426186,-3.11958454559277,-1.29873771164967,"dt","Dirichlet Tree","test",-0.387384789504067,-0.54525508510889,"Below 0"
311,"Generated",-2.1888227856556,-2.96527467728805,-1.41487432046125,"dt","Dirichlet Tree","test",-0.242219319745508,0.164270403525801,"Below 0"
312,"Generated",-2.13280407225475,-2.69778340166491,-1.62458341161225,"dt","Dirichlet Tree","test",0.868535612175601,0.00772170992152413,"Below 0"
313,"Generated",-0.656693578467603,-1.24470125839942,-0.0756372922023407,"dt","Dirichlet Tree","test",-0.229132019414611,0.315499472523731,"Below 0"
314,"Generated",-2.05443059004943,-2.75596163348885,-1.12058664262151,"dt","Dirichlet Tree","test",0.567503564142973,0.240463715619481,"Below 0"
315,"Generated",-2.43003277716094,-3.36471431387612,-1.68224059884063,"dt","Dirichlet Tree","test",0.473351287693501,0.0529103859732073,"Below 0"
316,"Generated",-1.6864058343162,-2.32498362824777,-1.06650830284698,"dt","Dirichlet Tree","test",-0.213854653556667,0.243041988679825,"Below 0"
317,"Generated",-0.685797940365148,-1.50154938996897,0.162124354758239,"dt","Dirichlet Tree","test",-0.310110961893502,0.028904187673208,"Covers 0"
318,"Generated",-1.64123037418675,-2.5228396984946,-0.949719548222695,"dt","Dirichlet Tree","test",0.716294214483632,-0.0892509950565912,"Below 0"
319,"Generated",-3.31071220544695,-4.07687484946628,-2.57817940947792,"dt","Dirichlet Tree","test",0.0975257542127469,-0.276056830825699,"Below 0"
320,"Generated",-0.621802505479411,-1.27663091204924,0.0412548806063672,"dt","Dirichlet Tree","test",-0.163958527941872,0.386403927623114,"Covers 0"
321,"Generated",-2.81753025789356,-3.58657239176723,-2.09162298787511,"dt","Dirichlet Tree","test",-0.276001257797356,-0.0264041160690347,"Below 0"
322,"Generated",-1.50528440837212,-2.1207446849437,-0.889500429687204,"dt","Dirichlet Tree","test",0.854519896639403,0.0558206900659327,"Below 0"
323,"Generated",-1.76661610464797,-2.52073602620116,-1.11264908325727,"dt","Dirichlet Tree","test",-0.224701277232608,0.520806305443539,"Below 0"
324,"Generated",-0.322068233448316,-0.960402319251974,0.498465694911783,"dt","Dirichlet Tree","test",-0.33171439229991,-0.337337748577498,"Covers 0"
325,"Generated",-2.88761128430034,-3.52411698196998,-2.25630672222124,"dt","Dirichlet Tree","test",-0.336388462507452,-0.208420373026705,"Below 0"
326,"Generated",-3.72914081503756,-4.47018182677197,-2.8519984728189,"dt","Dirichlet Tree","test",0.870269990600257,0.020153710678975,"Below 0"
327,"Generated",-2.08316578984819,-2.967555421151,-1.34677651682628,"dt","Dirichlet Tree","test",-0.338239734510994,-0.204839804372831,"Below 0"
328,"Generated",0.101636760683424,-0.599027214506658,0.723937037346735,"dt","Dirichlet Tree","test",-0.2162814166306,0.479976014292295,"Covers 0"
329,"Generated",-2.03187081531213,-2.77833002230382,-1.32683660731028,"dt","Dirichlet Tree","test",-0.170120336047651,0.36369011198334,"Below 0"
330,"Generated",-1.42871466891052,-2.31311497867553,-0.596556164510447,"dt","Dirichlet Tree","test",-0.111933909439287,0.294753415309433,"Below 0"
331,"Generated",-3.26619231699055,-4.02589725755807,-2.51393886280704,"dt","Dirichlet Tree","test",-0.350531852977122,-0.515332972359788,"Below 0"
332,"Generated",-0.656057932891006,-1.2566604233088,-0.0239954491115703,"dt","Dirichlet Tree","test",-0.255646920248235,0.356645503277186,"Below 0"
333,"Generated",-3.49742809669249,-4.14718058291054,-2.88184457722305,"dt","Dirichlet Tree","test",-0.194409898020622,0.278840184121401,"Below 0"
334,"Generated",-1.79491634743914,-2.70406694163637,-0.987662391956212,"dt","Dirichlet Tree","test",-0.287446701283764,-0.141787726533677,"Below 0"
335,"Generated",-4.17889700515986,-4.90945106989689,-3.40514250902998,"dt","Dirichlet Tree","test",-0.276290971117825,-0.0821172371822508,"Below 0"
336,"Generated",-3.66646791318176,-4.23876252063322,-3.09774557434045,"dt","Dirichlet Tree","test",-0.327925157038069,-0.576656290116899,"Below 0"
337,"Generated",-2.87623065249429,-3.63468174275198,-1.88588944815462,"dt","Dirichlet Tree","test",-0.289762133560748,-0.246945761936878,"Below 0"
338,"Generated",-2.8841214418693,-3.64092280690574,-2.13922906558845,"dt","Dirichlet Tree","test",-0.163295664907074,0.451036852105584,"Below 0"
339,"Generated",-1.5760534523708,-2.18689995966818,-1.00956276719051,"dt","Dirichlet Tree","test",-0.103901935831891,0.469067304586915,"Below 0"
340,"Generated",-1.9606190121289,-2.90050994221804,-1.16067138863721,"dt","Dirichlet Tree","test",-0.212524162662711,0.175958453107027,"Below 0"
341,"Generated",-2.09818699742293,-2.64745429124075,-1.53340913271623,"dt","Dirichlet Tree","test",0.596415551452735,0.0371856667336151,"Below 0"
342,"Generated",-2.63421846625829,-3.44743534936956,-1.91496770136401,"dt","Dirichlet Tree","test",0.872368657631848,-0.142376866368701,"Below 0"
343,"Generated",-1.55893401924543,-2.28651446248494,-0.714768390187415,"dt","Dirichlet Tree","test",-0.233068800856264,0.327378617919884,"Below 0"
344,"Generated",-1.90330141107199,-2.74290565540833,-1.24108108134143,"dt","Dirichlet Tree","test",0.62022963261643,-0.0818019322658269,"Below 0"
345,"Generated",-2.15346357363366,-2.77495447513522,-1.56741960019052,"dt","Dirichlet Tree","test",0.159929377810468,-0.557870047606061,"Below 0"
346,"Generated",-3.90061169568475,-4.65912495433729,-3.17692945177087,"dt","Dirichlet Tree","test",-0.20594513862565,0.134874544123646,"Below 0"
347,"Generated",-2.09447893684982,-2.70310182233026,-1.45857602554706,"dt","Dirichlet Tree","test",0.694437316174503,0.0501489107935078,"Below 0"
348,"Generated",-2.38895143710457,-2.96123949350487,-1.84058034969814,"dt","Dirichlet Tree","test",0.00573578088432713,0.238639187633202,"Below 0"
349,"Generated",-3.07502525095157,-3.75707911363486,-2.41613973492555,"dt","Dirichlet Tree","test",-0.341119344397586,-0.42236519042436,"Below 0"
350,"Generated",-3.45674619700669,-4.27142075871222,-2.62330800062774,"dt","Dirichlet Tree","test",-0.261178234093162,-0.0833469622135957,"Below 0"
351,"Generated",-3.29999074005795,-4.09006108413351,-2.62809436982269,"dt","Dirichlet Tree","test",-0.224416800347344,-0.336593095571677,"Below 0"
352,"Generated",-3.39840472839682,-4.19927798954561,-2.71432776367963,"dt","Dirichlet Tree","test",-0.267789684899294,-0.0708882799655138,"Below 0"
353,"Generated",-1.46918737882286,-2.28510372296201,-0.732480293931998,"dt","Dirichlet Tree","test",-0.375254495756368,-0.439938258158447,"Below 0"
354,"Generated",-2.82684757939735,-3.58752921620575,-2.06814482006978,"dt","Dirichlet Tree","test",-0.227336047880836,0.224658757293014,"Below 0"
355,"Generated",-2.00296967608935,-2.99018791734248,-1.24397449786555,"dt","Dirichlet Tree","test",0.056866442233716,-0.325062057070457,"Below 0"
356,"Generated",-2.9734664635015,-3.79187060519846,-2.24138005239439,"dt","Dirichlet Tree","test",-0.215452028258827,0.14093848065386,"Below 0"
357,"Generated",-1.16823245479691,-1.8617009190967,-0.51051658280863,"dt","Dirichlet Tree","test",-0.257818563946118,-0.0894537397728737,"Below 0"
358,"Generated",-2.50534183388217,-3.13373971704027,-1.94139711761974,"dt","Dirichlet Tree","test",0.70088606558689,0.10326116565825,"Below 0"
359,"Generated",-2.09442986650008,-2.75422105843093,-1.49685568832475,"dt","Dirichlet Tree","test",0.722434903537011,0.0608209957347881,"Below 0"
360,"Generated",-2.0526625189448,-2.81986196791637,-1.24326987774328,"dt","Dirichlet Tree","test",-0.278026854104906,-0.109452818205447,"Below 0"
361,"Generated",-2.628667164848,-3.22632547083115,-1.90728044155446,"dt","Dirichlet Tree","test",-0.217063710620153,0.274416245780152,"Below 0"
362,"Generated",-2.31745642411235,-2.9734200256984,-1.67771196775465,"dt","Dirichlet Tree","test",-0.168391768729808,0.25192288981828,"Below 0"
363,"Generated",-1.37790267577317,-2.12019584648787,-0.623344960336814,"dt","Dirichlet Tree","test",-0.374714855903899,-0.515041398998782,"Below 0"
364,"Generated",-1.62598286721336,-2.57635749845509,-0.797892480990782,"dt","Dirichlet Tree","test",-0.174854718284779,0.59274941674115,"Below 0"
365,"Generated",-2.22821922761488,-3.10023162825761,-1.50927295831049,"dt","Dirichlet Tree","test",-0.202730646370653,-0.652279641688859,"Below 0"
366,"Generated",-2.21555467612089,-3.05219263519673,-1.42000824252214,"dt","Dirichlet Tree","test",-0.266970651268177,-0.096970330898813,"Below 0"
367,"Generated",-0.448162395476768,-1.54128530272503,0.367500680974379,"dt","Dirichlet Tree","test",-0.155503295251563,0.364764297138736,"Covers 0"
368,"Generated",-3.18103373809486,-3.91250067206378,-2.53966267781648,"dt","Dirichlet Tree","test",0.513437150022874,-0.036222054690499,"Below 0"
369,"Generated",-2.58293068928341,-3.35916966973943,-1.79856260806299,"dt","Dirichlet Tree","test",-0.250970169535265,0.147720720422028,"Below 0"
370,"Generated",-2.83463389111692,-3.44172682923797,-2.19256698652678,"dt","Dirichlet Tree","test",0.812382436670316,-0.047992992729525,"Below 0"
371,"Generated",-3.05538445982971,-3.78032581117442,-2.38272584260415,"dt","Dirichlet Tree","test",-0.389086196690064,-0.520063050418275,"Below 0"
372,"Generated",-2.81508421299362,-3.73695038286022,-2.1228975412929,"dt","Dirichlet Tree","test",-0.250080089709342,0.240855444215713,"Below 0"
373,"Generated",-2.01235847898612,-2.77722289172832,-1.34332021786447,"dt","Dirichlet Tree","test",-0.258002098230693,0.103878568041451,"Below 0"
374,"Generated",-3.5162412461741,-4.2489674093947,-2.81431595813377,"dt","Dirichlet Tree","test",0.620857392717562,-0.109202251836214,"Below 0"
375,"Generated",-3.11507695316373,-3.75208465931275,-2.42536156230107,"dt","Dirichlet Tree","test",0.000238047324495303,-0.469615207688883,"Below 0"
376,"Generated",-2.89935286782108,-3.52861613602535,-2.20425151812393,"dt","Dirichlet Tree","test",-0.399096921189517,-0.549074623510062,"Below 0"
377,"Generated",-3.92251336416956,-4.56180657839266,-3.18120087742058,"dt","Dirichlet Tree","test",-0.214699873083653,0.12621056355608,"Below 0"
378,"Generated",-2.29888175484722,-3.11814389914989,-1.48589143199965,"dt","Dirichlet Tree","test",-0.251926682731003,-0.026560416464833,"Below 0"
379,"Generated",-3.42706130467905,-4.12117092798495,-2.45593836210837,"dt","Dirichlet Tree","test",-0.137308262678495,0.216639561111825,"Below 0"
380,"Generated",-2.76890370826356,-3.43347219214044,-1.96165229987547,"dt","Dirichlet Tree","test",-0.166173823711064,0.125004664314732,"Below 0"
381,"Generated",-0.8282328190582,-1.60241415476142,0.0271111970084735,"dt","Dirichlet Tree","test",-0.221052735726538,0.445408615134034,"Covers 0"
382,"Generated",-3.53936534533136,-4.0942746051434,-2.95753541556579,"dt","Dirichlet Tree","test",-0.183492460483921,0.252354690913742,"Below 0"
383,"Generated",-1.97737058705628,-2.72398454950592,-1.34780383565121,"dt","Dirichlet Tree","test",-0.355683358740494,-0.534116901113776,"Below 0"
384,"Generated",-1.52714104381184,-2.26970250068979,-0.900506054567222,"dt","Dirichlet Tree","test",-0.221796134730219,-0.0114623183532027,"Below 0"
385,"Generated",-1.37160147839828,-2.23700838040535,-0.606024890212956,"dt","Dirichlet Tree","test",-0.150157559345241,0.312423248875413,"Below 0"
386,"Generated",-1.37918261919602,-2.00220239577344,-0.659632580373476,"dt","Dirichlet Tree","test",0.0102659946174165,-0.499629262800156,"Below 0"
387,"Generated",-3.31586126539981,-4.05395708597127,-2.43585394696381,"dt","Dirichlet Tree","test",-0.229281626983929,-0.0204734565782776,"Below 0"
388,"Generated",-4.26943394024052,-5.2321856349122,-3.38256029298139,"dt","Dirichlet Tree","test",-1.84166196062271e-05,-0.268518776066288,"Below 0"
389,"Generated",-3.71387505094646,-4.58345603868347,-2.97121857303595,"dt","Dirichlet Tree","test",-0.345583062188598,-0.418281942380827,"Below 0"
390,"Generated",-2.55696206131396,-3.47068067086514,-1.80507964025165,"dt","Dirichlet Tree","test",-0.0141633823952669,0.158449907534538,"Below 0"
391,"Generated",-1.99926402830178,-2.73248555165893,-1.30485669059441,"dt","Dirichlet Tree","test",-0.16364643226083,0.2362588027585,"Below 0"
392,"Generated",-3.43796583719689,-4.15558259089195,-2.7401063704378,"dt","Dirichlet Tree","test",0.848627814745107,0.0250303628456416,"Below 0"
393,"Generated",-2.36597732367899,-3.44507761356613,-1.59563833723993,"dt","Dirichlet Tree","test",-0.178787611833639,0.0972393791099179,"Below 0"
394,"Generated",-3.50013823401553,-4.19673617457715,-2.699610098801,"dt","Dirichlet Tree","test",-0.338129190623767,-0.297788318767204,"Below 0"
395,"Generated",-1.76414368070658,-2.5105054223564,-1.0954405162013,"dt","Dirichlet Tree","test",-0.201791502921778,0.267421609964976,"Below 0"
396,"Generated",-1.5959221983758,-2.27679279934558,-0.949973796300702,"dt","Dirichlet Tree","test",-0.252647482453245,0.310457587275457,"Below 0"
397,"Generated",-3.95893019368524,-4.82109804480908,-3.32087097763342,"dt","Dirichlet Tree","test",-0.184326693886895,0.34473454033678,"Below 0"
398,"Generated",-3.13445914101555,-3.94149037143394,-2.38735763258474,"dt","Dirichlet Tree","test",-0.0986228308910191,0.272111609823226,"Below 0"
399,"Generated",-3.98411101553743,-4.95043957011502,-3.21357769922087,"dt","Dirichlet Tree","test",-0.269392595042821,0.0748141164913113,"Below 0"
400,"Generated",-2.71598417258147,-3.57227298241318,-1.93431740052089,"dt","Dirichlet Tree","test",0.0797029287834324,0.0646434427983364,"Below 0"
401,"Generated",-0.983167570251163,-2.26771515573005,-0.174954049282261,"dt","Dirichlet Tree","test",-0.20505663106688,0.359735983052343,"Below 0"
402,"Generated",-3.1009240757418,-4.03130639281303,-2.34779505169644,"dt","Dirichlet Tree","test",-0.218056547395539,0.187799614236723,"Below 0"
403,"Generated",-1.83251316709351,-2.63712448095551,-1.01791489672628,"dt","Dirichlet Tree","test",-0.304868878667263,-0.218410092218549,"Below 0"
404,"Generated",-0.667195595545985,-1.25898351268075,-0.045742933126895,"dt","Dirichlet Tree","test",-0.210234540531024,0.263441940699903,"Below 0"
405,"Generated",-2.90383623372677,-3.73437900360799,-2.17382329749116,"dt","Dirichlet Tree","test",-0.194439417685955,0.128855002985895,"Below 0"
406,"Generated",-2.31851047070027,-3.20856543236524,-1.49509780847612,"dt","Dirichlet Tree","test",-0.11815624469133,-0.0680760297759257,"Below 0"
407,"Generated",-3.12002046124289,-3.97587569786964,-2.42593303421503,"dt","Dirichlet Tree","test",-0.270374247226514,0.0403157374617231,"Below 0"
408,"Generated",-2.1289844695842,-2.82072016135516,-1.33739074744715,"dt","Dirichlet Tree","test",-0.386794056242415,-0.555876045036818,"Below 0"
409,"Generated",-2.84361417736897,-3.60614901203706,-2.08937793441712,"dt","Dirichlet Tree","test",-0.119170898259798,0.116716399447817,"Below 0"
410,"Generated",-2.18082272657305,-2.77565145420016,-1.6096983023645,"dt","Dirichlet Tree","test",0.576019800469695,0.154013885506514,"Below 0"
411,"Generated",-3.87906713873735,-4.61487032432597,-2.99806928663856,"dt","Dirichlet Tree","test",0.348246966989709,0.234627603873694,"Below 0"
412,"Generated",-0.551192256349425,-1.2716764945981,0.137912201121077,"dt","Dirichlet Tree","test",-0.312521477016892,-0.136360376191384,"Covers 0"
413,"Generated",-2.8470121034619,-3.63573447081828,-2.0575217371832,"dt","Dirichlet Tree","test",-0.339324105421839,-0.461340980266651,"Below 0"
414,"Generated",-1.4195579414058,-2.12190000406016,-0.748847018165393,"dt","Dirichlet Tree","test",-0.217476989395517,0.256614957124232,"Below 0"
415,"Generated",-3.7623737010309,-4.45191929659837,-3.01550558162995,"dt","Dirichlet Tree","test",-0.167439635259201,0.256592469956034,"Below 0"
416,"Generated",-2.97369274484556,-3.73884935747453,-2.25857059724583,"dt","Dirichlet Tree","test",0.371197509046563,-0.232752970075998,"Below 0"
417,"Generated",-3.32944794328898,-4.14038842155844,-2.55174685602924,"dt","Dirichlet Tree","test",-0.311739138753336,-0.330597439220743,"Below 0"
418,"Generated",-3.65765726259814,-4.51121391665472,-2.81380533654607,"dt","Dirichlet Tree","test",0.0885584910371886,-0.0213843291481152,"Below 0"
419,"Generated",-4.14352353750526,-5.08413723740936,-3.35169906915477,"dt","Dirichlet Tree","test",0.401519880413737,-0.0571936656549643,"Below 0"
420,"Generated",-3.68414074922015,-4.49116946575367,-2.94701496904597,"dt","Dirichlet Tree","test",-0.120423177401069,0.239427930250565,"Below 0"
421,"Generated",-3.60646075991469,-4.40314645361594,-2.7156391607012,"dt","Dirichlet Tree","test",-0.0835215828855841,0.0125583745284235,"Below 0"
422,"Generated",-2.25896784255411,-2.96604277891741,-1.60954842460793,"dt","Dirichlet Tree","test",0.681883587139892,-0.0021169413763561,"Below 0"
423,"Generated",-3.02423772006714,-3.69250017752509,-2.32688459724466,"dt","Dirichlet Tree","test",0.712052959238946,0.0254859561926032,"Below 0"
424,"Generated",-1.35291150924205,-2.11628044837776,-0.657434286207497,"dt","Dirichlet Tree","test",-0.340474247258814,-0.416981677316919,"Below 0"
425,"Generated",-2.18529247861179,-2.94313919104849,-1.56980765453428,"dt","Dirichlet Tree","test",-0.233015517363246,0.171545854470821,"Below 0"
426,"Generated",-0.194093920096255,-0.761595207252362,0.35918752269736,"dt","Dirichlet Tree","test",-0.271382130545914,-0.0234679253803316,"Covers 0"
427,"Generated",-2.11505195590944,-2.79184764347887,-1.35525344766644,"dt","Dirichlet Tree","test",-0.213902983855718,-0.0189368417393102,"Below 0"
428,"Generated",-4.31153232166082,-5.28581236488633,-3.51482736306259,"dt","Dirichlet Tree","test",-0.254044703202367,0.043238068957084,"Below 0"
429,"Generated",-3.46938496355253,-4.41138489179907,-2.63005048101093,"dt","Dirichlet Tree","test",-0.211542706152064,0.0950537420602217,"Below 0"
430,"Generated",-2.89245431363616,-3.43753443517978,-2.29559305817519,"dt","Dirichlet Tree","test",-0.0966095629530087,0.352019047423069,"Below 0"
431,"Generated",-1.16177968977111,-1.72744040506683,-0.557159227780662,"dt","Dirichlet Tree","test",0.0660797181695513,0.300600847888601,"Below 0"
432,"Generated",-2.68661156015992,-3.69105438031827,-1.79373685886223,"dt","Dirichlet Tree","test",-0.2225878331645,0.217751142638218,"Below 0"
433,"Generated",-2.86955874030758,-3.92817621990923,-2.05178011077613,"dt","Dirichlet Tree","test",0.413348680739455,-0.647741420577995,"Below 0"
434,"Generated",-2.43121614742286,-3.12069424817397,-1.80225293966575,"dt","Dirichlet Tree","test",0.00910456772223083,0.160785777753118,"Below 0"
435,"Generated",-1.039855587527,-1.71710135230028,-0.427177944016595,"dt","Dirichlet Tree","test",-0.220870088206762,0.195842452892629,"Below 0"
436,"Generated",-2.60865297541996,-3.29787021720276,-1.86967656121042,"dt","Dirichlet Tree","test",-0.0897748707200375,-0.11106554628585,"Below 0"
437,"Generated",-3.11281423596315,-4.18780343064499,-2.41554151872612,"dt","Dirichlet Tree","test",0.631173866923219,-0.0154426037515552,"Below 0"
438,"Generated",-3.37879463985256,-4.3682980723704,-2.62750870063103,"dt","Dirichlet Tree","test",0.516197515009502,0.0526544303392305,"Below 0"
439,"Generated",-2.67927202516458,-3.42702790596559,-1.89739852951287,"dt","Dirichlet Tree","test",-0.222557814665718,0.19426660271171,"Below 0"
440,"Generated",-3.81298258979178,-4.55631832757817,-3.03954082085928,"dt","Dirichlet Tree","test",-0.243448236997763,0.121548438078519,"Below 0"
441,"Generated",-2.63611524903143,-3.26206749708848,-1.99674627330236,"dt","Dirichlet Tree","test",0.54319969689364,0.289535376526711,"Below 0"
442,"Generated",-1.80632230052013,-2.67769213415461,-1.02206524454924,"dt","Dirichlet Tree","test",-0.237232090838839,0.175963111365518,"Below 0"
443,"Generated",-2.22607973850692,-2.99217482743792,-1.51658958674469,"dt","Dirichlet Tree","test",-0.155941181465009,0.437046113633625,"Below 0"
444,"Generated",-2.14798279190696,-2.89290392985932,-1.35359347302525,"dt","Dirichlet Tree","test",0.0163140084241481,-0.061735271147269,"Below 0"
445,"Generated",-2.81392693216664,-3.38107817093826,-2.25584209780704,"dt","Dirichlet Tree","test",-0.103100241283443,0.492196778141861,"Below 0"
446,"Generated",-2.34122848119474,-3.30653386076659,-1.49066257839523,"dt","Dirichlet Tree","test",-0.20843941752496,0.18151045971869,"Below 0"
447,"Generated",-2.16620985275455,-2.79971544900202,-1.51315959349106,"dt","Dirichlet Tree","test",-0.338445141214935,-0.246726561008745,"Below 0"
448,"Generated",-0.99662803693406,-1.60406263739258,-0.430326947121728,"dt","Dirichlet Tree","test",-0.260025869589477,0.167378716173407,"Below 0"
449,"Generated",-3.99514407747755,-5.07438989129941,-3.15952889465078,"dt","Dirichlet Tree","test",-0.301089463448606,-0.0467698285174025,"Below 0"
450,"Generated",-3.51619337540779,-4.24991115153807,-2.86574653349776,"dt","Dirichlet Tree","test",0.916242757651669,0.12083095967906,"Below 0"
451,"Generated",-2.48332437633489,-3.28529635942546,-1.77899896368892,"dt","Dirichlet Tree","test",0.15923113309842,-0.307952233718343,"Below 0"
452,"Generated",-1.41726654723172,-2.03104326226718,-0.712982346596708,"dt","Dirichlet Tree","test",0.849435355102895,-0.0970022014198745,"Below 0"
453,"Generated",-2.11943563979112,-2.73097746138644,-1.47517106896475,"dt","Dirichlet Tree","test",0.711311722436395,-0.389053001441305,"Below 0"
454,"Generated",-3.8943420954993,-4.75403811701274,-3.018169285085,"dt","Dirichlet Tree","test",0.225850843393369,0.0242829773189243,"Below 0"
455,"Generated",-4.96026557429386,-6.05582488792552,-4.0898936399673,"dt","Dirichlet Tree","test",-0.314162652974656,-0.240944098613879,"Below 0"
456,"Generated",0.365423478926559,-0.332789459702621,0.98420568552805,"dt","Dirichlet Tree","test",-0.240681239054732,0.201906818676125,"Covers 0"
457,"Generated",-3.27984641854887,-4.22950518218242,-2.53182928988805,"dt","Dirichlet Tree","test",-0.231828002826631,-0.109625309357619,"Below 0"
458,"Generated",-1.82713643347336,-2.5016157153377,-1.18364541607338,"dt","Dirichlet Tree","test",-0.179675706004222,0.46285197835715,"Below 0"
459,"Generated",-2.60858642491034,-3.38817907513697,-1.80403500019976,"dt","Dirichlet Tree","test",0.224222586999964,-0.210415290374763,"Below 0"
460,"Generated",-3.1756645979984,-3.87228560506517,-2.50631363458106,"dt","Dirichlet Tree","test",-0.153576352496803,0.281538309027921,"Below 0"
461,"Generated",-1.34879068794327,-2.18311537989059,-0.278809807176939,"dt","Dirichlet Tree","test",-0.180425585697517,0.2124018658786,"Below 0"
462,"Generated",-2.80906633054044,-3.4901411572279,-2.14416105755748,"dt","Dirichlet Tree","test",-0.138732020399317,0.187478979248184,"Below 0"
463,"Generated",-1.82271181778951,-2.40865596424503,-1.23491653607604,"dt","Dirichlet Tree","test",0.28708514403511,-0.356385479481025,"Below 0"
464,"Generated",-3.58559241594886,-4.41555951437251,-2.85910671735936,"dt","Dirichlet Tree","test",-0.293288825524384,-0.297354112612636,"Below 0"
465,"Generated",-3.32443480797778,-4.08807110882557,-2.73208180589857,"dt","Dirichlet Tree","test",-0.341060662941559,-0.299774737173893,"Below 0"
466,"Generated",-1.20267058982512,-1.76471210187996,-0.625354307881014,"dt","Dirichlet Tree","test",0.724236405124803,-0.0290091853380753,"Below 0"
467,"Generated",-2.35073914784744,-3.54985059013112,-1.46465204074995,"dt","Dirichlet Tree","test",-0.0274933944858219,-0.118404286503677,"Below 0"
468,"Generated",-2.76341577019036,-3.53253106888879,-1.85567549311999,"dt","Dirichlet Tree","test",-0.19111227282786,0.168219262833537,"Below 0"
469,"Generated",-3.84062313126118,-4.7525869005708,-3.11162912184939,"dt","Dirichlet Tree","test",-0.312745351860078,-0.469507060813707,"Below 0"
470,"Generated",-3.17089376728064,-3.92671575047929,-2.43180026346066,"dt","Dirichlet Tree","test",-0.244531804795634,0.180137047628679,"Below 0"
471,"Generated",-3.65942085043821,-4.50673998592582,-2.84749205589426,"dt","Dirichlet Tree","test",-0.0411019107002716,0.303577148518294,"Below 0"
472,"Generated",-2.33021302099468,-3.03485233116933,-1.71779332044418,"dt","Dirichlet Tree","test",-0.206299408731688,0.136678646919818,"Below 0"
473,"Generated",-3.61353702552819,-4.3759649473376,-2.83707336637802,"dt","Dirichlet Tree","test",-0.158668926112259,-0.572084628262839,"Below 0"
474,"Generated",-2.50097888893731,-3.28916898154015,-1.74050025638182,"dt","Dirichlet Tree","test",-0.375964768578204,-0.441789243584735,"Below 0"
475,"Generated",-2.35669362911187,-3.02868392087589,-1.66413719267718,"dt","Dirichlet Tree","test",0.285382948728444,-0.148051188619357,"Below 0"
476,"Generated",-1.18169192438347,-1.93483012512239,-0.407028808877144,"dt","Dirichlet Tree","test",-0.289948420166689,0.0115268068371097,"Below 0"
477,"Generated",-1.23215918364044,-1.94236404201323,-0.387267668198775,"dt","Dirichlet Tree","test",-0.295513070451316,-0.129789682914646,"Below 0"
478,"Generated",-3.45635574134071,-4.37043626231457,-2.73412639745822,"dt","Dirichlet Tree","test",0.155724103876807,-0.471989902889769,"Below 0"
479,"Generated",-1.42192234118885,-2.34083536536231,-0.537589129106227,"dt","Dirichlet Tree","test",-0.236747388064347,0.255605679921528,"Below 0"
480,"Generated",-3.50494889185109,-4.21309081353019,-2.82749704264115,"dt","Dirichlet Tree","test",-0.35117025535016,-0.516448249802483,"Below 0"
481,"Generated",-0.758660437450743,-1.32225417568772,-0.134167048495697,"dt","Dirichlet Tree","test",-0.203344401170488,0.443361404826999,"Below 0"
482,"Generated",-2.74190154865402,-3.93818861722577,-1.82619339965857,"dt","Dirichlet Tree","test",-0.209349685663202,0.0767510584955565,"Below 0"
483,"Generated",-3.37563741781488,-4.09352753943432,-2.67183909019861,"dt","Dirichlet Tree","test",-0.334334732044839,-0.271800574287965,"Below 0"
484,"Generated",-2.17144173478467,-2.8213441369588,-1.48488041304809,"dt","Dirichlet Tree","test",-0.35194973664963,-0.526031581113861,"Below 0"
485,"Generated",-3.55141743004023,-4.46901478575611,-2.67526721292307,"dt","Dirichlet Tree","test",0.636174318621128,0.0915662459426873,"Below 0"
486,"Generated",-3.10421829372489,-3.83228172885595,-2.42757168123233,"dt","Dirichlet Tree","test",-0.160662743515839,0.220666003049719,"Below 0"
487,"Generated",-2.86674109127099,-3.60686808246266,-2.25164597327794,"dt","Dirichlet Tree","test",0.910530608267217,0.0994981684519239,"Below 0"
488,"Generated",-1.17117136367495,-1.806826868131,-0.553671322841845,"dt","Dirichlet Tree","test",-0.099660490249426,-0.44640340894744,"Below 0"
489,"Generated",-3.09306566669433,-3.81131493000461,-2.43018889874035,"dt","Dirichlet Tree","test",-0.334878740668586,-0.16222808614452,"Below 0"
490,"Generated",-1.8405338023511,-2.4604712367524,-1.23361586531158,"dt","Dirichlet Tree","test",-0.27457468065303,-0.17440908622244,"Below 0"
491,"Generated",-3.3486064237731,-4.19639733718587,-2.63141630972354,"dt","Dirichlet Tree","test",-0.162104361139288,0.343944246499696,"Below 0"
492,"Generated",-1.65577712153034,-2.30140223132117,-1.05100951471352,"dt","Dirichlet Tree","test",0.636431660867054,-0.412764285110381,"Below 0"
493,"Generated",0.0576046758425262,-0.569627275772245,0.678510552325588,"dt","Dirichlet Tree","test",-0.191140037498641,0.303522353073356,"Covers 0"
494,"Generated",-1.92245754897579,-2.53395407687961,-1.17190784332965,"dt","Dirichlet Tree","test",-0.271876820102477,-0.117261106127277,"Below 0"
495,"Generated",-3.2759626462204,-3.91671186881379,-2.65345331555692,"dt","Dirichlet Tree","test",0.177245960657036,-0.0703151907048128,"Below 0"
496,"Generated",-3.84314573822491,-4.63203356431261,-2.95617191953952,"dt","Dirichlet Tree","test",0.0462401836495995,-0.599320829589964,"Below 0"
497,"Generated",-1.8746131800895,-2.69273890094139,-0.889211484168039,"dt","Dirichlet Tree","test",-0.123426079835915,0.379334604527934,"Below 0"
498,"Generated",-2.20790427009782,-2.87046703198884,-1.5085447147527,"dt","Dirichlet Tree","test",-0.035963918604041,0.296290496336142,"Below 0"
499,"Generated",-2.38067183312207,-3.17699247706657,-1.67038012293904,"dt","Dirichlet Tree","test",-0.0438679727722636,0.0582131570427986,"Below 0"
500,"Generated",-1.86630315656132,-2.50242039107299,-1.22009510615313,"dt","Dirichlet Tree","test",0.282072926827571,-0.355056506217168,"Below 0"
501,"Generated",-3.758505165943,-4.52684796339007,-2.90224916027419,"dt","Dirichlet Tree","test",0.503912358717397,-0.419380102801,"Below 0"
502,"Generated",-1.99729812029132,-2.85792840520666,-1.3039496857121,"dt","Dirichlet Tree","test",0.498634088350742,-0.225232089869961,"Below 0"
503,"Generated",-3.51202157583684,-4.24785190450335,-2.77446850319772,"dt","Dirichlet Tree","test",-0.101618848610355,0.417934658676057,"Below 0"
504,"Generated",-3.55770585095538,-4.19455319412021,-2.95274169639419,"dt","Dirichlet Tree","test",-0.196003628964932,0.23017441407433,"Below 0"
505,"Generated",-2.3012479183184,-3.29433404418536,-1.51920899413732,"dt","Dirichlet Tree","test",-0.0976485751290607,0.0599779409475734,"Below 0"
506,"Generated",-3.39764324623478,-4.30082570427144,-2.63729586223796,"dt","Dirichlet Tree","test",-0.206314101822679,0.148324802666255,"Below 0"
507,"Generated",-2.81381912292058,-3.44056786466291,-2.18466130513921,"dt","Dirichlet Tree","test",-0.127624191097234,-0.326034331659182,"Below 0"
508,"Generated",-2.84780620408797,-3.58092537029744,-2.14696105782091,"dt","Dirichlet Tree","test",-0.334585664132312,-0.56064262884871,"Below 0"
509,"Generated",-0.943495997397505,-1.53412139043563,-0.335278715496451,"dt","Dirichlet Tree","test",-0.174632384972806,0.683778242978966,"Below 0"
510,"Generated",-2.8276327754018,-3.62805327487712,-2.02360274504396,"dt","Dirichlet Tree","test",-0.258391751237202,-0.0292118527870871,"Below 0"
511,"Generated",-2.42177479771153,-3.06834849854321,-1.83227725064093,"dt","Dirichlet Tree","test",-0.216385069843262,0.380993652178352,"Below 0"
512,"Generated",-2.58046971892677,-3.39752397315187,-1.55882632382399,"dt","Dirichlet Tree","test",0.00251093886948238,0.0325810881093343,"Below 0"
513,"Generated",-3.47094949082642,-4.56814147358254,-2.59366547636814,"dt","Dirichlet Tree","test",-0.199575049613912,0.192242866332047,"Below 0"
514,"Generated",-2.25196648946966,-3.17782777067859,-1.49827047267627,"dt","Dirichlet Tree","test",-0.193208513066234,-0.0894026428425299,"Below 0"
515,"Generated",-2.4883011493467,-3.23655033597119,-1.73869126342676,"dt","Dirichlet Tree","test",0.120747448753191,-0.555736043725288,"Below 0"
516,"Generated",-3.93837696304258,-4.68396301150555,-3.28867083931626,"dt","Dirichlet Tree","test",-0.378959006203643,-0.55971188622804,"Below 0"
517,"Generated",-3.19712370840787,-3.91549028560906,-2.52801229817029,"dt","Dirichlet Tree","test",-0.257297597088654,0.195429237057549,"Below 0"
518,"Generated",-1.79205874437651,-2.45236157873351,-1.16971096267611,"dt","Dirichlet Tree","test",0.345500386153408,0.151307728055216,"Below 0"
519,"Generated",-2.77307719361531,-3.55833874228531,-2.02025006495491,"dt","Dirichlet Tree","test",-0.258164726323324,0.253262191400346,"Below 0"
520,"Generated",-2.45840689934461,-3.39752248672836,-1.68317091611,"dt","Dirichlet Tree","test",-0.253562849784292,0.0403142887471024,"Below 0"
521,"Generated",-2.3248769270853,-3.17991548578992,-1.4816282931289,"dt","Dirichlet Tree","test",-0.229843321928261,0.130695718026146,"Below 0"
522,"Generated",-3.66548343098549,-4.41988486789194,-2.89932407099387,"dt","Dirichlet Tree","test",-0.245929739519297,0.387240274715031,"Below 0"
523,"Generated",-0.849195604043283,-1.40735766657712,-0.249777505585497,"dt","Dirichlet Tree","test",-0.186486084799567,0.326060148813113,"Below 0"
524,"Generated",-2.05823724704939,-2.9246499710064,-1.25736142917149,"dt","Dirichlet Tree","test",-0.214627985993034,0.176781602754665,"Below 0"
525,"Generated",-2.82346691467408,-3.83055679200401,-2.07833773790105,"dt","Dirichlet Tree","test",-0.311975746800257,-0.0278890494650653,"Below 0"
526,"Generated",-3.50294081832113,-4.57457429935788,-2.66908835099401,"dt","Dirichlet Tree","test",0.365953543284983,-0.15029643227136,"Below 0"
527,"Generated",-2.34109735481679,-3.0060646409188,-1.66125243919847,"dt","Dirichlet Tree","test",0.0931114162650044,-0.0638847288888191,"Below 0"
528,"Generated",-3.13675939799021,-4.17974916055523,-2.27637781294808,"dt","Dirichlet Tree","test",-0.251605159482885,0.0844203803899504,"Below 0"
529,"Generated",-3.18132978234752,-3.9187112573106,-2.45329857512197,"dt","Dirichlet Tree","test",-0.258550793496518,0.199391111456473,"Below 0"
530,"Generated",-3.93116982148756,-4.80003008555187,-3.09664233211223,"dt","Dirichlet Tree","test",0.329942451975512,-0.451803245687433,"Below 0"
531,"Generated",-1.82026166368576,-2.64519034148797,-0.886525147089818,"dt","Dirichlet Tree","test",-0.232381334029758,0.0624773032955922,"Below 0"
532,"Generated",-1.71711192281149,-2.43038575861768,-0.969179169607337,"dt","Dirichlet Tree","test",-0.293479640965489,-0.116871619989187,"Below 0"
533,"Generated",-1.94008514309733,-2.69847796124847,-1.17164135735684,"dt","Dirichlet Tree","test",-0.180548768088513,0.13263618937707,"Below 0"
534,"Generated",-2.99282452380511,-3.7033079008982,-2.12720487286356,"dt","Dirichlet Tree","test",0.55399760124793,-0.301970165878918,"Below 0"
535,"Generated",-2.31540906423789,-3.29318330029622,-1.41411525777634,"dt","Dirichlet Tree","test",-0.413778674274489,-0.521248693949351,"Below 0"
536,"Generated",-1.77696987159306,-2.55452759811378,-1.01313009736585,"dt","Dirichlet Tree","test",-0.294584848650363,-0.0134075265628712,"Below 0"
537,"Generated",-2.0373181370815,-2.8310978207542,-1.43855554334919,"dt","Dirichlet Tree","test",-0.231251448222931,0.148298436434316,"Below 0"
538,"Generated",-3.80397442817636,-4.8082222504299,-2.96452731769564,"dt","Dirichlet Tree","test",-0.294992667090537,-0.12302887526036,"Below 0"
539,"Generated",-3.62429377741045,-4.59910487981327,-2.81014062974897,"dt","Dirichlet Tree","test",0.93141891746303,-0.0405286778481171,"Below 0"
540,"Generated",-2.7302985810006,-3.48118886802423,-1.83982088191236,"dt","Dirichlet Tree","test",0.674920709159927,-0.304500718056792,"Below 0"
541,"Generated",-0.377222211413968,-1.08788529599115,0.287115487475833,"dt","Dirichlet Tree","test",-0.166609092418248,0.570449056082003,"Covers 0"
542,"Generated",-3.05384936914201,-4.13435356225263,-2.1416784894272,"dt","Dirichlet Tree","test",-0.164666578599995,-0.258783828231037,"Below 0"
543,"Generated",-3.4379670972255,-4.11899111723703,-2.74043839507495,"dt","Dirichlet Tree","test",0.832260841993896,0.130150750613625,"Below 0"
544,"Generated",-2.46386331902443,-3.33853825233876,-1.71606887514149,"dt","Dirichlet Tree","test",-0.319995125907819,-0.518951685115239,"Below 0"
545,"Generated",-3.43026431374013,-4.6006391889818,-2.47061899474374,"dt","Dirichlet Tree","test",-0.167702712845585,-0.277337714652502,"Below 0"
546,"Generated",-0.998359440915406,-1.7991445348388,-0.396674083274766,"dt","Dirichlet Tree","test",0.609195728892226,-0.195927760931811,"Below 0"
547,"Generated",-1.96182010102953,-2.5946832855241,-1.25750641457997,"dt","Dirichlet Tree","test",-0.124428415190048,0.266823480385446,"Below 0"
548,"Generated",-1.45187646331986,-2.22512237205739,-0.694393549769652,"dt","Dirichlet Tree","test",-0.217703639986295,0.0395208874899475,"Below 0"
549,"Generated",-0.431290291246115,-1.16391677990828,0.187806997697042,"dt","Dirichlet Tree","test",-0.203265743467234,0.391137068869581,"Covers 0"
550,"Generated",-1.96561055869711,-2.68761139512057,-1.20533891920248,"dt","Dirichlet Tree","test",-0.275173443793812,-0.186209542202654,"Below 0"
551,"Generated",-2.65816510914292,-3.43590462935871,-1.95211526446067,"dt","Dirichlet Tree","test",-0.231608885432154,-0.00704012491973433,"Below 0"
552,"Generated",-2.23345070326461,-3.14378973153675,-1.2983168606462,"dt","Dirichlet Tree","test",-0.20261279871076,0.339897656346323,"Below 0"
553,"Generated",-2.41606647456107,-3.18917363713126,-1.57041498129035,"dt","Dirichlet Tree","test",-0.249417568510765,0.0781661387458032,"Below 0"
554,"Generated",-3.08490594202023,-3.83375461798762,-2.31074422704548,"dt","Dirichlet Tree","test",-0.170370460727316,-0.1120364691302,"Below 0"
555,"Generated",-2.43912926016384,-3.25409044509029,-1.8749619810599,"dt","Dirichlet Tree","test",-0.316123654039493,-0.229402810203037,"Below 0"
556,"Generated",-2.19378659533121,-2.88249832753618,-1.59164025717244,"dt","Dirichlet Tree","test",-0.293177977975249,-0.184145234829936,"Below 0"
557,"Generated",-1.78888665409249,-2.28843933130674,-1.31365655921568,"dt","Dirichlet Tree","test",-0.0988808881798387,0.445286067623844,"Below 0"
558,"Generated",-1.46362900427836,-2.06542154179991,-0.851533200414757,"dt","Dirichlet Tree","test",-0.140619875196314,0.438174458958579,"Below 0"
559,"Generated",-2.46220362078621,-3.20498167790061,-1.77333235787198,"dt","Dirichlet Tree","test",-0.300157691811172,-0.36180325074275,"Below 0"
560,"Generated",-3.55940562834712,-4.33329655094855,-2.86111771162975,"dt","Dirichlet Tree","test",0.102866544043832,0.104712789059157,"Below 0"
561,"Generated",-2.09790653637332,-3.1883832348081,-1.28092717031025,"dt","Dirichlet Tree","test",0.883262386975566,0.125440271697877,"Below 0"
562,"Generated",-1.7188688924,-2.38721212607704,-1.07380936245642,"dt","Dirichlet Tree","test",-0.122877142417238,0.287056297474198,"Below 0"
563,"Generated",-1.98036510766606,-2.69698382343141,-0.96613144876692,"dt","Dirichlet Tree","test",0.837122780316518,-0.0374283434284244,"Below 0"
564,"Generated",-3.23330489031958,-4.03381457460537,-2.56719968843714,"dt","Dirichlet Tree","test",-0.202858433039075,0.316577672518333,"Below 0"
565,"Generated",-3.04908766014228,-3.76370919135468,-2.34963671686777,"dt","Dirichlet Tree","test",0.791947835358954,-0.0460728655647441,"Below 0"
566,"Generated",-3.30472240265054,-4.09180153549599,-2.40853739313518,"dt","Dirichlet Tree","test",-0.108473703561554,0.296820221784841,"Below 0"
567,"Generated",-2.00323100927349,-2.75018822067316,-1.28646751692643,"dt","Dirichlet Tree","test",-0.199957206180869,-0.0977587276497591,"Below 0"
568,"Generated",-2.73651177961856,-3.56916852674724,-2.08942245079383,"dt","Dirichlet Tree","test",-0.398109748183668,-0.505845350738194,"Below 0"
569,"Generated",-1.61190461466889,-2.36146527278541,-0.702182943636817,"dt","Dirichlet Tree","test",0.760857093394091,-0.216571546142613,"Below 0"
570,"Generated",-2.78997419506461,-3.48347757819785,-1.99910668538244,"dt","Dirichlet Tree","test",-0.100297480333431,-0.10905999661374,"Below 0"
571,"Generated",-3.143016712055,-3.99380776688922,-2.11871176268875,"dt","Dirichlet Tree","test",-0.209400270755555,-0.0337702122020103,"Below 0"
572,"Generated",-3.21449585666073,-3.87248958930466,-2.48633849909087,"dt","Dirichlet Tree","test",-0.140982442456684,0.358977777143253,"Below 0"
573,"Generated",-0.670652083302382,-1.31957787429875,-0.0338441554951278,"dt","Dirichlet Tree","test",-0.209589161992754,0.0229398631768911,"Below 0"
574,"Generated",-2.9818064989261,-3.68286920674678,-2.32929088279791,"dt","Dirichlet Tree","test",0.450424742999286,-0.0389950304517417,"Below 0"
575,"Generated",-4.31050410745771,-5.12211039868136,-3.41406516970978,"dt","Dirichlet Tree","test",-0.0778307263223184,-0.354467786465463,"Below 0"
576,"Generated",-3.20801351434872,-4.12254173287493,-2.33016129509391,"dt","Dirichlet Tree","test",-0.241840079518779,-0.0852733948906477,"Below 0"
577,"Generated",-1.40222339734964,-2.10969399200143,-0.746177182007604,"dt","Dirichlet Tree","test",-0.159647073431158,0.18497101864835,"Below 0"
578,"Generated",-1.19281938718731,-1.70537096747066,-0.717045227839985,"dt","Dirichlet Tree","test",-0.282899731152379,-0.10575614993571,"Below 0"
579,"Generated",-4.02403927092567,-4.96134017964282,-3.20542762408624,"dt","Dirichlet Tree","test",-0.217178621043404,0.263418755242193,"Below 0"
580,"Generated",-1.58509496145505,-2.2391890874587,-0.857282344146534,"dt","Dirichlet Tree","test",0.757651204136383,0.0524277611400491,"Below 0"
581,"Generated",-3.74753798485097,-4.56982125511041,-2.98794143720321,"dt","Dirichlet Tree","test",-0.226262329454911,0.0206538377168813,"Below 0"
582,"Generated",-2.88066936585226,-3.65865262872138,-1.92647980782295,"dt","Dirichlet Tree","test",-0.275883600214563,-0.247731206738807,"Below 0"
583,"Generated",-2.92700372604229,-3.9217292410527,-2.10431991448422,"dt","Dirichlet Tree","test",-0.281720680542572,-0.0105312361820067,"Below 0"
584,"Generated",-2.28078906849169,-2.94324704847503,-1.67132833760541,"dt","Dirichlet Tree","test",0.0879515451056978,-0.596432093554136,"Below 0"
585,"Generated",-2.67143282242854,-3.46437763347106,-1.9766812164758,"dt","Dirichlet Tree","test",-0.224963728823936,0.0165111415621386,"Below 0"
586,"Generated",-2.34541895097058,-3.05433676830033,-1.67032631503331,"dt","Dirichlet Tree","test",-0.28849590395245,-0.214357741615823,"Below 0"
587,"Generated",-3.68377496566716,-4.39814467979121,-3.01323284867732,"dt","Dirichlet Tree","test",0.618946383731951,0.196569814325118,"Below 0"
588,"Generated",-1.41300927845921,-1.97491654327161,-0.828006249640809,"dt","Dirichlet Tree","test",0.828727097004144,0.110013506405434,"Below 0"
589,"Generated",-2.83403495682297,-3.71968066766783,-2.06014000712589,"dt","Dirichlet Tree","test",-0.228241252167103,0.232424549875171,"Below 0"
590,"Generated",-3.74774541859026,-4.55046477303588,-2.94944694430047,"dt","Dirichlet Tree","test",-0.221567120758347,0.255944976299757,"Below 0"
591,"Generated",-0.851975514977284,-1.47039203157141,-0.240954226861321,"dt","Dirichlet Tree","test",-0.193117688584279,0.286512998984935,"Below 0"
592,"Generated",-2.93042671622092,-3.85886173319007,-2.03337618927542,"dt","Dirichlet Tree","test",-0.0431691918020871,-0.174382195169834,"Below 0"
593,"Generated",-3.43724792960261,-4.06059933915546,-2.79910642874795,"dt","Dirichlet Tree","test",-0.214675477953164,0.03998159966393,"Below 0"
594,"Generated",-1.86623353391946,-2.35182308337473,-1.40259048845,"dt","Dirichlet Tree","test",-0.0643963955723596,0.432981705480299,"Below 0"
595,"Generated",-3.96070575875675,-4.73616059314653,-3.24549985712375,"dt","Dirichlet Tree","test",-0.197746667408633,0.0934854202149343,"Below 0"
596,"Generated",-1.30104921843619,-1.97201059283618,-0.552262427609233,"dt","Dirichlet Tree","test",-0.198599069118861,0.326819004873395,"Below 0"
597,"Generated",-3.6828596779499,-4.32435862132129,-3.05064631988474,"dt","Dirichlet Tree","test",-0.160115198504352,0.274432201275171,"Below 0"
598,"Generated",-1.56324027488691,-2.49205258711287,-0.775119052569069,"dt","Dirichlet Tree","test",-0.244607353031375,0.530897200067122,"Below 0"
599,"Generated",-3.73038906870327,-4.48628781683264,-3.09242118639649,"dt","Dirichlet Tree","test",-0.208709335110614,-0.109592648939448,"Below 0"
600,"Generated",-3.42757994993971,-4.37105870288145,-2.65736847559198,"dt","Dirichlet Tree","test",0.318730930815921,0.161068883460396,"Below 0"
601,"Generated",-1.11703462421184,-1.86609550591098,-0.576315246930808,"dt","Dirichlet Tree","test",-0.240928789383054,0.0889612589997095,"Below 0"
602,"Generated",-2.9430399200504,-3.63257101728984,-2.16637556057758,"dt","Dirichlet Tree","test",0.709797977490886,0.268262124609751,"Below 0"
603,"Generated",-0.903826083020145,-1.71832410817122,-0.181939424035682,"dt","Dirichlet Tree","test",-0.246769360808515,0.108485996374814,"Below 0"
604,"Generated",-3.65881500255182,-4.22840320420893,-3.0522758546163,"dt","Dirichlet Tree","test",-0.0709542076294013,0.464999716194845,"Below 0"
605,"Generated",-2.49904810161196,-3.07979835657723,-1.95583717102852,"dt","Dirichlet Tree","test",-0.181767186118446,0.267337574236594,"Below 0"
606,"Generated",-2.42518483184898,-3.13699952758141,-1.65698993412072,"dt","Dirichlet Tree","test",-0.248009365674963,0.121924507450039,"Below 0"
607,"Generated",-3.45598237308085,-4.17924296361593,-2.63117968107095,"dt","Dirichlet Tree","test",0.547347369693628,-0.234680736125816,"Below 0"
608,"Generated",-2.33484974362156,-3.0817706447477,-1.57401174532792,"dt","Dirichlet Tree","test",-0.235306420383609,0.0749899974289008,"Below 0"
609,"Generated",-3.60293298814138,-4.34895433362472,-2.89044500468485,"dt","Dirichlet Tree","test",-0.171469527715943,0.285835484539812,"Below 0"
610,"Generated",-2.73970833233071,-3.33819937048333,-2.10680951534,"dt","Dirichlet Tree","test",-0.237696848552649,0.0850476777402821,"Below 0"
611,"Generated",-2.68538758549304,-3.43936102782445,-2.00608945715416,"dt","Dirichlet Tree","test",0.896271858404648,-0.0211490557575386,"Below 0"
612,"Generated",-3.87794733824315,-4.59479239203694,-3.19653103172882,"dt","Dirichlet Tree","test",-0.139023769124878,-0.0103485043166857,"Below 0"
613,"Generated",-2.28973847096266,-3.02032162763642,-1.56424800418165,"dt","Dirichlet Tree","test",-0.298814530493899,-0.239212456691352,"Below 0"
614,"Generated",-2.71076348371718,-3.63334801805265,-1.67176299859094,"dt","Dirichlet Tree","test",0.238885644973722,-0.269499758304291,"Below 0"
615,"Generated",-1.9887726715164,-2.86040666366879,-1.23498106694016,"dt","Dirichlet Tree","test",-0.226195962584259,0.235259278100987,"Below 0"
616,"Generated",-3.38027994298673,-4.00432709014131,-2.72204696650742,"dt","Dirichlet Tree","test",-0.186408770653765,0.0950757695270762,"Below 0"
617,"Generated",-2.28326592487944,-2.84399248781547,-1.66110150451308,"dt","Dirichlet Tree","test",-0.0931006395919484,0.371206560362831,"Below 0"
618,"Generated",-1.92858763191937,-2.57280576347668,-1.3109826054865,"dt","Dirichlet Tree","test",-0.260982746358298,0.0894674559081662,"Below 0"
619,"Generated",-1.77014645998085,-2.57682972498216,-0.817175073889084,"dt","Dirichlet Tree","test",-0.31528772347789,-0.269953261700204,"Below 0"
620,"Generated",-3.11500618998407,-3.72069734515127,-2.55470843513647,"dt","Dirichlet Tree","test",-0.358706054662243,-0.532178881074524,"Below 0"
621,"Generated",-3.4569033475863,-4.22587509829151,-2.56761441619275,"dt","Dirichlet Tree","test",-0.276163632243607,-0.258747608605284,"Below 0"
622,"Generated",-1.6232856127899,-2.48021618412573,-0.713619337928732,"dt","Dirichlet Tree","test",-0.247357357780625,-0.148392863889921,"Below 0"
623,"Generated",-2.39408298793185,-2.88569809972311,-1.86963600698882,"dt","Dirichlet Tree","test",-0.30806758991494,-0.143133781565902,"Below 0"
624,"Generated",-0.437220127447853,-1.17141715136119,0.345337170721777,"dt","Dirichlet Tree","test",-0.377334391395176,-0.334439076240474,"Covers 0"
625,"Generated",-2.11135999607234,-2.89414307995106,-1.32825209375074,"dt","Dirichlet Tree","test",-0.113419299115509,-0.496562534004246,"Below 0"
626,"Generated",-2.0743465117766,-2.86307195735746,-1.43467861886705,"dt","Dirichlet Tree","test",-0.193931694704465,0.0583949352416087,"Below 0"
627,"Generated",-2.92485932598586,-3.52546127800627,-2.32036517630715,"dt","Dirichlet Tree","test",-0.205297236077087,0.327638786518444,"Below 0"
628,"Generated",-2.26261103175484,-2.93413800802292,-1.63583232726619,"dt","Dirichlet Tree","test",-0.154622255576648,0.330226853004067,"Below 0"
629,"Generated",-4.29269290393166,-5.12709487581606,-3.36629156804021,"dt","Dirichlet Tree","test",-0.175368628740268,-0.262500968194234,"Below 0"
630,"Generated",-4.37800798515505,-5.24744657719546,-3.35902323831384,"dt","Dirichlet Tree","test",-0.256620168262726,-0.117403031536818,"Below 0"
631,"Generated",-3.38334299346949,-4.23188362517623,-2.55126483459731,"dt","Dirichlet Tree","test",-0.143607882004538,0.0165982229547827,"Below 0"
632,"Generated",-0.821019454032576,-1.95220486947238,-0.0286103930963147,"dt","Dirichlet Tree","test",-0.240203027983435,0.0831705258908134,"Below 0"
633,"Generated",-0.979678508545003,-1.60893243630769,-0.410643362598028,"dt","Dirichlet Tree","test",-0.207067030637055,0.083007867576908,"Below 0"
634,"Generated",-2.38471090365132,-3.02657262802498,-1.76486387872152,"dt","Dirichlet Tree","test",-0.247328802958183,0.106765956469577,"Below 0"
635,"Generated",-0.322909965299331,-0.895839533129982,0.247231881787138,"dt","Dirichlet Tree","test",-0.274503932115348,0.246768016352779,"Covers 0"
636,"Generated",-1.79298608472084,-2.48488900857984,-1.09037776566468,"dt","Dirichlet Tree","test",-0.315480926455045,-0.201697833806987,"Below 0"
637,"Generated",-3.13522178677762,-3.85164486007482,-2.48997296929942,"dt","Dirichlet Tree","test",-0.162514666979873,0.0719806922631183,"Below 0"
638,"Generated",-0.989360598737538,-1.75021016484211,-0.31869832862334,"dt","Dirichlet Tree","test",-0.301340501263638,-0.272710532934268,"Below 0"
639,"Generated",-0.86868907743183,-1.652296154001,-0.168756628471273,"dt","Dirichlet Tree","test",-0.165971903102601,0.225520273874502,"Below 0"
640,"Generated",-2.41376576715276,-3.66104911845835,-1.60365549447983,"dt","Dirichlet Tree","test",0.177640315945476,-0.0915201978718379,"Below 0"
641,"Generated",-3.43819141591618,-4.29044268615773,-2.73098590945681,"dt","Dirichlet Tree","test",-0.202890937077485,0.0985394730041783,"Below 0"
642,"Generated",-2.66496503416188,-3.56734891518171,-1.78604913562977,"dt","Dirichlet Tree","test",-0.236857703549617,-0.00975504236652413,"Below 0"
643,"Generated",-3.49314881730567,-4.17805705578292,-2.84405150097905,"dt","Dirichlet Tree","test",-0.0835003476942468,0.188735333627679,"Below 0"
644,"Generated",-2.76527753196698,-3.71227417234726,-1.8486835419714,"dt","Dirichlet Tree","test",-0.15249239307665,0.348169825648755,"Below 0"
645,"Generated",-2.82199965314298,-3.43838789493812,-2.24969251290014,"dt","Dirichlet Tree","test",-0.317831424660211,-0.129729895758648,"Below 0"
646,"Generated",-0.91074086853897,-1.6929472960196,-0.131016118462826,"dt","Dirichlet Tree","test",0.366986150666115,-0.106191287270107,"Below 0"
647,"Generated",-1.59358610212111,-2.33141157510233,-0.897219152884668,"dt","Dirichlet Tree","test",-0.126776550540651,-0.203119292637725,"Below 0"
648,"Generated",-1.52574430511379,-2.12494414145813,-0.96711963350131,"dt","Dirichlet Tree","test",0.825874202911638,-0.183098251387623,"Below 0"
649,"Generated",-2.84265476967102,-3.77869562663852,-2.15972562018016,"dt","Dirichlet Tree","test",-0.297845347045637,-0.0452001775863935,"Below 0"
650,"Generated",-2.27497197259122,-2.93698482205752,-1.60679906662601,"dt","Dirichlet Tree","test",-0.259812820218069,-0.224007871413342,"Below 0"
651,"Generated",-2.50999799000098,-3.31451050434177,-1.72955343343972,"dt","Dirichlet Tree","test",-0.285331557320089,0.0588007813048204,"Below 0"
652,"Generated",-2.43645588973094,-3.08467013907731,-1.75541127697817,"dt","Dirichlet Tree","test",-0.20022709169997,0.123353711467128,"Below 0"
653,"Generated",-4.1641222450971,-4.91450026492529,-3.45301698655953,"dt","Dirichlet Tree","test",-0.306426291777942,-0.423586612871976,"Below 0"
654,"Generated",-1.40481798779599,-2.07958320634762,-0.666951255716514,"dt","Dirichlet Tree","test",-0.236696818603022,0.127649524284763,"Below 0"
655,"Generated",-0.844998122302789,-1.57439815643015,-0.0340859938144134,"dt","Dirichlet Tree","test",-0.344763844905824,-0.53675855865447,"Below 0"
656,"Generated",-2.23828510623849,-2.89827149555636,-1.54589210072381,"dt","Dirichlet Tree","test",-0.233487602950834,0.19016631001054,"Below 0"
657,"Generated",-1.79757687055811,-2.53552612853641,-1.16473731328447,"dt","Dirichlet Tree","test",-0.187676803501321,-0.555545295348044,"Below 0"
658,"Generated",-3.00582405733809,-3.74167346102556,-2.29812248436479,"dt","Dirichlet Tree","test",0.728894687897219,-0.188485436974302,"Below 0"
659,"Generated",-1.03731045088598,-2.23238445458363,-0.162197232044032,"dt","Dirichlet Tree","test",-0.257185241418525,0.111354250179351,"Below 0"
660,"Generated",-2.28790295084472,-3.34371815176086,-1.39337484449437,"dt","Dirichlet Tree","test",-0.325804167841127,-0.0937005777127985,"Below 0"
661,"Generated",-2.64823859867082,-3.30401536806469,-1.96013002106451,"dt","Dirichlet Tree","test",-0.266786209696206,0.0918244888984278,"Below 0"
662,"Generated",-1.68051342707143,-2.46308811153956,-1.00006492514492,"dt","Dirichlet Tree","test",-0.29615779868668,-0.646441020394147,"Below 0"
663,"Generated",-3.90908828639921,-4.87548415854908,-2.77278500529766,"dt","Dirichlet Tree","test",0.732684693678565,-0.0245048744069094,"Below 0"
664,"Generated",-2.25136877158508,-2.91891749055212,-1.60316355814518,"dt","Dirichlet Tree","test",-0.139574916279653,0.269393448694391,"Below 0"
665,"Generated",-1.97373751308825,-2.51139241544878,-1.48824041148645,"dt","Dirichlet Tree","test",0.944336822747778,-0.00509029472403809,"Below 0"
666,"Generated",-2.65092291377132,-3.42512433401934,-1.99443216162549,"dt","Dirichlet Tree","test",0.0959520359012255,-0.357042406204698,"Below 0"
667,"Generated",-2.6009863998802,-3.48079522057297,-1.89007218656485,"dt","Dirichlet Tree","test",-0.022946674671986,-0.550234416125656,"Below 0"
668,"Generated",-2.90497478341682,-3.54438341247011,-2.38161284696133,"dt","Dirichlet Tree","test",-0.187578651361656,0.386470657483566,"Below 0"
669,"Generated",-0.647298833140748,-1.23218711106763,-0.0816270307334079,"dt","Dirichlet Tree","test",-0.296142509172137,0.134615962169262,"Below 0"
670,"Generated",-2.15012603393433,-3.1218025830359,-1.15683516497597,"dt","Dirichlet Tree","test",-0.273878017306053,0.138269398502863,"Below 0"
671,"Generated",-2.93954055724699,-3.55127753403137,-2.27260207933114,"dt","Dirichlet Tree","test",-0.197116567669209,-0.138142371695656,"Below 0"
672,"Generated",-2.52674439366671,-3.23314530781556,-1.86090076831797,"dt","Dirichlet Tree","test",-0.0369393573004478,0.174915345899681,"Below 0"
673,"Generated",-3.2162342434075,-3.87408349979064,-2.51077623126111,"dt","Dirichlet Tree","test",0.600689068450642,-0.225051661828625,"Below 0"
674,"Generated",-2.83211216985037,-3.73397766194006,-1.98856623654132,"dt","Dirichlet Tree","test",-0.271725460633004,0.0553445135797085,"Below 0"
675,"Generated",-2.16621024782099,-3.1579499648662,-1.30846408856028,"dt","Dirichlet Tree","test",-0.363779187705472,-0.438502723766098,"Below 0"
676,"Generated",-3.94290970376571,-4.87819523063436,-3.08576175557205,"dt","Dirichlet Tree","test",-0.264536356171558,-0.0454333735280592,"Below 0"
677,"Generated",-2.11893615682531,-2.90010517998813,-1.36464226876918,"dt","Dirichlet Tree","test",0.0973893108582776,0.0546217627223331,"Below 0"
678,"Generated",-3.99834567856663,-4.69146082513962,-3.38282504166413,"dt","Dirichlet Tree","test",-0.140271977619627,0.107756972323248,"Below 0"
679,"Generated",-3.35293062371764,-4.11734805051544,-2.7063359165145,"dt","Dirichlet Tree","test",-0.266248567185221,-0.0696478609188288,"Below 0"
680,"Generated",-2.9930343908911,-3.78160066163589,-2.286004517218,"dt","Dirichlet Tree","test",-0.249176824485113,-0.087218051648175,"Below 0"
681,"Generated",-2.32703002891737,-3.26135814375654,-1.5699816512056,"dt","Dirichlet Tree","test",0.416540287792085,-0.0328258463573327,"Below 0"
682,"Generated",-1.3394284095553,-2.00108405154608,-0.696446481963717,"dt","Dirichlet Tree","test",0.398604684666446,0.101266861901079,"Below 0"
683,"Generated",-3.6000884109835,-4.28372352280407,-2.99356594699714,"dt","Dirichlet Tree","test",-0.11273771028866,0.292692818312605,"Below 0"
684,"Generated",-1.95559615153024,-2.59078574535568,-1.2297593566091,"dt","Dirichlet Tree","test",-0.29366045713787,-0.124615309369296,"Below 0"
685,"Generated",-2.03080464077104,-2.78084491129914,-1.3338415515744,"dt","Dirichlet Tree","test",-0.253314144685936,0.215192227552017,"Below 0"
686,"Generated",-3.46139847467199,-4.69215703514438,-2.66820183376529,"dt","Dirichlet Tree","test",-0.240310782494685,0.236930569300502,"Below 0"
687,"Generated",-1.94576788179007,-2.7182525577644,-1.15362990610659,"dt","Dirichlet Tree","test",-0.210265883821112,-0.117512960479185,"Below 0"
688,"Generated",-4.54639420771174,-5.43430936334807,-3.68039640694954,"dt","Dirichlet Tree","test",-0.225029386421326,-0.143247452785291,"Below 0"
689,"Generated",-1.21299917561963,-1.63072108718206,-0.780745156242421,"dt","Dirichlet Tree","test",0.71154041139008,0.0752035195775967,"Below 0"
690,"Generated",-1.20020524057039,-1.79905090846068,-0.530289130804887,"dt","Dirichlet Tree","test",0.786527529005674,-0.0217605155715226,"Below 0"
691,"Generated",-2.8436173622489,-3.66508328919752,-2.04227641389319,"dt","Dirichlet Tree","test",-0.24990446867335,0.030588749760828,"Below 0"
692,"Generated",-1.14600641915302,-1.8955492279435,-0.50557144804066,"dt","Dirichlet Tree","test",-0.15580002772212,0.467820880271403,"Below 0"
693,"Generated",-2.8333924085925,-3.38970631023455,-2.32024126769593,"dt","Dirichlet Tree","test",-0.155455846543911,0.308453577162393,"Below 0"
694,"Generated",-2.62007035651835,-3.31768894080359,-1.92981099384544,"dt","Dirichlet Tree","test",0.62027206318698,-0.0504583859734526,"Below 0"
695,"Generated",-1.75453718177016,-2.51106160529327,-1.03691181967732,"dt","Dirichlet Tree","test",-0.247196124863056,0.0189598301693045,"Below 0"
696,"Generated",-2.38075970338323,-3.36482458155041,-1.43601042127408,"dt","Dirichlet Tree","test",-0.198680520127243,0.288413635274452,"Below 0"
697,"Generated",-3.92021016559975,-4.6244931434087,-3.08132325368294,"dt","Dirichlet Tree","test",-0.0770096714156547,0.297575301175947,"Below 0"
698,"Generated",-3.51175743418859,-4.18038466812313,-2.80858818968537,"dt","Dirichlet Tree","test",-0.224619124267803,0.0308344322410841,"Below 0"
699,"Generated",-3.4870259516757,-4.55271104307462,-2.68656194007646,"dt","Dirichlet Tree","test",-0.349103611470852,-0.268145385838276,"Below 0"
700,"Generated",-2.92990379737588,-3.56373845860177,-2.31481365613773,"dt","Dirichlet Tree","test",-0.142790177918266,0.359110366055414,"Below 0"
701,"Generated",-3.39402182995024,-4.01813694606795,-2.74121367914114,"dt","Dirichlet Tree","test",-0.20898009771215,-0.0245687944757263,"Below 0"
702,"Generated",-2.37454331624405,-3.0664715160515,-1.72290881865994,"dt","Dirichlet Tree","test",0.445892509004626,0.0688343199427267,"Below 0"
703,"Generated",-3.02706345855635,-3.70971561388549,-2.37371173723787,"dt","Dirichlet Tree","test",0.738765913972397,0.0261911907749247,"Below 0"
704,"Generated",-2.57463504101823,-3.2415967524757,-1.884568709189,"dt","Dirichlet Tree","test",0.723303720808155,-0.157116222603065,"Below 0"
705,"Generated",-2.57426394249048,-3.65396178746874,-1.76940367305386,"dt","Dirichlet Tree","test",-0.173679073266617,0.240629290141278,"Below 0"
706,"Generated",-3.1324434352012,-3.74092169857049,-2.53446212424269,"dt","Dirichlet Tree","test",-0.167591002393033,0.293821358456872,"Below 0"
707,"Generated",-0.677742376432227,-1.37222486168899,-0.0102929526314809,"dt","Dirichlet Tree","test",-0.373075965103694,-0.586751243833747,"Below 0"
708,"Generated",-2.37962293034671,-2.93140237493748,-1.83694653372104,"dt","Dirichlet Tree","test",0.285410214803104,0.261699182028678,"Below 0"
709,"Generated",-3.31458419570509,-3.99632720863089,-2.56570552523836,"dt","Dirichlet Tree","test",-0.316992543553634,-0.0599317004922825,"Below 0"
710,"Generated",-2.72912304226116,-3.36152429453193,-2.10127914189386,"dt","Dirichlet Tree","test",0.911649614235947,0.0329189614833923,"Below 0"
711,"Generated",-0.866255435001538,-1.68677107022354,0.058446127702502,"dt","Dirichlet Tree","test",-0.20020434405748,0.479606861394933,"Covers 0"
712,"Generated",-2.68666356967051,-3.36691692600693,-2.04597284947233,"dt","Dirichlet Tree","test",0.0466822622003592,-0.209567307709096,"Below 0"
713,"Generated",-1.36562287090162,-2.24211108282484,-0.554190589682177,"dt","Dirichlet Tree","test",-0.221033878323189,0.449114904577374,"Below 0"
714,"Generated",-1.67744136173367,-2.44663095391461,-0.896035620946917,"dt","Dirichlet Tree","test",-0.259726564894173,-0.00367306381127427,"Below 0"
715,"Generated",-3.61111267289894,-4.46526501806015,-2.75867517070343,"dt","Dirichlet Tree","test",-0.151550624621455,0.371583919440102,"Below 0"
716,"Generated",-2.20627451647889,-2.9021032023402,-1.5415874919114,"dt","Dirichlet Tree","test",-0.228582020241226,0.359500430542401,"Below 0"
717,"Generated",-4.04221242331683,-4.6557516128988,-3.46125446039276,"dt","Dirichlet Tree","test",-0.191648542151121,0.171242592400339,"Below 0"
718,"Generated",-2.89458972702675,-3.53014423021741,-2.27818842210881,"dt","Dirichlet Tree","test",-0.23651157755496,-0.0509497261614908,"Below 0"
719,"Generated",-2.45753000134392,-3.36573030070794,-1.60590837872404,"dt","Dirichlet Tree","test",0.629328166635568,-0.435295656608724,"Below 0"
720,"Generated",-2.66088530690675,-3.40790100328674,-1.96327013793149,"dt","Dirichlet Tree","test",0.865449746728085,0.0429546057569517,"Below 0"
721,"Generated",-2.17519947565516,-2.85001817986759,-1.56371507221495,"dt","Dirichlet Tree","test",-0.401542912196313,-0.571115797101356,"Below 0"
722,"Generated",-2.55571990034874,-3.27764264974663,-1.82400685758408,"dt","Dirichlet Tree","test",-0.0552539154984976,-0.651702799888664,"Below 0"
723,"Generated",-3.97272295019551,-4.85419180591742,-3.25691601896967,"dt","Dirichlet Tree","test",-0.169716462953015,0.109607631419686,"Below 0"
724,"Generated",-1.82187071455211,-2.58286884227387,-1.20483394515083,"dt","Dirichlet Tree","test",0.0762216640404672,0.299720674594465,"Below 0"
725,"Generated",-3.85247892033634,-4.67797103209872,-2.99942871359838,"dt","Dirichlet Tree","test",-0.262265112305016,0.19281535908489,"Below 0"
726,"Generated",-2.10257243587728,-2.62539041036377,-1.50520754419543,"dt","Dirichlet Tree","test",-0.310697964127576,-0.421310993512101,"Below 0"
727,"Generated",-2.12582144322411,-2.95690128316489,-1.23765105021189,"dt","Dirichlet Tree","test",-0.199062556430141,0.466475210215005,"Below 0"
728,"Generated",-2.16354588962051,-2.72454095823019,-1.56577104498635,"dt","Dirichlet Tree","test",-0.1736050764269,0.303378789397357,"Below 0"
729,"Generated",-2.83738301281566,-3.63091891266145,-1.96574588381561,"dt","Dirichlet Tree","test",0.200771264107208,-0.00727460243445409,"Below 0"
730,"Generated",-4.39247905300121,-5.13850754156876,-3.67918002460332,"dt","Dirichlet Tree","test",-0.0300003823837175,0.406785459879748,"Below 0"
731,"Generated",-1.43799477106733,-2.62546981061773,-0.760098540925963,"dt","Dirichlet Tree","test",0.108982027024819,0.152041474223261,"Below 0"
732,"Generated",-2.14569239951324,-2.9862301967884,-1.28923870345887,"dt","Dirichlet Tree","test",-0.18300799504849,0.546570438600706,"Below 0"
733,"Generated",-3.02434001132292,-3.77769698457233,-2.1487144731934,"dt","Dirichlet Tree","test",-0.204438237496299,0.0622693740833486,"Below 0"
734,"Generated",-4.11195174191605,-4.83933180326643,-3.37681821663673,"dt","Dirichlet Tree","test",-0.193558385067869,0.148357589185879,"Below 0"
735,"Generated",-3.09455176512789,-3.85326918841971,-2.30087969928507,"dt","Dirichlet Tree","test",-0.26888780159103,0.214075240254311,"Below 0"
736,"Generated",-0.996125769515059,-1.96080204027857,-0.0799970527864896,"dt","Dirichlet Tree","test",-0.30471027963267,-0.0177633433376523,"Below 0"
737,"Generated",-3.28442329867908,-3.89089143207099,-2.57429766187894,"dt","Dirichlet Tree","test",0.535370089614963,0.0182920552717389,"Below 0"
738,"Generated",-1.9731477536573,-2.76247683428795,-1.24359250919753,"dt","Dirichlet Tree","test",-0.256821395935106,0.33581996022197,"Below 0"
739,"Generated",-2.52547791082429,-3.33051659164302,-1.72304593580201,"dt","Dirichlet Tree","test",-0.254903680377541,-0.261871790372692,"Below 0"
740,"Generated",-1.99715872853074,-2.65948847147523,-1.31084504598387,"dt","Dirichlet Tree","test",0.410819387023312,-0.262114996942119,"Below 0"
741,"Generated",-3.43197672883022,-4.12902387227318,-2.77262063356524,"dt","Dirichlet Tree","test",-0.20665011151113,0.120945323641196,"Below 0"
742,"Generated",-4.9503459604328,-5.94209266025956,-4.16657413046822,"dt","Dirichlet Tree","test",-0.30738899529639,0.0468694106569946,"Below 0"
743,"Generated",-2.59243264258263,-3.28735506764821,-1.88714564454449,"dt","Dirichlet Tree","test",-0.189590012133125,0.288764184502521,"Below 0"
744,"Generated",-2.49506269080708,-3.882758890666,-1.70939085485009,"dt","Dirichlet Tree","test",-0.196219897303068,0.0426937833290051,"Below 0"
745,"Generated",-1.90434389664978,-3.14663741046939,-1.086111910996,"dt","Dirichlet Tree","test",-0.181372836954929,0.312858684473606,"Below 0"
746,"Generated",-2.31161128073805,-3.05173806292362,-1.47728695828842,"dt","Dirichlet Tree","test",0.0989999227573151,-0.0621511088578269,"Below 0"
747,"Generated",-4.17092574035923,-4.98924589748271,-3.35213660610149,"dt","Dirichlet Tree","test",-0.201169771367296,0.304876137423175,"Below 0"
748,"Generated",-3.56091748902437,-4.3218325570704,-2.72450135004675,"dt","Dirichlet Tree","test",0.0945082915567302,-0.572011709097928,"Below 0"
749,"Generated",-2.43807304743587,-3.17293011177187,-1.7669739922156,"dt","Dirichlet Tree","test",-0.332264916852532,-0.339345313843947,"Below 0"
750,"Generated",-2.3372301797248,-3.07210808492771,-1.66584529068399,"dt","Dirichlet Tree","test",-0.225154569134588,-0.0336313828388347,"Below 0"
751,"Generated",-1.70378874744402,-2.38276799634311,-1.06711280017868,"dt","Dirichlet Tree","test",0.278618439672254,0.0367705660547163,"Below 0"
752,"Generated",-2.48990886441519,-3.21776729850062,-1.79166791735483,"dt","Dirichlet Tree","test",-0.179577515453858,0.286998643168647,"Below 0"
753,"Generated",-2.26748226697179,-3.12729888149262,-1.53947369154715,"dt","Dirichlet Tree","test",-0.323297118681422,-0.058698683837894,"Below 0"
754,"Generated",-3.49142660699603,-4.23326341739723,-2.71010120822616,"dt","Dirichlet Tree","test",-0.184332595463012,-0.210104954138897,"Below 0"
755,"Generated",-3.43747573811497,-4.44309864161462,-2.69278256232798,"dt","Dirichlet Tree","test",-0.262856481947989,-0.0772189107014227,"Below 0"
756,"Generated",-1.8458865747812,-2.49611336511421,-1.15582284236501,"dt","Dirichlet Tree","test",-0.389115607615313,-0.552634451273134,"Below 0"
757,"Generated",-3.86028877224535,-5.17793998541976,-3.07861983386222,"dt","Dirichlet Tree","test",-0.210446040722822,0.245042214579511,"Below 0"
758,"Generated",-2.47347673831238,-3.24284099084585,-1.70344513348334,"dt","Dirichlet Tree","test",-0.230665581175641,-0.40234907207155,"Below 0"
759,"Generated",-2.46746872561645,-3.42726679772993,-1.66352359211865,"dt","Dirichlet Tree","test",-0.196253233660131,0.227161335315497,"Below 0"
760,"Generated",-2.36169787408382,-3.14339256382938,-1.59056280699589,"dt","Dirichlet Tree","test",0.45147713319848,0.117146911516883,"Below 0"
761,"Generated",-3.21716190499472,-3.8145548570387,-2.59484680025181,"dt","Dirichlet Tree","test",0.278461688485734,-0.225601999144772,"Below 0"
762,"Generated",-3.86807809356085,-4.60290938080025,-3.14086953498975,"dt","Dirichlet Tree","test",-0.198618896960316,0.10048857624873,"Below 0"
763,"Generated",-2.81975415223887,-3.40772603074882,-2.24246603161301,"dt","Dirichlet Tree","test",-0.101678680788688,0.427253742799841,"Below 0"
764,"Generated",-1.39815776531716,-2.00577715018293,-0.75171345016671,"dt","Dirichlet Tree","test",-0.151013073242779,0.344346497269852,"Below 0"
765,"Generated",-2.44652286257456,-3.29393270843108,-1.70644253676683,"dt","Dirichlet Tree","test",-0.353670130067922,-0.29381736761274,"Below 0"
766,"Generated",-2.32282390280767,-2.91335419127727,-1.70299298271196,"dt","Dirichlet Tree","test",0.506745536828643,0.00913943562614399,"Below 0"
767,"Generated",-2.4431914700556,-3.08500350283919,-1.74624657944459,"dt","Dirichlet Tree","test",-0.206402835575034,0.252356265376487,"Below 0"
768,"Generated",-1.36851175399464,-2.15518113633733,-0.546551540354349,"dt","Dirichlet Tree","test",0.253975401837008,-0.235096383516639,"Below 0"
769,"Generated",-1.6477523138677,-2.75360029756186,-0.862399303134451,"dt","Dirichlet Tree","test",-0.374956387449571,-0.452343625561124,"Below 0"
770,"Generated",-3.85312461866027,-4.69546514369409,-3.12222747227636,"dt","Dirichlet Tree","test",0.0893576125748185,0.183894020774124,"Below 0"
771,"Generated",-3.49565789602475,-4.48173516198906,-2.73927925879719,"dt","Dirichlet Tree","test",-0.165290327893742,-0.145686865929407,"Below 0"
772,"Generated",-1.2083340015872,-2.05854382749665,-0.439867672829296,"dt","Dirichlet Tree","test",-0.271125914073055,0.227553681588464,"Below 0"
773,"Generated",-1.744413989551,-2.55382673702857,-1.02449215448256,"dt","Dirichlet Tree","test",-0.366359068775068,-0.213961990553385,"Below 0"
774,"Generated",-1.50641767123963,-2.23468223240666,-0.774889751970248,"dt","Dirichlet Tree","test",-0.211036940993947,0.433132278891348,"Below 0"
775,"Generated",-2.18912937224884,-3.15635414775564,-1.47316250426798,"dt","Dirichlet Tree","test",-0.244808261171153,0.160151668090119,"Below 0"
776,"Generated",-4.56715233780035,-5.2898785606441,-3.84298297867202,"dt","Dirichlet Tree","test",-0.209768145071438,0.214305555615728,"Below 0"
777,"Generated",-3.1237301269678,-3.93759078807292,-2.34749608880946,"dt","Dirichlet Tree","test",-0.245755836503132,0.107081743287508,"Below 0"
778,"Generated",-1.81260967429516,-2.56628027784768,-1.16145954617496,"dt","Dirichlet Tree","test",0.0957177295362646,-0.113265587358425,"Below 0"
779,"Generated",-2.77223367187204,-3.5174559982853,-2.04687362612995,"dt","Dirichlet Tree","test",0.417105111334435,0.0885571334239826,"Below 0"
780,"Generated",-3.14543606252609,-4.35110746928475,-2.19154481320024,"dt","Dirichlet Tree","test",-0.218961132896116,-0.244704545646433,"Below 0"
781,"Generated",-2.28093905229172,-3.07376550988708,-1.55097730149933,"dt","Dirichlet Tree","test",-0.284595622421354,-0.216527682995492,"Below 0"
782,"Generated",-1.31340500533882,-2.38215391459137,-0.560466900236254,"dt","Dirichlet Tree","test",-0.263954576800492,0.126686595675596,"Below 0"
783,"Generated",-2.63562200082915,-3.42294321594942,-1.92741242044739,"dt","Dirichlet Tree","test",-0.271199033987546,-0.173803470008747,"Below 0"
784,"Generated",-2.51453695157856,-3.28614500435043,-1.85759476623953,"dt","Dirichlet Tree","test",0.751635370428053,-0.35006070757469,"Below 0"
785,"Generated",-2.8993718063514,-3.56638803514199,-2.12421095060188,"dt","Dirichlet Tree","test",0.926584735635237,0.104869290970991,"Below 0"
786,"Generated",-3.59613847080237,-4.57519589409147,-2.83032950613831,"dt","Dirichlet Tree","test",-0.0669445356839456,-0.184882831331043,"Below 0"
787,"Generated",-1.59789318238292,-2.18329749250832,-0.970559339213348,"dt","Dirichlet Tree","test",-0.217410575278765,-0.690881506898783,"Below 0"
788,"Generated",-3.2028869014187,-3.94949803105919,-2.44339515270038,"dt","Dirichlet Tree","test",-0.330751428389586,-0.29142405626677,"Below 0"
789,"Generated",0.651188100078183,-0.0237758504211916,1.33809817650405,"dt","Dirichlet Tree","test",-0.180330861971854,0.133194439158201,"Covers 0"
790,"Generated",-1.65129425261275,-2.12824581462894,-1.19445871258085,"dt","Dirichlet Tree","test",-0.13683013658795,0.274474081548681,"Below 0"
791,"Generated",-1.23576475118178,-1.96287287091659,-0.503867978367418,"dt","Dirichlet Tree","test",-0.245079841347308,0.0912369554894711,"Below 0"
792,"Generated",-2.72208597589596,-3.47538736108599,-1.97532081791237,"dt","Dirichlet Tree","test",-0.319916411649951,-0.212961157347744,"Below 0"
793,"Generated",-3.96540144509387,-4.94243134420479,-3.10662712182005,"dt","Dirichlet Tree","test",-0.406909357463663,-0.490715481254433,"Below 0"
794,"Generated",-2.64638591932459,-3.89913869405448,-1.42855612501184,"dt","Dirichlet Tree","test",-0.201345591391053,-0.277137150687282,"Below 0"
795,"Generated",-2.48606571395762,-3.19016997941074,-1.83179543294676,"dt","Dirichlet Tree","test",-0.0912883162936929,-0.347435515008663,"Below 0"
796,"Generated",0.35794949202224,-0.296137091435062,0.944934439341626,"dt","Dirichlet Tree","test",-0.31207179757251,-0.129821997327131,"Covers 0"
797,"Generated",-3.71871703345109,-4.42289018243808,-3.00413552609528,"dt","Dirichlet Tree","test",-0.14995511265291,0.203158178697321,"Below 0"
798,"Generated",-2.37284579547136,-3.12078876389499,-1.55772978262262,"dt","Dirichlet Tree","test",0.0905469688189152,-0.269643352689654,"Below 0"
799,"Generated",-3.71649743305146,-4.43534974542383,-3.07092046063862,"dt","Dirichlet Tree","test",-0.101720132446854,0.206093721058661,"Below 0"
800,"Generated",-1.5146027058264,-2.32190414976085,-0.868220578485574,"dt","Dirichlet Tree","test",-0.097163462054728,-0.407851017554667,"Below 0"
801,"Generated",-3.72230583730949,-4.54379062710577,-3.05943560693833,"dt","Dirichlet Tree","test",-0.15898239340837,0.420391544335341,"Below 0"
802,"Generated",-1.62684592216796,-2.27639201650672,-0.844975336919531,"dt","Dirichlet Tree","test",-0.143458728132573,0.267190855303321,"Below 0"
803,"Generated",-0.706598092728294,-1.42982667724313,0.0181525181867287,"dt","Dirichlet Tree","test",-0.270011855506086,-0.0669944633206498,"Covers 0"
804,"Generated",-3.41046123065673,-4.39971021741929,-2.35935331148943,"dt","Dirichlet Tree","test",-0.236181107101296,-0.231170892028603,"Below 0"
805,"Generated",-2.09454969038157,-3.01438324663819,-1.21485935433188,"dt","Dirichlet Tree","test",-0.233208238315084,0.165671702587798,"Below 0"
806,"Generated",-1.90380946510271,-2.63177377616047,-1.20931256822402,"dt","Dirichlet Tree","test",0.636416530139824,0.142725253794348,"Below 0"
807,"Generated",-1.56866742328251,-2.27914723792837,-0.899609109593386,"dt","Dirichlet Tree","test",-0.208325721659141,-0.113945187724266,"Below 0"
808,"Generated",-1.51153655465187,-2.15503327872186,-0.801953483508103,"dt","Dirichlet Tree","test",-0.217442686176875,0.358022048858402,"Below 0"
809,"Generated",-3.51603718479647,-4.51658705404699,-2.62714393520805,"dt","Dirichlet Tree","test",0.0250929600770222,0.339059700640478,"Below 0"
810,"Generated",-2.30325510990672,-2.86903788887707,-1.68792175205503,"dt","Dirichlet Tree","test",0.829138313862404,-0.0323462459575732,"Below 0"
811,"Generated",-2.65191437100836,-3.33948381139212,-2.00560610361079,"dt","Dirichlet Tree","test",-0.203120725125008,0.335018465834812,"Below 0"
812,"Generated",-1.91276271085463,-2.52278480910492,-1.40878701738776,"dt","Dirichlet Tree","test",-0.112641742476769,0.443821148864015,"Below 0"
813,"Generated",-2.27014874824961,-2.77887554317114,-1.72433404963996,"dt","Dirichlet Tree","test",-0.265783877851131,0.00790644399155166,"Below 0"
814,"Generated",-3.25535001425038,-4.05435644161868,-2.32039176378278,"dt","Dirichlet Tree","test",0.796822128002122,-0.149734982033153,"Below 0"
815,"Generated",-3.73471981444041,-4.82921279233395,-3.00724208563496,"dt","Dirichlet Tree","test",-0.192823646963295,-0.146447981856689,"Below 0"
816,"Generated",-2.97467317012726,-3.75395624638602,-2.17808522990101,"dt","Dirichlet Tree","test",-0.164429320925474,0.299515347051461,"Below 0"
817,"Generated",0.750422965697861,-0.0791897910423242,1.44584364130117,"dt","Dirichlet Tree","test",-0.320035650225867,-0.354747394835358,"Covers 0"
818,"Generated",-4.59162832827882,-5.3371191895493,-3.7903799648213,"dt","Dirichlet Tree","test",-0.12435812011846,0.335868030154903,"Below 0"
819,"Generated",-1.62400112684884,-2.36977017010571,-0.879407187357996,"dt","Dirichlet Tree","test",-0.326322248407655,0.0415592993487946,"Below 0"
820,"Generated",-2.37728826012638,-3.07732441537584,-1.6418934938026,"dt","Dirichlet Tree","test",-0.292103337597119,-0.320143539315911,"Below 0"
821,"Generated",-2.91590257688288,-3.62810225038823,-2.27172387709202,"dt","Dirichlet Tree","test",-0.235296868108557,0.01536519648591,"Below 0"
822,"Generated",-3.17906641092087,-3.83742014804551,-2.42794551961277,"dt","Dirichlet Tree","test",-0.161783761999982,0.250049057549562,"Below 0"
823,"Generated",-1.7566133903463,-2.32877016675499,-1.17331369612652,"dt","Dirichlet Tree","test",-0.218986276444782,0.198006277677401,"Below 0"
824,"Generated",-0.761340466382478,-1.44389439028348,-0.0493755045688105,"dt","Dirichlet Tree","test",-0.16397047528253,0.206180469188208,"Below 0"
825,"Generated",-3.52749426647967,-4.37620696253503,-2.59602356637186,"dt","Dirichlet Tree","test",0.412432049188731,0.0981813585408245,"Below 0"
826,"Generated",-2.3160297505293,-2.87434265780092,-1.77378420341584,"dt","Dirichlet Tree","test",0.895847078593826,-0.0674567052921796,"Below 0"
827,"Generated",-2.4064409111841,-3.16269264400195,-1.77080345024693,"dt","Dirichlet Tree","test",0.170100413283174,-0.431404777001036,"Below 0"
828,"Generated",-3.00289912196303,-3.65786541037201,-2.26484696939191,"dt","Dirichlet Tree","test",-0.18624340688165,0.165736783214071,"Below 0"
829,"Generated",-3.07182238920966,-3.74057817924177,-2.37176872098123,"dt","Dirichlet Tree","test",-0.301644006431611,-0.408473857454585,"Below 0"
830,"Generated",-3.47991197904397,-4.44697516023357,-2.62670002982736,"dt","Dirichlet Tree","test",0.406324694315259,-0.42491533668966,"Below 0"
831,"Generated",-0.423654387503869,-0.947553281137695,0.0960846455613563,"dt","Dirichlet Tree","test",-0.191481256779752,0.370409057572293,"Covers 0"
832,"Generated",-0.968707212039224,-1.64513502240492,-0.301315318972675,"dt","Dirichlet Tree","test",-0.267718430059956,0.291839173516323,"Below 0"
833,"Generated",-2.26147591389871,-3.15286865742248,-1.39373329019391,"dt","Dirichlet Tree","test",-0.143316993573579,0.2509723487262,"Below 0"
834,"Generated",-2.17920251181032,-2.88188524735512,-1.46184009945425,"dt","Dirichlet Tree","test",-0.0560262022444618,-0.416872640801059,"Below 0"
835,"Generated",-3.33369887174175,-4.24152896060949,-2.51669448674582,"dt","Dirichlet Tree","test",-0.336897542333869,-0.163561858878618,"Below 0"
836,"Generated",-3.55336376801987,-4.33682742478352,-2.91045692652773,"dt","Dirichlet Tree","test",-0.0999634228127944,0.414060953075959,"Below 0"
837,"Generated",-3.28297922879234,-3.98543447313718,-2.60460574985037,"dt","Dirichlet Tree","test",-0.434696522102685,-0.58138413412992,"Below 0"
838,"Generated",-3.28106070203683,-4.02251748983392,-2.48901981148447,"dt","Dirichlet Tree","test",0.708469150013737,-0.00972926720205461,"Below 0"
839,"Generated",-3.00100600181844,-3.73165239567606,-2.39468664176962,"dt","Dirichlet Tree","test",-0.202719090076657,0.128255750904506,"Below 0"
840,"Generated",-1.23656249700882,-1.9782328133748,-0.561492659529948,"dt","Dirichlet Tree","test",-0.264042231358985,0.0971713279006499,"Below 0"
841,"Generated",-1.34855748066791,-2.19214250476278,-0.606882461376483,"dt","Dirichlet Tree","test",-0.192380300064415,0.380681483922562,"Below 0"
842,"Generated",-2.1691827842886,-3.08033459887343,-1.390552872159,"dt","Dirichlet Tree","test",-0.233518298332157,0.0693007612203723,"Below 0"
843,"Generated",-3.09950356137625,-3.75986172539241,-2.37362244453789,"dt","Dirichlet Tree","test",-0.409358790837177,-0.526496714761905,"Below 0"
844,"Generated",-1.06052127671035,-1.74328235707716,-0.438278636420401,"dt","Dirichlet Tree","test",-0.218553929753077,0.454991726628441,"Below 0"
845,"Generated",-3.12721675752801,-3.79556749000726,-2.45769811708793,"dt","Dirichlet Tree","test",-0.226945313839217,0.0372811721484321,"Below 0"
846,"Generated",-3.20056602424272,-3.98000585231975,-2.35351907439112,"dt","Dirichlet Tree","test",0.692438939296834,-0.0493205865590757,"Below 0"
847,"Generated",-2.35363302748585,-3.0530106526992,-1.71449919761653,"dt","Dirichlet Tree","test",-0.113117089414562,0.405213814438223,"Below 0"
848,"Generated",-0.179618613188809,-0.829318290780106,0.474847202577628,"dt","Dirichlet Tree","test",-0.185224992319466,0.188703881500065,"Covers 0"
849,"Generated",-3.03608302914515,-3.7298589328293,-2.37922017225916,"dt","Dirichlet Tree","test",0.0192702986889732,-0.427690318839653,"Below 0"
850,"Generated",-1.48600480774712,-2.11710088567472,-0.91273626446738,"dt","Dirichlet Tree","test",-0.148418107630218,0.365240821361931,"Below 0"
851,"Generated",-2.09893501993792,-2.80955126199147,-1.36163771696543,"dt","Dirichlet Tree","test",-0.127379113834526,0.238371264220985,"Below 0"
852,"Generated",-3.1680412242934,-3.95542286035631,-2.35937237960648,"dt","Dirichlet Tree","test",-0.177686652398576,-0.0870150623409819,"Below 0"
853,"Generated",-1.75958035376964,-2.4805334917731,-1.00849828652162,"dt","Dirichlet Tree","test",-0.282942230780535,-0.0277703575242048,"Below 0"
854,"Generated",-1.10030706624581,-1.73272203364935,-0.53717947569328,"dt","Dirichlet Tree","test",-0.231483426936128,0.297064342402036,"Below 0"
855,"Generated",-3.96255150572322,-4.81465524452977,-3.18525145069904,"dt","Dirichlet Tree","test",-0.180807460023186,0.381675216484358,"Below 0"
856,"Generated",-3.2258628849545,-3.92246736224846,-2.54691730202126,"dt","Dirichlet Tree","test",-0.00146924282017292,0.152677357287391,"Below 0"
857,"Generated",-3.93200578288433,-4.71205558415402,-3.20991217834268,"dt","Dirichlet Tree","test",-0.198751665980948,0.0936017434826612,"Below 0"
858,"Generated",-3.56242202947907,-4.25924246024732,-2.92575507599698,"dt","Dirichlet Tree","test",-0.215829951251432,0.138267371726278,"Below 0"
859,"Generated",-1.37515145402517,-1.97282879253878,-0.802938443175876,"dt","Dirichlet Tree","test",0.436483492483562,-0.256168688425892,"Below 0"
860,"Generated",-3.33706495477301,-4.07171664931929,-2.59343977291851,"dt","Dirichlet Tree","test",-0.310057400103253,-0.180645451175121,"Below 0"
861,"Generated",-2.56525535140693,-3.18969653799946,-1.96625038406252,"dt","Dirichlet Tree","test",0.794600146148725,-0.0626941976624308,"Below 0"
862,"Generated",-3.48761667474377,-4.28819992653797,-2.67647808263541,"dt","Dirichlet Tree","test",-0.190131842216547,0.363559022017957,"Below 0"
863,"Generated",-2.48775499588588,-3.26870138811182,-1.52802092468091,"dt","Dirichlet Tree","test",-0.288398110925531,-0.118088119849873,"Below 0"
864,"Generated",-2.09609015446283,-2.69402394310499,-1.50898203972233,"dt","Dirichlet Tree","test",-0.18686443068336,0.366628183214576,"Below 0"
865,"Generated",-3.39146061689721,-4.08546788648292,-2.69352898587164,"dt","Dirichlet Tree","test",-0.144006253778235,0.0931908867555814,"Below 0"
866,"Generated",-4.50582050815017,-5.16679536458193,-3.86279851095289,"dt","Dirichlet Tree","test",-0.0942841970199731,0.432035331286747,"Below 0"
867,"Generated",-2.61363530034625,-3.4122900025164,-1.69696548816856,"dt","Dirichlet Tree","test",0.0629935680701459,0.0455168363156625,"Below 0"
868,"Generated",-1.23069197592943,-1.97395703178794,-0.418767746497185,"dt","Dirichlet Tree","test",-0.184932358447394,0.247435789864964,"Below 0"
869,"Generated",-2.9432212135995,-3.5750756314424,-2.33084126578332,"dt","Dirichlet Tree","test",-0.151513425471057,0.305060279904184,"Below 0"
870,"Generated",-3.26759381099599,-4.28603921962796,-2.28351264103504,"dt","Dirichlet Tree","test",0.0270892859735952,-0.0517457968128647,"Below 0"
871,"Generated",-1.35368071548272,-2.07717803724439,-0.605920302272031,"dt","Dirichlet Tree","test",-0.232925175849623,0.271002698962609,"Below 0"
872,"Generated",-1.60568057881672,-2.12768172413434,-1.07504516004136,"dt","Dirichlet Tree","test",-0.331194789997836,-0.291405347329145,"Below 0"
873,"Generated",-2.02037411406592,-2.73472402882485,-1.24948347313997,"dt","Dirichlet Tree","test",0.293881133547241,0.0410269746995213,"Below 0"
874,"Generated",-3.26686889116906,-3.94059364244609,-2.7006449256765,"dt","Dirichlet Tree","test",-0.340243853400001,-0.483964682435308,"Below 0"
875,"Generated",-2.00845946877472,-2.75412109397749,-1.26065982238769,"dt","Dirichlet Tree","test",-0.302105039654508,-0.168979885117173,"Below 0"
876,"Generated",0.55054595389832,-0.0852729887703845,1.18452685664208,"dt","Dirichlet Tree","test",-0.173722192603645,0.304179162454122,"Covers 0"
877,"Generated",-1.22256891327843,-1.96474925967609,-0.514763023654828,"dt","Dirichlet Tree","test",-0.269033132333139,0.0696467560168073,"Below 0"
878,"Generated",-1.4781422149452,-2.24394669903353,-0.737307567659598,"dt","Dirichlet Tree","test",-0.194348189156439,0.285734071735777,"Below 0"
879,"Generated",-1.53904275015619,-2.19548570385984,-0.87296500985944,"dt","Dirichlet Tree","test",-0.225586923161178,0.229347216673475,"Below 0"
880,"Generated",-3.57614632126827,-4.41417599201779,-2.84267649809552,"dt","Dirichlet Tree","test",-0.0943249204040402,0.153763249804244,"Below 0"
881,"Generated",-2.82760285448239,-3.74155148664101,-2.00081900395619,"dt","Dirichlet Tree","test",-0.192550067224488,0.141316585948121,"Below 0"
882,"Generated",-1.81573924684158,-2.40199334187063,-1.23809551729412,"dt","Dirichlet Tree","test",0.840979320714684,-0.0986398883119525,"Below 0"
883,"Generated",-1.61376556364226,-2.25648666000851,-0.984294559371892,"dt","Dirichlet Tree","test",0.120579109554791,0.17592054029819,"Below 0"
884,"Generated",-0.186200539331635,-0.806632702187858,0.560095555208645,"dt","Dirichlet Tree","test",-0.205705297694139,0.417175393804016,"Covers 0"
885,"Generated",-1.08047017241663,-1.83056163710584,-0.44140661683211,"dt","Dirichlet Tree","test",-0.299768699463253,-0.177117693099478,"Below 0"
886,"Generated",-0.881131400854866,-1.48491257017159,-0.29318428211041,"dt","Dirichlet Tree","test",0.9063828214878,-0.0433021666661056,"Below 0"
887,"Generated",-3.28026544931873,-3.99975044342515,-2.55797708868707,"dt","Dirichlet Tree","test",0.342066760472982,0.193890277625676,"Below 0"
888,"Generated",-1.7471391952704,-2.35356501415284,-1.19799018424079,"dt","Dirichlet Tree","test",-0.210006646078705,0.156554540227842,"Below 0"
889,"Generated",-1.4355957149385,-2.25486488899283,-0.406637830900374,"dt","Dirichlet Tree","test",-0.352847984749682,-0.255380475047735,"Below 0"
890,"Generated",-2.92066093561129,-3.63411706986551,-2.1937408243882,"dt","Dirichlet Tree","test",-0.036724235458746,-0.26892024335009,"Below 0"
891,"Generated",-1.556515216686,-2.61435321124104,-0.809828653291736,"dt","Dirichlet Tree","test",-0.189680616580257,0.253225283406538,"Below 0"
892,"Generated",-3.95073752136013,-4.95686139324045,-3.13025327872082,"dt","Dirichlet Tree","test",0.786913113092382,0.0576090515728238,"Below 0"
893,"Generated",-2.75547965039799,-3.54602303557763,-2.05676956107509,"dt","Dirichlet Tree","test",-0.126238913538944,0.139708197675454,"Below 0"
894,"Generated",-3.15234231908474,-3.95169801315634,-2.40706767224335,"dt","Dirichlet Tree","test",-0.284939148255357,-0.124090235029646,"Below 0"
895,"Generated",-1.89700568151748,-3.01351518215874,-1.11026991816745,"dt","Dirichlet Tree","test",-0.0421772500327795,0.428589417595858,"Below 0"
896,"Generated",-1.53193166220045,-2.3772934355964,-0.731367786747708,"dt","Dirichlet Tree","test",-0.14424159882573,0.314182244962822,"Below 0"
897,"Generated",-2.31662324322522,-2.95633911273871,-1.59204456038981,"dt","Dirichlet Tree","test",-0.154160009264417,-0.0697972204952379,"Below 0"
898,"Generated",-3.16917421220256,-3.84095634431895,-2.33004282126714,"dt","Dirichlet Tree","test",-0.35252378088839,-0.422161778676747,"Below 0"
899,"Generated",-1.57925332218911,-2.48221902416957,-0.869446965567849,"dt","Dirichlet Tree","test",-0.355660894652228,-0.309963713083442,"Below 0"
900,"Generated",-2.31311822553774,-2.98002433566487,-1.68276534324295,"dt","Dirichlet Tree","test",-0.159955402054143,-0.0905576794840218,"Below 0"
901,"Generated",-1.90767897278981,-2.61596925875628,-1.23742842505039,"dt","Dirichlet Tree","test",-0.224292154413725,0.431797812527986,"Below 0"
902,"Generated",-1.70597988839499,-2.72162258689132,-0.721265904202177,"dt","Dirichlet Tree","test",-0.122047094383297,0.163493020131909,"Below 0"
903,"Generated",-2.29862745195406,-3.17785528308986,-1.51129722168884,"dt","Dirichlet Tree","test",-0.0328006159636858,0.46749477821318,"Below 0"
904,"Generated",-2.74412975771247,-3.46066840104106,-2.0842842164975,"dt","Dirichlet Tree","test",-0.17547069050293,0.176073833271265,"Below 0"
905,"Generated",-2.84435764216158,-3.70290828521923,-2.10874523287221,"dt","Dirichlet Tree","test",0.84036122134135,-0.154638258546872,"Below 0"
906,"Generated",-3.13894312857423,-3.84040211587761,-2.40950436761251,"dt","Dirichlet Tree","test",-0.225186578391797,0.0046002197831632,"Below 0"
907,"Generated",-4.07996191644919,-5.00062753271745,-3.30218692270399,"dt","Dirichlet Tree","test",0.554233444198633,-0.253273728635129,"Below 0"
908,"Generated",-3.11498333358927,-4.00200418380092,-2.29975529834339,"dt","Dirichlet Tree","test",-0.304851286725386,-0.324581274638337,"Below 0"
909,"Generated",-1.86300535342395,-2.72878818434453,-1.23173396556511,"dt","Dirichlet Tree","test",-0.184932077420887,0.314681191710088,"Below 0"
910,"Generated",-0.133602797380536,-0.816231382419132,0.540269611698647,"dt","Dirichlet Tree","test",-0.342324167558947,-0.518248685933989,"Covers 0"
911,"Generated",-2.33413845878485,-3.0314076201201,-1.5576678021008,"dt","Dirichlet Tree","test",-0.208167554168436,0.0658270267245726,"Below 0"
912,"Generated",-2.29378135297532,-3.04684418867705,-1.59114165010924,"dt","Dirichlet Tree","test",0.342576813213443,-0.516552914383937,"Below 0"
913,"Generated",-1.39179225146274,-2.11264663063286,-0.7125085364865,"dt","Dirichlet Tree","test",-0.393979724524359,-0.507089747985752,"Below 0"
914,"Generated",-1.65821629644431,-2.46117301865411,-0.892280487133147,"dt","Dirichlet Tree","test",-0.306463920183168,0.0348921569176246,"Below 0"
915,"Generated",-3.56419498441155,-4.27066742923548,-2.84784070240575,"dt","Dirichlet Tree","test",-0.327917668843042,-0.187630653374397,"Below 0"
916,"Generated",-1.62104317248429,-2.72156019491515,-0.671478810429632,"dt","Dirichlet Tree","test",-0.183175747355166,0.170577565311782,"Below 0"
917,"Generated",-1.82490715111909,-2.63505940719135,-1.04375223907707,"dt","Dirichlet Tree","test",-0.243735507005768,-0.0228804114393827,"Below 0"
918,"Generated",-1.75685220439718,-2.41123342168552,-1.17698042523084,"dt","Dirichlet Tree","test",0.098723042098982,0.381594945097166,"Below 0"
919,"Generated",-3.06675306611013,-3.65344208556328,-2.43952736345615,"dt","Dirichlet Tree","test",-0.265014060001332,0.157970845338253,"Below 0"
920,"Generated",-2.2799023305688,-3.07577413723028,-1.5509842356194,"dt","Dirichlet Tree","test",-0.30072912214121,-0.0482760131851788,"Below 0"
921,"Generated",-1.89087133485779,-2.56875890498756,-1.28252644652601,"dt","Dirichlet Tree","test",-0.159193812103536,0.364891677137457,"Below 0"
922,"Generated",-2.01994029852556,-3.09879066211877,-1.1621046084818,"dt","Dirichlet Tree","test",-0.202830436051609,0.0382804697050348,"Below 0"
923,"Generated",-3.83035193704556,-4.51491363907062,-3.26854684260942,"dt","Dirichlet Tree","test",-0.267306248043093,-0.241059046002014,"Below 0"
924,"Generated",-2.2906395142325,-2.99977433393031,-1.59792807039861,"dt","Dirichlet Tree","test",0.0760243093055177,0.177913749280241,"Below 0"
925,"Generated",0.0337018559026726,-0.652549257339477,0.784107995347481,"dt","Dirichlet Tree","test",-0.372163276357766,-0.439788638332823,"Covers 0"
926,"Generated",-3.53060757266871,-4.38285091746605,-2.76089507207737,"dt","Dirichlet Tree","test",-0.143811045706104,0.317152996177373,"Below 0"
927,"Generated",-2.10548087546778,-2.77051438689208,-1.38031265424957,"dt","Dirichlet Tree","test",-0.334147630144819,-0.398483642595067,"Below 0"
928,"Generated",-0.326875306967096,-1.03700401744137,0.3983166262608,"dt","Dirichlet Tree","test",-0.264528713652722,-0.0594470376243813,"Covers 0"
929,"Generated",-3.6606551677818,-4.63398099748859,-2.81607459196477,"dt","Dirichlet Tree","test",-0.040339121313205,0.0641318569254156,"Below 0"
930,"Generated",-1.40712763317584,-1.97809019683353,-0.738519231584683,"dt","Dirichlet Tree","test",0.630336879074737,-0.0836828707624871,"Below 0"
931,"Generated",-0.659463498522442,-1.40399723815795,-0.012242640861839,"dt","Dirichlet Tree","test",-0.32460310205395,-0.29299913075326,"Below 0"
932,"Generated",-1.41585136315464,-2.17917049476379,-0.540002986746353,"dt","Dirichlet Tree","test",-0.211024324756134,0.467871335889562,"Below 0"
933,"Generated",-4.00709734254691,-4.62924107268138,-3.37189607350457,"dt","Dirichlet Tree","test",0.0984376627670471,0.132508922142189,"Below 0"
934,"Generated",-2.03499373783133,-2.68406420663605,-1.41352844043407,"dt","Dirichlet Tree","test",0.737795606860421,-0.128903634768707,"Below 0"
935,"Generated",-0.321671438280519,-0.969333845254421,0.283414375618093,"dt","Dirichlet Tree","test",-0.201775909340937,0.246479884113604,"Covers 0"
936,"Generated",-1.52507054841423,-2.27839057373165,-0.926881733336527,"dt","Dirichlet Tree","test",-0.361629349353436,-0.504845489735789,"Below 0"
937,"Generated",-2.89552390028806,-3.55901005705199,-2.19912632922458,"dt","Dirichlet Tree","test",0.332290715028888,-0.0707265814632481,"Below 0"
938,"Generated",-2.29124226204884,-2.95332994281701,-1.57600169777905,"dt","Dirichlet Tree","test",-0.0406003694730867,-0.572904787230135,"Below 0"
939,"Generated",-1.78037477850058,-2.41668377489996,-1.11936164806906,"dt","Dirichlet Tree","test",-0.294882073964046,-0.203555989299482,"Below 0"
940,"Generated",-3.56950335378786,-4.30066130230232,-2.85131176133508,"dt","Dirichlet Tree","test",-0.068585570003363,0.12968306559187,"Below 0"
941,"Generated",-3.21326585443105,-3.97077206942131,-2.53326146851802,"dt","Dirichlet Tree","test",-0.260371466985109,0.00522678310481065,"Below 0"
942,"Generated",-2.85410085723239,-3.76079671758891,-2.16398142651777,"dt","Dirichlet Tree","test",-0.251449763296049,-0.477402494268756,"Below 0"
943,"Generated",-2.0271849729343,-2.78253458132286,-1.31532771432463,"dt","Dirichlet Tree","test",-0.269140870191238,0.376636036400026,"Below 0"
944,"Generated",-1.91167964985856,-2.67769894031301,-1.16921148304541,"dt","Dirichlet Tree","test",-0.241975163411862,0.228136897000511,"Below 0"
945,"Generated",-4.46632210103257,-5.26359704780903,-3.75171088507382,"dt","Dirichlet Tree","test",0.381359784650833,0.0456794110280581,"Below 0"
946,"Generated",-3.16002653669401,-4.33415429295821,-2.22741216015465,"dt","Dirichlet Tree","test",-0.100437335590512,-0.376890058596943,"Below 0"
947,"Generated",-1.83874480320933,-2.66109014734826,-0.740753537179433,"dt","Dirichlet Tree","test",-0.319144433903271,-0.371808789947406,"Below 0"
948,"Generated",-3.25854394508775,-4.04333099279792,-2.41503114960387,"dt","Dirichlet Tree","test",0.389124220524841,0.14579744506589,"Below 0"
949,"Generated",-3.32463401839817,-4.06881427294202,-2.61294842106017,"dt","Dirichlet Tree","test",-0.362951358520218,-0.316008709478537,"Below 0"
950,"Generated",-3.7508581492643,-4.51063445689433,-2.93992101960734,"dt","Dirichlet Tree","test",-0.286834708177536,-0.0967999921209603,"Below 0"
951,"Generated",-2.10987978576593,-2.75575068661436,-1.36110234928462,"dt","Dirichlet Tree","test",0.523445938952274,0.0292150427375954,"Below 0"
952,"Generated",-2.59855330262536,-3.23807428878638,-1.93719356579314,"dt","Dirichlet Tree","test",-0.0617701399525137,0.276454186841765,"Below 0"
953,"Generated",-2.0386007366094,-2.77689594764903,-1.38145569793183,"dt","Dirichlet Tree","test",-0.285805349105636,-0.151840017450146,"Below 0"
954,"Generated",-3.81798678359228,-4.68647555783631,-2.97831452179869,"dt","Dirichlet Tree","test",-0.0865543876496623,0.182751771666882,"Below 0"
955,"Generated",-3.9267001428538,-4.55724169589329,-3.3108589297127,"dt","Dirichlet Tree","test",0.0052252399997499,-0.260493334881331,"Below 0"
956,"Generated",-1.14508138129188,-2.03182880400323,-0.388466229423404,"dt","Dirichlet Tree","test",-0.264185260801668,0.0917196775495599,"Below 0"
957,"Generated",-1.87440730897701,-2.50434567799235,-1.26636010995037,"dt","Dirichlet Tree","test",-0.284501394957439,-0.406865392099864,"Below 0"
958,"Generated",-2.72463223055943,-3.38820243323387,-2.0018163000662,"dt","Dirichlet Tree","test",0.874124736869022,-0.0622604449440546,"Below 0"
959,"Generated",-1.61865972194385,-2.49764969593251,-0.808455688402647,"dt","Dirichlet Tree","test",-0.306598355999611,-0.248939342787174,"Below 0"
960,"Generated",-3.49631469422027,-4.18858347228588,-2.7189852901844,"dt","Dirichlet Tree","test",-0.0455715720113167,0.115833735057198,"Below 0"
961,"Generated",-2.64401717827226,-3.51444583637794,-1.85634961083728,"dt","Dirichlet Tree","test",0.0247632829327205,0.375060536527673,"Below 0"
962,"Generated",-2.02873748596261,-2.63062698165381,-1.43661495092132,"dt","Dirichlet Tree","test",-0.158680744373262,0.334733752990337,"Below 0"
963,"Generated",-1.44212315662675,-2.12737074240569,-0.829450208720016,"dt","Dirichlet Tree","test",-0.342163505421205,-0.398011712387793,"Below 0"
964,"Generated",-2.07413699325821,-2.63484356655428,-1.52639860793216,"dt","Dirichlet Tree","test",0.852737345798953,-0.0701959685018771,"Below 0"
965,"Generated",-3.53511332720668,-4.1905170534599,-2.87396087070956,"dt","Dirichlet Tree","test",-0.166296810352434,0.367840493714501,"Below 0"
966,"Generated",-0.840223648077659,-1.6371159781581,-0.133359123411584,"dt","Dirichlet Tree","test",-0.287406951867663,-0.158176651525737,"Below 0"
967,"Generated",-3.24374803169937,-4.06798985613231,-2.44786888313292,"dt","Dirichlet Tree","test",-0.207538327240194,0.0587405817188411,"Below 0"
968,"Generated",-1.63684651984172,-2.28635335402496,-0.995625644678644,"dt","Dirichlet Tree","test",-0.243259328631724,0.299739585060877,"Below 0"
969,"Generated",-1.59183548023866,-2.22681922783568,-0.999077445939654,"dt","Dirichlet Tree","test",-0.275493697417693,-0.155513953741568,"Below 0"
970,"Generated",-2.07721571790707,-2.81716906440281,-1.41039109667347,"dt","Dirichlet Tree","test",0.233113990313945,-0.0146642499829604,"Below 0"
971,"Generated",-2.18257824680293,-2.95401775259021,-1.48596217233699,"dt","Dirichlet Tree","test",-0.225237147401815,0.0348783772384117,"Below 0"
972,"Generated",-3.97920334267702,-4.93082371190749,-3.06746095219984,"dt","Dirichlet Tree","test",0.112853922892867,-0.236043756874587,"Below 0"
973,"Generated",-3.01643617613861,-3.86255550230955,-2.19032063465899,"dt","Dirichlet Tree","test",-0.320670562593722,-0.15764413625888,"Below 0"
974,"Generated",-3.13231400422313,-3.76719428538305,-2.47432831271407,"dt","Dirichlet Tree","test",0.33201225856006,0.120075691803265,"Below 0"
975,"Generated",-2.76321984931914,-3.51341898065466,-2.0540385120242,"dt","Dirichlet Tree","test",-0.165551456413963,0.194559698942335,"Below 0"
976,"Generated",-1.04302853629141,-1.99001838243389,-0.372801469431917,"dt","Dirichlet Tree","test",-0.192041324525343,0.463611606385418,"Below 0"
977,"Generated",-2.84923566380642,-3.4567768030867,-2.20366297145433,"dt","Dirichlet Tree","test",0.684952903118762,0.169815237255577,"Below 0"
978,"Generated",-2.38625404689556,-3.00098318634867,-1.79845499393821,"dt","Dirichlet Tree","test",0.667550515003697,-0.166753402208741,"Below 0"
979,"Generated",-0.639071901941805,-1.31867753573541,0.0893865539571939,"dt","Dirichlet Tree","test",-0.375195642958699,-0.565089191091671,"Covers 0"
980,"Generated",-2.3384630515821,-3.15012768638804,-1.58218172251976,"dt","Dirichlet Tree","test",-0.286318506168265,0.00448154940780252,"Below 0"
981,"Generated",-3.38889602588543,-4.11380649041123,-2.55813604578603,"dt","Dirichlet Tree","test",0.413945035794199,0.106704410458443,"Below 0"
982,"Generated",-3.34486846759772,-4.01568965241213,-2.53987554153847,"dt","Dirichlet Tree","test",-0.393084052971433,-0.536310390951734,"Below 0"
983,"Generated",-2.4645526329842,-3.44445779884536,-1.75554741733599,"dt","Dirichlet Tree","test",-0.165997059600598,0.272575240542126,"Below 0"
984,"Generated",-2.59921154031472,-3.31046756105725,-1.84280163915272,"dt","Dirichlet Tree","test",0.0804355518442327,0.248712145009482,"Below 0"
985,"Generated",-2.38254072221479,-3.14091687931818,-1.73663704884275,"dt","Dirichlet Tree","test",0.771719782358625,-0.0510354246987453,"Below 0"
986,"Generated",-4.35609666133386,-5.15346186416416,-3.470930198073,"dt","Dirichlet Tree","test",-0.057690549274666,-0.105735351994102,"Below 0"
987,"Generated",-1.83041699997131,-2.99101796732071,-0.970681770501171,"dt","Dirichlet Tree","test",-0.186321789617744,0.312674313375645,"Below 0"
988,"Generated",-3.76518258038976,-4.51938672759572,-3.06005728379029,"dt","Dirichlet Tree","test",-0.0750303783797802,0.23849711976415,"Below 0"
989,"Generated",-2.0086520511612,-2.86354930976569,-1.18965721541633,"dt","Dirichlet Tree","test",-0.0711633651735493,0.0100399760561524,"Below 0"
990,"Generated",-2.4456824249092,-3.03640026314504,-1.905485834725,"dt","Dirichlet Tree","test",-0.159263277079996,0.307061038644733,"Below 0"
991,"Generated",-3.53463555447501,-4.38086249630944,-2.52379782789437,"dt","Dirichlet Tree","test",-0.282718160588253,-0.460229742570502,"Below 0"
992,"Generated",-1.28093177882599,-1.9098210241419,-0.610522702674061,"dt","Dirichlet Tree","test",-0.128567359872024,0.352440851434712,"Below 0"
993,"Generated",-1.40511023763126,-2.0695580058637,-0.753614867271026,"dt","Dirichlet Tree","test",-0.0655562871610084,0.0739871534255747,"Below 0"
994,"Generated",-2.07604489581423,-2.77493427890624,-1.47892154970372,"dt","Dirichlet Tree","test",-0.189370666617174,0.279182255952205,"Below 0"
995,"Generated",-2.12266918953645,-2.85936548410047,-1.51445612593659,"dt","Dirichlet Tree","test",-0.159222561863224,0.452499240931192,"Below 0"
996,"Generated",-2.60195118155166,-3.25178633780411,-2.00541386557443,"dt","Dirichlet Tree","test",0.936375303348679,0.0117856103193925,"Below 0"
997,"Generated",-3.85372414238057,-4.48495291301076,-3.26406257062576,"dt","Dirichlet Tree","test",-0.122062674917374,0.396197994972083,"Below 0"
998,"Generated",-1.1020196376008,-1.95044441810858,-0.397309176357559,"dt","Dirichlet Tree","test",-0.231609294661739,0.183168420300945,"Below 0"
999,"Generated",-3.75266199070035,-4.60405118535666,-3.03857342203916,"dt","Dirichlet Tree","test",-0.168539386925305,0.340383042640327,"Below 0"
1000,"Generated",-1.60171320847122,-2.25311021838702,-0.875491686695468,"dt","Dirichlet Tree","test",-0.157529171397311,0.393652210744224,"Below 0"
1001,"Generated",-1.71527455007774,-2.42974115623009,-1.03371914294561,"dt","Dirichlet Tree","test",0.0116854887153822,0.12909569810181,"Below 0"
1002,"Generated",-1.94047606049155,-2.49174253667718,-1.38489331968643,"dt","Dirichlet Tree","test",-0.172217250303854,0.475617918658359,"Below 0"
1003,"Generated",-3.63243295340241,-4.60180366276775,-2.87403027963992,"dt","Dirichlet Tree","test",-0.233648189817379,0.136071599829912,"Below 0"
1004,"Generated",-3.82086714729409,-4.52440786430586,-3.1891861756426,"dt","Dirichlet Tree","test",-0.220713875479578,0.138559490803697,"Below 0"
1005,"Generated",-3.71086802593532,-4.405514622864,-3.03700391827975,"dt","Dirichlet Tree","test",-0.367816262933899,-0.428956923053452,"Below 0"
1006,"Generated",-4.80351284780553,-5.59654275269693,-4.0615236606738,"dt","Dirichlet Tree","test",-0.272057938596153,-0.100136837676707,"Below 0"
1007,"Generated",-2.69371852325979,-3.29588257583405,-2.0966803670797,"dt","Dirichlet Tree","test",0.765612260794312,0.0193104737517667,"Below 0"
1008,"Generated",-1.83052123496868,-2.59671611839401,-1.26904943268797,"dt","Dirichlet Tree","test",0.673913302509646,0.17004657636464,"Below 0"
1009,"Generated",-2.48892830469888,-3.22955121225649,-1.71650296864302,"dt","Dirichlet Tree","test",-0.343812045446487,-0.364516724359964,"Below 0"
1010,"Generated",-1.69955786640241,-2.40827880293841,-0.922197994062533,"dt","Dirichlet Tree","test",-0.285223450359833,0.0732956515469286,"Below 0"
1011,"Generated",-2.64149273231019,-3.38876231102716,-1.89336465476849,"dt","Dirichlet Tree","test",-0.243319967372857,0.0308722159666629,"Below 0"
1012,"Generated",-2.25387617522141,-3.05489150576429,-1.50534627706849,"dt","Dirichlet Tree","test",-0.313135791536916,-0.254879546059998,"Below 0"
1013,"Generated",-1.68972131086003,-2.19897975050451,-1.19654962018033,"dt","Dirichlet Tree","test",-0.129533606988202,0.371968668540276,"Below 0"
1014,"Generated",-1.84109659224726,-2.89891930170525,-1.09511920572123,"dt","Dirichlet Tree","test",-0.251697693605462,0.123818836501366,"Below 0"
1015,"Generated",-1.90879515549219,-2.64475903721398,-1.19777325161122,"dt","Dirichlet Tree","test",-0.0475104775428777,-0.527502625015456,"Below 0"
1016,"Generated",-1.58867952265969,-2.17519395371389,-0.95161843655025,"dt","Dirichlet Tree","test",-0.262384770252293,-0.633986197889428,"Below 0"
1017,"Generated",-0.894245314098204,-1.72565896062392,0.0612597475254873,"dt","Dirichlet Tree","test",-0.172746370732497,0.439067799071287,"Covers 0"
1018,"Generated",-3.74699905342671,-4.46412386320007,-3.09708915047172,"dt","Dirichlet Tree","test",-0.310936948758118,-0.237793746494393,"Below 0"
1019,"Generated",-2.76709415832167,-3.3045441716136,-2.2614839700589,"dt","Dirichlet Tree","test",-0.191031031861497,-0.00352650570149821,"Below 0"
1020,"Generated",-1.70437476776997,-2.20584654547033,-1.22221164851479,"dt","Dirichlet Tree","test",0.893796462300426,0.0499843582596714,"Below 0"
1021,"Generated",-2.85361574994497,-3.58820920449455,-2.12779827831548,"dt","Dirichlet Tree","test",0.714398282654116,-0.177480234583961,"Below 0"
1022,"Generated",-0.814544962003845,-1.45164929463096,-0.182263847704869,"dt","Dirichlet Tree","test",-0.200080098989429,0.289340787354002,"Below 0"
1023,"Generated",-2.80612826820685,-3.36524552373381,-2.16648380168471,"dt","Dirichlet Tree","test",0.122147783985002,0.3634091366764,"Below 0"
1024,"Generated",-4.10576248377609,-4.85297380678657,-3.43173103004929,"dt","Dirichlet Tree","test",-0.241285610792744,0.158227345830403,"Below 0"
1025,"Generated",-1.46299287340722,-2.0415826388475,-0.913724513807398,"dt","Dirichlet Tree","test",0.68499573993447,-0.221931519718222,"Below 0"
1026,"Generated",-2.90025376556519,-4.03540888275178,-2.10553364900172,"dt","Dirichlet Tree","test",-0.23500975122225,0.184081593281672,"Below 0"
1027,"Generated",-2.98933076351135,-3.69202230927995,-2.35475320538798,"dt","Dirichlet Tree","test",-0.183753022331252,0.332282402454506,"Below 0"
1028,"Generated",-0.739310575949099,-1.46880700800741,-0.117158229395788,"dt","Dirichlet Tree","test",-0.170594928473654,0.314939802545878,"Below 0"
1029,"Generated",-3.78556869892178,-4.50012277112209,-2.98906038982017,"dt","Dirichlet Tree","test",-0.254294293663801,-0.0498054271169494,"Below 0"
1030,"Generated",-3.44789474486066,-4.29162242085101,-2.67298087839884,"dt","Dirichlet Tree","test",-0.20787847553327,-0.0990876553514303,"Below 0"
1031,"Generated",-2.18527576627237,-2.8975352359421,-1.19130473823613,"dt","Dirichlet Tree","test",-0.338851692434246,-0.0902651480362953,"Below 0"
1032,"Generated",-2.87270659671214,-3.67472884411794,-2.01297581240041,"dt","Dirichlet Tree","test",-0.177909588974447,0.0251543930445124,"Below 0"
1033,"Generated",-2.69891639369375,-3.63856895216095,-2.0010985895442,"dt","Dirichlet Tree","test",-0.157093250226357,0.252253113498738,"Below 0"
1034,"Generated",-2.58103363586625,-3.31677409871938,-1.79772626661976,"dt","Dirichlet Tree","test",-0.237672746933868,-0.00174277281305962,"Below 0"
1035,"Generated",-3.53634318840596,-4.2175234711429,-2.83061934652552,"dt","Dirichlet Tree","test",-0.215759276112094,-0.0565500391518504,"Below 0"
1036,"Generated",-2.45435034853766,-3.47257761400169,-1.57941017704373,"dt","Dirichlet Tree","test",-0.308852327962705,-0.0117150411720256,"Below 0"
1037,"Generated",-2.9716635581576,-3.78837936520219,-2.25042940084417,"dt","Dirichlet Tree","test",-0.360061057154636,-0.396679616907115,"Below 0"
1038,"Generated",-4.49995566620845,-5.26787245896693,-3.81349027933882,"dt","Dirichlet Tree","test",-0.265710513599424,0.157154157993624,"Below 0"
1039,"Generated",-3.61801111733122,-4.4803424023001,-2.77738094636495,"dt","Dirichlet Tree","test",-0.296464227229787,-0.311766633558204,"Below 0"
1040,"Generated",-3.09517610041234,-4.06171842010166,-2.33774947003852,"dt","Dirichlet Tree","test",-0.222451105828472,-0.500961815832185,"Below 0"
1041,"Generated",-2.37150294844631,-2.94170745122503,-1.80608474587981,"dt","Dirichlet Tree","test",-0.301920812014465,-0.287633786140756,"Below 0"
1042,"Generated",-2.866271234254,-3.71881766001919,-2.17432860339807,"dt","Dirichlet Tree","test",-0.195517221804807,0.221079915215347,"Below 0"
1043,"Generated",-2.78083959758687,-3.62726949078868,-2.00143546149844,"dt","Dirichlet Tree","test",0.0232397470192421,0.433844650102583,"Below 0"
1044,"Generated",-2.24309659388228,-2.90989382311581,-1.57183723730205,"dt","Dirichlet Tree","test",-0.22503767522826,0.367542199242369,"Below 0"
1045,"Generated",0.0224812062674891,-0.597659991661926,0.622845717359148,"dt","Dirichlet Tree","test",-0.214552220382056,0.00609455852851765,"Covers 0"
1046,"Generated",-2.95325172780489,-3.62594006465901,-2.34277424731935,"dt","Dirichlet Tree","test",-0.205857098819986,-0.0115793600203563,"Below 0"
1047,"Generated",-2.06768757026787,-2.86534260518835,-1.4122023032195,"dt","Dirichlet Tree","test",-0.185892633298338,0.289219060377176,"Below 0"
1048,"Generated",-1.81479789348748,-2.47508669372568,-0.962530377768831,"dt","Dirichlet Tree","test",0.0091289938371998,0.383754980647532,"Below 0"
1049,"Generated",-2.34982319629044,-2.98373667882188,-1.75716421193121,"dt","Dirichlet Tree","test",-0.306645095569006,-0.353321121289489,"Below 0"
1050,"Generated",-1.31181700095562,-1.8892217322944,-0.711801146535146,"dt","Dirichlet Tree","test",-0.196876241405632,0.289789816288951,"Below 0"
1051,"Generated",-2.37817499238315,-2.97449199943798,-1.79605363120753,"dt","Dirichlet Tree","test",-0.0304152080888398,-0.141274103342905,"Below 0"
1052,"Generated",-3.78948236124871,-4.60611650620883,-2.91067175103512,"dt","Dirichlet Tree","test",-0.312386263343904,-0.326062486490908,"Below 0"
1053,"Generated",-3.0123236487235,-3.59375331221302,-2.44429269065902,"dt","Dirichlet Tree","test",0.80374441263242,0.0350386600350943,"Below 0"
1054,"Generated",-3.36505083168752,-4.07381550756047,-2.61698265587321,"dt","Dirichlet Tree","test",-0.284528781284507,-0.249951394356198,"Below 0"
1055,"Generated",-3.67384516404356,-4.56919965485767,-2.95206499168912,"dt","Dirichlet Tree","test",-0.135021253012557,0.165152603874655,"Below 0"
1056,"Generated",-3.14921100093125,-3.745264848038,-2.55429935725031,"dt","Dirichlet Tree","test",-0.142540836425787,0.299439894366004,"Below 0"
1057,"Generated",-2.8537319480863,-3.60913106551732,-2.15172260288154,"dt","Dirichlet Tree","test",-0.343441934535969,-0.363035631157312,"Below 0"
1058,"Generated",-3.87839073681976,-4.71097040822103,-3.0343400233741,"dt","Dirichlet Tree","test",-0.335872774672387,-0.293015830760068,"Below 0"
1059,"Generated",-1.59241085773682,-2.06802355580973,-1.10410899693347,"dt","Dirichlet Tree","test",0.655877951246379,0.195825408761808,"Below 0"
1060,"Generated",-3.57111394028555,-4.69181360582351,-2.79882156164128,"dt","Dirichlet Tree","test",-0.287014284647927,-0.488004078726212,"Below 0"
1061,"Generated",-2.01600149030937,-2.92518737262151,-1.20157583491056,"dt","Dirichlet Tree","test",-0.228834143892726,0.200603594293429,"Below 0"
1062,"Generated",-2.36240790992324,-3.30601558721748,-1.63132385091589,"dt","Dirichlet Tree","test",-0.126260293343915,0.347386799704962,"Below 0"
1063,"Generated",-2.67973638822305,-3.39567763377328,-1.9476837046301,"dt","Dirichlet Tree","test",-0.0855400389132518,-0.637181898300364,"Below 0"
1064,"Generated",0.478224563813347,-0.214261847957073,1.17415159711057,"dt","Dirichlet Tree","test",-0.153457271058587,0.347442021500263,"Covers 0"
1065,"Generated",-2.38815932609638,-3.12974610901261,-1.71891616324405,"dt","Dirichlet Tree","test",0.321884943570292,0.0954800206026793,"Below 0"
1066,"Generated",-3.05439121999735,-3.82759120807178,-2.26389541818667,"dt","Dirichlet Tree","test",-0.36548320380648,-0.419568024232933,"Below 0"
1067,"Generated",-2.88679857123685,-3.82340696111924,-2.0960675574877,"dt","Dirichlet Tree","test",0.72439627450749,-0.0615854478582493,"Below 0"
1068,"Generated",-1.89841424825305,-2.61327135480046,-1.08473279182681,"dt","Dirichlet Tree","test",0.184041295664917,-0.0808546124395346,"Below 0"
1069,"Generated",-2.7136840158708,-3.48777084774109,-1.69137291099326,"dt","Dirichlet Tree","test",0.844144772871436,-0.0467636164971985,"Below 0"
1070,"Generated",-3.14802407558374,-3.98459074234218,-2.0210573640784,"dt","Dirichlet Tree","test",0.353263386195397,-0.720249198281691,"Below 0"
1071,"Generated",-1.01133358989061,-1.93506668716841,-0.339637740294313,"dt","Dirichlet Tree","test",0.200819019369347,-0.0248568523313371,"Below 0"
1072,"Generated",-1.16798076919277,-1.80453979508735,-0.56670750459313,"dt","Dirichlet Tree","test",-0.190955909149277,0.212044142583886,"Below 0"
1073,"Generated",0.536934745541171,-0.114077601087968,1.27633233122413,"dt","Dirichlet Tree","test",-0.243140302714988,0.3360003425621,"Covers 0"
1074,"Generated",-2.86670946008962,-3.88746162421524,-2.00805482418378,"dt","Dirichlet Tree","test",-0.203006558841049,0.237374434961165,"Below 0"
1075,"Generated",0.114270727579854,-0.492189898306757,0.673329159817266,"dt","Dirichlet Tree","test",-0.214764679870056,0.524735912961621,"Covers 0"
1076,"Generated",-2.91241459337918,-3.55239501592409,-2.26981059198662,"dt","Dirichlet Tree","test",0.0884142421978376,-0.542286787116829,"Below 0"
1077,"Generated",-2.56575845208613,-3.33440456909475,-1.83659314063261,"dt","Dirichlet Tree","test",-0.237450382695052,-0.678390088075212,"Below 0"
1078,"Generated",-2.05744113945036,-2.87478470961922,-1.40570340968708,"dt","Dirichlet Tree","test",-0.29855217163515,-0.144291567267616,"Below 0"
1079,"Generated",-3.11001912876453,-3.71431106397162,-2.55142026512047,"dt","Dirichlet Tree","test",0.531235552157078,-0.0647876769165844,"Below 0"
1080,"Generated",-3.07822041331311,-3.77574504717259,-2.43035566169014,"dt","Dirichlet Tree","test",-0.234271896463601,-0.0978836471858197,"Below 0"
1081,"Generated",-1.23106095223078,-1.86286356965819,-0.517183491679346,"dt","Dirichlet Tree","test",0.312004363171237,-0.318796856302267,"Below 0"
1082,"Generated",-3.51593304972691,-4.49510542618652,-2.78684037660417,"dt","Dirichlet Tree","test",-0.232487512221286,-0.178921499015042,"Below 0"
1083,"Generated",-2.27571804583218,-2.97725091426444,-1.62465638615203,"dt","Dirichlet Tree","test",-0.224791107454929,0.074633999917586,"Below 0"
1084,"Generated",-3.23173451372569,-3.9449579866253,-2.53004207435052,"dt","Dirichlet Tree","test",-0.154622313375923,0.329102421397085,"Below 0"
1085,"Generated",-3.47803253090985,-4.13791392806091,-2.837367426651,"dt","Dirichlet Tree","test",-0.19190724075575,-0.0813600627032793,"Below 0"
1086,"Generated",-1.77197504552013,-2.41109905099968,-1.11669718234749,"dt","Dirichlet Tree","test",-0.377654561850188,-0.326627978454113,"Below 0"
1087,"Generated",-2.741103472791,-3.35177962101919,-2.0998131388293,"dt","Dirichlet Tree","test",-0.342248481610901,-0.478885244937035,"Below 0"
1088,"Generated",-4.03613296412702,-4.87099339174921,-3.26312766956564,"dt","Dirichlet Tree","test",-0.321554871345262,-0.3181977817118,"Below 0"
1089,"Generated",-2.59712910332403,-3.56895248646886,-1.78577324932762,"dt","Dirichlet Tree","test",-0.202106346676201,-0.514351118639944,"Below 0"
1090,"Generated",-2.24325352870655,-2.79418258756012,-1.63468083144465,"dt","Dirichlet Tree","test",-0.171393173222353,0.240093895295145,"Below 0"
1091,"Generated",-1.98078409690891,-2.66094466255011,-1.34877647224252,"dt","Dirichlet Tree","test",-0.303109349351984,0.160950909813631,"Below 0"
1092,"Generated",-2.74997247468429,-3.78078084950001,-1.90358427408211,"dt","Dirichlet Tree","test",0.581573169562754,-0.0349994682114999,"Below 0"
1093,"Generated",-0.654636638326135,-1.32226769204212,-0.0107958617782324,"dt","Dirichlet Tree","test",-0.137879096050192,0.325127786750984,"Below 0"
1094,"Generated",-1.93070432402896,-2.72575397867579,-1.1835369350652,"dt","Dirichlet Tree","test",-0.288274092723769,-0.142605908739115,"Below 0"
1095,"Generated",-1.17550444916626,-1.8329461403772,-0.518329440802255,"dt","Dirichlet Tree","test",-0.23007584729497,0.0486853009519159,"Below 0"
1096,"Generated",-2.43740841250138,-3.02579237366241,-1.78619207997055,"dt","Dirichlet Tree","test",0.632628346508733,-0.24176938541915,"Below 0"
1097,"Generated",-1.16242906028567,-1.82163308983255,-0.476293878811592,"dt","Dirichlet Tree","test",-0.198343520528074,0.3426034622915,"Below 0"
1098,"Generated",-2.38242774158996,-3.09253492580017,-1.66820099710897,"dt","Dirichlet Tree","test",0.485596992234077,0.159026086291762,"Below 0"
1099,"Generated",-2.32775238859878,-2.97342042027068,-1.69323452297561,"dt","Dirichlet Tree","test",0.847572414694709,0.0421951031496758,"Below 0"
1100,"Generated",-1.17410219432893,-1.83797057157453,-0.47644685015869,"dt","Dirichlet Tree","test",-0.181406301541978,0.372903640639777,"Below 0"
1101,"Generated",-3.6042025037341,-4.4468772967891,-2.88675475540504,"dt","Dirichlet Tree","test",0.54619211971821,-0.37038728877332,"Below 0"
1102,"Generated",-3.38443568587696,-4.23338624907931,-2.17206356614396,"dt","Dirichlet Tree","test",0.87764977681535,-0.00513147714770871,"Below 0"
1103,"Generated",-1.21765892365836,-1.69115402708572,-0.746899674503369,"dt","Dirichlet Tree","test",0.872966271139783,-0.0895210273305181,"Below 0"
1104,"Generated",-1.46723752335524,-2.19177949401543,-0.722743016947105,"dt","Dirichlet Tree","test",-0.395523966009931,-0.535914459220846,"Below 0"
1105,"Generated",-3.07528537763977,-3.87231901236036,-2.25642258909404,"dt","Dirichlet Tree","test",-0.200006131960897,0.053037663351013,"Below 0"
1106,"Generated",-1.59994828707078,-2.33933239848048,-0.877456040497559,"dt","Dirichlet Tree","test",-0.18385216863938,0.212028906932829,"Below 0"
1107,"Generated",-2.03595072236243,-2.77613514335874,-1.38119064770606,"dt","Dirichlet Tree","test",-0.152495293102563,0.252990000950326,"Below 0"
1108,"Generated",-1.06577321478812,-1.65421260652521,-0.434084520976498,"dt","Dirichlet Tree","test",0.905444858195468,0.112529637852883,"Below 0"
1109,"Generated",-2.41473295591246,-3.13566719450359,-1.45848994302369,"dt","Dirichlet Tree","test",0.857393293270243,0.0352576926389609,"Below 0"
1110,"Generated",-3.07005895417732,-3.91473830678919,-2.22652706269801,"dt","Dirichlet Tree","test",-0.25356168367651,0.163378065604854,"Below 0"
1111,"Generated",-3.38693004246215,-4.12309620935267,-2.63838031558047,"dt","Dirichlet Tree","test",-0.270201862134145,-0.0316429974710368,"Below 0"
1112,"Generated",-3.74287687336199,-4.43418210738503,-3.10724168309543,"dt","Dirichlet Tree","test",-0.17770107750829,0.109402382695872,"Below 0"
1113,"Generated",-2.95186087587811,-3.7331628322487,-2.16817866449249,"dt","Dirichlet Tree","test",0.322934388836029,-0.06659397930261,"Below 0"
1114,"Generated",-0.82426438482985,-1.75219344284667,-0.106549271503354,"dt","Dirichlet Tree","test",-0.186602802604866,0.337959962766044,"Below 0"
1115,"Generated",-3.77106101595682,-4.81266990024786,-3.01264688572757,"dt","Dirichlet Tree","test",0.479325409999197,-0.537119311481627,"Below 0"
1116,"Generated",-2.45921588339642,-3.03552169375878,-1.86054020587483,"dt","Dirichlet Tree","test",-0.21254435131481,-0.209044587081067,"Below 0"
1117,"Generated",-2.95668309340051,-3.71142060355774,-2.22128556056734,"dt","Dirichlet Tree","test",-0.292794259970001,-0.533945198992651,"Below 0"
1118,"Generated",-2.55769063154834,-3.42665613045191,-1.6845121434634,"dt","Dirichlet Tree","test",-0.234295502292354,0.112053820476407,"Below 0"
1119,"Generated",-2.09651983844612,-2.74322632934804,-1.48512358317215,"dt","Dirichlet Tree","test",0.28418244779467,-0.0763025117853725,"Below 0"
1120,"Generated",-2.93342017970898,-3.69541278314121,-2.28070304295232,"dt","Dirichlet Tree","test",-0.208337207471108,0.0965503340993564,"Below 0"
1121,"Generated",-1.86468277721686,-2.6495315071604,-1.14551800053838,"dt","Dirichlet Tree","test",-0.234570114293058,-0.0731154022055169,"Below 0"
1122,"Generated",-2.26969493326335,-2.97876039050459,-1.68631708754439,"dt","Dirichlet Tree","test",-0.0936669614758116,-0.0873952082287894,"Below 0"
1123,"Generated",-2.86842458374309,-3.55143379790101,-2.15150636244145,"dt","Dirichlet Tree","test",0.49676836711247,-0.021391262352669,"Below 0"
1124,"Generated",-3.62526886504772,-4.46795504578843,-2.87043667816782,"dt","Dirichlet Tree","test",0.42336579069535,0.109647270323154,"Below 0"
1125,"Generated",-2.82195205856275,-3.52879863955342,-2.17348393640888,"dt","Dirichlet Tree","test",-0.267870189128471,-0.138596858703738,"Below 0"
1126,"Generated",-3.49384650883172,-4.36423840285944,-2.74637869314133,"dt","Dirichlet Tree","test",-0.368972299769325,-0.521962686730277,"Below 0"
1127,"Generated",-3.20667873112255,-3.8699395619464,-2.53835199674843,"dt","Dirichlet Tree","test",0.123886910382104,-0.249621417731718,"Below 0"
1128,"Generated",-3.33622668892591,-4.10220887443021,-2.57465526480701,"dt","Dirichlet Tree","test",-0.292431198222102,-0.168803705385922,"Below 0"
1129,"Generated",-3.15927857135818,-3.87329957275452,-2.51029172023947,"dt","Dirichlet Tree","test",-0.150551954453002,0.0403677271477346,"Below 0"
1130,"Generated",-0.0197551371438082,-0.655869848636054,0.560798623114536,"dt","Dirichlet Tree","test",-0.200638187465681,0.498008369098981,"Covers 0"
1131,"Generated",-3.21772278947563,-3.77773149764033,-2.58847615455755,"dt","Dirichlet Tree","test",0.186366833368148,-0.0902741862660723,"Below 0"
1132,"Generated",-2.21123431357206,-3.06515956121529,-1.31213658254626,"dt","Dirichlet Tree","test",-0.255636350458168,-0.0256136939425034,"Below 0"
1133,"Generated",-2.07807998222728,-2.62205426528522,-1.55726547144729,"dt","Dirichlet Tree","test",0.88989835782826,0.057963795368725,"Below 0"
1134,"Generated",-1.647249939549,-2.43017043943322,-0.952885977411086,"dt","Dirichlet Tree","test",-0.232543913911762,0.109212373084898,"Below 0"
1135,"Generated",-2.98864013045932,-3.57085774207089,-2.34317371270765,"dt","Dirichlet Tree","test",-0.0778477779547878,0.349955122662857,"Below 0"
1136,"Generated",-2.51103472009859,-3.65467992020989,-1.73765108985649,"dt","Dirichlet Tree","test",0.716953186140014,-0.348603227373765,"Below 0"
1137,"Generated",-2.89420757059452,-3.59509275973051,-2.18487332872217,"dt","Dirichlet Tree","test",0.438761155850169,0.0441347526059976,"Below 0"
1138,"Generated",-2.64006690042925,-3.28471051669967,-2.01956429268456,"dt","Dirichlet Tree","test",0.505806169015013,-0.49426276409679,"Below 0"
1139,"Generated",-2.62184709414012,-3.22866865830207,-2.00382396411353,"dt","Dirichlet Tree","test",-0.159026096872822,0.0387186243256377,"Below 0"
1140,"Generated",-1.386741418014,-2.06364610293,-0.718506625983856,"dt","Dirichlet Tree","test",-0.20786438483398,0.640316468826407,"Below 0"
1141,"Generated",-1.48589292276698,-2.30581979765275,-0.858689879674142,"dt","Dirichlet Tree","test",-0.0372059131159239,-0.635915967563178,"Below 0"
1142,"Generated",-3.57083872431995,-4.25008078615183,-2.93372698823354,"dt","Dirichlet Tree","test",-0.169319955598449,0.230489037533267,"Below 0"
1143,"Generated",-1.355106003398,-2.27688265086365,-0.648547852688761,"dt","Dirichlet Tree","test",0.48746336035933,-0.124601137047633,"Below 0"
1144,"Generated",-1.72530636427197,-2.36593566587221,-1.05814136853838,"dt","Dirichlet Tree","test",-0.224226451691685,0.288635232518641,"Below 0"
1145,"Generated",0.0426291708687971,-0.82821021173428,0.762730893147043,"dt","Dirichlet Tree","test",-0.253991681987108,0.0869030437952513,"Covers 0"
1146,"Generated",-1.55337544933927,-2.14177101195875,-0.910696732339338,"dt","Dirichlet Tree","test",0.8008555863364,0.0333156804659278,"Below 0"
1147,"Generated",-3.0262746513945,-3.71018090524429,-2.42550030934994,"dt","Dirichlet Tree","test",-0.173224789791185,0.357142394590459,"Below 0"
1148,"Generated",-2.03007475325101,-2.76424325462015,-1.34455827842603,"dt","Dirichlet Tree","test",-0.203301571139341,0.213997527942731,"Below 0"
1149,"Generated",-2.31275544537394,-2.9109096243535,-1.75126488200777,"dt","Dirichlet Tree","test",0.853918670181554,-0.138166776441636,"Below 0"
1150,"Generated",-3.45837746361807,-4.35275460588685,-2.75538110631658,"dt","Dirichlet Tree","test",-0.282910257930507,-0.144791752983692,"Below 0"
1151,"Generated",-1.59366527646781,-2.37201158776693,-0.812496177068482,"dt","Dirichlet Tree","test",0.152067598647798,-0.102427374908294,"Below 0"
1152,"Generated",-3.12472504910137,-4.13746627011165,-2.40749519913456,"dt","Dirichlet Tree","test",0.452219160581982,0.0414832332162596,"Below 0"
1153,"Generated",-1.24984373422529,-1.99058583502896,-0.504997977438554,"dt","Dirichlet Tree","test",-0.26251068735339,0.111319895946445,"Below 0"
1154,"Generated",-2.30184095552763,-3.01286750399063,-1.57799966477102,"dt","Dirichlet Tree","test",-0.251991525878932,0.107489065751035,"Below 0"
1155,"Generated",-2.01846358222367,-2.77970978882453,-1.25346717855675,"dt","Dirichlet Tree","test",-0.322652754323084,-0.282404104939949,"Below 0"
1156,"Generated",-4.32667517728324,-5.16452964070507,-3.5037165291661,"dt","Dirichlet Tree","test",-0.146672221063203,0.0430050642376972,"Below 0"
1157,"Generated",-3.26239294026933,-4.15448391316317,-2.55573893797045,"dt","Dirichlet Tree","test",-0.138383920032075,0.30703534250535,"Below 0"
1158,"Generated",-2.26741559050482,-3.65741721525902,-1.43768035828685,"dt","Dirichlet Tree","test",-0.180269345513362,0.340004989565597,"Below 0"
1159,"Generated",-2.44989275066794,-3.16992861697369,-1.70382202509339,"dt","Dirichlet Tree","test",0.437012367024588,-0.235209968373294,"Below 0"
1160,"Generated",-2.82573526107247,-3.80262978127994,-2.12386195341651,"dt","Dirichlet Tree","test",-0.313258139093228,-0.347651323762166,"Below 0"
1161,"Generated",-1.78654654605977,-2.51556645517301,-1.05591140988331,"dt","Dirichlet Tree","test",0.326663529112935,-0.155498397944169,"Below 0"
1162,"Generated",-3.04139393418773,-3.66394582396463,-2.38309241723194,"dt","Dirichlet Tree","test",0.667732469796756,0.119073858018315,"Below 0"
1163,"Generated",-2.40647483430969,-3.40936566866416,-1.73255691270399,"dt","Dirichlet Tree","test",-0.304014585684634,-0.117521537980128,"Below 0"
1164,"Generated",-2.60850392431857,-3.29807787558302,-1.90837814086608,"dt","Dirichlet Tree","test",0.913820751519904,-0.0204003387038929,"Below 0"
1165,"Generated",-3.28606268108689,-3.86442153387355,-2.65571556548002,"dt","Dirichlet Tree","test",0.448680849550637,0.26700161391181,"Below 0"
1166,"Generated",-4.86186601049014,-5.54685714190983,-4.04489660306999,"dt","Dirichlet Tree","test",-0.261517327535302,-0.131387824840319,"Below 0"
1167,"Generated",-2.57662568961035,-3.17978103553835,-1.88621761913743,"dt","Dirichlet Tree","test",0.658552448124299,-0.0488255970481765,"Below 0"
1168,"Generated",-2.21122533942318,-2.82833900277062,-1.44371973244816,"dt","Dirichlet Tree","test",-0.394468727282782,-0.482908986427648,"Below 0"
1169,"Generated",-1.32605510384711,-2.43761890101803,-0.67487151712735,"dt","Dirichlet Tree","test",-0.194637410060142,0.453033459184197,"Below 0"
1170,"Generated",-3.60968090484443,-4.55567109428048,-2.81364430425653,"dt","Dirichlet Tree","test",-0.278638664930403,0.0211540078619984,"Below 0"
1171,"Generated",-2.21284788272456,-2.80522700111518,-1.60353577120062,"dt","Dirichlet Tree","test",-0.189880398202055,-0.0890520200387354,"Below 0"
1172,"Generated",-2.6051160174017,-3.36408369550455,-1.89662485027383,"dt","Dirichlet Tree","test",-0.133347289202138,0.443206566773419,"Below 0"
1173,"Generated",0.314890527773182,-0.320584958074097,0.913061923226023,"dt","Dirichlet Tree","test",-0.210923182464403,0.508229437542808,"Covers 0"
1174,"Generated",-2.26087356879136,-2.97761924676746,-1.5427953554655,"dt","Dirichlet Tree","test",-0.177443130021995,0.35306068940694,"Below 0"
1175,"Generated",-3.35860731370532,-4.23781407355113,-2.5895545167685,"dt","Dirichlet Tree","test",0.204287268828714,-0.0991336768585319,"Below 0"
1176,"Generated",-2.53931402393405,-3.27316794943105,-1.79226989304967,"dt","Dirichlet Tree","test",-0.220675728157009,-0.40438979387582,"Below 0"
1177,"Generated",-3.43262584646883,-4.09039155136332,-2.72993787942598,"dt","Dirichlet Tree","test",-0.332131936862621,-0.470758889519552,"Below 0"
1178,"Generated",-3.62747261891464,-4.35424844681074,-2.88774254951002,"dt","Dirichlet Tree","test",-0.0974496550862821,0.459376042893654,"Below 0"
1179,"Generated",-2.42052160375454,-3.33264544787878,-1.67520995631975,"dt","Dirichlet Tree","test",-0.125787352010693,0.281232487284722,"Below 0"
1180,"Generated",-2.07997470215879,-2.70297612875657,-1.45649926723624,"dt","Dirichlet Tree","test",0.488824445990246,-0.0960840243572271,"Below 0"
1181,"Generated",-0.532722546277228,-1.17959679089111,0.0587140862154055,"dt","Dirichlet Tree","test",-0.176843329803703,0.561007952799731,"Covers 0"
1182,"Generated",-2.28453675374835,-2.96641434529379,-1.6369732076404,"dt","Dirichlet Tree","test",-0.0783846285241711,0.325299529886619,"Below 0"
1183,"Generated",-2.61362435314579,-3.17290214273887,-2.05606647042405,"dt","Dirichlet Tree","test",0.820623652707909,-0.0666101644214507,"Below 0"
1184,"Generated",-3.99248838123786,-4.67512155899305,-3.33188880903003,"dt","Dirichlet Tree","test",0.783683416255885,-0.294189714889876,"Below 0"
1185,"Generated",-2.5673457865034,-3.35403833749422,-1.77143659000379,"dt","Dirichlet Tree","test",-0.255260839641008,0.431239208315285,"Below 0"
1186,"Generated",-1.41393744818341,-2.26031939977846,-0.433710977530325,"dt","Dirichlet Tree","test",-0.171786507100657,0.451246678002099,"Below 0"
1187,"Generated",-1.94157686010331,-2.54183783316397,-1.11217947302605,"dt","Dirichlet Tree","test",-0.178489605414153,-0.644692721331752,"Below 0"
1188,"Generated",-3.64123298768383,-4.41148012692396,-2.98835397219793,"dt","Dirichlet Tree","test",-0.0382660276287197,0.0794601650568864,"Below 0"
1189,"Generated",-1.27481291543233,-2.03515388909265,-0.617525742975492,"dt","Dirichlet Tree","test",-0.205890758599166,0.241151327351903,"Below 0"
1190,"Generated",-3.03412028485503,-3.81166803894862,-2.39168008379584,"dt","Dirichlet Tree","test",-0.216841660559881,-0.0713704340406936,"Below 0"
1191,"Generated",-3.60498601661031,-4.34148975145896,-2.81655341920252,"dt","Dirichlet Tree","test",0.577379843579196,-0.21225474983686,"Below 0"
1192,"Generated",-3.80568261303228,-4.46355807532588,-3.05742354157566,"dt","Dirichlet Tree","test",-0.181355523812919,0.191051822124656,"Below 0"
1193,"Generated",-3.73441928420326,-4.47709344904727,-3.05047362911391,"dt","Dirichlet Tree","test",-0.253224205773017,-0.015553094496298,"Below 0"
1194,"Generated",-3.07081646571844,-3.8893785561126,-2.24068628380379,"dt","Dirichlet Tree","test",-0.154244515231611,0.283550109346453,"Below 0"
1195,"Generated",-2.79559823144846,-3.53959266672754,-2.15216984159217,"dt","Dirichlet Tree","test",-0.196783889709937,0.0969060592267418,"Below 0"
1196,"Generated",-3.57476019037214,-4.18035919489695,-2.97215356152824,"dt","Dirichlet Tree","test",0.252284740530249,0.227652733508224,"Below 0"
1197,"Generated",-3.43936024092237,-4.10433021450175,-2.78965212080152,"dt","Dirichlet Tree","test",-0.292711177515464,-0.171171398529459,"Below 0"
1198,"Generated",-2.25568912305468,-2.95223651619784,-1.57394823659203,"dt","Dirichlet Tree","test",-0.241239317403821,0.0720202628877832,"Below 0"
1199,"Generated",-2.56997315547442,-3.25465931852081,-1.81532435082043,"dt","Dirichlet Tree","test",-0.273758219921358,-0.607494363754858,"Below 0"
1200,"Generated",-1.46583139600477,-2.42674918279242,-0.760252863034719,"dt","Dirichlet Tree","test",-0.159534528966019,0.408884069487405,"Below 0"
1201,"Generated",-2.84357602315028,-3.79249463557773,-2.02544443651542,"dt","Dirichlet Tree","test",0.453682153666806,-0.185984209401253,"Below 0"
1202,"Generated",-1.64660170865691,-2.15811386964032,-1.13779453799862,"dt","Dirichlet Tree","test",-0.06119968722921,0.391261950024515,"Below 0"
1203,"Generated",-2.61160940632277,-3.27964603252203,-1.95147573614595,"dt","Dirichlet Tree","test",0.790178598438377,-0.0687364701480145,"Below 0"
1204,"Generated",-0.517028860598559,-1.18938097201595,0.109644692873978,"dt","Dirichlet Tree","test",-0.18455276179682,0.498619659769306,"Covers 0"
1205,"Generated",-3.28568895710949,-4.0443637163446,-2.42257473186625,"dt","Dirichlet Tree","test",0.246803651379303,-0.553054920819566,"Below 0"
1206,"Generated",-2.75107543184213,-3.42927363333212,-2.14617824876932,"dt","Dirichlet Tree","test",-0.120268244682883,0.202239209801643,"Below 0"
1207,"Generated",-1.51162860037161,-2.10439743441779,-0.894295700485362,"dt","Dirichlet Tree","test",0.0208094149457331,-0.457403144624755,"Below 0"
1208,"Generated",-2.42615383457108,-3.16873351903846,-1.81133993113704,"dt","Dirichlet Tree","test",-0.123675670272304,-0.120267876992427,"Below 0"
1209,"Generated",-2.46555165473811,-3.16053152538648,-1.76537536646848,"dt","Dirichlet Tree","test",-0.117761638118546,0.42364561370646,"Below 0"
1210,"Generated",-2.27664559126531,-3.10538503899808,-1.58310641548769,"dt","Dirichlet Tree","test",-0.124707009275693,-0.322538976954641,"Below 0"
1211,"Generated",-2.27273451565135,-3.19304935930636,-1.46298982751502,"dt","Dirichlet Tree","test",-0.206859865245686,0.0111024508811347,"Below 0"
1212,"Generated",-3.23583805865732,-3.90393988459394,-2.55760142036618,"dt","Dirichlet Tree","test",0.741749127940118,-0.00893161052438103,"Below 0"
1213,"Generated",-2.04743227596134,-3.00028355704849,-1.1896047256829,"dt","Dirichlet Tree","test",-0.252768238564131,-0.135554557927444,"Below 0"
1214,"Generated",-2.41250113748526,-3.23532234204652,-1.6284977627066,"dt","Dirichlet Tree","test",-0.337870801388481,-0.0636610535011041,"Below 0"
1215,"Generated",-1.67194486880083,-2.42712890843368,-0.978251567085977,"dt","Dirichlet Tree","test",-0.234239111592944,-0.0144563480958952,"Below 0"
1216,"Generated",-2.91297176004779,-3.66536084804518,-1.96734454459756,"dt","Dirichlet Tree","test",0.480759264537631,0.116966936945861,"Below 0"
1217,"Generated",-4.00220650264726,-4.88411845063419,-3.12030673897921,"dt","Dirichlet Tree","test",0.283945411640685,-0.351859747531959,"Below 0"
1218,"Generated",-3.31567857815595,-4.15812230267843,-2.53151002878238,"dt","Dirichlet Tree","test",0.116502014181627,-0.163684051320735,"Below 0"
1219,"Generated",-3.84919752193651,-4.6315236531916,-3.1208244499888,"dt","Dirichlet Tree","test",-0.336185161531812,-0.51575841153144,"Below 0"
1220,"Generated",-2.08134140321462,-2.66158288048182,-1.53637320314011,"dt","Dirichlet Tree","test",0.787106417548675,0.107979402986586,"Below 0"
1221,"Generated",-2.33488211644703,-3.36043520661608,-1.60175569917767,"dt","Dirichlet Tree","test",-0.309294840464757,-0.27866600083051,"Below 0"
1222,"Generated",-3.18062798895511,-3.92864988909133,-2.39457348188394,"dt","Dirichlet Tree","test",-0.190522047177536,0.166474302330615,"Below 0"
1223,"Generated",-2.29724066853538,-3.31097116567307,-1.48734787232805,"dt","Dirichlet Tree","test",-0.306215512509394,-0.228646529092607,"Below 0"
1224,"Generated",-2.81348332885633,-3.87442414517794,-2.05327816972807,"dt","Dirichlet Tree","test",-0.245866881536223,0.0107948355690848,"Below 0"
1225,"Generated",-2.38264913681817,-2.99367557449552,-1.74079617512815,"dt","Dirichlet Tree","test",0.468712230362289,-0.0167691056765154,"Below 0"
1226,"Generated",-3.18148519276544,-3.98986600660818,-2.23075083791576,"dt","Dirichlet Tree","test",-0.245565286203538,-0.262327476373648,"Below 0"
1227,"Generated",-0.757374698091802,-1.59464893788607,0.0321420494090405,"dt","Dirichlet Tree","test",-0.339299188296591,-0.250447564360262,"Covers 0"
1228,"Generated",-3.50319520017357,-4.17601552234628,-2.80827554482902,"dt","Dirichlet Tree","test",-0.218455091625129,0.367533939761816,"Below 0"
1229,"Generated",-2.69246690033581,-3.38422046811884,-1.95567137812122,"dt","Dirichlet Tree","test",-0.15563441800217,0.296039163130537,"Below 0"
1230,"Generated",-1.26597832349224,-2.03734403662322,-0.45805032738517,"dt","Dirichlet Tree","test",-0.181463621510571,0.20817432814948,"Below 0"
1231,"Generated",-3.13572804803299,-3.92004962780913,-2.19032512420208,"dt","Dirichlet Tree","test",0.100052092089732,-0.366728968318141,"Below 0"
1232,"Generated",-2.04898722800768,-2.69999977612147,-1.43924020346183,"dt","Dirichlet Tree","test",0.756223056064849,0.00694163460520467,"Below 0"
1233,"Generated",-2.4131162479086,-3.16562517164128,-1.4971093359419,"dt","Dirichlet Tree","test",-0.375182577793953,-0.432553352668819,"Below 0"
1234,"Generated",-2.85531543788412,-3.51074308660501,-2.26194877701019,"dt","Dirichlet Tree","test",-0.148186469833122,0.396895056976017,"Below 0"
1235,"Generated",-0.78231591209082,-1.58944239714273,-0.0912443709098381,"dt","Dirichlet Tree","test",-0.301190813507582,-0.228823212305964,"Below 0"
1236,"Generated",-1.1508994211752,-2.06819824117283,-0.179035728008072,"dt","Dirichlet Tree","test",-0.3657698485885,-0.506401415416081,"Below 0"
1237,"Generated",-2.36016795279225,-3.05526542996789,-1.72946664142889,"dt","Dirichlet Tree","test",-0.183474144064351,0.266045217119717,"Below 0"
1238,"Generated",-2.91295773325895,-3.51757376453809,-2.25014741032703,"dt","Dirichlet Tree","test",-0.31780151442335,-0.302519532033877,"Below 0"
1239,"Generated",-0.393717950002036,-1.04784820310547,0.391948633712805,"dt","Dirichlet Tree","test",-0.320184193234254,0.0280658394787617,"Covers 0"
1240,"Generated",-2.03637876951414,-2.75630771228097,-1.34502873138297,"dt","Dirichlet Tree","test",0.814768318835039,0.0188676250686831,"Below 0"
1241,"Generated",-3.20014347141057,-3.75916104575918,-2.63756535757898,"dt","Dirichlet Tree","test",0.77019285725042,0.107171071543926,"Below 0"
1242,"Generated",-1.91043382727246,-2.63113427025982,-1.22882330125427,"dt","Dirichlet Tree","test",-0.124211253972845,0.28725874712391,"Below 0"
1243,"Generated",-2.35801315703334,-3.13112901550668,-1.38938503317263,"dt","Dirichlet Tree","test",-0.171987078157486,-0.0205351233337651,"Below 0"
1244,"Generated",-2.50562440551595,-3.0443300883119,-1.8790618506572,"dt","Dirichlet Tree","test",0.958347807761821,0.068851980356045,"Below 0"
1245,"Generated",-3.15769461355368,-3.80212251766796,-2.54024758251977,"dt","Dirichlet Tree","test",0.813823308418972,-0.0362658203151738,"Below 0"
1246,"Generated",-2.95606502388644,-3.67960772891614,-2.29480054973236,"dt","Dirichlet Tree","test",0.147783018229875,0.00525177000285198,"Below 0"
1247,"Generated",-0.983827529991021,-1.48551173388668,-0.520061551973278,"dt","Dirichlet Tree","test",0.442357358817112,0.10311194998051,"Below 0"
1248,"Generated",-1.69198628494125,-2.43520881341546,-1.08791936156356,"dt","Dirichlet Tree","test",-0.202817894721142,0.0109771151604229,"Below 0"
1249,"Generated",-2.78476768829497,-3.42748241180735,-1.95232534084274,"dt","Dirichlet Tree","test",0.87057146443715,0.0885129354973798,"Below 0"
1250,"Generated",-0.926866673511127,-1.42850960376718,-0.437356333834884,"dt","Dirichlet Tree","test",0.787420791446421,-0.0492222636893356,"Below 0"
1251,"Generated",-1.41181311551761,-2.24313852922687,-0.532909231308363,"dt","Dirichlet Tree","test",-0.394880279084732,-0.602420238838136,"Below 0"
1252,"Generated",-2.74344743733296,-3.68154653825997,-1.90263682498569,"dt","Dirichlet Tree","test",-0.144066349263673,0.387141368119236,"Below 0"
1253,"Generated",-2.47582695629285,-3.22233137463086,-1.78100719035452,"dt","Dirichlet Tree","test",-0.4108295561896,-0.605969113934406,"Below 0"
1254,"Generated",-2.9545854668728,-3.58486386172523,-2.26110045451081,"dt","Dirichlet Tree","test",0.652740024950291,-0.253715410735904,"Below 0"
1255,"Generated",-1.45866976946019,-2.05369416684554,-0.788800560996555,"dt","Dirichlet Tree","test",-0.171384792841553,0.259148981682813,"Below 0"
1256,"Generated",-3.0250224579976,-3.82061702229057,-2.16290415987111,"dt","Dirichlet Tree","test",-0.129134011453764,-0.479102802790686,"Below 0"
1257,"Generated",-3.72971400637788,-4.51215357625793,-2.98831463920935,"dt","Dirichlet Tree","test",-0.288212398936326,-0.285994339353715,"Below 0"
1258,"Generated",-4.10661362335525,-5.30337021128549,-3.18107954159458,"dt","Dirichlet Tree","test",-0.269996943607587,-0.0335166118126226,"Below 0"
1259,"Generated",-2.29763241300295,-3.09980269509798,-1.42635346876019,"dt","Dirichlet Tree","test",-0.0982889931225388,0.347830733251177,"Below 0"
1260,"Generated",-2.99254877706146,-3.79655488691879,-2.09242894516875,"dt","Dirichlet Tree","test",-0.160007420807401,-0.561573142440165,"Below 0"
1261,"Generated",-1.13303279168648,-1.80660134748468,-0.486610669481232,"dt","Dirichlet Tree","test",-0.261777798545824,-0.0830998026134286,"Below 0"
1262,"Generated",-3.82398306335501,-4.50329516830446,-3.17268333725522,"dt","Dirichlet Tree","test",-0.223494215207514,0.0151350274478731,"Below 0"
1263,"Generated",-3.03775281582674,-3.81252444905009,-2.35968368768897,"dt","Dirichlet Tree","test",-0.115059344500126,0.267671878304635,"Below 0"
1264,"Generated",-2.76071883929884,-3.51198248699341,-1.89279590754407,"dt","Dirichlet Tree","test",0.704699943520487,0.0860909771729481,"Below 0"
1265,"Generated",-2.41520064293332,-3.09732427427694,-1.77523801144328,"dt","Dirichlet Tree","test",-0.227530584224865,-0.388497114368101,"Below 0"
1266,"Generated",-2.15280872688802,-2.89371912062456,-1.38928785652125,"dt","Dirichlet Tree","test",-0.0298110176173303,-0.129020457096641,"Below 0"
1267,"Generated",-1.45835835712943,-2.2300032008045,-0.745189104600341,"dt","Dirichlet Tree","test",-0.19279373130178,0.286529233361388,"Below 0"
1268,"Generated",-1.69142298681364,-2.71654597651038,-0.979183636700626,"dt","Dirichlet Tree","test",-0.186407887807618,0.307548355777961,"Below 0"
1269,"Generated",-1.79259828573206,-2.49284986009445,-1.04613650855722,"dt","Dirichlet Tree","test",-0.213950666544445,0.22268366866475,"Below 0"
1270,"Generated",-1.48185121034757,-2.14867071048404,-0.855510429871709,"dt","Dirichlet Tree","test",-0.404648430980372,-0.597438948592437,"Below 0"
1271,"Generated",-3.71597519128928,-4.35376026877355,-2.99680575154354,"dt","Dirichlet Tree","test",-0.259144122362843,-0.0336138824372925,"Below 0"
1272,"Generated",-1.62717290704224,-2.19371486085574,-1.09217852546609,"dt","Dirichlet Tree","test",0.7661381678025,-0.0470381334480163,"Below 0"
1273,"Generated",-3.18491593101266,-3.84908246577231,-2.54506520032155,"dt","Dirichlet Tree","test",-0.169376784758466,0.230690216450782,"Below 0"
1274,"Generated",-0.670766107632971,-1.23769724590853,-0.12876330881963,"dt","Dirichlet Tree","test",-0.19474325250219,0.612654515495953,"Below 0"
1275,"Generated",-2.67312787471707,-3.56932513339634,-1.8703836491983,"dt","Dirichlet Tree","test",-0.25887885434427,-0.0590828454452126,"Below 0"
1276,"Generated",-1.52071549036779,-2.23466786463361,-0.91424630377241,"dt","Dirichlet Tree","test",0.000699006317653308,0.342214907069684,"Below 0"
1277,"Generated",-1.83310066541952,-2.84919870257364,-1.10459499647941,"dt","Dirichlet Tree","test",-0.179231623212464,0.273094033740309,"Below 0"
1278,"Generated",-1.27934720837764,-2.03428581909106,-0.657941806341881,"dt","Dirichlet Tree","test",0.0859758695056271,0.0107078877466688,"Below 0"
1279,"Generated",-2.07547781952719,-2.78498788737516,-1.38192668750161,"dt","Dirichlet Tree","test",-0.251928262419862,0.325688098274594,"Below 0"
1280,"Generated",-3.26258480990073,-3.89510267425732,-2.65580337617037,"dt","Dirichlet Tree","test",0.582501104446807,0.0116243875400979,"Below 0"
1281,"Generated",-1.52895795122787,-2.27193690143789,-0.850764218833963,"dt","Dirichlet Tree","test",-0.310382038456191,-0.185541054144178,"Below 0"
1282,"Generated",-1.30055201353539,-2.09416986099271,-0.47207089726089,"dt","Dirichlet Tree","test",-0.356919924878825,-0.437384177118837,"Below 0"
1283,"Generated",-1.31207974683639,-1.99519962131788,-0.539471121221087,"dt","Dirichlet Tree","test",-0.22802580872371,0.400570943900452,"Below 0"
1284,"Generated",-3.07155000444374,-3.70835637237924,-2.35942554434959,"dt","Dirichlet Tree","test",0.625936723899827,-0.0223636805242189,"Below 0"
1285,"Generated",-0.716557681594446,-1.3141193105515,-0.022282729275618,"dt","Dirichlet Tree","test",-0.244767931084561,0.272809083144392,"Below 0"
1286,"Generated",-2.44417729899862,-3.2614809274359,-1.57639094712525,"dt","Dirichlet Tree","test",-0.1234441735661,0.395141672068888,"Below 0"
1287,"Generated",-3.72269697853706,-4.53232973128647,-3.05397126180197,"dt","Dirichlet Tree","test",-0.205878014371969,-0.0935102133090615,"Below 0"
1288,"Generated",-2.25633045656233,-3.02345389244755,-1.53273314168426,"dt","Dirichlet Tree","test",-0.150622650006248,0.441038181129611,"Below 0"
1289,"Generated",-3.91234533225999,-4.59260839013425,-3.23081110614104,"dt","Dirichlet Tree","test",-0.391333182217306,-0.583049083937922,"Below 0"
1290,"Generated",-2.03812523029749,-2.78276110993329,-1.32909928979469,"dt","Dirichlet Tree","test",-0.273471550082303,-0.0953199060009472,"Below 0"
1291,"Generated",-2.64876661569637,-3.39805441713032,-2.01003688488892,"dt","Dirichlet Tree","test",-0.180821668526932,0.236527411627914,"Below 0"
1292,"Generated",-3.64845175465582,-4.53194297353207,-2.71480924094028,"dt","Dirichlet Tree","test",-0.341653600897063,-0.460077472889087,"Below 0"
1,"Real",2.64941203772358,2.04547680011995,3.41595630641673,"icfm","ICFM","test",0.810853746649156,0.0611762207869931,"Above 0"
2,"Real",2.80175826883301,2.09869819228035,4.02073760036683,"icfm","ICFM","test",-0.343680852469112,0.531918676777477,"Above 0"
3,"Real",2.87705293179055,2.17095788530348,3.82958218664593,"icfm","ICFM","test",-0.323984443434428,-0.486102241333177,"Above 0"
4,"Real",3.31761283077959,2.47428869419087,4.73170769808049,"icfm","ICFM","test",0.382356745669136,-0.281184113189866,"Above 0"
5,"Real",2.96778837870635,2.23595611238386,4.07283614350803,"icfm","ICFM","test",-0.264567266407297,0.0101795267759108,"Above 0"
6,"Real",2.61492341205395,1.96415904124258,3.75389353161748,"icfm","ICFM","test",0.918180816349514,0.44349841396057,"Above 0"
7,"Real",3.45156576217267,2.50173413457864,4.83248450637669,"icfm","ICFM","test",-0.2444380558855,-0.116843558411341,"Above 0"
8,"Real",3.10731294356989,2.35711227637451,4.15475613177482,"icfm","ICFM","test",0.119650801168615,-0.2263077642392,"Above 0"
9,"Real",2.87991115042842,2.27639924413057,3.8414266473387,"icfm","ICFM","test",-0.224569652270979,-0.24895994246164,"Above 0"
10,"Real",2.74401427901756,1.91128830504167,3.76931572206336,"icfm","ICFM","test",-0.373470224657738,-0.190760182905537,"Above 0"
11,"Real",2.44571861508651,1.71109141231499,3.46175138795796,"icfm","ICFM","test",-0.388173393803737,-0.69567858729826,"Above 0"
12,"Real",3.34277756650846,2.46453416713162,4.70226788335594,"icfm","ICFM","test",0.189874006132213,-0.349841644701235,"Above 0"
13,"Real",2.97635686917363,2.17014960695987,4.02570876996637,"icfm","ICFM","test",-0.463774292149538,0.452410684561462,"Above 0"
14,"Real",3.06163504609008,2.23998436734452,4.21190990294562,"icfm","ICFM","test",0.314210307675096,0.286696081070699,"Above 0"
15,"Real",2.86377616379033,2.08481359681549,4.11477315657028,"icfm","ICFM","test",0.491006458252758,-0.427688592725912,"Above 0"
16,"Real",3.42790034112341,2.50128991287932,4.81374261651648,"icfm","ICFM","test",-0.25890519396816,-0.0434185320673837,"Above 0"
17,"Real",3.08479124994974,2.25961839690062,4.55310450458913,"icfm","ICFM","test",-0.203971410384799,-0.00430639050522536,"Above 0"
18,"Real",3.0754445126238,2.22719763182027,4.28797840228808,"icfm","ICFM","test",-0.17288381124514,-0.0613488517732199,"Above 0"
19,"Real",3.36591652686729,2.44117792436571,4.5931339731113,"icfm","ICFM","test",-0.281478070368996,0.20798602870906,"Above 0"
20,"Real",2.93057464298105,2.20635190834557,4.32288553358797,"icfm","ICFM","test",-0.633859401128444,0.197543763505066,"Above 0"
21,"Real",2.83970792773977,2.08950253923247,3.99284580819698,"icfm","ICFM","test",-0.079112437746353,-0.69405821985965,"Above 0"
22,"Real",3.01131755680134,2.13864073915269,4.30740204434944,"icfm","ICFM","test",0.571837292368682,0.129014250667757,"Above 0"
23,"Real",3.04998903191343,2.241097033028,4.15827503052032,"icfm","ICFM","test",0.55213916777899,0.221922232137396,"Above 0"
24,"Real",2.99769925441716,2.23045561837607,4.1398579547436,"icfm","ICFM","test",-0.324553011481493,0.241813702629141,"Above 0"
25,"Real",2.66681047729228,2.07321460199953,3.73712651717523,"icfm","ICFM","test",0.955367601005959,0.0866957151118401,"Above 0"
26,"Real",2.99721148679328,2.22398190207108,4.30543272173868,"icfm","ICFM","test",0.435548247781022,-0.319922064237634,"Above 0"
27,"Real",3.17790310493663,2.31662580963729,4.12213247242847,"icfm","ICFM","test",-0.0423905691267248,-0.159570989296484,"Above 0"
28,"Real",2.96315721007884,2.26380822739091,4.27669545230785,"icfm","ICFM","test",-0.326875717190437,-0.188754497756064,"Above 0"
29,"Real",3.18417792014877,2.22601986813435,4.28310017371007,"icfm","ICFM","test",-0.20960299830356,-0.231245202254398,"Above 0"
30,"Real",3.35644177518585,2.36660513975772,4.80839602819585,"icfm","ICFM","test",-0.221900597955933,-0.241773737123165,"Above 0"
31,"Real",3.24282434495149,2.39812215772159,4.54762143261519,"icfm","ICFM","test",0.294271016618224,0.063411119618946,"Above 0"
32,"Real",2.71578414559484,2.10403841256568,3.80988436783805,"icfm","ICFM","test",0.707602556870355,0.351157807850878,"Above 0"
33,"Real",3.03030914527241,2.28134588519929,4.12437734905891,"icfm","ICFM","test",0.00246878867139455,0.0331087049618004,"Above 0"
34,"Real",2.97022457176712,2.18505703051981,4.09409510210969,"icfm","ICFM","test",-0.307541468645642,-0.589111053214791,"Above 0"
35,"Real",3.09948826265488,2.32795865414073,4.43688867114123,"icfm","ICFM","test",-0.219380434471324,0.331058395319849,"Above 0"
36,"Real",3.2296246958709,2.38178156169651,4.57510034490441,"icfm","ICFM","test",0.354298558393379,0.0414250742135189,"Above 0"
37,"Real",2.90183844915401,2.14925004618874,4.08456166841664,"icfm","ICFM","test",0.219274235754226,0.0450388768133256,"Above 0"
38,"Real",2.76199470859117,1.99212196766985,3.9497003581744,"icfm","ICFM","test",-0.37065517395596,-0.628171896915836,"Above 0"
39,"Real",2.90727623480351,2.22818676513887,3.94189407680595,"icfm","ICFM","test",0.196867654937843,-0.400814129640829,"Above 0"
40,"Real",2.61118052630967,1.88624981297608,3.70215330443877,"icfm","ICFM","test",-0.355218587276619,0.454641580664832,"Above 0"
41,"Real",2.95360252913349,2.19035717299125,4.00725110492779,"icfm","ICFM","test",-0.0162999951135281,-0.0511367996943491,"Above 0"
42,"Real",3.09628184901748,2.25960380200913,4.49733142032354,"icfm","ICFM","test",-0.25921532641813,-0.399913045998961,"Above 0"
43,"Real",2.66726223801274,1.92243941973199,3.99131646961404,"icfm","ICFM","test",-0.301985306318673,0.163674226699417,"Above 0"
44,"Real",2.82543392508302,2.16990490148223,3.91560844687281,"icfm","ICFM","test",0.214731777064217,-0.253136900103915,"Above 0"
45,"Real",3.11123307934808,2.28386553382089,4.40705465741381,"icfm","ICFM","test",0.492009907948332,0.277766736552881,"Above 0"
46,"Real",3.17004338088031,2.25054089198893,4.48681259666889,"icfm","ICFM","test",-0.140874801565532,-0.0767916015414304,"Above 0"
47,"Real",2.92279903563475,2.1881616152014,4.21280310533927,"icfm","ICFM","test",-0.111268340060276,0.220055821050836,"Above 0"
48,"Real",2.92586179278536,2.20242477323347,4.13361234594747,"icfm","ICFM","test",-0.385945374266006,-0.437370155718208,"Above 0"
49,"Real",2.95290682846321,2.10695437746468,4.25097091372654,"icfm","ICFM","test",-0.430248325662515,0.507819724169068,"Above 0"
50,"Real",2.95375043612662,2.11122448281052,4.14498026259579,"icfm","ICFM","test",-0.0706495303699139,-0.229548158704611,"Above 0"
51,"Real",2.99594817576076,2.21809402709558,4.2675710828756,"icfm","ICFM","test",-0.542367828626197,0.503821523399141,"Above 0"
52,"Real",3.15930352620358,2.27823548678869,4.36087357566472,"icfm","ICFM","test",0.306392035603075,-0.137028988308819,"Above 0"
53,"Real",2.98559808606241,2.27770702651502,4.25378931184286,"icfm","ICFM","test",-0.41738936783205,0.572563700590606,"Above 0"
54,"Real",3.04960385991941,2.34151414659417,4.13768217762055,"icfm","ICFM","test",0.520896178678343,0.252992411660007,"Above 0"
55,"Real",2.95650374604313,2.13287950595495,4.33551444295645,"icfm","ICFM","test",-0.431007120330544,0.157283770681255,"Above 0"
56,"Real",2.90474073247282,2.21802224110328,3.99896129427826,"icfm","ICFM","test",0.49837731620773,-0.196735496449799,"Above 0"
57,"Real",3.12069399073785,2.30995722834641,4.49323304192236,"icfm","ICFM","test",-0.420753407719205,-0.0826019632924264,"Above 0"
58,"Real",3.43350121340674,2.50214966019139,4.85308112216776,"icfm","ICFM","test",0.158541370996272,0.18701213757555,"Above 0"
59,"Real",3.06450403072246,2.39873024358,4.03300260496829,"icfm","ICFM","test",0.1305576516462,0.186542532283716,"Above 0"
60,"Real",3.11324127763076,2.23460637776455,4.64714687247622,"icfm","ICFM","test",-0.382605451335523,0.0652867909766867,"Above 0"
61,"Real",2.93015704714668,2.24204889124022,3.92575129055434,"icfm","ICFM","test",-0.335310442782112,-0.290725819747957,"Above 0"
62,"Real",3.15591259293606,2.33581412179553,4.5064329204716,"icfm","ICFM","test",0.725399974849742,0.147525221565515,"Above 0"
63,"Real",3.38919150023679,2.39449644286494,4.78109595462291,"icfm","ICFM","test",-0.150597459022221,0.0289544133691482,"Above 0"
64,"Real",3.07314008647926,2.08418855594778,4.46353688450473,"icfm","ICFM","test",0.0700400115889275,-0.0558101350277373,"Above 0"
65,"Real",3.05477274948156,2.21580937042066,4.05148820226639,"icfm","ICFM","test",0.110325676029375,-0.300627162579013,"Above 0"
66,"Real",2.92775346062509,2.15899930462645,4.1130296989241,"icfm","ICFM","test",-0.0317160778420714,0.0417786611283272,"Above 0"
67,"Real",2.89874467533282,2.06912322411246,4.11284310236521,"icfm","ICFM","test",-0.054891930396885,0.0617027107050135,"Above 0"
68,"Real",3.06760479506748,2.23726780234109,4.23976025609822,"icfm","ICFM","test",0.42907263756847,-0.0503880735956106,"Above 0"
69,"Real",2.78429277790246,2.15431719887652,3.8185832633177,"icfm","ICFM","test",-0.34056636445767,0.469712533434412,"Above 0"
70,"Real",2.87652010883098,2.05251589778352,4.26376139910958,"icfm","ICFM","test",-0.100535786919034,0.337521170883073,"Above 0"
71,"Real",2.73714959465228,2.05728946678171,3.80123237784123,"icfm","ICFM","test",-0.242946275876966,-0.0224807993182092,"Above 0"
72,"Real",3.10306924147351,2.28713316046082,4.25959436388537,"icfm","ICFM","test",-0.204112961429476,-0.498459895348295,"Above 0"
73,"Real",2.97559952357218,2.20954330398666,4.27642683556133,"icfm","ICFM","test",-0.324033372290311,0.357912735884975,"Above 0"
74,"Real",2.9029541556665,2.13970853614657,4.21535920456035,"icfm","ICFM","test",-0.567619001146437,0.629556505499548,"Above 0"
75,"Real",2.83897690805932,2.05475798191071,4.04775538811919,"icfm","ICFM","test",0.512023352930291,0.0338248926520782,"Above 0"
76,"Real",2.89041444858536,1.99657681439147,4.28178366963595,"icfm","ICFM","test",-0.24387057069586,-0.696213423391759,"Above 0"
77,"Real",3.37458804804835,2.51548848518734,4.87944319423865,"icfm","ICFM","test",-0.144657311496386,0.315111885001134,"Above 0"
78,"Real",2.82127505531222,1.99635025845798,4.09352844902866,"icfm","ICFM","test",-0.42615171488714,0.23953908864147,"Above 0"
79,"Real",3.14669427153737,2.22186194013375,4.21862703234805,"icfm","ICFM","test",0.140573870667852,-0.252428680499143,"Above 0"
80,"Real",3.24021660188769,2.37812358796816,4.71761953947255,"icfm","ICFM","test",0.103219715039885,0.19625248675279,"Above 0"
81,"Real",2.79477856804066,2.06416868650017,4.03628041328468,"icfm","ICFM","test",0.768535919637745,0.280490877342088,"Above 0"
82,"Real",2.70620462661998,2.07529352275064,3.80244941655463,"icfm","ICFM","test",-0.286110470418593,0.52152640976578,"Above 0"
83,"Real",3.40865550476465,2.45866575522231,4.90304707872095,"icfm","ICFM","test",-0.346079017955569,0.181643646937363,"Above 0"
84,"Real",2.76625845657011,2.09726041487647,3.7838140373638,"icfm","ICFM","test",0.243007155921054,-0.59969170424728,"Above 0"
85,"Real",2.79377057250338,2.03453865690329,4.02706881695883,"icfm","ICFM","test",-0.192230181151952,-0.809372024165955,"Above 0"
86,"Real",2.63759126702199,1.88375794144992,3.76688428361104,"icfm","ICFM","test",0.671448384664798,-0.527137550368301,"Above 0"
87,"Real",2.63598382512525,1.87390802721039,3.82767073771052,"icfm","ICFM","test",-0.275771397537199,0.156010021383044,"Above 0"
88,"Real",3.34171114996957,2.46983139240206,4.7549957613073,"icfm","ICFM","test",0.360778622954349,-0.145477702293035,"Above 0"
89,"Real",2.75176400726175,1.83269470124717,4.1142696831486,"icfm","ICFM","test",-0.387383692590905,0.195818142529093,"Above 0"
90,"Real",2.82777199310445,2.0981722244405,3.96007848465863,"icfm","ICFM","test",-0.304231796623707,-0.549082247618088,"Above 0"
91,"Real",3.16832219825136,2.25636032971667,4.53615197050858,"icfm","ICFM","test",-0.320150919505493,0.560425479899268,"Above 0"
92,"Real",2.66907283410075,2.08549014434005,3.43533535919398,"icfm","ICFM","test",-0.0849903746847891,-0.647132200750672,"Above 0"
93,"Real",2.95143681139932,2.17728367516039,4.06094654759929,"icfm","ICFM","test",-0.338220952157446,-0.453107974937399,"Above 0"
94,"Real",0.493105293156793,-0.267603806992861,1.24783645075764,"icfm","ICFM","test",-0.381039591569495,0.248724936186766,"Covers 0"
95,"Real",2.78449912581339,1.97822185187522,4.01598956913911,"icfm","ICFM","test",-0.401214548787863,0.214025638797235,"Above 0"
96,"Real",3.18920221172142,2.28166173694626,4.50595934775671,"icfm","ICFM","test",-0.336890488114282,-0.0716002431706035,"Above 0"
97,"Real",3.13796388252979,2.39930986603326,4.29209635666463,"icfm","ICFM","test",0.425601822930929,-0.185593148586902,"Above 0"
98,"Real",2.64305515199768,1.91143537043344,3.82500153151154,"icfm","ICFM","test",-0.315949937753446,0.183412645273794,"Above 0"
99,"Real",2.86306983787968,2.13474912563379,4.16477402658361,"icfm","ICFM","test",0.63790856832544,0.280327603128755,"Above 0"
100,"Real",3.09233212323284,2.31528618538054,4.38337215325382,"icfm","ICFM","test",-0.444313677327891,-0.183942351253864,"Above 0"
101,"Real",2.89097720992482,1.99671123885826,4.17255862547733,"icfm","ICFM","test",0.115571208983646,0.412394979557576,"Above 0"
102,"Real",2.81700974223106,2.16300735539157,3.961136320427,"icfm","ICFM","test",-0.348924359119614,0.311588581298109,"Above 0"
103,"Real",2.78842818403232,2.15173078851142,3.84834964014853,"icfm","ICFM","test",-0.247707601104756,-0.0542717308334127,"Above 0"
104,"Real",3.25462807211791,2.41988504593507,4.54717971260489,"icfm","ICFM","test",0.0951061058350761,-0.275563299556861,"Above 0"
105,"Real",3.18260800516673,2.22207786855243,4.59323283407828,"icfm","ICFM","test",-0.335533704274735,0.169855956035843,"Above 0"
106,"Real",2.915663371414,2.09855250337802,4.10580857031062,"icfm","ICFM","test",0.255314907371778,0.269186452130023,"Above 0"
107,"Real",2.88704539490449,2.01567752967508,4.04706505263441,"icfm","ICFM","test",-0.21693525002787,-0.718239180999619,"Above 0"
108,"Real",2.65013317232388,1.96658434387881,3.79710000502804,"icfm","ICFM","test",0.879045038996608,0.41778986929674,"Above 0"
109,"Real",3.0606697768448,2.30168405879157,4.29027343195536,"icfm","ICFM","test",0.378180502613398,-0.213138734878759,"Above 0"
110,"Real",3.28138269896226,2.46309703965532,4.61887958348062,"icfm","ICFM","test",0.197463911880736,0.037364664362062,"Above 0"
111,"Real",2.83551607527324,2.20292314901682,3.89214837510297,"icfm","ICFM","test",-0.14029823696619,-0.607608025506498,"Above 0"
112,"Real",3.23396011026261,2.36992611962862,4.58440214313133,"icfm","ICFM","test",0.301241470620425,-0.078757138963807,"Above 0"
113,"Real",3.30423346056784,2.36786637210121,4.51509293389079,"icfm","ICFM","test",-0.207015328675773,-0.26779603997706,"Above 0"
114,"Real",3.05292379947595,2.24820871815152,4.43971719556718,"icfm","ICFM","test",-0.287836219905175,0.214575443365535,"Above 0"
115,"Real",3.04128906044317,2.16377234764835,4.26853115247435,"icfm","ICFM","test",-0.433734285734211,0.0121724772560739,"Above 0"
116,"Real",2.73345666885142,1.88388218238885,3.94227214796068,"icfm","ICFM","test",-0.113400522825977,0.197796698175391,"Above 0"
117,"Real",2.57108971288952,1.9564095394322,3.69529325551424,"icfm","ICFM","test",1.01244920193146,-0.265469087353145,"Above 0"
118,"Real",3.17798881610036,2.30864736744705,4.60636688332306,"icfm","ICFM","test",-0.199342035054345,0.398036137961763,"Above 0"
119,"Real",2.83449230394167,2.13301670905446,4.07371285194584,"icfm","ICFM","test",-0.448918938627278,0.348987172879488,"Above 0"
120,"Real",2.75858229672565,2.10031737494554,3.62472608030276,"icfm","ICFM","test",-0.0865745699124468,-0.674037815550748,"Above 0"
121,"Real",3.02239789520756,2.16086724239394,4.2909588548963,"icfm","ICFM","test",-0.138467437066382,0.490375657747552,"Above 0"
122,"Real",2.91328216460919,2.12433786316899,4.05988675663984,"icfm","ICFM","test",-0.00820541943515896,-0.761001432731222,"Above 0"
123,"Real",2.86033886270674,1.9929302473462,4.09325427139736,"icfm","ICFM","test",-0.518609803703038,0.628474123395821,"Above 0"
124,"Real",2.92380485895007,2.09352849117518,3.97678207473634,"icfm","ICFM","test",0.421802586975028,0.328306703503684,"Above 0"
125,"Real",2.6410446690249,1.92317555675608,3.85794265609102,"icfm","ICFM","test",-0.293945219411367,0.147280756179534,"Above 0"
126,"Real",3.10501298483941,2.34235999748164,4.42432620734984,"icfm","ICFM","test",0.103780514717496,-0.229003509891613,"Above 0"
127,"Real",1.13376813243599,0.131206767747368,2.57350137517264,"icfm","ICFM","test",0.235127927108483,0.00950184522993801,"Above 0"
128,"Real",2.74372488202052,2.01860856407615,3.79120943979272,"icfm","ICFM","test",-0.169653147328013,-0.692363291411836,"Above 0"
129,"Real",2.75425153346957,1.991940185161,3.891298328411,"icfm","ICFM","test",0.580204640988029,0.0623110263154174,"Above 0"
130,"Real",3.32438153390453,2.4545411180439,4.50115126370906,"icfm","ICFM","test",0.0310199983709404,0.42015387333913,"Above 0"
131,"Real",2.88181356652592,2.16296510999967,4.21558378748047,"icfm","ICFM","test",0.621238979191451,0.259325453986809,"Above 0"
132,"Real",2.87194312504797,2.13175116953439,4.20632720895019,"icfm","ICFM","test",0.726447702738952,0.209952685069179,"Above 0"
133,"Real",2.83053448072353,2.09065321825446,4.05331225951472,"icfm","ICFM","test",0.0922839816678792,-0.450354922539857,"Above 0"
134,"Real",3.17168755271262,2.22230493368531,4.68836318760178,"icfm","ICFM","test",-0.125722166704957,0.0627153377027369,"Above 0"
135,"Real",3.11680194604579,2.23659826569528,4.37074132413362,"icfm","ICFM","test",-0.338048186609303,-0.501714519164799,"Above 0"
136,"Real",3.14448283879578,2.38232686791923,4.486000113692,"icfm","ICFM","test",0.0294754102996223,0.354887847423872,"Above 0"
137,"Real",2.88022648339119,2.23435787014558,3.83120749199423,"icfm","ICFM","test",0.056674446314436,-0.40318448889188,"Above 0"
138,"Real",3.23217079768454,2.43171878432252,4.54852240866854,"icfm","ICFM","test",-0.483301748021707,0.374491307039945,"Above 0"
139,"Real",3.26958763588603,2.48441064083035,4.58546224333004,"icfm","ICFM","test",0.625998181620058,0.264144488328501,"Above 0"
140,"Real",2.87645789694318,2.17880442198787,3.68843628476155,"icfm","ICFM","test",0.0348108547464572,-0.307174328575364,"Above 0"
141,"Real",3.01593702193089,2.18603836791223,4.36131151245624,"icfm","ICFM","test",-0.349663586314727,-0.467925724503023,"Above 0"
142,"Real",2.93084371671386,2.12315278716062,4.08448225600456,"icfm","ICFM","test",-0.13513067704783,-0.72646122595916,"Above 0"
143,"Real",3.22500892469555,2.42992958077859,4.49288393110914,"icfm","ICFM","test",0.242493107926836,0.205373982735437,"Above 0"
144,"Real",3.03243689724195,2.19244644892235,4.44631738363808,"icfm","ICFM","test",-0.539176803622308,0.553941409680244,"Above 0"
145,"Real",2.7582978239104,1.99056721274679,3.97411175114831,"icfm","ICFM","test",0.545764440983331,-0.140847270400162,"Above 0"
146,"Real",3.41443949251957,2.48829549286366,4.77551275301587,"icfm","ICFM","test",0.509248077008174,-0.0979480715874493,"Above 0"
147,"Real",3.30663621262927,2.42932064640948,4.67931839777446,"icfm","ICFM","test",0.566858951529327,-0.0674822230743766,"Above 0"
148,"Real",2.80855393051979,2.15698202507977,3.86262372088333,"icfm","ICFM","test",0.677050128979369,-0.0359429748923704,"Above 0"
149,"Real",2.93875057692949,2.1810333043429,4.26173770606626,"icfm","ICFM","test",0.105704496810063,0.331799620311572,"Above 0"
150,"Real",2.97547011518013,2.19673193254688,4.25324092718602,"icfm","ICFM","test",-0.529962864664027,0.472573609565263,"Above 0"
151,"Real",2.93207887199906,2.0915135655849,4.07176749139002,"icfm","ICFM","test",-0.318185038738645,-0.532173912891675,"Above 0"
152,"Real",2.69832882317448,2.13194761195097,3.45795297951015,"icfm","ICFM","test",0.720783025493339,-0.267641608991838,"Above 0"
153,"Real",3.38083702788424,2.42191387853186,4.76876830488241,"icfm","ICFM","test",-0.26619549597939,-0.0972413885488772,"Above 0"
154,"Real",0.740719155746739,-0.275719095115959,2.14212917631226,"icfm","ICFM","test",-0.451849724090669,0.431723493391117,"Covers 0"
155,"Real",3.30768506357799,2.40426283605948,4.628360607054,"icfm","ICFM","test",-0.223176679488902,0.191149077893986,"Above 0"
156,"Real",2.72474334689812,2.01646889785121,3.92483996682825,"icfm","ICFM","test",0.718860735907617,0.3687909355609,"Above 0"
157,"Real",2.9952892475747,2.28464299200574,3.85954815452363,"icfm","ICFM","test",0.347040982549485,-0.498651454907853,"Above 0"
158,"Real",3.04585850107327,2.27492535857417,4.16418848915186,"icfm","ICFM","test",0.00703725262681179,-0.657708958387598,"Above 0"
159,"Real",2.97517693362365,2.28062011015388,4.09522462180578,"icfm","ICFM","test",-0.361179418467945,-0.0819619180479786,"Above 0"
160,"Real",2.89685040224783,2.21459364216694,4.05449873554024,"icfm","ICFM","test",0.441055282044504,-0.348970000475881,"Above 0"
161,"Real",3.06954287246824,2.25363705968001,4.5148470612913,"icfm","ICFM","test",-0.00752995105940069,0.436765827873033,"Above 0"
162,"Real",0.850725143292695,0.107807151888183,1.63006297003233,"icfm","ICFM","test",-0.0827898096851109,-0.0664589162701665,"Above 0"
163,"Real",3.16983367153311,2.31964512464055,4.3850586648548,"icfm","ICFM","test",0.520476085434301,-0.291117133784329,"Above 0"
164,"Real",3.1387931309293,2.26642382948802,4.45608042901868,"icfm","ICFM","test",-0.384076579612705,-0.311845374850397,"Above 0"
165,"Real",2.83862969288638,2.12466420636504,4.06191624155767,"icfm","ICFM","test",0.754363115027837,0.338015880743626,"Above 0"
166,"Real",2.88801393509696,2.10045295223078,4.07304069975906,"icfm","ICFM","test",0.582211408091157,-0.0249539266984772,"Above 0"
167,"Real",2.85631153725373,2.20472976830641,3.6832585943577,"icfm","ICFM","test",0.277575690807329,-0.0913627194869723,"Above 0"
168,"Real",2.91310760345559,2.16119577063913,4.09613034992183,"icfm","ICFM","test",-0.360126521215191,0.403543215020842,"Above 0"
169,"Real",3.21460585643548,2.39146653434958,4.37332016786592,"icfm","ICFM","test",0.442695321886168,-0.542747113023354,"Above 0"
170,"Real",3.33918542237023,2.51445381975092,4.69773764777417,"icfm","ICFM","test",0.596054835177752,-0.113400425251244,"Above 0"
171,"Real",3.08686085947782,2.24619696285052,4.41857847721089,"icfm","ICFM","test",-0.34670406119541,0.418416124976558,"Above 0"
172,"Real",3.07361502512462,2.24977282709205,4.23001192006838,"icfm","ICFM","test",0.358513224730393,-0.153532876281258,"Above 0"
173,"Real",2.84902521801953,2.1154508403199,4.02490413841976,"icfm","ICFM","test",0.719842222489448,0.40186032253571,"Above 0"
174,"Real",2.78270364083356,1.76897995496473,4.21431828088588,"icfm","ICFM","test",-0.186958682699558,0.173366799313902,"Above 0"
175,"Real",2.86425106489325,2.17998038006261,3.86433046277913,"icfm","ICFM","test",-0.497719945879004,-0.155525763648718,"Above 0"
176,"Real",3.05699531069764,2.14218810025823,4.2488201928489,"icfm","ICFM","test",-0.327475375102019,-0.229339331211568,"Above 0"
177,"Real",2.74813004057985,2.13225671649554,3.58247818979671,"icfm","ICFM","test",-0.325426239330084,-0.624444626261245,"Above 0"
178,"Real",3.03470005094013,2.27247288525286,4.12713243115774,"icfm","ICFM","test",0.111948972907279,-0.0384540906710877,"Above 0"
179,"Real",3.15365440281789,2.28888890259665,4.50776095645972,"icfm","ICFM","test",-0.473995625424828,0.463219000516098,"Above 0"
180,"Real",2.96112835494294,2.20560180902029,4.159607454731,"icfm","ICFM","test",-0.292297053713133,-0.694429897297145,"Above 0"
181,"Real",3.07823258308624,2.28396541101669,4.34421382676423,"icfm","ICFM","test",0.110015969064773,0.479973304134668,"Above 0"
182,"Real",2.96676470982513,2.25380618040565,3.9924033397325,"icfm","ICFM","test",-0.015762141925117,0.228076620986677,"Above 0"
183,"Real",3.04591782149427,2.16016424594942,4.34210210529065,"icfm","ICFM","test",-0.291611639443234,0.134465658695584,"Above 0"
184,"Real",3.15795871593328,2.24585762190719,4.31451795528995,"icfm","ICFM","test",-0.380276581322911,-0.217375894192582,"Above 0"
185,"Real",2.81874535601945,1.85847296989074,4.09254794251586,"icfm","ICFM","test",-0.386669979206103,0.202548761276974,"Above 0"
186,"Real",3.04274823924619,2.2895532238139,3.95362550947851,"icfm","ICFM","test",0.0566322189927789,-0.7195068008729,"Above 0"
187,"Real",3.18389105369931,2.13499346497799,4.73157066567445,"icfm","ICFM","test",-0.10149827743215,0.0841396781429519,"Above 0"
188,"Real",2.63999627529573,1.94549770934669,3.82126191168189,"icfm","ICFM","test",-0.294990704601295,0.149089895020866,"Above 0"
189,"Real",3.31869250517414,2.38059847990525,4.7242679226567,"icfm","ICFM","test",0.242134916748389,-0.0453755644899434,"Above 0"
190,"Real",3.06077390624946,2.07810844864951,4.41827138879003,"icfm","ICFM","test",-0.255859018765139,0.406176342480144,"Above 0"
191,"Real",2.96549339354141,2.13785955748563,4.26130900228997,"icfm","ICFM","test",-0.545102138964112,0.544074081409172,"Above 0"
192,"Real",2.90346596778553,2.23658725589825,3.74186882591993,"icfm","ICFM","test",-0.162942553431582,-0.318163943160617,"Above 0"
193,"Real",2.60968460944532,1.91581164997062,3.71186102040173,"icfm","ICFM","test",-0.296824038323566,0.14030729291015,"Above 0"
194,"Real",3.10950622494083,2.194442230556,4.47905869805594,"icfm","ICFM","test",-0.398411216608423,0.423597789519438,"Above 0"
195,"Real",2.56313481732834,1.8793476609958,3.75239257085197,"icfm","ICFM","test",-0.100089424633267,0.415969740883224,"Above 0"
196,"Real",2.85542439941733,2.18336495025749,3.94506532476259,"icfm","ICFM","test",-0.139637115941461,-0.689303255753261,"Above 0"
197,"Real",3.08113524201313,2.35291384383748,4.22590419991064,"icfm","ICFM","test",0.539317378124484,-0.0884902291901521,"Above 0"
198,"Real",3.29002137999803,2.30783850885668,4.41451132589475,"icfm","ICFM","test",-0.295539058585422,-0.0476071245954623,"Above 0"
199,"Real",3.10989862113657,2.13876292974895,4.34864404057397,"icfm","ICFM","test",-0.302892931132312,0.0695331509479527,"Above 0"
200,"Real",2.79261516340108,2.08940611319036,3.95005982179098,"icfm","ICFM","test",-0.0801732480373819,-0.77361440008632,"Above 0"
201,"Real",3.15725571181933,2.28973464783049,4.37588862511404,"icfm","ICFM","test",-0.173808722206714,-0.46238036165999,"Above 0"
202,"Real",2.9829554309677,2.19052740444405,4.17584894824512,"icfm","ICFM","test",-0.052356713860798,-0.188187042200502,"Above 0"
203,"Real",0.7132227537233,-0.196267568218849,1.92528966928151,"icfm","ICFM","test",-0.412810656214925,0.167751195350684,"Covers 0"
204,"Real",3.34131610624506,2.48931102614671,4.75957802650458,"icfm","ICFM","test",0.546370975703951,0.0819872042051574,"Above 0"
205,"Real",2.83463477248511,2.0994426891348,3.77153472032468,"icfm","ICFM","test",-0.390313019196645,-0.0740646587566512,"Above 0"
206,"Real",2.87090522627309,2.06031922486323,4.18891768296814,"icfm","ICFM","test",-0.075698436872262,0.472495673469945,"Above 0"
207,"Real",3.00868088832132,2.29158804405997,4.22639648830961,"icfm","ICFM","test",0.511843979715987,0.392506436361272,"Above 0"
208,"Real",3.41290203599407,2.45773649927689,4.86985561361661,"icfm","ICFM","test",-0.318772629707034,-0.102496922582329,"Above 0"
209,"Real",3.16442348634862,2.19273619203668,4.53120418083113,"icfm","ICFM","test",-0.337348925044728,0.255820160352121,"Above 0"
210,"Real",2.87033074062806,1.98120731939078,4.25376741118803,"icfm","ICFM","test",-0.387762576991923,0.202293571281183,"Above 0"
211,"Real",3.24607047318075,2.2716805032895,4.46461772498915,"icfm","ICFM","test",0.16366749282491,-0.138320745928575,"Above 0"
212,"Real",3.06648768852084,2.09118082323931,4.55066049977573,"icfm","ICFM","test",-0.290994550421555,0.291315341845142,"Above 0"
213,"Real",2.71429764902239,2.04438748815447,3.88407029304305,"icfm","ICFM","test",0.429187315071069,-0.409486433803509,"Above 0"
214,"Real",2.78530458883235,2.10105603760463,3.82964466318492,"icfm","ICFM","test",-0.212547232351688,-0.717332926240789,"Above 0"
215,"Real",2.97660821829819,2.32817889490392,4.14272427520042,"icfm","ICFM","test",0.61380359271248,-0.172110657796978,"Above 0"
216,"Real",3.1195013447224,2.32669448140985,4.34072458781936,"icfm","ICFM","test",0.431269954573259,0.0853015154035383,"Above 0"
217,"Real",2.63414064442046,1.75815713957548,3.95099563266816,"icfm","ICFM","test",-0.326760159612216,-0.284661442965018,"Above 0"
218,"Real",3.21522754027144,2.27505111104937,4.32483871075966,"icfm","ICFM","test",-0.211435827173979,-0.232531909992067,"Above 0"
219,"Real",3.3801676154315,2.52389769222491,4.7391274110491,"icfm","ICFM","test",0.109228012107671,-0.166760422955658,"Above 0"
220,"Real",2.84551819999091,2.00978629292712,4.26534128643842,"icfm","ICFM","test",-0.312936785381652,-0.235008713396777,"Above 0"
221,"Real",2.94749482711238,2.35744127479655,3.86106179404432,"icfm","ICFM","test",0.525889337914496,0.0731179497010044,"Above 0"
222,"Real",2.66940802103981,1.97108709485016,3.75411603617758,"icfm","ICFM","test",-0.417472647466783,0.535101659206772,"Above 0"
223,"Real",3.06778661200079,2.1999635339932,4.44167608258353,"icfm","ICFM","test",0.484591009536632,0.236308353939583,"Above 0"
224,"Real",3.02804358106382,2.25611565431456,4.00817797347357,"icfm","ICFM","test",-0.345692372232335,0.106283999282162,"Above 0"
225,"Real",3.28316126478819,2.42109513022328,4.75916376069993,"icfm","ICFM","test",-0.0663869518054734,0.365405075243687,"Above 0"
226,"Real",3.27193757446716,2.40261969643072,4.50421558096174,"icfm","ICFM","test",0.213089676393201,0.188974988913268,"Above 0"
227,"Real",2.71996819738899,2.15518590321808,3.5001238114307,"icfm","ICFM","test",0.613472500320448,-0.461771828952604,"Above 0"
228,"Real",3.02581759978345,2.2031208117696,4.2273735026363,"icfm","ICFM","test",-0.182700880791094,0.242842928912082,"Above 0"
229,"Real",2.84928166948091,2.20639898951319,3.97385039404043,"icfm","ICFM","test",0.670328906447339,-0.0863352437181543,"Above 0"
230,"Real",2.96502957020618,2.25851269052163,4.05375205954556,"icfm","ICFM","test",0.802785778232273,0.288233848268379,"Above 0"
231,"Real",2.84350707500164,2.13635436430623,3.78618854435185,"icfm","ICFM","test",0.306401096312035,-0.397913137691038,"Above 0"
232,"Real",2.74709464602439,2.05463808101943,3.9326470334011,"icfm","ICFM","test",0.627859346611537,-0.539003132036044,"Above 0"
233,"Real",2.76011848999385,2.01939450935444,3.91446784427218,"icfm","ICFM","test",0.393414449711747,-0.365823766055821,"Above 0"
234,"Real",2.84961417174828,2.069583228895,3.92228577502647,"icfm","ICFM","test",-0.141820153459746,0.031647667128191,"Above 0"
235,"Real",3.14323510768422,2.36812304134968,4.39508726694138,"icfm","ICFM","test",0.253258600529736,-0.231075642697043,"Above 0"
236,"Real",3.06784368176745,2.28746110973529,4.45859855602204,"icfm","ICFM","test",0.031833160280992,0.320315753910808,"Above 0"
237,"Real",2.78717806779083,2.03859858281676,4.06139481907565,"icfm","ICFM","test",0.147164978249894,0.257358166554546,"Above 0"
238,"Real",3.21118331147515,2.34432377630213,4.17768798102595,"icfm","ICFM","test",-0.0143848238969976,-0.163193933268009,"Above 0"
239,"Real",2.78352665180176,2.13594712387686,3.86302586833638,"icfm","ICFM","test",-0.407008882329584,0.448527756936195,"Above 0"
240,"Real",3.01739278792268,2.17793742612043,4.33146402690845,"icfm","ICFM","test",0.636479851103565,-0.116691200990763,"Above 0"
241,"Real",3.02498352394553,2.09771945491388,4.24106105751048,"icfm","ICFM","test",0.0435236934528167,-0.138160022882765,"Above 0"
242,"Real",2.52687364999527,2.01401125748659,3.30477591829778,"icfm","ICFM","test",0.962235834636114,-0.283245872379216,"Above 0"
243,"Real",2.88451641978369,2.18403177105425,4.006662833396,"icfm","ICFM","test",0.482448774410789,-0.422366059242999,"Above 0"
244,"Real",3.14279119836967,2.30525220442552,4.56790422962221,"icfm","ICFM","test",-0.101941025216038,-0.098696277798526,"Above 0"
245,"Real",2.95114760830119,2.18996923694966,4.06600554652119,"icfm","ICFM","test",0.0625474422295429,-0.327245172136053,"Above 0"
246,"Real",3.10348762688234,2.35950229199203,4.28828498953917,"icfm","ICFM","test",0.360243563727546,-0.162939386598356,"Above 0"
247,"Real",3.29368907994502,2.431134792716,4.49511107214261,"icfm","ICFM","test",0.0817055527187942,-0.470325535463668,"Above 0"
248,"Real",3.26206766829728,2.36111332730858,4.5533960994836,"icfm","ICFM","test",-0.365645342891257,-0.445944196159066,"Above 0"
249,"Real",3.20539519266501,2.29945627410104,4.42269765342125,"icfm","ICFM","test",-0.330642884662559,-0.48472967951635,"Above 0"
250,"Real",3.4906706813069,2.58262801826541,4.72047433757995,"icfm","ICFM","test",-0.254589516385886,0.13214533378093,"Above 0"
251,"Real",2.73969787399694,2.13277346582192,3.46887354748445,"icfm","ICFM","test",0.783713853572426,-0.0575289278668941,"Above 0"
252,"Real",2.72474970387033,2.19234106899052,3.42919704121764,"icfm","ICFM","test",0.653094945103499,-0.305177955515546,"Above 0"
253,"Real",3.32623178010045,2.30908114433465,4.57408676611724,"icfm","ICFM","test",-0.311400918174126,-0.20726788731822,"Above 0"
254,"Real",2.71714551954411,2.0462842045957,3.77791230580483,"icfm","ICFM","test",-0.307557255627064,-0.591906638797577,"Above 0"
255,"Real",3.24480898662475,2.37147827335258,4.6203887578659,"icfm","ICFM","test",0.486661380962182,-0.205001247894072,"Above 0"
256,"Real",2.84259408063532,1.98823743215503,4.05320477352498,"icfm","ICFM","test",0.133220591673423,-0.0350535080043814,"Above 0"
257,"Real",3.26219073069945,2.36924488466968,4.68840492985382,"icfm","ICFM","test",0.356360797632538,0.404618891021813,"Above 0"
258,"Real",2.87714828933353,2.11762208601736,4.05391929881259,"icfm","ICFM","test",0.787346680667629,0.00806681389933135,"Above 0"
259,"Real",2.98629908797059,2.1609343675179,4.24111204738175,"icfm","ICFM","test",-0.300205113889868,0.250582709146623,"Above 0"
260,"Real",3.28679665462464,2.36126670546379,4.67353800845298,"icfm","ICFM","test",-0.375382917148869,0.256867683595454,"Above 0"
261,"Real",3.11066044977791,2.30537543476133,4.3896372972923,"icfm","ICFM","test",-0.373484998396187,0.25477104269826,"Above 0"
262,"Real",3.0053497807333,2.24642538916938,4.30208306764274,"icfm","ICFM","test",0.231874156538504,-0.0152323546214092,"Above 0"
263,"Real",2.82647107436846,2.07007060017526,4.04164942076745,"icfm","ICFM","test",0.0115456650973534,-0.188509412437948,"Above 0"
264,"Real",3.00449586827604,2.19076464342944,4.32481231197686,"icfm","ICFM","test",-0.468426924269061,0.346963644505496,"Above 0"
265,"Real",2.76812270597187,1.93325055505809,4.02501226786726,"icfm","ICFM","test",-0.357397077665836,0.171861250816327,"Above 0"
266,"Real",3.23265435301358,2.2305984370736,4.62135392831719,"icfm","ICFM","test",-0.378727913886857,0.237585615577847,"Above 0"
267,"Real",3.43918923825454,2.52489586024164,4.84973637784056,"icfm","ICFM","test",-0.394443416054901,-0.208845439151026,"Above 0"
268,"Real",2.76551220546822,2.07821320520423,3.97449370663943,"icfm","ICFM","test",-0.502283882078012,0.507659268371462,"Above 0"
269,"Real",3.04545487704738,2.22876345634746,4.33230880762447,"icfm","ICFM","test",-0.38433857633981,0.307292371377317,"Above 0"
270,"Real",2.69985390197715,2.06732918960351,3.44141047099781,"icfm","ICFM","test",0.746399528677029,0.0918844617724155,"Above 0"
271,"Real",3.13121481169679,2.31231886196394,4.3250183767287,"icfm","ICFM","test",-0.177335220064238,0.135702121172152,"Above 0"
272,"Real",2.66354892754103,1.83818242739493,3.69881744582874,"icfm","ICFM","test",0.163176075578718,0.014564229435464,"Above 0"
273,"Real",2.57398715239999,2.00800249176945,3.37547985910754,"icfm","ICFM","test",0.941849109098965,0.128228268015658,"Above 0"
274,"Real",2.96581127212321,2.25057144847042,4.1640482081913,"icfm","ICFM","test",0.37526028017168,-0.15156595466333,"Above 0"
275,"Real",2.84418633088303,2.18591732165612,3.88683618794005,"icfm","ICFM","test",0.38785754382125,-0.424467491382457,"Above 0"
276,"Real",2.86961193134525,2.129902214983,3.91301027894333,"icfm","ICFM","test",0.296953081971367,-0.0448593587816676,"Above 0"
277,"Real",3.36757237378989,2.49911459590946,4.54357588969201,"icfm","ICFM","test",-0.4253668053542,-0.367616026960617,"Above 0"
278,"Real",3.03969706489216,2.18419843024731,4.02244702199433,"icfm","ICFM","test",0.0854153076967642,-0.309801541269047,"Above 0"
279,"Real",2.38812727704587,1.53212709419692,3.69191889556006,"icfm","ICFM","test",-0.406928795819746,0.0871982786788133,"Above 0"
280,"Real",3.10485116753553,2.29021748545944,4.31953013883873,"icfm","ICFM","test",-0.360106859341608,-0.454946490436841,"Above 0"
281,"Real",2.95495227450117,2.11180227888205,4.2299228964801,"icfm","ICFM","test",-0.0365367079706663,-0.431401657882536,"Above 0"
282,"Real",2.8198603821753,2.0717303342045,3.8582781626221,"icfm","ICFM","test",0.446864204311887,0.0390470131818587,"Above 0"
283,"Real",2.63304526029331,1.95907281004844,3.78463527881457,"icfm","ICFM","test",-0.303512233946628,0.0527153753021221,"Above 0"
284,"Real",2.97882043873656,2.00424611907488,4.4645013666808,"icfm","ICFM","test",-0.123576471563414,-0.273135823294885,"Above 0"
285,"Real",3.06307635165913,2.23416105920246,4.34160372852939,"icfm","ICFM","test",0.259765441580078,-0.0728088789315497,"Above 0"
286,"Real",2.74991781618651,2.03441362576224,3.90354401259046,"icfm","ICFM","test",0.795940931568276,0.429667835403925,"Above 0"
287,"Real",2.94114131157073,2.21489668611236,4.15044300631886,"icfm","ICFM","test",0.518633117476834,-0.423069969135645,"Above 0"
288,"Real",2.86881947662298,2.04852474472731,4.12990232108518,"icfm","ICFM","test",-0.153382134943231,0.505171502572915,"Above 0"
289,"Real",2.66738394622347,2.04175002371701,3.8363292932836,"icfm","ICFM","test",-0.266502270764661,0.113266650784407,"Above 0"
290,"Real",2.88198685615173,2.24785076352082,3.84676874327476,"icfm","ICFM","test",0.649139006360741,0.0807124656975189,"Above 0"
291,"Real",2.9029541556665,2.13970853614657,4.21535920456035,"icfm","ICFM","test",-0.567619001146436,0.629556505499548,"Above 0"
292,"Real",2.96479233988059,2.21183202456514,4.0963771656718,"icfm","ICFM","test",-0.303037913949347,0.224986200778025,"Above 0"
293,"Generated",-3.47722267262352,-5.04852203374005,-2.33585988888622,"icfm","ICFM","test",-0.325211566561306,0.00790296425569438,"Below 0"
294,"Generated",-1.2401291553743,-2.0587826003297,-0.64997779857752,"icfm","ICFM","test",0.586274093722947,-0.565735844679807,"Below 0"
295,"Generated",-3.42062129889643,-5.04682031022211,-2.26741251810324,"icfm","ICFM","test",-0.206277340633867,-0.0755942359674285,"Below 0"
296,"Generated",-3.25830119700882,-4.88092625457297,-2.29684558864751,"icfm","ICFM","test",-0.0470160151730145,-0.730886474955554,"Below 0"
297,"Generated",-5.64378404830105,-6.92817761561894,-4.60440334755002,"icfm","ICFM","test",0.827182817534332,0.511128039946946,"Below 0"
298,"Generated",-4.61629544552846,-5.6352570639345,-3.82531922797815,"icfm","ICFM","test",-0.389846689373161,0.332898733871305,"Below 0"
299,"Generated",-3.70254153821698,-5.10530271097227,-2.73371982531318,"icfm","ICFM","test",-0.165196563501525,0.173531966003405,"Below 0"
300,"Generated",-0.482362417200173,-1.23350082776767,0.287834217243426,"icfm","ICFM","test",-0.474038448477122,0.472812961419483,"Covers 0"
301,"Generated",-3.93333913544759,-5.36448689359056,-3.00291868797152,"icfm","ICFM","test",-0.00760310405624801,-0.230977884251145,"Below 0"
302,"Generated",-4.6391680765701,-6.05410916244549,-3.62281017783302,"icfm","ICFM","test",0.406371904065565,0.249015976320653,"Below 0"
303,"Generated",-4.78953912132019,-6.14492581145188,-3.61032395078593,"icfm","ICFM","test",0.227146499871705,-0.047366301079577,"Below 0"
304,"Generated",-1.21644750055038,-2.45584073540935,-0.403285426419597,"icfm","ICFM","test",-0.36521589811781,0.252588209505047,"Below 0"
305,"Generated",-6.10035429969084,-7.44786229180797,-5.06568952060912,"icfm","ICFM","test",-0.336224624030573,-0.505011628898927,"Below 0"
306,"Generated",-5.59185550555779,-7.29244646420719,-4.4787716795606,"icfm","ICFM","test",0.757271078412342,-0.204975843799605,"Below 0"
307,"Generated",-4.34907105548159,-5.77475154655812,-3.28975993489294,"icfm","ICFM","test",0.591946493105652,-0.257605801612395,"Below 0"
308,"Generated",-6.2451441214795,-7.80039994740284,-5.08372387871856,"icfm","ICFM","test",-0.498351301922321,0.510621416777084,"Below 0"
309,"Generated",-2.68671740809552,-3.62399348410701,-1.99694444797944,"icfm","ICFM","test",-0.107035083929702,0.0288145732831202,"Below 0"
310,"Generated",-4.18808360723103,-5.37207434419064,-3.27272001831124,"icfm","ICFM","test",0.212280461862275,-0.169755072412411,"Below 0"
311,"Generated",-3.55393717597895,-5.02599764746186,-2.53983001882098,"icfm","ICFM","test",-0.205260835686462,-0.21008940207962,"Below 0"
312,"Generated",-0.840246013585317,-1.74099207217309,-0.0438324733209464,"icfm","ICFM","test",0.672366243195327,-0.555129628863447,"Below 0"
313,"Generated",-3.65542613448658,-5.30644528047056,-2.62351181409759,"icfm","ICFM","test",-0.163276932473248,-0.64597291905627,"Below 0"
314,"Generated",-3.09597913394225,-4.46500674548814,-2.01523570989894,"icfm","ICFM","test",-0.479080951428673,-0.289720844275199,"Below 0"
315,"Generated",-3.56011682330588,-4.86778830069989,-2.49193233499378,"icfm","ICFM","test",-0.389461337696139,0.0916047600237171,"Below 0"
316,"Generated",-3.37173972991517,-5.14181622582095,-2.26392273746596,"icfm","ICFM","test",0.375243854670987,-0.490825453952055,"Below 0"
317,"Generated",-5.70179502913106,-7.03601750819526,-4.70959388766912,"icfm","ICFM","test",-0.0259458567280091,-0.0498957514847404,"Below 0"
318,"Generated",-3.2020884983421,-4.52701040405367,-2.17133958424794,"icfm","ICFM","test",0.869086350474099,-0.0106376322272866,"Below 0"
319,"Generated",-3.7782609807213,-4.90119871153734,-2.76854708224454,"icfm","ICFM","test",-0.19050320400083,0.199935021112971,"Below 0"
320,"Generated",-5.34834635753965,-6.97611225937873,-4.31662746991145,"icfm","ICFM","test",-0.285662237327596,-0.429472909396333,"Below 0"
321,"Generated",-3.68350327075709,-4.5055470105484,-2.95661224088098,"icfm","ICFM","test",0.208806537543403,-0.529891502851162,"Below 0"
322,"Generated",-2.95349077555829,-3.88713473555465,-2.13756047170236,"icfm","ICFM","test",-0.00825053818838101,0.580684097434683,"Below 0"
323,"Generated",-3.21933254185141,-4.26202823275856,-2.38331732647385,"icfm","ICFM","test",0.635742564851041,0.0149133032392266,"Below 0"
324,"Generated",-3.55546707948452,-4.9101988286748,-2.49306600955713,"icfm","ICFM","test",-0.364891333472255,0.189410553215456,"Below 0"
325,"Generated",-5.38738353452921,-6.6998845494889,-4.42971878100259,"icfm","ICFM","test",-0.355903239066933,0.383396183755946,"Below 0"
326,"Generated",-4.18643775477896,-5.77256564425667,-3.15802959521346,"icfm","ICFM","test",-0.212784255471612,-0.669083877382735,"Below 0"
327,"Generated",-4.11419982048216,-5.42875296770498,-3.07785035977951,"icfm","ICFM","test",0.429027566544614,-0.271619566307578,"Below 0"
328,"Generated",-5.56023906374866,-6.80907450364284,-4.57865649884761,"icfm","ICFM","test",0.70165588122,-0.287966870795196,"Below 0"
329,"Generated",-3.78596078861911,-5.53229896020982,-2.73196488310355,"icfm","ICFM","test",-0.414424376935794,-0.0562400086330864,"Below 0"
330,"Generated",-5.71681650287065,-7.35804898252782,-4.55464713719215,"icfm","ICFM","test",-0.403041610494778,0.329179482951368,"Below 0"
331,"Generated",-2.58319826099329,-4.08290193663026,-1.40088258693516,"icfm","ICFM","test",-0.206903813051227,-0.0209769380244066,"Below 0"
332,"Generated",-3.55052506917839,-5.13268258302798,-2.44751668588953,"icfm","ICFM","test",-0.288664203183177,-0.445254289191641,"Below 0"
333,"Generated",-3.56745512511507,-5.34037293570371,-2.56321910871124,"icfm","ICFM","test",-0.230632244040928,-0.700151857593824,"Below 0"
334,"Generated",-4.40657793327859,-5.79109369689345,-3.49532155836163,"icfm","ICFM","test",-0.43829614318101,-0.449529282812924,"Below 0"
335,"Generated",-2.66593298400876,-4.27083453258989,-1.55757631002909,"icfm","ICFM","test",-0.308722400652747,0.18349523485204,"Below 0"
336,"Generated",-2.7047966089433,-3.99324875393843,-1.68740350948703,"icfm","ICFM","test",-0.0080324733650561,-0.51714621318244,"Below 0"
337,"Generated",-3.17144073849568,-4.58695786499639,-2.22869602068795,"icfm","ICFM","test",0.196885047922819,-0.111215650238273,"Below 0"
338,"Generated",-3.50274273809501,-4.98044546141143,-2.45334596556693,"icfm","ICFM","test",-0.376949640549668,-0.138561964165525,"Below 0"
339,"Generated",-3.32828719065376,-4.53638443279818,-2.54546929509099,"icfm","ICFM","test",-0.570486152053823,0.107090501229425,"Below 0"
340,"Generated",-4.42453598927545,-5.92652543925862,-3.33866096227084,"icfm","ICFM","test",-0.332382096109184,0.169431059876056,"Below 0"
341,"Generated",-3.93654894689494,-5.6327371225971,-2.88818343323459,"icfm","ICFM","test",0.160959142464405,0.155789592729279,"Below 0"
342,"Generated",-2.26449095274846,-3.50597701456003,-1.47978516739708,"icfm","ICFM","test",-0.488507515824498,0.343809998019156,"Below 0"
343,"Generated",-2.65354300967129,-4.05986530941669,-1.80246317838432,"icfm","ICFM","test",-0.217691695967592,-0.829756557835405,"Below 0"
344,"Generated",-4.55622758334994,-6.04451909789043,-3.53900657254424,"icfm","ICFM","test",-0.263927061210433,-0.231037279169617,"Below 0"
345,"Generated",-2.92429649067943,-4.71164294355378,-1.80029048025501,"icfm","ICFM","test",0.642045019941636,0.0977281783486135,"Below 0"
346,"Generated",-0.414119462568884,-1.74705022185712,0.33657256596859,"icfm","ICFM","test",-0.0139991952774536,-0.472525567852468,"Covers 0"
347,"Generated",-6.01149505460578,-7.40925011024395,-4.94777790073068,"icfm","ICFM","test",0.338970144003375,0.196539022124766,"Below 0"
348,"Generated",-3.81534196207824,-5.16123830329876,-2.84576194014355,"icfm","ICFM","test",-0.339369862925877,-0.272413968602457,"Below 0"
349,"Generated",-3.87646361821701,-5.60590728360382,-2.72832765825062,"icfm","ICFM","test",-0.119630305078617,0.344824013389854,"Below 0"
350,"Generated",-3.70012785474292,-5.1380967741741,-2.64444479883358,"icfm","ICFM","test",-0.0964865990517874,-0.288328145918794,"Below 0"
351,"Generated",-4.83706942409213,-6.29281390625965,-3.73568318142544,"icfm","ICFM","test",-0.279429692077979,-0.398218272919496,"Below 0"
352,"Generated",-1.92426139052458,-3.01519663701937,-1.10931335290601,"icfm","ICFM","test",-0.394604252458335,0.143207916208208,"Below 0"
353,"Generated",-0.537412419614934,-1.75637291362155,0.265738383784916,"icfm","ICFM","test",0.599535774727071,0.0540621013595091,"Covers 0"
354,"Generated",-4.47068129926536,-6.09189188460771,-3.48623804426342,"icfm","ICFM","test",-0.450505759572515,-0.159351644707292,"Below 0"
355,"Generated",-3.16930617247231,-4.68832707083539,-1.96932290142904,"icfm","ICFM","test",-0.53304206739575,0.447945976981695,"Below 0"
356,"Generated",-4.92398341334724,-6.30654578444408,-3.88409615072931,"icfm","ICFM","test",0.125706091979863,0.249157383767923,"Below 0"
357,"Generated",-4.65352409910831,-6.14907938996282,-3.51396021196097,"icfm","ICFM","test",-0.453331908247674,0.37495963437967,"Below 0"
358,"Generated",-4.6457923024863,-6.47391575151945,-3.44684660481157,"icfm","ICFM","test",0.0317397136697651,-0.0341025180804266,"Below 0"
359,"Generated",-3.35798253892299,-5.038786217666,-2.22926674320868,"icfm","ICFM","test",0.464015804084381,-0.0926406271154399,"Below 0"
360,"Generated",-1.84330903913498,-2.90017059390014,-1.0326974484866,"icfm","ICFM","test",-0.143074839455678,-0.804230932072262,"Below 0"
361,"Generated",-1.17036539182545,-2.45919566026068,-0.259563569758293,"icfm","ICFM","test",0.313230989969896,0.0960802453101159,"Below 0"
362,"Generated",-3.59588909216915,-4.62133482244738,-2.78428496220116,"icfm","ICFM","test",-0.362714138186,-0.117010843851204,"Below 0"
363,"Generated",-0.842135512375555,-2.43869142558375,0.0237777252120526,"icfm","ICFM","test",-0.291826052903811,-0.0333256188715316,"Covers 0"
364,"Generated",-3.60225930828656,-5.09548111761731,-2.58176265895168,"icfm","ICFM","test",0.830643263738071,0.363158098332167,"Below 0"
365,"Generated",0.32953501273126,-0.591341285742165,0.962940601025315,"icfm","ICFM","test",0.0891329590837719,0.247549171239605,"Covers 0"
366,"Generated",-3.31323339146628,-4.39820572435231,-2.42481950237438,"icfm","ICFM","test",-0.0826700887610992,0.426002055005143,"Below 0"
367,"Generated",-4.35897549907622,-5.47472227679248,-3.51190996927633,"icfm","ICFM","test",0.144259166041315,-0.639533767793748,"Below 0"
368,"Generated",-2.78726214050719,-3.93648477853191,-1.91892585911772,"icfm","ICFM","test",-0.488925316362786,0.513786776518202,"Below 0"
369,"Generated",-6.04488875670506,-7.55117295329875,-4.84882753009342,"icfm","ICFM","test",-0.449506582030797,0.17264953245949,"Below 0"
370,"Generated",-5.48384902876111,-6.82119715673288,-4.48576028326932,"icfm","ICFM","test",0.257500371300721,-0.560171027938851,"Below 0"
371,"Generated",-2.79233309143705,-3.94943010499621,-1.97633480885045,"icfm","ICFM","test",-0.225792836930677,0.384379929617564,"Below 0"
372,"Generated",-1.43280035725807,-2.85758454239281,-0.49872335252639,"icfm","ICFM","test",-0.299475277121264,-0.0174744835143025,"Below 0"
373,"Generated",-4.76036181446956,-6.4039678729129,-3.47935039446432,"icfm","ICFM","test",-0.225556109397587,0.0568092865693472,"Below 0"
374,"Generated",-5.86559713975407,-7.28190243519387,-4.91296152805192,"icfm","ICFM","test",-0.430013892492152,0.379055541788498,"Below 0"
375,"Generated",-1.67445051472253,-2.77360153671974,-0.82860491560379,"icfm","ICFM","test",-0.291368260454466,-0.0130598699021993,"Below 0"
376,"Generated",-3.55801286567293,-4.86764727126476,-2.34897846944045,"icfm","ICFM","test",0.192682769395822,0.161875132914575,"Below 0"
377,"Generated",-1.84661676516883,-3.17452296021181,-1.05568851403693,"icfm","ICFM","test",-0.211877909209654,0.338187550365511,"Below 0"
378,"Generated",-2.00182746069018,-3.64447573419817,-1.0457852121249,"icfm","ICFM","test",-0.426398283642468,-0.300187600047886,"Below 0"
379,"Generated",-4.40462328129558,-5.59610336102772,-3.54777812638257,"icfm","ICFM","test",0.623032952503719,-0.0975130568405759,"Below 0"
380,"Generated",-5.42395201865265,-7.05738522211526,-4.46538345207312,"icfm","ICFM","test",-0.223030928526823,-0.915871764368809,"Below 0"
381,"Generated",-4.60814147980245,-5.79776256248102,-3.76932843319251,"icfm","ICFM","test",-0.286413230481992,0.149251661681786,"Below 0"
382,"Generated",-0.837934266939617,-2.40498246974901,0.261025917748549,"icfm","ICFM","test",0.750620862843777,0.321145697735996,"Covers 0"
383,"Generated",-2.73159228816986,-3.74229750808836,-1.85847780154397,"icfm","ICFM","test",-0.329608402893063,0.207280567892504,"Below 0"
384,"Generated",-4.08551817112011,-5.16529962469341,-3.30018024196366,"icfm","ICFM","test",-0.360222117731137,0.255871454095487,"Below 0"
385,"Generated",-3.30135937168326,-4.45344625546954,-2.30351561278976,"icfm","ICFM","test",-0.385344513851913,-0.047610077597624,"Below 0"
386,"Generated",-2.38094201338274,-3.05242899897696,-1.71578745028687,"icfm","ICFM","test",-0.0367913960099852,-0.336957451958511,"Below 0"
387,"Generated",-4.94195684131453,-6.61836040112349,-3.86167305629291,"icfm","ICFM","test",-0.148043543923751,-0.727707853253564,"Below 0"
388,"Generated",-5.33905784004819,-6.47371178891123,-4.33955399973522,"icfm","ICFM","test",-0.0141536568551846,-0.293769788556696,"Below 0"
389,"Generated",-2.4224339877609,-3.50345003605383,-1.51338982863218,"icfm","ICFM","test",-0.410554289749939,0.113795162998217,"Below 0"
390,"Generated",-4.14070718473308,-5.88211364362403,-2.99995136783486,"icfm","ICFM","test",0.840711988552008,0.245596829353201,"Below 0"
391,"Generated",-0.0972141141218097,-1.19435394992355,0.595357794577911,"icfm","ICFM","test",0.382312388841995,-0.501108111752932,"Covers 0"
392,"Generated",-4.3699626565029,-5.93242340751684,-3.48107427535386,"icfm","ICFM","test",-0.167754396995113,-0.449021828885224,"Below 0"
393,"Generated",-4.70803092778022,-6.29124938615702,-3.65181911112345,"icfm","ICFM","test",-0.527015404461581,0.0568291485793773,"Below 0"
394,"Generated",-5.53868049295263,-6.93749652314078,-4.43851069143791,"icfm","ICFM","test",0.504836605196303,0.25236245101084,"Below 0"
395,"Generated",-3.81143244479392,-5.469249810013,-2.83216964405994,"icfm","ICFM","test",0.638423758741901,0.421379085038243,"Below 0"
396,"Generated",-5.97831695923604,-7.35244707792462,-4.95886915658646,"icfm","ICFM","test",0.748110727603978,-0.0890638950675636,"Below 0"
397,"Generated",-4.31718451041302,-5.84996314543594,-3.24658444567352,"icfm","ICFM","test",0.195757954653825,-0.122150120864274,"Below 0"
398,"Generated",-1.88300508873741,-3.2076066179984,-0.935919916417082,"icfm","ICFM","test",-0.180072544239536,-0.227815669020614,"Below 0"
399,"Generated",-3.04690387942728,-4.64444435565161,-1.94067121393701,"icfm","ICFM","test",-0.462172546407978,-0.140624980514941,"Below 0"
400,"Generated",-1.6090170272467,-2.5769608006246,-0.920315160973785,"icfm","ICFM","test",0.305338804072384,0.180862325177041,"Below 0"
401,"Generated",-5.29259447320331,-6.920014409634,-4.27069033704072,"icfm","ICFM","test",0.730514416411506,0.301280970072774,"Below 0"
402,"Generated",-5.64230301575931,-7.18282795281411,-4.44579140883922,"icfm","ICFM","test",-0.381603681931898,0.307689682763564,"Below 0"
403,"Generated",-5.45191649581745,-6.92941432485377,-4.47008503067032,"icfm","ICFM","test",-0.500565256542329,0.487662224595713,"Below 0"
404,"Generated",-4.34780324317668,-5.68502611249002,-3.27465273383568,"icfm","ICFM","test",0.30621177705326,0.428468756285306,"Below 0"
405,"Generated",-5.94586997333039,-7.68090665374819,-4.72643967294825,"icfm","ICFM","test",-0.458170273138095,0.385654476130144,"Below 0"
406,"Generated",0.859238498305542,-0.126473485078719,1.58126471407036,"icfm","ICFM","test",-0.146670554952017,-0.324639850649103,"Covers 0"
407,"Generated",-1.95233642326602,-3.13289662350822,-1.09198648123574,"icfm","ICFM","test",-0.229398500089043,-0.786845524253492,"Below 0"
408,"Generated",-2.94786081387978,-4.41458570954056,-1.759926275597,"icfm","ICFM","test",0.441888188765222,0.0120186581036195,"Below 0"
409,"Generated",-4.28385985790021,-6.06157525700346,-3.00044290333033,"icfm","ICFM","test",-0.259388092913988,-0.123933792437487,"Below 0"
410,"Generated",-4.62630512658978,-6.00906757209072,-3.734649445266,"icfm","ICFM","test",-0.332318117747838,-0.143299498675177,"Below 0"
411,"Generated",-5.89635312602841,-7.4847728345894,-4.70934529926574,"icfm","ICFM","test",-0.352623948753293,0.241735714068493,"Below 0"
412,"Generated",-0.859604630856784,-2.24024455410356,-0.039880659213528,"icfm","ICFM","test",0.850429279659386,0.272135608216612,"Below 0"
413,"Generated",-4.25117538215896,-5.66832155541278,-3.32598067611038,"icfm","ICFM","test",0.245781992268114,-0.606645589982902,"Below 0"
414,"Generated",-3.38054493336363,-5.1735231678835,-2.13008364098516,"icfm","ICFM","test",-0.508766838163066,0.472746065354871,"Below 0"
415,"Generated",-3.94048806651283,-5.11797813869163,-2.95106498048362,"icfm","ICFM","test",-0.485994683740687,0.470706812648586,"Below 0"
416,"Generated",-2.88193988623202,-4.46956190538043,-2.02524434885216,"icfm","ICFM","test",0.890911365438808,0.225315274472624,"Below 0"
417,"Generated",-4.10379310331523,-5.51853276420586,-3.21120964005391,"icfm","ICFM","test",-0.17836289133421,-0.39298600174443,"Below 0"
418,"Generated",0.747289227853141,-0.727925812443855,1.64304834639589,"icfm","ICFM","test",-0.450061608498005,-0.248331749866259,"Covers 0"
419,"Generated",-0.307186157625456,-1.73435482276921,0.62058920664817,"icfm","ICFM","test",0.0583357697449474,-0.105163438814553,"Covers 0"
420,"Generated",-4.28197209901675,-5.49274938471477,-3.39406128822819,"icfm","ICFM","test",-0.531857170175711,0.431071114953023,"Below 0"
421,"Generated",-1.22147494929698,-2.91266756212999,-0.305083865516654,"icfm","ICFM","test",0.593127634928158,0.156647906743687,"Below 0"
422,"Generated",-3.11518812588515,-4.59397050342973,-2.10833293650376,"icfm","ICFM","test",-0.524776697494645,0.524916416440318,"Below 0"
423,"Generated",-1.65271497658155,-2.66997391417753,-0.838923839248014,"icfm","ICFM","test",-0.326771652545448,-0.258418986035747,"Below 0"
424,"Generated",-5.40365761678871,-6.65527429602385,-4.47474926572216,"icfm","ICFM","test",0.475411206510118,0.470296422215528,"Below 0"
425,"Generated",-4.86864036166089,-6.38957380360462,-3.84582479782546,"icfm","ICFM","test",-0.497543849170809,0.521816020284474,"Below 0"
426,"Generated",-3.59400322731789,-4.91974756648928,-2.59503737045401,"icfm","ICFM","test",0.399616166953673,0.218616903220253,"Below 0"
427,"Generated",-3.97993783526949,-5.06295628545089,-2.96224293166751,"icfm","ICFM","test",-0.515789455898076,0.0810068799700542,"Below 0"
428,"Generated",-5.3771490933849,-6.73932712049196,-4.43079302344143,"icfm","ICFM","test",-0.586075428076026,-0.152341587136346,"Below 0"
429,"Generated",-5.93636718082653,-7.48945735377405,-4.73465557179814,"icfm","ICFM","test",-0.327653224020925,-0.133318560229771,"Below 0"
430,"Generated",-5.38331463357529,-6.64167552341137,-4.48482154521063,"icfm","ICFM","test",0.637062706652904,0.185154094349611,"Below 0"
431,"Generated",-3.40875499879895,-4.30553661860618,-2.62565726489092,"icfm","ICFM","test",-0.367020280383338,0.198525360441616,"Below 0"
432,"Generated",-4.56923945707986,-5.93751364264902,-3.59375129846931,"icfm","ICFM","test",-0.588435772194824,0.0774061541368147,"Below 0"
433,"Generated",-0.565499798311702,-1.75202218490016,0.297781679524754,"icfm","ICFM","test",0.792014542309026,-0.39503611715711,"Covers 0"
434,"Generated",-3.47511908098613,-5.17903585574412,-2.32246953104058,"icfm","ICFM","test",0.86201159884434,0.401789987026038,"Below 0"
435,"Generated",-4.60933551136883,-5.83223655679262,-3.67763270390738,"icfm","ICFM","test",-0.486518705562224,0.391691140391951,"Below 0"
436,"Generated",-3.90102577357321,-5.01128137868285,-3.05634233922357,"icfm","ICFM","test",-0.130932546628273,0.000757951698145121,"Below 0"
437,"Generated",-4.05490253312206,-5.57139678064485,-3.20962351338397,"icfm","ICFM","test",0.495433786191827,-0.119662025381343,"Below 0"
438,"Generated",-3.14905476735918,-4.18424633669664,-2.22672663363398,"icfm","ICFM","test",0.393696470678892,0.0666117079120024,"Below 0"
439,"Generated",-4.19430594781808,-5.94208435698876,-3.06511746910657,"icfm","ICFM","test",-0.250790298012098,0.0657593707172502,"Below 0"
440,"Generated",-4.78585923444674,-6.13070512153017,-3.94576381259943,"icfm","ICFM","test",-0.53309541145889,0.293587951979147,"Below 0"
441,"Generated",-5.61044493024479,-7.31420680422912,-4.44983680737817,"icfm","ICFM","test",-0.437312218090297,-0.020026493935725,"Below 0"
442,"Generated",-4.57767181822416,-6.15186924696155,-3.28433234648495,"icfm","ICFM","test",0.653750836463049,0.21955154613444,"Below 0"
443,"Generated",-2.10708020479577,-3.30974329108902,-0.999026082653611,"icfm","ICFM","test",-0.381861217418582,-0.495874572015854,"Below 0"
444,"Generated",-2.22639157756348,-3.58297566091131,-1.24931340570129,"icfm","ICFM","test",-0.523654089682559,-0.0104895687600864,"Below 0"
445,"Generated",-0.805128180434301,-1.4268332725045,-0.132192690330158,"icfm","ICFM","test",0.0935907212966502,-0.582257766054489,"Below 0"
446,"Generated",-0.987875135928631,-2.21752375287302,-0.178213123784954,"icfm","ICFM","test",0.851090939468668,-0.12946243436454,"Below 0"
447,"Generated",-1.55289417499209,-2.7097732861004,-0.761649414531519,"icfm","ICFM","test",0.760362151692249,-0.174977809533744,"Below 0"
448,"Generated",-3.9749461470492,-5.70465242408736,-3.01782375231692,"icfm","ICFM","test",-0.127110926399033,-0.111727727346984,"Below 0"
449,"Generated",-1.22582374186618,-2.79934689073219,-0.331172780055042,"icfm","ICFM","test",0.493007728645501,0.325546742767045,"Below 0"
450,"Generated",-4.10724490397356,-5.58377435362674,-3.08459643613641,"icfm","ICFM","test",-0.458436459878486,0.294314256374614,"Below 0"
451,"Generated",-4.05988842803991,-5.21638932443433,-3.14498061773618,"icfm","ICFM","test",-0.398122468460693,0.21597390550163,"Below 0"
452,"Generated",-5.55124587800794,-7.22839311943836,-4.53814215732283,"icfm","ICFM","test",0.521213736361339,0.325034088325921,"Below 0"
453,"Generated",-5.93351549270643,-7.29246457858543,-4.80418745779357,"icfm","ICFM","test",0.354755634406016,0.296768246175553,"Below 0"
454,"Generated",-1.08965272202181,-2.71085292271369,0.0175549175408877,"icfm","ICFM","test",-0.217650931374588,-0.841406430582387,"Covers 0"
455,"Generated",-3.14755503303436,-4.29564114084922,-2.26695277828642,"icfm","ICFM","test",-0.464776991888289,0.316853531580673,"Below 0"
456,"Generated",-6.24995771618362,-7.6470133813919,-5.26438604423661,"icfm","ICFM","test",-0.500869889030167,-0.017293318247138,"Below 0"
457,"Generated",-4.45914972340466,-5.68707686752227,-3.59173248558232,"icfm","ICFM","test",0.0187618952810772,-0.166205413343965,"Below 0"
458,"Generated",-1.65809526137506,-2.82447019799154,-0.891310158162313,"icfm","ICFM","test",-0.490953687925596,0.0428657033084215,"Below 0"
459,"Generated",-4.70749329057238,-5.97641968593004,-3.70858366886437,"icfm","ICFM","test",0.0433612456876967,0.0864704459653556,"Below 0"
460,"Generated",-3.72879175827507,-5.44483644591717,-2.70751725681147,"icfm","ICFM","test",-0.412277501196948,-0.0384563132471528,"Below 0"
461,"Generated",-5.81587499586059,-7.24156974382176,-4.650593183055,"icfm","ICFM","test",-0.43096679975482,0.343727139787681,"Below 0"
462,"Generated",-2.29472511055021,-3.0348889336869,-1.56624107495967,"icfm","ICFM","test",0.434569979802968,0.081936147990325,"Below 0"
463,"Generated",-3.22619673380655,-4.56530441980043,-2.18149302592908,"icfm","ICFM","test",0.0263358332686501,-0.479959596337432,"Below 0"
464,"Generated",-1.63898697405555,-2.72587626504526,-0.810376086555987,"icfm","ICFM","test",-0.288857615877326,-0.069245473245267,"Below 0"
465,"Generated",-6.070900220436,-7.68733277164887,-4.84185664940637,"icfm","ICFM","test",0.242738212838098,-0.63525023983082,"Below 0"
466,"Generated",0.641348769533011,-0.185004172510655,1.23253769410719,"icfm","ICFM","test",-0.428649356655029,-0.150243676821765,"Covers 0"
467,"Generated",-1.38999250549899,-2.7274659865547,-0.323121446016802,"icfm","ICFM","test",0.451486054176666,-0.542284292755751,"Below 0"
468,"Generated",-5.98558313061649,-7.56627917917502,-4.87777770990415,"icfm","ICFM","test",-0.270960869257584,-0.74097409801843,"Below 0"
469,"Generated",-4.37420435085214,-5.31370743254533,-3.56652660404634,"icfm","ICFM","test",-0.0775949061360829,0.425321677056306,"Below 0"
470,"Generated",-6.13084762590306,-7.78706283000117,-4.89747448112809,"icfm","ICFM","test",-0.25399627113544,0.13642382102794,"Below 0"
471,"Generated",-0.746760779727727,-1.9933206497134,0.231893095392171,"icfm","ICFM","test",0.870887842268473,0.333397963245864,"Covers 0"
472,"Generated",-3.89563513117155,-5.19503817733503,-2.95456382838107,"icfm","ICFM","test",0.854901686212709,0.343579499991237,"Below 0"
473,"Generated",-2.5685843927832,-3.87602752685913,-1.71631895281291,"icfm","ICFM","test",-0.23821745029605,-0.526132859601315,"Below 0"
474,"Generated",-5.07542180877672,-6.6580195399711,-3.81044945959075,"icfm","ICFM","test",0.561119176837817,0.0566573613896467,"Below 0"
475,"Generated",-3.88886285304121,-5.22169418335901,-2.88172855444094,"icfm","ICFM","test",0.174208757716581,-0.341371231601667,"Below 0"
476,"Generated",-3.64026502854556,-5.13709213760203,-2.38180850593597,"icfm","ICFM","test",-0.396416414555109,0.145998346853529,"Below 0"
477,"Generated",-5.97001666116405,-7.49687062248589,-4.93137796355134,"icfm","ICFM","test",-0.281168011685435,0.615191142036974,"Below 0"
478,"Generated",-5.6691114524916,-7.11886089527768,-4.6395304992017,"icfm","ICFM","test",-0.17487854701982,-0.206686643740571,"Below 0"
479,"Generated",-2.63370777566454,-3.7217101628534,-1.77767853840585,"icfm","ICFM","test",-0.293719341857711,-0.768295511201723,"Below 0"
480,"Generated",-3.66800980242653,-5.07207290374133,-2.60160200042124,"icfm","ICFM","test",-0.257656646118287,0.0436791472758675,"Below 0"
481,"Generated",-2.0748349808949,-2.81052941910105,-1.35007739856519,"icfm","ICFM","test",-0.499948014372276,0.403627245890628,"Below 0"
482,"Generated",-3.44109223936537,-4.68976965000903,-2.578414682414,"icfm","ICFM","test",-0.125456353898696,-0.272448400422869,"Below 0"
483,"Generated",-3.37403596855896,-4.43313494155147,-2.34529505961256,"icfm","ICFM","test",0.539375557622606,0.423196388416495,"Below 0"
484,"Generated",-5.92097089448921,-7.46007490381513,-4.89685526393709,"icfm","ICFM","test",0.799216767216719,-0.0348404683041031,"Below 0"
485,"Generated",0.490222579102439,-0.28835134951536,1.71641598895932,"icfm","ICFM","test",0.0570706112560312,-0.34599386436974,"Covers 0"
486,"Generated",-4.7994239291666,-6.2311962674357,-3.83224633277097,"icfm","ICFM","test",-0.203574300973255,-0.650842981187314,"Below 0"
487,"Generated",-2.79627243852653,-3.87015040535186,-2.00841111436087,"icfm","ICFM","test",-0.292598779357449,-0.819846766604964,"Below 0"
488,"Generated",-1.52385175017176,-3.09757044309067,-0.578472300139268,"icfm","ICFM","test",-0.144412522828677,0.169841564180102,"Below 0"
489,"Generated",-3.69459323981677,-4.77636229554347,-2.90314410650507,"icfm","ICFM","test",-0.39217966039672,-0.0351872777554678,"Below 0"
490,"Generated",-3.57391671543765,-5.01498978176113,-2.47974693264228,"icfm","ICFM","test",-0.509597740241857,0.503029266183406,"Below 0"
491,"Generated",-4.9520957220561,-6.74285345518338,-3.59822996633457,"icfm","ICFM","test",-0.0144444523966891,0.1915818072762,"Below 0"
492,"Generated",-5.05492648382863,-5.95594854957838,-4.23113657601849,"icfm","ICFM","test",0.534896186452704,0.270802408174366,"Below 0"
493,"Generated",-5.8740988333905,-7.29776268373544,-4.74001985417618,"icfm","ICFM","test",-0.124007149586649,-0.459868239744366,"Below 0"
494,"Generated",-6.01123152547286,-7.24786054997316,-5.1025721133625,"icfm","ICFM","test",0.0131463753215361,0.441371520723664,"Below 0"
495,"Generated",-0.435986850094375,-1.10455125243926,0.0663015061096952,"icfm","ICFM","test",0.600174421958639,-0.476625210868153,"Covers 0"
496,"Generated",-4.49212536152277,-5.65623416625528,-3.46176412987233,"icfm","ICFM","test",0.0868027076588268,-0.1874079070467,"Below 0"
497,"Generated",-1.87647204535313,-3.36208533012305,-0.653643181427485,"icfm","ICFM","test",-0.377789504726634,0.178389077040757,"Below 0"
498,"Generated",-6.39222612141881,-7.97499342091564,-5.31813688817681,"icfm","ICFM","test",0.360317584956411,0.0453058702093404,"Below 0"
499,"Generated",-3.95612481804989,-5.60506666439564,-2.84088442537293,"icfm","ICFM","test",0.355924736445134,-0.422327496728427,"Below 0"
500,"Generated",-2.99150724309785,-4.51212231339013,-2.03001997401078,"icfm","ICFM","test",0.58195678782757,0.547443254022111,"Below 0"
501,"Generated",-1.65992455298942,-3.00275211050459,-0.662974053010826,"icfm","ICFM","test",-0.170944625612673,-0.45105061030245,"Below 0"
502,"Generated",-4.40468749387356,-6.17806118621224,-3.21744760571987,"icfm","ICFM","test",0.128321416168924,0.103285784982499,"Below 0"
503,"Generated",0.810325052275052,-0.518702595941147,1.49762304813757,"icfm","ICFM","test",0.526817797071348,0.144639299581717,"Covers 0"
504,"Generated",-2.48969759278169,-3.40628969606013,-1.60118885040714,"icfm","ICFM","test",0.821845380811516,0.269042674251973,"Below 0"
505,"Generated",-3.15484318293566,-4.69582705375995,-2.07090327488418,"icfm","ICFM","test",-0.482278545112515,0.368441479787887,"Below 0"
506,"Generated",-3.50545392175856,-4.46935449591288,-2.60523420216679,"icfm","ICFM","test",0.927114454955445,0.360649875486882,"Below 0"
507,"Generated",-3.99932045820327,-5.17125878305618,-3.00326720787717,"icfm","ICFM","test",-0.238531705792441,-0.195963573186532,"Below 0"
508,"Generated",-1.52917700329783,-2.55639457252757,-0.84072400861457,"icfm","ICFM","test",0.414670608792153,0.0422785903997197,"Below 0"
509,"Generated",-5.55737462049549,-7.0226723772358,-4.47130219309934,"icfm","ICFM","test",0.822337255704621,0.401716384883956,"Below 0"
510,"Generated",-0.790069915787326,-1.67571804649691,0.0945773235736446,"icfm","ICFM","test",-0.444867310042655,0.331808416967008,"Covers 0"
511,"Generated",-5.38198128173927,-7.08427901948714,-4.18131465964051,"icfm","ICFM","test",-0.385506652556624,-0.167653998699647,"Below 0"
512,"Generated",-2.03939001416946,-3.79029151124833,-0.991863728280447,"icfm","ICFM","test",0.373817444266405,0.154480425246665,"Below 0"
513,"Generated",-5.79382532734434,-7.17941084708291,-4.82979751253547,"icfm","ICFM","test",0.525592341719687,0.411946070238237,"Below 0"
514,"Generated",-2.80944733009936,-4.52442909798888,-1.83994861641856,"icfm","ICFM","test",0.465076370879343,0.152829386273493,"Below 0"
515,"Generated",-5.4726375459949,-7.03828393019345,-4.56939973855248,"icfm","ICFM","test",0.147893011304957,-0.0529485518474663,"Below 0"
516,"Generated",-4.18841977979034,-5.72248277561728,-2.96687575585397,"icfm","ICFM","test",0.302385347162862,0.149325747721145,"Below 0"
517,"Generated",-2.98831474154501,-4.13001721504593,-2.16975810414529,"icfm","ICFM","test",0.618483347829801,-0.0374996138403273,"Below 0"
518,"Generated",-3.36924032874829,-5.1012597175872,-2.31544838700137,"icfm","ICFM","test",-0.128924382121052,-0.35661431891242,"Below 0"
519,"Generated",-4.43223875474232,-5.68658479701228,-3.59179656057425,"icfm","ICFM","test",0.862431036554301,0.30232153959318,"Below 0"
520,"Generated",-1.68006368257351,-3.12166384371811,-0.872871084564328,"icfm","ICFM","test",0.215595070258336,-0.0662347446479561,"Below 0"
521,"Generated",0.713760008147338,-0.361997971136448,1.35776571079396,"icfm","ICFM","test",0.233241833629497,0.083943724314531,"Covers 0"
522,"Generated",-1.78386345500773,-3.06957085485982,-0.73246154767525,"icfm","ICFM","test",0.933720826204368,0.10015637644596,"Below 0"
523,"Generated",-3.63166013953718,-5.16436495503207,-2.59323648363395,"icfm","ICFM","test",0.104451083704041,0.214857136776911,"Below 0"
524,"Generated",-4.85020677096218,-6.28461024453626,-3.7786831911214,"icfm","ICFM","test",-0.386311903522851,0.303058849555788,"Below 0"
525,"Generated",-2.45474078541471,-3.26233180650157,-1.65346798160222,"icfm","ICFM","test",0.073776175327613,-0.568381195424213,"Below 0"
526,"Generated",-6.17229467929829,-7.50077398817783,-5.09144645892682,"icfm","ICFM","test",0.0462404599970071,0.34926962764186,"Below 0"
527,"Generated",-5.92103029018723,-7.1353049637463,-4.85496214655523,"icfm","ICFM","test",-0.30055446762972,0.181050284537471,"Below 0"
528,"Generated",-0.651027824637482,-1.93633144265967,0.266430675464586,"icfm","ICFM","test",-0.287921757033188,-0.628749957139537,"Covers 0"
529,"Generated",0.464513271207626,-1.14170033424181,1.51174819437505,"icfm","ICFM","test",-0.391278216091436,0.188069285442421,"Covers 0"
530,"Generated",-5.94484123482013,-7.75724803193906,-4.80412963828627,"icfm","ICFM","test",-0.588539513427636,0.707141172419664,"Below 0"
531,"Generated",-1.64293688352456,-3.17628184758121,-0.672887039451873,"icfm","ICFM","test",-0.498047613369837,0.128915033231032,"Below 0"
532,"Generated",-5.36383247333939,-6.83285504534768,-4.31258345394966,"icfm","ICFM","test",-0.0678286568901646,-0.093221702726399,"Below 0"
533,"Generated",-5.42482680461677,-6.87166662150315,-4.38901823638309,"icfm","ICFM","test",-0.395693993113069,0.0901795463865538,"Below 0"
534,"Generated",0.898825109952011,-0.480285393733113,1.69760098754255,"icfm","ICFM","test",-0.319589941130647,-0.117432717300596,"Covers 0"
535,"Generated",-5.77498750563617,-7.44724380122481,-4.6254926555848,"icfm","ICFM","test",0.665743268258569,0.201988460601026,"Below 0"
536,"Generated",-2.66329973635492,-4.11104756127884,-1.6717817204689,"icfm","ICFM","test",0.337290514408267,-0.538643962948548,"Below 0"
537,"Generated",-1.80860766683311,-3.07925236319945,-1.00570656430758,"icfm","ICFM","test",-0.349793440241286,-0.138398797368268,"Below 0"
538,"Generated",-4.23424820907526,-5.84063786052337,-3.33959499329565,"icfm","ICFM","test",-0.45518385873751,0.444367773798608,"Below 0"
539,"Generated",-3.9555913444491,-5.34377961523891,-2.98616933581654,"icfm","ICFM","test",-0.281281256127495,-0.107305476629377,"Below 0"
540,"Generated",-4.1430395673019,-5.81860139774816,-3.03438733008461,"icfm","ICFM","test",-0.255212548317602,-0.838793351613049,"Below 0"
541,"Generated",-5.94790873954009,-7.10125546838619,-4.98224859944832,"icfm","ICFM","test",-0.33778612812996,0.247564879074773,"Below 0"
542,"Generated",-4.08474478451381,-5.54696009817151,-3.06088677216387,"icfm","ICFM","test",-0.366721627418325,-0.0461278017305922,"Below 0"
543,"Generated",-2.45904477780497,-3.56350667844864,-1.64026572505983,"icfm","ICFM","test",-0.238814406395368,0.144867713310215,"Below 0"
544,"Generated",-3.47799528540776,-4.75197339188286,-2.48438818311705,"icfm","ICFM","test",-0.30679176060814,0.502175106741781,"Below 0"
545,"Generated",-4.69105804649379,-6.35502159452129,-3.6491869527111,"icfm","ICFM","test",0.624185793115045,-0.367879713175688,"Below 0"
546,"Generated",-3.40645929138704,-4.63591205637732,-2.50406729714284,"icfm","ICFM","test",0.810736131253629,0.42991918516163,"Below 0"
547,"Generated",-5.01609839736605,-6.61306701756991,-3.94746685615922,"icfm","ICFM","test",-0.379705569311713,-0.682715788032393,"Below 0"
548,"Generated",-5.24294119204886,-6.64582565894036,-4.25099825116898,"icfm","ICFM","test",0.906730507002237,-0.0862727861229247,"Below 0"
549,"Generated",-5.67040485206823,-7.14119124169484,-4.60549850048407,"icfm","ICFM","test",-0.445553855461529,0.266036103989295,"Below 0"
550,"Generated",-5.92333104201208,-7.21165410654125,-4.90548545695288,"icfm","ICFM","test",0.621895655103235,0.613294704570692,"Below 0"
551,"Generated",-1.42272939487467,-2.72709332714015,-0.610939416747787,"icfm","ICFM","test",0.596970888099357,-0.462312390080384,"Below 0"
552,"Generated",0.193282729714922,-1.17733097173121,1.19666437465434,"icfm","ICFM","test",-0.417317936711222,-0.239566160646179,"Covers 0"
553,"Generated",-3.50635014990016,-4.48051574808053,-2.54524109347822,"icfm","ICFM","test",-0.0406487636385816,0.28580884168726,"Below 0"
554,"Generated",-4.66142010721594,-6.23457679706737,-3.44965702038255,"icfm","ICFM","test",0.18367636486476,-0.0146299503779371,"Below 0"
555,"Generated",-2.90757708909326,-4.34850585220359,-1.88363856155001,"icfm","ICFM","test",0.784207925691242,0.49674711310162,"Below 0"
556,"Generated",-4.63794758955741,-6.14195083139009,-3.61726610148463,"icfm","ICFM","test",0.634504378802391,-0.150879675779557,"Below 0"
557,"Generated",-5.36739747229695,-6.8859507286513,-4.19758623439781,"icfm","ICFM","test",-0.349351791249302,0.190859584073286,"Below 0"
558,"Generated",-5.56521022756934,-6.84741173678073,-4.6686474768156,"icfm","ICFM","test",-0.396183135289187,0.000494044719529174,"Below 0"
559,"Generated",-4.23610661560343,-5.60550504760311,-3.22567258724704,"icfm","ICFM","test",-0.0529851973793275,0.0630163567668777,"Below 0"
560,"Generated",-5.23219224234351,-6.40439286501442,-4.27036282151646,"icfm","ICFM","test",0.570366144358674,-0.0596220953081389,"Below 0"
561,"Generated",-3.72784218308134,-4.94729069664043,-2.74125845478815,"icfm","ICFM","test",-0.216819687932842,0.413863702198008,"Below 0"
562,"Generated",-3.78093720380762,-4.85089503438641,-2.98510283760826,"icfm","ICFM","test",0.500842004288433,0.455341858222647,"Below 0"
563,"Generated",-5.71960758804661,-7.37564233468785,-4.47408933047029,"icfm","ICFM","test",-0.397497888560593,0.385971246669365,"Below 0"
564,"Generated",-0.60326569469431,-1.80016375717481,0.301717502863072,"icfm","ICFM","test",0.944795047134602,0.284382817682223,"Covers 0"
565,"Generated",-2.13695239415314,-3.78930140358473,-1.02654908184017,"icfm","ICFM","test",-0.279582378893577,-0.213572825931538,"Below 0"
566,"Generated",-2.34301530340136,-3.39607130908886,-1.53341248209816,"icfm","ICFM","test",0.938543391152545,-0.176275471185474,"Below 0"
567,"Generated",-3.70282793955277,-5.10495417024697,-2.76724710120305,"icfm","ICFM","test",-0.442327078113946,0.519406069470735,"Below 0"
568,"Generated",-6.26866509814741,-7.90716993996346,-5.19407964055505,"icfm","ICFM","test",-0.442726619925851,0.0386158656207363,"Below 0"
569,"Generated",-4.75849579761185,-6.26279405856884,-3.64067546570807,"icfm","ICFM","test",0.52206804978351,-0.169301167631824,"Below 0"
570,"Generated",-3.44763290197694,-5.19147296749866,-2.30710627463075,"icfm","ICFM","test",-0.511626383491035,0.181399415591012,"Below 0"
571,"Generated",-6.12968718484592,-7.84454245939139,-4.97253597615991,"icfm","ICFM","test",-0.344145295953761,0.153630500859889,"Below 0"
572,"Generated",-2.03354194547507,-2.95903924710933,-1.30593265574747,"icfm","ICFM","test",0.662583076791479,0.148489598824755,"Below 0"
573,"Generated",-5.9994415771145,-7.32551891187526,-4.97492277366481,"icfm","ICFM","test",-0.338787797665884,0.0836791427466966,"Below 0"
574,"Generated",-5.19366172332044,-6.41607351966482,-4.27992830873009,"icfm","ICFM","test",-0.206439487270914,-0.273098052818352,"Below 0"
575,"Generated",-2.70116892892984,-4.42084842412621,-1.67754537623657,"icfm","ICFM","test",-0.49719050141114,0.406453288295903,"Below 0"
576,"Generated",-4.73794059892779,-6.14881838299828,-3.87602268302692,"icfm","ICFM","test",0.20340616389775,-0.431054404030318,"Below 0"
577,"Generated",-1.38813661030736,-3.19242419433111,-0.269826541053871,"icfm","ICFM","test",-0.238409578538171,-0.0939449285093718,"Below 0"
578,"Generated",-2.26440688016892,-3.50712403608402,-1.23049468931736,"icfm","ICFM","test",-0.236900233695865,-0.748511411003945,"Below 0"
579,"Generated",-3.45086644257407,-5.07654419548123,-2.36232670056727,"icfm","ICFM","test",-0.30117453795571,-0.0451108820034735,"Below 0"
580,"Generated",-2.56602721786628,-3.70284604301671,-1.68085092034973,"icfm","ICFM","test",-0.310779259837726,0.132830511557145,"Below 0"
581,"Generated",-1.59816181371792,-3.2500164824455,-0.448776681732517,"icfm","ICFM","test",0.787805570547825,-0.0449498492287916,"Below 0"
582,"Generated",-5.55967395173038,-7.10703582162776,-4.41771159750327,"icfm","ICFM","test",-0.150170555918504,0.0199906500481456,"Below 0"
583,"Generated",-5.0014149870034,-6.34337284307346,-3.88045551977573,"icfm","ICFM","test",0.365860093455668,0.58374993475491,"Below 0"
584,"Generated",-3.44712127415311,-4.50870501348464,-2.63688117201225,"icfm","ICFM","test",0.857374514326636,-0.0562610919045413,"Below 0"
585,"Generated",-3.03445559137104,-4.67434309247716,-2.01050845783996,"icfm","ICFM","test",0.769860198577828,0.451653258028399,"Below 0"
586,"Generated",-2.4558255605386,-4.10862593872993,-1.32479019552535,"icfm","ICFM","test",0.0387467110713217,-0.472178447952472,"Below 0"
587,"Generated",-1.6940987173085,-2.60937607900987,-1.03492860607867,"icfm","ICFM","test",0.955050955405915,-0.161052377797903,"Below 0"
588,"Generated",-3.23955282017873,-4.65300342769463,-2.00606389138754,"icfm","ICFM","test",-0.285090114215232,-0.137326833486537,"Below 0"
589,"Generated",-2.3182048574989,-3.48812132960642,-1.42256929201236,"icfm","ICFM","test",-0.113345118716677,-0.771709306032287,"Below 0"
590,"Generated",-3.5998880579447,-4.38882494424136,-2.891906483533,"icfm","ICFM","test",-0.404142015888073,-0.169450140279286,"Below 0"
591,"Generated",-3.89875670050383,-5.22939504985064,-3.05146219376991,"icfm","ICFM","test",0.585550327008878,0.0422678144619296,"Below 0"
592,"Generated",-3.78733597927639,-5.11044910569338,-2.75948200959366,"icfm","ICFM","test",0.392469508878513,0.0330667652382763,"Below 0"
593,"Generated",-2.10969320899304,-3.70054837486333,-1.05251909046299,"icfm","ICFM","test",-0.323256672205258,0.129668423269197,"Below 0"
594,"Generated",-4.21586770168775,-5.43821488793425,-3.21536271378795,"icfm","ICFM","test",0.420368783669498,0.242748961046204,"Below 0"
595,"Generated",-3.83121119021469,-5.11802708924808,-2.88453023755818,"icfm","ICFM","test",-0.440193881379324,0.397914094871964,"Below 0"
596,"Generated",-2.56649853890711,-3.88902881790514,-1.50314008957653,"icfm","ICFM","test",0.589516282863842,0.323509763715707,"Below 0"
597,"Generated",-4.83738551870461,-6.30957145328375,-3.82803679842641,"icfm","ICFM","test",-0.589173596976778,0.533747182110608,"Below 0"
598,"Generated",-2.80561994300299,-4.53740574924929,-1.85039231414521,"icfm","ICFM","test",-0.264041520363313,-0.0514127867821406,"Below 0"
599,"Generated",-6.34044637440343,-7.8295692251592,-5.18143829779093,"icfm","ICFM","test",-0.451943497803387,0.39208034308716,"Below 0"
600,"Generated",-3.92052466850685,-5.50855521797116,-2.90774081674074,"icfm","ICFM","test",0.821389143270391,0.356129278844553,"Below 0"
601,"Generated",-3.16000470110446,-4.37880074249794,-2.34695616641602,"icfm","ICFM","test",-0.582010640800994,0.73931673339409,"Below 0"
602,"Generated",-3.14650648170941,-4.13480506776202,-2.3195668972399,"icfm","ICFM","test",-0.276038347922148,0.0782044122250415,"Below 0"
603,"Generated",-4.09209905473665,-5.36752140821181,-3.06434980613668,"icfm","ICFM","test",-0.119695037529192,0.45893345096879,"Below 0"
604,"Generated",-4.26068929243814,-5.72611869978212,-3.21895583955454,"icfm","ICFM","test",0.659554934775734,0.478440016003393,"Below 0"
605,"Generated",-3.71055604361366,-4.81516272409769,-2.81529747081091,"icfm","ICFM","test",-0.378786221461795,-0.0493321037461867,"Below 0"
606,"Generated",-4.70888694812795,-6.13243693761233,-3.47891291004931,"icfm","ICFM","test",0.375897164554361,-0.56181200387791,"Below 0"
607,"Generated",-5.39823094679356,-6.7616378635752,-4.36114459253112,"icfm","ICFM","test",0.497976539019651,0.341921829805758,"Below 0"
608,"Generated",-1.96823390403246,-3.02116223941999,-1.09305069879991,"icfm","ICFM","test",-0.31568455033407,-0.332732224055779,"Below 0"
609,"Generated",-4.07378416683598,-5.43067612057242,-3.00097093136319,"icfm","ICFM","test",-0.424532973267804,0.0784200935656468,"Below 0"
610,"Generated",-5.38299823815797,-6.8162432460346,-4.39576205439884,"icfm","ICFM","test",0.573545452570369,-0.0159747527276648,"Below 0"
611,"Generated",-2.49272025140954,-3.59981333921039,-1.5122090325258,"icfm","ICFM","test",-0.0229235605891376,0.44959030365709,"Below 0"
612,"Generated",-3.52481364494725,-4.9239797742509,-2.41490711501308,"icfm","ICFM","test",-0.496084662315819,0.231225259158639,"Below 0"
613,"Generated",-3.97494966953478,-5.19330506790001,-3.09820410201348,"icfm","ICFM","test",-0.319969687092914,-0.871884048495503,"Below 0"
614,"Generated",-2.12348282640054,-3.90420202998472,-0.906579718491078,"icfm","ICFM","test",-0.401841560508069,0.209378540300619,"Below 0"
615,"Generated",-4.81824789039875,-6.31478393051848,-3.83041149086049,"icfm","ICFM","test",-0.273230559109337,0.220532630945419,"Below 0"
616,"Generated",-5.68509867469341,-7.31149040991957,-4.57568606934903,"icfm","ICFM","test",-0.390377397647672,0.141335518832968,"Below 0"
617,"Generated",-3.12954992502999,-4.4842728129025,-2.25538555380204,"icfm","ICFM","test",-0.357172865410119,-0.20076508426587,"Below 0"
618,"Generated",-2.70570511029934,-4.29424346974084,-1.79505361326376,"icfm","ICFM","test",-0.385552558554293,-0.130526683861629,"Below 0"
619,"Generated",-1.21483380406864,-2.42506184319928,-0.380178382460545,"icfm","ICFM","test",-0.538219639560084,0.412652494707982,"Below 0"
620,"Generated",-2.62712099446214,-3.8509956729604,-1.6214232210776,"icfm","ICFM","test",0.455802632722509,0.274392066528372,"Below 0"
621,"Generated",-5.07425267058931,-6.83100560914068,-3.94189798333108,"icfm","ICFM","test",-0.170494260037306,0.0151782518085795,"Below 0"
622,"Generated",-4.74619694128812,-5.99069975704049,-3.78259194345556,"icfm","ICFM","test",-0.197212167423718,-0.77554303789853,"Below 0"
623,"Generated",-5.34586357626199,-6.82398313536295,-4.27429882421613,"icfm","ICFM","test",-0.317517892744665,-0.0936953400237621,"Below 0"
624,"Generated",-3.01634268902319,-4.60802632568683,-1.91751637449823,"icfm","ICFM","test",-0.288944827256759,-0.399592841018434,"Below 0"
625,"Generated",-5.21595043816528,-7.12916104550865,-4.02663741494619,"icfm","ICFM","test",-0.238611135678448,-0.32307334235617,"Below 0"
626,"Generated",-4.27978962162871,-5.84559474554303,-3.1648436396458,"icfm","ICFM","test",0.716876947369028,0.416234002699821,"Below 0"
627,"Generated",-3.19877601232788,-4.48274596333442,-2.26440537813352,"icfm","ICFM","test",0.167561952731751,-0.244718277079363,"Below 0"
628,"Generated",-5.51758359650806,-6.84602209671829,-4.48549608397908,"icfm","ICFM","test",0.617966872876341,0.377930883598649,"Below 0"
629,"Generated",-6.31250343052368,-7.83272669255812,-5.23115480529073,"icfm","ICFM","test",-0.315417778617399,-0.291800116474546,"Below 0"
630,"Generated",-5.72979595390265,-7.1126137363713,-4.68613893986863,"icfm","ICFM","test",-0.214809437058945,-0.316448123047599,"Below 0"
631,"Generated",-5.96675291080121,-7.41903322767057,-4.89839154532605,"icfm","ICFM","test",0.437059399396901,0.27739961643148,"Below 0"
632,"Generated",-1.97381190883742,-3.02324871992191,-1.17569604514557,"icfm","ICFM","test",0.489881123431964,0.138113024834848,"Below 0"
633,"Generated",-4.71453495458874,-6.12785887525475,-3.75134581854595,"icfm","ICFM","test",-0.0973905091526971,-0.31279931969917,"Below 0"
634,"Generated",-3.97348160335388,-5.28418694817,-3.00958428319175,"icfm","ICFM","test",0.428380386131573,0.280280309440072,"Below 0"
635,"Generated",-3.58676287052715,-4.80738517650797,-2.73168926817543,"icfm","ICFM","test",0.0340942567647494,-0.183408994663176,"Below 0"
636,"Generated",-3.41297386252579,-4.84107517111971,-2.55192028915876,"icfm","ICFM","test",-0.400334039716176,0.333313708882576,"Below 0"
637,"Generated",-4.35012610553556,-5.69572016551501,-3.37738946135583,"icfm","ICFM","test",0.76120122808247,-0.351269118716132,"Below 0"
638,"Generated",-3.01667865500464,-4.5720399130685,-1.87617940956908,"icfm","ICFM","test",-0.253052488199784,0.282899535391774,"Below 0"
639,"Generated",-4.2075810419761,-5.47241490015495,-3.36436492042135,"icfm","ICFM","test",-0.384448128174734,-0.348990445022744,"Below 0"
640,"Generated",-4.97974266971379,-6.43465144456197,-3.92238664678703,"icfm","ICFM","test",-0.464262816434611,0.260113142675302,"Below 0"
641,"Generated",-5.06868813722321,-6.48673375336312,-4.02950718749318,"icfm","ICFM","test",-0.332241159148411,0.10897217371287,"Below 0"
642,"Generated",-2.55955985631858,-4.18463922906015,-1.51668461651076,"icfm","ICFM","test",-0.19085759586508,-0.295448758949187,"Below 0"
643,"Generated",-2.7918287045205,-3.73848669594883,-1.83948803320874,"icfm","ICFM","test",0.159128552852913,-0.0322770418345256,"Below 0"
644,"Generated",-3.20955622966064,-4.64243308999214,-2.32469861018799,"icfm","ICFM","test",-0.291074620408549,0.123018026319445,"Below 0"
645,"Generated",-3.88201662871843,-5.44623612607651,-2.84139081193592,"icfm","ICFM","test",0.524181493142391,0.308040942262704,"Below 0"
646,"Generated",-3.88651745798455,-5.45695091479659,-2.79267408871183,"icfm","ICFM","test",-0.276398057100405,-0.0345224819479988,"Below 0"
647,"Generated",-0.596396232946024,-2.28925287702079,0.50626099612306,"icfm","ICFM","test",-0.040761541820212,-0.508059815011687,"Covers 0"
648,"Generated",-4.27482711236997,-5.95875124860583,-3.31472735533159,"icfm","ICFM","test",-0.320151854850439,-0.112676688048905,"Below 0"
649,"Generated",-3.32511113853833,-4.40588407428275,-2.52301618814672,"icfm","ICFM","test",0.193068293234406,-0.355505033453724,"Below 0"
650,"Generated",-4.67399562355879,-6.02795063872276,-3.77171902079393,"icfm","ICFM","test",-0.236910796636497,-0.587132064370299,"Below 0"
651,"Generated",-4.99411942033403,-6.56541260199571,-3.88872205117648,"icfm","ICFM","test",0.0255362782465328,-0.0309532121379419,"Below 0"
652,"Generated",-5.01110445026263,-6.36297086114668,-3.98614768392314,"icfm","ICFM","test",-0.504421653690834,0.563960956426306,"Below 0"
653,"Generated",1.09031400157364,0.191761711234319,1.75075459912735,"icfm","ICFM","test",0.210327463004415,-0.469994627191073,"Above 0"
654,"Generated",-4.73851593183893,-6.45589647078387,-3.71218349170424,"icfm","ICFM","test",0.0270038506065205,-0.453926553316507,"Below 0"
655,"Generated",-2.8112431461413,-4.19576129325729,-1.72896587919716,"icfm","ICFM","test",-0.454857888921573,-0.0906727643176588,"Below 0"
656,"Generated",-2.8589524869653,-3.79627981244406,-2.0532641269012,"icfm","ICFM","test",0.64105031879397,-0.388238505435871,"Below 0"
657,"Generated",-5.10813923316253,-6.63949988695676,-4.1477372379877,"icfm","ICFM","test",-0.433742974966331,-0.061860124631012,"Below 0"
658,"Generated",-4.93301052539134,-6.08192369029279,-4.03682109789731,"icfm","ICFM","test",0.905966085290038,0.242877288526624,"Below 0"
659,"Generated",-5.28564373386121,-6.91770258104863,-4.22277232374279,"icfm","ICFM","test",-0.440262493989865,-0.211680430507396,"Below 0"
660,"Generated",-0.734116795227714,-2.13206527875766,0.115368254570835,"icfm","ICFM","test",0.0653487572276291,-0.724108785957088,"Covers 0"
661,"Generated",-5.04135229422092,-6.77552839567697,-3.76915666408115,"icfm","ICFM","test",0.115612101604745,0.31426858582975,"Below 0"
662,"Generated",-3.64165606778061,-4.64261441606522,-2.80726024798829,"icfm","ICFM","test",-0.341250521448114,-0.120274631929127,"Below 0"
663,"Generated",-5.10758224026164,-6.66086747323571,-3.97115764061013,"icfm","ICFM","test",0.544205878540579,0.499058604383194,"Below 0"
664,"Generated",-6.08671584772659,-7.70917600622695,-4.98734655039399,"icfm","ICFM","test",-0.329873329444053,-0.589850139603745,"Below 0"
665,"Generated",-2.89868962124186,-3.93307677815887,-2.06503212621175,"icfm","ICFM","test",-0.337862448841339,0.512089372809025,"Below 0"
666,"Generated",-4.16595124707027,-5.56742475858833,-3.22224463489911,"icfm","ICFM","test",0.696407658942958,-0.307554722590096,"Below 0"
667,"Generated",-4.01117453017722,-5.78037435562298,-2.94753255522549,"icfm","ICFM","test",0.775612584814179,0.397419779207187,"Below 0"
668,"Generated",-2.98023175852316,-4.3528667555408,-2.09857699213928,"icfm","ICFM","test",-0.284160256475219,0.110546310240273,"Below 0"
669,"Generated",-4.56047275438929,-5.90965575218545,-3.57258621791128,"icfm","ICFM","test",-0.0206373299556186,0.0566282973081687,"Below 0"
670,"Generated",-5.11331051980018,-6.8127189236849,-3.81690962658735,"icfm","ICFM","test",-0.0757560318314336,-0.332309496221742,"Below 0"
671,"Generated",-5.02652061973737,-6.7481990963724,-3.94840409596692,"icfm","ICFM","test",-0.195858504585919,-0.0656437733741652,"Below 0"
672,"Generated",-4.71148331127628,-6.32392209097411,-3.62125443642311,"icfm","ICFM","test",-0.548173544694152,0.595980232172987,"Below 0"
673,"Generated",-3.98966675991222,-5.61281069065096,-3.03632503079244,"icfm","ICFM","test",0.342812475796379,0.0938540799444952,"Below 0"
674,"Generated",-3.01579111903461,-4.62526279258076,-2.09863199239243,"icfm","ICFM","test",-0.49849709029837,-0.299192251661169,"Below 0"
675,"Generated",-3.30568280358288,-4.86662423059859,-2.00032798936912,"icfm","ICFM","test",0.404651249861491,0.196054508768447,"Below 0"
676,"Generated",-3.22549009316589,-4.57881206995833,-2.14439256513792,"icfm","ICFM","test",-0.289618481141948,-0.307193995847545,"Below 0"
677,"Generated",0.513002879155898,-0.145216859348774,1.25614005203301,"icfm","ICFM","test",-0.553984951399531,0.66402186099369,"Covers 0"
678,"Generated",-4.95619298951069,-6.27333241876471,-3.80497249039579,"icfm","ICFM","test",-0.254559681981643,0.040882827773278,"Below 0"
679,"Generated",-3.52150881320625,-5.10026430975867,-2.39943160305488,"icfm","ICFM","test",0.886924825009431,0.451880160637909,"Below 0"
680,"Generated",-4.48231141541162,-5.94249193181083,-3.54085387434642,"icfm","ICFM","test",-0.416479964082529,0.118597882483849,"Below 0"
681,"Generated",-5.13968122914319,-6.57661316647734,-4.07473594378758,"icfm","ICFM","test",-0.125013163825797,-0.478768342744331,"Below 0"
682,"Generated",-2.99513505835646,-4.28597933706133,-2.01668685334386,"icfm","ICFM","test",0.951076825268281,-0.247421969690127,"Below 0"
683,"Generated",-4.51260963489187,-6.14919880970894,-3.40992798648765,"icfm","ICFM","test",0.127258137524821,0.0992148842263782,"Below 0"
684,"Generated",-3.6017391627731,-5.1198114004752,-2.63473908226654,"icfm","ICFM","test",0.0572349037940791,0.129780329799536,"Below 0"
685,"Generated",-5.47120983429904,-7.11441530070955,-4.29555159482966,"icfm","ICFM","test",-0.370759441871373,0.0238941647798123,"Below 0"
686,"Generated",-4.40842822716819,-5.930429110046,-3.49596952916199,"icfm","ICFM","test",-0.427662899813622,-0.181774729960396,"Below 0"
687,"Generated",-1.17419693796432,-2.25611985831751,-0.181075286676765,"icfm","ICFM","test",-0.386698147177675,-0.195094214117228,"Below 0"
688,"Generated",-4.11044970673774,-5.68065430998245,-2.98734919531407,"icfm","ICFM","test",-0.284704163851244,-0.754144736737077,"Below 0"
689,"Generated",-4.22791898822814,-5.84229943448552,-3.11208991993052,"icfm","ICFM","test",0.01663029740348,0.184080211553335,"Below 0"
690,"Generated",-4.2281356754728,-5.2623318617998,-3.41632246960391,"icfm","ICFM","test",-0.239448579798601,0.0908786685539569,"Below 0"
691,"Generated",-3.36871474112134,-4.90833761380198,-2.38444241304142,"icfm","ICFM","test",-0.396936878910281,-0.000535889632526489,"Below 0"
692,"Generated",-2.44994741135495,-3.87841143007027,-1.50625606094099,"icfm","ICFM","test",0.220719817499719,-0.33413055537374,"Below 0"
693,"Generated",-3.04015154079901,-4.16580594245329,-2.25408283915188,"icfm","ICFM","test",0.673895405965696,0.40760069164725,"Below 0"
694,"Generated",-6.1776426492959,-7.63594524185544,-5.0954094450128,"icfm","ICFM","test",-0.417993037383102,0.216826318098291,"Below 0"
695,"Generated",-2.64983970770476,-4.14509098907048,-1.54630350895234,"icfm","ICFM","test",-0.410262814646578,0.398597452426489,"Below 0"
696,"Generated",-4.08644191211323,-4.94375508715362,-3.246748567422,"icfm","ICFM","test",-0.18329657018224,-0.117524851463777,"Below 0"
697,"Generated",-3.53223045628126,-4.74240540571014,-2.59917416662905,"icfm","ICFM","test",-0.0372708079386582,0.1742477459982,"Below 0"
698,"Generated",-3.2784006992617,-4.63136877704506,-2.31195734023084,"icfm","ICFM","test",-0.0274697781593711,0.123468345262171,"Below 0"
699,"Generated",-3.62882542274367,-4.67225399346326,-2.77387042478688,"icfm","ICFM","test",0.264976101902685,0.17450104044505,"Below 0"
700,"Generated",-3.01323061089992,-4.24409791689341,-2.18371536467441,"icfm","ICFM","test",-0.375622404959483,-0.461589260163093,"Below 0"
701,"Generated",-4.65655177522224,-6.08312809432143,-3.73033693135478,"icfm","ICFM","test",-0.367258322611859,-0.624180086973051,"Below 0"
702,"Generated",-0.306061637538259,-1.05294547941864,0.27054239292113,"icfm","ICFM","test",0.451796096823776,-0.567173509173223,"Covers 0"
703,"Generated",-2.19063210125651,-3.64561684523506,-1.25924422684499,"icfm","ICFM","test",-0.026189842856317,-0.276316133452464,"Below 0"
704,"Generated",-5.31985305415341,-6.90922690760116,-4.28069768130669,"icfm","ICFM","test",0.911028269698575,0.400242457265572,"Below 0"
705,"Generated",-5.96505680456897,-7.4421752296096,-4.95696804089765,"icfm","ICFM","test",-0.523431420098499,0.176166147366067,"Below 0"
706,"Generated",-4.31895744872935,-6.1156597976928,-3.15438744695679,"icfm","ICFM","test",-0.166168868115935,-0.271638511184569,"Below 0"
707,"Generated",-1.99826054108562,-3.61366008625588,-0.602219264891713,"icfm","ICFM","test",0.77502527067836,-0.0276912373169672,"Below 0"
708,"Generated",-1.5099671228964,-2.47069020600645,-0.657740737032588,"icfm","ICFM","test",0.234722808986665,0.235470632540932,"Below 0"
709,"Generated",-5.8543250399892,-7.3477350658959,-4.83125016857044,"icfm","ICFM","test",-0.447390686649782,-0.147811718388424,"Below 0"
710,"Generated",-1.18562999532239,-2.05216478350612,-0.545344267426661,"icfm","ICFM","test",-0.312455878829912,0.0781578967289024,"Below 0"
711,"Generated",-4.55877168580707,-5.89466958534818,-3.50748842050628,"icfm","ICFM","test",-0.257507637010297,0.121124956929476,"Below 0"
712,"Generated",-2.56186772251212,-4.2084658734312,-1.62901112296906,"icfm","ICFM","test",-0.0422319228923565,-0.242260138552517,"Below 0"
713,"Generated",-2.45506446055576,-3.8023034841683,-1.46483128244988,"icfm","ICFM","test",0.399428101376494,-0.209115913857256,"Below 0"
714,"Generated",-5.5314683356962,-6.93233456788749,-4.55684726671665,"icfm","ICFM","test",-0.330879930199446,-0.192927019641787,"Below 0"
715,"Generated",-4.8374729670445,-6.37827026508504,-3.82435270600108,"icfm","ICFM","test",-0.466141088642084,0.425557088282925,"Below 0"
716,"Generated",-3.90449619672186,-5.53699012888492,-2.8263962564086,"icfm","ICFM","test",-0.422761354688099,0.260640589183303,"Below 0"
717,"Generated",-0.35953829037603,-1.15046649294898,0.410520635020648,"icfm","ICFM","test",-0.0660175779723016,-0.475462805774915,"Covers 0"
718,"Generated",-3.31191848882276,-4.14308825201931,-2.4784205503285,"icfm","ICFM","test",-0.0744705449980209,-0.0381226281831546,"Below 0"
719,"Generated",-3.23042862833282,-4.59827930550054,-2.26081550502652,"icfm","ICFM","test",0.357462772178972,0.160927433129806,"Below 0"
720,"Generated",-3.83738336452838,-5.41854301883375,-2.8576945114261,"icfm","ICFM","test",0.390218504905973,0.500986789908728,"Below 0"
721,"Generated",-2.49819215172977,-4.00901732814722,-1.41269872807542,"icfm","ICFM","test",-0.331099282849637,0.218393414937417,"Below 0"
722,"Generated",-2.04109327109043,-3.30209602088144,-1.20070187766575,"icfm","ICFM","test",-0.467759799026404,0.135883979841511,"Below 0"
723,"Generated",-2.25799523718006,-3.57691512353252,-1.4212525425748,"icfm","ICFM","test",0.139586512122279,-0.029326375640734,"Below 0"
724,"Generated",-4.30369739669066,-5.94340971716051,-3.31058171762052,"icfm","ICFM","test",-0.0477536209896244,-0.457049565825901,"Below 0"
725,"Generated",-4.55660703647983,-5.51515569466986,-3.8233278467824,"icfm","ICFM","test",0.910619132846883,-0.254488660866807,"Below 0"
726,"Generated",-1.41178587206136,-2.80427189658646,-0.52156434440734,"icfm","ICFM","test",0.775066972237572,0.0929519949414072,"Below 0"
727,"Generated",-5.73319999694964,-7.18679990530073,-4.68080535883103,"icfm","ICFM","test",-0.058634260900653,-0.101972220837428,"Below 0"
728,"Generated",-0.852580235407043,-2.11585609713084,-0.0617135695844004,"icfm","ICFM","test",0.88123930641004,0.0869455371961847,"Below 0"
729,"Generated",-3.93368179138389,-5.48602090808527,-2.94832754072528,"icfm","ICFM","test",0.335452229372244,0.277993692520943,"Below 0"
730,"Generated",-2.8995643001277,-4.4437683988467,-1.84607424013814,"icfm","ICFM","test",0.183533794291705,0.0244301722822634,"Below 0"
731,"Generated",-0.777168426953552,-2.05568638706861,-0.00974348874935676,"icfm","ICFM","test",0.836091768551125,-0.47921849328477,"Below 0"
732,"Generated",-4.57871963684498,-5.89153295113308,-3.57829433430458,"icfm","ICFM","test",-0.286550697007538,0.086364121654363,"Below 0"
733,"Generated",-2.57235172587665,-4.34947616712567,-1.21712114504417,"icfm","ICFM","test",-0.328944298747706,0.255064414888613,"Below 0"
734,"Generated",-4.05671292021407,-5.44945657393963,-3.08490890291169,"icfm","ICFM","test",-0.423810962885311,0.159756107359578,"Below 0"
735,"Generated",-1.9284412270147,-3.32406889335001,-1.09807538416389,"icfm","ICFM","test",0.704595243572757,-0.0625937080134986,"Below 0"
736,"Generated",-6.01374641377454,-7.48628085769773,-4.94897095600765,"icfm","ICFM","test",-0.342477340635262,-0.0377611999298689,"Below 0"
737,"Generated",-1.08491906057703,-2.69597410882484,0.0317698192678642,"icfm","ICFM","test",-0.35835951870236,-0.0728180528256541,"Covers 0"
738,"Generated",-2.18173196042254,-3.92558188068319,-1.17612762195891,"icfm","ICFM","test",0.731825201464475,0.263125928463191,"Below 0"
739,"Generated",-1.99681589937442,-3.07738277031169,-1.13114257098733,"icfm","ICFM","test",-0.258441181579352,0.117495422291857,"Below 0"
740,"Generated",-4.97897618070167,-6.21309304839549,-4.04793073759392,"icfm","ICFM","test",0.246978558461079,-0.754400734048091,"Below 0"
741,"Generated",-4.10733202840803,-5.49480510657797,-3.17528282238728,"icfm","ICFM","test",-0.576025812801923,0.486200074043697,"Below 0"
742,"Generated",-4.49124603596483,-6.0560695266913,-3.35348319562868,"icfm","ICFM","test",0.733939321420124,0.241304601981889,"Below 0"
743,"Generated",-4.38562602404782,-5.99581814522654,-3.29681315602987,"icfm","ICFM","test",0.739429993595775,0.1328035982489,"Below 0"
744,"Generated",-3.77000095837881,-4.92637084705827,-2.9418605116993,"icfm","ICFM","test",-0.509516420719992,0.362233340422493,"Below 0"
745,"Generated",-1.58631144605523,-3.16276591563122,-0.69235834799588,"icfm","ICFM","test",-0.0018993921397318,-0.153878185411207,"Below 0"
746,"Generated",-5.99252772911869,-7.46503330242913,-4.93024221708726,"icfm","ICFM","test",-0.27091790674844,-0.570580117776988,"Below 0"
747,"Generated",-5.01119223370638,-6.43741420188956,-4.08056544809052,"icfm","ICFM","test",-0.275860346151699,-0.707846868183282,"Below 0"
748,"Generated",-2.98123252080055,-4.27421244570975,-2.03278417737845,"icfm","ICFM","test",0.488713934540993,-0.509448922348902,"Below 0"
749,"Generated",-5.85017437819488,-7.49349535661313,-4.83838868442403,"icfm","ICFM","test",0.514064006387166,-0.24452895581219,"Below 0"
750,"Generated",-2.81675541825719,-4.02077516266406,-1.77015516141827,"icfm","ICFM","test",-0.45771024452512,0.255279554857713,"Below 0"
751,"Generated",-3.31897173062934,-4.58848915927205,-2.37962434998304,"icfm","ICFM","test",-0.354360575924217,0.218011292565231,"Below 0"
752,"Generated",-2.77042841758119,-4.04099316214212,-1.98856368515084,"icfm","ICFM","test",0.756662949963358,-0.145558140596076,"Below 0"
753,"Generated",-6.08872509705372,-7.58982137619602,-5.05864567175808,"icfm","ICFM","test",-0.386357185259344,0.13889756543985,"Below 0"
754,"Generated",-5.33927171061303,-6.92133663161528,-4.34283679263185,"icfm","ICFM","test",0.33999411649176,-0.238270755624294,"Below 0"
755,"Generated",-1.78228415754554,-2.89906908773667,-0.86613422707427,"icfm","ICFM","test",0.148111954589719,0.15060139204993,"Below 0"
756,"Generated",-2.55391115845057,-4.34730441246672,-1.43896868838564,"icfm","ICFM","test",-0.394214816461258,-0.0130082608132893,"Below 0"
757,"Generated",-0.334493459132695,-1.95530849997328,0.695209431808497,"icfm","ICFM","test",0.437236872964415,0.0783081186667451,"Covers 0"
758,"Generated",-2.78651481286617,-4.31220657522722,-1.4884822621592,"icfm","ICFM","test",-0.342575840724074,0.238234497193316,"Below 0"
759,"Generated",-5.02237920734001,-6.00166506962868,-4.2092978790591,"icfm","ICFM","test",0.2355083711067,-0.00156143935391873,"Below 0"
760,"Generated",-5.44605917438685,-7.01191802173349,-4.32142462285155,"icfm","ICFM","test",0.254598899353804,0.225562793607042,"Below 0"
761,"Generated",-3.35627281639437,-5.16471254812049,-2.36856118536182,"icfm","ICFM","test",0.705179082919242,-0.00329412166938469,"Below 0"
762,"Generated",-2.86304460754,-3.9869148231914,-2.03120810975949,"icfm","ICFM","test",0.848469512868909,-0.376859874652274,"Below 0"
763,"Generated",-5.59819551926681,-7.20630764153913,-4.63667604780017,"icfm","ICFM","test",0.0485842475314777,0.191769092856588,"Below 0"
764,"Generated",-3.67346818119211,-4.8492350103959,-2.75981220172655,"icfm","ICFM","test",0.523023884826549,-0.157466983042673,"Below 0"
765,"Generated",-3.3299549629197,-4.55905932354088,-2.41356573746687,"icfm","ICFM","test",-0.417367776626901,0.237836855244453,"Below 0"
766,"Generated",-3.37846365319786,-4.65879401344806,-2.4918433057155,"icfm","ICFM","test",-0.378385693041598,-0.245550659727917,"Below 0"
767,"Generated",-3.47357791991472,-4.79297345307127,-2.49215941342963,"icfm","ICFM","test",0.29434960380315,0.522821380266131,"Below 0"
768,"Generated",-6.12849253478215,-7.4846981338708,-5.10892322260135,"icfm","ICFM","test",-0.482491490547984,0.232471304533834,"Below 0"
769,"Generated",-5.45296004658379,-6.99316056214873,-4.31196572426363,"icfm","ICFM","test",-0.343320711247981,0.0619494916717588,"Below 0"
770,"Generated",-1.51422191971872,-2.50245354865027,-0.529841156087935,"icfm","ICFM","test",-0.291154535020334,0.103754891947638,"Below 0"
771,"Generated",-4.62237768008898,-5.8599147658643,-3.73296516070456,"icfm","ICFM","test",-0.356496135367233,-0.143289747034478,"Below 0"
772,"Generated",-4.67229050956061,-6.22207952983094,-3.62108386322239,"icfm","ICFM","test",-0.279365724803623,0.131367083463858,"Below 0"
773,"Generated",-1.96769070499934,-3.38268281473084,-0.743607927865043,"icfm","ICFM","test",0.110667121208971,0.102649426377779,"Below 0"
774,"Generated",-1.57035499211439,-2.7196482785161,-0.574242857411836,"icfm","ICFM","test",-0.175036933360227,-0.749262911101827,"Below 0"
775,"Generated",-3.07012858230931,-4.39179963732444,-2.14818142143237,"icfm","ICFM","test",0.134005077530395,0.030155112940048,"Below 0"
776,"Generated",-4.18067086545598,-5.65197267604431,-3.21728538204934,"icfm","ICFM","test",-0.0682609789798981,0.424871577933912,"Below 0"
777,"Generated",-4.30228913283753,-5.53725487998377,-3.44747388814879,"icfm","ICFM","test",0.786182680518557,0.202572129120228,"Below 0"
778,"Generated",-3.21765048202754,-4.35786103675855,-2.34787380743987,"icfm","ICFM","test",-0.312611773349944,0.165570449166302,"Below 0"
779,"Generated",-5.83465488124375,-7.48478235227301,-4.78373847557345,"icfm","ICFM","test",0.144475958060084,0.00845143990792589,"Below 0"
780,"Generated",-6.00632813706549,-7.52124929758087,-4.88257384560361,"icfm","ICFM","test",-0.281364495160126,-0.234564593189091,"Below 0"
781,"Generated",-3.08521042520213,-4.09780350600649,-2.28046370689333,"icfm","ICFM","test",-0.435834433437928,0.353061660939273,"Below 0"
782,"Generated",-2.90865918701344,-4.50482215200697,-1.86544064708344,"icfm","ICFM","test",-0.454351889153765,-0.133275041652891,"Below 0"
783,"Generated",-1.67789858593707,-2.50033381500757,-0.970065156694152,"icfm","ICFM","test",0.0718843468243252,0.0271732778148201,"Below 0"
784,"Generated",-5.25161745349748,-6.33515503184613,-4.31915556999787,"icfm","ICFM","test",0.621851449690904,0.325303380452297,"Below 0"
785,"Generated",-3.7851281413855,-5.12923371562262,-2.75085051515034,"icfm","ICFM","test",-0.333855721650703,-0.218722525864307,"Below 0"
786,"Generated",-5.80227718135255,-7.4826350508731,-4.65423759437692,"icfm","ICFM","test",-0.587265425372287,0.099077493302548,"Below 0"
787,"Generated",-4.61930059381403,-5.86779849435416,-3.58740166685866,"icfm","ICFM","test",-0.377153257032615,0.142525457193168,"Below 0"
788,"Generated",-5.28798599410813,-6.96698463081721,-4.22698638848615,"icfm","ICFM","test",-0.482542759781339,-0.218485747973457,"Below 0"
789,"Generated",-2.10772687569605,-3.43044258574824,-1.05521489671955,"icfm","ICFM","test",0.570039261706818,0.0929019927910295,"Below 0"
790,"Generated",-2.13835962838743,-3.94054757378166,-1.12354999930679,"icfm","ICFM","test",-0.276422397460253,-0.683623340215797,"Below 0"
791,"Generated",-4.9821088198926,-6.22044430754545,-4.13291995808824,"icfm","ICFM","test",-0.51450013496566,0.37455829005675,"Below 0"
792,"Generated",-2.84622484165713,-4.13805595249188,-1.89399309884852,"icfm","ICFM","test",-0.115335147909759,-0.187334007706846,"Below 0"
793,"Generated",-1.92604240502091,-3.55597329603191,-0.975318061711339,"icfm","ICFM","test",0.0846900717317559,-0.211618669545247,"Below 0"
794,"Generated",-2.91691724869776,-4.14824975233873,-1.99458767708241,"icfm","ICFM","test",-0.466799267027103,0.443393572108447,"Below 0"
795,"Generated",-5.07748445459186,-6.56702283092731,-4.0666048149158,"icfm","ICFM","test",-0.531681995070101,0.6301820004742,"Below 0"
796,"Generated",-1.85374824502291,-3.15597692160123,-0.915076481577274,"icfm","ICFM","test",0.731723687257041,0.0468650506413284,"Below 0"
797,"Generated",-5.66870372790124,-7.27283681984499,-4.4727348679338,"icfm","ICFM","test",-0.525674747291046,0.316982474610097,"Below 0"
798,"Generated",-5.45440375397209,-6.92483577000187,-4.389659501809,"icfm","ICFM","test",0.582982641532247,0.214494290528875,"Below 0"
799,"Generated",-0.294516819052855,-1.08673884883742,0.308917245499036,"icfm","ICFM","test",0.343224439902099,-0.662869408987045,"Covers 0"
800,"Generated",-0.882241701419572,-2.28157052345746,-0.0801204282637166,"icfm","ICFM","test",-0.246033135593382,-0.888519271202916,"Below 0"
801,"Generated",-3.26237209334094,-4.30900323596711,-2.39386305251569,"icfm","ICFM","test",-0.201774225999134,0.0302373081357413,"Below 0"
802,"Generated",-0.528504260328324,-1.65942285478022,0.240315577733017,"icfm","ICFM","test",0.698212460237942,-0.239322704695655,"Covers 0"
803,"Generated",-4.30111990488881,-5.25951164098562,-3.53981883616151,"icfm","ICFM","test",0.51820971324626,0.177633112248998,"Below 0"
804,"Generated",-2.1612633020106,-3.81827165373941,-1.29533887427274,"icfm","ICFM","test",-0.318503377046936,-0.485571341587086,"Below 0"
805,"Generated",-1.96497763260331,-3.44529856434523,-0.992008632614605,"icfm","ICFM","test",0.776412283284326,0.260953880751867,"Below 0"
806,"Generated",-1.68876450543646,-3.44422938636202,-0.78003818174516,"icfm","ICFM","test",-0.198431200421266,-0.366364430430909,"Below 0"
807,"Generated",-1.58605875764996,-3.21231774927157,-0.706799074197029,"icfm","ICFM","test",-0.169907605807499,-0.301932529054836,"Below 0"
808,"Generated",-4.37795363251282,-5.72209916369585,-3.36929238349229,"icfm","ICFM","test",-0.412772212361081,-0.301080442941095,"Below 0"
809,"Generated",-1.45237442844137,-2.92013796713671,-0.438207626507615,"icfm","ICFM","test",-0.408290103316473,0.0711488392287176,"Below 0"
810,"Generated",-3.17790717761569,-4.51150669890825,-2.30172636193907,"icfm","ICFM","test",0.0455297030146696,0.17947496975308,"Below 0"
811,"Generated",-2.23359601877691,-3.69168044573297,-1.0327384083781,"icfm","ICFM","test",-0.598134233298381,0.606239955196636,"Below 0"
812,"Generated",-4.57977006526428,-6.07499623156763,-3.55934756346119,"icfm","ICFM","test",0.194975642591966,0.327825650257675,"Below 0"
813,"Generated",-1.19051292573465,-2.60605744244249,-0.226985290354448,"icfm","ICFM","test",0.218999040957179,0.212244422280476,"Below 0"
814,"Generated",-4.99039192368012,-6.41873149788386,-3.97708194894976,"icfm","ICFM","test",0.653493058287549,0.525459607717926,"Below 0"
815,"Generated",-2.81488010929294,-4.00928162674564,-2.05899429701893,"icfm","ICFM","test",-0.402531053936015,0.439623049030974,"Below 0"
816,"Generated",-4.01592951859323,-5.73828530032344,-3.05245107231732,"icfm","ICFM","test",-0.149534768624774,-0.191819226408046,"Below 0"
817,"Generated",-3.9659632520944,-5.53724006193131,-2.8772250623136,"icfm","ICFM","test",-0.318802206573157,0.238015178878526,"Below 0"
818,"Generated",-5.92786076481032,-7.24392015152948,-4.86853657239525,"icfm","ICFM","test",-0.359020070443877,0.230002730614846,"Below 0"
819,"Generated",-4.66026874366291,-6.30774397273803,-3.65206132858912,"icfm","ICFM","test",-0.433896236115201,-0.336996219061529,"Below 0"
820,"Generated",-1.29281189024468,-2.63791339872914,-0.499959586928628,"icfm","ICFM","test",0.688051551381687,0.109349822320168,"Below 0"
821,"Generated",-3.98907516830685,-5.25986342266515,-3.06478338892274,"icfm","ICFM","test",0.560745835303167,0.158075440118657,"Below 0"
822,"Generated",-4.46099739088052,-5.92541492561156,-3.41436096978456,"icfm","ICFM","test",-0.0825895042955913,0.634503404294858,"Below 0"
823,"Generated",-4.26856251151858,-5.48497069829015,-3.30943472354533,"icfm","ICFM","test",0.0308990237025649,0.0526295711237185,"Below 0"
824,"Generated",-5.39048261212941,-6.83429348269605,-4.38729620089354,"icfm","ICFM","test",0.860455187572461,0.0358737378904787,"Below 0"
825,"Generated",-5.17632744252738,-6.53713949842279,-4.19921089551772,"icfm","ICFM","test",0.126735229778924,-0.644668716398773,"Below 0"
826,"Generated",-5.33175281840638,-6.99526520958938,-4.17088406185547,"icfm","ICFM","test",0.564100346897479,0.478740812096014,"Below 0"
827,"Generated",-2.6614331786153,-4.13554261853198,-1.43086715369275,"icfm","ICFM","test",-0.234935339624916,0.476726055556879,"Below 0"
828,"Generated",-0.0406713437542604,-1.29681112680016,0.767551299630403,"icfm","ICFM","test",-0.41530078233552,0.136453078708383,"Covers 0"
829,"Generated",-4.68686666519374,-5.99187106217814,-3.66167858255743,"icfm","ICFM","test",-0.193112704941791,0.172746778293592,"Below 0"
830,"Generated",-2.17531778236848,-3.78379794308571,-1.22066894626213,"icfm","ICFM","test",0.679213960445177,-0.118493998570187,"Below 0"
831,"Generated",-4.36838849332436,-5.6585538980605,-3.25861873698275,"icfm","ICFM","test",-0.0120499961233894,-0.1336568442876,"Below 0"
832,"Generated",-2.54392892672374,-3.66795995539887,-1.74859278037573,"icfm","ICFM","test",0.72825987302407,-0.0431221830057229,"Below 0"
833,"Generated",-2.96166053826705,-4.10518077709562,-2.10847063812214,"icfm","ICFM","test",-0.123966812347744,0.297995112629107,"Below 0"
834,"Generated",-4.35859279220672,-6.15191713018784,-3.30962320584756,"icfm","ICFM","test",0.00966599839351377,-0.136617843863704,"Below 0"
835,"Generated",-3.18536222848655,-4.35367408822243,-2.3717771191039,"icfm","ICFM","test",-0.338306780711705,0.250696568713099,"Below 0"
836,"Generated",-1.20669990053063,-2.13803805170515,-0.445038577853412,"icfm","ICFM","test",-0.447673520277086,0.42213277089882,"Below 0"
837,"Generated",-2.98587412908673,-3.76375550593213,-2.28103411497303,"icfm","ICFM","test",0.78783300566336,0.0607272442115953,"Below 0"
838,"Generated",-1.11006356875562,-2.5266892464333,-0.30999710597976,"icfm","ICFM","test",0.788721941714872,0.188294943610269,"Below 0"
839,"Generated",-5.49618284948095,-6.76630777916499,-4.59222409132437,"icfm","ICFM","test",-0.274922462205859,0.202316910053846,"Below 0"
840,"Generated",-5.71831872487541,-7.39269285393548,-4.63550598550075,"icfm","ICFM","test",-0.274312296224789,-0.00785031346557949,"Below 0"
841,"Generated",-5.77576679470496,-7.15728487415664,-4.70012811027943,"icfm","ICFM","test",0.0466205820170215,-0.0339344242827531,"Below 0"
842,"Generated",-4.41401766800791,-6.05196916445873,-3.45698554662902,"icfm","ICFM","test",0.625722629463496,0.134106776521372,"Below 0"
843,"Generated",-2.13368912449876,-3.13405070054692,-1.29465428729714,"icfm","ICFM","test",-0.141986718071775,-0.2972699925575,"Below 0"
844,"Generated",-0.499614841992305,-1.76805815196345,0.321577069418825,"icfm","ICFM","test",-0.233648425034052,-0.633009992923106,"Covers 0"
845,"Generated",-2.31872001733238,-3.33095959063784,-1.6113422514819,"icfm","ICFM","test",0.509232830913381,0.129427215638235,"Below 0"
846,"Generated",-2.3591954715283,-3.71245595414119,-1.53430629736246,"icfm","ICFM","test",-0.524328298294069,0.456488724521264,"Below 0"
847,"Generated",-1.56816194186977,-3.20135869636279,-0.706877459304318,"icfm","ICFM","test",-0.114901109343977,-0.00918280645598347,"Below 0"
848,"Generated",-2.96845052499623,-4.18344066059307,-2.1101799707141,"icfm","ICFM","test",0.291225000874342,0.298015909260241,"Below 0"
849,"Generated",-3.9389005051382,-4.98829106927855,-3.08826899176063,"icfm","ICFM","test",0.373085372441665,0.138938918000637,"Below 0"
850,"Generated",-3.92790532515836,-5.71888123702642,-2.85339879790232,"icfm","ICFM","test",-0.106587568717949,0.30338438883377,"Below 0"
851,"Generated",-4.42345057889415,-5.79996003586838,-3.22575566045791,"icfm","ICFM","test",-0.390357490895449,-0.534789546903049,"Below 0"
852,"Generated",-2.9845661897405,-4.23448216974975,-2.05074830279863,"icfm","ICFM","test",-0.0764062251800199,0.291329244917171,"Below 0"
853,"Generated",-4.48953728409694,-6.0652698030498,-3.4049282722069,"icfm","ICFM","test",-0.203822975435609,-0.435808841241418,"Below 0"
854,"Generated",-3.80263753685963,-5.31600704288405,-2.72477989987528,"icfm","ICFM","test",0.950783075344773,0.158479745700139,"Below 0"
855,"Generated",-4.1077588762598,-5.14582708943948,-3.24695689513381,"icfm","ICFM","test",-0.346172146074443,-0.673336805577208,"Below 0"
856,"Generated",-5.07333451519024,-6.64420526617849,-3.96018864711629,"icfm","ICFM","test",-0.345088984782837,0.0483645275052084,"Below 0"
857,"Generated",-1.98446760799038,-3.11784874812934,-1.17064423789773,"icfm","ICFM","test",0.394629321422357,-0.601206007980435,"Below 0"
858,"Generated",-4.04320930869301,-5.58871742585758,-3.05293948695233,"icfm","ICFM","test",-0.350980612471366,-0.575215292165787,"Below 0"
859,"Generated",-5.62594028155664,-7.02978506503005,-4.58655973270437,"icfm","ICFM","test",-0.336588030930601,0.460668797265912,"Below 0"
860,"Generated",-3.05594738729267,-3.90007513924552,-2.1013332497351,"icfm","ICFM","test",0.739687572529704,-0.372109458691294,"Below 0"
861,"Generated",-2.22144769081252,-3.25427759499906,-1.39266075266857,"icfm","ICFM","test",-0.455939170995848,0.280906172948094,"Below 0"
862,"Generated",-5.44137627656723,-7.04572220587288,-4.27568076791062,"icfm","ICFM","test",-0.307217636094453,0.250765343842383,"Below 0"
863,"Generated",-0.820484510216778,-2.21379014749989,0.0835139185440841,"icfm","ICFM","test",-0.29690562324728,0.0134279335476771,"Covers 0"
864,"Generated",-5.82987447855249,-7.48918261295375,-4.56268662998113,"icfm","ICFM","test",-0.0438520242473448,0.328649818148147,"Below 0"
865,"Generated",-5.5374624563519,-6.60893241868344,-4.44355100099426,"icfm","ICFM","test",0.365194607791961,0.52678669467947,"Below 0"
866,"Generated",-3.27496867754379,-4.64897247936092,-2.30906802147404,"icfm","ICFM","test",-0.356595808920874,0.150710140840117,"Below 0"
867,"Generated",-3.9287850615837,-5.46440831127787,-2.93045050227251,"icfm","ICFM","test",0.261940594554105,0.207761578568487,"Below 0"
868,"Generated",-3.21739488039293,-3.97416717069254,-2.41459884524785,"icfm","ICFM","test",-0.284704101974904,0.0878480152561199,"Below 0"
869,"Generated",-4.05265790909991,-5.44621461809318,-2.92560108943844,"icfm","ICFM","test",0.243973041560634,0.14112100963708,"Below 0"
870,"Generated",-2.2840653341555,-3.85058877765256,-1.14555235526059,"icfm","ICFM","test",0.237183890261044,-0.741569790484676,"Below 0"
871,"Generated",-0.97465763756399,-2.14995478446576,-0.165107823989868,"icfm","ICFM","test",-0.28053974184542,-0.0655315323679625,"Below 0"
872,"Generated",-3.29587661970772,-4.79128444194119,-2.30123618311087,"icfm","ICFM","test",0.987453140951026,-0.00269575172188596,"Below 0"
873,"Generated",-4.39443126408763,-5.49077768793807,-3.44970403894988,"icfm","ICFM","test",-0.552906559116535,0.609229202192256,"Below 0"
874,"Generated",-5.53300325511586,-6.88787325396493,-4.44316794218237,"icfm","ICFM","test",0.215105230327238,0.294210621773897,"Below 0"
875,"Generated",-2.85627893345902,-4.575969095488,-1.66863927374989,"icfm","ICFM","test",-0.476302889193007,0.573968339035815,"Below 0"
876,"Generated",-1.95229805858174,-3.27434713843573,-0.963549897260799,"icfm","ICFM","test",0.948175682241095,0.15624134967685,"Below 0"
877,"Generated",-0.587848600862541,-2.03319913498712,0.374620480407917,"icfm","ICFM","test",-0.066931267969137,-0.0374539990969991,"Covers 0"
878,"Generated",-2.54246150866924,-3.67832877532069,-1.75815871415645,"icfm","ICFM","test",0.0106659176596731,-0.781366430840433,"Below 0"
879,"Generated",-3.01484731215036,-4.65930690265703,-2.05782888927567,"icfm","ICFM","test",-0.314927653164701,-0.402570666625352,"Below 0"
880,"Generated",-0.970408662748136,-2.56654232136771,-0.116040601546935,"icfm","ICFM","test",0.826505135591832,-0.153571089077621,"Below 0"
881,"Generated",-4.68914961139225,-5.72067562379308,-3.7058971814627,"icfm","ICFM","test",-0.298789146809818,0.464377058814045,"Below 0"
882,"Generated",-5.34929536234795,-6.97498253549962,-4.31645737213204,"icfm","ICFM","test",-0.239127287169859,-0.806623791149414,"Below 0"
883,"Generated",-5.59088753216533,-6.69671530350564,-4.74590292306046,"icfm","ICFM","test",-0.50884140658038,0.459894217360114,"Below 0"
884,"Generated",-4.47680579355533,-5.95975709512253,-3.43247961689338,"icfm","ICFM","test",-0.399340934262869,0.373955262323698,"Below 0"
885,"Generated",-5.87692165951516,-7.55687887958193,-4.76046263005537,"icfm","ICFM","test",0.140545060253129,0.069056397099356,"Below 0"
886,"Generated",-1.97258965180603,-3.18692428599594,-1.17338592736386,"icfm","ICFM","test",-0.31318319518816,-0.991302293341663,"Below 0"
887,"Generated",-3.93989727073652,-5.35967913843432,-3.03622562528754,"icfm","ICFM","test",-0.0521393344964953,-0.159513216239924,"Below 0"
888,"Generated",-5.03188649433005,-6.63441557759126,-3.86819733103934,"icfm","ICFM","test",-0.386881795516251,0.218970846358901,"Below 0"
889,"Generated",-2.55128797219815,-4.1542400448825,-1.51181500251427,"icfm","ICFM","test",0.0685121346902154,-0.14844766854403,"Below 0"
890,"Generated",-1.96116082219092,-3.19319164989154,-1.18945627751305,"icfm","ICFM","test",-0.378148042902683,0.0544176060281615,"Below 0"
891,"Generated",-4.97404646233744,-6.60507932688765,-3.86647898278369,"icfm","ICFM","test",-0.338579084810649,-0.766595676872952,"Below 0"
892,"Generated",-2.92458331154964,-4.39024543451404,-1.82105463352562,"icfm","ICFM","test",0.771505284598979,-0.00851281965126347,"Below 0"
893,"Generated",-4.32213918633467,-5.30237089862174,-3.52906521205628,"icfm","ICFM","test",0.479267485918288,0.315389961316447,"Below 0"
894,"Generated",-5.02595154053648,-6.22547758277676,-4.09036946818583,"icfm","ICFM","test",0.151911754710632,-0.024755469437885,"Below 0"
895,"Generated",-3.2935283545289,-4.43039698609349,-2.38258557303579,"icfm","ICFM","test",-0.521016072580739,0.24837951849837,"Below 0"
896,"Generated",-4.24128579297468,-5.76213742064003,-3.2394679383163,"icfm","ICFM","test",-0.513173121329134,-0.0650139647240188,"Below 0"
897,"Generated",-4.3482735248473,-6.0379508848561,-3.27659311551007,"icfm","ICFM","test",0.754510843921855,0.0860514822342114,"Below 0"
898,"Generated",-4.91456942007744,-6.41713671203241,-3.79436032261058,"icfm","ICFM","test",-0.615755227113266,0.360332913639528,"Below 0"
899,"Generated",-5.35481655647163,-6.79817854122329,-4.33139643360245,"icfm","ICFM","test",-0.563997662016645,0.669455427637998,"Below 0"
900,"Generated",-5.02705126236461,-6.58057941721614,-3.93528136076684,"icfm","ICFM","test",-0.242267499394601,-0.226230376410621,"Below 0"
901,"Generated",-2.95601839527379,-4.48131797578011,-1.95434343509734,"icfm","ICFM","test",-0.425277769287697,0.445159311229893,"Below 0"
902,"Generated",-2.21150052116556,-3.86873560424263,-0.995519964476543,"icfm","ICFM","test",-0.468721148974811,0.39670718640199,"Below 0"
903,"Generated",-6.00496718649697,-7.43319014845151,-4.91419799031094,"icfm","ICFM","test",-0.168590060926709,-0.238928047242766,"Below 0"
904,"Generated",-3.47525218223526,-4.77892627859228,-2.5623924609947,"icfm","ICFM","test",-0.14765675758083,-0.0175479945910128,"Below 0"
905,"Generated",-3.0332165459479,-4.44685028173566,-1.91488077607593,"icfm","ICFM","test",-0.335161375772168,-0.699328544309142,"Below 0"
906,"Generated",-3.87123178116142,-5.55177835200396,-2.71116006453096,"icfm","ICFM","test",-0.494290097453575,0.509584806926174,"Below 0"
907,"Generated",-3.47403701876629,-4.44131452960162,-2.67861270446144,"icfm","ICFM","test",0.614623661834668,0.219215182560717,"Below 0"
908,"Generated",-1.54450455678724,-3.06973955461828,-0.659390394610373,"icfm","ICFM","test",0.884640242673189,-0.410190538672068,"Below 0"
909,"Generated",-3.98968062196296,-5.51738982861033,-2.80056162016253,"icfm","ICFM","test",-0.369196686384193,-0.182765931394941,"Below 0"
910,"Generated",-3.41999236242569,-4.75947733661825,-2.54292533888031,"icfm","ICFM","test",0.289053633173674,0.0767312498864894,"Below 0"
911,"Generated",-6.28174669564641,-7.73198436183844,-5.25025060843918,"icfm","ICFM","test",-0.370194531283376,0.215900133868796,"Below 0"
912,"Generated",-5.0634549683275,-6.87029298148069,-3.8826778575973,"icfm","ICFM","test",0.195835881408128,0.192363163744925,"Below 0"
913,"Generated",-4.96300091092423,-6.81915872795417,-3.58074559980189,"icfm","ICFM","test",-0.0377579057065257,0.0316707136895267,"Below 0"
914,"Generated",-2.31463450303855,-3.73637705366558,-1.27556439685758,"icfm","ICFM","test",-0.224664022464685,-0.382252859066034,"Below 0"
915,"Generated",-3.61489002640714,-5.14890456828586,-2.56159085860077,"icfm","ICFM","test",-0.099709513635893,-0.663423504357948,"Below 0"
916,"Generated",-1.33506875418142,-2.32197474109184,-0.551131104012815,"icfm","ICFM","test",-0.251195478841196,0.0224369812736982,"Below 0"
917,"Generated",-4.58465551016532,-5.88706482567199,-3.5808159427397,"icfm","ICFM","test",-0.573765751094409,-0.0400118320943973,"Below 0"
918,"Generated",-5.68302924996249,-7.03827204252525,-4.76096619994436,"icfm","ICFM","test",-0.479112824376806,0.222608545803804,"Below 0"
919,"Generated",-4.8404807249257,-5.88965029039604,-3.91446500241426,"icfm","ICFM","test",-0.181261187668482,-0.625033531515634,"Below 0"
920,"Generated",-1.6717565836183,-2.79644916537586,-0.842802664071807,"icfm","ICFM","test",-0.317029111842945,-0.431841021717292,"Below 0"
921,"Generated",-5.75135012951962,-7.09858831009717,-4.65311246865708,"icfm","ICFM","test",0.47560234656515,0.598729312625643,"Below 0"
922,"Generated",-4.17248942714446,-5.82179582136255,-3.17531643133292,"icfm","ICFM","test",-0.427369814650848,-0.258604714365013,"Below 0"
923,"Generated",-5.64935440906864,-6.99114799609155,-4.66480205390189,"icfm","ICFM","test",-0.0164783915902185,-0.586176629896519,"Below 0"
924,"Generated",-0.496205607295135,-1.25835820778414,0.259650132190227,"icfm","ICFM","test",0.0986017895431107,-0.068981386260004,"Covers 0"
925,"Generated",-1.89106858121416,-3.2573444003193,-1.07876014128891,"icfm","ICFM","test",-0.236928929229867,-0.743636959987217,"Below 0"
926,"Generated",-2.6983768931915,-3.89076521240968,-1.7352791728894,"icfm","ICFM","test",-0.230465886990739,-0.833801535734647,"Below 0"
927,"Generated",-3.14913758740962,-4.03796673621513,-2.47398655845456,"icfm","ICFM","test",0.819817243881003,0.262365582646437,"Below 0"
928,"Generated",-5.71888215578148,-7.23446726642201,-4.62990280087457,"icfm","ICFM","test",0.773722237116734,0.480288359594107,"Below 0"
929,"Generated",-4.37810247388392,-5.57087416249666,-3.28844279613427,"icfm","ICFM","test",0.84903700386486,0.335333518746986,"Below 0"
930,"Generated",-2.76726250461946,-3.69920937473195,-1.99555467127867,"icfm","ICFM","test",0.351246353735384,0.0462029451177455,"Below 0"
931,"Generated",-3.60647220853423,-4.69097947513497,-2.74984772368038,"icfm","ICFM","test",-0.526352833705435,0.616674733209331,"Below 0"
932,"Generated",-4.11691690088981,-5.74684900880726,-3.11321205902052,"icfm","ICFM","test",0.837624417625673,0.291502635713391,"Below 0"
933,"Generated",-1.14144830495935,-2.48207203893444,-0.261576796037304,"icfm","ICFM","test",-0.386047198905751,-0.133262823496115,"Below 0"
934,"Generated",-5.25417270581611,-6.98163617036468,-4.15016138999177,"icfm","ICFM","test",-0.421067477515994,0.182719179853599,"Below 0"
935,"Generated",-2.53275435133387,-3.97999079987528,-1.65858462728532,"icfm","ICFM","test",-0.338425965934907,0.102318825289204,"Below 0"
936,"Generated",-5.09941708150282,-6.68465078278582,-4.03869138654118,"icfm","ICFM","test",0.249213726436622,-0.0287193740876245,"Below 0"
937,"Generated",-4.24892131889949,-5.16078151765853,-3.49086790810153,"icfm","ICFM","test",0.457617682333974,0.131695323709638,"Below 0"
938,"Generated",-4.1809100113649,-5.97063228302142,-3.0312878282588,"icfm","ICFM","test",0.610197348110355,-0.459762392580252,"Below 0"
939,"Generated",-0.5501714502445,-1.56929686414995,0.372317671415354,"icfm","ICFM","test",0.572739721806215,0.0596663709550782,"Covers 0"
940,"Generated",-5.34925424948339,-6.79542147097452,-4.45239466975523,"icfm","ICFM","test",-0.389083947390573,0.2481832734064,"Below 0"
941,"Generated",-2.89946021786402,-3.90725780099791,-2.18533160766877,"icfm","ICFM","test",0.730239664027706,0.396954798839319,"Below 0"
942,"Generated",-5.46143141337883,-6.65299329320735,-4.4853196896015,"icfm","ICFM","test",-0.366474423065565,0.0478671229295552,"Below 0"
943,"Generated",-3.16916821641344,-4.47105481566722,-2.29615014854949,"icfm","ICFM","test",0.896750523316077,0.0594610031655594,"Below 0"
944,"Generated",-5.20780105527957,-6.42040530823291,-4.40823965630506,"icfm","ICFM","test",-0.137786465342898,-0.857112752671111,"Below 0"
945,"Generated",-1.65322381985523,-2.33673727343686,-0.943572229630545,"icfm","ICFM","test",-0.458089130782167,-0.138775572508678,"Below 0"
946,"Generated",-4.14196757816374,-5.12975576590822,-3.13402752874349,"icfm","ICFM","test",-0.0796449227966178,-0.25913247505072,"Below 0"
947,"Generated",-2.25558612602713,-3.66239374678722,-1.33807980162307,"icfm","ICFM","test",-0.366322554429429,-0.160303604387264,"Below 0"
948,"Generated",-4.95052057301085,-6.43435955183859,-3.97223043616745,"icfm","ICFM","test",-0.2561861189486,-0.646454418967626,"Below 0"
949,"Generated",-3.23490245265238,-4.65434875314712,-2.2222230950989,"icfm","ICFM","test",0.0231752033184449,0.101755318552308,"Below 0"
950,"Generated",-5.43724246062598,-6.72799264224959,-4.48471033828909,"icfm","ICFM","test",0.151766371965321,0.587459808812277,"Below 0"
951,"Generated",-5.60343846057146,-7.12769358230472,-4.59780374775303,"icfm","ICFM","test",-0.0657107883296675,-0.0535522065834865,"Below 0"
952,"Generated",-3.89037590831777,-5.57336021459455,-2.99593559361681,"icfm","ICFM","test",-0.503801736122014,0.111019331073384,"Below 0"
953,"Generated",-4.12013855197833,-5.44607231338875,-3.21871257850352,"icfm","ICFM","test",-0.362798028561109,0.301463495160006,"Below 0"
954,"Generated",-3.70711321865082,-4.89202633589283,-2.63594340636112,"icfm","ICFM","test",-0.433261600420167,-0.153622476403518,"Below 0"
955,"Generated",-0.649252405206357,-2.14654936529268,0.230224090318757,"icfm","ICFM","test",-0.197125299953393,-0.153283300618298,"Covers 0"
956,"Generated",-5.93989754426542,-7.62038676171279,-4.86331310608088,"icfm","ICFM","test",0.635363307873001,0.185724601276156,"Below 0"
957,"Generated",-3.31017701416594,-4.74637569872874,-2.28523653497704,"icfm","ICFM","test",-0.483550527382134,-0.225689979765153,"Below 0"
958,"Generated",-4.95223562854838,-6.57117349093568,-3.95888122909281,"icfm","ICFM","test",-0.417759500464128,0.309964451654817,"Below 0"
959,"Generated",-3.17131738478789,-4.28796045539817,-2.35732003585136,"icfm","ICFM","test",-0.538822682411247,0.60548234245035,"Below 0"
960,"Generated",-4.67647035536155,-6.20441479877718,-3.57943541858836,"icfm","ICFM","test",0.0295142568688725,-0.00613918442292668,"Below 0"
961,"Generated",-5.8621667523809,-7.28709045486607,-4.71815900205778,"icfm","ICFM","test",0.043649774053441,0.556785962785792,"Below 0"
962,"Generated",-2.2748360027382,-3.59958188843508,-1.3345046292187,"icfm","ICFM","test",0.214458394924392,0.155249309991535,"Below 0"
963,"Generated",-2.39393182791028,-3.04946833856954,-1.82040612854337,"icfm","ICFM","test",0.0526170766298135,-0.668853312816904,"Below 0"
964,"Generated",-0.57936830598516,-1.95374058621165,0.290017149903803,"icfm","ICFM","test",-0.39054496200579,0.232105216468782,"Covers 0"
965,"Generated",-1.53144675118366,-2.80386247885676,-0.631374629470924,"icfm","ICFM","test",-0.510883485989746,0.432728171038844,"Below 0"
966,"Generated",-1.666760052914,-2.55392059517794,-0.993251279945342,"icfm","ICFM","test",-0.442042505509856,-0.30790913871675,"Below 0"
967,"Generated",-5.2108505347255,-6.80476493745176,-4.05087816499642,"icfm","ICFM","test",-0.302006876775719,-0.378781361043574,"Below 0"
968,"Generated",-5.88333089065615,-7.50897533088006,-4.76992238563922,"icfm","ICFM","test",0.93705143638353,0.213530075667731,"Below 0"
969,"Generated",-3.10985555099303,-4.41082334108536,-2.24903246923539,"icfm","ICFM","test",-0.319136383312901,-0.191871848923642,"Below 0"
970,"Generated",-3.1759680242527,-4.29608626600156,-2.22839211906709,"icfm","ICFM","test",-0.199662809620006,0.0367624261841924,"Below 0"
971,"Generated",-4.6976517611792,-5.93670266050802,-3.86660505016452,"icfm","ICFM","test",-0.336582242741022,0.203809432976143,"Below 0"
972,"Generated",-3.63256315586162,-4.78131665822484,-2.73134881802514,"icfm","ICFM","test",0.280430696037683,0.0139464880380443,"Below 0"
973,"Generated",-5.08391534247619,-6.48116404617894,-3.96896988138352,"icfm","ICFM","test",-0.464084383310963,-0.03473672163534,"Below 0"
974,"Generated",-4.9527952658033,-6.27025450729819,-3.93470003018973,"icfm","ICFM","test",-0.386537302004103,0.139121679557483,"Below 0"
975,"Generated",-3.90921178820498,-5.30030284642817,-2.91952871992173,"icfm","ICFM","test",0.897351402199877,0.145542145107231,"Below 0"
976,"Generated",-3.42546043381712,-4.99490710506741,-2.4058034481862,"icfm","ICFM","test",0.638317860711799,0.348452176932618,"Below 0"
977,"Generated",-0.388363720394952,-1.05010005526844,0.391225471203306,"icfm","ICFM","test",-0.453641962539301,0.464668757180302,"Covers 0"
978,"Generated",-4.275577418679,-5.96841297053199,-3.21438129241184,"icfm","ICFM","test",-0.0347735739366486,0.0389750434939233,"Below 0"
979,"Generated",-2.71858346927062,-4.37675152366009,-1.47178759897554,"icfm","ICFM","test",-0.597770677193294,0.147713778747075,"Below 0"
980,"Generated",-1.13941556319546,-2.96013915361929,-0.00829766251925865,"icfm","ICFM","test",-0.364238180937777,-0.0546526845511372,"Below 0"
981,"Generated",-2.51955304655527,-3.89890536017495,-1.73016569225357,"icfm","ICFM","test",0.396400868305258,-0.457625313455213,"Below 0"
982,"Generated",-1.05810979258998,-2.34154417160596,-0.251758326507067,"icfm","ICFM","test",0.113911014736829,0.0956412923115368,"Below 0"
983,"Generated",-2.76837453016412,-3.71106794321461,-1.92566798986787,"icfm","ICFM","test",0.0294985570056679,-0.313150976208889,"Below 0"
984,"Generated",-2.3848751564087,-4.0772920852678,-1.45577672853936,"icfm","ICFM","test",0.650002963710461,0.187784273987794,"Below 0"
985,"Generated",-3.56004220605712,-5.13253786945181,-2.35619205611203,"icfm","ICFM","test",-0.0981054787766241,-0.72753277219548,"Below 0"
986,"Generated",-0.784804454764781,-2.35523433925582,0.178478563839073,"icfm","ICFM","test",0.258677189675356,-0.603868020839333,"Covers 0"
987,"Generated",-4.20829967868661,-5.72865140590996,-3.21891876801738,"icfm","ICFM","test",0.042198895619161,-0.433390609705605,"Below 0"
988,"Generated",-3.07771910364903,-4.12327690716798,-2.35158667736667,"icfm","ICFM","test",0.590764501589841,0.0566860997518861,"Below 0"
989,"Generated",-4.92670656847866,-6.09122435762502,-3.87899547443388,"icfm","ICFM","test",0.813755322060513,0.343360044550354,"Below 0"
990,"Generated",-3.28156053240562,-4.63190980703188,-2.31106613546689,"icfm","ICFM","test",-0.309858823790143,-0.450568897388389,"Below 0"
991,"Generated",-4.87685867440608,-6.71474949639461,-3.66255595320361,"icfm","ICFM","test",-0.422556713803596,0.118875347173898,"Below 0"
992,"Generated",-3.03363376247671,-4.18643541585519,-2.25634485006948,"icfm","ICFM","test",0.898831543014159,0.319330546696523,"Below 0"
993,"Generated",-5.46006769261911,-7.12887825572,-4.43692010413593,"icfm","ICFM","test",0.860525993321739,-0.219430379567034,"Below 0"
994,"Generated",-4.56957178103695,-6.07451110706362,-3.5556879672431,"icfm","ICFM","test",-0.206679032305285,0.253011390329073,"Below 0"
995,"Generated",-5.48964316766517,-6.9562762363281,-4.41995693133198,"icfm","ICFM","test",-0.473796047170593,-0.00862579500964793,"Below 0"
996,"Generated",-3.96220601251158,-5.66872171752034,-2.8462713650548,"icfm","ICFM","test",0.835206928923227,0.25751657274305,"Below 0"
997,"Generated",-5.54063163240722,-6.86513248844113,-4.61227931127597,"icfm","ICFM","test",-0.310588016129035,0.157464921063098,"Below 0"
998,"Generated",-5.16525443805996,-6.63806620846526,-4.07908230746483,"icfm","ICFM","test",0.0039889088759276,0.379228386434959,"Below 0"
999,"Generated",-4.15860551022097,-5.46534101305875,-3.27547334214883,"icfm","ICFM","test",0.465155039582595,0.147825199603583,"Below 0"
1000,"Generated",-3.72713496403236,-4.66602180010426,-2.9357269240803,"icfm","ICFM","test",0.755442940448725,0.430295880195554,"Below 0"
1001,"Generated",-5.88486161781168,-7.12830095908039,-4.89170602638094,"icfm","ICFM","test",-0.390705008167963,-0.0336234895595308,"Below 0"
1002,"Generated",-4.31343330611325,-5.77528320397481,-3.38485052591996,"icfm","ICFM","test",-0.451408393610508,0.227202783810307,"Below 0"
1003,"Generated",-3.92436957047084,-5.33499375202039,-3.04344016972803,"icfm","ICFM","test",-0.0104056863428418,-0.529001604548435,"Below 0"
1004,"Generated",-2.22751340237735,-3.29261491793081,-1.52711995628507,"icfm","ICFM","test",0.923280003158885,0.0373575636984998,"Below 0"
1005,"Generated",-4.4468738094443,-6.097579350415,-3.22233874704821,"icfm","ICFM","test",0.0889677283554713,-0.299014998285486,"Below 0"
1006,"Generated",-1.30996942586298,-2.62957510614051,-0.423242904799994,"icfm","ICFM","test",-0.352899243476342,0.0723536154643906,"Below 0"
1007,"Generated",-3.03646241728657,-4.40277201328297,-2.01109000337593,"icfm","ICFM","test",0.37484133029312,0.279641678967513,"Below 0"
1008,"Generated",-6.07431249971881,-7.52354495456347,-5.02339756846628,"icfm","ICFM","test",0.670351336425041,0.343107758136999,"Below 0"
1009,"Generated",-6.04851400739824,-7.48469664000739,-5.00154743975001,"icfm","ICFM","test",-0.465164748281636,0.33445079384255,"Below 0"
1010,"Generated",-4.75700677097093,-6.26791825020685,-3.7666384576168,"icfm","ICFM","test",-0.272065463005984,0.11431358835821,"Below 0"
1011,"Generated",-2.48889306050723,-4.02463118399524,-1.48885995076348,"icfm","ICFM","test",0.0133912703495924,-0.35693279938802,"Below 0"
1012,"Generated",-2.85950510048286,-4.12980829094892,-1.92996451915451,"icfm","ICFM","test",-0.312222434061709,-0.111487170269018,"Below 0"
1013,"Generated",-2.23206136202735,-3.94335989250563,-1.10409744196456,"icfm","ICFM","test",-0.537582570858516,0.605720685079108,"Below 0"
1014,"Generated",-3.33213332628982,-4.23677785154801,-2.52244223969521,"icfm","ICFM","test",0.969545690384388,0.210981713134391,"Below 0"
1015,"Generated",-1.68250537249372,-2.7335965475058,-0.937820847016054,"icfm","ICFM","test",-0.36043334648684,0.110344582812892,"Below 0"
1016,"Generated",-0.557596834986042,-1.67502518405871,0.290144934153451,"icfm","ICFM","test",0.928002598186216,0.210046055325396,"Covers 0"
1017,"Generated",-2.06939370442406,-3.08304607088992,-1.3079550808797,"icfm","ICFM","test",-0.189363433593326,-0.853958816532759,"Below 0"
1018,"Generated",-4.29304809385787,-5.92518526631318,-3.16294746132366,"icfm","ICFM","test",-0.355916940501735,-0.108851255486118,"Below 0"
1019,"Generated",-3.08548130599694,-4.10903467529178,-2.35124574312841,"icfm","ICFM","test",-0.147338229281039,-0.167693039158445,"Below 0"
1020,"Generated",-4.73745221957159,-6.43960568564096,-3.68438120388013,"icfm","ICFM","test",-0.502494963267965,0.297717464141013,"Below 0"
1021,"Generated",-3.93031607899722,-4.92548724442196,-3.12990494586577,"icfm","ICFM","test",-0.345098349634152,0.0701712018280041,"Below 0"
1022,"Generated",-5.86774249223789,-7.22591757414245,-4.79159573212308,"icfm","ICFM","test",-0.368639197172946,0.194058817501186,"Below 0"
1023,"Generated",-5.43281578235112,-6.71756241035267,-4.40425465761461,"icfm","ICFM","test",-0.330162944269407,0.421939251869767,"Below 0"
1024,"Generated",-4.97605148511511,-6.2435735775131,-3.99541586430962,"icfm","ICFM","test",-0.224985162253206,0.183328008199997,"Below 0"
1025,"Generated",-2.76373403160435,-4.42449376132124,-1.75797610613377,"icfm","ICFM","test",0.455562562672359,0.182486207822527,"Below 0"
1026,"Generated",-3.52707815609431,-4.98166757487621,-2.64351695596845,"icfm","ICFM","test",0.266323552425139,-0.561956838996687,"Below 0"
1027,"Generated",-3.09647162119994,-4.70889661982688,-1.99469845546315,"icfm","ICFM","test",0.260854621002483,-0.0136510370532075,"Below 0"
1028,"Generated",-4.2755077354544,-5.76092001304983,-3.13411097408217,"icfm","ICFM","test",-0.557224172894644,0.655626764760863,"Below 0"
1029,"Generated",-3.31796308784058,-4.65912661900411,-2.42328299977989,"icfm","ICFM","test",-0.404208295964008,0.174798412251892,"Below 0"
1030,"Generated",-0.0896224894124816,-1.16675048249808,0.901079070642609,"icfm","ICFM","test",-0.302134864057961,-0.365471181863466,"Covers 0"
1031,"Generated",-1.67126238042229,-2.74397602688397,-0.884645356331168,"icfm","ICFM","test",-0.293769361073028,-0.648428914438532,"Below 0"
1032,"Generated",-1.82543816085755,-3.01159435119282,-1.00441564731599,"icfm","ICFM","test",-0.233646852581804,0.206248951141247,"Below 0"
1033,"Generated",-3.50967692711672,-4.78133459052522,-2.4705373311339,"icfm","ICFM","test",0.232838870303534,0.249863503244795,"Below 0"
1034,"Generated",-6.26527525382798,-7.80449110681908,-5.14554389295471,"icfm","ICFM","test",0.220346409681515,0.0870030434615078,"Below 0"
1035,"Generated",-3.24488871052099,-4.38172860917259,-2.32715717981767,"icfm","ICFM","test",-0.220708480648969,0.549692230330676,"Below 0"
1036,"Generated",-4.76392254441926,-6.19731450333649,-3.70383272440906,"icfm","ICFM","test",0.427946547965594,0.328360224326357,"Below 0"
1037,"Generated",-3.69329872921412,-4.61166804093665,-2.79242489468148,"icfm","ICFM","test",0.28612568544867,-0.0357879810325254,"Below 0"
1038,"Generated",-1.75613100426957,-2.80134055209811,-0.89533597501994,"icfm","ICFM","test",0.848953083152033,0.441387196853941,"Below 0"
1039,"Generated",-4.88081468760947,-6.14732091954216,-3.7988009989274,"icfm","ICFM","test",-0.451691422467486,0.382558228107706,"Below 0"
1040,"Generated",-5.02841022472973,-6.53396275702718,-3.83853264157948,"icfm","ICFM","test",-0.353042505526937,-0.125707971658729,"Below 0"
1041,"Generated",-3.22047218507524,-4.5669871867764,-2.34934741661204,"icfm","ICFM","test",-0.221141639068243,-0.134217892549305,"Below 0"
1042,"Generated",-3.04069520580128,-3.9474371053275,-2.30569028576164,"icfm","ICFM","test",0.444103370521015,0.185138088045835,"Below 0"
1043,"Generated",-5.51166458497186,-7.02851311523086,-4.48776180195657,"icfm","ICFM","test",0.314931322229734,0.0355283993935486,"Below 0"
1044,"Generated",-1.39601794447787,-2.66586547274104,-0.530760937195168,"icfm","ICFM","test",-0.30628282264622,-0.202964093160395,"Below 0"
1045,"Generated",-3.51096737807404,-5.1906547562522,-2.32829374778637,"icfm","ICFM","test",-0.137313359504824,-0.257750726338404,"Below 0"
1046,"Generated",-5.46850424877432,-6.71465082626734,-4.49600667645832,"icfm","ICFM","test",-0.357058510073305,0.29401715323112,"Below 0"
1047,"Generated",-2.75092092120157,-3.70681060759215,-2.04444396714566,"icfm","ICFM","test",0.840850190497629,-0.258683227952252,"Below 0"
1048,"Generated",-3.96318979672292,-5.27296932266564,-3.14342153337825,"icfm","ICFM","test",-0.0149648722685003,-0.45518972511881,"Below 0"
1049,"Generated",-4.7369268727704,-5.86065813307905,-3.77705601016929,"icfm","ICFM","test",-0.477566331390273,0.418722316378292,"Below 0"
1050,"Generated",-5.39437887473354,-6.77561739931118,-4.38236631499806,"icfm","ICFM","test",-0.395573985036953,0.304145953011649,"Below 0"
1051,"Generated",-4.70873911727704,-6.34808396967083,-3.74128464756696,"icfm","ICFM","test",0.895568625932141,-0.325140990455875,"Below 0"
1052,"Generated",0.248848724146967,-0.78469570542192,1.41098630812649,"icfm","ICFM","test",-0.314423533470658,0.0463047470766894,"Covers 0"
1053,"Generated",-3.21988801406406,-4.33994887397793,-2.23467838641772,"icfm","ICFM","test",0.643151174311517,0.122465167046817,"Below 0"
1054,"Generated",-3.09740554332364,-4.76280646773951,-1.9947858493821,"icfm","ICFM","test",-0.490655187276857,-0.163154145319115,"Below 0"
1055,"Generated",-2.24946407146335,-3.40580529302915,-1.29939119027833,"icfm","ICFM","test",-0.430222750221847,-0.206433529644945,"Below 0"
1056,"Generated",-5.58773885724577,-7.17371116500404,-4.50591827217071,"icfm","ICFM","test",-0.2527237547706,0.232802912227799,"Below 0"
1057,"Generated",-3.11496344035765,-4.79530888228151,-2.14828613063417,"icfm","ICFM","test",-0.270295778792103,-0.869590095736882,"Below 0"
1058,"Generated",-6.1050578110281,-7.57660344419121,-5.02717936311456,"icfm","ICFM","test",-0.36077612724132,0.292513113626658,"Below 0"
1059,"Generated",-3.77296714603633,-5.33276312058624,-2.59576569950197,"icfm","ICFM","test",-0.407072181031121,0.0539223994813911,"Below 0"
1060,"Generated",-0.902995493499832,-2.53449625591923,0.334892524159458,"icfm","ICFM","test",-0.37331101869329,-0.162631861449559,"Covers 0"
1061,"Generated",-5.30582697519193,-6.75607854696303,-4.12415739153528,"icfm","ICFM","test",-0.434071419434876,0.256749753010681,"Below 0"
1062,"Generated",-0.516556809249047,-2.06101759621037,0.354177216461737,"icfm","ICFM","test",-0.117478834811418,0.0166979018630486,"Covers 0"
1063,"Generated",-3.43918358258792,-4.93755139271851,-2.50434686612397,"icfm","ICFM","test",0.681976934621161,-0.0299295859298783,"Below 0"
1064,"Generated",-2.57386377705108,-3.71851857361643,-1.64015916172201,"icfm","ICFM","test",-0.158198806002272,-0.101659771556932,"Below 0"
1065,"Generated",-2.16116379472702,-3.58552438311919,-1.13190911744037,"icfm","ICFM","test",0.107889921543406,-0.0161629848518223,"Below 0"
1066,"Generated",-2.58422857871548,-3.86721031081418,-1.55389299958219,"icfm","ICFM","test",0.0738833945204212,-0.307286381503211,"Below 0"
1067,"Generated",-0.937526571836371,-2.60366534284249,0.0746081961937793,"icfm","ICFM","test",-0.317971098844628,-0.311630883602523,"Covers 0"
1068,"Generated",-5.42068973894512,-6.71458817786631,-4.49549044717112,"icfm","ICFM","test",-0.378152946619433,0.274708724965395,"Below 0"
1069,"Generated",-2.8273158963145,-4.09305310066456,-1.91130564021778,"icfm","ICFM","test",-0.320844530548168,0.54189788151851,"Below 0"
1070,"Generated",-4.16024090870039,-5.54017259394477,-3.07845228756887,"icfm","ICFM","test",-0.23394858008432,-0.0387901085570825,"Below 0"
1071,"Generated",-0.288231744941076,-1.07291161832658,0.318557855900364,"icfm","ICFM","test",-0.0389011977008106,-0.056282271459245,"Covers 0"
1072,"Generated",-1.99766372689664,-3.7529223623419,-1.01877822659888,"icfm","ICFM","test",-0.466058793963791,0.498718453089194,"Below 0"
1073,"Generated",-2.24057766360441,-3.29533880031965,-1.48549563344266,"icfm","ICFM","test",0.558170189362201,-0.510165714743938,"Below 0"
1074,"Generated",-3.42160954561703,-5.09337849434987,-2.25034244439295,"icfm","ICFM","test",-0.0687679047258723,-0.136140303018279,"Below 0"
1075,"Generated",-2.91610010305732,-3.99290635579387,-1.69321858403336,"icfm","ICFM","test",-0.450528215209886,-0.182397870086472,"Below 0"
1076,"Generated",-3.3350376563056,-4.81342704785665,-2.11327196371746,"icfm","ICFM","test",-0.288656007490741,-0.0102514401139221,"Below 0"
1077,"Generated",-3.08644495144228,-4.32730331918174,-2.09848954174725,"icfm","ICFM","test",-0.124785173566515,0.0893659735921579,"Below 0"
1078,"Generated",-1.79273457430791,-2.70312403607439,-0.972247406761756,"icfm","ICFM","test",-0.522612513504628,0.383021321539816,"Below 0"
1079,"Generated",-0.418612121107368,-2.20783238476826,0.653941716952441,"icfm","ICFM","test",-0.313280305790175,-0.542754830111688,"Covers 0"
1080,"Generated",-2.50948883267972,-4.19513321454549,-1.34956610205757,"icfm","ICFM","test",-0.381126986779521,-0.0453358736477743,"Below 0"
1081,"Generated",-5.84069845793811,-7.24406076488278,-4.75524966306946,"icfm","ICFM","test",0.496990657072685,0.0510222773675979,"Below 0"
1082,"Generated",-4.27747895094014,-5.67011525979574,-3.34253578059318,"icfm","ICFM","test",0.702245072318222,-0.467097639807981,"Below 0"
1083,"Generated",-5.50236280478161,-7.17054127890717,-4.28829209493165,"icfm","ICFM","test",-0.310429843111644,0.116047246389437,"Below 0"
1084,"Generated",-1.506393519847,-2.41404633722337,-0.749227630796752,"icfm","ICFM","test",-0.340664690814273,-0.491053580267064,"Below 0"
1085,"Generated",-4.10966898101138,-5.56763156715649,-3.1511704275608,"icfm","ICFM","test",-0.227356043302271,-0.0579250827499688,"Below 0"
1086,"Generated",-1.43978988105644,-2.36645924810531,-0.724506601606565,"icfm","ICFM","test",-0.142815429985993,-0.080308900734438,"Below 0"
1087,"Generated",-0.903682985737202,-2.36577254843099,-0.156910017434308,"icfm","ICFM","test",0.895488572324997,0.395600911616117,"Below 0"
1088,"Generated",-4.48533568615461,-5.99479033302182,-3.30037844453162,"icfm","ICFM","test",0.326007826427568,0.302535851550623,"Below 0"
1089,"Generated",-3.40629594209245,-5.14536933148913,-2.35927972417575,"icfm","ICFM","test",0.92505190498456,0.351350497944332,"Below 0"
1090,"Generated",-2.99826396896555,-4.04972424234831,-2.10312970561158,"icfm","ICFM","test",0.687883965014003,0.3789847639346,"Below 0"
1091,"Generated",-1.35897734412506,-2.0783468085666,-0.73956551783949,"icfm","ICFM","test",-0.144105910948478,-0.626441313958745,"Below 0"
1092,"Generated",-2.02799651330047,-3.47630891038745,-1.00449252621278,"icfm","ICFM","test",-0.347518661802935,-0.334692804475358,"Below 0"
1093,"Generated",-3.52198377835122,-5.2910804482367,-2.36543402378941,"icfm","ICFM","test",-0.149496484462045,-0.686866915199401,"Below 0"
1094,"Generated",-1.39623722197221,-2.57781288647962,-0.57271656565581,"icfm","ICFM","test",-0.095824431999417,0.22963155438987,"Below 0"
1095,"Generated",-6.31841391444803,-7.88653501194175,-5.14815667646644,"icfm","ICFM","test",-0.45655871546931,0.368242200451932,"Below 0"
1096,"Generated",-1.61124566222907,-3.10692742730654,-0.73172730530745,"icfm","ICFM","test",-0.397185362224703,0.104599437310531,"Below 0"
1097,"Generated",-5.8578592016052,-7.44143542280135,-4.78521980934025,"icfm","ICFM","test",-0.329149650722047,-0.241340316721474,"Below 0"
1098,"Generated",-3.36049880702644,-4.41203960062203,-2.4620112921448,"icfm","ICFM","test",0.107099393378215,0.158328454415767,"Below 0"
1099,"Generated",-5.303335571335,-6.69800466851475,-4.2475139394109,"icfm","ICFM","test",0.435828377246066,-0.471443809906823,"Below 0"
1100,"Generated",-4.24714821427771,-5.60482343192685,-3.36338522330084,"icfm","ICFM","test",-0.361130363822007,0.1948364787807,"Below 0"
1101,"Generated",-4.44930128596072,-5.67972216907584,-3.53818211256142,"icfm","ICFM","test",0.891950779073089,0.322814797740439,"Below 0"
1102,"Generated",-2.8936894544897,-3.97541426425528,-2.07912427550796,"icfm","ICFM","test",-0.387450679693065,-0.0712959448123231,"Below 0"
1103,"Generated",-4.42110331767957,-6.09598976329204,-3.20122575026649,"icfm","ICFM","test",-0.4566528176272,0.311236339719095,"Below 0"
1104,"Generated",-4.59802369563538,-5.64494976152639,-3.76138603789349,"icfm","ICFM","test",-0.132983505450666,-0.468676858729225,"Below 0"
1105,"Generated",-1.32163830212644,-3.16227974546518,-0.357331224299785,"icfm","ICFM","test",0.000794210548381157,-0.291851109525599,"Below 0"
1106,"Generated",-2.28969902134088,-3.79766316780662,-1.39723681280826,"icfm","ICFM","test",-0.46195005373878,-0.177505541137337,"Below 0"
1107,"Generated",-3.432526361788,-5.01580204501222,-2.30151996714101,"icfm","ICFM","test",0.100659069571653,-0.574163812306326,"Below 0"
1108,"Generated",-0.900087102967643,-2.18545404955191,-0.193310194304922,"icfm","ICFM","test",-0.197018370471244,0.206833167306185,"Below 0"
1109,"Generated",-1.79356465210015,-3.38642903058081,-0.521217708383136,"icfm","ICFM","test",-0.020714986603277,0.162887292175524,"Below 0"
1110,"Generated",-3.99397864786882,-5.5809782348807,-2.92380163055793,"icfm","ICFM","test",-0.38964154146405,0.268600636058809,"Below 0"
1111,"Generated",-3.56534101375106,-4.90920163676793,-2.45659385337909,"icfm","ICFM","test",-0.470337415098477,0.275262158465602,"Below 0"
1112,"Generated",-1.8494866432458,-3.19053088113112,-1.05398349063687,"icfm","ICFM","test",0.392739936325541,-0.386768606116068,"Below 0"
1113,"Generated",-4.47496022621485,-6.13029744868943,-3.36016330446104,"icfm","ICFM","test",0.0549716476545156,0.034853866169727,"Below 0"
1114,"Generated",-2.61586135925115,-3.38485266302637,-1.92131869553593,"icfm","ICFM","test",0.354702043123869,0.183073510053047,"Below 0"
1115,"Generated",-3.86810144567326,-4.89203357426498,-2.94010899873809,"icfm","ICFM","test",0.485858866262449,-0.251252637722408,"Below 0"
1116,"Generated",-0.988242024536244,-2.40585903996786,-0.0506640306625561,"icfm","ICFM","test",0.40174170291485,-0.667688253296266,"Below 0"
1117,"Generated",-2.93245601320611,-4.0883460125177,-2.03408790825132,"icfm","ICFM","test",-0.340021893205477,0.0318550682362591,"Below 0"
1118,"Generated",-2.27544965598918,-3.02158941349888,-1.55746264683558,"icfm","ICFM","test",0.892033010432891,0.401293686897877,"Below 0"
1119,"Generated",-4.48176463259918,-5.78399468302987,-3.50419880333222,"icfm","ICFM","test",-0.504829430612567,0.527250025108011,"Below 0"
1120,"Generated",-3.00752026916456,-4.60889042516914,-1.87542855501327,"icfm","ICFM","test",0.259922164913891,0.124078971068483,"Below 0"
1121,"Generated",-4.96097293452867,-6.76007721876718,-3.85931793491706,"icfm","ICFM","test",0.244086368900902,-0.678518893289272,"Below 0"
1122,"Generated",-5.35848553605635,-6.77610395460507,-4.47438366567923,"icfm","ICFM","test",-0.0120630023632774,0.0524991951415174,"Below 0"
1123,"Generated",-2.67506197883713,-3.70870939421021,-1.88260644052111,"icfm","ICFM","test",-0.393076914553571,0.251170151160339,"Below 0"
1124,"Generated",-3.00031808656646,-4.26346266407939,-2.13099001819561,"icfm","ICFM","test",0.740286475524661,-0.351058830708019,"Below 0"
1125,"Generated",-2.31221677136495,-2.95336627147926,-1.65200168480902,"icfm","ICFM","test",0.80017089451316,0.578551623855037,"Below 0"
1126,"Generated",-5.09844569635663,-6.04315242312404,-4.17488160797238,"icfm","ICFM","test",-0.416623247517243,0.222223479492573,"Below 0"
1127,"Generated",-3.12771263381506,-4.51829215253871,-2.0379345643551,"icfm","ICFM","test",-0.174509157471022,-0.323366924447835,"Below 0"
1128,"Generated",-5.77166270591826,-6.721441127643,-4.94684440975295,"icfm","ICFM","test",0.1559411476884,0.250771247695005,"Below 0"
1129,"Generated",-4.50218770853826,-6.18906959830057,-3.41716811663841,"icfm","ICFM","test",-0.256164995096698,-0.0459009816755704,"Below 0"
1130,"Generated",-2.39586075696176,-4.12380129545461,-1.27719374037329,"icfm","ICFM","test",0.00731127434396659,0.26632896597657,"Below 0"
1131,"Generated",-3.55674010045044,-4.6744161474945,-2.72374938364948,"icfm","ICFM","test",0.759126179127929,0.266753547626939,"Below 0"
1132,"Generated",-2.08807516241528,-3.55397166137935,-1.12556954982794,"icfm","ICFM","test",-0.0686332078674164,-0.335591109231489,"Below 0"
1133,"Generated",-0.864565909262674,-2.19505406157897,-0.0299224202085944,"icfm","ICFM","test",-0.0881263943992769,-0.723087697991189,"Below 0"
1134,"Generated",-5.48672930759718,-7.00759912847648,-4.35905938111257,"icfm","ICFM","test",-0.362892419777953,0.164518297313485,"Below 0"
1135,"Generated",-1.51777228942357,-2.58649991766258,-0.689220732172344,"icfm","ICFM","test",0.218682324137894,0.0340205035204662,"Below 0"
1136,"Generated",1.75729278891666,0.692372164892301,2.64596003893064,"icfm","ICFM","test",-0.230689701620342,-0.152126484018519,"Above 0"
1137,"Generated",-4.47176949500697,-6.20757490575106,-3.3469785252516,"icfm","ICFM","test",-0.510297673395454,0.545948364766327,"Below 0"
1138,"Generated",-1.87697797971233,-3.2864405470629,-0.805357517131824,"icfm","ICFM","test",0.298609928261866,-0.230037751156991,"Below 0"
1139,"Generated",-4.66523049507683,-6.33822426519442,-3.53419144677512,"icfm","ICFM","test",0.00329534519729398,-0.470492324030196,"Below 0"
1140,"Generated",-3.43343418324102,-4.78170816053784,-2.49632809192035,"icfm","ICFM","test",0.364942179205639,0.462238134387397,"Below 0"
1141,"Generated",-3.81617984548383,-5.09600417006512,-2.82081617433415,"icfm","ICFM","test",0.0783182405669853,0.235132019200846,"Below 0"
1142,"Generated",-3.5061003359969,-4.28155249289153,-2.80214092587953,"icfm","ICFM","test",-0.33235552269449,-0.290864541128811,"Below 0"
1143,"Generated",-3.36823335057988,-4.65004124239736,-2.32451599926489,"icfm","ICFM","test",-0.408940632859802,0.443393348403067,"Below 0"
1144,"Generated",-3.97918391960338,-5.28495064829749,-2.90457436909456,"icfm","ICFM","test",0.454325786166947,-0.198097902979767,"Below 0"
1145,"Generated",-4.47691936382521,-5.82678467212323,-3.51524020248362,"icfm","ICFM","test",0.119284049982561,0.269325025355663,"Below 0"
1146,"Generated",-5.37124963789671,-6.80535785558475,-4.3200802678221,"icfm","ICFM","test",0.142983324440925,-0.608217350321157,"Below 0"
1147,"Generated",-5.47612421512883,-6.79830850414057,-4.28959607974687,"icfm","ICFM","test",-0.528601045147721,0.37874434781665,"Below 0"
1148,"Generated",-3.32534146686832,-4.58348314920993,-2.36291620617593,"icfm","ICFM","test",-0.343456260055654,0.303491782266896,"Below 0"
1149,"Generated",-3.58731513472049,-5.28349724165679,-2.31730197257401,"icfm","ICFM","test",-0.268523942250729,-0.233337284040375,"Below 0"
1150,"Generated",-5.92708037821098,-7.47778101901282,-4.78354336390241,"icfm","ICFM","test",-0.384369370395606,0.270942556263303,"Below 0"
1151,"Generated",-3.80867095286221,-5.61247850149208,-2.76837004542337,"icfm","ICFM","test",-0.360751245309749,0.434988682066549,"Below 0"
1152,"Generated",-3.3534058918338,-4.7480899568929,-2.2773796623539,"icfm","ICFM","test",-0.360056681912324,0.196671631738713,"Below 0"
1153,"Generated",-4.15522328000244,-5.83128365876838,-3.15647299351544,"icfm","ICFM","test",0.724788005009672,0.663290624773756,"Below 0"
1154,"Generated",-4.94688085148796,-6.49252899443272,-3.97648019802781,"icfm","ICFM","test",0.218442724502342,0.161341030554686,"Below 0"
1155,"Generated",-0.230859408448897,-1.68583387242061,0.609231370192171,"icfm","ICFM","test",-0.356947709798935,0.170859364294627,"Covers 0"
1156,"Generated",-3.88422010750644,-5.23945634720505,-2.95810282761972,"icfm","ICFM","test",-0.404942103921213,0.307299980692371,"Below 0"
1157,"Generated",-5.03637222689054,-6.36670061676891,-3.85900441902944,"icfm","ICFM","test",-0.117977409216969,0.298846814595685,"Below 0"
1158,"Generated",-5.64967859853504,-7.11914694658615,-4.61143747570205,"icfm","ICFM","test",-0.544750743522221,-0.161885216696082,"Below 0"
1159,"Generated",-2.46022470441248,-3.2765914182065,-1.61728674757705,"icfm","ICFM","test",0.611857859771592,-0.482539879470685,"Below 0"
1160,"Generated",-4.44247923200986,-6.08097659578252,-3.36810162156035,"icfm","ICFM","test",-0.163254662829344,-0.157177627551009,"Below 0"
1161,"Generated",-3.80990554779223,-5.16798465080548,-2.82265446230218,"icfm","ICFM","test",0.428462719842234,-0.689254400601099,"Below 0"
1162,"Generated",-5.61462477029302,-6.98291417372006,-4.71110523373002,"icfm","ICFM","test",-0.344033028353528,-0.0898377935062696,"Below 0"
1163,"Generated",-2.02676728647257,-3.61939152478203,-0.919882495264132,"icfm","ICFM","test",-0.565425201678849,0.36231931310518,"Below 0"
1164,"Generated",-3.97896830134704,-5.49067535422917,-3.01894035244347,"icfm","ICFM","test",-0.505022596366644,0.267544316795581,"Below 0"
1165,"Generated",-4.05961000567959,-5.34888399550408,-3.13275928167503,"icfm","ICFM","test",-0.216507647914636,0.285855861647508,"Below 0"
1166,"Generated",-4.42619043600528,-5.86741696452138,-3.55491086737285,"icfm","ICFM","test",0.926665522172597,0.0933409948917284,"Below 0"
1167,"Generated",-5.23079550761484,-6.69247460660515,-4.04933680256988,"icfm","ICFM","test",0.708126891449734,0.504421829444152,"Below 0"
1168,"Generated",-0.228673378575486,-1.59444368521855,0.468410401541592,"icfm","ICFM","test",-0.198079836772669,-0.939819740441047,"Covers 0"
1169,"Generated",-4.18495674651722,-5.20671610466294,-3.42159752318631,"icfm","ICFM","test",-0.361636943671159,0.269932370080129,"Below 0"
1170,"Generated",-3.3084509573303,-4.58162520107275,-2.08061121126678,"icfm","ICFM","test",-0.176162651363093,-0.120687389447907,"Below 0"
1171,"Generated",-2.1590607624666,-3.30203692368641,-1.26962637908937,"icfm","ICFM","test",-0.364122212161726,0.258325782191634,"Below 0"
1172,"Generated",-3.80256594503533,-5.33726755089318,-2.75745470875522,"icfm","ICFM","test",-0.37237125527938,-0.0942801598265197,"Below 0"
1173,"Generated",-2.23827243679312,-3.69010219918097,-1.38621433559594,"icfm","ICFM","test",-0.272899457492671,0.152285984023268,"Below 0"
1174,"Generated",-6.03631325383321,-7.6078707959061,-4.89544336393945,"icfm","ICFM","test",0.15899610246218,-0.155235336704687,"Below 0"
1175,"Generated",-2.78717102976105,-4.56001459520413,-1.70365947269438,"icfm","ICFM","test",-0.333941806176939,-0.78933115276756,"Below 0"
1176,"Generated",-5.26303546764315,-6.69462100052876,-4.14736596251197,"icfm","ICFM","test",-0.387109648681838,0.174054657522714,"Below 0"
1177,"Generated",-3.52353729449222,-5.17926360969208,-2.4646136988873,"icfm","ICFM","test",-0.126945901473698,-0.378082142065187,"Below 0"
1178,"Generated",-3.3096423144437,-4.78801347093144,-2.28037776446836,"icfm","ICFM","test",-0.327789898981501,0.171983942511813,"Below 0"
1179,"Generated",-5.46088124556635,-6.85799834375714,-4.44726563397679,"icfm","ICFM","test",-0.499654870694588,-0.0738105740949332,"Below 0"
1180,"Generated",-5.1900132089404,-6.53618308290248,-4.14459724386237,"icfm","ICFM","test",0.850702845042128,0.328857114886461,"Below 0"
1181,"Generated",-4.15396085268922,-5.25814237632507,-3.38872484356346,"icfm","ICFM","test",-0.479033955180944,-0.257949783022721,"Below 0"
1182,"Generated",-2.2322028231912,-3.90584044980467,-0.976725736096349,"icfm","ICFM","test",-0.360538940647784,0.142175841910125,"Below 0"
1183,"Generated",-4.3167021676933,-5.48891441140755,-3.43383756771038,"icfm","ICFM","test",-0.51094117856537,0.644314104121879,"Below 0"
1184,"Generated",-3.17322418980161,-4.52352803276005,-2.32306754472036,"icfm","ICFM","test",-0.476536831604908,0.243440731265581,"Below 0"
1185,"Generated",-3.95235785385657,-5.48804867280677,-2.80735356649301,"icfm","ICFM","test",-0.349200001756635,0.192792634495178,"Below 0"
1186,"Generated",-5.22169617053502,-6.59991538424185,-4.21116197633343,"icfm","ICFM","test",0.388188906235851,-0.241348902927345,"Below 0"
1187,"Generated",-5.5700495209025,-6.76240013203985,-4.6821872477883,"icfm","ICFM","test",0.892033406362925,0.425971115462292,"Below 0"
1188,"Generated",-4.54848280187326,-5.88522608695881,-3.54126569340589,"icfm","ICFM","test",-0.171817091792477,-0.706754704381674,"Below 0"
1189,"Generated",-2.87648990056527,-4.50689080293925,-1.97177621725291,"icfm","ICFM","test",-0.370371272876507,-0.00216924827251906,"Below 0"
1190,"Generated",-4.50910707172012,-5.96898416061657,-3.46820497258185,"icfm","ICFM","test",-0.567453779377858,0.403824957841938,"Below 0"
1191,"Generated",-3.00309152519635,-4.53576243687081,-2.06294037765446,"icfm","ICFM","test",0.830312129694116,0.089751540471501,"Below 0"
1192,"Generated",-6.17301218667723,-7.60934532028167,-5.12429882328407,"icfm","ICFM","test",0.84344510842426,0.382097374832005,"Below 0"
1193,"Generated",-2.31523975328271,-3.2212203701259,-1.58228311921059,"icfm","ICFM","test",-0.360606689023728,0.00217748122136658,"Below 0"
1194,"Generated",-2.73100586924115,-4.53249456516151,-1.62530292733866,"icfm","ICFM","test",-0.399976048195037,0.0354211459155619,"Below 0"
1195,"Generated",-6.48317167813378,-8.01712080996158,-5.44348117183765,"icfm","ICFM","test",0.890739367092928,0.362256241180595,"Below 0"
1196,"Generated",-4.65133188460931,-6.15535199675063,-3.52264398413883,"icfm","ICFM","test",-0.389289357470895,-0.498155374515954,"Below 0"
1197,"Generated",-3.38328065494814,-5.22018084354896,-2.1159925383925,"icfm","ICFM","test",-0.372997361628127,0.216756605038205,"Below 0"
1198,"Generated",-5.65988702174681,-7.40947738754626,-4.47556299475186,"icfm","ICFM","test",-0.0930621321187048,0.117102167595617,"Below 0"
1199,"Generated",-1.58147339999465,-2.79974026021849,-0.612267277603335,"icfm","ICFM","test",0.243261119950113,-0.124447250488002,"Below 0"
1200,"Generated",-3.21127209389214,-4.51031986674311,-2.30690383880379,"icfm","ICFM","test",-0.378441146297821,-0.1023193829738,"Below 0"
1201,"Generated",-5.94361033118929,-7.48984249963164,-4.83257033579338,"icfm","ICFM","test",-0.0253797468946617,-0.41004554022461,"Below 0"
1202,"Generated",-3.87785747283787,-5.50153518005642,-2.90630401322205,"icfm","ICFM","test",-0.14000224693413,-0.693536665366179,"Below 0"
1203,"Generated",-3.55717589561269,-4.98830766260316,-2.46210881130062,"icfm","ICFM","test",0.451379373881293,-0.204169081391511,"Below 0"
1204,"Generated",-3.53980595119624,-5.22983025960067,-2.53987602786894,"icfm","ICFM","test",-0.268108803057709,0.186004539769778,"Below 0"
1205,"Generated",-0.700966287050149,-2.01757178998338,0.00369732948330525,"icfm","ICFM","test",0.512027652068766,-0.271739145926314,"Covers 0"
1206,"Generated",-6.09797590042797,-7.76036936899227,-5.02221490757414,"icfm","ICFM","test",-0.0378467030291491,-0.022817291884806,"Below 0"
1207,"Generated",-4.71284295977007,-6.56562760313115,-3.51021133070506,"icfm","ICFM","test",-0.415480357296114,0.31785338356093,"Below 0"
1208,"Generated",-3.78308124093524,-5.35210718904118,-2.89591042677747,"icfm","ICFM","test",-0.57669371436891,0.580589000596204,"Below 0"
1209,"Generated",-3.26636328068502,-4.5872551733358,-2.26815514173459,"icfm","ICFM","test",-0.474789637545471,-0.0492626208871378,"Below 0"
1210,"Generated",-4.40483274134584,-5.99799314222359,-3.27994100637877,"icfm","ICFM","test",0.458569480299516,-0.538034194392112,"Below 0"
1211,"Generated",-1.52664929059934,-3.02169049390309,-0.546892404022212,"icfm","ICFM","test",0.0914676659604713,0.447810388903258,"Below 0"
1212,"Generated",-2.08419804469112,-3.20614819698029,-1.33250516397204,"icfm","ICFM","test",-0.0927406375214503,-0.510782866864106,"Below 0"
1213,"Generated",-2.15486910086372,-3.60371985668379,-1.26848500144931,"icfm","ICFM","test",0.505324868973091,0.0231796460880054,"Below 0"
1214,"Generated",-1.59905410172694,-2.51034620426234,-0.77623419160523,"icfm","ICFM","test",-0.443796003991841,0.58293370312745,"Below 0"
1215,"Generated",-5.65086519865745,-6.63887214282004,-4.72494348536945,"icfm","ICFM","test",0.921308054416372,0.334503412801089,"Below 0"
1216,"Generated",-2.94075260446453,-4.2909108635009,-2.04651992061638,"icfm","ICFM","test",-0.0628188499784453,-0.552377339810398,"Below 0"
1217,"Generated",-1.48724450442324,-2.73879454901193,-0.705455660047261,"icfm","ICFM","test",0.920517203078776,-0.139179858591656,"Below 0"
1218,"Generated",-4.24717719196689,-5.50751897397267,-3.42220141144082,"icfm","ICFM","test",-0.264732933836417,0.109577003911256,"Below 0"
1219,"Generated",-3.27699193063674,-4.88968564504711,-2.28022086267367,"icfm","ICFM","test",0.262138176965385,-0.603153863561015,"Below 0"
1220,"Generated",-1.1796508802967,-2.18659652014082,-0.483345428475794,"icfm","ICFM","test",0.647722486487852,-0.47270561935402,"Below 0"
1221,"Generated",-3.74656539054298,-5.6404219238229,-2.63453196467823,"icfm","ICFM","test",-0.272928630591672,-0.0806065369619953,"Below 0"
1222,"Generated",-2.67875769871931,-3.60689880634152,-1.96703646933466,"icfm","ICFM","test",0.513231452819445,-0.0523978575510133,"Below 0"
1223,"Generated",-3.32780686949175,-4.71767353823868,-2.54440628127139,"icfm","ICFM","test",0.593973292105997,0.165070398961524,"Below 0"
1224,"Generated",-2.20214112418574,-2.82602499227263,-1.52795989789458,"icfm","ICFM","test",0.0600147243918385,0.271820872747812,"Below 0"
1225,"Generated",-4.35110193676349,-5.53787649944025,-3.48953326681189,"icfm","ICFM","test",0.75418402304503,0.601401425337035,"Below 0"
1226,"Generated",-1.75507590065269,-3.29405487531258,-0.774500417057532,"icfm","ICFM","test",-0.484513229326184,0.582137797019051,"Below 0"
1227,"Generated",-5.0618363710372,-6.27009272206426,-4.14639754377282,"icfm","ICFM","test",-0.484209476456845,-0.133174406563875,"Below 0"
1228,"Generated",0.105480660617331,-0.557287142825555,0.63286201830712,"icfm","ICFM","test",0.820342088893795,0.293499540365874,"Covers 0"
1229,"Generated",-3.56389621347084,-5.19400078685241,-2.43216912461955,"icfm","ICFM","test",0.50948288896879,0.34826972735424,"Below 0"
1230,"Generated",-3.31100590764149,-4.62075177807432,-2.40280602442576,"icfm","ICFM","test",0.712123225604158,0.478495127881159,"Below 0"
1231,"Generated",-6.04660748551061,-7.31543630977767,-5.04257630302892,"icfm","ICFM","test",-0.505453469952292,-0.0738120141782367,"Below 0"
1232,"Generated",-1.32405979640262,-2.02415454689574,-0.734210105064813,"icfm","ICFM","test",0.0895667837521247,0.180955176629876,"Below 0"
1233,"Generated",-2.53886557272902,-3.62833829274956,-1.57753854289344,"icfm","ICFM","test",0.56986249720014,0.326989256729548,"Below 0"
1234,"Generated",-1.98493663388465,-3.25129845559498,-1.18340166891554,"icfm","ICFM","test",-0.201197154612019,0.267655780320679,"Below 0"
1235,"Generated",-2.34595630157707,-4.13188624206818,-1.08917666926262,"icfm","ICFM","test",-0.342854886811859,-0.017145626246173,"Below 0"
1236,"Generated",-1.91137723183259,-3.33966213050858,-1.03798130212966,"icfm","ICFM","test",-0.0772144903614792,-0.0885647225063778,"Below 0"
1237,"Generated",-3.28141497118356,-4.84455575849558,-2.2213576440964,"icfm","ICFM","test",-0.272753245832647,0.0685926867852492,"Below 0"
1238,"Generated",-6.45547053398542,-7.89143867770477,-5.43716743862803,"icfm","ICFM","test",0.358479578064521,0.258754738017456,"Below 0"
1239,"Generated",-5.35805437006666,-6.98708985136696,-4.36573205988725,"icfm","ICFM","test",-0.337929326043269,0.183402048420231,"Below 0"
1240,"Generated",-0.938385999815797,-2.06909158818337,-0.0615541636690039,"icfm","ICFM","test",0.437260407880351,-0.268009657717332,"Below 0"
1241,"Generated",-3.00714144312041,-4.08077363001009,-2.10343932569556,"icfm","ICFM","test",-0.142160262771937,-0.326004735370439,"Below 0"
1242,"Generated",-4.42528395219768,-5.79509370286716,-3.46578901326168,"icfm","ICFM","test",-0.450543284959389,-0.00587082380152588,"Below 0"
1243,"Generated",-3.09564837731837,-4.17585003011366,-2.25275295141961,"icfm","ICFM","test",0.432051382831026,-0.504787827847097,"Below 0"
1244,"Generated",-0.662060384666141,-2.00740792336745,0.195934245788285,"icfm","ICFM","test",0.75205650371367,0.345337238357571,"Covers 0"
1245,"Generated",-4.33895084456553,-5.90526503812427,-3.02116610674862,"icfm","ICFM","test",-0.479557601856589,0.425789250096472,"Below 0"
1246,"Generated",-4.00890709109044,-5.54280915585622,-2.79098267009462,"icfm","ICFM","test",-0.409380063894792,0.0828087170710486,"Below 0"
1247,"Generated",-3.23053010710925,-4.61838128933588,-2.28336808916038,"icfm","ICFM","test",0.921655558906668,-0.0962277826157477,"Below 0"
1248,"Generated",-5.28575602453202,-6.94957642455401,-4.27230989704166,"icfm","ICFM","test",0.857633535959662,0.389110284246303,"Below 0"
1249,"Generated",-0.66518084364555,-2.23947028575281,0.424473227933099,"icfm","ICFM","test",0.487034268244392,-0.566141306987962,"Covers 0"
1250,"Generated",-2.9130515844902,-4.64212043582774,-1.88591804091749,"icfm","ICFM","test",0.042427459971167,0.0509271516499027,"Below 0"
1251,"Generated",-4.77186676713895,-6.03086821596306,-3.71268338783154,"icfm","ICFM","test",0.235513989721176,0.463328530047369,"Below 0"
1252,"Generated",-6.37086124369644,-7.76145315195584,-5.31976824136296,"icfm","ICFM","test",-0.464511605520728,-0.165505756809226,"Below 0"
1253,"Generated",-3.05135352708826,-4.45484037771442,-2.16198452443078,"icfm","ICFM","test",0.76548748943809,0.435990655722943,"Below 0"
1254,"Generated",-1.48373425609197,-2.40109114203121,-0.77519548757029,"icfm","ICFM","test",-0.375787987790523,-0.0898842679255551,"Below 0"
1255,"Generated",-1.59802367271389,-3.07296899631827,-0.619621041202,"icfm","ICFM","test",-0.0620102889796114,-0.0111453984767989,"Below 0"
1256,"Generated",-4.52454215136258,-6.26364902699774,-3.33979296445958,"icfm","ICFM","test",-0.125656172220869,-0.033585459805204,"Below 0"
1257,"Generated",-2.63259380662794,-3.91449556503775,-1.80112791662046,"icfm","ICFM","test",-0.460604924347382,0.177761930279305,"Below 0"
1258,"Generated",-1.81004112720847,-3.67262399668728,-0.587667538079297,"icfm","ICFM","test",0.224625150904394,-0.572636392929117,"Below 0"
1259,"Generated",-4.86787824375438,-6.28668173141957,-3.87708611645573,"icfm","ICFM","test",-0.357045294011762,0.0492758946428885,"Below 0"
1260,"Generated",-4.79706694865661,-6.27355854506337,-3.77965738921544,"icfm","ICFM","test",-0.333870174012192,0.183874754362111,"Below 0"
1261,"Generated",-5.70973856306805,-7.19466774342635,-4.66308245741385,"icfm","ICFM","test",-0.43863324556151,-0.0131690573168176,"Below 0"
1262,"Generated",-3.19870762219459,-4.88250374032477,-1.7448646882659,"icfm","ICFM","test",0.353001953667836,-0.520238153984355,"Below 0"
1263,"Generated",-4.72990613121147,-6.14973810813115,-3.63030098071249,"icfm","ICFM","test",-0.186251693850399,-0.0919515027048214,"Below 0"
1264,"Generated",-2.11117866903265,-3.43535961643243,-1.14052298290228,"icfm","ICFM","test",0.381328034447375,-0.0585359817283131,"Below 0"
1265,"Generated",-3.26388104964008,-4.65478770144428,-2.25317692469505,"icfm","ICFM","test",-0.362404469666579,-0.351192509762626,"Below 0"
1266,"Generated",-5.27862149036356,-6.60202895595957,-4.31980116430474,"icfm","ICFM","test",0.549455434149912,0.486844247954981,"Below 0"
1267,"Generated",-5.46569305170425,-7.3088809509256,-4.24546007650365,"icfm","ICFM","test",-0.494294220690795,0.181877791225503,"Below 0"
1268,"Generated",-2.92813700063912,-4.54069165177191,-1.841127958364,"icfm","ICFM","test",-0.383465676431029,0.283915812495158,"Below 0"
1269,"Generated",-2.63037193518946,-3.84727797083666,-1.83918974851865,"icfm","ICFM","test",-0.380504781452613,0.477635111147994,"Below 0"
1270,"Generated",-2.32036541423051,-3.06773775866779,-1.61739439900858,"icfm","ICFM","test",-0.369399061106511,-0.403948349823835,"Below 0"
1271,"Generated",-3.88049920968768,-4.93253714046309,-3.00184416110486,"icfm","ICFM","test",0.55398843277472,0.287075041829115,"Below 0"
1272,"Generated",-4.03780876226671,-5.34542982733905,-3.11680207167719,"icfm","ICFM","test",-0.461872689622665,-0.00946592869545238,"Below 0"
1273,"Generated",-4.56942816191129,-5.69013979334958,-3.70425482533835,"icfm","ICFM","test",0.703906181683633,-0.356889741132151,"Below 0"
1274,"Generated",-2.97828310328734,-3.77148597391286,-2.27523329933207,"icfm","ICFM","test",-0.352578940944432,-0.157476941688835,"Below 0"
1275,"Generated",-3.68818905535324,-5.10142160834696,-2.59944036811306,"icfm","ICFM","test",-0.215866794586803,0.269548096351946,"Below 0"
1276,"Generated",-1.60957793138471,-2.97561936792782,-0.752661454119352,"icfm","ICFM","test",-0.108732229730966,-0.571931267526708,"Below 0"
1277,"Generated",-4.00582451042915,-5.40428127823372,-2.91293972582573,"icfm","ICFM","test",-0.383811639253458,0.229765859121915,"Below 0"
1278,"Generated",-5.17333083640188,-6.87248572678203,-3.85947742083316,"icfm","ICFM","test",-0.349656072565214,0.199075434095734,"Below 0"
1279,"Generated",-2.93861167276136,-4.22323997545514,-1.84757223737436,"icfm","ICFM","test",0.786808532346454,0.494240295094161,"Below 0"
1280,"Generated",-5.62184808341359,-7.00757033358798,-4.59669838643102,"icfm","ICFM","test",-0.353144213822615,0.465261012412638,"Below 0"
1281,"Generated",-1.89721871635525,-3.35920437495608,-1.0352104482492,"icfm","ICFM","test",-0.338871409603203,-0.662043437364249,"Below 0"
1282,"Generated",-5.4461838938561,-6.85716862845311,-4.44571700076913,"icfm","ICFM","test",-0.320175252732261,0.186390604407927,"Below 0"
1283,"Generated",-1.93717510090467,-3.27736193748464,-0.856790333049465,"icfm","ICFM","test",-0.239987806214793,-0.49074121355562,"Below 0"
1284,"Generated",-1.3215393540609,-2.4309402939438,-0.56554497420475,"icfm","ICFM","test",-0.187018070168653,-0.122241087608001,"Below 0"
1285,"Generated",-3.99925261684246,-5.29424676472796,-2.90568564610963,"icfm","ICFM","test",-0.479190036385948,0.446738008487986,"Below 0"
1286,"Generated",-2.7056813518264,-3.64623089760198,-1.87644754178956,"icfm","ICFM","test",0.221434717802273,0.384186290464936,"Below 0"
1287,"Generated",-5.17525851238891,-6.72940518572882,-4.17991899222609,"icfm","ICFM","test",-0.307341888840142,-0.0970553584987424,"Below 0"
1288,"Generated",-3.46014816708556,-4.93968014679831,-2.35338231979614,"icfm","ICFM","test",0.0119473674220927,-0.712580902709052,"Below 0"
1289,"Generated",-3.80169145419219,-5.09888255342651,-2.8800394873954,"icfm","ICFM","test",-0.0264525297139624,-0.0170100459964722,"Below 0"
1290,"Generated",-5.49869005010407,-6.89542267030792,-4.36242567888849,"icfm","ICFM","test",-0.0849003556689146,0.60752828869253,"Below 0"
1291,"Generated",-2.04921665654809,-3.17188885303177,-1.16530020610465,"icfm","ICFM","test",-0.320104734225993,0.0524886670907614,"Below 0"
1292,"Generated",-3.80810388280658,-5.58757375815149,-2.49241623235686,"icfm","ICFM","test",-0.143958048074712,-0.718390151575426,"Below 0"
1,"Real",-0.050993514411229,-0.376447173406457,0.275174969947419,"mbgan","MB-GAN","test",0.740809455656835,-0.08232891041385,"Covers 0"
2,"Real",0.00471029198742934,-0.331705084492579,0.356979101664648,"mbgan","MB-GAN","test",-0.568370639148842,-1.19433517410118,"Covers 0"
3,"Real",0.0095387104294941,-0.327600961669406,0.371303239579363,"mbgan","MB-GAN","test",-0.346888393365562,0.550729754523781,"Covers 0"
4,"Real",0.0695697069197126,-0.320854370173441,0.477089130511751,"mbgan","MB-GAN","test",0.347196332420033,0.0609343079418226,"Covers 0"
5,"Real",-0.0121193333494464,-0.381701340597653,0.343556396355615,"mbgan","MB-GAN","test",-0.164655887366528,0.170475410008313,"Covers 0"
6,"Real",-0.0563063384379314,-0.385166054831319,0.273669989357945,"mbgan","MB-GAN","test",0.670798193087663,-0.4632962054448,"Covers 0"
7,"Real",0.0554684295791562,-0.359570274020957,0.494299029605111,"mbgan","MB-GAN","test",-0.275399690771093,0.191398604296032,"Covers 0"
8,"Real",0.052481929889654,-0.298503932615416,0.436958313891396,"mbgan","MB-GAN","test",0.0609719226569932,0.204341417653134,"Covers 0"
9,"Real",0.070193041577791,-0.255040422125689,0.405829254504533,"mbgan","MB-GAN","test",-0.161191893964325,0.376953890698556,"Covers 0"
10,"Real",0.0212644380390717,-0.408746036373864,0.478839010494157,"mbgan","MB-GAN","test",-0.360030012166116,0.211153054308636,"Covers 0"
11,"Real",-0.0149088350299778,-0.357838963039346,0.302819661057017,"mbgan","MB-GAN","test",-0.399275240509388,0.532273527204868,"Covers 0"
12,"Real",0.0545659700802085,-0.297542580209807,0.433021182112777,"mbgan","MB-GAN","test",0.179357590713282,0.120582142197833,"Covers 0"
13,"Real",-0.00178588854313198,-0.325616020538696,0.30228577812665,"mbgan","MB-GAN","test",-0.665999079978666,-1.11378031318493,"Covers 0"
14,"Real",0.0191511153035686,-0.291610632177124,0.363061833795434,"mbgan","MB-GAN","test",0.174456901258614,-0.641277810288847,"Covers 0"
15,"Real",0.00877212517698972,-0.361078999760238,0.379796816394841,"mbgan","MB-GAN","test",0.344212492994832,0.126448266829055,"Covers 0"
16,"Real",0.0751056668593953,-0.272134004016129,0.475188096050239,"mbgan","MB-GAN","test",-0.310863966623593,0.305925393047577,"Covers 0"
17,"Real",0.0154872307851747,-0.356667766052795,0.346154464633453,"mbgan","MB-GAN","test",-0.304673735408401,0.214297048936009,"Covers 0"
18,"Real",0.0400941142870318,-0.289840844607799,0.40830915185511,"mbgan","MB-GAN","test",-0.22171519816782,0.264946715434197,"Covers 0"
19,"Real",0.0983856520657466,-0.249298888330824,0.480670500732243,"mbgan","MB-GAN","test",-0.293598910444432,0.164845875212846,"Covers 0"
20,"Real",0.0410815663896867,-0.3688293372411,0.494718985660476,"mbgan","MB-GAN","test",-0.670973201317279,0.290189377723245,"Covers 0"
21,"Real",0.0222653803538338,-0.345519095068167,0.36581725375247,"mbgan","MB-GAN","test",-0.0146989848235131,0.358048080212353,"Covers 0"
22,"Real",0.0238735314752464,-0.289987554204812,0.38180109061769,"mbgan","MB-GAN","test",0.53938436791583,-0.0238094139290308,"Covers 0"
23,"Real",-0.0298363710590238,-0.345015243281341,0.290720733645511,"mbgan","MB-GAN","test",0.44463116538965,-0.0403174244395498,"Covers 0"
24,"Real",0.029550288941237,-0.360397493459012,0.499741512143746,"mbgan","MB-GAN","test",-0.442395228379996,-0.0301534139310065,"Covers 0"
25,"Real",-0.0546986019049649,-0.360814532842731,0.261592804686243,"mbgan","MB-GAN","test",0.769546164176555,-0.242983571190382,"Covers 0"
26,"Real",5.80855676295622e-05,-0.370840277586865,0.403780218668976,"mbgan","MB-GAN","test",0.410410263388778,0.0599299639664436,"Covers 0"
27,"Real",0.071113526108015,-0.260216057863693,0.446805777514748,"mbgan","MB-GAN","test",-0.10650026071056,0.0928114014895109,"Covers 0"
28,"Real",0.0496205966098535,-0.27354910077697,0.411049169031031,"mbgan","MB-GAN","test",-0.306643661119962,0.332595563504053,"Covers 0"
29,"Real",0.0862033064710152,-0.317674790496031,0.524818282874357,"mbgan","MB-GAN","test",-0.266080316793415,0.221773133254117,"Covers 0"
30,"Real",0.0236291189776511,-0.338472456652103,0.41057102108427,"mbgan","MB-GAN","test",-0.262078608630016,0.270075543518273,"Covers 0"
31,"Real",0.0619615532847258,-0.243235321451139,0.360925562591015,"mbgan","MB-GAN","test",0.214363479064905,0.128371843287612,"Covers 0"
32,"Real",-0.0148853184233685,-0.311239558053331,0.305699351810833,"mbgan","MB-GAN","test",0.578336615767369,-0.124183601961936,"Covers 0"
33,"Real",-0.00424244945153663,-0.31742569870135,0.347791570165453,"mbgan","MB-GAN","test",0.0447312608523775,0.124719717143685,"Covers 0"
34,"Real",0.0367879407066015,-0.276336951848666,0.403828323715665,"mbgan","MB-GAN","test",-0.322639568376452,0.466910780556755,"Covers 0"
35,"Real",0.0146971948073765,-0.304686067182616,0.344804287462721,"mbgan","MB-GAN","test",-0.285238164149563,0.0787586970821855,"Covers 0"
36,"Real",0.018654358402113,-0.292917577311446,0.35667662620984,"mbgan","MB-GAN","test",0.260507012679165,0.121775312626736,"Covers 0"
37,"Real",0.013571037340592,-0.263816830176044,0.339758289858182,"mbgan","MB-GAN","test",0.105423336641087,-0.451813146531843,"Covers 0"
38,"Real",0.0485560154754782,-0.376752663893135,0.506685465652454,"mbgan","MB-GAN","test",-0.364659938905749,0.390038533549476,"Covers 0"
39,"Real",0.00363868791545432,-0.347778459532748,0.367732273952899,"mbgan","MB-GAN","test",0.189177567689855,0.0874958236623298,"Covers 0"
40,"Real",-0.00446429088521335,-0.363699910902787,0.378543497534724,"mbgan","MB-GAN","test",-0.561446500000714,-0.846856249440314,"Covers 0"
41,"Real",0.0142769253488616,-0.329201519305763,0.41558358558654,"mbgan","MB-GAN","test",-0.0604486602267763,0.070533152058205,"Covers 0"
42,"Real",0.035451313855313,-0.295576653491908,0.437127163820537,"mbgan","MB-GAN","test",-0.192805614028981,0.428546494948911,"Covers 0"
43,"Real",-0.0308979788310407,-0.440293069920908,0.375601976614861,"mbgan","MB-GAN","test",-0.400484549011429,-0.126116933690218,"Covers 0"
44,"Real",0.0136473158408995,-0.308214535226234,0.340391036523537,"mbgan","MB-GAN","test",0.173058036237072,0.207527834529334,"Covers 0"
45,"Real",-0.0650318031777506,-0.391801064465696,0.243334482611429,"mbgan","MB-GAN","test",0.437789967535809,-0.0296616421261209,"Covers 0"
46,"Real",0.010543456339201,-0.336593533959598,0.427890164144306,"mbgan","MB-GAN","test",-0.123001101734701,0.197997163533604,"Covers 0"
47,"Real",-0.0164726053350774,-0.384486084352416,0.352898169255674,"mbgan","MB-GAN","test",-0.192121917250754,-0.0247466223393084,"Covers 0"
48,"Real",0.0212437537428069,-0.335421914437812,0.388840147100224,"mbgan","MB-GAN","test",-0.345446198466417,0.459472022557324,"Covers 0"
49,"Real",0.0170832139855916,-0.314130038341144,0.353892720776127,"mbgan","MB-GAN","test",-0.650410726271292,-1.15597309027713,"Covers 0"
50,"Real",0.0151617303046735,-0.326264421109651,0.400302184861609,"mbgan","MB-GAN","test",-0.0695304753231559,0.116258349374677,"Covers 0"
51,"Real",0.05207207136807,-0.3145868631412,0.430402065606139,"mbgan","MB-GAN","test",-0.607689706719343,0.150823659204223,"Covers 0"
52,"Real",0.0140996657215693,-0.394068467330548,0.471927708771416,"mbgan","MB-GAN","test",0.253720461530825,0.0354451754727361,"Covers 0"
53,"Real",0.0278707496982433,-0.309192913669957,0.394914246699499,"mbgan","MB-GAN","test",-0.626012276531545,-1.06105304357166,"Covers 0"
54,"Real",-0.00399392422437348,-0.338514345346791,0.349169355407395,"mbgan","MB-GAN","test",0.363393976541748,-0.0903899127030853,"Covers 0"
55,"Real",0.0560204640106399,-0.332756805396895,0.45446269937472,"mbgan","MB-GAN","test",-0.534148612808772,0.15094667242691,"Covers 0"
56,"Real",0.0229701798693209,-0.324957005366978,0.353360391546881,"mbgan","MB-GAN","test",0.472845336426676,0.0652874315959427,"Covers 0"
57,"Real",0.0355349320482273,-0.296779430275828,0.406304936897089,"mbgan","MB-GAN","test",-0.511334671652281,0.14985055219367,"Covers 0"
58,"Real",0.0543493268940201,-0.317715527019142,0.444980529741084,"mbgan","MB-GAN","test",0.040028925846268,0.00575953207790412,"Covers 0"
59,"Real",0.0256389936350297,-0.334318802697351,0.422336182812677,"mbgan","MB-GAN","test",-0.0132358161518938,-0.327342772936671,"Covers 0"
60,"Real",0.0766803073138489,-0.286605936766042,0.482137529658345,"mbgan","MB-GAN","test",-0.41785944961351,0.340318239056048,"Covers 0"
61,"Real",0.0274988632809534,-0.284395381750958,0.356928772569529,"mbgan","MB-GAN","test",-0.274327489072673,0.377967132797612,"Covers 0"
62,"Real",-0.0802291406802226,-0.442830206380211,0.246350676984817,"mbgan","MB-GAN","test",0.624913945537653,-0.0955728075494712,"Covers 0"
63,"Real",0.0401197634257481,-0.271455807288435,0.392852594337425,"mbgan","MB-GAN","test",-0.262962525056701,-0.181918287658209,"Covers 0"
64,"Real",0.0422744868005382,-0.374694582678669,0.490244081427389,"mbgan","MB-GAN","test",0.011090522276889,-0.0553095128048366,"Covers 0"
65,"Real",0.007132492030381,-0.357545161391554,0.391482138105765,"mbgan","MB-GAN","test",0.0673348174720297,0.210160591188247,"Covers 0"
66,"Real",0.0252496858783513,-0.281192949811093,0.39829662968427,"mbgan","MB-GAN","test",-0.0312637471757868,0.271969590793836,"Covers 0"
67,"Real",-0.000745788268318521,-0.362402462726292,0.373652182447755,"mbgan","MB-GAN","test",-0.0726015440056045,0.034053373546252,"Covers 0"
68,"Real",0.0381418851920334,-0.322570987628365,0.446344881719678,"mbgan","MB-GAN","test",0.33601011771957,0.053138105689516,"Covers 0"
69,"Real",0.0055950041524661,-0.308266555235265,0.338879981243658,"mbgan","MB-GAN","test",-0.55795197755631,-1.16672185273899,"Covers 0"
70,"Real",0.00856394743912895,-0.341182305224204,0.361422832525267,"mbgan","MB-GAN","test",-0.294623258678232,-1.00903902927762,"Covers 0"
71,"Real",0.0125587502885633,-0.348077621049995,0.35837399230922,"mbgan","MB-GAN","test",-0.162377400421291,0.136559850804343,"Covers 0"
72,"Real",0.0842008629774748,-0.263515066758764,0.497932642706303,"mbgan","MB-GAN","test",-0.235671379942241,0.333182054443215,"Covers 0"
73,"Real",0.0508263977351552,-0.310026308003778,0.44577393306143,"mbgan","MB-GAN","test",-0.501806048576585,-0.981172505175181,"Covers 0"
74,"Real",0.0215376783792892,-0.329545332938057,0.378814544265298,"mbgan","MB-GAN","test",-0.630852161080442,0.114797566039413,"Covers 0"
75,"Real",-0.04889381394767,-0.343157593955975,0.27226006376722,"mbgan","MB-GAN","test",0.516656339679562,0.0176368654172596,"Covers 0"
76,"Real",0.0495720508990246,-0.285316983198667,0.426959266435914,"mbgan","MB-GAN","test",-0.280612207539316,0.423834937190052,"Covers 0"
77,"Real",0.0441703392414139,-0.272102407563735,0.382045601253483,"mbgan","MB-GAN","test",-0.218964187781063,0.143148408207123,"Covers 0"
78,"Real",0.0163225439274468,-0.442191458504055,0.470782351732997,"mbgan","MB-GAN","test",-0.555597448344977,0.0369797045596452,"Covers 0"
79,"Real",-0.00527129894979909,-0.368542141843553,0.390415381354271,"mbgan","MB-GAN","test",0.0804686794395244,0.175000104780894,"Covers 0"
80,"Real",0.0133264012484117,-0.290112546290875,0.368278659994484,"mbgan","MB-GAN","test",0.0914198885407323,0.162696631822274,"Covers 0"
81,"Real",-0.0112739801240763,-0.363809245954236,0.362686768871509,"mbgan","MB-GAN","test",0.587024827367363,-0.302356903603614,"Covers 0"
82,"Real",0.029574417261077,-0.282456002748823,0.363571620654981,"mbgan","MB-GAN","test",-0.507389401818685,-1.18744796878321,"Covers 0"
83,"Real",0.0458014005742557,-0.353921650704734,0.438478663138043,"mbgan","MB-GAN","test",-0.454240984190951,0.153717938710468,"Covers 0"
84,"Real",0.0551729228507111,-0.289785569929303,0.445874126032565,"mbgan","MB-GAN","test",0.263396766275337,0.161726455776923,"Covers 0"
85,"Real",0.0189827360952022,-0.315984434948189,0.412489895740144,"mbgan","MB-GAN","test",-0.222920043080642,0.358310618314441,"Covers 0"
86,"Real",-0.00558667684787968,-0.308889196916704,0.336958879796837,"mbgan","MB-GAN","test",0.559764309203577,0.0990113580148976,"Covers 0"
87,"Real",0.0466667309391152,-0.42035048165913,0.552689020138165,"mbgan","MB-GAN","test",-0.371929735386986,-0.137078382971028,"Covers 0"
88,"Real",0.0559792096856589,-0.309637345029049,0.451674564226513,"mbgan","MB-GAN","test",0.31000848783764,-0.00569348025347253,"Covers 0"
89,"Real",-0.007234825098211,-0.507993459097451,0.491091655009851,"mbgan","MB-GAN","test",-0.516989203565994,-0.0268145270472291,"Covers 0"
90,"Real",0.046942854823599,-0.283968661707731,0.38910064088284,"mbgan","MB-GAN","test",-0.267149128533877,0.317381133271172,"Covers 0"
91,"Real",0.0392308613466355,-0.289042766377687,0.381584303731663,"mbgan","MB-GAN","test",-0.552044789468268,-1.05450923670524,"Covers 0"
92,"Real",0.0165059663369055,-0.32431119687503,0.339472679292799,"mbgan","MB-GAN","test",-0.00248615431638649,0.421448487397565,"Covers 0"
93,"Real",0.0511531634644982,-0.267818529554267,0.424386561910616,"mbgan","MB-GAN","test",-0.308941481598794,0.309736694877945,"Covers 0"
94,"Real",-0.0183117458513615,-0.576340957017688,0.530623221741848,"mbgan","MB-GAN","test",-0.485275747021256,-0.0340954947657186,"Covers 0"
95,"Real",0.0169843156075786,-0.470541700535819,0.536426761734865,"mbgan","MB-GAN","test",-0.526604682705727,-0.0105423459193479,"Covers 0"
96,"Real",0.0716096679399491,-0.30637735546355,0.501248105891993,"mbgan","MB-GAN","test",-0.381175024771666,0.107719770139445,"Covers 0"
97,"Real",0.0193099496909178,-0.360554265000202,0.414642981312458,"mbgan","MB-GAN","test",0.378685342763147,0.0545214655252819,"Covers 0"
98,"Real",0.0454220556869683,-0.416179627236738,0.470938516297944,"mbgan","MB-GAN","test",-0.414252179483396,-0.123227456753767,"Covers 0"
99,"Real",0.0205930727045126,-0.334200362276372,0.389403442882747,"mbgan","MB-GAN","test",0.462744645350435,-0.24620556740696,"Covers 0"
100,"Real",0.0290959296481627,-0.315617542221861,0.399118369417934,"mbgan","MB-GAN","test",-0.461932861689379,0.341000693743164,"Covers 0"
101,"Real",0.037910202759522,-0.386054023140108,0.448141481515434,"mbgan","MB-GAN","test",-0.0669877574677505,-0.909681236204698,"Covers 0"
102,"Real",0.0427918007945084,-0.29936746331955,0.442431823355862,"mbgan","MB-GAN","test",-0.49913875162703,-0.694358196319542,"Covers 0"
103,"Real",-0.035475622338844,-0.387651114409175,0.297491010219129,"mbgan","MB-GAN","test",-0.134688264664287,0.158212117718611,"Covers 0"
104,"Real",0.0663269851311881,-0.317271078519542,0.49080797273278,"mbgan","MB-GAN","test",0.040070551257732,0.19397871416973,"Covers 0"
105,"Real",0.0469496168735915,-0.368152168898881,0.501438829278752,"mbgan","MB-GAN","test",-0.467557270414691,0.0615473083788082,"Covers 0"
106,"Real",-0.023004043751171,-0.366498968130928,0.33318313019349,"mbgan","MB-GAN","test",0.0915980352315555,-0.185733369731498,"Covers 0"
107,"Real",0.0449158716761302,-0.323618089059515,0.460233428191383,"mbgan","MB-GAN","test",-0.2468824924593,0.409215961918552,"Covers 0"
108,"Real",-0.0500589139744847,-0.412778929303467,0.327466742296579,"mbgan","MB-GAN","test",0.677135252072187,-0.432787262675137,"Covers 0"
109,"Real",0.0211384648899201,-0.321546077573844,0.36811884741119,"mbgan","MB-GAN","test",0.31541459944615,0.113586621725012,"Covers 0"
110,"Real",0.0255842215576793,-0.329040841752866,0.419575256655985,"mbgan","MB-GAN","test",0.090372182420409,0.151384250661361,"Covers 0"
111,"Real",0.0514404488861382,-0.287798981454974,0.380787777464275,"mbgan","MB-GAN","test",-0.0703528063288437,0.394349544303056,"Covers 0"
112,"Real",0.0460985130186747,-0.284193990082034,0.34190342548769,"mbgan","MB-GAN","test",0.21396964430532,0.19034959077176,"Covers 0"
113,"Real",0.122281737013061,-0.251656779463266,0.554194439144757,"mbgan","MB-GAN","test",-0.270141388647579,0.270781686038118,"Covers 0"
114,"Real",0.00367678072174576,-0.322208427365974,0.338259758695515,"mbgan","MB-GAN","test",-0.30570929966177,0.145765586031799,"Covers 0"
115,"Real",0.0314745115303963,-0.333682413567887,0.458214885954905,"mbgan","MB-GAN","test",-0.480174973807809,0.219112685320582,"Covers 0"
116,"Real",0.0107342911839799,-0.419973039929769,0.480346974218425,"mbgan","MB-GAN","test",-0.25361143576268,-0.519819090765252,"Covers 0"
117,"Real",-0.0521784741255434,-0.366525703341145,0.27187237541287,"mbgan","MB-GAN","test",0.79965200043996,-0.116482106967572,"Covers 0"
118,"Real",0.028625342706614,-0.382688116562024,0.464326830093785,"mbgan","MB-GAN","test",-0.281772454921034,0.0691503407704334,"Covers 0"
119,"Real",0.0262394235763714,-0.334207402141114,0.429199854077043,"mbgan","MB-GAN","test",-0.540405657600772,0.0666369573579726,"Covers 0"
120,"Real",0.0236852215080651,-0.301654291099745,0.357839767517097,"mbgan","MB-GAN","test",-0.00361911796174429,0.425665866243592,"Covers 0"
121,"Real",0.049382264562803,-0.290027237893886,0.427286522320707,"mbgan","MB-GAN","test",-0.346060452451022,-1.17179010798591,"Covers 0"
122,"Real",0.00457393506109944,-0.372920832607136,0.378270155448518,"mbgan","MB-GAN","test",-0.0560281096334928,0.279407546458787,"Covers 0"
123,"Real",0.0420857706951266,-0.295741979473325,0.389900090750028,"mbgan","MB-GAN","test",-0.733162967115352,-0.925931109390507,"Covers 0"
124,"Real",-0.0395936100276017,-0.368413604794531,0.282698510993862,"mbgan","MB-GAN","test",0.358484134613674,-0.00573503466503151,"Covers 0"
125,"Real",0.0439318142648325,-0.340829130111011,0.44239901716097,"mbgan","MB-GAN","test",-0.382128522339646,-0.131757507112671,"Covers 0"
126,"Real",0.0315903206982793,-0.296761031448294,0.376661412019408,"mbgan","MB-GAN","test",0.153879425800448,0.327422466314687,"Covers 0"
127,"Real",0.0735426686775606,-0.23189710778365,0.436501898024685,"mbgan","MB-GAN","test",0.178226290811928,0.153335917440338,"Covers 0"
128,"Real",0.0106761702857876,-0.362660678611395,0.414436223052176,"mbgan","MB-GAN","test",-0.196909040611423,0.32919442339925,"Covers 0"
129,"Real",0.043369471346596,-0.332019008131494,0.454346906549165,"mbgan","MB-GAN","test",0.512516207027052,-0.15614424026703,"Covers 0"
130,"Real",-0.0113103334184672,-0.358485194415417,0.339663253452825,"mbgan","MB-GAN","test",-0.0886192529482467,-0.352214862544428,"Covers 0"
131,"Real",0.0271033431934133,-0.322250644274966,0.407541657719728,"mbgan","MB-GAN","test",0.462485921176523,-0.224230110238166,"Covers 0"
132,"Real",-0.00979018370601985,-0.379683825681556,0.334629631185508,"mbgan","MB-GAN","test",0.600809133199762,-0.276096074931478,"Covers 0"
133,"Real",0.000278110046883684,-0.32878506857903,0.368139911196812,"mbgan","MB-GAN","test",0.130118588419791,0.336774810941092,"Covers 0"
134,"Real",-0.0102015197508855,-0.374101053429116,0.364355685019203,"mbgan","MB-GAN","test",-0.134777660736823,0.244010098625812,"Covers 0"
135,"Real",0.0331889141139895,-0.308665301046243,0.411590800717473,"mbgan","MB-GAN","test",-0.329860822467984,0.446864163002969,"Covers 0"
136,"Real",0.0520952837745767,-0.278454886314471,0.427918744114514,"mbgan","MB-GAN","test",-0.0599020839568366,0.0609332926705646,"Covers 0"
137,"Real",0.0420026452388041,-0.280991111341215,0.435325799864379,"mbgan","MB-GAN","test",0.0315619676167211,0.278021756178378,"Covers 0"
138,"Real",-0.0125444470107657,-0.350685328036195,0.333348291450042,"mbgan","MB-GAN","test",-0.675846433586368,-0.858984922367328,"Covers 0"
139,"Real",-0.0225698586463305,-0.339961614049062,0.287178896321156,"mbgan","MB-GAN","test",0.543822485955565,-0.0116307103961361,"Covers 0"
140,"Real",0.01388936584497,-0.332194373718024,0.369085797619836,"mbgan","MB-GAN","test",0.105708760798779,0.25192117550289,"Covers 0"
141,"Real",0.04168386551942,-0.267027516680592,0.392407057121667,"mbgan","MB-GAN","test",-0.338586688558269,0.475573445223036,"Covers 0"
142,"Real",0.0688218692267131,-0.27688871082668,0.484530345697821,"mbgan","MB-GAN","test",-0.137361816374699,0.313287774251342,"Covers 0"
143,"Real",0.0158420418765143,-0.311400537220268,0.340742993250038,"mbgan","MB-GAN","test",0.166036921232618,0.0808328388474512,"Covers 0"
144,"Real",0.0838121342622179,-0.305401507039661,0.514623156869431,"mbgan","MB-GAN","test",-0.608907745686061,0.125729074052176,"Covers 0"
145,"Real",-0.0627760090627519,-0.375906780791999,0.259288934025448,"mbgan","MB-GAN","test",0.51271137077676,-0.0621733742060749,"Covers 0"
146,"Real",0.057528562916763,-0.310780012643506,0.468661853033458,"mbgan","MB-GAN","test",0.43734290956102,-0.0494915721257096,"Covers 0"
147,"Real",0.0350825198964497,-0.296979255451459,0.377394374739464,"mbgan","MB-GAN","test",0.464900531508785,-0.00739804701217324,"Covers 0"
148,"Real",-0.0080303096970776,-0.358077161241097,0.356458938773348,"mbgan","MB-GAN","test",0.574759336737527,-0.0986807811692396,"Covers 0"
149,"Real",-0.0242196374763408,-0.357250150711679,0.326430147148898,"mbgan","MB-GAN","test",0.0866662163483233,0.0872645485824632,"Covers 0"
150,"Real",0.0473368875134445,-0.305291245504737,0.454091988386517,"mbgan","MB-GAN","test",-0.580593741096675,0.126697868562157,"Covers 0"
151,"Real",0.0372686073226705,-0.328748825515975,0.428140385044423,"mbgan","MB-GAN","test",-0.352502850174101,0.439222976745789,"Covers 0"
152,"Real",-0.0122722824675399,-0.373508203466206,0.316757302637511,"mbgan","MB-GAN","test",0.672926797443278,-0.0168760745650357,"Covers 0"
153,"Real",0.0634920996775195,-0.272423408659152,0.465493507513204,"mbgan","MB-GAN","test",-0.330680647457418,0.302846132087212,"Covers 0"
154,"Real",0.0706263576717381,-0.320287887778306,0.504421606256035,"mbgan","MB-GAN","test",-0.590357851948213,0.0697893379586417,"Covers 0"
155,"Real",0.0587040866751769,-0.350644052213847,0.484856107646542,"mbgan","MB-GAN","test",-0.355683065729654,-0.593661900279293,"Covers 0"
156,"Real",-0.0289517610643225,-0.419690459821965,0.337995534866801,"mbgan","MB-GAN","test",0.51449175794316,-0.339180996959549,"Covers 0"
157,"Real",0.0610185091783188,-0.256517686690492,0.427957441570526,"mbgan","MB-GAN","test",0.29051091691697,0.277535847719981,"Covers 0"
158,"Real",0.00771443626490931,-0.318269152986405,0.345263426507028,"mbgan","MB-GAN","test",-0.038444709926492,0.370290465883978,"Covers 0"
159,"Real",0.0289938011612826,-0.358371801370373,0.432118548484836,"mbgan","MB-GAN","test",-0.371552156439113,0.211025208768822,"Covers 0"
160,"Real",-0.0455630757692389,-0.370399988176369,0.287228148334193,"mbgan","MB-GAN","test",0.377646650907755,0.1894665671876,"Covers 0"
161,"Real",-0.0113874525344247,-0.374448320047532,0.367839202165454,"mbgan","MB-GAN","test",-0.0702016956272927,0.0864221963513983,"Covers 0"
162,"Real",0.0281616658980106,-0.517517414401536,0.562908589744763,"mbgan","MB-GAN","test",-0.139504295124158,0.157575443035513,"Covers 0"
163,"Real",0.0444553311809145,-0.332354162118543,0.429610508724927,"mbgan","MB-GAN","test",0.494881178765552,0.0255957999064179,"Covers 0"
164,"Real",0.0902288003209455,-0.279731648796163,0.47634241220344,"mbgan","MB-GAN","test",-0.387445347908009,0.484381567570125,"Covers 0"
165,"Real",-0.0507619874743451,-0.407333606592695,0.299203520600375,"mbgan","MB-GAN","test",0.64363183062624,-0.23463137938922,"Covers 0"
166,"Real",-0.0138213742413797,-0.327902596324818,0.292585986726586,"mbgan","MB-GAN","test",0.547451909852216,0.0784199767128781,"Covers 0"
167,"Real",0.0151541987836426,-0.296074391091833,0.323406422687869,"mbgan","MB-GAN","test",0.246935080461905,0.185922356995002,"Covers 0"
168,"Real",0.0403306398346428,-0.294195982188387,0.412172052125035,"mbgan","MB-GAN","test",-0.553341461722111,-1.09625606603069,"Covers 0"
169,"Real",0.058310657753374,-0.281113078892424,0.408912091698063,"mbgan","MB-GAN","test",0.362580090936281,0.211670122205979,"Covers 0"
170,"Real",0.0225296083882307,-0.316935372872069,0.38864155488923,"mbgan","MB-GAN","test",0.528959428989175,-0.0394014495437428,"Covers 0"
171,"Real",0.0531557530462236,-0.267579998283436,0.398529834628121,"mbgan","MB-GAN","test",-0.544627047392803,-1.09863480961568,"Covers 0"
172,"Real",0.0319057750042111,-0.293233521825643,0.36810403319906,"mbgan","MB-GAN","test",0.27431599221247,0.180137598462319,"Covers 0"
173,"Real",-0.0202999111891291,-0.382643190990683,0.312293682568409,"mbgan","MB-GAN","test",0.512810634410171,-0.33836766698722,"Covers 0"
174,"Real",0.00615105733165073,-0.346986950956107,0.412743088335355,"mbgan","MB-GAN","test",-0.224012662939254,0.118606208556992,"Covers 0"
175,"Real",0.00939838080032978,-0.34406273097639,0.388347334221036,"mbgan","MB-GAN","test",-0.602478170307669,0.2437886681545,"Covers 0"
176,"Real",0.0123839627045237,-0.354045279460901,0.388418212016759,"mbgan","MB-GAN","test",-0.269216897715325,0.355830102946027,"Covers 0"
177,"Real",0.0547827985086615,-0.251358770670875,0.397020648384726,"mbgan","MB-GAN","test",-0.364489160590505,0.533298978639405,"Covers 0"
178,"Real",0.0327871423799702,-0.259401389929143,0.366335120639399,"mbgan","MB-GAN","test",0.102578961271626,0.212928490425283,"Covers 0"
179,"Real",0.0344721711336849,-0.378752272541474,0.492679470253196,"mbgan","MB-GAN","test",-0.607038026803919,0.0917025470901294,"Covers 0"
180,"Real",0.028405454594439,-0.272638440689021,0.353941539801402,"mbgan","MB-GAN","test",-0.278965859840145,0.496706696483695,"Covers 0"
181,"Real",0.00353814333334028,-0.323161514773003,0.358775978617996,"mbgan","MB-GAN","test",-0.0343917417531197,-0.531871170295412,"Covers 0"
182,"Real",0.0452433390033073,-0.335116463805895,0.45895646975366,"mbgan","MB-GAN","test",-0.0641062242841524,0.0905365052885181,"Covers 0"
183,"Real",0.0468624174164669,-0.261985553675392,0.382346631501143,"mbgan","MB-GAN","test",-0.435444954484449,-0.802338282334955,"Covers 0"
184,"Real",0.0596847652138917,-0.37546835939615,0.54801911249595,"mbgan","MB-GAN","test",-0.395452005818523,0.286732795794294,"Covers 0"
185,"Real",0.070103154712497,-0.452336138926486,0.626998375567219,"mbgan","MB-GAN","test",-0.497440373174794,-0.0359170543269702,"Covers 0"
186,"Real",0.0934186815072445,-0.308724268709494,0.504133516129336,"mbgan","MB-GAN","test",0.0248705448990577,0.29214792638491,"Covers 0"
187,"Real",-0.0291068018766735,-0.358201221910286,0.357291241417484,"mbgan","MB-GAN","test",-0.116137593704554,0.231729299004437,"Covers 0"
188,"Real",0.0447609244807267,-0.342148218524057,0.451053760893216,"mbgan","MB-GAN","test",-0.384202584099532,-0.132201316333161,"Covers 0"
189,"Real",0.0496024328463286,-0.333004389819127,0.461824275339851,"mbgan","MB-GAN","test",0.191105409919832,-0.00951671128725028,"Covers 0"
190,"Real",0.0310396541950621,-0.347304400005481,0.417195339316805,"mbgan","MB-GAN","test",-0.431229486232256,-0.666509021718948,"Covers 0"
191,"Real",0.0923317047124534,-0.292524911213676,0.510261863348701,"mbgan","MB-GAN","test",-0.582108320138066,0.109515820129223,"Covers 0"
192,"Real",-0.0175238704653887,-0.338763721353654,0.32160091619144,"mbgan","MB-GAN","test",-0.111212530693685,0.304527310931298,"Covers 0"
193,"Real",0.00958138650989257,-0.37043288730046,0.438816554178633,"mbgan","MB-GAN","test",-0.369312247190195,-0.1205250623819,"Covers 0"
194,"Real",0.00537524389502657,-0.363597256698506,0.375934080265979,"mbgan","MB-GAN","test",-0.542320048985624,-0.131433514276759,"Covers 0"
195,"Real",0.0105284439551682,-0.417819365343702,0.494486493997002,"mbgan","MB-GAN","test",-0.183100483495444,-0.0482798031452394,"Covers 0"
196,"Real",0.0771739119771913,-0.281679826085005,0.504416251319949,"mbgan","MB-GAN","test",-0.169131659886688,0.308558841446667,"Covers 0"
197,"Real",-0.0446210259037409,-0.336283544577268,0.274674848123567,"mbgan","MB-GAN","test",0.478224068102599,-0.0937633088989025,"Covers 0"
198,"Real",0.0645426811136742,-0.2978550921217,0.468405232912444,"mbgan","MB-GAN","test",-0.387695436933443,0.158435158350341,"Covers 0"
199,"Real",0.0144400836147418,-0.417148323159547,0.471454858359126,"mbgan","MB-GAN","test",-0.38834085107843,0.06009411640901,"Covers 0"
200,"Real",0.0691284719141453,-0.279126880741819,0.472573268635544,"mbgan","MB-GAN","test",-0.124758198364618,0.303619867316017,"Covers 0"
201,"Real",0.0877308678292913,-0.253875075284848,0.496029424792052,"mbgan","MB-GAN","test",-0.209592997113055,0.336360964824299,"Covers 0"
202,"Real",0.0171250852760361,-0.374185942066275,0.426327271576046,"mbgan","MB-GAN","test",-0.108147400009598,0.0893260853548336,"Covers 0"
203,"Real",0.042161563628936,-0.295578918740717,0.396718590454084,"mbgan","MB-GAN","test",-0.510738202705081,0.0997210030311989,"Covers 0"
204,"Real",-0.0323967648542739,-0.327957446881485,0.27088593710823,"mbgan","MB-GAN","test",0.514874279527781,0.0781635866822978,"Covers 0"
205,"Real",0.0298297488739031,-0.332600767906192,0.408127468163346,"mbgan","MB-GAN","test",-0.476885732531845,0.110006683430113,"Covers 0"
206,"Real",-0.0336963413323328,-0.341424265117977,0.269073341098835,"mbgan","MB-GAN","test",-0.286522192018558,-1.06797087089568,"Covers 0"
207,"Real",0.0256401381887091,-0.312392607439833,0.38895899154662,"mbgan","MB-GAN","test",0.362597439025147,-0.15656525493309,"Covers 0"
208,"Real",0.0774016654512598,-0.28830610927089,0.489359027506931,"mbgan","MB-GAN","test",-0.397072715979247,0.334944135940691,"Covers 0"
209,"Real",0.0462121422473443,-0.416021931448244,0.567187683116772,"mbgan","MB-GAN","test",-0.426980236174029,0.0233895412073096,"Covers 0"
210,"Real",-0.00222898018697755,-0.447842838118958,0.461491984191776,"mbgan","MB-GAN","test",-0.493862950552649,-0.0154007673177577,"Covers 0"
211,"Real",0.0493416291121643,-0.398764857486652,0.508795671126153,"mbgan","MB-GAN","test",0.125165419893262,0.0524797248087732,"Covers 0"
212,"Real",0.0123834138700055,-0.506520136152549,0.4949471037709,"mbgan","MB-GAN","test",-0.44554893594838,0.0700330211623807,"Covers 0"
213,"Real",-0.0392487157514124,-0.387293416463295,0.329176873325483,"mbgan","MB-GAN","test",0.394729510552726,0.0527577071421894,"Covers 0"
214,"Real",0.00660336381489459,-0.310678276712239,0.344899724608058,"mbgan","MB-GAN","test",-0.110030131640788,0.531783921767097,"Covers 0"
215,"Real",-0.00696586809670265,-0.310324117552334,0.333943521113742,"mbgan","MB-GAN","test",0.555699565423024,0.0516977132893196,"Covers 0"
216,"Real",0.0122921020468945,-0.293615917084421,0.321321105483558,"mbgan","MB-GAN","test",0.373186251793202,0.0736691218104815,"Covers 0"
217,"Real",0.0540505274827782,-0.403639960780411,0.494591879121875,"mbgan","MB-GAN","test",-0.37803969760271,0.204641827470991,"Covers 0"
218,"Real",0.0863832651644468,-0.314294815189511,0.528129947912609,"mbgan","MB-GAN","test",-0.266654090245285,0.220867002692315,"Covers 0"
219,"Real",0.0573348232518341,-0.279260041548803,0.440587359487645,"mbgan","MB-GAN","test",0.0304874838527605,0.174726017460195,"Covers 0"
220,"Real",0.00792524802841296,-0.394933669426098,0.43302111647693,"mbgan","MB-GAN","test",-0.334872775530805,0.265699055780159,"Covers 0"
221,"Real",0.0438056349557675,-0.270793412339317,0.409122962312077,"mbgan","MB-GAN","test",0.406391425202467,0.00399493261754579,"Covers 0"
222,"Real",0.0103182528642889,-0.347921374696351,0.374350356974478,"mbgan","MB-GAN","test",-0.651344051503424,-1.10312449282435,"Covers 0"
223,"Real",0.0323925360083058,-0.300060059590266,0.398855058949488,"mbgan","MB-GAN","test",0.325198277117238,-0.181900395644056,"Covers 0"
224,"Real",0.0372343357016065,-0.334711668314972,0.456653579436869,"mbgan","MB-GAN","test",-0.444546710192096,0.0466898294289346,"Covers 0"
225,"Real",0.0397669859506921,-0.40593540163706,0.499958843592324,"mbgan","MB-GAN","test",-0.222966678895652,0.0193627646811923,"Covers 0"
226,"Real",0.0389578255674003,-0.327051956198646,0.390048121882508,"mbgan","MB-GAN","test",0.166929622237975,-0.00923490453054407,"Covers 0"
227,"Real",-0.00163976776173758,-0.314541271419449,0.306102887337835,"mbgan","MB-GAN","test",0.578987972929226,0.0893992782998414,"Covers 0"
228,"Real",-0.0315899410213726,-0.40475595528472,0.387928259477061,"mbgan","MB-GAN","test",-0.314298492897073,-0.406309763162294,"Covers 0"
229,"Real",-0.0679330744036523,-0.376033402919421,0.238575747015839,"mbgan","MB-GAN","test",0.583971067535439,0.0331102293126538,"Covers 0"
230,"Real",-0.0394231397886087,-0.381422785027115,0.308624406349129,"mbgan","MB-GAN","test",0.596744084051282,-0.257032595449375,"Covers 0"
231,"Real",0.00269376736117483,-0.3582786196984,0.344777897064959,"mbgan","MB-GAN","test",0.159262435603673,0.182859315958708,"Covers 0"
232,"Real",0.059869259167241,-0.259497384400115,0.416417279999549,"mbgan","MB-GAN","test",0.563139041242324,0.130152025460977,"Covers 0"
233,"Real",-0.045409345490426,-0.340771969041633,0.249909920219599,"mbgan","MB-GAN","test",0.457304114982007,0.21882741701544,"Covers 0"
234,"Real",0.0387162234517236,-0.295202372718567,0.44415856778521,"mbgan","MB-GAN","test",-0.234835622405456,0.112147135810754,"Covers 0"
235,"Real",-0.0113945919793956,-0.305608223332047,0.305475404184189,"mbgan","MB-GAN","test",0.215276812823928,0.182486916683487,"Covers 0"
236,"Real",0.0322260249278914,-0.26592134644459,0.37611717298476,"mbgan","MB-GAN","test",-0.0261335948419571,0.131673216232169,"Covers 0"
237,"Real",0.0214181783003925,-0.258145196462185,0.339732280740308,"mbgan","MB-GAN","test",-0.00857213015044008,-0.614492381420654,"Covers 0"
238,"Real",0.0670492254822258,-0.26291717696009,0.436080241349067,"mbgan","MB-GAN","test",-0.0861011005286089,0.0997624095018984,"Covers 0"
239,"Real",-0.00471476777317678,-0.325457108332567,0.339209672708746,"mbgan","MB-GAN","test",-0.596185620122602,-0.963258562253358,"Covers 0"
240,"Real",6.11922397229949e-05,-0.314407332970559,0.357407598971107,"mbgan","MB-GAN","test",0.628137006263517,0.0789368602761144,"Covers 0"
241,"Real",0.054316574636935,-0.304807514039678,0.455911786047798,"mbgan","MB-GAN","test",-0.0411429877299239,0.127422641001334,"Covers 0"
242,"Real",-0.0470656289759532,-0.37620603068856,0.279021463122095,"mbgan","MB-GAN","test",0.778903919916414,-0.0769590478179981,"Covers 0"
243,"Real",-0.00536403954738498,-0.315000905037656,0.33596574794845,"mbgan","MB-GAN","test",0.494302276004694,0.221898439990695,"Covers 0"
244,"Real",0.021157789642484,-0.285953930878252,0.349277409427011,"mbgan","MB-GAN","test",-0.0324623953759368,0.345349055443357,"Covers 0"
245,"Real",0.00948672088624363,-0.303854058651024,0.340143264462173,"mbgan","MB-GAN","test",0.0462251030999755,0.347433884953129,"Covers 0"
246,"Real",0.00337593907106458,-0.34862411885388,0.362155386819028,"mbgan","MB-GAN","test",0.314872210140501,0.0959655526041254,"Covers 0"
247,"Real",0.0835126667719054,-0.221256558936009,0.426089130308941,"mbgan","MB-GAN","test",0.00309776681413654,0.377031960315385,"Covers 0"
248,"Real",0.0712584476306897,-0.298747060274885,0.486316712424878,"mbgan","MB-GAN","test",-0.403104647318163,0.409396090467345,"Covers 0"
249,"Real",0.0544296454270869,-0.300047812331178,0.430633570795783,"mbgan","MB-GAN","test",-0.346727907215697,0.540338550423509,"Covers 0"
250,"Real",0.046838228178409,-0.308504965215009,0.422892000031982,"mbgan","MB-GAN","test",-0.302747411351132,0.217312025478939,"Covers 0"
251,"Real",-0.0268580621028578,-0.344042851257543,0.308311307018902,"mbgan","MB-GAN","test",0.627170624487992,-0.0984953974343688,"Covers 0"
252,"Real",0.0243798634036197,-0.267491034523244,0.349171195263466,"mbgan","MB-GAN","test",0.641016420816504,0.0908460438674416,"Covers 0"
253,"Real",0.064996314963764,-0.396276757032661,0.530065494265781,"mbgan","MB-GAN","test",-0.347217491093639,0.267144875490673,"Covers 0"
254,"Real",0.0006270545623465,-0.348590699561245,0.346567669853931,"mbgan","MB-GAN","test",-0.262596486941291,0.337460735394133,"Covers 0"
255,"Real",0.0463603017311598,-0.261885128894745,0.380438901271226,"mbgan","MB-GAN","test",0.426962595041141,0.148740351871903,"Covers 0"
256,"Real",-0.0331092034013461,-0.369693070155191,0.327731054508817,"mbgan","MB-GAN","test",0.135198699398551,0.109808650520518,"Covers 0"
257,"Real",0.012744559980174,-0.388481057670876,0.431338067368658,"mbgan","MB-GAN","test",0.207181964884611,-0.0904173904802837,"Covers 0"
258,"Real",-0.0803595013195821,-0.405917700147484,0.243602409237005,"mbgan","MB-GAN","test",0.767639121189491,-0.0365806008097865,"Covers 0"
259,"Real",0.0104696990917944,-0.31335047668953,0.383418111370168,"mbgan","MB-GAN","test",-0.22030519221991,0.229639680931256,"Covers 0"
260,"Real",0.0500950758993406,-0.301549208016048,0.431475110187085,"mbgan","MB-GAN","test",-0.531608080024011,-0.76111582838734,"Covers 0"
261,"Real",0.0676247059209125,-0.304777030679005,0.504824429285924,"mbgan","MB-GAN","test",-0.402895890557163,0.191205272842346,"Covers 0"
262,"Real",0.0661211542588027,-0.323843193178899,0.472537169085631,"mbgan","MB-GAN","test",0.173998443968041,4.8951862867124e-05,"Covers 0"
263,"Real",0.0539596157651254,-0.331441240892677,0.48643061670104,"mbgan","MB-GAN","test",-0.0383134765118375,0.0965616556320428,"Covers 0"
264,"Real",0.0413127251423755,-0.306946269710399,0.398367255025381,"mbgan","MB-GAN","test",-0.560347291295225,0.107294641113774,"Covers 0"
265,"Real",0.0339646486300139,-0.361668851644376,0.433752176597494,"mbgan","MB-GAN","test",-0.450680864118892,-0.019433914992043,"Covers 0"
266,"Real",-0.0167581617261568,-0.40989750250684,0.428020317138202,"mbgan","MB-GAN","test",-0.473961304331538,0.120851286218647,"Covers 0"
267,"Real",0.0542332780233631,-0.293901317389605,0.42633924213939,"mbgan","MB-GAN","test",-0.444091432613004,0.358368746154096,"Covers 0"
268,"Real",0.0791195119982171,-0.287326197722142,0.430233093600145,"mbgan","MB-GAN","test",-0.582924071718258,0.100665922487524,"Covers 0"
269,"Real",0.0152491214848818,-0.422889568336606,0.47210895150076,"mbgan","MB-GAN","test",-0.482815036239683,-0.0197478463492097,"Covers 0"
270,"Real",-0.0223156974648751,-0.383363066337207,0.338739415506326,"mbgan","MB-GAN","test",0.64804634688218,-0.239974871856238,"Covers 0"
271,"Real",0.0462133761578361,-0.335588309299251,0.494943848003916,"mbgan","MB-GAN","test",-0.264025134106578,0.0397401289648549,"Covers 0"
272,"Real",-0.018880427765345,-0.311716501664287,0.305507517646508,"mbgan","MB-GAN","test",0.202634932481135,0.096709021447894,"Covers 0"
273,"Real",-0.0500016668705806,-0.382373512246673,0.283531110331343,"mbgan","MB-GAN","test",0.734832980526629,-0.225945154751698,"Covers 0"
274,"Real",0.027544604666259,-0.316436695150319,0.403040665926736,"mbgan","MB-GAN","test",0.315363908638249,0.171976049884206,"Covers 0"
275,"Real",-0.0217388656076867,-0.359927871333396,0.295813398968545,"mbgan","MB-GAN","test",0.31782106078722,0.0961682373021508,"Covers 0"
276,"Real",0.0120388858115923,-0.315268964648555,0.375498242501682,"mbgan","MB-GAN","test",0.251192632525977,0.00233384162544135,"Covers 0"
277,"Real",0.063751385837058,-0.281135490598944,0.498500964104042,"mbgan","MB-GAN","test",-0.424837086882828,0.448799915931527,"Covers 0"
278,"Real",0.0109181002718753,-0.32466645135137,0.398532290798018,"mbgan","MB-GAN","test",0.0460186117182722,0.231517603339863,"Covers 0"
279,"Real",0.0338256360725157,-0.366217234252783,0.490088823602566,"mbgan","MB-GAN","test",-0.50600762943156,0.0283083872159503,"Covers 0"
280,"Real",0.0235921136254117,-0.315368598342723,0.373891902047471,"mbgan","MB-GAN","test",-0.333442747295019,0.499564414294981,"Covers 0"
281,"Real",0.0267701918415034,-0.302576850716112,0.395576275404806,"mbgan","MB-GAN","test",-0.107529528984835,0.0830661339812332,"Covers 0"
282,"Real",0.04412321891718,-0.321694103608828,0.43804390701763,"mbgan","MB-GAN","test",0.418983033998698,-0.079754412624674,"Covers 0"
283,"Real",0.0269381442410376,-0.353808427288128,0.430624560781255,"mbgan","MB-GAN","test",-0.392814017596224,-0.0560780653874624,"Covers 0"
284,"Real",0.0121190236213476,-0.370062857395601,0.445037742826145,"mbgan","MB-GAN","test",-0.17141817340466,0.249395927141584,"Covers 0"
285,"Real",0.0141781163468066,-0.355175514821394,0.4222756925991,"mbgan","MB-GAN","test",0.190201149858842,0.0133172805183944,"Covers 0"
286,"Real",-0.0161687914112895,-0.38736711234558,0.364828293971501,"mbgan","MB-GAN","test",0.570634368984103,-0.371713414093821,"Covers 0"
287,"Real",-0.0116734721873774,-0.293480451515778,0.303204405898738,"mbgan","MB-GAN","test",0.491923778165259,0.205708638273465,"Covers 0"
288,"Real",0.0666422657959155,-0.266024860045771,0.463907206182592,"mbgan","MB-GAN","test",-0.370255363334829,-1.18498248182615,"Covers 0"
289,"Real",0.0412060551692071,-0.30639878006026,0.41359906625001,"mbgan","MB-GAN","test",-0.368279811298114,-0.0388935152705247,"Covers 0"
290,"Real",-0.0242959969583924,-0.326741008599208,0.291186463543388,"mbgan","MB-GAN","test",0.581210711865067,0.0158819942390409,"Covers 0"
291,"Real",0.0215376783792892,-0.329545332938057,0.378814544265298,"mbgan","MB-GAN","test",-0.630852161080443,0.114797566039413,"Covers 0"
292,"Real",0.0127625137482187,-0.408943711420797,0.412809156803995,"mbgan","MB-GAN","test",-0.407523653317355,-0.212533723763935,"Covers 0"
293,"Generated",-0.0918197331037245,-0.397363746054457,0.215025271807194,"mbgan","MB-GAN","test",0.770113548402006,-0.267913018765795,"Covers 0"
294,"Generated",0.083837434592127,-0.271929443371456,0.453286769421703,"mbgan","MB-GAN","test",-0.319413060985169,0.157123088940373,"Covers 0"
295,"Generated",0.0588273748069283,-0.328843413923085,0.484740772280412,"mbgan","MB-GAN","test",-0.158977241621319,0.274483232465728,"Covers 0"
296,"Generated",-0.0336648232257408,-0.489570964267889,0.421010045450341,"mbgan","MB-GAN","test",-0.443711612139364,-0.0542726271996439,"Covers 0"
297,"Generated",-0.0898623778753031,-0.442435700991539,0.222002399777311,"mbgan","MB-GAN","test",0.539415655187427,0.222531149665821,"Covers 0"
298,"Generated",0.015500386363541,-0.328753618181048,0.38462190707939,"mbgan","MB-GAN","test",-0.350699751532873,-0.0955538141393721,"Covers 0"
299,"Generated",0.0348517786764541,-0.43390150374897,0.523321600085798,"mbgan","MB-GAN","test",-0.572953859886094,0.218636005309827,"Covers 0"
300,"Generated",-0.0617085282704138,-0.384824329989539,0.259427168217558,"mbgan","MB-GAN","test",0.745133462197276,-0.0879074200819031,"Covers 0"
301,"Generated",-0.0387568878928715,-0.395230311186915,0.324409800445101,"mbgan","MB-GAN","test",-0.405822769803274,0.107631222704627,"Covers 0"
302,"Generated",0.0288329682236271,-0.400620069436241,0.421464240657559,"mbgan","MB-GAN","test",-0.320847526150787,0.290498240823565,"Covers 0"
303,"Generated",0.0415206358987626,-0.430545306026927,0.506002289160352,"mbgan","MB-GAN","test",-0.47502796366541,-0.0269546153745172,"Covers 0"
304,"Generated",0.0183444160486456,-0.477820243260287,0.500208420036254,"mbgan","MB-GAN","test",-0.455455096197018,0.190002350447524,"Covers 0"
305,"Generated",-0.0255362470934455,-0.363606856718897,0.330874756111976,"mbgan","MB-GAN","test",0.320431052880766,0.140632260576044,"Covers 0"
306,"Generated",-0.0793950624589555,-0.368895847894366,0.224115874075688,"mbgan","MB-GAN","test",0.456308762634143,0.166507849882877,"Covers 0"
307,"Generated",-0.0468392780436733,-0.405904626738399,0.328820875501003,"mbgan","MB-GAN","test",-0.37593855465464,0.269348796100687,"Covers 0"
308,"Generated",-0.0357075860081232,-0.410425253068456,0.322448951624681,"mbgan","MB-GAN","test",0.214201918721488,-0.0191171590466011,"Covers 0"
309,"Generated",-0.0258600088831949,-0.421786967526133,0.367559378747096,"mbgan","MB-GAN","test",-0.337824275665955,-0.103656545904262,"Covers 0"
310,"Generated",0.0407061703722777,-0.406049588815595,0.502712473128764,"mbgan","MB-GAN","test",-0.373660230671581,-0.288927560830145,"Covers 0"
311,"Generated",-0.0764251201792824,-0.347500350113869,0.21627312092343,"mbgan","MB-GAN","test",0.615891469348566,0.0323222271957048,"Covers 0"
312,"Generated",-0.0765576910155794,-0.393989237043548,0.225546185128844,"mbgan","MB-GAN","test",0.491804210276636,0.0407741410156982,"Covers 0"
313,"Generated",-0.0310998630869503,-0.378194469823106,0.325497451093581,"mbgan","MB-GAN","test",0.58866181061871,0.0444927581686817,"Covers 0"
314,"Generated",0.0342745585616538,-0.328990878887368,0.409425255731211,"mbgan","MB-GAN","test",-0.452268370224031,0.468417509982427,"Covers 0"
315,"Generated",-0.0431415498723153,-0.372334210529495,0.27192215348889,"mbgan","MB-GAN","test",0.781006821137789,-0.088442237365371,"Covers 0"
316,"Generated",-0.004673745623651,-0.350188964838773,0.346453963437819,"mbgan","MB-GAN","test",-0.532575183775561,0.219959023354607,"Covers 0"
317,"Generated",-0.0284246753937499,-0.393305494428994,0.352630134018828,"mbgan","MB-GAN","test",0.57027114535032,-0.108394207559337,"Covers 0"
318,"Generated",-0.0552828288324173,-0.346756130120282,0.250482599415364,"mbgan","MB-GAN","test",0.633042826845336,0.13036466594756,"Covers 0"
319,"Generated",-0.0976036312782831,-0.420733146518586,0.198978260932243,"mbgan","MB-GAN","test",0.561395763599337,-0.118731959240042,"Covers 0"
320,"Generated",-0.0499638417857998,-0.45820094101963,0.369093674250478,"mbgan","MB-GAN","test",-0.361929817624265,0.1000716003803,"Covers 0"
321,"Generated",0.0269399483320671,-0.370046706065884,0.396219466761213,"mbgan","MB-GAN","test",-0.609083432547301,0.111485735472341,"Covers 0"
322,"Generated",0.00120378762332695,-0.427479602880848,0.402665319390172,"mbgan","MB-GAN","test",-0.535629692250658,0.199888285478335,"Covers 0"
323,"Generated",-0.081538083499656,-0.396250119640581,0.216818520209884,"mbgan","MB-GAN","test",0.516305659190416,-0.0690005185192386,"Covers 0"
324,"Generated",-0.00844731016019991,-0.335738155515637,0.339299752634697,"mbgan","MB-GAN","test",-0.181651842571827,0.0653578446347888,"Covers 0"
325,"Generated",-0.0525522144224482,-0.367521047228224,0.273372448557102,"mbgan","MB-GAN","test",0.422317060812293,0.0531762555287531,"Covers 0"
326,"Generated",-0.0322900694769952,-0.487979322197901,0.400207603083586,"mbgan","MB-GAN","test",-0.293019041875281,0.108474322117211,"Covers 0"
327,"Generated",0.00362149845069033,-0.315967430640231,0.344026774182498,"mbgan","MB-GAN","test",-0.0913603441930009,0.243360606938114,"Covers 0"
328,"Generated",0.0221917000823811,-0.357226058245252,0.464130338424435,"mbgan","MB-GAN","test",-0.185737749341424,0.235895781980595,"Covers 0"
329,"Generated",-0.0721053952664915,-0.491435582286612,0.335479291833119,"mbgan","MB-GAN","test",-0.435317967055644,0.226481238891367,"Covers 0"
330,"Generated",-0.0780510970176021,-0.418474485991084,0.235262948459751,"mbgan","MB-GAN","test",0.812788836750545,-0.158367560693179,"Covers 0"
331,"Generated",-0.0794880272086824,-0.383160289703627,0.214665321148188,"mbgan","MB-GAN","test",0.784958205003572,-0.00539818281966626,"Covers 0"
332,"Generated",-0.0443921540136773,-0.350324839547105,0.283327146191387,"mbgan","MB-GAN","test",0.428590694644451,0.267850494219731,"Covers 0"
333,"Generated",-0.0461562052700345,-0.43091103313077,0.331622126982617,"mbgan","MB-GAN","test",0.631199110068043,-0.397275306368131,"Covers 0"
334,"Generated",-0.0146553074616661,-0.359835979612787,0.320385424424577,"mbgan","MB-GAN","test",0.549412232671678,0.0988265222037915,"Covers 0"
335,"Generated",-0.00522027752131423,-0.359957193215621,0.368869086304999,"mbgan","MB-GAN","test",-0.0110143374292267,0.123953439767726,"Covers 0"
336,"Generated",-0.0233587155963251,-0.377303557438819,0.340839034219939,"mbgan","MB-GAN","test",0.0392418235862411,0.201877297045939,"Covers 0"
337,"Generated",-0.0120334770590128,-0.33998947214906,0.35420580940759,"mbgan","MB-GAN","test",-0.637772551322017,0.350807922853128,"Covers 0"
338,"Generated",0.0531673397289433,-0.363626655590218,0.438167565404385,"mbgan","MB-GAN","test",-0.352597664228574,-0.12914434855359,"Covers 0"
339,"Generated",-0.00370319736609281,-0.364093956418872,0.355880250831497,"mbgan","MB-GAN","test",-0.113012408690961,0.351590919606039,"Covers 0"
340,"Generated",-0.0607244055381766,-0.386194931365496,0.281246268814633,"mbgan","MB-GAN","test",0.696939302847082,-0.444452329715037,"Covers 0"
341,"Generated",-0.0340268875449426,-0.445860937141207,0.370648532873781,"mbgan","MB-GAN","test",-0.341562018683337,-0.889903923618675,"Covers 0"
342,"Generated",-0.0319027025739097,-0.490804419351661,0.425802160790364,"mbgan","MB-GAN","test",-0.352851602659464,0.300618018639054,"Covers 0"
343,"Generated",0.0263660134192837,-0.361509823352967,0.432972737028434,"mbgan","MB-GAN","test",-0.302222360284767,0.220556682931107,"Covers 0"
344,"Generated",-0.0558215135683724,-0.463267460400136,0.344194226304729,"mbgan","MB-GAN","test",-0.565484318987901,0.0080105673561,"Covers 0"
345,"Generated",-0.0643277899182085,-0.500491639274225,0.341214356977276,"mbgan","MB-GAN","test",-0.489561817932699,-0.0563967713108776,"Covers 0"
346,"Generated",-0.0743150146038032,-0.44560458397952,0.252575964944953,"mbgan","MB-GAN","test",0.585252635247071,-0.00436113036078822,"Covers 0"
347,"Generated",-0.0514919416783447,-0.380415684078329,0.27984966294612,"mbgan","MB-GAN","test",0.194719239382494,0.349630802660852,"Covers 0"
348,"Generated",-0.0548509881666203,-0.397671220919899,0.263304519582998,"mbgan","MB-GAN","test",0.324278679361657,0.288273722789169,"Covers 0"
349,"Generated",0.0094457519327683,-0.294491238562227,0.337931767741036,"mbgan","MB-GAN","test",0.00116684312704075,0.31476712871814,"Covers 0"
350,"Generated",-0.00374544679108236,-0.437319373593141,0.432887879208654,"mbgan","MB-GAN","test",-0.496604763495457,0.0513530686880862,"Covers 0"
351,"Generated",-0.0534354461937591,-0.363608102366589,0.257422571332238,"mbgan","MB-GAN","test",0.439861198845643,0.0533524939733189,"Covers 0"
352,"Generated",-0.0413371675267518,-0.368006341382491,0.295035257090131,"mbgan","MB-GAN","test",-0.268774998089634,0.152197999152551,"Covers 0"
353,"Generated",-0.0615728690820599,-0.367196213630782,0.251209357068606,"mbgan","MB-GAN","test",0.484685723795995,0.0429040638876997,"Covers 0"
354,"Generated",-0.0326142236067898,-0.401911196598978,0.343725713037447,"mbgan","MB-GAN","test",-0.0540058619344641,0.0115499937317509,"Covers 0"
355,"Generated",-0.0783690109445875,-0.363638892367486,0.216602044394712,"mbgan","MB-GAN","test",0.411835194385006,0.151649633013206,"Covers 0"
356,"Generated",-0.0130039140238845,-0.369177839605282,0.350036263266617,"mbgan","MB-GAN","test",-0.195993453772726,-0.834338901247311,"Covers 0"
357,"Generated",-0.054376981070256,-0.3747737025473,0.316210483959827,"mbgan","MB-GAN","test",0.458624884382428,-0.36965661095496,"Covers 0"
358,"Generated",0.0438788960642168,-0.417430799951548,0.497049514963769,"mbgan","MB-GAN","test",-0.437808246057974,0.124144444794578,"Covers 0"
359,"Generated",-0.0527614983723206,-0.429779619862534,0.314206235170048,"mbgan","MB-GAN","test",0.569112569444929,-0.346540154841905,"Covers 0"
360,"Generated",-0.0645166897142243,-0.3716817195283,0.26406279310005,"mbgan","MB-GAN","test",0.442081850134681,0.18631068293892,"Covers 0"
361,"Generated",0.0217548450454537,-0.329585482151921,0.384376458020142,"mbgan","MB-GAN","test",-0.584592956387018,0.118684177749575,"Covers 0"
362,"Generated",-0.0239996325287817,-0.348579315531531,0.299532333315242,"mbgan","MB-GAN","test",0.371482051627815,0.242660017838421,"Covers 0"
363,"Generated",-0.03346060940903,-0.412461585387246,0.341318911124147,"mbgan","MB-GAN","test",-0.106765530003385,0.233063787046357,"Covers 0"
364,"Generated",-0.0260826363971696,-0.396497697618982,0.35253053434971,"mbgan","MB-GAN","test",-0.0218587053342982,0.107233434543035,"Covers 0"
365,"Generated",-0.0377553168527812,-0.42490384244143,0.334553246919146,"mbgan","MB-GAN","test",0.0439784248743589,0.0494541679032216,"Covers 0"
366,"Generated",-0.0282201129045763,-0.427381843776495,0.343856446433389,"mbgan","MB-GAN","test",0.354117912380048,-0.248690407630439,"Covers 0"
367,"Generated",0.0174240365578842,-0.302061344782505,0.358360309426108,"mbgan","MB-GAN","test",0.148774272676135,-0.699733951169626,"Covers 0"
368,"Generated",-0.020738295605329,-0.417462143735404,0.38967601926018,"mbgan","MB-GAN","test",-0.626235908786639,0.114378156646448,"Covers 0"
369,"Generated",-0.00463999061260276,-0.367148328051349,0.342659118963503,"mbgan","MB-GAN","test",-0.496032349909173,0.00906477724277389,"Covers 0"
370,"Generated",-0.065447769658556,-0.456520349630509,0.319834005530262,"mbgan","MB-GAN","test",-0.134112143812954,-0.0431758659301264,"Covers 0"
371,"Generated",-0.0166572506481809,-0.364951814703343,0.329984393890518,"mbgan","MB-GAN","test",-0.165864006112901,0.151870074644381,"Covers 0"
372,"Generated",-0.0595715868318871,-0.396952982122575,0.25346527410134,"mbgan","MB-GAN","test",0.260323722551904,0.0414431383860681,"Covers 0"
373,"Generated",0.0188994461644935,-0.347896399819884,0.369945164990234,"mbgan","MB-GAN","test",-0.180148335246241,0.342699851678031,"Covers 0"
374,"Generated",-0.0180066457148527,-0.359498493855583,0.332386315866329,"mbgan","MB-GAN","test",0.171236549365402,-0.125365374414896,"Covers 0"
375,"Generated",0.0217208756102112,-0.295486617268749,0.371115353051795,"mbgan","MB-GAN","test",-0.118623303609474,0.353464799764948,"Covers 0"
376,"Generated",-0.0635315044106218,-0.345466520544306,0.238028867181179,"mbgan","MB-GAN","test",0.253481935328213,0.248315744407856,"Covers 0"
377,"Generated",-0.0175792666993508,-0.406811075897553,0.384425121745153,"mbgan","MB-GAN","test",0.195644437525072,0.096235837671895,"Covers 0"
378,"Generated",-0.0157665974368318,-0.34224561187434,0.357209145325004,"mbgan","MB-GAN","test",0.579519697155426,0.132611925191074,"Covers 0"
379,"Generated",-0.0113189213604391,-0.406089077911051,0.362822832195327,"mbgan","MB-GAN","test",-0.0736533329828713,-0.0997595301446923,"Covers 0"
380,"Generated",-0.0409559542897696,-0.402410761753404,0.295157203186091,"mbgan","MB-GAN","test",-0.276635709887303,0.494913796998831,"Covers 0"
381,"Generated",-0.0667178317050357,-0.540976779757927,0.424180682942589,"mbgan","MB-GAN","test",-0.218178602666559,0.141416640480548,"Covers 0"
382,"Generated",0.0806910913508248,-0.267975049592764,0.454428529620806,"mbgan","MB-GAN","test",-0.33629307862954,0.16150258421832,"Covers 0"
383,"Generated",0.0509616290089419,-0.269407713163803,0.41799154355115,"mbgan","MB-GAN","test",-0.0548191148450047,0.380896029091049,"Covers 0"
384,"Generated",-0.0426551246655823,-0.378225885523275,0.273630174012051,"mbgan","MB-GAN","test",0.0688840187506457,0.0540141503899006,"Covers 0"
385,"Generated",-0.052558568334649,-0.411090626423175,0.342521750704824,"mbgan","MB-GAN","test",0.266582108276905,-0.0190935408370665,"Covers 0"
386,"Generated",-0.0252577465290354,-0.350489197199226,0.304313327749958,"mbgan","MB-GAN","test",0.267724065934415,0.114745082036501,"Covers 0"
387,"Generated",0.000844286452494235,-0.402802706986995,0.394908232272282,"mbgan","MB-GAN","test",-0.223337326106909,0.0853803835645069,"Covers 0"
388,"Generated",-0.00874495065769689,-0.365775493732604,0.353461247422995,"mbgan","MB-GAN","test",-0.615394033654499,-1.16196489685197,"Covers 0"
389,"Generated",-0.0508818282984835,-0.433963938092831,0.333645260196672,"mbgan","MB-GAN","test",-0.152172036737782,-0.233038067844858,"Covers 0"
390,"Generated",-0.0624456208363332,-0.495566912149774,0.314437715091866,"mbgan","MB-GAN","test",-0.564709222619978,0.0294878128097307,"Covers 0"
391,"Generated",-0.0484283116007903,-0.3483982507752,0.254564509319289,"mbgan","MB-GAN","test",0.633920575612656,0.127676979847956,"Covers 0"
392,"Generated",-0.0138351388724457,-0.351329868600852,0.346969292393765,"mbgan","MB-GAN","test",0.146853279291086,0.17237584708612,"Covers 0"
393,"Generated",-0.0853789822178321,-0.413922858592228,0.214991886898626,"mbgan","MB-GAN","test",0.804858930765936,-0.15990117508304,"Covers 0"
394,"Generated",-0.0560183397794374,-0.372317860100903,0.235596710143148,"mbgan","MB-GAN","test",0.597337183896761,-0.133466242085277,"Covers 0"
395,"Generated",-0.0608282698890392,-0.42889608259452,0.282611232632411,"mbgan","MB-GAN","test",0.618748276126862,-0.261746594902891,"Covers 0"
396,"Generated",-0.0807990028344597,-0.371380678353516,0.216644164315325,"mbgan","MB-GAN","test",0.533541037898935,0.0624326045378392,"Covers 0"
397,"Generated",-0.0114860314093132,-0.370542949422574,0.374986343927749,"mbgan","MB-GAN","test",0.538897080617733,-0.012714186040276,"Covers 0"
398,"Generated",0.00358587094444016,-0.433755395039961,0.466865016001297,"mbgan","MB-GAN","test",-0.226867736701417,0.105783997724314,"Covers 0"
399,"Generated",0.0399428468051573,-0.298299335450101,0.405131939688711,"mbgan","MB-GAN","test",-0.530015174414217,-1.00647566583857,"Covers 0"
400,"Generated",-0.0427174261562071,-0.349856017808814,0.253663280270973,"mbgan","MB-GAN","test",0.691158986852259,-0.032527094265992,"Covers 0"
401,"Generated",-0.0499870374283312,-0.366938416767462,0.301691378097428,"mbgan","MB-GAN","test",0.203106821779335,0.191129315056144,"Covers 0"
402,"Generated",-0.0680929161068228,-0.367038949652298,0.235639319446475,"mbgan","MB-GAN","test",0.517915244684922,0.113656253018528,"Covers 0"
403,"Generated",-0.0444728170341044,-0.346482237745998,0.251107450495112,"mbgan","MB-GAN","test",0.467650589465207,0.0463844974105043,"Covers 0"
404,"Generated",0.0559511056597047,-0.343178540752772,0.515504015361672,"mbgan","MB-GAN","test",-0.383179837985374,0.213893973821436,"Covers 0"
405,"Generated",-0.0744241929599786,-0.38809076917761,0.207834645154492,"mbgan","MB-GAN","test",0.455909726965978,0.225470157260139,"Covers 0"
406,"Generated",0.0266999062996539,-0.369871802025551,0.431242076846304,"mbgan","MB-GAN","test",-0.533097972562372,0.370873074680165,"Covers 0"
407,"Generated",-0.0782414833144778,-0.387914340607054,0.22162892003186,"mbgan","MB-GAN","test",0.774712382130928,0.0128823849228723,"Covers 0"
408,"Generated",0.00673766309402675,-0.32106127416089,0.348853452951059,"mbgan","MB-GAN","test",-0.444706941827377,0.244695216479639,"Covers 0"
409,"Generated",0.00159801860274688,-0.423742268815774,0.481684966548109,"mbgan","MB-GAN","test",-0.015809795913646,0.082409974313363,"Covers 0"
410,"Generated",-0.0330014062439915,-0.396409381502975,0.337175299277295,"mbgan","MB-GAN","test",-0.372176156884063,0.377221817240653,"Covers 0"
411,"Generated",-0.0680560734671956,-0.38369547926114,0.242330008832759,"mbgan","MB-GAN","test",0.817588133045321,-0.031376464002933,"Covers 0"
412,"Generated",0.00360769640551026,-0.316715121265569,0.368429832683172,"mbgan","MB-GAN","test",0.520525660597131,0.123562379916341,"Covers 0"
413,"Generated",0.00718499596202764,-0.315966580674939,0.350307017026006,"mbgan","MB-GAN","test",-0.366197731120662,0.321351941151525,"Covers 0"
414,"Generated",-0.00388655335303005,-0.32400301328038,0.325745634341165,"mbgan","MB-GAN","test",-0.0730978560359087,0.406655763507881,"Covers 0"
415,"Generated",-0.063725029067591,-0.443775805604491,0.275208965391461,"mbgan","MB-GAN","test",-0.100762179613788,0.215016953833749,"Covers 0"
416,"Generated",-0.0347361306686895,-0.356335428471894,0.28336864352211,"mbgan","MB-GAN","test",0.596390398256949,0.0212441164662744,"Covers 0"
417,"Generated",0.0378461111224337,-0.347595822848396,0.427815848053276,"mbgan","MB-GAN","test",-0.532976734293989,0.225019775321894,"Covers 0"
418,"Generated",-0.0195388894413848,-0.37501369866444,0.337778358257202,"mbgan","MB-GAN","test",-0.507202986927337,0.0681022186778922,"Covers 0"
419,"Generated",-0.0352858024151726,-0.348011194679822,0.291313899908708,"mbgan","MB-GAN","test",-0.0850950286798839,-0.846215051283342,"Covers 0"
420,"Generated",-0.0183193590108358,-0.364919471284581,0.330765649254924,"mbgan","MB-GAN","test",-0.368285450387067,0.384745156986979,"Covers 0"
421,"Generated",-0.0197313662426138,-0.382012920726261,0.365448606741649,"mbgan","MB-GAN","test",0.62250493167429,-0.137483280728567,"Covers 0"
422,"Generated",-0.0213879356134475,-0.381875500545909,0.337871748569057,"mbgan","MB-GAN","test",0.394380906853507,-0.222791251629119,"Covers 0"
423,"Generated",-0.0268585548133897,-0.333421698166434,0.28946876069863,"mbgan","MB-GAN","test",0.605360340682508,-0.00538026071190943,"Covers 0"
424,"Generated",-0.120791973716957,-0.479137910831192,0.189336107727684,"mbgan","MB-GAN","test",0.634701305776593,-0.195505253330173,"Covers 0"
425,"Generated",-0.0619117617477477,-0.369720887308475,0.226206303063797,"mbgan","MB-GAN","test",0.345773842188965,0.0341440441423362,"Covers 0"
426,"Generated",0.0352765058676202,-0.30684312190165,0.378185847900645,"mbgan","MB-GAN","test",-0.212628387828334,0.368179470453499,"Covers 0"
427,"Generated",-0.0479395922654012,-0.429346401677119,0.333218584257155,"mbgan","MB-GAN","test",0.152913476218551,-0.110632296778026,"Covers 0"
428,"Generated",-0.0114875954578339,-0.326555774463025,0.286202230600264,"mbgan","MB-GAN","test",-0.154081822470398,0.186772538975279,"Covers 0"
429,"Generated",-0.00691508225710689,-0.356152324498689,0.330607849365155,"mbgan","MB-GAN","test",-0.0664295365854826,0.196589942583069,"Covers 0"
430,"Generated",-0.00185692707313452,-0.342441988560902,0.363787940723004,"mbgan","MB-GAN","test",-0.657796954267063,0.351700202852949,"Covers 0"
431,"Generated",-0.0541322143793565,-0.429553789009124,0.297088662258123,"mbgan","MB-GAN","test",0.703832461116755,-0.391728818829892,"Covers 0"
432,"Generated",-0.0690943635804262,-0.396305266464871,0.232417711992211,"mbgan","MB-GAN","test",0.667164338005025,0.0258464634302077,"Covers 0"
433,"Generated",-0.0119125473552664,-0.44089554393938,0.41894638301947,"mbgan","MB-GAN","test",-0.0623524111078911,0.0571476570852978,"Covers 0"
434,"Generated",-0.0821668622643258,-0.418123459320548,0.218946227244854,"mbgan","MB-GAN","test",0.725408333696614,-0.212731385120491,"Covers 0"
435,"Generated",-0.094786367509158,-0.445099680203628,0.222937724515179,"mbgan","MB-GAN","test",0.773505311140944,-0.319447032586772,"Covers 0"
436,"Generated",0.0181296164192138,-0.342822362931531,0.389282139307876,"mbgan","MB-GAN","test",-0.605688629581466,-1.08239563027285,"Covers 0"
437,"Generated",-0.0154712712539513,-0.44610923594617,0.347898053132905,"mbgan","MB-GAN","test",-0.585846707224426,0.0468400343135527,"Covers 0"
438,"Generated",0.0366312918307774,-0.399762148780122,0.465035665264294,"mbgan","MB-GAN","test",0.0576948469195463,0.0460612902265921,"Covers 0"
439,"Generated",-0.0259683102897661,-0.463170054729826,0.40588537185642,"mbgan","MB-GAN","test",0.297784456121314,-0.0664345101390029,"Covers 0"
440,"Generated",0.00994716009005634,-0.270621449966428,0.329245550132698,"mbgan","MB-GAN","test",0.122166679621925,0.200459535981987,"Covers 0"
441,"Generated",0.0332665061359184,-0.351914303422481,0.415615427306242,"mbgan","MB-GAN","test",-0.57753159174675,0.0554613088732282,"Covers 0"
442,"Generated",-0.0835215566798755,-0.388955950403426,0.235692316264662,"mbgan","MB-GAN","test",0.572042099352178,-0.0125627953937162,"Covers 0"
443,"Generated",0.0146392797963888,-0.385226292564465,0.42670164254067,"mbgan","MB-GAN","test",-0.457183767402935,0.272948878047677,"Covers 0"
444,"Generated",0.000220529285193102,-0.37447476451008,0.381843104864269,"mbgan","MB-GAN","test",-0.712019173202353,-1.1474064834628,"Covers 0"
445,"Generated",-0.0203011278072055,-0.383883961143877,0.338228116793434,"mbgan","MB-GAN","test",-0.212695624835582,-0.431975250856216,"Covers 0"
446,"Generated",-0.0291867994333988,-0.377039228638911,0.291433033076457,"mbgan","MB-GAN","test",0.156920588500305,-0.605184521697172,"Covers 0"
447,"Generated",-0.0368525696643124,-0.396186466776942,0.336551598562149,"mbgan","MB-GAN","test",-0.0521275116323573,-0.0240250948208957,"Covers 0"
448,"Generated",0.00882683902666179,-0.401555565544276,0.424138560027942,"mbgan","MB-GAN","test",-0.212885810327748,0.0806406012208474,"Covers 0"
449,"Generated",-0.0330018973403496,-0.434181857065886,0.331935742914195,"mbgan","MB-GAN","test",-0.422371704987972,0.0223636370743113,"Covers 0"
450,"Generated",0.00163194170442747,-0.300255875880338,0.338036568033293,"mbgan","MB-GAN","test",-0.230624982012412,0.407854263441868,"Covers 0"
451,"Generated",-0.041577350764174,-0.370898229852932,0.276369071145481,"mbgan","MB-GAN","test",0.141803870561983,0.132174238999504,"Covers 0"
452,"Generated",-0.0991369177962334,-0.465909458366032,0.222361958469788,"mbgan","MB-GAN","test",0.678757104334274,-0.363276071455569,"Covers 0"
453,"Generated",-0.0247382268582046,-0.414662910657208,0.393786594242875,"mbgan","MB-GAN","test",-0.400812488734508,-0.49448738084226,"Covers 0"
454,"Generated",-0.0657786586646832,-0.407948798455601,0.258173573172733,"mbgan","MB-GAN","test",0.376136359914059,0.0806069061008226,"Covers 0"
455,"Generated",-0.0826366998380356,-0.386179827162025,0.22239215761451,"mbgan","MB-GAN","test",0.436800633365295,0.00430949045710524,"Covers 0"
456,"Generated",-0.0135665215498357,-0.492702511371065,0.430472329250854,"mbgan","MB-GAN","test",-0.296419445455538,0.0091605034053916,"Covers 0"
457,"Generated",-0.0607479964918725,-0.44123117453949,0.333737767899971,"mbgan","MB-GAN","test",0.459944710944269,0.0521116209969366,"Covers 0"
458,"Generated",-0.0187530860527977,-0.377389115300204,0.368584957515743,"mbgan","MB-GAN","test",-0.18387760222154,0.259958683503197,"Covers 0"
459,"Generated",0.00477597417654101,-0.386899732669307,0.412708539220282,"mbgan","MB-GAN","test",0.306168361937408,-0.0647107181401349,"Covers 0"
460,"Generated",0.00567727080233219,-0.359335933871737,0.401802981903539,"mbgan","MB-GAN","test",-0.201289889756258,0.141944516609688,"Covers 0"
461,"Generated",-0.00234629530154885,-0.427346998165258,0.405570937563799,"mbgan","MB-GAN","test",-0.580244224536801,0.0133018243480401,"Covers 0"
462,"Generated",-0.00349654575652718,-0.404761322227016,0.349614074433242,"mbgan","MB-GAN","test",-0.591946298883331,0.0694123767480897,"Covers 0"
463,"Generated",0.0219170475742558,-0.323236822423281,0.402597401440025,"mbgan","MB-GAN","test",-0.543319448278991,0.0375760184980874,"Covers 0"
464,"Generated",0.0164356739893124,-0.394658499002114,0.435895832722176,"mbgan","MB-GAN","test",-0.13197198473821,0.231197721789046,"Covers 0"
465,"Generated",-0.037761308774619,-0.369866532328559,0.277761084193978,"mbgan","MB-GAN","test",-0.341927736727118,0.427115307585329,"Covers 0"
466,"Generated",-0.0484718901404085,-0.347949011718271,0.244887636614008,"mbgan","MB-GAN","test",0.318045237268292,-0.471643713881281,"Covers 0"
467,"Generated",0.018513831254494,-0.315748591247577,0.344444153724538,"mbgan","MB-GAN","test",-0.0500326906337541,0.238480277069427,"Covers 0"
468,"Generated",0.0227081349944224,-0.44140735959927,0.482632935475091,"mbgan","MB-GAN","test",-0.419951361464415,0.129211564466639,"Covers 0"
469,"Generated",0.00738821603680461,-0.450690391085575,0.44292440642633,"mbgan","MB-GAN","test",-0.521211500727331,0.09020428958708,"Covers 0"
470,"Generated",-0.0193071419587216,-0.370689449786628,0.352955960518088,"mbgan","MB-GAN","test",0.563195736443826,-0.0736180267384342,"Covers 0"
471,"Generated",-0.00138104631614769,-0.339615618864366,0.319061679596655,"mbgan","MB-GAN","test",-0.481528773448739,-0.0149446355286435,"Covers 0"
472,"Generated",-0.0147568883451938,-0.362602692979954,0.348746498091931,"mbgan","MB-GAN","test",0.293579763262064,-0.106365212374536,"Covers 0"
473,"Generated",0.06272517161144,-0.290827777693067,0.4318743121408,"mbgan","MB-GAN","test",-0.00811958950681438,0.271364189198001,"Covers 0"
474,"Generated",-0.0811579765028382,-0.390698051595477,0.193448365225895,"mbgan","MB-GAN","test",0.687511605763633,0.0123486072981737,"Covers 0"
475,"Generated",-0.0790322764365651,-0.434020763480857,0.245914714526153,"mbgan","MB-GAN","test",0.562229543905531,-0.233979115625477,"Covers 0"
476,"Generated",0.00909043537886825,-0.351884000339168,0.371771034381316,"mbgan","MB-GAN","test",-0.254903164879462,0.3047264568777,"Covers 0"
477,"Generated",-0.024179657616233,-0.43114151678668,0.428018165803507,"mbgan","MB-GAN","test",-0.48045535464187,0.0373778226160099,"Covers 0"
478,"Generated",-0.0302161742021629,-0.364362993927749,0.289652301500405,"mbgan","MB-GAN","test",-0.0189467709922777,-0.765507304829901,"Covers 0"
479,"Generated",-0.013253198796654,-0.36979689258555,0.327637193912238,"mbgan","MB-GAN","test",0.595930370276898,0.0062352354378166,"Covers 0"
480,"Generated",0.0274564900643142,-0.344145867535639,0.433238373621685,"mbgan","MB-GAN","test",-0.504093041523659,0.0733168418658683,"Covers 0"
481,"Generated",-0.0350623382337664,-0.361651407631927,0.295181218236734,"mbgan","MB-GAN","test",0.36057548233532,-0.117315186853218,"Covers 0"
482,"Generated",0.00471353515618728,-0.445525879623867,0.45288948013502,"mbgan","MB-GAN","test",-0.51756548290004,-0.0298171153918784,"Covers 0"
483,"Generated",0.000804074964233291,-0.387203618114267,0.351897176247067,"mbgan","MB-GAN","test",-0.140687067033382,0.238212493329328,"Covers 0"
484,"Generated",0.00072362337980417,-0.349094076923792,0.35153260103499,"mbgan","MB-GAN","test",-0.372482605035412,0.186340996712827,"Covers 0"
485,"Generated",0.0237124730602318,-0.337116794411624,0.400347603959317,"mbgan","MB-GAN","test",-0.606243828045141,-0.977735274668841,"Covers 0"
486,"Generated",-0.0328821665834621,-0.372753573308448,0.3284220228243,"mbgan","MB-GAN","test",0.287101619563763,-0.0573001645937258,"Covers 0"
487,"Generated",0.0154151539869591,-0.332516503661884,0.365405935806795,"mbgan","MB-GAN","test",0.0588816680073462,0.0370034763517885,"Covers 0"
488,"Generated",0.00506689753014321,-0.410382473732689,0.411289343577878,"mbgan","MB-GAN","test",-0.561111366579341,0.120137162309469,"Covers 0"
489,"Generated",-0.0692751250160882,-0.439448464154738,0.27723470811516,"mbgan","MB-GAN","test",0.296628609814092,-0.105286793986776,"Covers 0"
490,"Generated",0.0454980683837483,-0.380564549941443,0.47420475763013,"mbgan","MB-GAN","test",-0.602417314605344,0.0927812571045085,"Covers 0"
491,"Generated",-0.0684930610436197,-0.39264592855958,0.238621032085347,"mbgan","MB-GAN","test",0.205443096499898,0.10433382319857,"Covers 0"
492,"Generated",-0.0172444860878773,-0.318888509358161,0.296337235700505,"mbgan","MB-GAN","test",-0.44550492290937,0.506085120901411,"Covers 0"
493,"Generated",0.0192423914678467,-0.298804091553479,0.367006638553382,"mbgan","MB-GAN","test",0.0348084518153787,0.302466094149085,"Covers 0"
494,"Generated",-0.0124642437567279,-0.361884807547535,0.371410786372539,"mbgan","MB-GAN","test",0.178638856593222,-0.043434621033256,"Covers 0"
495,"Generated",-0.0208953558342372,-0.388858057468374,0.35501660399588,"mbgan","MB-GAN","test",0.581721813548043,-0.111664386706401,"Covers 0"
496,"Generated",-0.0028798557823538,-0.341358842904528,0.355222870345201,"mbgan","MB-GAN","test",-0.245896524702172,0.411357745774858,"Covers 0"
497,"Generated",-0.105643850105581,-0.409724215533115,0.156655478543889,"mbgan","MB-GAN","test",0.744358735603875,0.0215927653230077,"Covers 0"
498,"Generated",0.0313905328169971,-0.352829646537606,0.420568005429427,"mbgan","MB-GAN","test",-0.556199154677832,0.0467555731018756,"Covers 0"
499,"Generated",-0.0323930350804268,-0.39628832965877,0.337260907619237,"mbgan","MB-GAN","test",-0.164564556646527,0.384117010495698,"Covers 0"
500,"Generated",0.00511558441303656,-0.335753360575246,0.364862990292598,"mbgan","MB-GAN","test",-0.417451134325699,0.474718082971128,"Covers 0"
501,"Generated",-0.0317613516253503,-0.369690285387463,0.315395054850188,"mbgan","MB-GAN","test",-0.476421044504526,-0.753273620097342,"Covers 0"
502,"Generated",-0.0192568676495568,-0.373195326726604,0.320289713669862,"mbgan","MB-GAN","test",-0.33567015970493,-0.462180882489464,"Covers 0"
503,"Generated",-0.0437807954166179,-0.331811939046498,0.254630820721638,"mbgan","MB-GAN","test",0.316171165310354,0.0524100598481435,"Covers 0"
504,"Generated",-0.0360918937169941,-0.422306408787483,0.335519357802707,"mbgan","MB-GAN","test",0.305708893888114,0.0593875128156374,"Covers 0"
505,"Generated",0.0217607665766804,-0.394227153067466,0.428200609610069,"mbgan","MB-GAN","test",-0.466196442027082,0.509368098858795,"Covers 0"
506,"Generated",0.0564971457986975,-0.3396052739986,0.481788674009538,"mbgan","MB-GAN","test",0.0370689862458604,-0.0429051588924855,"Covers 0"
507,"Generated",-0.0412627269942157,-0.399565783837745,0.285606271931947,"mbgan","MB-GAN","test",0.527024098014731,-0.0397145450452766,"Covers 0"
508,"Generated",-0.0416158620049217,-0.393424103733576,0.303592974748303,"mbgan","MB-GAN","test",-0.302512705744436,0.116820211606725,"Covers 0"
509,"Generated",-0.0618601810492211,-0.372060207864554,0.217714282684839,"mbgan","MB-GAN","test",0.5354010413605,0.0696316334080606,"Covers 0"
510,"Generated",-0.0556536708135974,-0.445839934051947,0.32438600190776,"mbgan","MB-GAN","test",0.599363368451485,-0.329825021198637,"Covers 0"
511,"Generated",-0.0114676157634024,-0.346847312832724,0.337087549972306,"mbgan","MB-GAN","test",-0.675573877851047,-0.983328912444285,"Covers 0"
512,"Generated",-0.0102684497380475,-0.345322615656386,0.36146385385203,"mbgan","MB-GAN","test",0.516068858013814,-0.0463054368967971,"Covers 0"
513,"Generated",-0.0494476292430091,-0.505978180330541,0.377687527150126,"mbgan","MB-GAN","test",-0.485781880471114,-0.0685456232925241,"Covers 0"
514,"Generated",0.00285395629703955,-0.346322673655623,0.383321011105451,"mbgan","MB-GAN","test",0.0934209708880635,0.121352652604977,"Covers 0"
515,"Generated",-0.00374739542029032,-0.372171610365129,0.349783107988551,"mbgan","MB-GAN","test",-0.00955331677468673,0.0606844076764567,"Covers 0"
516,"Generated",-0.00611526098505596,-0.412245075352536,0.411384479618294,"mbgan","MB-GAN","test",-0.56451641896898,-0.282533561908474,"Covers 0"
517,"Generated",-0.0499478158378674,-0.547025796880416,0.460428519281605,"mbgan","MB-GAN","test",-0.435005926660425,-0.118158785986022,"Covers 0"
518,"Generated",-0.0532212164225638,-0.374445043152823,0.279887736800137,"mbgan","MB-GAN","test",0.315277291666121,0.091963849560597,"Covers 0"
519,"Generated",0.0168183121338159,-0.408089299653409,0.437349127530743,"mbgan","MB-GAN","test",-0.518842068918104,0.311114078029994,"Covers 0"
520,"Generated",-0.00217280165357416,-0.379352846785207,0.39211719776622,"mbgan","MB-GAN","test",-0.491566780675141,0.108216827051586,"Covers 0"
521,"Generated",-0.0838432309831755,-0.429135767132801,0.260861805111577,"mbgan","MB-GAN","test",0.413259819469143,-0.135433731157795,"Covers 0"
522,"Generated",-0.0458568840338357,-0.359574612315955,0.280615131960319,"mbgan","MB-GAN","test",0.679479939398127,0.0634821029770829,"Covers 0"
523,"Generated",0.0269442938166901,-0.342180302708121,0.442194754739065,"mbgan","MB-GAN","test",-0.634876226843964,0.192673891279025,"Covers 0"
524,"Generated",-0.0198914427977755,-0.40268610250465,0.397603770057838,"mbgan","MB-GAN","test",-0.61868642035108,0.236931417827444,"Covers 0"
525,"Generated",-0.00159377001235624,-0.339628381983415,0.340735985999288,"mbgan","MB-GAN","test",-0.0114757809923201,-0.0926316955790867,"Covers 0"
526,"Generated",-0.072867819429519,-0.372243157536234,0.214095423092187,"mbgan","MB-GAN","test",0.523742159153825,0.181708614712342,"Covers 0"
527,"Generated",-0.00493700378436875,-0.406020723728434,0.386124504301708,"mbgan","MB-GAN","test",-0.490161077462353,-0.0365833206382813,"Covers 0"
528,"Generated",-0.035677689788855,-0.356287590290358,0.264935968034347,"mbgan","MB-GAN","test",-0.511090715997439,-1.17355651443343,"Covers 0"
529,"Generated",-0.00843408316103452,-0.310035787790993,0.331712858813746,"mbgan","MB-GAN","test",0.39209256611615,0.0625411180387627,"Covers 0"
530,"Generated",-0.0316175791342339,-0.463253613233724,0.378824823241214,"mbgan","MB-GAN","test",0.110304524700633,0.332813192069591,"Covers 0"
531,"Generated",-0.0385828668546344,-0.385256215030793,0.329333705082022,"mbgan","MB-GAN","test",0.291947505408524,-0.0649091550768519,"Covers 0"
532,"Generated",-0.131848851604453,-0.47349033358832,0.17313247805948,"mbgan","MB-GAN","test",0.763323972862583,-0.313776668477881,"Covers 0"
533,"Generated",0.00149446412011349,-0.397386553853052,0.422821614604289,"mbgan","MB-GAN","test",-0.480027650762441,0.193587129266052,"Covers 0"
534,"Generated",-0.00764635777564198,-0.424481451365861,0.379780633349525,"mbgan","MB-GAN","test",0.306863889954632,-0.0434087068964866,"Covers 0"
535,"Generated",-0.0444891967463956,-0.382702564037807,0.325947453230967,"mbgan","MB-GAN","test",-0.0472500339306923,-0.0741050267635398,"Covers 0"
536,"Generated",-0.0155581871568502,-0.41334463384232,0.382906836459568,"mbgan","MB-GAN","test",-0.0188849466615609,0.0394993986955318,"Covers 0"
537,"Generated",-0.022071902535949,-0.359513061436691,0.355143086003887,"mbgan","MB-GAN","test",-0.257755341135159,-0.434993652517689,"Covers 0"
538,"Generated",0.0238034737193732,-0.279691554183411,0.341708049908307,"mbgan","MB-GAN","test",-0.235147382578122,0.471429728880308,"Covers 0"
539,"Generated",-0.00698812262054815,-0.342202653342157,0.331343369779386,"mbgan","MB-GAN","test",0.337068303837173,-0.0552671601397176,"Covers 0"
540,"Generated",-0.010457503911241,-0.351739733954047,0.358033399279941,"mbgan","MB-GAN","test",-0.538417385431623,-0.977320872933554,"Covers 0"
541,"Generated",-0.00783376727321897,-0.355249149655368,0.374615788499196,"mbgan","MB-GAN","test",-0.325121888628951,0.519413019678065,"Covers 0"
542,"Generated",-0.0849423004647402,-0.387062659314308,0.216263570217477,"mbgan","MB-GAN","test",0.75068933474239,-0.0153046339496934,"Covers 0"
543,"Generated",-0.0783484603733199,-0.430326309149128,0.246123937111743,"mbgan","MB-GAN","test",0.133673627598754,0.0940024077889115,"Covers 0"
544,"Generated",-0.0194383038147775,-0.461706293574634,0.389377056884927,"mbgan","MB-GAN","test",0.24274164403319,0.013653580627623,"Covers 0"
545,"Generated",0.0468172041289028,-0.285746423636886,0.407160549705382,"mbgan","MB-GAN","test",-0.222308704824988,0.399520372761255,"Covers 0"
546,"Generated",-0.0961662778453668,-0.437093257095588,0.222834825585147,"mbgan","MB-GAN","test",0.663816266153505,-0.408622897131597,"Covers 0"
547,"Generated",-0.0574153941177364,-0.346706219522355,0.235609951725036,"mbgan","MB-GAN","test",0.41196254585182,-0.0184510696717914,"Covers 0"
548,"Generated",0.0133202606479337,-0.314130038340992,0.386864781774632,"mbgan","MB-GAN","test",-0.652908345130798,-1.12304874354524,"Covers 0"
549,"Generated",-0.0285803774215123,-0.372768107484805,0.318152849044613,"mbgan","MB-GAN","test",0.0591139979732255,0.0393990971816959,"Covers 0"
550,"Generated",-0.0701682476206471,-0.440296071078929,0.309092342162532,"mbgan","MB-GAN","test",-0.438491221620234,0.403868417103287,"Covers 0"
551,"Generated",-0.038032938624474,-0.35654824154315,0.280244259096978,"mbgan","MB-GAN","test",0.481245792386778,-0.00342826497591232,"Covers 0"
552,"Generated",0.00538408157441929,-0.430550367948327,0.481180586866077,"mbgan","MB-GAN","test",-0.510632435087934,-0.024205720560729,"Covers 0"
553,"Generated",-0.00527473708812328,-0.377078163994374,0.368442572304275,"mbgan","MB-GAN","test",-0.220743918073665,0.147632278210702,"Covers 0"
554,"Generated",0.00932140148758525,-0.382961303784742,0.44438514946914,"mbgan","MB-GAN","test",-0.266178054827656,0.22347981693008,"Covers 0"
555,"Generated",-0.0753171328328941,-0.412226702319841,0.254688668153042,"mbgan","MB-GAN","test",0.735838835251282,-0.254735969919035,"Covers 0"
556,"Generated",-0.0157965543288848,-0.359600047291114,0.317202054287144,"mbgan","MB-GAN","test",-0.500314323810091,0.0210073166078156,"Covers 0"
557,"Generated",-0.0579321402553757,-0.436241244075692,0.266978371680468,"mbgan","MB-GAN","test",-0.291282225684769,-0.39203401848642,"Covers 0"
558,"Generated",-0.0265570931111371,-0.339159467934047,0.311213857321258,"mbgan","MB-GAN","test",-0.435697147625248,0.457870097864982,"Covers 0"
559,"Generated",-0.0760217879271019,-0.469500992924311,0.304949160885033,"mbgan","MB-GAN","test",0.474519373655286,0.108664059513079,"Covers 0"
560,"Generated",-0.00944827806115844,-0.318733974461349,0.330934523746086,"mbgan","MB-GAN","test",0.287913405990812,0.0375691736157066,"Covers 0"
561,"Generated",0.0160347715400511,-0.3649280662448,0.384340236173023,"mbgan","MB-GAN","test",-0.409080157679874,0.201504876147474,"Covers 0"
562,"Generated",-0.0355345414901391,-0.353988038185287,0.301704776772351,"mbgan","MB-GAN","test",0.468661155434847,-0.236455422824358,"Covers 0"
563,"Generated",-0.00236660809155475,-0.326208623167015,0.344451064334229,"mbgan","MB-GAN","test",-0.322869406361213,0.445336826714693,"Covers 0"
564,"Generated",-0.0443551549752298,-0.373878980404729,0.256891958158097,"mbgan","MB-GAN","test",-0.217273150070122,-0.866079811204135,"Covers 0"
565,"Generated",-0.0784243814754176,-0.391752053050826,0.222680797589466,"mbgan","MB-GAN","test",0.78061798853027,-0.191379473733937,"Covers 0"
566,"Generated",0.0443190616246299,-0.302306480264698,0.397525658436743,"mbgan","MB-GAN","test",-0.332119867202932,0.369651739071815,"Covers 0"
567,"Generated",0.0154241751785573,-0.345111341210684,0.415780080127245,"mbgan","MB-GAN","test",0.477994068276956,-0.191965528850999,"Covers 0"
568,"Generated",-0.0271109022570586,-0.396169972692893,0.347331931206669,"mbgan","MB-GAN","test",0.238695683458518,0.0358111270866148,"Covers 0"
569,"Generated",-0.0270794464270182,-0.368689525125687,0.291338011708814,"mbgan","MB-GAN","test",-0.70524016500534,-0.896643896228493,"Covers 0"
570,"Generated",-0.0258923083195046,-0.354410079403753,0.296060216246489,"mbgan","MB-GAN","test",-0.253941266939371,-0.951861804837516,"Covers 0"
571,"Generated",-0.0265341248392075,-0.489547341238467,0.426666881205948,"mbgan","MB-GAN","test",0.0477232666605854,0.375992801322302,"Covers 0"
572,"Generated",-0.0385312925918353,-0.394467061949499,0.318887748833413,"mbgan","MB-GAN","test",0.0587284827380114,0.112800414438206,"Covers 0"
573,"Generated",-0.0417872561272645,-0.487326490213727,0.423438035512484,"mbgan","MB-GAN","test",-0.534679369622813,0.00436192659047992,"Covers 0"
574,"Generated",-0.0253576378216757,-0.499274593777217,0.438213355471749,"mbgan","MB-GAN","test",-0.530391728564141,-0.0277057449384913,"Covers 0"
575,"Generated",-0.0312306714778963,-0.3506885930455,0.301447971853773,"mbgan","MB-GAN","test",0.211910365864905,0.323144370005894,"Covers 0"
576,"Generated",0.0322116787727459,-0.392372452798424,0.510130904400841,"mbgan","MB-GAN","test",0.044890691978931,0.0133621757505351,"Covers 0"
577,"Generated",-0.0252253274610489,-0.376210224077299,0.351361919329431,"mbgan","MB-GAN","test",-0.151222347023889,0.167391752592572,"Covers 0"
578,"Generated",0.0208791785635015,-0.30919398758371,0.372969710595282,"mbgan","MB-GAN","test",-0.175082445575387,0.358707717309254,"Covers 0"
579,"Generated",-0.0376701978801626,-0.343849291276457,0.28939795073736,"mbgan","MB-GAN","test",0.375839578808889,0.305636000369742,"Covers 0"
580,"Generated",-0.00500314261094488,-0.344066374485757,0.342143800795046,"mbgan","MB-GAN","test",-0.687739108789613,-1.1100215727345,"Covers 0"
581,"Generated",-0.0291439821739184,-0.408671031788503,0.361661312147547,"mbgan","MB-GAN","test",0.152216120646012,0.162385669734485,"Covers 0"
582,"Generated",-0.0260992558066709,-0.439798609839179,0.379141127305932,"mbgan","MB-GAN","test",0.0496686997703885,0.0702507012932189,"Covers 0"
583,"Generated",-0.105656681226862,-0.461959621508524,0.215026395185905,"mbgan","MB-GAN","test",0.719667535596096,-0.286450796798848,"Covers 0"
584,"Generated",0.0125470813111674,-0.437700175463845,0.462823212025911,"mbgan","MB-GAN","test",-0.0349484430299625,0.17142658921031,"Covers 0"
585,"Generated",-0.025369767194949,-0.367630241490836,0.313930689591859,"mbgan","MB-GAN","test",-0.792356511177003,-0.958178804550726,"Covers 0"
586,"Generated",-0.0329306947793983,-0.347484428443514,0.290805654396356,"mbgan","MB-GAN","test",-0.301661285693391,-1.02161995778875,"Covers 0"
587,"Generated",-0.0153678648353967,-0.430462751385011,0.405890970047451,"mbgan","MB-GAN","test",-0.473047461363329,0.132911858062453,"Covers 0"
588,"Generated",-0.0191795514188759,-0.368280154435541,0.352425331710728,"mbgan","MB-GAN","test",-0.29482251306095,0.0772517547375121,"Covers 0"
589,"Generated",-0.000809678472795833,-0.37247048167404,0.362594367841706,"mbgan","MB-GAN","test",-0.654485657393419,-1.17152168790755,"Covers 0"
590,"Generated",-0.0270228410497481,-0.33905723256191,0.274191215876445,"mbgan","MB-GAN","test",0.281230710269754,0.0680747379816702,"Covers 0"
591,"Generated",0.00124902321103697,-0.362248403639237,0.356823208071768,"mbgan","MB-GAN","test",-0.592794996827001,-1.11632621406705,"Covers 0"
592,"Generated",-0.0196989217057272,-0.363600699792298,0.32343354360829,"mbgan","MB-GAN","test",0.0228557297648165,0.112544217835036,"Covers 0"
593,"Generated",-0.0441992180183779,-0.396510900069528,0.323151287289044,"mbgan","MB-GAN","test",-0.389399562343307,0.458503945191159,"Covers 0"
594,"Generated",-0.0543192552363491,-0.417532464989229,0.25306624850135,"mbgan","MB-GAN","test",0.667282018666411,-0.156159400258226,"Covers 0"
595,"Generated",0.0279823576537577,-0.303512331756995,0.375244246821552,"mbgan","MB-GAN","test",-0.22388210941473,0.197803970608951,"Covers 0"
596,"Generated",0.019755934414015,-0.285952526925291,0.366707560478493,"mbgan","MB-GAN","test",-0.0738299373246258,0.343261251746298,"Covers 0"
597,"Generated",0.0289210248939314,-0.311176619453996,0.363317943577144,"mbgan","MB-GAN","test",-0.50905290692473,0.0316007012372591,"Covers 0"
598,"Generated",-0.0829629891639878,-0.401840917451652,0.221542269639185,"mbgan","MB-GAN","test",0.831020034690784,-0.0275998682634083,"Covers 0"
599,"Generated",0.0293643695384173,-0.385258277907983,0.450654772109973,"mbgan","MB-GAN","test",-0.233345431158669,0.364098479602428,"Covers 0"
600,"Generated",0.0085317658060833,-0.386748480178519,0.431657841168384,"mbgan","MB-GAN","test",-0.124079182546442,0.116297254387311,"Covers 0"
601,"Generated",-0.0622949728099137,-0.36033009859999,0.226120682699061,"mbgan","MB-GAN","test",0.638538155506408,0.144944483574063,"Covers 0"
602,"Generated",-0.0747301274236312,-0.452471317505665,0.269487203040695,"mbgan","MB-GAN","test",0.544044071150067,-0.093977687610323,"Covers 0"
603,"Generated",0.00116233682746606,-0.389474921641796,0.405565323437514,"mbgan","MB-GAN","test",-0.618961455197771,0.245007249533031,"Covers 0"
604,"Generated",0.0326617591782791,-0.338910597698356,0.400302232585228,"mbgan","MB-GAN","test",-0.561187972915836,-0.387259388001134,"Covers 0"
605,"Generated",0.044465443123601,-0.312380229453995,0.46058519147133,"mbgan","MB-GAN","test",0.116044180021132,0.235340257173104,"Covers 0"
606,"Generated",-0.0488170534053705,-0.390178301378962,0.296178907586912,"mbgan","MB-GAN","test",0.240570069699354,0.0685004319162459,"Covers 0"
607,"Generated",0.0166270644327049,-0.344002869965067,0.389784003223168,"mbgan","MB-GAN","test",-0.28586698011507,0.483539616709518,"Covers 0"
608,"Generated",-0.0693306722655769,-0.36894957960425,0.238970629560786,"mbgan","MB-GAN","test",0.303757744438764,0.0589774833594468,"Covers 0"
609,"Generated",-0.0212056672981004,-0.34149193417881,0.34497589935725,"mbgan","MB-GAN","test",0.349093424138886,-0.201310271576586,"Covers 0"
610,"Generated",-0.0448475470262148,-0.324304090341197,0.263958825795984,"mbgan","MB-GAN","test",0.587868366647483,0.12043058351818,"Covers 0"
611,"Generated",-0.0594237924980894,-0.357034252465687,0.248853720267021,"mbgan","MB-GAN","test",0.658809141553822,-0.034454387033135,"Covers 0"
612,"Generated",-0.00984133214855662,-0.391819523228384,0.371943736000988,"mbgan","MB-GAN","test",-0.310619223781592,0.119549002946056,"Covers 0"
613,"Generated",-0.0130519272273595,-0.361324368214379,0.336694062168692,"mbgan","MB-GAN","test",-0.325311580506117,0.451202289854719,"Covers 0"
614,"Generated",-0.0984488902630483,-0.407028416047342,0.21375371831361,"mbgan","MB-GAN","test",0.762974841460302,0.0659942865852944,"Covers 0"
615,"Generated",-0.00270521313667554,-0.391965606985489,0.416097353508621,"mbgan","MB-GAN","test",0.501862057734411,-0.030213032549088,"Covers 0"
616,"Generated",0.0187944387571517,-0.323029194222577,0.391365985609425,"mbgan","MB-GAN","test",-0.410428794003977,-0.0871684020435205,"Covers 0"
617,"Generated",-0.0617130626027844,-0.40564178443821,0.300414197933831,"mbgan","MB-GAN","test",-0.650395589255391,0.265939477245094,"Covers 0"
618,"Generated",-0.0588168419556749,-0.426336876001262,0.23491670502051,"mbgan","MB-GAN","test",-0.0645507270795336,0.241857977519874,"Covers 0"
619,"Generated",-0.0223576883338316,-0.350660841243088,0.324842873670324,"mbgan","MB-GAN","test",0.125631362678041,-0.0436735239284307,"Covers 0"
620,"Generated",-0.0313916700876538,-0.331002582429633,0.315900669754579,"mbgan","MB-GAN","test",0.426057543679987,0.151002186618657,"Covers 0"
621,"Generated",-0.0361862652025821,-0.351143441889058,0.328745751861298,"mbgan","MB-GAN","test",0.0243375216485462,0.090400076815513,"Covers 0"
622,"Generated",-0.052390009248897,-0.361368263963835,0.272643089105255,"mbgan","MB-GAN","test",0.326278810073335,0.308646877763134,"Covers 0"
623,"Generated",-0.031543684581635,-0.368552379624958,0.303984909748074,"mbgan","MB-GAN","test",-0.823862067695704,-0.834867667138746,"Covers 0"
624,"Generated",-0.0442395927433255,-0.349331610545215,0.281301693755077,"mbgan","MB-GAN","test",-0.00448325014171335,-0.690571162554251,"Covers 0"
625,"Generated",0.0305683703756214,-0.356724694267589,0.450185729204486,"mbgan","MB-GAN","test",0.141013816527814,0.0595903041775924,"Covers 0"
626,"Generated",-0.0811257857125862,-0.426029241542298,0.231956685240804,"mbgan","MB-GAN","test",0.608638049732245,-0.224889914049547,"Covers 0"
627,"Generated",-0.0384462942577917,-0.40704151424078,0.342908416824553,"mbgan","MB-GAN","test",-0.315936589030722,0.132356479946401,"Covers 0"
628,"Generated",0.0307433808192212,-0.37597349383182,0.461431268487301,"mbgan","MB-GAN","test",-0.494707390815436,0.269230864163064,"Covers 0"
629,"Generated",0.00745969520121527,-0.333491634083636,0.366322949236308,"mbgan","MB-GAN","test",-0.288374415144574,-0.934603497304691,"Covers 0"
630,"Generated",0.0790927400396237,-0.307605354284809,0.489194123372619,"mbgan","MB-GAN","test",-0.296848461436417,-0.471231882631082,"Covers 0"
631,"Generated",0.0416543290565528,-0.303475071803649,0.443178839568676,"mbgan","MB-GAN","test",-0.52107395012885,0.104430857164735,"Covers 0"
632,"Generated",-0.0331567895752843,-0.404377926974312,0.368500341335251,"mbgan","MB-GAN","test",0.647164076977419,-0.157580457959909,"Covers 0"
633,"Generated",0.00159562227083132,-0.386624895420128,0.421308484241487,"mbgan","MB-GAN","test",-0.420365837062489,-0.257981076365165,"Covers 0"
634,"Generated",-0.00721567915957241,-0.437880150702615,0.390699189825424,"mbgan","MB-GAN","test",-0.362970397178561,0.424654589127129,"Covers 0"
635,"Generated",-0.0289041255383695,-0.357759409403566,0.305296970117265,"mbgan","MB-GAN","test",0.571702794954575,0.0419000664670828,"Covers 0"
636,"Generated",0.00721540515481648,-0.398622636550808,0.439428444079,"mbgan","MB-GAN","test",-0.0203635413998685,0.0947484400730832,"Covers 0"
637,"Generated",0.0380217243284671,-0.349211827082717,0.432452664424755,"mbgan","MB-GAN","test",-0.264366686627227,-0.0249047146201008,"Covers 0"
638,"Generated",-0.0433706198624382,-0.364738670046827,0.284200268747908,"mbgan","MB-GAN","test",0.270939815723687,-0.103857493612054,"Covers 0"
639,"Generated",0.00524824747811073,-0.349066645332625,0.367206959585088,"mbgan","MB-GAN","test",0.535032212890235,-0.0433778796769702,"Covers 0"
640,"Generated",-0.0597464152686117,-0.375849789317624,0.267139060014375,"mbgan","MB-GAN","test",0.706546476567585,-0.393908513831491,"Covers 0"
641,"Generated",-0.085042081775414,-0.382082184224953,0.203310958203681,"mbgan","MB-GAN","test",0.587149691761496,0.217034962681225,"Covers 0"
642,"Generated",-0.0132081642946705,-0.3838772308905,0.376943850092682,"mbgan","MB-GAN","test",0.103354772494081,0.000688230211408156,"Covers 0"
643,"Generated",0.0334482788778706,-0.347390271666899,0.41754616657565,"mbgan","MB-GAN","test",-0.038886541576246,0.102706645198274,"Covers 0"
644,"Generated",0.0101995215660167,-0.334504081703559,0.360700994355992,"mbgan","MB-GAN","test",-0.692070058874947,-0.835333507549477,"Covers 0"
645,"Generated",-0.0657346859994268,-0.486938708438656,0.310037475209633,"mbgan","MB-GAN","test",-0.49664192025737,0.136126223763746,"Covers 0"
646,"Generated",-0.016179323340229,-0.497983768096328,0.493324595437845,"mbgan","MB-GAN","test",-0.515631123161763,0.0429585503202018,"Covers 0"
647,"Generated",0.0176752851973739,-0.341395305066247,0.379217664889287,"mbgan","MB-GAN","test",0.44727168366143,-0.0144696706535183,"Covers 0"
648,"Generated",0.00255608438274268,-0.45318191457184,0.441637682202609,"mbgan","MB-GAN","test",-0.382762374265109,-0.112970234251922,"Covers 0"
649,"Generated",-0.0122397242680984,-0.311592108560285,0.299732879188291,"mbgan","MB-GAN","test",-0.181774566560354,-1.02623945373163,"Covers 0"
650,"Generated",-0.0574647890565952,-0.363307637399288,0.270662849090291,"mbgan","MB-GAN","test",0.440576959948411,0.0895316641384861,"Covers 0"
651,"Generated",-0.0197726559632251,-0.356060144025392,0.351231620545217,"mbgan","MB-GAN","test",-0.0593857597427975,-0.167711379800401,"Covers 0"
652,"Generated",0.00829313051025774,-0.335544803785319,0.392613108275114,"mbgan","MB-GAN","test",-0.327978236689863,0.193701458817547,"Covers 0"
653,"Generated",-0.0701572149113776,-0.380459397943685,0.224916687448139,"mbgan","MB-GAN","test",0.698545847826855,0.0337663283300788,"Covers 0"
654,"Generated",-0.0950943437735779,-0.430070718974259,0.191130473695907,"mbgan","MB-GAN","test",0.58000972665462,-0.178254775715932,"Covers 0"
655,"Generated",0.0197581064744589,-0.387731702408231,0.414678537949257,"mbgan","MB-GAN","test",-0.539410610077017,0.0426818540608437,"Covers 0"
656,"Generated",-0.0165680835923002,-0.356826062973564,0.320197097226134,"mbgan","MB-GAN","test",-0.340632352675789,0.349194877553199,"Covers 0"
657,"Generated",0.0336780073393452,-0.385273494274155,0.469069601429036,"mbgan","MB-GAN","test",0.208331411258426,0.0524935729773345,"Covers 0"
658,"Generated",-0.0296438701323443,-0.427683088184428,0.394647334136696,"mbgan","MB-GAN","test",-0.237794230023974,0.120218338435096,"Covers 0"
659,"Generated",-0.0692719138030207,-0.404997158095441,0.253266884116641,"mbgan","MB-GAN","test",0.692668485809944,-0.186949515394583,"Covers 0"
660,"Generated",-0.0195790927860556,-0.354914363119499,0.349730279859902,"mbgan","MB-GAN","test",-0.185874940569693,-0.122497633911594,"Covers 0"
661,"Generated",-0.0162611775609268,-0.364758662836856,0.35635642352849,"mbgan","MB-GAN","test",-0.334877851671722,-0.0545709315070544,"Covers 0"
662,"Generated",-0.0369612888451483,-0.356694155728554,0.279222953252616,"mbgan","MB-GAN","test",-0.00804032349837872,0.115471124684579,"Covers 0"
663,"Generated",0.0126338515778789,-0.384892261986424,0.432565412576954,"mbgan","MB-GAN","test",-0.46623936903719,0.0909225276331992,"Covers 0"
664,"Generated",-0.0304182249434262,-0.389791675988133,0.326667649208694,"mbgan","MB-GAN","test",-0.0131460497644759,0.138562919438636,"Covers 0"
665,"Generated",-0.0223535155921298,-0.366824104964419,0.32563332324009,"mbgan","MB-GAN","test",-0.400341005368633,0.490599114198896,"Covers 0"
666,"Generated",-0.0790658246917364,-0.425795625936713,0.278818296763206,"mbgan","MB-GAN","test",0.271789912852346,0.168172847655429,"Covers 0"
667,"Generated",0.00780348184010118,-0.346406806742389,0.366703655777942,"mbgan","MB-GAN","test",-0.373407795170868,-0.120262936226267,"Covers 0"
668,"Generated",-0.0109969727875005,-0.42775823481925,0.406324478504519,"mbgan","MB-GAN","test",0.0185712999216238,0.0652308882687433,"Covers 0"
669,"Generated",-0.0453045326346685,-0.451474406478094,0.351236183499214,"mbgan","MB-GAN","test",0.217912699261529,-0.107019525510406,"Covers 0"
670,"Generated",0.0145230048566953,-0.361719191703041,0.41323347403244,"mbgan","MB-GAN","test",-0.67027942415705,0.369812626050748,"Covers 0"
671,"Generated",-0.0489615207554944,-0.423847895854761,0.293856370383561,"mbgan","MB-GAN","test",0.551709537877863,-0.359020694522648,"Covers 0"
672,"Generated",-0.0317955244875897,-0.350133837825112,0.294499013004234,"mbgan","MB-GAN","test",0.550574154267017,0.0975381389448762,"Covers 0"
673,"Generated",-0.0457564603435409,-0.373808910593427,0.284825968246636,"mbgan","MB-GAN","test",-0.616030922361436,0.300568440353932,"Covers 0"
674,"Generated",0.00799761845367685,-0.336119218595875,0.366741331667403,"mbgan","MB-GAN","test",-0.0392622128538695,-0.49258995768145,"Covers 0"
675,"Generated",-0.00573185386850925,-0.376275156208289,0.369012794977522,"mbgan","MB-GAN","test",-0.355070398537967,0.458121621398069,"Covers 0"
676,"Generated",-0.0354789410877489,-0.519297280465636,0.446720440451871,"mbgan","MB-GAN","test",-0.45209287036824,-0.057828556511218,"Covers 0"
677,"Generated",-0.0839901746348129,-0.404994617492692,0.19800960331719,"mbgan","MB-GAN","test",0.292001758634641,0.133081625500913,"Covers 0"
678,"Generated",-0.0265531353609763,-0.318669798569826,0.309025609006221,"mbgan","MB-GAN","test",0.490197275588511,0.0777903328877914,"Covers 0"
679,"Generated",-0.0195205539197516,-0.425276293300113,0.379858072347598,"mbgan","MB-GAN","test",0.527133966042484,-0.059496129566006,"Covers 0"
680,"Generated",-0.00210733636443466,-0.429041022218264,0.433027375430691,"mbgan","MB-GAN","test",0.237265895634855,-0.0399055463103947,"Covers 0"
681,"Generated",-0.0254406858533026,-0.385612406369443,0.350756961926969,"mbgan","MB-GAN","test",0.0741601482048054,-0.0625027933162583,"Covers 0"
682,"Generated",-0.0548296623175812,-0.361489399554351,0.286083013702852,"mbgan","MB-GAN","test",0.493866883995986,-0.0841445272950331,"Covers 0"
683,"Generated",0.000148983117807772,-0.387375005730938,0.368097899656038,"mbgan","MB-GAN","test",-0.386992000139019,-0.105047857853568,"Covers 0"
684,"Generated",0.0531714746661311,-0.308036349435433,0.436236221829072,"mbgan","MB-GAN","test",-0.107165057413219,-0.0246721519902032,"Covers 0"
685,"Generated",-0.00698948132961842,-0.393938174132728,0.387231824655129,"mbgan","MB-GAN","test",0.482330279598236,-0.0646919731403012,"Covers 0"
686,"Generated",-0.0671224106957677,-0.428103258195896,0.265528578403781,"mbgan","MB-GAN","test",0.201956189585618,-0.085672489373905,"Covers 0"
687,"Generated",0.00597954534091836,-0.360412791345041,0.373260844969759,"mbgan","MB-GAN","test",-0.232951716858791,0.0459659133381672,"Covers 0"
688,"Generated",-0.00614483890986597,-0.355757980057979,0.395082178707226,"mbgan","MB-GAN","test",-0.262255578648695,0.356223267068778,"Covers 0"
689,"Generated",-0.059966573683997,-0.433574711667244,0.344467858502358,"mbgan","MB-GAN","test",0.0935569625087441,0.278329811231434,"Covers 0"
690,"Generated",-0.0348639332928674,-0.339157262469451,0.268126365693671,"mbgan","MB-GAN","test",0.393040049658344,0.221956134263519,"Covers 0"
691,"Generated",-0.0802968482353722,-0.456428402408226,0.242509558157343,"mbgan","MB-GAN","test",0.613246371806218,-0.0845710666475104,"Covers 0"
692,"Generated",-0.0394852339547236,-0.414132965702596,0.334628918846594,"mbgan","MB-GAN","test",-0.250869300947831,0.118359635714749,"Covers 0"
693,"Generated",-0.0112734480885587,-0.298835847405753,0.300590033547013,"mbgan","MB-GAN","test",0.587252495283776,0.116587317057701,"Covers 0"
694,"Generated",-0.0216864964119216,-0.39047762448773,0.336664528025468,"mbgan","MB-GAN","test",0.0462917991968432,0.0430406869743672,"Covers 0"
695,"Generated",0.00158137825448179,-0.337312547656326,0.353251921998718,"mbgan","MB-GAN","test",0.0690359468645402,-0.00437440266586834,"Covers 0"
696,"Generated",0.0088104269632409,-0.356008751570256,0.360080689402712,"mbgan","MB-GAN","test",-0.097882108206308,0.193330291672848,"Covers 0"
697,"Generated",-0.0121187449735492,-0.347171487765041,0.33530785313018,"mbgan","MB-GAN","test",0.170208676481945,0.0112390227487264,"Covers 0"
698,"Generated",-0.0423396871657396,-0.359963669639497,0.350771079354276,"mbgan","MB-GAN","test",0.597442936715035,-0.14734459162639,"Covers 0"
699,"Generated",0.084390811171376,-0.246417991895078,0.5146893184636,"mbgan","MB-GAN","test",-0.150814011474853,0.323756132675078,"Covers 0"
700,"Generated",-0.038213474952017,-0.405520943810035,0.361651320416754,"mbgan","MB-GAN","test",-0.12125453020246,0.257121132879396,"Covers 0"
701,"Generated",-0.066098274357559,-0.398571754213453,0.26277202507173,"mbgan","MB-GAN","test",0.669892377548832,-0.180438506604716,"Covers 0"
702,"Generated",-0.0640138173036259,-0.458923705734705,0.275006816955162,"mbgan","MB-GAN","test",0.584574197111924,-0.377498103059709,"Covers 0"
703,"Generated",0.0504801318485794,-0.293885409986505,0.426072282699331,"mbgan","MB-GAN","test",-0.546361947219759,-0.480242309404026,"Covers 0"
704,"Generated",-0.030382481861191,-0.34229096654956,0.306758340263753,"mbgan","MB-GAN","test",-0.511942770708752,-0.880310155726921,"Covers 0"
705,"Generated",0.013168421302584,-0.366732858153273,0.417528406100143,"mbgan","MB-GAN","test",-0.304345585416902,0.358421995598138,"Covers 0"
706,"Generated",-0.0548088438989444,-0.392305629694621,0.254702934109873,"mbgan","MB-GAN","test",0.60399611337662,0.095895586662999,"Covers 0"
707,"Generated",-0.0392719403998047,-0.375257057838903,0.285739480683454,"mbgan","MB-GAN","test",0.608301397514902,-0.119686936853357,"Covers 0"
708,"Generated",-0.0265754810395555,-0.361056423813949,0.282937963732454,"mbgan","MB-GAN","test",0.105643058018235,0.211449574890837,"Covers 0"
709,"Generated",0.0550779399607977,-0.366227833657043,0.47643420541444,"mbgan","MB-GAN","test",-0.236629052697016,-0.00362115137653141,"Covers 0"
710,"Generated",0.00485750461810916,-0.304752288253914,0.317828293434151,"mbgan","MB-GAN","test",-0.386794860532614,-1.09138557163296,"Covers 0"
711,"Generated",-0.0126451749542022,-0.394703578775234,0.369302188609907,"mbgan","MB-GAN","test",0.127265968156102,-0.0136531517294917,"Covers 0"
712,"Generated",0.00805787408994684,-0.477634225234072,0.543175478236674,"mbgan","MB-GAN","test",-0.459560855804479,-0.287013934013317,"Covers 0"
713,"Generated",0.00499327476123463,-0.388520484103703,0.416398899427528,"mbgan","MB-GAN","test",-0.0757077366572781,-0.0708203743437759,"Covers 0"
714,"Generated",-0.0821966344357622,-0.447956043311695,0.241673941739671,"mbgan","MB-GAN","test",0.699517673440847,-0.132963354370759,"Covers 0"
715,"Generated",-0.0586752669491933,-0.480643088501912,0.377298030287599,"mbgan","MB-GAN","test",0.146106890986027,-0.43459331048092,"Covers 0"
716,"Generated",0.0429592054703407,-0.340018085359629,0.460409743667251,"mbgan","MB-GAN","test",-0.601694399462786,0.0834191474578396,"Covers 0"
717,"Generated",-0.0167768035797053,-0.339320336502544,0.346373918234583,"mbgan","MB-GAN","test",0.341333577544833,-0.0160809018915342,"Covers 0"
718,"Generated",0.0178662440086932,-0.399965889016241,0.46248765405585,"mbgan","MB-GAN","test",-0.429427143224847,0.280883599841417,"Covers 0"
719,"Generated",-0.0604684044721555,-0.442852550965866,0.301322278296318,"mbgan","MB-GAN","test",0.593833569557392,-0.209740200573329,"Covers 0"
720,"Generated",-0.0778433865413513,-0.370563042559635,0.212785082682278,"mbgan","MB-GAN","test",0.51484465107488,0.227585440515622,"Covers 0"
721,"Generated",-0.0663311632378952,-0.38584023777676,0.225552494470899,"mbgan","MB-GAN","test",0.512991730212485,0.0356557650863207,"Covers 0"
722,"Generated",-0.0136173856746859,-0.371917902520455,0.371407369515693,"mbgan","MB-GAN","test",-0.755458133471726,-0.731736969317599,"Covers 0"
723,"Generated",-0.0243492738723908,-0.391171549477816,0.329748696822619,"mbgan","MB-GAN","test",0.618308158932446,-0.179550569539296,"Covers 0"
724,"Generated",-0.0527819376275706,-0.36210359373069,0.271254549468166,"mbgan","MB-GAN","test",0.772618595703191,-0.248034650817688,"Covers 0"
725,"Generated",-0.0675218681711899,-0.404165853495259,0.279931290842179,"mbgan","MB-GAN","test",0.447318649833386,-0.115681114621741,"Covers 0"
726,"Generated",-0.0361990906371485,-0.321484609900722,0.281958872056746,"mbgan","MB-GAN","test",0.555355035798442,0.195409830774133,"Covers 0"
727,"Generated",0.0339027213258846,-0.291150465609392,0.40634187515447,"mbgan","MB-GAN","test",-0.171285514032968,0.475104706420611,"Covers 0"
728,"Generated",0.0128712774019306,-0.376413804233194,0.419680457844383,"mbgan","MB-GAN","test",-0.0200964747827781,-0.00519090791990337,"Covers 0"
729,"Generated",0.00121982686840961,-0.302120744579115,0.302936322828334,"mbgan","MB-GAN","test",0.112051866653577,0.245048265755716,"Covers 0"
730,"Generated",-0.00872595553090529,-0.389455765658376,0.374388784075677,"mbgan","MB-GAN","test",-0.592320744546852,0.275776299109016,"Covers 0"
731,"Generated",0.00236920935461133,-0.385716372317998,0.394418040634979,"mbgan","MB-GAN","test",0.51940307944042,-0.0177970568294107,"Covers 0"
732,"Generated",-0.0797683479475721,-0.432563373105492,0.25068507150656,"mbgan","MB-GAN","test",0.780770022142905,-0.312045316077061,"Covers 0"
733,"Generated",-0.0211052037074759,-0.345974105190184,0.32889984527326,"mbgan","MB-GAN","test",0.498789151362353,-0.0339149584181272,"Covers 0"
734,"Generated",-0.046128033907914,-0.326958447488272,0.264381167853399,"mbgan","MB-GAN","test",-0.0806658084115937,-0.80308802118589,"Covers 0"
735,"Generated",-0.0685233845028847,-0.418547335259789,0.24413295441935,"mbgan","MB-GAN","test",0.417573782637967,-0.20800709799952,"Covers 0"
736,"Generated",0.0209690803142724,-0.337109249928406,0.422890885613653,"mbgan","MB-GAN","test",-0.405539717892522,0.42974455316395,"Covers 0"
737,"Generated",-0.052114609002635,-0.384001634382214,0.304440570435839,"mbgan","MB-GAN","test",-0.671900018084686,0.334327607930188,"Covers 0"
738,"Generated",0.0139419849757772,-0.309655733629336,0.339870869080259,"mbgan","MB-GAN","test",-0.325165213119657,0.361278619471384,"Covers 0"
739,"Generated",-0.0209979401969988,-0.409096182236854,0.359147055262877,"mbgan","MB-GAN","test",0.27589842461436,-0.0322351325338035,"Covers 0"
740,"Generated",0.00111031296780142,-0.330090111420277,0.360921174954106,"mbgan","MB-GAN","test",0.436952286513213,-0.0376894948352616,"Covers 0"
741,"Generated",-0.0167770146155962,-0.344136517112749,0.343685168237895,"mbgan","MB-GAN","test",-0.698461674759138,0.354629015223336,"Covers 0"
742,"Generated",0.00928785306564506,-0.385850568293682,0.39372801305648,"mbgan","MB-GAN","test",-0.443967012219364,0.127719308524603,"Covers 0"
743,"Generated",-0.0244304024293575,-0.491690934491909,0.369697849247562,"mbgan","MB-GAN","test",-0.585920393586766,0.0545863975731099,"Covers 0"
744,"Generated",-0.0609242529280352,-0.348623513566437,0.25821661449141,"mbgan","MB-GAN","test",0.539390824381573,0.107235230966545,"Covers 0"
745,"Generated",-0.0137357849158614,-0.365166910075552,0.345108466627549,"mbgan","MB-GAN","test",0.353392979567121,-0.00893005657824775,"Covers 0"
746,"Generated",0.0258331034349691,-0.322452423305385,0.393674613652473,"mbgan","MB-GAN","test",-0.588433573231018,0.0860364909093821,"Covers 0"
747,"Generated",-0.0707237076067367,-0.387251507181655,0.248520089248443,"mbgan","MB-GAN","test",0.69252535788748,-0.0777722889402552,"Covers 0"
748,"Generated",-0.0429495371874218,-0.426084343812753,0.354803263354709,"mbgan","MB-GAN","test",-0.0763577156326122,0.335851552764179,"Covers 0"
749,"Generated",0.0160820285029029,-0.310435531451501,0.379866494161509,"mbgan","MB-GAN","test",-0.475147836484087,-1.13573396588998,"Covers 0"
750,"Generated",-0.0804837464853052,-0.384360770956121,0.222972219209734,"mbgan","MB-GAN","test",0.22132457609271,-0.0310246375243927,"Covers 0"
751,"Generated",-0.0925472491424952,-0.415600997714466,0.227059864318812,"mbgan","MB-GAN","test",0.764590098244897,-0.229673459381419,"Covers 0"
752,"Generated",0.00500217161053689,-0.350430510470897,0.364307703998503,"mbgan","MB-GAN","test",-0.437192689242758,0.438716111964213,"Covers 0"
753,"Generated",-0.00853347728450294,-0.355799131390448,0.37370773790684,"mbgan","MB-GAN","test",-0.296058310506824,0.564730904496304,"Covers 0"
754,"Generated",0.0540779661274364,-0.264402598604808,0.404233383747553,"mbgan","MB-GAN","test",-0.614749804049898,-1.05494699453089,"Covers 0"
755,"Generated",-0.0410530219979814,-0.501369771506205,0.423351763387801,"mbgan","MB-GAN","test",0.353287797734192,0.0138918094680742,"Covers 0"
756,"Generated",-0.0195327480774181,-0.370784955690586,0.345437388342992,"mbgan","MB-GAN","test",-0.339212370186644,0.060068039567168,"Covers 0"
757,"Generated",0.00337951455102202,-0.3434949839528,0.371477047991514,"mbgan","MB-GAN","test",-0.33033146458555,0.422431530033846,"Covers 0"
758,"Generated",-0.0437735835980076,-0.441463136036008,0.400487840012229,"mbgan","MB-GAN","test",0.0256167006559486,0.0811990704622179,"Covers 0"
759,"Generated",-0.093421796154784,-0.414780596539059,0.221542269639184,"mbgan","MB-GAN","test",0.728286778318179,-0.179133192927035,"Covers 0"
760,"Generated",-0.0425742163675269,-0.419217712869497,0.339474851397538,"mbgan","MB-GAN","test",-0.083485906838679,0.208493133388486,"Covers 0"
761,"Generated",-0.0393856526669179,-0.420769523895807,0.341198732610237,"mbgan","MB-GAN","test",-0.607971863079543,0.259475772237275,"Covers 0"
762,"Generated",-0.0148918051873495,-0.334099856625971,0.331526038086943,"mbgan","MB-GAN","test",0.19796898138252,0.113417858773039,"Covers 0"
763,"Generated",0.011610043402373,-0.472512438069355,0.513030376549745,"mbgan","MB-GAN","test",-0.506199351401634,0.00253943732749655,"Covers 0"
764,"Generated",-0.0164735275966058,-0.387482043746757,0.375932687171916,"mbgan","MB-GAN","test",0.352163937795939,-0.269922401375353,"Covers 0"
765,"Generated",-0.0595671797644931,-0.52688214426918,0.364216002076411,"mbgan","MB-GAN","test",-0.41299949303665,-0.111511110786693,"Covers 0"
766,"Generated",0.0189786837301973,-0.443918971582443,0.512675497677895,"mbgan","MB-GAN","test",-0.46634240855039,0.0295990020445078,"Covers 0"
767,"Generated",-0.00605255278738855,-0.335436323689419,0.33637779344021,"mbgan","MB-GAN","test",-0.6430212944909,0.301970352516542,"Covers 0"
768,"Generated",-0.0583169701779285,-0.344848278762257,0.248753023534936,"mbgan","MB-GAN","test",0.554469651026573,0.194255937516895,"Covers 0"
769,"Generated",-0.0212264826399878,-0.343695014320138,0.296827649916859,"mbgan","MB-GAN","test",0.15573105551087,0.0518723714954813,"Covers 0"
770,"Generated",-0.0737518766297097,-0.36143968711825,0.190868743323725,"mbgan","MB-GAN","test",0.517327649856666,0.194682890675626,"Covers 0"
771,"Generated",0.0137849055629205,-0.374531994906423,0.416655114029513,"mbgan","MB-GAN","test",-0.352570458136355,0.205384214423407,"Covers 0"
772,"Generated",0.0454660353009372,-0.368682369327527,0.440295239445062,"mbgan","MB-GAN","test",-0.435921619037646,0.19810562646038,"Covers 0"
773,"Generated",0.0149590529800262,-0.41999799331711,0.425236867639966,"mbgan","MB-GAN","test",-0.528810596306997,-0.00956604209219936,"Covers 0"
774,"Generated",-0.0715091510252675,-0.379638250286049,0.211186041932278,"mbgan","MB-GAN","test",0.512181026897729,0.103337021938888,"Covers 0"
775,"Generated",0.0186120998962845,-0.302776723030185,0.399236193567019,"mbgan","MB-GAN","test",0.206062443184215,0.0690929064551701,"Covers 0"
776,"Generated",-0.0678913785639357,-0.383524451316271,0.252403986399782,"mbgan","MB-GAN","test",0.508773527308425,0.143482206712083,"Covers 0"
777,"Generated",-0.0538082167504359,-0.461086061004224,0.34939579111687,"mbgan","MB-GAN","test",0.458354404296954,-0.0550919731292809,"Covers 0"
778,"Generated",-0.0100663966074913,-0.341239599366066,0.329125671122667,"mbgan","MB-GAN","test",-0.129835763022028,0.196254647949981,"Covers 0"
779,"Generated",0.00870678728615661,-0.348005933507283,0.388339252624721,"mbgan","MB-GAN","test",-0.589921165964091,0.0789704693063909,"Covers 0"
780,"Generated",0.012756202700942,-0.411036368261892,0.413881675445167,"mbgan","MB-GAN","test",-0.583598616832388,0.0484125597325828,"Covers 0"
781,"Generated",-0.0437229544037772,-0.379175842014638,0.265875624928367,"mbgan","MB-GAN","test",0.78828060629971,-0.134489573106548,"Covers 0"
782,"Generated",-0.0399343784825586,-0.344389789847916,0.25013830082778,"mbgan","MB-GAN","test",0.156256787338775,-0.539442528405699,"Covers 0"
783,"Generated",-0.0735904974117005,-0.345420111067172,0.185285060135106,"mbgan","MB-GAN","test",0.653616230056413,0.0962400643461562,"Covers 0"
784,"Generated",0.040971660630331,-0.302250523642206,0.403199560709147,"mbgan","MB-GAN","test",-0.137840152596666,0.0330901397461854,"Covers 0"
785,"Generated",-0.0675452104900486,-0.509206743972787,0.376311751733014,"mbgan","MB-GAN","test",-0.432124335153602,-0.108091578241975,"Covers 0"
786,"Generated",-0.0684582748979286,-0.438290607347421,0.329956337807562,"mbgan","MB-GAN","test",0.353567737220328,0.012315231631874,"Covers 0"
787,"Generated",-0.0663812914677347,-0.473284265017661,0.315969613288674,"mbgan","MB-GAN","test",-0.48541557281487,-0.0207600683924067,"Covers 0"
788,"Generated",0.00729801752204646,-0.400044760628246,0.438389720942675,"mbgan","MB-GAN","test",-0.58321028056362,0.076257953468368,"Covers 0"
789,"Generated",0.00774420774646303,-0.390179515469822,0.387116976732569,"mbgan","MB-GAN","test",-0.508809335253236,-0.037600196165645,"Covers 0"
790,"Generated",-0.0359383706855562,-0.375970892660307,0.291732813064444,"mbgan","MB-GAN","test",0.46193154715857,0.00829107697752672,"Covers 0"
791,"Generated",-0.0917195225681855,-0.408232651123829,0.189389141275536,"mbgan","MB-GAN","test",0.641200785218641,-0.121630119327473,"Covers 0"
792,"Generated",-0.0608893314670688,-0.374247606842937,0.255777154337924,"mbgan","MB-GAN","test",0.408419823287792,-0.372233852173708,"Covers 0"
793,"Generated",0.0174684607807544,-0.321238597702019,0.378489009454898,"mbgan","MB-GAN","test",0.185451475214527,0.0539785603846264,"Covers 0"
794,"Generated",-0.100840249658413,-0.433726899094221,0.196645790938691,"mbgan","MB-GAN","test",0.695887466088326,-0.370494297692256,"Covers 0"
795,"Generated",-0.00734441476462365,-0.38720109850237,0.370513701743053,"mbgan","MB-GAN","test",-0.533339197032124,-0.00439034683989795,"Covers 0"
796,"Generated",-0.00705427890292403,-0.451535628571982,0.442247794701044,"mbgan","MB-GAN","test",-0.574524509881427,0.210573705804399,"Covers 0"
797,"Generated",-0.00439040547771626,-0.362234743986638,0.358148354062624,"mbgan","MB-GAN","test",-0.273253966046512,0.387890624877284,"Covers 0"
798,"Generated",-0.0049342926133699,-0.315448249825687,0.324977568178703,"mbgan","MB-GAN","test",-0.337514605804925,0.346603999362211,"Covers 0"
799,"Generated",0.105532723032644,-0.32699816024365,0.51284765288179,"mbgan","MB-GAN","test",-0.457395679335546,-0.475954840082105,"Covers 0"
800,"Generated",-0.0211222980396851,-0.360159921252897,0.314099796937489,"mbgan","MB-GAN","test",0.342730124391385,0.0938729566386612,"Covers 0"
801,"Generated",-0.01478597013723,-0.422492062076007,0.426049807336699,"mbgan","MB-GAN","test",-0.386476004719101,-0.0672028109633689,"Covers 0"
802,"Generated",-0.0248721187876261,-0.379372970471237,0.296947695726442,"mbgan","MB-GAN","test",-0.558852444889249,-1.16314457037657,"Covers 0"
803,"Generated",-0.0374987766646048,-0.340516701225425,0.28077323270083,"mbgan","MB-GAN","test",0.426029730145931,0.115103261861643,"Covers 0"
804,"Generated",-0.00281098996400096,-0.358526711851342,0.366756500368248,"mbgan","MB-GAN","test",-0.563927292108767,0.0798823533726541,"Covers 0"
805,"Generated",-0.0299394827080794,-0.40215968019328,0.338679765646768,"mbgan","MB-GAN","test",-0.315339629776828,0.391198572976481,"Covers 0"
806,"Generated",-0.0674495275593624,-0.418057680634919,0.2584444592924,"mbgan","MB-GAN","test",0.569712661468058,-0.0383627152916587,"Covers 0"
807,"Generated",-0.0419474767386505,-0.334409351982469,0.252793840995964,"mbgan","MB-GAN","test",0.121903912135491,-0.852361970902662,"Covers 0"
808,"Generated",0.061030101566078,-0.326655930345993,0.498274716773865,"mbgan","MB-GAN","test",0.0700861490911442,0.131973809724817,"Covers 0"
809,"Generated",-0.0261056718160689,-0.377071427275621,0.338727335543179,"mbgan","MB-GAN","test",-0.158637904957383,0.340664538866435,"Covers 0"
810,"Generated",0.00416972889431069,-0.361278653296508,0.368025722332037,"mbgan","MB-GAN","test",-0.403590026292708,0.262729170541793,"Covers 0"
811,"Generated",0.00692127553048098,-0.289543886099152,0.315284409805561,"mbgan","MB-GAN","test",0.353025225062577,0.199651293529677,"Covers 0"
812,"Generated",-0.0104742840225222,-0.373104352036957,0.34622780155945,"mbgan","MB-GAN","test",-0.210381506392114,0.46400997132699,"Covers 0"
813,"Generated",-0.0394433141672487,-0.423568640019122,0.347395968161596,"mbgan","MB-GAN","test",-0.365509401454102,0.12539016485365,"Covers 0"
814,"Generated",0.0244427508136728,-0.358911621339954,0.440313588025804,"mbgan","MB-GAN","test",-0.442793279562337,0.194018832917947,"Covers 0"
815,"Generated",-0.0173726188809093,-0.459266331015719,0.405952405076322,"mbgan","MB-GAN","test",0.311433034071071,-0.0697323336549546,"Covers 0"
816,"Generated",-0.0485221068456757,-0.399025268078575,0.282880539537422,"mbgan","MB-GAN","test",-0.0942058212549688,0.311181424655262,"Covers 0"
817,"Generated",-0.012455780331741,-0.309574659825802,0.301676316958223,"mbgan","MB-GAN","test",-0.239025558968822,0.337829847373019,"Covers 0"
818,"Generated",-0.028223798246357,-0.311286472642505,0.306576618210693,"mbgan","MB-GAN","test",0.506088916398038,0.098050823731326,"Covers 0"
819,"Generated",-0.114710802699565,-0.433997278998062,0.172676800913,"mbgan","MB-GAN","test",0.774854283680521,-0.166223227954983,"Covers 0"
820,"Generated",-0.0618261778337779,-0.477690662488369,0.313232663861618,"mbgan","MB-GAN","test",-0.44439537481724,-0.110206679562009,"Covers 0"
821,"Generated",-0.0273807413494364,-0.338936323185888,0.280912518741538,"mbgan","MB-GAN","test",-0.540300188919682,-0.986573364116635,"Covers 0"
822,"Generated",0.0143674189551764,-0.337186086459137,0.37304160415603,"mbgan","MB-GAN","test",-0.535663149573907,0.0513244158552165,"Covers 0"
823,"Generated",0.00580099293869852,-0.366660076465386,0.397864287142247,"mbgan","MB-GAN","test",-0.0118970468782407,0.268036140185297,"Covers 0"
824,"Generated",0.0295986203095405,-0.330606058532759,0.37674840179759,"mbgan","MB-GAN","test",-0.256172966605591,0.210649602516869,"Covers 0"
825,"Generated",-0.00136156353531761,-0.340938830541814,0.336393524718379,"mbgan","MB-GAN","test",-0.456592266784712,-0.0464143231476429,"Covers 0"
826,"Generated",-0.0491213533247669,-0.389570428816867,0.265920410889311,"mbgan","MB-GAN","test",0.755539185533032,-0.139301550313985,"Covers 0"
827,"Generated",-0.0597955608747713,-0.387649722950783,0.252323727326026,"mbgan","MB-GAN","test",0.562021377359148,-0.14089251706043,"Covers 0"
828,"Generated",0.00309801006742456,-0.317736323444202,0.305476998124494,"mbgan","MB-GAN","test",-0.25148563642663,0.417223892202813,"Covers 0"
829,"Generated",-0.000441813033622037,-0.445999120486465,0.431481834920484,"mbgan","MB-GAN","test",-0.574052435169965,0.17744294545422,"Covers 0"
830,"Generated",-0.0184846145330353,-0.349666797234474,0.335131224273435,"mbgan","MB-GAN","test",-0.0149682454578664,0.318814497460027,"Covers 0"
831,"Generated",-0.0574116372929183,-0.368927564891929,0.257004381139631,"mbgan","MB-GAN","test",0.313873785177753,-0.0425852623426413,"Covers 0"
832,"Generated",-0.0119457543852168,-0.328314143995208,0.305962392391848,"mbgan","MB-GAN","test",0.354876717650418,-0.233830245666825,"Covers 0"
833,"Generated",-0.0536908909010419,-0.358546040804205,0.263823487057119,"mbgan","MB-GAN","test",0.270485939143508,0.177625393056236,"Covers 0"
834,"Generated",-0.0252429180284127,-0.422162166550764,0.359640228947325,"mbgan","MB-GAN","test",-0.366542631219889,-0.0522860419755061,"Covers 0"
835,"Generated",-0.0212936814374573,-0.412411990137358,0.34359736924156,"mbgan","MB-GAN","test",0.14905839833185,0.163247446777803,"Covers 0"
836,"Generated",-0.0156721055260786,-0.329554053282001,0.292894437919897,"mbgan","MB-GAN","test",0.1284206825439,0.254173309137541,"Covers 0"
837,"Generated",0.0310402596108319,-0.290692412271836,0.365202908099075,"mbgan","MB-GAN","test",-0.411052041119617,0.464161296456197,"Covers 0"
838,"Generated",0.0320534633891675,-0.27488439793214,0.36572392870138,"mbgan","MB-GAN","test",-0.318926798703988,0.478029599802944,"Covers 0"
839,"Generated",0.0315148614394837,-0.31079182417181,0.408074689387578,"mbgan","MB-GAN","test",-0.457973014424679,0.36878925496386,"Covers 0"
840,"Generated",-0.0291804070291755,-0.366988795939437,0.295640189466963,"mbgan","MB-GAN","test",0.543461439339234,-0.0901353658263492,"Covers 0"
841,"Generated",-0.0551088846551771,-0.386147827919416,0.25372037386717,"mbgan","MB-GAN","test",0.680001581728578,-0.0129690725354246,"Covers 0"
842,"Generated",-0.0612742233621688,-0.34820354050205,0.248684040790176,"mbgan","MB-GAN","test",0.537665066472082,0.0911354469004688,"Covers 0"
843,"Generated",-0.0330176125816182,-0.443236333115518,0.375648098956627,"mbgan","MB-GAN","test",-0.525280305258803,0.29945379368703,"Covers 0"
844,"Generated",0.0114503868493196,-0.382507427861992,0.420579366510359,"mbgan","MB-GAN","test",-0.432384318223893,-0.00969932256914739,"Covers 0"
845,"Generated",-0.0290742701329493,-0.401399598697483,0.348567833623742,"mbgan","MB-GAN","test",-0.296136640872175,0.503702921177102,"Covers 0"
846,"Generated",-0.00426788106407981,-0.391423877676683,0.38822627115192,"mbgan","MB-GAN","test",-0.621474917308468,0.260595888161047,"Covers 0"
847,"Generated",-0.0526893038178091,-0.441827126892945,0.304506945566452,"mbgan","MB-GAN","test",-0.139787411121537,-0.0512595303602427,"Covers 0"
848,"Generated",-0.0336950305764248,-0.386215787405846,0.351065266005979,"mbgan","MB-GAN","test",-0.424112351503883,0.447679970099075,"Covers 0"
849,"Generated",-0.0221552183519955,-0.460362333817017,0.417508660722352,"mbgan","MB-GAN","test",0.250107990316768,-0.0667913355506233,"Covers 0"
850,"Generated",0.0289843169673511,-0.335732000778495,0.42353122030144,"mbgan","MB-GAN","test",-0.414643961907536,-0.659984002390857,"Covers 0"
851,"Generated",-0.0558151672913515,-0.396771928863352,0.262558502754383,"mbgan","MB-GAN","test",0.553732834935373,-0.125058035599588,"Covers 0"
852,"Generated",0.0144518753209173,-0.338479096600703,0.392895212577775,"mbgan","MB-GAN","test",-0.000937483273938222,-0.0745085919595313,"Covers 0"
853,"Generated",0.00649541067124151,-0.371341786804289,0.403427244910393,"mbgan","MB-GAN","test",0.348722375967763,0.0211367164052781,"Covers 0"
854,"Generated",-0.0596552424477783,-0.403319530104427,0.259207779992349,"mbgan","MB-GAN","test",0.80292165790713,-0.20986449112869,"Covers 0"
855,"Generated",-0.0717299436979122,-0.353593486383673,0.199726521095814,"mbgan","MB-GAN","test",0.491497311022191,0.145708737706333,"Covers 0"
856,"Generated",-0.0569202947289573,-0.39133546493716,0.255543114167594,"mbgan","MB-GAN","test",0.567282868605769,-0.0404694674917104,"Covers 0"
857,"Generated",-0.0932814474232727,-0.446523731253824,0.202677015003635,"mbgan","MB-GAN","test",0.611495755526781,-0.218758355681816,"Covers 0"
858,"Generated",0.0800565528780785,-0.283070299222831,0.474973673148258,"mbgan","MB-GAN","test",-0.419097592528991,-0.568940411175798,"Covers 0"
859,"Generated",-0.0403280306720589,-0.411927021583546,0.309703651755508,"mbgan","MB-GAN","test",0.60041610217578,-0.372815781709317,"Covers 0"
860,"Generated",-0.0508216604892948,-0.370292770575295,0.256362886488907,"mbgan","MB-GAN","test",0.100320323474246,0.0553370694236261,"Covers 0"
861,"Generated",-0.0828539203774936,-0.399719762034341,0.216931917320358,"mbgan","MB-GAN","test",0.40404907087018,0.147576367962248,"Covers 0"
862,"Generated",-0.0059825829273384,-0.426395035949444,0.421028594743714,"mbgan","MB-GAN","test",-0.416981094991416,0.183292641556274,"Covers 0"
863,"Generated",-0.0217362419244878,-0.317628647419714,0.268769304723209,"mbgan","MB-GAN","test",0.395494552181227,0.172816413936688,"Covers 0"
864,"Generated",0.000176351763360824,-0.345518046059721,0.346848770056215,"mbgan","MB-GAN","test",-0.289016444642065,0.478075486078783,"Covers 0"
865,"Generated",-0.0744534854283689,-0.427977835886282,0.274794225605127,"mbgan","MB-GAN","test",0.310181982131222,-0.0133344239785956,"Covers 0"
866,"Generated",0.0129440946453827,-0.36650766474851,0.429884119639566,"mbgan","MB-GAN","test",-0.28568633918191,0.414668160339241,"Covers 0"
867,"Generated",-0.0980751901390037,-0.429818914317134,0.189681646187615,"mbgan","MB-GAN","test",0.695823381680427,-0.139251668415444,"Covers 0"
868,"Generated",-0.0616214662052352,-0.464800308845218,0.336045314300041,"mbgan","MB-GAN","test",0.0304182980603582,0.188482420626107,"Covers 0"
869,"Generated",-0.00970038884741154,-0.324278856213772,0.306947233793779,"mbgan","MB-GAN","test",-0.378713653299929,0.555206639122532,"Covers 0"
870,"Generated",-0.0015592468725688,-0.334176054133442,0.339320099129657,"mbgan","MB-GAN","test",-0.074920020931195,0.0918512226576665,"Covers 0"
871,"Generated",-0.0118698613128391,-0.391646504314363,0.389618041113551,"mbgan","MB-GAN","test",-0.419455942363942,0.0776869832124327,"Covers 0"
872,"Generated",-0.012973423418562,-0.359252659851587,0.339115640131588,"mbgan","MB-GAN","test",-0.327684144656875,-0.585722034672386,"Covers 0"
873,"Generated",0.00475727314916085,-0.305260281308584,0.335888272017979,"mbgan","MB-GAN","test",-0.479988390990683,0.456698578316148,"Covers 0"
874,"Generated",-0.0708833039452231,-0.372316096435384,0.222524403240233,"mbgan","MB-GAN","test",0.476477321015856,0.225496759565058,"Covers 0"
875,"Generated",0.0949840815023162,-0.281817383770844,0.505059770886229,"mbgan","MB-GAN","test",-0.526577261386032,-0.684446835086981,"Covers 0"
876,"Generated",-0.0176384999427301,-0.443460753551821,0.400669025930309,"mbgan","MB-GAN","test",-0.237029084537796,0.120791445075615,"Covers 0"
877,"Generated",-0.0468393324313808,-0.474045867758025,0.388118005604422,"mbgan","MB-GAN","test",-0.226820102727261,0.143620910490721,"Covers 0"
878,"Generated",-0.081179309566618,-0.389347217168436,0.227111819151007,"mbgan","MB-GAN","test",0.535895858057542,0.00248742596745455,"Covers 0"
879,"Generated",-0.087412139008004,-0.465425826318432,0.253821130282216,"mbgan","MB-GAN","test",0.710368090137539,-0.216894925931962,"Covers 0"
880,"Generated",0.0214063292906913,-0.435487054951742,0.431862640969348,"mbgan","MB-GAN","test",-0.498718315841007,-0.0189511520164522,"Covers 0"
881,"Generated",-0.0400590546742786,-0.402411329404657,0.320039339297208,"mbgan","MB-GAN","test",-0.349084698181682,0.520217300885648,"Covers 0"
882,"Generated",0.0245628583157475,-0.382850021359169,0.441853138041711,"mbgan","MB-GAN","test",-0.261235644954727,0.359713624497205,"Covers 0"
883,"Generated",-0.0396179150754691,-0.407186370361037,0.34368536769929,"mbgan","MB-GAN","test",-0.223052917563828,-0.0900692454025317,"Covers 0"
884,"Generated",-0.0393356359518522,-0.435177282441352,0.344417123522408,"mbgan","MB-GAN","test",0.587372177149769,-0.0246546134832573,"Covers 0"
885,"Generated",-0.00467107098591553,-0.358974369027134,0.347213333102354,"mbgan","MB-GAN","test",-0.558982033903759,-0.709173117744897,"Covers 0"
886,"Generated",0.00698799569560462,-0.317984681463846,0.332044082416282,"mbgan","MB-GAN","test",0.0748277238429128,0.0709147082027823,"Covers 0"
887,"Generated",0.0371758765612922,-0.326939102173475,0.409454287872347,"mbgan","MB-GAN","test",-0.618001118978194,-0.831511197346163,"Covers 0"
888,"Generated",-0.0773264308031301,-0.385634846096856,0.225683344359581,"mbgan","MB-GAN","test",0.431295022427105,-0.0192861692242082,"Covers 0"
889,"Generated",0.00901269603846746,-0.474094636457569,0.498430915402202,"mbgan","MB-GAN","test",-0.166382082049767,0.0602527349155954,"Covers 0"
890,"Generated",-0.0107946402752277,-0.268898197501935,0.309572845035746,"mbgan","MB-GAN","test",0.624973108535111,0.123879142303164,"Covers 0"
891,"Generated",-0.0286986024728217,-0.348389582290295,0.288492315558833,"mbgan","MB-GAN","test",-0.313184603733263,-1.15455521178014,"Covers 0"
892,"Generated",-0.00152012409380804,-0.343342442739504,0.365312767111606,"mbgan","MB-GAN","test",-0.263903625693337,0.398642732568892,"Covers 0"
893,"Generated",-0.0554102065310358,-0.399901582320359,0.279909276140872,"mbgan","MB-GAN","test",-0.079936942403474,0.19713568424158,"Covers 0"
894,"Generated",-0.0354591507368331,-0.489478131452802,0.409310761069449,"mbgan","MB-GAN","test",-0.497957151023639,-0.0395741965624381,"Covers 0"
895,"Generated",-0.0147942981843177,-0.366782900652353,0.353308879377465,"mbgan","MB-GAN","test",0.540942416932682,-0.00453201900913042,"Covers 0"
896,"Generated",-0.0288949201408863,-0.311950131939657,0.281239810291294,"mbgan","MB-GAN","test",0.134636668118465,0.0219037036326299,"Covers 0"
897,"Generated",-0.0448331903244163,-0.353579371144761,0.259759271757686,"mbgan","MB-GAN","test",0.718042416108867,0.0164811646753123,"Covers 0"
898,"Generated",-0.0197820134669443,-0.36619023607286,0.356504617872976,"mbgan","MB-GAN","test",-0.699875801894349,0.330230749578884,"Covers 0"
899,"Generated",-0.035110069420666,-0.42951006944111,0.340160550869088,"mbgan","MB-GAN","test",-0.56019210867616,0.0158630264146152,"Covers 0"
900,"Generated",-0.0330389334272029,-0.365359384488572,0.310370199266114,"mbgan","MB-GAN","test",0.286839746272001,0.197544910674739,"Covers 0"
901,"Generated",0.0173555789156889,-0.331180763513572,0.392203870878309,"mbgan","MB-GAN","test",-0.558731522058912,0.0404402099219211,"Covers 0"
902,"Generated",-0.0173019824015914,-0.438400554827329,0.406752869418298,"mbgan","MB-GAN","test",0.0647032138139948,0.157858496187817,"Covers 0"
903,"Generated",-0.0717353999919897,-0.420269201759246,0.257550094829625,"mbgan","MB-GAN","test",0.605606043048623,-0.334833016506344,"Covers 0"
904,"Generated",-0.011490472175212,-0.399114691781489,0.374943991310565,"mbgan","MB-GAN","test",0.196132311397604,-0.164541972721435,"Covers 0"
905,"Generated",0.0321660431932086,-0.323673114609681,0.406931065837071,"mbgan","MB-GAN","test",-0.155147172353191,0.33385944153611,"Covers 0"
906,"Generated",-0.021244354032586,-0.449709479391019,0.390316628507196,"mbgan","MB-GAN","test",0.303889020354887,0.00919778207097938,"Covers 0"
907,"Generated",-0.064709071279965,-0.387653435322537,0.238605884601998,"mbgan","MB-GAN","test",0.791596926691394,-0.0861199002364826,"Covers 0"
908,"Generated",-0.0153171002414637,-0.335831980329079,0.338728478681977,"mbgan","MB-GAN","test",0.0493922735138436,0.286205213652948,"Covers 0"
909,"Generated",-0.0249630229387795,-0.367734491029672,0.330241500836778,"mbgan","MB-GAN","test",-0.631958391637827,0.245894317998295,"Covers 0"
910,"Generated",-0.0119368291899428,-0.489379474924358,0.498480653910366,"mbgan","MB-GAN","test",-0.589557137350994,0.151704219875219,"Covers 0"
911,"Generated",-0.0584667958605075,-0.35523457223702,0.235008262717008,"mbgan","MB-GAN","test",0.706173030561704,0.0536504041154468,"Covers 0"
912,"Generated",-0.0199191156315537,-0.359826870184501,0.343493913376388,"mbgan","MB-GAN","test",-0.101130550703822,0.213509368713128,"Covers 0"
913,"Generated",-0.0295207098703971,-0.383969496810992,0.307119981715601,"mbgan","MB-GAN","test",-0.364279592858252,0.316541969007717,"Covers 0"
914,"Generated",-0.121453651690258,-0.467031183636652,0.19955161171844,"mbgan","MB-GAN","test",0.616575125366786,-0.299645164501448,"Covers 0"
915,"Generated",-0.0145546144764129,-0.343746796188163,0.310290026881036,"mbgan","MB-GAN","test",-0.122489495937688,-0.400570046953439,"Covers 0"
916,"Generated",-0.00840457630352593,-0.33738052143539,0.318179515572033,"mbgan","MB-GAN","test",-0.326746720977137,0.506569883345063,"Covers 0"
917,"Generated",0.0142112898832321,-0.399562892070979,0.417788043369302,"mbgan","MB-GAN","test",-0.550093503540998,0.0394993625391733,"Covers 0"
918,"Generated",-0.0242273750749215,-0.380065599152352,0.329252488306949,"mbgan","MB-GAN","test",0.566151252010866,0.000834493754665732,"Covers 0"
919,"Generated",-0.111911190257756,-0.454690941961126,0.184168222015948,"mbgan","MB-GAN","test",0.659127800978145,-0.199064023922889,"Covers 0"
920,"Generated",-0.0223203002237622,-0.400115299608227,0.365390841897654,"mbgan","MB-GAN","test",0.600382920436232,-0.0773517326175454,"Covers 0"
921,"Generated",0.0326900207236474,-0.379543404007245,0.468438236689826,"mbgan","MB-GAN","test",-0.615341992304031,0.195359331138111,"Covers 0"
922,"Generated",-0.0498029292599104,-0.387471619841218,0.296002513352774,"mbgan","MB-GAN","test",-0.226061406758675,-0.751088222976426,"Covers 0"
923,"Generated",0.0141407095963278,-0.325009812169848,0.338234886001668,"mbgan","MB-GAN","test",-0.169509013528941,0.14854847763985,"Covers 0"
924,"Generated",-0.0180295792909312,-0.420656231932568,0.406507892454491,"mbgan","MB-GAN","test",-0.0913004300245698,0.083771117802269,"Covers 0"
925,"Generated",-0.0264899208964072,-0.335139447263477,0.318895793627775,"mbgan","MB-GAN","test",0.397264324872861,0.115729829051902,"Covers 0"
926,"Generated",0.00715739280389795,-0.328916670675028,0.383741708061237,"mbgan","MB-GAN","test",-0.455256929096502,0.430296710337064,"Covers 0"
927,"Generated",-0.0706902821466755,-0.383262974449894,0.214949574763012,"mbgan","MB-GAN","test",0.545785922802303,-0.0360406701094554,"Covers 0"
928,"Generated",0.000424138725471784,-0.419566413484345,0.391764806420869,"mbgan","MB-GAN","test",-0.574744648553522,0.240586208283831,"Covers 0"
929,"Generated",0.00539456201294135,-0.311882838221586,0.35859922259926,"mbgan","MB-GAN","test",0.170487927531539,0.322983985022632,"Covers 0"
930,"Generated",-0.0412452325956104,-0.354258106539507,0.277020628127615,"mbgan","MB-GAN","test",0.00886456399271335,0.355265825422136,"Covers 0"
931,"Generated",-0.0431453898179296,-0.345309364974958,0.276359942684611,"mbgan","MB-GAN","test",0.277225705803091,0.266935702881206,"Covers 0"
932,"Generated",-0.00238204812721828,-0.43848991476056,0.44374115767083,"mbgan","MB-GAN","test",-0.181590802931047,0.0740608251245866,"Covers 0"
933,"Generated",0.00654421610798677,-0.324436635265234,0.352214688184834,"mbgan","MB-GAN","test",0.034843209482086,0.285374836685549,"Covers 0"
934,"Generated",0.0293613426553493,-0.28988355133928,0.404203474147896,"mbgan","MB-GAN","test",0.449574257022039,0.102123570073125,"Covers 0"
935,"Generated",-0.00214259994251579,-0.350013541984577,0.331311320587286,"mbgan","MB-GAN","test",-0.29901652334777,0.481782427898463,"Covers 0"
936,"Generated",-0.0535667676784659,-0.427815965724544,0.296067915706507,"mbgan","MB-GAN","test",0.726371697228565,-0.116091613785772,"Covers 0"
937,"Generated",0.000584924225794225,-0.371453865025686,0.40436181454787,"mbgan","MB-GAN","test",-0.611601428279039,0.234829584170886,"Covers 0"
938,"Generated",-0.040440468396479,-0.457988938031411,0.3729985055565,"mbgan","MB-GAN","test",-0.388206001291543,0.111426398012016,"Covers 0"
939,"Generated",0.0415843765757079,-0.281833160156316,0.392127590479576,"mbgan","MB-GAN","test",-0.548365419794812,0.0890836669509068,"Covers 0"
940,"Generated",-0.0193113470172341,-0.360179464474793,0.329314848404297,"mbgan","MB-GAN","test",-0.698278581615082,0.329145500630374,"Covers 0"
941,"Generated",-0.0123528869078056,-0.448176962181498,0.401653922286483,"mbgan","MB-GAN","test",0.229705265351022,0.0398844050954097,"Covers 0"
942,"Generated",-0.0790682729089184,-0.43778585286572,0.219234328577721,"mbgan","MB-GAN","test",0.444411534655062,-0.0502771644924346,"Covers 0"
943,"Generated",0.0190048459597542,-0.298048322674189,0.390243116293359,"mbgan","MB-GAN","test",0.360573840384535,0.129817851445424,"Covers 0"
944,"Generated",-0.0903566260960508,-0.418606727008625,0.221678561018556,"mbgan","MB-GAN","test",0.749582284198033,-0.158838018024345,"Covers 0"
945,"Generated",0.010620748904193,-0.311670301317935,0.355055060162516,"mbgan","MB-GAN","test",0.156723759263643,0.322366787772241,"Covers 0"
946,"Generated",-0.0647949388615966,-0.43753863252713,0.27768496800018,"mbgan","MB-GAN","test",0.489040259734299,-0.0172854775979055,"Covers 0"
947,"Generated",0.011795969217839,-0.337979301079246,0.384706666250872,"mbgan","MB-GAN","test",-0.319852410081839,0.25507269311318,"Covers 0"
948,"Generated",0.0119622322221074,-0.312710851072011,0.353495898080341,"mbgan","MB-GAN","test",-0.474404933906115,-1.11537765537188,"Covers 0"
949,"Generated",-0.0790365724734256,-0.41627163097253,0.244918349379419,"mbgan","MB-GAN","test",0.559150758710931,-0.141862024380472,"Covers 0"
950,"Generated",-0.0269680802568934,-0.414866266938361,0.351975316442163,"mbgan","MB-GAN","test",-0.092457191194866,0.0764205811928282,"Covers 0"
951,"Generated",0.025673309446055,-0.363213202095701,0.409271008155389,"mbgan","MB-GAN","test",-0.662883000643963,-0.290321037636106,"Covers 0"
952,"Generated",-0.00469441645811472,-0.348969648099576,0.344647632151899,"mbgan","MB-GAN","test",0.30296004079847,0.0881713950865901,"Covers 0"
953,"Generated",-0.0627072289913685,-0.363657312188628,0.263418539756397,"mbgan","MB-GAN","test",0.365884236105648,0.291941315582237,"Covers 0"
954,"Generated",0.0193924886663711,-0.317825839157074,0.366414572102209,"mbgan","MB-GAN","test",-0.0231234936024112,0.139332010468896,"Covers 0"
955,"Generated",-0.11333789083177,-0.430551031154407,0.180124674446284,"mbgan","MB-GAN","test",0.665469225882776,-0.295760627314842,"Covers 0"
956,"Generated",0.00151405571478159,-0.363479156465067,0.347826196868177,"mbgan","MB-GAN","test",-0.15722404311362,0.370333587989063,"Covers 0"
957,"Generated",-0.0796651501440486,-0.506924931453146,0.285725345487137,"mbgan","MB-GAN","test",-0.469705727220746,-0.038708582786675,"Covers 0"
958,"Generated",-0.0764254519354037,-0.465159835867367,0.306160522674036,"mbgan","MB-GAN","test",0.158128229475064,0.0600184280490487,"Covers 0"
959,"Generated",-0.0458559771322115,-0.360000231445705,0.259834368433974,"mbgan","MB-GAN","test",0.500951433573713,0.255291677416364,"Covers 0"
960,"Generated",-0.0207240774209873,-0.453921456286908,0.397609482410726,"mbgan","MB-GAN","test",-0.487906321142393,-0.0644342762838655,"Covers 0"
961,"Generated",-0.0133302001435569,-0.413772459635259,0.369793735411654,"mbgan","MB-GAN","test",-0.515840838948042,-0.708953585232856,"Covers 0"
962,"Generated",-0.0805335999701534,-0.39627920019267,0.217169500295971,"mbgan","MB-GAN","test",0.682487470255884,0.0303861174769266,"Covers 0"
963,"Generated",-0.098288609634858,-0.452761830859231,0.197353718081187,"mbgan","MB-GAN","test",0.50762679230898,-0.153608983634834,"Covers 0"
964,"Generated",-0.0426182028455851,-0.39778646323499,0.287054699637326,"mbgan","MB-GAN","test",0.599401129770381,-0.196472641293704,"Covers 0"
965,"Generated",0.00945543164349425,-0.394634078441233,0.431116619878956,"mbgan","MB-GAN","test",-0.280754160011864,0.0427916636358481,"Covers 0"
966,"Generated",-0.0744494008727935,-0.547525816752941,0.347520896272623,"mbgan","MB-GAN","test",-0.497950837340084,-0.0106516197558801,"Covers 0"
967,"Generated",-0.0156000428726457,-0.330722737233884,0.314690683759917,"mbgan","MB-GAN","test",0.254996673422072,0.110670969831481,"Covers 0"
968,"Generated",-0.0478169039015068,-0.428878619932133,0.333395794896947,"mbgan","MB-GAN","test",0.521842764157018,-0.357040025050548,"Covers 0"
969,"Generated",0.0305699842497578,-0.327900065262557,0.390322116834157,"mbgan","MB-GAN","test",-0.40018782010387,0.285272990823697,"Covers 0"
970,"Generated",0.0153450562581041,-0.326385784903922,0.386829259485037,"mbgan","MB-GAN","test",-0.205936469513296,-0.0165924775234588,"Covers 0"
971,"Generated",-0.0226961203701326,-0.372313359957037,0.353340215758897,"mbgan","MB-GAN","test",0.565640549606578,-0.0362393720843237,"Covers 0"
972,"Generated",-0.0281887178783379,-0.348643904100995,0.286821183244512,"mbgan","MB-GAN","test",-0.561411177239306,-1.09151935617916,"Covers 0"
973,"Generated",-0.0304841958898384,-0.340210836328885,0.287340348458304,"mbgan","MB-GAN","test",0.398546224033292,0.126475781068703,"Covers 0"
974,"Generated",-0.0870708742857841,-0.425534390443945,0.222760058898292,"mbgan","MB-GAN","test",0.718126957676996,-0.254013441167618,"Covers 0"
975,"Generated",-0.05614810323977,-0.372541764282171,0.272592171347075,"mbgan","MB-GAN","test",0.666339535551159,-0.446373396826321,"Covers 0"
976,"Generated",-0.00341577283925758,-0.336326224847876,0.365145052899676,"mbgan","MB-GAN","test",0.386920477726435,0.0998246403155364,"Covers 0"
977,"Generated",-0.0494774234407721,-0.381152611239441,0.297812026447246,"mbgan","MB-GAN","test",0.443391320460277,0.0215592082131992,"Covers 0"
978,"Generated",-0.0250086589928185,-0.365451115244385,0.312910267578391,"mbgan","MB-GAN","test",-0.208117068387306,0.11922312591876,"Covers 0"
979,"Generated",0.0101652039088565,-0.328753618181092,0.372400000846175,"mbgan","MB-GAN","test",-0.34137178020661,-0.0955738811211052,"Covers 0"
980,"Generated",-0.0489392502241858,-0.389328508833022,0.304318478296002,"mbgan","MB-GAN","test",0.594531470583185,-0.41840983445493,"Covers 0"
981,"Generated",-0.0553841385346279,-0.354967263117671,0.229666552899339,"mbgan","MB-GAN","test",0.428269661841816,-0.13975676662406,"Covers 0"
982,"Generated",0.00977203289610534,-0.347819450342559,0.412017885487922,"mbgan","MB-GAN","test",-0.782481692057871,-1.02314157098536,"Covers 0"
983,"Generated",0.0591771682324179,-0.257262268355529,0.412971232850874,"mbgan","MB-GAN","test",-0.628661606456026,-1.01989018466059,"Covers 0"
984,"Generated",-0.0347168064955591,-0.355307980131246,0.29614407074865,"mbgan","MB-GAN","test",-0.21125485763065,0.207113571887418,"Covers 0"
985,"Generated",-0.00726023223054564,-0.375072285499353,0.361216631364563,"mbgan","MB-GAN","test",-0.38354213886434,0.035244448195681,"Covers 0"
986,"Generated",-0.0068158686559214,-0.405130142564486,0.38370932877981,"mbgan","MB-GAN","test",0.327814351548404,-0.0445241895082701,"Covers 0"
987,"Generated",-0.032509569986388,-0.335672872672998,0.275606506711329,"mbgan","MB-GAN","test",0.406415368815377,0.078276343711974,"Covers 0"
988,"Generated",-0.0259729689016068,-0.385296904147241,0.361387270756306,"mbgan","MB-GAN","test",-0.212978755354623,0.0039495504156866,"Covers 0"
989,"Generated",-0.00340421939368964,-0.333374947239224,0.341761210563283,"mbgan","MB-GAN","test",-0.269533373513807,0.485249804061303,"Covers 0"
990,"Generated",-0.05533488643995,-0.348625285283573,0.254816657800362,"mbgan","MB-GAN","test",0.604644745392529,0.0571922779960711,"Covers 0"
991,"Generated",0.0337175265377905,-0.39877102981939,0.477727209412297,"mbgan","MB-GAN","test",0.157072891177062,-0.0378227022014058,"Covers 0"
992,"Generated",-0.0412878972243363,-0.350828111556625,0.2820248733555,"mbgan","MB-GAN","test",0.364411257403257,0.0905088421420324,"Covers 0"
993,"Generated",-0.0524236569588991,-0.37443991572288,0.294478985847064,"mbgan","MB-GAN","test",0.145170105767722,-0.0155124554122749,"Covers 0"
994,"Generated",-0.0546645062618838,-0.375126634254575,0.248133775892586,"mbgan","MB-GAN","test",0.726799223229911,-0.0222651878831757,"Covers 0"
995,"Generated",0.0109004805785931,-0.330141514252373,0.359924002631397,"mbgan","MB-GAN","test",0.105448385391142,0.284361302646195,"Covers 0"
996,"Generated",-0.0134837407393366,-0.341454946943507,0.331721674830784,"mbgan","MB-GAN","test",0.0104728499706417,-0.791227574469559,"Covers 0"
997,"Generated",-0.00836635398577064,-0.310813739908786,0.330871623928622,"mbgan","MB-GAN","test",-0.172126985632163,0.422470024878576,"Covers 0"
998,"Generated",-0.0335728686859187,-0.336798352182418,0.269610593918464,"mbgan","MB-GAN","test",0.178619261488524,0.194454328440665,"Covers 0"
999,"Generated",0.00903011477368055,-0.325395524341466,0.363451723016036,"mbgan","MB-GAN","test",-0.346533586587671,0.487505015594595,"Covers 0"
1000,"Generated",0.0146727594128789,-0.331434702298435,0.379650200548984,"mbgan","MB-GAN","test",0.500598144037775,0.039298060662698,"Covers 0"
1001,"Generated",-0.024106737375296,-0.353942942099016,0.328947374571251,"mbgan","MB-GAN","test",-0.226563070091238,-0.130323792041993,"Covers 0"
1002,"Generated",-0.0650540218233791,-0.414897435170958,0.29641162134208,"mbgan","MB-GAN","test",0.373083781454376,0.273015939701392,"Covers 0"
1003,"Generated",-0.016798770084293,-0.355203504472198,0.346845665120259,"mbgan","MB-GAN","test",0.175340354929453,0.10095940889812,"Covers 0"
1004,"Generated",0.00133105238512426,-0.335771643118212,0.354848150543065,"mbgan","MB-GAN","test",-0.190971942339694,0.477468667842511,"Covers 0"
1005,"Generated",-0.0735101635227187,-0.38056094098161,0.251445349005858,"mbgan","MB-GAN","test",0.680197996789871,-0.17096126541951,"Covers 0"
1006,"Generated",-0.0260359751505043,-0.380662131232864,0.341510187922896,"mbgan","MB-GAN","test",-0.630204384287998,0.242162002935318,"Covers 0"
1007,"Generated",-0.0510811530045013,-0.340175351791164,0.25042540319906,"mbgan","MB-GAN","test",0.565931215172577,0.133570170574481,"Covers 0"
1008,"Generated",-0.0300386181446452,-0.398371795897657,0.350936109616865,"mbgan","MB-GAN","test",-0.37729376712638,0.335629274493829,"Covers 0"
1009,"Generated",-0.0230376935506914,-0.380901142907658,0.325759882591235,"mbgan","MB-GAN","test",0.486537546577407,-0.209190701290663,"Covers 0"
1010,"Generated",-0.110989318665153,-0.471273281923154,0.209751256012017,"mbgan","MB-GAN","test",0.765091413581569,-0.244438036785482,"Covers 0"
1011,"Generated",-0.032722180689019,-0.344544514907828,0.306833874305688,"mbgan","MB-GAN","test",-0.334007991445452,0.424619404892578,"Covers 0"
1012,"Generated",-0.0358565160510972,-0.34484716160094,0.267294380622778,"mbgan","MB-GAN","test",0.522368477109392,0.0927318117157101,"Covers 0"
1013,"Generated",-0.0397506150558164,-0.40290717420074,0.306416438826947,"mbgan","MB-GAN","test",-0.220748166773103,0.125370955254395,"Covers 0"
1014,"Generated",0.0151405627004731,-0.345944007764659,0.403110025911661,"mbgan","MB-GAN","test",-0.218530405406313,0.391274454562171,"Covers 0"
1015,"Generated",-0.103405276169244,-0.428302245363714,0.197835936636222,"mbgan","MB-GAN","test",0.722907512607395,-0.315529389516241,"Covers 0"
1016,"Generated",-0.00652390875796548,-0.324413334429516,0.338158350888732,"mbgan","MB-GAN","test",-0.410152357349522,-1.03671585588159,"Covers 0"
1017,"Generated",-0.00203586564385731,-0.328244730946437,0.367848384886403,"mbgan","MB-GAN","test",-0.295038004200567,0.089358491611645,"Covers 0"
1018,"Generated",-0.017767034976225,-0.413781997207443,0.393071430626779,"mbgan","MB-GAN","test",-0.014330278285734,0.0344763764342612,"Covers 0"
1019,"Generated",0.0130459160307242,-0.361529857910567,0.371828910887744,"mbgan","MB-GAN","test",-0.328640469219805,0.287626021976094,"Covers 0"
1020,"Generated",-0.0212197669233433,-0.342067793602532,0.325445048583716,"mbgan","MB-GAN","test",0.383865038206639,0.0903210695892026,"Covers 0"
1021,"Generated",0.012329188958471,-0.372163299070581,0.430529487253237,"mbgan","MB-GAN","test",-0.3794383678475,0.287551712325313,"Covers 0"
1022,"Generated",-0.0224188951358397,-0.363892831476053,0.290620065138336,"mbgan","MB-GAN","test",-0.211558146167054,-1.00675550092588,"Covers 0"
1023,"Generated",0.00445959671983587,-0.365887009033835,0.427961149658347,"mbgan","MB-GAN","test",-0.280415142981228,0.152287660809397,"Covers 0"
1024,"Generated",-0.091730123099769,-0.417989788312298,0.213734134545774,"mbgan","MB-GAN","test",0.645742175781331,-0.124580544137961,"Covers 0"
1025,"Generated",0.0219904648433434,-0.328854946765739,0.417430264910068,"mbgan","MB-GAN","test",-0.6911923547279,0.327245149757971,"Covers 0"
1026,"Generated",-0.0433069091608557,-0.438899352013901,0.32804094982571,"mbgan","MB-GAN","test",0.720427692234262,-0.226534908069897,"Covers 0"
1027,"Generated",-0.0251249075254572,-0.376911874073946,0.330411015754431,"mbgan","MB-GAN","test",-0.216685927199687,0.258372736107364,"Covers 0"
1028,"Generated",-0.0690263618727624,-0.403096872971585,0.254668129728491,"mbgan","MB-GAN","test",0.706529741408506,-0.291552251958216,"Covers 0"
1029,"Generated",-0.014910103352777,-0.384205114185884,0.355265260888936,"mbgan","MB-GAN","test",-0.0707976301034601,-0.525362809383886,"Covers 0"
1030,"Generated",-0.0147980899269715,-0.361531123593844,0.298004853485981,"mbgan","MB-GAN","test",0.358962266561785,0.0616165189707109,"Covers 0"
1031,"Generated",-0.0343614498155784,-0.434625994169003,0.367749610483283,"mbgan","MB-GAN","test",0.201977512451287,-0.0692999594251828,"Covers 0"
1032,"Generated",-0.0256791965777261,-0.350481036959477,0.305126999878416,"mbgan","MB-GAN","test",-0.316992278156238,-0.405260677235469,"Covers 0"
1033,"Generated",-0.000245885376771445,-0.338278072168194,0.385092369066071,"mbgan","MB-GAN","test",0.0289732335372048,-0.305201307404376,"Covers 0"
1034,"Generated",-0.027849771256774,-0.34085170737375,0.288868189845658,"mbgan","MB-GAN","test",0.529236410876759,0.0099611206975984,"Covers 0"
1035,"Generated",-0.0788549593233449,-0.460099339749323,0.274713858466555,"mbgan","MB-GAN","test",0.620835873772473,-0.172132525605151,"Covers 0"
1036,"Generated",0.0111792342809956,-0.35737055170713,0.38096322407775,"mbgan","MB-GAN","test",-0.275510117166279,0.340284275588364,"Covers 0"
1037,"Generated",-0.0375443002592431,-0.379818854395621,0.326522707283694,"mbgan","MB-GAN","test",-0.145065531954846,0.0653396590679371,"Covers 0"
1038,"Generated",-0.0129698921059752,-0.336606965073883,0.310503367687432,"mbgan","MB-GAN","test",0.245366331662023,0.189385242829005,"Covers 0"
1039,"Generated",-0.0305554143934755,-0.417778203523128,0.351506774700826,"mbgan","MB-GAN","test",0.438348124023783,-0.310301185362168,"Covers 0"
1040,"Generated",-0.0373908607406598,-0.337612496103898,0.263011021811513,"mbgan","MB-GAN","test",0.33365765332187,-0.227620674174977,"Covers 0"
1041,"Generated",-0.062095460738164,-0.376725802851755,0.260911469654063,"mbgan","MB-GAN","test",0.736106010117164,-0.170640289151738,"Covers 0"
1042,"Generated",-0.0485524943871977,-0.358817388022188,0.274808280880631,"mbgan","MB-GAN","test",0.333544541424455,-0.00926645339771908,"Covers 0"
1043,"Generated",-0.0662397058660067,-0.408714375554745,0.25235914923871,"mbgan","MB-GAN","test",0.068400834085457,0.0875135527841217,"Covers 0"
1044,"Generated",-0.0228608180665937,-0.40478791080716,0.356895297601191,"mbgan","MB-GAN","test",0.636206477836729,-0.372484665033191,"Covers 0"
1045,"Generated",-0.0409968027185476,-0.426463115854173,0.381765833798139,"mbgan","MB-GAN","test",-0.377323086242127,0.115560155222461,"Covers 0"
1046,"Generated",0.00686810926398058,-0.330858990610491,0.34304538794081,"mbgan","MB-GAN","test",-0.615498878032214,0.28740943586271,"Covers 0"
1047,"Generated",-0.00320631677141824,-0.360193394511696,0.368483864201456,"mbgan","MB-GAN","test",-0.709387175030789,-1.15734512197514,"Covers 0"
1048,"Generated",0.00996891433783356,-0.349826372554861,0.366019866172431,"mbgan","MB-GAN","test",-0.225067138240861,0.468679242251955,"Covers 0"
1049,"Generated",-0.0540401688386324,-0.508047237157184,0.385013226601575,"mbgan","MB-GAN","test",-0.439041018446586,-0.108294882727109,"Covers 0"
1050,"Generated",-0.0090853311432723,-0.311683132872063,0.280205759005794,"mbgan","MB-GAN","test",-0.635536141538332,-1.15015404789924,"Covers 0"
1051,"Generated",-0.0290482244836819,-0.368544482899482,0.320230055881495,"mbgan","MB-GAN","test",0.247972679181597,-0.467141444702017,"Covers 0"
1052,"Generated",-0.00046827042317425,-0.348866772619542,0.362887476271982,"mbgan","MB-GAN","test",-0.205406568595054,0.251471933136289,"Covers 0"
1053,"Generated",-0.0159215935085707,-0.362214328645182,0.324643008541222,"mbgan","MB-GAN","test",-0.744012001707407,-1.02654017880854,"Covers 0"
1054,"Generated",-0.0612317166615605,-0.370799278572247,0.228460377845737,"mbgan","MB-GAN","test",0.690266609029696,2.9391348253645e-05,"Covers 0"
1055,"Generated",-0.00525229966545238,-0.335307561823069,0.339186922328882,"mbgan","MB-GAN","test",-0.445195308436862,0.428736202263488,"Covers 0"
1056,"Generated",-0.0425509497005302,-0.357258572476366,0.293237678908382,"mbgan","MB-GAN","test",-0.185919921377503,-0.903201635889164,"Covers 0"
1057,"Generated",-0.04259332217491,-0.402731206973248,0.366264004782004,"mbgan","MB-GAN","test",-0.00169540791373863,0.175497690832957,"Covers 0"
1058,"Generated",-0.0731507220556047,-0.427899165863054,0.268807190036911,"mbgan","MB-GAN","test",0.38682789645584,-0.0204778851162626,"Covers 0"
1059,"Generated",-0.0644039027590429,-0.40276245437599,0.255930505357606,"mbgan","MB-GAN","test",0.561554858469207,-0.0482350101073767,"Covers 0"
1060,"Generated",-0.014318325860774,-0.410741961224683,0.374122977974187,"mbgan","MB-GAN","test",-0.349306901810276,0.0995625468648523,"Covers 0"
1061,"Generated",-0.0868976456779254,-0.428304910573371,0.245758497624885,"mbgan","MB-GAN","test",0.546205896924198,0.0620837547075543,"Covers 0"
1062,"Generated",-0.0171299508126647,-0.447987850690974,0.370305683333793,"mbgan","MB-GAN","test",-0.368189850614342,-0.0619901190927447,"Covers 0"
1063,"Generated",-0.0503329467893307,-0.418837258237058,0.341689816470687,"mbgan","MB-GAN","test",0.252130192109489,-0.134728569531867,"Covers 0"
1064,"Generated",-0.0895701846400219,-0.389750698337522,0.175224438844929,"mbgan","MB-GAN","test",0.634443932749963,0.0695640799587117,"Covers 0"
1065,"Generated",-0.0896146776245229,-0.418075594122848,0.224340792878004,"mbgan","MB-GAN","test",0.701896480971167,-0.40716255116387,"Covers 0"
1066,"Generated",0.0112678354713982,-0.437064790220155,0.466422732089563,"mbgan","MB-GAN","test",-0.178877354840193,0.0235356547617941,"Covers 0"
1067,"Generated",-0.0695625532584279,-0.411205772810677,0.243986488570217,"mbgan","MB-GAN","test",0.754842837602843,-0.0610619293919663,"Covers 0"
1068,"Generated",-0.000757413654294299,-0.392073991560739,0.462838580637529,"mbgan","MB-GAN","test",-0.316003442499788,0.0257953551924154,"Covers 0"
1069,"Generated",-0.0214732382394675,-0.349057581862079,0.344929338027999,"mbgan","MB-GAN","test",-0.14201884949962,0.20011007428652,"Covers 0"
1070,"Generated",-0.068399182976535,-0.381343952846021,0.25467847813428,"mbgan","MB-GAN","test",0.66499405608427,-0.0146127797380411,"Covers 0"
1071,"Generated",-0.0140566820049532,-0.319130394194092,0.286541369271008,"mbgan","MB-GAN","test",-0.100682708130199,0.426886526120103,"Covers 0"
1072,"Generated",-0.0360112735311594,-0.360181577280198,0.33296372720883,"mbgan","MB-GAN","test",0.232788246312555,0.189977536082065,"Covers 0"
1073,"Generated",-0.0394880224020943,-0.358099350666323,0.32167856058645,"mbgan","MB-GAN","test",0.651346943333632,-0.18846828415375,"Covers 0"
1074,"Generated",-0.0277171230090158,-0.35162487347285,0.319334570556409,"mbgan","MB-GAN","test",0.32621040575784,0.0500088116232406,"Covers 0"
1075,"Generated",-0.0541277483010676,-0.390817844962623,0.287953132450085,"mbgan","MB-GAN","test",-0.0456862148143705,0.0812075928079378,"Covers 0"
1076,"Generated",-0.0366422901168473,-0.36896614051352,0.298793175785287,"mbgan","MB-GAN","test",0.277845337454592,0.0148147002862895,"Covers 0"
1077,"Generated",0.0743360536526018,-0.297531411584905,0.465339269912513,"mbgan","MB-GAN","test",-0.153312159271224,0.269277949637949,"Covers 0"
1078,"Generated",-0.0152554688380926,-0.337007850319075,0.297111031605552,"mbgan","MB-GAN","test",-0.518885566652405,-0.950172310396767,"Covers 0"
1079,"Generated",-0.0195236134716726,-0.319812032068027,0.295857039131968,"mbgan","MB-GAN","test",0.416891118212982,0.164301319616532,"Covers 0"
1080,"Generated",-0.0235145442373463,-0.348164590485931,0.299468702090032,"mbgan","MB-GAN","test",-0.673426000640866,-1.12741874948089,"Covers 0"
1081,"Generated",-0.019571776132408,-0.389130138342717,0.348275926394585,"mbgan","MB-GAN","test",-0.307869260195332,0.387673348705246,"Covers 0"
1082,"Generated",-0.0160222884696406,-0.410975437686204,0.38040879545792,"mbgan","MB-GAN","test",-0.365282095218014,0.406538735673578,"Covers 0"
1083,"Generated",-0.0869263385884207,-0.473742846533243,0.260802097508451,"mbgan","MB-GAN","test",0.792446885092385,-0.250306438932298,"Covers 0"
1084,"Generated",-0.0562789003279688,-0.376372064833325,0.265801262700546,"mbgan","MB-GAN","test",0.557043075520768,0.208543268187449,"Covers 0"
1085,"Generated",-0.0372800701535654,-0.398939895947408,0.306015607964762,"mbgan","MB-GAN","test",0.404227566572793,-0.0553047348567457,"Covers 0"
1086,"Generated",0.00160941949146866,-0.386726102906808,0.428328418836591,"mbgan","MB-GAN","test",-0.385530752789096,0.123677115035164,"Covers 0"
1087,"Generated",-0.108546707030596,-0.438011598075039,0.198298967462289,"mbgan","MB-GAN","test",0.680883081899874,-0.0401951462347777,"Covers 0"
1088,"Generated",0.0253481918931814,-0.320199686883821,0.403063654669648,"mbgan","MB-GAN","test",-0.414047778765521,-0.0860678769633751,"Covers 0"
1089,"Generated",-0.0670361184636908,-0.407137844007677,0.227330671071561,"mbgan","MB-GAN","test",-0.0679697067091669,-0.888530455745571,"Covers 0"
1090,"Generated",0.00457622173915033,-0.410233016319648,0.419325510061683,"mbgan","MB-GAN","test",-0.594046966610158,0.16196862078819,"Covers 0"
1091,"Generated",-0.0632349615922358,-0.477768201751497,0.313792129532797,"mbgan","MB-GAN","test",-0.445245962080923,-0.101532681079497,"Covers 0"
1092,"Generated",-0.0556280335298251,-0.385294267988957,0.267515723573049,"mbgan","MB-GAN","test",0.481456160185705,0.159891370957966,"Covers 0"
1093,"Generated",-0.0261433091652664,-0.380928269304075,0.33258658559408,"mbgan","MB-GAN","test",0.459327159618632,0.0848419599765934,"Covers 0"
1094,"Generated",-0.0123193631390823,-0.371221041912303,0.325113627239718,"mbgan","MB-GAN","test",0.143374760650376,0.076536087688751,"Covers 0"
1095,"Generated",-0.0646615265969485,-0.441530863283727,0.295078372842339,"mbgan","MB-GAN","test",-0.449011346850984,0.414280224449932,"Covers 0"
1096,"Generated",-0.00338659545811722,-0.356491958136375,0.375222790821144,"mbgan","MB-GAN","test",0.454259835698763,-0.00825101527577421,"Covers 0"
1097,"Generated",-0.00033222812224262,-0.304110700037544,0.318183962318017,"mbgan","MB-GAN","test",0.0728657703338112,0.294939635391838,"Covers 0"
1098,"Generated",-0.0319983708230846,-0.391326158220751,0.309265470590317,"mbgan","MB-GAN","test",0.0544226043222291,0.230408765727984,"Covers 0"
1099,"Generated",-0.0456492204995477,-0.36847392417395,0.274591710062058,"mbgan","MB-GAN","test",0.711219062987648,-0.043170689996141,"Covers 0"
1100,"Generated",0.0183721503989274,-0.340696489510381,0.377424170970891,"mbgan","MB-GAN","test",0.31961804545839,0.00577704490709335,"Covers 0"
1101,"Generated",0.019301341403511,-0.288323688030079,0.352434085917707,"mbgan","MB-GAN","test",-0.242277648946455,-0.929348059892843,"Covers 0"
1102,"Generated",-0.0162498646445133,-0.354973927548613,0.333576365853458,"mbgan","MB-GAN","test",-0.261821620108308,0.342818890431314,"Covers 0"
1103,"Generated",0.0240541112303382,-0.274780639271505,0.35801078305258,"mbgan","MB-GAN","test",-0.349228885163273,0.53060265547978,"Covers 0"
1104,"Generated",0.0137055204443269,-0.38231334462353,0.409897267662393,"mbgan","MB-GAN","test",-0.509995641570105,0.225170383065877,"Covers 0"
1105,"Generated",-0.0226801193854997,-0.445306887619272,0.469773300872397,"mbgan","MB-GAN","test",-0.42644539380516,-0.105626156586912,"Covers 0"
1106,"Generated",-0.0434227391266017,-0.401222926949661,0.314958265985983,"mbgan","MB-GAN","test",0.187908139635173,-0.0464343513235591,"Covers 0"
1107,"Generated",-0.0622436197959335,-0.553834560377217,0.400176472240857,"mbgan","MB-GAN","test",-0.510217325191182,-0.0249021029658481,"Covers 0"
1108,"Generated",0.0121562033684693,-0.447984749753787,0.509013256584331,"mbgan","MB-GAN","test",-0.291691743990481,-0.0935273850128693,"Covers 0"
1109,"Generated",0.0166683561840864,-0.286626562969913,0.357512690515765,"mbgan","MB-GAN","test",0.0939777248873318,0.300284098033682,"Covers 0"
1110,"Generated",0.0208311214666381,-0.327437349460582,0.386339009311407,"mbgan","MB-GAN","test",-0.243681791741455,0.157298945051277,"Covers 0"
1111,"Generated",0.0474591363737722,-0.295919308192994,0.41684644576573,"mbgan","MB-GAN","test",-0.58698250015131,0.110148355298434,"Covers 0"
1112,"Generated",0.0181343620385776,-0.336817202783468,0.384577158133704,"mbgan","MB-GAN","test",-0.257528377113287,0.396902047785079,"Covers 0"
1113,"Generated",-0.0169926237247606,-0.369875509795645,0.350598000072141,"mbgan","MB-GAN","test",-0.654715945633513,0.324720113718599,"Covers 0"
1114,"Generated",0.0326857738447057,-0.364469375425087,0.439663437844072,"mbgan","MB-GAN","test",0.338385567649938,-0.0055013168241485,"Covers 0"
1115,"Generated",-0.0277016755237763,-0.349274325022173,0.282549460953894,"mbgan","MB-GAN","test",-0.548760681246013,-0.825311920801744,"Covers 0"
1116,"Generated",-0.0568508561458915,-0.448527944535378,0.304009387951279,"mbgan","MB-GAN","test",0.034621546211872,0.369729787235482,"Covers 0"
1117,"Generated",-0.01133931866135,-0.337899827173682,0.35597908402166,"mbgan","MB-GAN","test",-0.0862203372789424,0.0312313439650491,"Covers 0"
1118,"Generated",-0.0256486940333882,-0.441389083382438,0.349521836495689,"mbgan","MB-GAN","test",-0.342831398778714,0.0621622333294633,"Covers 0"
1119,"Generated",-0.0310355479552249,-0.354333686628418,0.265642053202537,"mbgan","MB-GAN","test",0.185677444076497,0.306217781156306,"Covers 0"
1120,"Generated",-0.0222793830406237,-0.418444839178354,0.381748607102918,"mbgan","MB-GAN","test",0.325004002303843,-0.151941967531508,"Covers 0"
1121,"Generated",-0.0950107873645668,-0.454523090309538,0.215843939589912,"mbgan","MB-GAN","test",0.664399596686531,-0.176043435417835,"Covers 0"
1122,"Generated",-0.0784634945384023,-0.396120482136095,0.221542269639305,"mbgan","MB-GAN","test",0.776647167925232,-0.222533150631784,"Covers 0"
1123,"Generated",0.00238427485023707,-0.340804884722775,0.33075746997832,"mbgan","MB-GAN","test",0.262398491542192,0.207337372990288,"Covers 0"
1124,"Generated",-0.0223767702995457,-0.328689557025939,0.345944111241467,"mbgan","MB-GAN","test",0.198248123326097,0.0114596777584959,"Covers 0"
1125,"Generated",-0.00252581636447858,-0.364368051351086,0.337460305795111,"mbgan","MB-GAN","test",0.280271431551063,0.106172435265502,"Covers 0"
1126,"Generated",0.0169995564835458,-0.372595394870709,0.387278363159076,"mbgan","MB-GAN","test",-0.545481611462302,-0.421073383933976,"Covers 0"
1127,"Generated",-0.038274279760267,-0.359330291015634,0.298130891720605,"mbgan","MB-GAN","test",0.591592115488591,0.0494144317093633,"Covers 0"
1128,"Generated",-0.0176865751989985,-0.434564581933325,0.388423997559697,"mbgan","MB-GAN","test",-0.0508740998502358,0.120168038971085,"Covers 0"
1129,"Generated",-0.00365301755923005,-0.388917443806498,0.368118169042164,"mbgan","MB-GAN","test",-0.55026111278644,0.0180947272077765,"Covers 0"
1130,"Generated",-0.0141385462047279,-0.348052117380906,0.349569710309017,"mbgan","MB-GAN","test",-0.18878905337658,0.254959632947374,"Covers 0"
1131,"Generated",0.0312515904991449,-0.306653065896039,0.40203218417018,"mbgan","MB-GAN","test",-0.231683543925512,0.0555793543130122,"Covers 0"
1132,"Generated",-0.0238676725706522,-0.359143817795114,0.303075236243042,"mbgan","MB-GAN","test",0.114264953890346,0.195098124657939,"Covers 0"
1133,"Generated",-0.0320089713398041,-0.358110430704182,0.323926935429116,"mbgan","MB-GAN","test",0.590236781511132,-0.223088060140095,"Covers 0"
1134,"Generated",0.0181532363441813,-0.456052221457707,0.548792543854413,"mbgan","MB-GAN","test",-0.478877236610801,0.197898654256417,"Covers 0"
1135,"Generated",-0.0555780435905121,-0.37748193246198,0.26883468148161,"mbgan","MB-GAN","test",0.635103283776703,-0.0417555960653318,"Covers 0"
1136,"Generated",-0.0533609468939449,-0.396030177894932,0.274877380931005,"mbgan","MB-GAN","test",0.651793080643487,-0.401718262926494,"Covers 0"
1137,"Generated",-0.00871899675675611,-0.368422380059453,0.35056450544015,"mbgan","MB-GAN","test",-0.252139048976647,0.204568741960826,"Covers 0"
1138,"Generated",-0.0448265476323784,-0.377903795820436,0.281135794964278,"mbgan","MB-GAN","test",-0.0207662364881515,-0.760308820945329,"Covers 0"
1139,"Generated",-0.0129720087025184,-0.366350109186598,0.363126565421672,"mbgan","MB-GAN","test",-0.353690367033202,0.0382234622372,"Covers 0"
1140,"Generated",-0.0561732097175876,-0.50022968923121,0.348530129811008,"mbgan","MB-GAN","test",0.553547728585108,0.0590117089822529,"Covers 0"
1141,"Generated",-0.0295626269184812,-0.374146566563374,0.302772689751714,"mbgan","MB-GAN","test",-0.21016406517543,0.192098220664639,"Covers 0"
1142,"Generated",-0.0200921586662346,-0.388737347158142,0.353724523111025,"mbgan","MB-GAN","test",-0.564133332457066,0.369635119366096,"Covers 0"
1143,"Generated",-0.0271994270950594,-0.341502169329822,0.297370868246526,"mbgan","MB-GAN","test",0.576045812016141,0.147391436102963,"Covers 0"
1144,"Generated",0.0907787161434699,-0.259207923681828,0.484435981562686,"mbgan","MB-GAN","test",-0.522281383351278,-0.70088930920355,"Covers 0"
1145,"Generated",-0.0583536130479967,-0.430139862909621,0.282059513673445,"mbgan","MB-GAN","test",0.366845996193162,0.125665513452875,"Covers 0"
1146,"Generated",0.00211948401553231,-0.311782465655504,0.323907712563915,"mbgan","MB-GAN","test",-0.0695573201208594,0.281300389935782,"Covers 0"
1147,"Generated",-0.0553073916170488,-0.416455082284459,0.287004908985861,"mbgan","MB-GAN","test",0.445733325084469,-0.0399502350671258,"Covers 0"
1148,"Generated",-0.0235015133237774,-0.343343359774686,0.303728028357145,"mbgan","MB-GAN","test",0.530892475163958,0.02157407698831,"Covers 0"
1149,"Generated",-0.00430955721844529,-0.388226557695628,0.366379087294317,"mbgan","MB-GAN","test",-0.0300154491065571,0.13652068399449,"Covers 0"
1150,"Generated",0.0253553462854727,-0.363018231160232,0.42544792731071,"mbgan","MB-GAN","test",-0.564213171589581,0.0423704711516146,"Covers 0"
1151,"Generated",0.0135017707330499,-0.335154687388716,0.384934111754045,"mbgan","MB-GAN","test",-0.438121772947515,0.146876684838007,"Covers 0"
1152,"Generated",0.0217788479068065,-0.279222209097038,0.38577702027088,"mbgan","MB-GAN","test",-0.174180523953486,0.400203405966771,"Covers 0"
1153,"Generated",-0.0741209309466722,-0.427768686211174,0.222759542457681,"mbgan","MB-GAN","test",0.62327087432077,-0.136381368281409,"Covers 0"
1154,"Generated",-0.050041331761901,-0.440200838571827,0.32199918203804,"mbgan","MB-GAN","test",0.49856781142109,-0.0809635317318067,"Covers 0"
1155,"Generated",-0.0231333438320085,-0.337173283652211,0.283758193421541,"mbgan","MB-GAN","test",0.219065517480845,-0.0773210856384704,"Covers 0"
1156,"Generated",-0.0429738344880768,-0.40886725955007,0.342983735260363,"mbgan","MB-GAN","test",-0.691873209032399,0.136132884090055,"Covers 0"
1157,"Generated",0.0282620793799738,-0.340843958135851,0.413092535606482,"mbgan","MB-GAN","test",-0.316418914069551,0.417755924030244,"Covers 0"
1158,"Generated",-0.0261546714560429,-0.383828503353765,0.37995206075363,"mbgan","MB-GAN","test",-0.620061604468039,0.211111573753988,"Covers 0"
1159,"Generated",-0.0226478111692931,-0.326195243145632,0.25400199295657,"mbgan","MB-GAN","test",0.58350642607775,0.110426446158737,"Covers 0"
1160,"Generated",0.0256925412420836,-0.367834300459216,0.417673527419039,"mbgan","MB-GAN","test",-0.00952286157711214,0.0932505235624033,"Covers 0"
1161,"Generated",-0.0447249348798226,-0.413870291449606,0.298169457489672,"mbgan","MB-GAN","test",0.140274576117243,0.26160747639238,"Covers 0"
1162,"Generated",-0.0555462851102969,-0.368196252529862,0.25778439805575,"mbgan","MB-GAN","test",0.247815925535613,0.317682252784828,"Covers 0"
1163,"Generated",0.0213707604112033,-0.392664868108663,0.41749967633738,"mbgan","MB-GAN","test",-0.572890429065278,0.0514200416209928,"Covers 0"
1164,"Generated",-0.0433748860099239,-0.41039217727714,0.332436731136391,"mbgan","MB-GAN","test",-0.67077636296413,0.306696732940417,"Covers 0"
1165,"Generated",-0.0329149528023836,-0.361488738463225,0.297622773854382,"mbgan","MB-GAN","test",-0.039808716021812,0.50007050988743,"Covers 0"
1166,"Generated",0.0606093835631667,-0.322021930998804,0.490002212908813,"mbgan","MB-GAN","test",-0.141861580882105,0.199951069218825,"Covers 0"
1167,"Generated",-0.0327188587798097,-0.402349867743785,0.338408033997673,"mbgan","MB-GAN","test",0.0182503958466202,0.205656356036025,"Covers 0"
1168,"Generated",0.00766465756330183,-0.402400783689935,0.411871954040926,"mbgan","MB-GAN","test",0.17989371923342,-0.00960148101431143,"Covers 0"
1169,"Generated",-0.0193612340835125,-0.3393275810795,0.310613562954034,"mbgan","MB-GAN","test",0.260578586816031,0.158412425183833,"Covers 0"
1170,"Generated",-0.0316879778996774,-0.388361751037971,0.3198603355029,"mbgan","MB-GAN","test",0.252548104851797,-0.0290905991124376,"Covers 0"
1171,"Generated",-0.0801055466117671,-0.404805674927352,0.250318010190954,"mbgan","MB-GAN","test",0.476002878307156,-0.051050057005278,"Covers 0"
1172,"Generated",-0.0325380199735856,-0.414561257078985,0.344434208499562,"mbgan","MB-GAN","test",0.493367492811965,-0.360260035671994,"Covers 0"
1173,"Generated",-0.0096650950799176,-0.414917508257827,0.413944435564854,"mbgan","MB-GAN","test",-0.600468120504354,0.196918746192518,"Covers 0"
1174,"Generated",-0.119092854374223,-0.479100920499891,0.195940110398721,"mbgan","MB-GAN","test",0.713607756909792,-0.403527892863396,"Covers 0"
1175,"Generated",0.033751837909877,-0.365972207264009,0.479312154725176,"mbgan","MB-GAN","test",-0.021301954673635,0.128989938325622,"Covers 0"
1176,"Generated",0.0122869127264347,-0.371154510111805,0.4320495118658,"mbgan","MB-GAN","test",-0.23091610509096,0.274326680183077,"Covers 0"
1177,"Generated",-0.078348948278938,-0.386776177198068,0.252971972197897,"mbgan","MB-GAN","test",0.559526351594128,-0.0785094845624235,"Covers 0"
1178,"Generated",-0.0517841950326074,-0.372177622607718,0.260817082489621,"mbgan","MB-GAN","test",0.184258361002759,-0.519608354574563,"Covers 0"
1179,"Generated",-0.000498276800533059,-0.311675057028499,0.304402379693416,"mbgan","MB-GAN","test",-0.505777995962673,-1.13951974900056,"Covers 0"
1180,"Generated",-0.0402691892021433,-0.331807188274475,0.298570246410703,"mbgan","MB-GAN","test",0.21727934137103,0.282203280908144,"Covers 0"
1181,"Generated",-0.0307758155365644,-0.376164815762145,0.322960977438641,"mbgan","MB-GAN","test",0.55821373440385,0.0191504090069124,"Covers 0"
1182,"Generated",-0.0110517628554329,-0.405144363879466,0.397819862529655,"mbgan","MB-GAN","test",-0.594172203163131,0.20869044842032,"Covers 0"
1183,"Generated",-0.00215375597943781,-0.350716645692494,0.351420312898073,"mbgan","MB-GAN","test",-0.451758663750463,0.0453841570937273,"Covers 0"
1184,"Generated",-0.0690446425801471,-0.388868819894526,0.235342701796708,"mbgan","MB-GAN","test",0.503287748596462,0.0301501353405811,"Covers 0"
1185,"Generated",-0.000723899874108069,-0.423631694790861,0.440571384761797,"mbgan","MB-GAN","test",0.401189642177594,-0.0628382997948604,"Covers 0"
1186,"Generated",0.041933465583084,-0.301955127744163,0.42870075879953,"mbgan","MB-GAN","test",-0.322020479897768,0.357114329265653,"Covers 0"
1187,"Generated",-0.0379012510609142,-0.449220923845854,0.345851195847478,"mbgan","MB-GAN","test",-0.235719993946911,0.426336968358397,"Covers 0"
1188,"Generated",-0.0430851663469174,-0.416653464309688,0.309762764639132,"mbgan","MB-GAN","test",-0.372647576517852,0.145645167065203,"Covers 0"
1189,"Generated",-0.0187937989114232,-0.388022062031515,0.347630930956235,"mbgan","MB-GAN","test",-0.171604222678944,0.456081328486827,"Covers 0"
1190,"Generated",-0.080068410869734,-0.422527807885706,0.224223929981872,"mbgan","MB-GAN","test",0.700875701132065,0.0325468283439208,"Covers 0"
1191,"Generated",-0.00784038579206908,-0.333042525048186,0.31168880020301,"mbgan","MB-GAN","test",-0.0116914739914966,0.017160418523678,"Covers 0"
1192,"Generated",-0.113052087204638,-0.472609495831198,0.179517221482512,"mbgan","MB-GAN","test",0.615378313872851,-0.239123357493155,"Covers 0"
1193,"Generated",0.0218154650464607,-0.283102542865157,0.346557661226782,"mbgan","MB-GAN","test",-0.0941498706040589,0.33208000381567,"Covers 0"
1194,"Generated",0.00555645916468275,-0.396477365654416,0.380337851281541,"mbgan","MB-GAN","test",-0.549512880794858,0.0335501841203334,"Covers 0"
1195,"Generated",0.00981581578166412,-0.400764515813705,0.448476150383911,"mbgan","MB-GAN","test",-0.59344973330424,0.0525718785270085,"Covers 0"
1196,"Generated",0.030155824545597,-0.30476831762525,0.390748862378759,"mbgan","MB-GAN","test",-0.668628350591894,-1.04815137791243,"Covers 0"
1197,"Generated",0.0420272204587697,-0.304095945322195,0.412555701766765,"mbgan","MB-GAN","test",-0.295055188243245,0.000410577200754357,"Covers 0"
1198,"Generated",-0.0240778622307266,-0.369682539027131,0.313865492581675,"mbgan","MB-GAN","test",-0.042139706968541,0.130714403108741,"Covers 0"
1199,"Generated",-0.00548358511622817,-0.319104977622363,0.311183860852245,"mbgan","MB-GAN","test",-0.479032758678065,0.0135378274520456,"Covers 0"
1200,"Generated",-0.0713754673882748,-0.389579535159416,0.237073196080442,"mbgan","MB-GAN","test",0.795084695641567,-0.119830675024315,"Covers 0"
1201,"Generated",-0.0144018311128365,-0.460778054755783,0.428518606386355,"mbgan","MB-GAN","test",-0.0939814685916219,0.0602475893252948,"Covers 0"
1202,"Generated",-0.0915470910514264,-0.427105312970155,0.218667245010939,"mbgan","MB-GAN","test",0.710167926696697,-0.0882509049206581,"Covers 0"
1203,"Generated",-0.0315528805020372,-0.365832723027511,0.260758750838552,"mbgan","MB-GAN","test",-0.496388995469843,-1.14156232316077,"Covers 0"
1204,"Generated",0.0121186677821095,-0.393457927177465,0.427809321233007,"mbgan","MB-GAN","test",-0.411943328937591,-0.101578792446598,"Covers 0"
1205,"Generated",-0.0086876285127909,-0.478034693726473,0.454224521637344,"mbgan","MB-GAN","test",-0.441160966682483,-0.0299459948753866,"Covers 0"
1206,"Generated",-0.0428883845205676,-0.561658466301334,0.407206504193122,"mbgan","MB-GAN","test",-0.529639113758922,-0.028380589662241,"Covers 0"
1207,"Generated",-0.0208519632071406,-0.35545873308057,0.335037128745155,"mbgan","MB-GAN","test",-0.065107907895172,0.205767593688257,"Covers 0"
1208,"Generated",0.025012274035566,-0.385094000136133,0.43799590233388,"mbgan","MB-GAN","test",-0.460932130660218,-0.0681601171926063,"Covers 0"
1209,"Generated",-0.0999402844770676,-0.464144609311083,0.246522818075577,"mbgan","MB-GAN","test",0.733412127742271,-0.153506653948748,"Covers 0"
1210,"Generated",-0.00195534913076616,-0.446856052174352,0.419209386207711,"mbgan","MB-GAN","test",-0.0123205266852499,0.175370755699625,"Covers 0"
1211,"Generated",0.0217241562611267,-0.393815009533887,0.429906050833147,"mbgan","MB-GAN","test",-0.427966238957061,0.0576253155900204,"Covers 0"
1212,"Generated",-0.096231312367347,-0.428799962900767,0.203335732826468,"mbgan","MB-GAN","test",0.73139130381233,-0.341985654898562,"Covers 0"
1213,"Generated",-0.0598602405652793,-0.384914227773144,0.249270014106731,"mbgan","MB-GAN","test",0.34503243759375,0.234037200832653,"Covers 0"
1214,"Generated",-0.0400199062752061,-0.405771375124437,0.318489829450946,"mbgan","MB-GAN","test",0.403841573221256,0.0617377970752863,"Covers 0"
1215,"Generated",0.00947394648570705,-0.387377705466989,0.414328156040567,"mbgan","MB-GAN","test",-0.579507315736231,0.059877002983326,"Covers 0"
1216,"Generated",-0.0507862120825632,-0.410244029331561,0.312744473482557,"mbgan","MB-GAN","test",0.504873125264781,-0.215330112294619,"Covers 0"
1217,"Generated",-0.0625383992824725,-0.391397784537769,0.272605785652366,"mbgan","MB-GAN","test",0.685910045957321,-0.44696175739074,"Covers 0"
1218,"Generated",-0.0383756459963189,-0.403858017027273,0.34227039354198,"mbgan","MB-GAN","test",-0.120396375237818,0.163349066200758,"Covers 0"
1219,"Generated",-0.0463061535553269,-0.362448587345083,0.266433772364342,"mbgan","MB-GAN","test",0.286545924126781,0.182550560434489,"Covers 0"
1220,"Generated",-0.0199153832120679,-0.290875880483702,0.272135423348988,"mbgan","MB-GAN","test",0.545995863533835,0.0835960637961921,"Covers 0"
1221,"Generated",0.000291061724245036,-0.340505748173109,0.336732009152832,"mbgan","MB-GAN","test",-0.113354821454606,0.143304509771631,"Covers 0"
1222,"Generated",-0.031646620983137,-0.373680578132426,0.32107638454901,"mbgan","MB-GAN","test",0.514399019347402,0.0733969306900163,"Covers 0"
1223,"Generated",-0.0797557057318084,-0.407333265019121,0.22860652522307,"mbgan","MB-GAN","test",0.688545892839343,-0.0780219336119037,"Covers 0"
1224,"Generated",0.0258588031284773,-0.37292547351668,0.417759910551877,"mbgan","MB-GAN","test",-0.586844607685128,0.0584987645252305,"Covers 0"
1225,"Generated",0.0324235150082781,-0.316260488626578,0.374670742025478,"mbgan","MB-GAN","test",-0.375317757883404,0.411115065889975,"Covers 0"
1226,"Generated",-0.0517340789006835,-0.367288089204943,0.268776568498002,"mbgan","MB-GAN","test",0.595946189570777,-0.0853674325628275,"Covers 0"
1227,"Generated",0.00153214951866724,-0.368755129450764,0.40708748007532,"mbgan","MB-GAN","test",-0.4583451528506,-0.0474193348345526,"Covers 0"
1228,"Generated",0.0221850756002655,-0.3964800977278,0.429227095425586,"mbgan","MB-GAN","test",0.152917526008397,-0.224056804102282,"Covers 0"
1229,"Generated",-0.0112237097903785,-0.399592088439711,0.377390900720461,"mbgan","MB-GAN","test",0.0251464140085471,0.0427773172778357,"Covers 0"
1230,"Generated",-0.0571060617831993,-0.487579890000684,0.349730313859383,"mbgan","MB-GAN","test",0.459005121104641,-0.166295263521722,"Covers 0"
1231,"Generated",-0.00850139449795635,-0.349326750265665,0.35117126722665,"mbgan","MB-GAN","test",0.48599617196958,-0.273800183614828,"Covers 0"
1232,"Generated",-0.0139089893509537,-0.395566708289449,0.363225413268351,"mbgan","MB-GAN","test",-0.352239174057271,0.500065748595372,"Covers 0"
1233,"Generated",-0.076692398858391,-0.446641791698194,0.290674454994465,"mbgan","MB-GAN","test",-0.446731451050805,0.367395498583823,"Covers 0"
1234,"Generated",-0.0187623333885704,-0.491649687844175,0.343610146788394,"mbgan","MB-GAN","test",-0.594248550766275,0.0560349208408871,"Covers 0"
1235,"Generated",-0.0427276951786496,-0.356239999111403,0.273056719094634,"mbgan","MB-GAN","test",0.152409701532563,0.334612873320749,"Covers 0"
1236,"Generated",-0.0192942444161124,-0.361245267527241,0.346317909654829,"mbgan","MB-GAN","test",-0.59312266208637,0.289405295589267,"Covers 0"
1237,"Generated",-0.0164831081176732,-0.334753193295558,0.317264241471019,"mbgan","MB-GAN","test",0.357930547817258,0.305658648372466,"Covers 0"
1238,"Generated",-0.0638455780180155,-0.392391102273366,0.257804248134004,"mbgan","MB-GAN","test",0.699475313988607,-0.373256092578166,"Covers 0"
1239,"Generated",-0.067012414760906,-0.507326149513305,0.3575845613196,"mbgan","MB-GAN","test",-0.435577682925238,-0.10696104051066,"Covers 0"
1240,"Generated",-0.0570869799390896,-0.429932458076355,0.297732673454415,"mbgan","MB-GAN","test",0.157835283806024,-0.0111589095265673,"Covers 0"
1241,"Generated",-0.00552432785467174,-0.537436389687206,0.505058182033859,"mbgan","MB-GAN","test",-0.448474321030766,-0.19636139990522,"Covers 0"
1242,"Generated",-0.01856978556647,-0.367577454281121,0.375158028153607,"mbgan","MB-GAN","test",-0.157960109693853,0.198848692038533,"Covers 0"
1243,"Generated",-0.0644454547822438,-0.421333109908774,0.298073656681341,"mbgan","MB-GAN","test",0.179387440978192,0.190389761967001,"Covers 0"
1244,"Generated",-0.0158210150458266,-0.308885851464481,0.313746672112906,"mbgan","MB-GAN","test",0.00734443830041845,0.170819928536244,"Covers 0"
1245,"Generated",-0.0302881641438868,-0.477302526191379,0.369195083141533,"mbgan","MB-GAN","test",-0.29134888929972,0.415119402153591,"Covers 0"
1246,"Generated",-0.049964053968577,-0.408157710641781,0.298596584374872,"mbgan","MB-GAN","test",0.325182742135811,-0.0248117418215874,"Covers 0"
1247,"Generated",0.0101322263448641,-0.434338572968143,0.458528332281432,"mbgan","MB-GAN","test",-0.441736306278409,-0.0283514543978987,"Covers 0"
1248,"Generated",0.00310141852959898,-0.359255906659899,0.330969450780979,"mbgan","MB-GAN","test",-0.258018827872082,0.133561124036729,"Covers 0"
1249,"Generated",-0.0555633060705691,-0.397820768102259,0.305086718986129,"mbgan","MB-GAN","test",0.0553161826285544,0.216312710678847,"Covers 0"
1250,"Generated",-0.0406905104088605,-0.378650288442736,0.320552731199875,"mbgan","MB-GAN","test",0.0182382536976136,0.2409232199233,"Covers 0"
1251,"Generated",-0.029501724741874,-0.414611120498747,0.352198353531962,"mbgan","MB-GAN","test",-0.27091755245924,0.142685417937704,"Covers 0"
1252,"Generated",-0.0567902674823798,-0.34917197872859,0.259256587131281,"mbgan","MB-GAN","test",0.32130437129283,0.220684412944286,"Covers 0"
1253,"Generated",-0.0212654310302077,-0.326090555836316,0.315937736754945,"mbgan","MB-GAN","test",0.534973019446489,0.0545035285771812,"Covers 0"
1254,"Generated",0.0491615747635408,-0.259192590270305,0.396395908848454,"mbgan","MB-GAN","test",-0.29370292411857,0.347796120796913,"Covers 0"
1255,"Generated",0.0484624463250225,-0.311275666141575,0.452542715914965,"mbgan","MB-GAN","test",0.471476155502909,0.0122994475996276,"Covers 0"
1256,"Generated",0.00624341720459014,-0.407542526602968,0.433695782356634,"mbgan","MB-GAN","test",0.126631266977686,-0.159169784224081,"Covers 0"
1257,"Generated",-0.00519319585761115,-0.413131664871475,0.422261287608209,"mbgan","MB-GAN","test",-0.26985612537131,0.418776893494297,"Covers 0"
1258,"Generated",-0.0239876889353548,-0.39769280971914,0.355413551541323,"mbgan","MB-GAN","test",-0.621076559809369,0.208563126357829,"Covers 0"
1259,"Generated",-0.0178782522002586,-0.383202145257164,0.328610751276897,"mbgan","MB-GAN","test",-0.294437414044421,0.402096088244897,"Covers 0"
1260,"Generated",-0.0352193397963693,-0.375866771231537,0.345226308483106,"mbgan","MB-GAN","test",0.594611484796068,-0.0550324180833457,"Covers 0"
1261,"Generated",-0.00528933969711126,-0.396421337695263,0.375033283636879,"mbgan","MB-GAN","test",-0.227116225421183,0.165211835561345,"Covers 0"
1262,"Generated",-0.0218893040558911,-0.378393250968969,0.359277205017419,"mbgan","MB-GAN","test",-0.291887059046295,0.224184836417772,"Covers 0"
1263,"Generated",0.0295007270742106,-0.288495979936027,0.3735093500265,"mbgan","MB-GAN","test",-0.245955158992233,0.484796951236774,"Covers 0"
1264,"Generated",0.0212807290451315,-0.298596951426333,0.420163226651905,"mbgan","MB-GAN","test",-0.561761041701349,-1.10816796463273,"Covers 0"
1265,"Generated",-0.0576122868764812,-0.386247491750735,0.272493734773882,"mbgan","MB-GAN","test",-0.340297701255961,-0.134219820999807,"Covers 0"
1266,"Generated",0.0843861670382588,-0.270757098836076,0.497581921470703,"mbgan","MB-GAN","test",-0.399504430311997,-0.690383234935634,"Covers 0"
1267,"Generated",-0.0629860303503769,-0.382439113220439,0.271569722753841,"mbgan","MB-GAN","test",0.259585080887797,0.296117779288898,"Covers 0"
1268,"Generated",-0.0806641394577448,-0.413503272305561,0.22662944728549,"mbgan","MB-GAN","test",0.400800414303207,0.0131731380259928,"Covers 0"
1269,"Generated",-0.0365724598903175,-0.368020931374219,0.289893112237962,"mbgan","MB-GAN","test",0.166055117682776,0.0832714763017554,"Covers 0"
1270,"Generated",-0.0630196486799736,-0.389898667061124,0.284021096010611,"mbgan","MB-GAN","test",0.434216176095656,-0.0287092413212592,"Covers 0"
1271,"Generated",-0.00612881043713143,-0.338935322658372,0.325383873946522,"mbgan","MB-GAN","test",0.21889933262869,-0.0150133198279378,"Covers 0"
1272,"Generated",-0.0742502122270979,-0.393272647951837,0.228003797183651,"mbgan","MB-GAN","test",0.631268544573112,0.0851724702052682,"Covers 0"
1273,"Generated",-0.0700502230549512,-0.383718451243136,0.217352189796321,"mbgan","MB-GAN","test",0.344852803444062,0.0013257453729261,"Covers 0"
1274,"Generated",-0.0270745886559357,-0.376618733598377,0.30900374857301,"mbgan","MB-GAN","test",0.2064064801312,-0.157563689653649,"Covers 0"
1275,"Generated",-0.0311797325687013,-0.341398245995572,0.272532762587366,"mbgan","MB-GAN","test",-0.510292465500725,-0.903894216390135,"Covers 0"
1276,"Generated",-0.0344806419084127,-0.438738404881916,0.378993288654388,"mbgan","MB-GAN","test",-0.636872516975842,0.275569649406357,"Covers 0"
1277,"Generated",0.0561154318777611,-0.394654256616099,0.461715277757197,"mbgan","MB-GAN","test",-0.49399763113857,0.188282155977825,"Covers 0"
1278,"Generated",0.0250372611374514,-0.30138934256254,0.373415857244432,"mbgan","MB-GAN","test",-0.536164837177403,0.414699050141391,"Covers 0"
1279,"Generated",-0.0140619800112916,-0.352604165634554,0.330573304708386,"mbgan","MB-GAN","test",0.342360660847766,-0.182063201162717,"Covers 0"
1280,"Generated",-0.00930901914458524,-0.364577437366051,0.370563984133244,"mbgan","MB-GAN","test",-0.15157277520833,0.0778965655356966,"Covers 0"
1281,"Generated",-0.00189613008131364,-0.464610870131818,0.424967935101772,"mbgan","MB-GAN","test",-0.336693070541684,0.019302720291373,"Covers 0"
1282,"Generated",-0.0293413359773022,-0.409043459185253,0.382639110764276,"mbgan","MB-GAN","test",0.551931023537972,-0.0222238480407528,"Covers 0"
1283,"Generated",-0.0715967001921134,-0.372116919631051,0.226015115219435,"mbgan","MB-GAN","test",0.622950005233596,0.0224153838607767,"Covers 0"
1284,"Generated",-0.0498851749201263,-0.38270010193596,0.298373685661719,"mbgan","MB-GAN","test",0.490614729353471,-0.0524811116193439,"Covers 0"
1285,"Generated",-0.0350083852180259,-0.361045860641773,0.300084181865592,"mbgan","MB-GAN","test",-0.152359930842611,-0.943078364629262,"Covers 0"
1286,"Generated",-0.0706102747334263,-0.427158877944113,0.267139519639581,"mbgan","MB-GAN","test",0.695213055092664,-0.0413042552793088,"Covers 0"
1287,"Generated",-0.0332456722152196,-0.361024010890932,0.30994574399727,"mbgan","MB-GAN","test",-0.0421225054894844,-0.266886561372089,"Covers 0"
1288,"Generated",-0.00101099066773535,-0.453544849493887,0.488534381575114,"mbgan","MB-GAN","test",-0.4672152634035,-0.0654978680168635,"Covers 0"
1289,"Generated",-0.0345966798110153,-0.346296135107091,0.279537369167326,"mbgan","MB-GAN","test",0.568852193417737,0.164833701136192,"Covers 0"
1290,"Generated",0.00101756993772751,-0.421035633145362,0.458653740648371,"mbgan","MB-GAN","test",-0.0561508186075106,-0.150783801896238,"Covers 0"
1291,"Generated",-0.0275948680514781,-0.398392309023793,0.330769881391989,"mbgan","MB-GAN","test",-0.143649713060848,0.0620496884137543,"Covers 0"
1292,"Generated",-0.0378015538068495,-0.320696682171631,0.271102466432263,"mbgan","MB-GAN","test",0.161799902502782,0.275175512969216,"Covers 0"
