0.774405063687896,0.752974832468828,1.88692192929792,1.16764684910342,1.31132078733069,1.45671470422334,1.90220029463241,2.26299462051938,2.3679476813129,2.43971327137238
0.749228370623992,0.676312787085429,0.0716098518300078,-0.488549320603878,-0.396387157929853,-0.29599099014071,0.0672877574269172,0.456113636619717,0.558494776905993,0.649091811984469
1.76623088133053,1.75507779656501,1.38636815479646,0.944821619002998,1.00454959670324,1.08276269762885,1.39072704921377,1.68089184818054,1.75630918500986,1.82382347403113
0.897345459205841,1.20350601388572,-0.149727710852298,-0.858636474135167,-0.759965722007957,-0.629035287185077,-0.163643719971865,0.357250478276677,0.475804940583615,0.595297316270966
0.579298623764703,0.604053684100103,0.550193954691672,-0.221433796757445,-0.123957561150657,0.00810009020184864,0.589536071396725,1.01202733419172,1.12976196628639,1.25955403851499
2.15719304499193,2.24491609994816,2.36377730087222,1.55986350996172,1.67494483875019,1.82305119215065,2.35396484803877,2.91931310676196,3.08366537934061,3.1947051281885
1.76626895783312,1.39653120713737,-0.233303706485236,-0.701038877068706,-0.637404305145463,-0.554616779933373,-0.251011985074429,0.109175757762276,0.219429775855351,0.31884849633715
0.504937460595821,0.192802624572735,0.200267866886484,-0.428021227738119,-0.338201166510082,-0.23939606692069,0.187627410745628,0.639486182783194,0.771070294902539,0.87403002732031
1.08583387586156,1.0185344074384,0.722333423101161,0.179388482226076,0.246729660665475,0.346913417746661,0.713221506512628,1.13516510967292,1.25849659014998,1.34191201035173
1.04194128602719,1.04587076232324,-0.218346887896316,-0.769396158987586,-0.68959066622909,-0.595935542215969,-0.217602432765606,0.15679059839874,0.253505044663929,0.353234592861088
1.15631480871347,1.54973939179968,0.275881965009937,-0.308744058342587,-0.228334172599212,-0.117479598236775,0.286021370664612,0.642699656376731,0.748310302809013,0.828298657998656
0.208797576802986,-0.139279131517388,0.758413920281849,0.249437637652151,0.341185930761146,0.429512026858782,0.763161657319551,1.09073286263093,1.17778048493917,1.27643876463221
1.21581042904589,1.10035318821696,1.30211194783348,0.694663562214673,0.79003661217676,0.885822422529265,1.31465377696597,1.68407859004639,1.77223704867824,1.84974371317376
2.42206002024035,2.06541446301549,2.72314135342341,2.0128535732081,2.1349028453908,2.25704799531539,2.7312606233159,3.17524523544336,3.29184978794261,3.37306298447353
0.174656137532999,0.249990734270388,1.18919796361416,0.703219818558231,0.764262238542086,0.850642026628748,1.18898182483101,1.51937159806042,1.60349810491988,1.69020503974018
1.6494704773573,2.2243872614933,0.474562605161568,-0.104634234628273,-0.0314922905193212,0.0750474874032491,0.447224125550179,0.931435051887242,1.01642349517437,1.10407582434789
1.2595652624472,1.05484806413006,0.0639838871767712,-0.520838923436889,-0.425016115282784,-0.347446607991487,0.0728407158247438,0.458581089968086,0.582629045753539,0.682818487455264
-0.286412065153494,-0.242635874453982,0.609016031426447,-0.000745024358267144,0.101278632387081,0.195439906593906,0.609003195333337,1.01301082735705,1.10896646836422,1.2070348817955
0.0854687872958134,-0.0512198749117316,0.678907268384493,0.186228165157663,0.27266250216788,0.374160113245976,0.687728970637953,0.976662337294195,1.05955138189929,1.15455434981192
1.7088074581159,1.6760781036439,0.983058027843928,0.550021731805005,0.607055080500923,0.691225134973129,0.986027326524615,1.2705119229522,1.36690131817682,1.41893825042523
0.977878119190705,0.757753913022072,1.44956886180151,0.841737381545119,0.908896149837162,1.03058815844474,1.45073923019607,1.85190223614433,1.95023189448152,2.0292645201288
1.59199732366106,1.99040452735164,1.66144037547161,1.04637441438167,1.14520721624977,1.25824484964006,1.64027702825202,2.0834636595152,2.23196293067065,2.34192126302802
0.48361989708763,0.483643946332211,0.651289355795602,0.124705517564062,0.218113535775984,0.317777663368792,0.649662286202992,0.968601990903946,1.05341636754268,1.16467207903074
1.47308693863504,1.47788191060521,0.60782631334529,-0.157124553303147,-0.0713782926254554,0.0695595031603571,0.634031565593509,1.07489179721615,1.18316613851862,1.27461636790435
1.32746451701839,1.69669903791258,0.837062548535263,0.292718909477381,0.351466253021926,0.452466386895359,0.812677374098674,1.25594628821229,1.39059982552988,1.50748030875302
0.356242584661613,0.329717630248426,0.776145529654239,0.207899011077337,0.258037065668272,0.380055302234804,0.783826916440333,1.16707756716117,1.26884178102472,1.35659368615225
1.01738491981004,0.649942319035349,1.02480141304048,0.482846593579642,0.562408690067431,0.676525042414935,1.02473588536801,1.38017686378471,1.49151535176832,1.54436082404375
1.13591156681212,0.95357182305323,0.645493903458998,0.140201865707268,0.215152150290366,0.30678544775377,0.638180313247306,0.987711276364012,1.09117015561942,1.18664316956073
1.59216267711613,1.80089006375011,2.16925474316932,1.64024970766949,1.72104991496165,1.78782517824657,2.180321565837,2.53020705071633,2.63934440015965,2.74166216197579
0.922180731306383,0.857199433731108,-0.0617062108363025,-0.63621745644748,-0.55157458269104,-0.436245152739129,-0.0663993045947521,0.327990605622342,0.422481580835099,0.518115362703795
0.987175373396209,1.07622279509753,1.52318567396872,1.0456270811712,1.0958032001039,1.21976364234966,1.52580353120343,1.84227405709793,1.91914402755923,1.98593043941352
0.738389157716741,0.774236904329079,1.23051884233024,0.616323753181518,0.701557219894267,0.81617443946673,1.26670338364779,1.57897883532966,1.67510477247925,1.76603251043831
-0.121907487976828,0.0866887727314416,0.763803771523544,0.149652373043586,0.290138287236599,0.375849094977717,0.752711762435495,1.17225576160765,1.31760597919513,1.43267749109542
0.448064575645404,0.0782003192301839,0.667400258590013,0.093688965145353,0.172519862107317,0.291240769182329,0.681605687610801,1.02509314771145,1.10773200460571,1.19347337665169
0.504749641771549,0.464298706093748,0.806204530200329,0.157487060446111,0.239974601384022,0.352014207795749,0.788831753224934,1.30261019036501,1.48573050722465,1.62097949306724
0.641378857338745,0.523827325357442,1.39690273106247,0.832003535649998,0.921534763665913,1.01692751210949,1.39881606512091,1.77011752577281,1.87099911917579,1.96599150077865
0.670727505225291,1.04660876393781,-0.2568683694327,-0.816303310583274,-0.710416346979451,-0.622315965378227,-0.248773998918494,0.0806492453718269,0.178408093435183,0.267073291659821
0.685710233466731,0.450883089088543,0.840351794941941,0.302607787714359,0.384425038196878,0.483183673263709,0.831665710730261,1.21037183550516,1.29674563265751,1.40951103312774
0.394340509408017,0.488417118219697,0.730068911177567,0.18992066594441,0.260826820250543,0.361527670480096,0.730393576635509,1.11471799100045,1.22805082834894,1.29568956279341
1.30797217450426,1.1494199036096,1.41416247747939,0.982841904374241,1.04052302695353,1.12202684850654,1.40651665871856,1.72423002890427,1.81672112981585,1.90622653915017
0.104742994045705,0.32795848919518,0.495825525689958,-0.0470643757095032,0.0314647725839244,0.128854523439444,0.459742816360574,0.920232824439459,1.0432655677966,1.16643984132273
1.00317242288013,1.51725801110004,0.443004289300054,-0.128377715304323,-0.0350341655560187,0.0552749265922899,0.443206166328896,0.836662444452065,0.955280500211088,1.06873880679574
1.29798161290675,1.06781664861498,1.43727983379613,0.903853917346539,0.970527528980815,1.06309701242089,1.41933967570229,1.84410976038393,1.94702031996139,2.04840715182792
0.323392897535948,0.260321717820704,1.29436351770077,0.553167491411047,0.634153817856195,0.760586735307994,1.30119457884207,1.81752797190245,1.95434919056502,2.06114272872652
0.588890322727625,0.612465523736833,-0.418552241639151,-0.953218756008419,-0.877913891926196,-0.787493396130728,-0.444355758631615,0.00499637733305544,0.130994351418425,0.199543999955141
1.87970363507202,2.20676474271325,1.07410290304048,0.414092122409488,0.501189299280323,0.607371401802413,1.06885956064888,1.53139099281844,1.63752774143405,1.72914215496727
2.1077273260743,1.8738262196292,2.54416185398164,1.76788234943216,1.86247487915812,1.98986821256483,2.57943802155201,3.02816366385911,3.13899968286728,3.22501093726415
1.72932404651688,1.20824310166708,0.79246778397776,0.149439687221437,0.287199064181652,0.411098171211687,0.79163683086618,1.17260210859928,1.29351288233175,1.39347583331409
0.0657770732647718,-0.0113366888469706,0.773662986492545,0.2419385169731,0.323235982331578,0.425509186762532,0.776752359722778,1.1337705731025,1.21213607350628,1.32483989522406
1.85567507785632,1.88970012739573,0.596219732855554,0.119130343326619,0.183587776267287,0.263841450342973,0.593250049459372,0.93338587210062,1.01755645528283,1.0731374883857
-0.230178656020695,-0.365342174545958,1.00575500023963,0.512706626645563,0.586639783433808,0.693139953394774,0.990078312731133,1.33362278590981,1.45772084361066,1.55390244529416
0.398384288134805,0.48966245151926,0.613819687642865,0.168817097160206,0.260783073823478,0.332812712844709,0.605191454865499,0.904346080320273,0.980339297970497,1.06181867576387
0.837218001305666,0.61212381149071,0.629513094750684,0.0474930499239876,0.110515388287491,0.207228505977294,0.631117777176866,1.0513681703923,1.17467240433247,1.24998488631594
1.21684312274991,1.26400112987598,1.42870674392171,0.797006103685505,0.90921740571049,1.03302965747546,1.43679993543297,1.80662115746272,1.92746569709546,2.00735823103471
1.94155036721323,1.49778699179971,0.840060578506081,0.197408508672334,0.302247367151298,0.422127632653465,0.820847310664909,1.26050328713383,1.40992185077914,1.50434917681139
0.552947842306673,0.284577423570573,-0.557353715377943,-1.10681808074207,-1.0462373680647,-0.926154661328311,-0.559627391086235,-0.179934954433975,-0.0794566003421203,0.0139235356747476
0.847432925857812,1.00747506236421,2.26564025048549,1.70551628734499,1.79137140395048,1.90016239394696,2.26392903552327,2.62599380428611,2.74220928265801,2.83678890005724
0.585081718873529,0.991354649063531,-0.378594389591397,-0.892849619670519,-0.806970136156287,-0.705899636880971,-0.370562750912479,-0.0715562007921841,0.0163847384798819,0.0977960078073452
2.80616802454598,2.8663912795201,0.72030551601039,0.0838327357015833,0.162992397872539,0.282223902870783,0.714710135485997,1.16686006485321,1.28661277186474,1.41021907708636
0.153641647311516,0.403729266723095,0.953164596016232,0.427819834547705,0.510786737420329,0.608870222900349,0.947940475339269,1.31909091138037,1.42112688606117,1.50459589199832
1.4438009198545,1.9657021330169,-0.261565374269638,-0.838462976338121,-0.740161350588675,-0.631516507638962,-0.263644790026371,0.10634977886424,0.197307141509142,0.296373791226257
0.514085755215135,0.244780165772331,1.59934899649423,1.06963812254291,1.16098858235837,1.25011285880559,1.61165187661087,1.93725140171171,2.04066853607268,2.12298603108203
1.62563696004222,1.40430038272677,0.591389118418885,-0.132950661635602,0.0145981745016287,0.154250169441343,0.586741329772997,1.02163559278668,1.14923834772631,1.24685905916502
1.68891867750127,2.08115037374802,1.04526365001706,0.342333315100955,0.452934382415072,0.569308542372407,1.06084924611312,1.48674079675736,1.60396687374159,1.69326165239514
0.249767048562268,0.322572908928595,1.55572068904157,1.02595138735212,1.15236264136645,1.23366338693659,1.57686472229749,1.84678326274343,1.90994992547064,1.98576246266299
1.5235167401706,1.27909831345313,1.74576488795674,1.17005175202984,1.26872446942616,1.36576508886064,1.74669547443381,2.12034787860847,2.21970715933803,2.3412805905799
-0.0582471385004395,-0.140769366732671,-0.717364688634144,-1.25364249303437,-1.17776476795773,-1.09486465785672,-0.713143345992222,-0.359900041574543,-0.258319236583845,-0.114110566781817
1.28138881677956,1.06066011023705,-0.0568799433821287,-0.636063094252959,-0.574509715503331,-0.479768242731773,-0.0650150881751039,0.354078404038055,0.476124509216448,0.580064657624022
0.533608479367886,0.855287792910016,-0.258153255233309,-0.834530754392658,-0.736729809393698,-0.640382866047304,-0.244384974593749,0.112810876944757,0.193677848843997,0.259964949239321
0.566287149776933,0.915959249277369,1.74929714190797,0.975406989978262,1.08988970389031,1.2257734868931,1.78316932696838,2.16674473164047,2.27378472718971,2.35768273651199
1.10840321049424,1.01271266807865,0.890306858938575,0.307021000724695,0.38562771063059,0.480713665726118,0.881871314366582,1.30560464112648,1.41727975461233,1.52616211916604
0.997487026377986,0.921008189213091,0.600139794910972,0.154871180092772,0.213377652950334,0.274880925407683,0.59377411940248,0.922452891631713,1.01695160846239,1.10045192435233
0.746082347352422,0.463515205003843,1.07432565948052,0.553052871868069,0.610182849036085,0.720258143557813,1.06081248675718,1.44733053844595,1.55816375460635,1.6452343248115
0.316311802680197,0.0864942282178726,-0.267656972591426,-0.71621012789881,-0.646629473318661,-0.569620520160975,-0.273705750676558,0.0477014310708028,0.141440872326362,0.197215432795883
0.4652128740783,0.381466529269858,0.239319319652335,-0.229440035594779,-0.170788572796858,-0.0883781071736062,0.254244632278378,0.55185909138206,0.613117067285453,0.68175469085014
0.0384218759601579,-0.184604461343544,0.0235520969879465,-0.477121412969255,-0.383344737888509,-0.309914371461959,0.0228342763400612,0.35502473137221,0.437822279511167,0.504505057701568
1.12393259332611,1.17855245173105,1.52250915447881,0.708343612695794,0.777268683119484,0.932873739227859,1.59161709729024,1.95074119464779,2.05191061991338,2.13468791606357
0.546261975125873,0.355047890574783,1.71581389672704,1.11768931257003,1.21815488697322,1.33229170111204,1.72789310537987,2.0903967686213,2.18691775967865,2.28387125656172
1.16002412994443,1.43596130883746,-0.0500898649344586,-0.686045637175439,-0.588701308885797,-0.465088387654343,-0.0487578957373993,0.364903278557118,0.487788007299266,0.549490928935348
0.952290560210928,0.733726609466242,1.18462949641441,0.623268848903771,0.703393713660997,0.798640817288255,1.1657444817746,1.60022049091902,1.73404875901708,1.77953455737053
-0.183487427886382,-0.117078766774947,1.04418747805002,0.266310791527386,0.351609721866455,0.473662812687612,1.08325147698085,1.49908604265917,1.60351819828518,1.68702807494733
1.0277422430784,1.03324655934275,1.82413588824603,1.28766090562154,1.38348042658045,1.47979043167821,1.83169270017866,2.1637398524051,2.25848319392728,2.3407858543438
1.5975837194088,2.25055974452734,0.635908628688474,0.0964239657541259,0.182337871435574,0.290419417829119,0.6438380229482,0.957613054083131,1.07261189286922,1.15142627558864
1.87677235144446,1.86150102050575,0.850274115007997,0.391042987313162,0.472849464428005,0.534301075710174,0.854311002539449,1.16624987084184,1.25246029404984,1.33944959629281
1.29470126337157,0.973933723934256,0.280890009615857,-0.369707016074424,-0.286852787081917,-0.183571396521474,0.234359825600245,0.805923519290031,0.990475733659407,1.18460583919199
0.779714977311504,0.874078253316624,1.24386702720129,0.61911170594747,0.694921352372048,0.805404680179145,1.27949946407005,1.58941897207228,1.68596384121021,1.76607158464768
1.40132436448523,1.16665875070252,1.29780090563782,0.664617581628888,0.771838658664347,0.905640155528061,1.302222731578,1.68589465180327,1.76704367755206,1.85499045833785
0.993311178644452,0.970951927580483,1.51571787509884,0.826076709188405,0.910470625660281,1.00499747263825,1.54954694330953,1.96993513518419,2.06479652156125,2.13420423430105
1.44590365191257,1.26827051753243,1.69520858625266,1.07325072408817,1.17743025831492,1.29878749832612,1.70179884176017,2.0976653044111,2.19703126250391,2.29331407617674
0.958613482065906,1.10663555359417,1.04415088811652,0.281146365585302,0.353765969205587,0.525262599966054,1.04940785654477,1.55994234806354,1.69476582522794,1.78748475911323
1.9117168627895,1.38334731738479,1.87390522244054,1.18138296283008,1.28843327407085,1.40674972721671,1.88333053707778,2.30575879087923,2.40161392184528,2.51702146440081
1.07702504219129,1.23268759868832,2.2450986726642,1.60222050179292,1.69932530047579,1.84626635060543,2.23796606253542,2.64910874387927,2.74376853393337,2.85859218243269
1.18760751300015,1.20251894821626,1.3704115521626,0.884858412324579,0.966958441052505,1.03555690188981,1.35200233146063,1.73632307528016,1.85447786801379,1.92325996059436
0.836312492322084,0.74298659391726,2.00642412435892,1.53273814639398,1.61272980995766,1.70530854242437,2.0010668324517,2.32984486360915,2.40963302282258,2.47635533481094
1.1775142249065,1.03919832636009,0.136707681779404,-0.519608975815796,-0.418250688558052,-0.297217535695644,0.153650848473572,0.549220954488012,0.666260917240132,0.757428501389423
1.52322819526348,1.41447118398663,0.40362163092723,-0.255823521043575,-0.15041229392097,-0.0399031516416547,0.399258914518875,0.837358785680235,0.970684503710132,1.07618647614823
2.04001007986201,2.53403710627976,0.502165621744538,-0.0368396014994762,0.0428086436837812,0.141201420369074,0.497193471112199,0.879111743005982,0.980163697351072,1.0610114553606
0.503858003805453,0.532720025336722,0.722737578794606,0.146971305306853,0.230004008261861,0.341650545200358,0.724526682585842,1.10676203786618,1.21118027824902,1.28274013962064
0.93971874879976,0.730167244245325,1.77280497890178,1.10984355668169,1.18907491503031,1.32088804181194,1.7908894921173,2.17358597065262,2.25296377392982,2.37613460420725
0.312840347582125,0.049505592271815,1.92263833570031,0.942888529458998,1.05204183704081,1.21396864825341,1.95388019512566,2.48237217845764,2.70156398004611,2.85346659666838
0.0907550844023373,0.299888517576028,1.59155416801237,1.04510171290347,1.14223620693358,1.23886844674354,1.58389709444213,1.94371119748321,2.06148593279603,2.13370540549259
2.14576711929497,1.76464842179655,0.981770883211095,0.34397634640122,0.474087032411935,0.579469141158451,0.999635684967591,1.33893937957396,1.43089805010621,1.51232209893395
1.22053426001456,0.880386700487737,-0.315472955538107,-0.822103089330828,-0.761210769640931,-0.666127838015398,-0.334378844470206,0.0630706697222429,0.167080558906931,0.262680775835318
0.952512835021099,0.946845031917632,0.66639681424064,-0.143976961858556,-0.0100804979262832,0.102867788240934,0.704860637648805,1.13198699493464,1.2748090251247,1.37467441613625
0.563333919286267,0.22454190887912,0.429260077454425,-0.258055624816019,-0.132937208601845,-0.0140157294261628,0.423493957900711,0.852944844533049,0.97860526903389,1.03534828686217
0.336019878286624,0.391158912063945,1.26889927540067,0.724847270878977,0.807872378108333,0.887396273997156,1.27087564749872,1.65023450136051,1.74972029763868,1.83900795424163
1.12729560941873,1.03157161559739,0.644308458911837,-0.167219892600129,-0.00624539164434306,0.16099380133546,0.633246713663297,1.12631027515756,1.26320616450602,1.42796414301391
1.16662142622859,1.63341323580017,1.78295257104843,1.27971248045845,1.3348275723089,1.42373276150937,1.76856543463684,2.16145578618392,2.26768406072547,2.36235267952691
0.355946629143537,0.282878031289749,0.736764145216457,0.102766825720727,0.216064685948038,0.349043526602304,0.738856934814601,1.11407704335582,1.21938725819015,1.29435234394412
0.409079656951061,0.586199509912706,2.2371520739302,1.67696984888848,1.76472317725143,1.87956894563674,2.22337006365343,2.60609904956348,2.69774692519244,2.77662998053883
0.376930535638007,-0.106191015212665,-0.370632192834791,-0.913145802784843,-0.803863839406653,-0.702038375989658,-0.363748994165817,-0.0382655224401911,0.0554533329640507,0.136300131922262
1.65009220593877,1.75582107183662,1.52346267771253,0.971344313142896,1.06537247812136,1.16554608360662,1.52460449790828,1.8848271218426,1.97769045497273,2.04747998208824
0.107449850340302,-0.101829821939608,0.310080894433561,-0.117068525650812,-0.0588806099946442,0.021108805781839,0.300600156706472,0.609065801427376,0.702346419992393,0.786011228748922
0.0805690003505929,0.134617235439543,1.00823049934564,0.422042241523388,0.50131390888738,0.627631274618789,1.01394842273854,1.39189607809133,1.49492487582537,1.58580277305133
0.450823590002018,0.714063540989296,1.08328881834169,0.542280472613071,0.628268230963792,0.721181097068302,1.07501342695877,1.47575380477047,1.56716547158307,1.66549449560198
0.626878674365946,0.570488086406429,1.44444452181668,0.834180673510099,0.945021072146984,1.07782585887204,1.45927465028763,1.82071488610148,1.92470237743644,2.01009072530919
0.348605727952746,0.535022141089642,0.604917083306451,-0.122506185404298,0.0358083249779141,0.172167131433079,0.614976905432194,1.06515796273088,1.18828070734767,1.28324531458483
0.847734832915495,0.731728886427392,-0.208832138446041,-0.833946320192563,-0.757099841809289,-0.614918985520486,-0.207474383551172,0.180041518628685,0.268047897119101,0.38527674515448
0.377926515112938,-0.0370018861330039,0.56873183280621,-0.0185752944200179,0.103525094990257,0.23252049506996,0.589995570363397,0.872933165116732,0.932932487965109,1.00931524819494
0.872491997139481,0.56870665463002,0.791189240496362,0.235010267722058,0.328756066605689,0.448190396499984,0.804787142173884,1.12644899181465,1.20819074910963,1.31546262943816
0.256592677440314,0.26031618414199,0.0537802271900699,-0.464808894443607,-0.395726232844309,-0.298058209508564,0.0577513868307401,0.398163315792573,0.495917727811714,0.559011863944539
1.14778864406543,1.67517168759794,1.1398718438666,0.414708985344858,0.562886009316289,0.696469462645428,1.18375168432947,1.51688995750203,1.61701272895871,1.6992429663161
0.567328741132494,0.543723726944132,0.0755858984179047,-0.59398706467105,-0.4901844527534,-0.350885067574285,0.0755598737732913,0.513572769631466,0.638404459006108,0.799076829495022
0.125003126038663,0.0564921114738651,0.208115783962114,-0.535693681978584,-0.434757006795172,-0.322901685557103,0.202560100811017,0.752883800290211,0.864290312440205,0.994043083247553
2.05221694409959,1.87892688859439,1.36171313775682,0.676868890633109,0.777561246117872,0.855989223602564,1.35426455798588,1.8951303545286,2.05398718697694,2.18729710682657
0.172067413580563,0.325159252779493,1.24448887133386,0.700346811552307,0.789984443766488,0.89885725952733,1.2530517522882,1.54827020473127,1.63900492398092,1.70594635370596
-0.362206073433545,-0.463510873306525,0.391136345068903,-0.00192815203177124,0.0828781566190283,0.145233194312251,0.39296380883911,0.638594628068606,0.705204731205956,0.760714082473039
1.38025583349487,1.01306341082598,0.270868474983144,-0.355258021170389,-0.233755436821395,-0.1273454731251,0.262069199472035,0.665918710935076,0.793389452743522,0.913395586161702
1.40606571482503,1.78282676531452,-0.162870181311508,-0.703255401222999,-0.619688215186124,-0.511249946166256,-0.163382473880495,0.187732710639606,0.285421805031569,0.369078446531895
0.550519138528405,0.370048175373948,0.79016239640715,0.324432284665395,0.39682232730786,0.500210145085179,0.804182405446089,1.07704102479779,1.15168119603899,1.22945467257298
1.40674372877069,1.38468058105625,2.604379756603,2.06639495010304,2.14443186747663,2.25058828084697,2.61411823436177,2.96691915476709,3.05826069312211,3.12395273088855
1.50466286498671,1.24581428772777,1.68389329879948,1.10582847231334,1.18440123547324,1.27145212174213,1.68816021253462,2.10147983324326,2.2023992510003,2.31707853781112
0.0103098278846056,0.0178468319808416,-0.143671699450334,-0.727246147748881,-0.595657886480222,-0.475788984072914,-0.13432718803031,0.209117470802562,0.289879953824294,0.387709970495607
0.0843454344519099,0.269787464613345,-0.128382747384393,-0.658254807480312,-0.580630285075262,-0.46860836902137,-0.123344817105993,0.226110365935321,0.334863312723772,0.405135732603042
1.82319587685077,1.53153949734764,-0.354251601122417,-0.919320114408527,-0.844787358287521,-0.738037915810656,-0.354784348268209,0.0227662370675673,0.152175284252242,0.259164185918539
1.04304291288084,1.01977262358743,1.73716949154045,1.10631335878103,1.19736788735506,1.32981307205518,1.72950081954964,2.16610569898705,2.32030831387968,2.4270606921236
0.32862935711565,0.0836368899321223,1.07930444165903,0.65117114669469,0.706028702790887,0.786639673615517,1.09292991715588,1.35640227857815,1.42901004619948,1.48186991207461
0.775452759320228,0.634825275979303,0.891349216673891,0.301724899706468,0.411994633639938,0.508101773130772,0.885388963840831,1.26373828333223,1.39862015495492,1.49886416843479
0.995500374268418,0.715386299409771,1.3897513788279,0.928796260409565,1.00178466168299,1.06590264393106,1.37980964509947,1.71311004804903,1.81244385387905,1.90094910746654
0.888652846038539,0.871859876721625,0.812553390993362,0.0520271339390628,0.183132603823342,0.379786453558189,0.845594120890047,1.20743446765043,1.30733315447569,1.37011415012477
0.867260563354777,0.596750654082897,1.42328370061873,0.846145091538337,0.945880297282524,1.06397209077409,1.4233697717545,1.79211439977918,1.9106970965588,2.00038045698509
0.64120500225076,0.313805755463368,-0.574983502774031,-1.18873117065244,-1.11063208658062,-0.998370846710496,-0.581073226034237,-0.142440997373569,-0.0349928215912278,0.0472903265932699
0.717244585960411,0.398594160494793,-1.17750838227067,-1.85151692066603,-1.73281722697418,-1.62565495177707,-1.18910371108156,-0.673749481865574,-0.520533685890148,-0.434441712710423
0.722102769422357,0.576442379489322,1.02470952280266,0.387010647555394,0.494582756114846,0.602792962991406,1.01840052496592,1.45918760349075,1.5547027121126,1.63590134574751
0.626303248756475,1.09812412288996,-0.354843315593162,-0.90016517794693,-0.83275467601816,-0.736924885774042,-0.366792415351285,0.0421299524426148,0.149697693410889,0.277765560515491
1.78200907050367,1.83364600715059,0.708860289690491,0.181473049635086,0.249587411872426,0.334816144937586,0.702144329421558,1.11014042894288,1.19321460818124,1.27627026142693
0.820027946882702,0.620398163444675,1.18340519101707,0.731587710335481,0.815603075131643,0.897599896001723,1.19522613359779,1.45690791883821,1.53924411863006,1.59941682775547
1.04125281992057,1.80777765961837,-0.450780924985724,-0.973391227220666,-0.895088944265509,-0.797038792487245,-0.454729881278892,-0.11182632454292,0.00207954245317538,0.094592242375416
1.40976566502905,1.08040345762204,1.97954797498015,1.21931967658713,1.33924499212795,1.48699030935326,2.0176987671161,2.42502442911263,2.52442001237749,2.58337622676944
2.44798919168502,2.12995182130932,1.79329017917255,1.20726708967916,1.31146861159937,1.40046138849835,1.78877046214427,2.18507181751458,2.28484464262997,2.39830616826441
1.80952312267855,1.84006638828873,1.91424825680951,1.09646934163632,1.24666733930886,1.36503662734152,1.9366070888381,2.43389382815436,2.57064226289323,2.66590399687942
0.813679610612453,0.379080162668367,1.03972771664137,0.519431079109253,0.642075377670403,0.738183384139469,1.04336395341397,1.34311497463058,1.42863494466704,1.48814862626045
0.748697425143103,0.733959236392101,0.466855263370506,-0.0381127460977084,0.0486955365369622,0.134112002114888,0.444294592608369,0.844997429566072,0.968722846523319,1.09685510273355
-0.191998971679909,-0.219098235639773,1.05878385620738,0.580262408981421,0.655975349066628,0.749854443979254,1.05863095921907,1.37225930166807,1.46157696240066,1.5616601316851
0.0524417084137136,-0.322963032784125,0.770338554511449,0.291243465777636,0.357376214158797,0.45001352209338,0.768948465547913,1.08610391563881,1.18245202429984,1.23331824821444
0.646448594313347,0.428124482535612,1.93732903972054,1.42869862887637,1.50569185812143,1.59612043080359,1.94143011555868,2.28776561482744,2.3688849175986,2.45012503405255
1.49449551595796,1.19040879781099,1.11464880536804,0.587009685830517,0.679395451270241,0.772111688483757,1.10367848091076,1.46167713552382,1.55667816254831,1.61660840601263
0.896576758695394,0.858229610326239,1.55104594670294,0.907883123792204,1.01250213033763,1.13475858213524,1.56030633772467,1.97310868772645,2.08144378521231,2.17645847566314
2.47316730810381,2.81314429773053,1.13725099153102,0.523238866559965,0.645258452953693,0.742958131123284,1.1356500733329,1.53156116242524,1.66878787340405,1.74019766682562
0.844037550193918,0.805109457025455,2.49228141229782,1.9333732817141,2.03410530177545,2.15324478336454,2.49090848950743,2.8294922582708,2.92678639755689,3.00014329601324
1.09829481326119,0.881144701223628,0.535096529424908,0.0553148194501274,0.124968380420171,0.195169771087245,0.518134249109598,0.890960008958293,1.00247454805285,1.09011152022764
1.03854641518433,1.04613024363653,0.765985933773742,0.0712773530894894,0.15662028048867,0.295271917329353,0.783181027614267,1.20043463255184,1.33989094760955,1.43494885025558
1.3025490349019,0.975582006842539,0.660746974905705,0.0322596788067757,0.131248042735667,0.2459588103041,0.669064041316093,1.06074710653069,1.17576858040663,1.27050780391489
2.50905716740422,2.66292754118648,1.54045853500112,0.800618107376854,0.914822035913795,1.05535207558382,1.51289674539886,2.0376786033276,2.1619262944455,2.26259010498039
1.31784953366996,1.40181105096807,1.17367871697915,0.540983362379649,0.624456513910789,0.753774682769717,1.16180232681797,1.63733018891748,1.74619301085724,1.83403557746887
1.58123953086,1.298489613581,1.83508335608696,1.17327456527979,1.2763075035935,1.39969869292155,1.83713732226787,2.25246635452392,2.36894342084822,2.44881860216758
-0.270605664900335,-0.188451445812092,0.299220787323813,-0.185228134828038,-0.131089676561344,-0.0373770184649753,0.303620321883739,0.637223970710086,0.716549464680372,0.778549254786267
1.58076286946335,1.36370668212296,2.34086751452781,1.60610896324094,1.69781369448145,1.82526592354966,2.38971038055089,2.75210191575025,2.86721754108527,2.94338420425365
-0.3840223398763,-0.524555350139685,0.297466312221558,-0.0805202828757165,-0.0228755488500108,0.0406444515914812,0.292227419329763,0.559546346213784,0.655011578083434,0.729639483243714
0.479013206974014,0.431040934163038,1.10066700605799,0.518438224560483,0.591727050128664,0.708566698800718,1.09272342727291,1.48562185582383,1.55872677780527,1.66117676047587
0.576643590549193,0.565837940004656,1.25605955501386,0.767504323910597,0.867011931328423,0.954424882525114,1.26428400418272,1.54807689358714,1.62409931661034,1.69999005568873
0.826248336220835,0.740659478791066,1.19374017544,0.632033082506523,0.686213882064161,0.779485380523421,1.20942727865071,1.56264047735292,1.66045706160866,1.74867034662981
0.670918494541014,0.628128680888813,0.354267109676718,-0.285510380930226,-0.216742173232027,-0.0961708247560379,0.364284008125964,0.757241070271355,0.86735353927788,0.966555324191328
2.39817451647897,2.12161226680962,1.75576232347554,1.04355861748791,1.18629623502608,1.30434225292931,1.77086479810282,2.19672043947673,2.31292000221718,2.39153696170724
0.0803855255605353,0.794169337456225,0.237364295394554,-0.37321329596635,-0.287001738938807,-0.176446413122399,0.198002870039223,0.77426535910964,0.94897068427793,1.0973534212725
1.0909084265307,1.71122253265533,2.24310042044985,1.50836954377168,1.600115569463,1.77199704730949,2.27569443077457,2.66795040526702,2.77946778157614,2.85939098995995
0.993726008308467,0.842730381382696,1.23211193966445,0.620238056356724,0.712318264886243,0.802435231188242,1.26135590084868,1.58932015979943,1.70173076601046,1.77673140969769
0.967266246619543,1.26965351098212,1.29098814046829,0.187166780846474,0.338720400021504,0.51973514260647,1.39824547008365,1.78793955586812,1.88452432528253,1.97773163115206
1.27462427870331,1.38764159868343,0.861461840482894,0.176875265978059,0.265998545184926,0.405544705178781,0.854497667306304,1.35081294979249,1.4896420997362,1.58515464470286
1.23762307599761,1.03612970593004,2.31494800914325,1.52627629805621,1.63557653160046,1.78149493985294,2.34821332808622,2.80617067930074,2.93489963402923,3.02085940394659
-1.25425276136915,-0.664705977993179,0.180956636339563,-0.316369746422241,-0.251622181929046,-0.162122205286129,0.176726739994253,0.516179596323346,0.616554709907416,0.681492745146511
2.08856299309775,2.12626265938,1.59738822104681,1.03982220599402,1.12757873762973,1.224223666674,1.60136122978479,1.98659588972244,2.06978467023245,2.17118003639404
2.35525456596501,1.9032125786307,1.37114487299851,0.79539083544042,0.868808050186525,0.967336242157848,1.36707008482722,1.76833469127037,1.87260784027618,1.96753832916261
0.715161465828562,1.09129331812177,0.984030750421875,0.500787024533737,0.571268040825178,0.661897562282497,0.98771948466348,1.32623685619395,1.41670062391095,1.47834530385941
1.44677250585364,0.995993620864292,2.27731280442459,1.69914882130465,1.76221780285743,1.87170771314331,2.29210575976356,2.65169911335891,2.75565752876506,2.83904676440146
0.188981652452911,0.0497377257648793,0.46244402517998,-0.00388011647488905,0.0658370887972888,0.138065085085481,0.4550089581573,0.781529526392718,0.865574075673957,0.924540062378106
0.136082417995433,0.448177377810626,1.37824317143617,0.725167712736122,0.816006241050258,0.933366173707298,1.37574586399124,1.83070101549797,1.96892244085854,2.03751622926009
0.697691261433402,0.449653560324386,1.39771421925427,0.959697247358913,1.0218857939334,1.08281296290874,1.38162695842975,1.70919948011434,1.81069342569721,1.89095243985499
1.49551673227011,1.58092984456802,0.496220766862315,-0.157962036067543,-0.0871283860388535,0.0375357487249501,0.498444130863248,0.958459255064147,1.03533121330092,1.10158366721841
2.0695816849999,2.01933350277692,0.563419190877664,-0.0927153695635447,0.00431250377705393,0.12780303593074,0.570129873197332,0.963180269758994,1.0905588883062,1.1993885740776
-0.39518844612812,-0.350064136396377,0.00743835302992886,-0.406574617746673,-0.363607548291585,-0.275927552441357,0.00595669909050907,0.285212414138595,0.354024577530076,0.420325023753793
0.728567183394733,0.288485822125642,2.15739515071875,1.6434586038104,1.71963282229169,1.83578769213209,2.16022826460669,2.46506148081585,2.55390469672706,2.6151343518485
1.14390867611965,0.731793980018947,0.815691952762344,0.221663196142015,0.312810993003927,0.436504921231023,0.816216279503537,1.19134001617228,1.28086937209811,1.39963325106594
0.497688024630239,0.412422356543566,0.137624558885123,-0.398933679013923,-0.330943079722995,-0.244899984919216,0.108774656082336,0.557377786337886,0.685258957657856,0.802934735840116
0.187123196438544,0.101895092206037,0.327489090674681,-0.252363441172252,-0.19902890753432,-0.0727790756975322,0.342883917289987,0.705340386862393,0.791086592830253,0.871034702931575
0.82035620289994,0.608455022428998,0.137596451611011,-0.505543215155634,-0.4092462975218,-0.311809027526901,0.138117823781631,0.591811470338966,0.71079039480374,0.813441102963027
0.20244191719637,0.178850622265727,0.910943225140491,0.455025591882081,0.510885019476304,0.58194037789824,0.922418661133069,1.21017663844678,1.29832212366882,1.38998530284168
0.033887799883533,-0.158485936565001,1.04545242334898,0.464358177477776,0.534239149725297,0.659902170256641,1.06152840086633,1.40701089527581,1.48743742981263,1.53159165500689
1.75206690032458,2.20399565538961,0.0489659444142291,-0.61645728381287,-0.519712670295473,-0.392334209186509,0.0528718484072313,0.470200097950421,0.579330463537496,0.651571864073151
1.95111064377858,2.30119461892758,0.531840914484261,-0.0831741381251226,-0.000188224402057636,0.106776448909947,0.549681599287559,0.939437579963403,1.0237678658664,1.10556929228952
0.929959975623898,0.778842862591194,1.45529244952125,0.82288341609105,0.935342709173309,1.05738884207,1.4646264030107,1.84475463546846,1.94954571867631,2.05031783574239
-0.0828570033231286,0.653001249896123,0.702833770350466,0.0106419470899511,0.121765613365618,0.234073297043593,0.68563422719755,1.19018291199523,1.30356051726107,1.41031103155345
0.12004785699216,0.277135361976849,1.05434978895347,0.350470961297047,0.42976180407806,0.623161028145356,1.06088371632775,1.46180068934471,1.61732494283708,1.68558066161653
0.805089591864062,0.806134384171562,2.20667827638695,1.59366907349286,1.69074687126503,1.79034366816991,2.22939297598033,2.5741599319343,2.66415590441926,2.74192738020939
1.71287236863907,1.41620810766849,1.51659884656887,0.957684543044389,1.06417030646367,1.16519427562801,1.52174248009361,1.86776789916226,1.95397798212966,2.01013990262176
0.35708052060493,0.61222318248368,-0.843502321138743,-1.36311125343061,-1.27936991351023,-1.18476346291265,-0.841140945893051,-0.521823513324542,-0.418340650576934,-0.32916432986016
-0.274704214917236,-0.11145546695073,0.990667027660866,0.493934488655367,0.569653066121481,0.663532830926591,0.971938700056962,1.35771978124443,1.47676886184786,1.56975670117594
2.39282249055799,2.5868029077009,1.75449493955332,1.10321385850566,1.18607532776353,1.29188236800078,1.75188688405787,2.21637057478094,2.3403197583445,2.45139184603661
1.76149101566896,1.73663496682881,1.43172632196992,0.809999340070925,0.921314146298056,1.02009722039445,1.45490353373927,1.80709270158343,1.87741342750933,1.98587462499061
0.994717516569128,1.0212158723064,0.471001169231566,-0.117218952848986,-0.00992018683188439,0.05623240141787,0.452899696511338,0.892810266833697,1.01239048526838,1.09319288314317
0.667855320641762,1.03672163370993,0.449778909772392,-0.168683836883164,-0.0997590362669234,-0.00677463042745035,0.466757736504957,0.861594466457059,0.956872538701389,1.03928545417919
1.99774225508967,2.45320286945964,2.06556621665947,1.3862578330133,1.49590638214029,1.6185221282132,2.06934929951997,2.49687664870397,2.63198746292798,2.73963897850431
1.13946135924147,1.47193638124374,1.79530712619643,1.18906133646813,1.26921497430197,1.38680117983985,1.79668311819895,2.21325700330502,2.3074885323749,2.39338259159499
0.950140633812885,1.25133069058568,0.294925384501379,-0.271843596197375,-0.196249474582433,-0.101711690023926,0.29093643806455,0.688917777461944,0.79151593382107,0.876814459854989
0.28477835773394,0.0753858504975366,1.59409282115206,1.0869939899532,1.18194007555187,1.27593339454263,1.57505361712624,1.94580082060433,2.03821637851068,2.13621261784886
0.687563653077799,0.522302816458087,1.47885944224839,0.909571712758893,0.990011227195059,1.08856903862168,1.481551186194,1.85235311886288,1.93733639038459,2.01543193844065
1.60998281211653,1.3030359212193,1.59962495443867,0.96448365692158,1.04971399384759,1.1230493215586,1.582740188985,2.0977019600525,2.20148536639845,2.31514337371475
1.06837827609098,1.37672885685332,0.256469432822154,-0.458727147262306,-0.374970362943079,-0.242233626910879,0.283112599522521,0.724414603847482,0.816194424909629,0.900326108493555
1.99869496820484,1.88155074556965,1.46590066716512,0.908228925264419,0.991997141607245,1.10580106888873,1.45658882635112,1.85838928810055,1.96468602354587,2.05698837676555
0.276832007596059,0.207044767346626,0.827161152120271,0.311347445829407,0.379434687883725,0.469193473438546,0.824013803392266,1.20185512602381,1.2846962445873,1.3585265653974
0.735763426264031,1.03036860831494,1.17538503449094,0.699288567751834,0.774192498093685,0.857645801848227,1.16840720714553,1.50237792617074,1.57449822037679,1.64065436399098
0.304280118706365,0.0885419821510578,1.7788836780725,1.23538938005267,1.33222746686528,1.42920942981929,1.76657687476565,2.1504341760003,2.27377628165255,2.37620047333242
1.57954259764798,1.57997977549162,0.94672869294036,0.394370835374328,0.475373965268709,0.554702139140199,0.943048594539092,1.33764217761359,1.45751012717084,1.54233332800456
1.06979774055503,0.601557964417288,-0.202505849365205,-0.759845646859573,-0.682619816601184,-0.576137946657119,-0.203955338352084,0.165422569498837,0.272676253768904,0.351305926250562
-0.338451976695553,0.221354491425906,0.1937141947276,-0.321703888699196,-0.23396427382005,-0.149616099060771,0.17702356096305,0.562636494911574,0.654491826679754,0.746002713135381
0.444040266397482,0.498860017592359,0.870213585268568,0.298793121949384,0.406576404826626,0.502640980121341,0.870739505527433,1.2264563252011,1.33222744476103,1.44200896471205
0.516567872061642,0.796159685648142,1.38599960197699,0.668338206182673,0.798099832639049,0.907202522189109,1.40588941084933,1.81338498579879,1.90817552191987,2.01236154981487
2.09161131258872,2.13794007099209,1.76086218131348,1.16405250964688,1.26543900561812,1.37572325930853,1.76083685803189,2.15947868623549,2.2542240210264,2.31881377375759
1.95575426560617,1.97960590409494,0.983445005329106,0.404419186352571,0.505446368237298,0.600335312379997,0.99693320833031,1.35698580402082,1.44280218879225,1.5313733614391
2.27308121130697,1.9369470943731,1.89896182298484,1.30518972630204,1.40402602220579,1.50362437069572,1.89155216791704,2.31888322707394,2.44932512407451,2.5339594565431
-0.0358049432011101,0.136999676249357,1.77191474743069,1.23604753535598,1.3021320394123,1.4228955947891,1.77702238557626,2.12222204705558,2.21611261108105,2.29457089603114
1.72286253815319,1.85819510630809,2.15187081602048,1.45992361264868,1.55744726285648,1.69505652193568,2.16644192779369,2.5506153492349,2.67329878526302,2.75296565592842
0.536044042532853,0.532029450967457,1.18350305364553,0.579515020988516,0.64571181794709,0.743801735577802,1.17227426583998,1.64322229297719,1.77967694112713,1.87179944627865
2.25157927023635,1.88156846446591,1.21703312902985,0.731639505449077,0.79291239981414,0.883476002214627,1.20289345803221,1.56272724429881,1.66518782551633,1.77863967362479
0.78156845896958,1.11335062579224,-0.949349882722855,-1.4920662801663,-1.38943716650795,-1.30882752600382,-0.955838268929797,-0.592258787253254,-0.4979731881309,-0.403755295335231
1.74954418324881,1.90206161255312,1.60923424727239,1.05098319645661,1.12671662119887,1.24255385908087,1.61931205850872,1.96200508970014,2.04962785309759,2.13211289344549
0.911674990893482,1.24929642689022,0.405592759929687,-0.235850504879116,-0.140488598987551,-0.0414139992819664,0.403231920942653,0.829644299206469,0.953563858628326,1.05742116962663
1.06026399339539,1.02601440112816,0.3938667067932,-0.137291403437428,-0.05340980544581,0.0398587305461352,0.383304412480275,0.754786687711979,0.860421188204144,0.946679813368658
0.160995099600266,0.29427807748381,0.886986696748065,0.273084355244112,0.350784727886352,0.474909378559711,0.89765477679693,1.28051018946359,1.37827219790349,1.46933930623498
1.10214604793427,0.962394152993275,0.675304350607401,0.134576188667299,0.212475059571946,0.308894791157384,0.6836186141922,1.05339803983481,1.13281688041739,1.22475247966602
0.166305069177563,0.315314386417992,0.544181032940193,-0.142772548737856,-0.0364498504714385,0.092846054365695,0.564054713303019,0.964983609649446,1.07406786931507,1.16492401750922
0.221190844157831,-0.154654050982423,2.65032745269231,2.02270822455045,2.12059527780776,2.23344603306724,2.67103451238505,3.0487087122724,3.14778063404676,3.21341656186132
1.04118443889709,1.09355153791328,0.301294619201915,-0.224541881386,-0.163289519770846,-0.0767852713073663,0.278042595287985,0.715471330162375,0.88356666077603,1.00552302024896
0.0044671272229808,-0.183411869214812,-0.353870967368416,-0.879011301254576,-0.777912209301836,-0.680786405427708,-0.352549544671651,-0.0252997587449824,0.064534732622671,0.16139410860853
1.48704444424773,1.4384132028633,1.57412339447317,1.02965379129123,1.11731138735985,1.23608348594361,1.5676049836701,1.93064347222103,2.0256459457321,2.08801270902715
0.811308621869919,0.574463683103743,0.989938538693191,0.399766034113777,0.500876357419709,0.627755352928685,0.993678257876703,1.34899375647204,1.44770442363979,1.5628715898619
1.8780205792745,1.899643142748,2.2122843737798,1.62932167316008,1.74091115509851,1.84886556561025,2.21239182385464,2.59689592324656,2.67953172524152,2.757184512429
2.02418400325248,1.60080366616028,1.11658366381609,0.337000517652525,0.471036063456619,0.620778832025165,1.12997165124565,1.60683015410928,1.71336480742506,1.78089841129835
0.407412198475221,0.647964451563588,-0.276897418218109,-0.798054894442207,-0.723212727060762,-0.633010718518509,-0.268850424879337,0.0645029610249336,0.143356920120071,0.221714980713554
1.4786570609596,1.33575546776878,0.754643834934135,0.108358828283779,0.208352142936111,0.320720478253885,0.758232391976989,1.20511240939481,1.31644478857461,1.43562441617946
-0.735681116694353,-0.643180242460959,0.556064782612179,0.114383332334387,0.183047541440226,0.258273975474607,0.541677002694106,0.876334075365006,0.978340544907992,1.09524898047996
0.878711216720165,1.13426277686896,1.64703170843348,0.836786906363567,0.96014476641422,1.11458731025249,1.65812573086838,2.18403581118422,2.31093870009871,2.37271219823614
0.880211274401164,0.819705294500931,0.729860090362313,0.000537428851428188,0.100417169460647,0.244457779850212,0.737872106706261,1.21357265745063,1.30663892047646,1.4265355519274
1.00374256476661,1.06438669083653,1.15373716269795,0.636423350042399,0.720113118826975,0.826767707499361,1.15083479322153,1.48599820080616,1.55582438519052,1.63282804281902
0.191496168621382,0.282671711028054,0.665104061477959,0.0844095686264314,0.147413156324901,0.255840220849737,0.669779269237372,1.05001387421971,1.15313925162785,1.25846986857218
0.820624528756795,0.824607497716658,-0.026251588277272,-0.521336238149398,-0.4464113628765,-0.361739271719541,-0.0501573529701629,0.351924996268627,0.450981837518176,0.53826659638269
2.16328803181918,2.95735953577412,1.22556545303827,0.18295350757992,0.358061710467493,0.637077566966637,1.28309170442783,1.76092849148018,1.90127724833508,2.01280706860881
0.32135348903337,0.107319941261267,1.09574736456534,0.48349350341871,0.570775357433808,0.690748127183968,1.13893872986591,1.4083470034302,1.48846600026903,1.55410781235594
1.76135150997326,1.79606826101703,1.61090445502506,0.563439283709506,0.654586285199741,0.811212894668209,1.66779659599228,2.19065433031099,2.3430540033592,2.45952982153494
0.731371987275637,0.542831126608091,1.00498317028204,0.409851519776135,0.51559414006489,0.603708429056354,0.995080026497481,1.41308160552989,1.5423842105651,1.64125043708892
1.07331841553521,0.942650594316256,-0.66371218139674,-1.21711020587446,-1.14422944470315,-1.01883410762056,-0.66094126507439,-0.294775282940658,-0.198718172461127,-0.130217918508186
-0.0214278369904255,-0.169976638042901,1.16645049851667,0.601783994975328,0.674269141265427,0.76267081814221,1.18447243064407,1.51879595071646,1.62226601962306,1.70738159942188
-0.146972568224644,0.00805958235649254,-1.25026442225246,-1.96444307776737,-1.80386443076034,-1.71397648919177,-1.24146788267509,-0.836795805608613,-0.74104499469943,-0.652873566000217
1.04118443889709,1.09355153791328,0.301294619201915,-0.224541881386,-0.163289519770846,-0.0767852713073663,0.278042595287985,0.715471330162375,0.88356666077603,1.00552302024896
0.415715937960962,0.448321482064358,1.29883941969158,0.740619364647281,0.810718871835245,0.921124795762166,1.2878817156245,1.67811923580221,1.79341493733352,1.89754428889689
1.03008795934646,0.911314923638475,0.933492803264886,0.223116788391925,0.371508207106281,0.499988973101571,0.939272792922509,1.3513337546721,1.48077910666368,1.57750986073585
-0.20550671739441,-0.211275551758819,2.09328773278535,1.58907428314171,1.67715724374882,1.77557614109891,2.11272818438445,2.38018712683537,2.4440476493525,2.50391539195296
0.924989546197784,1.38253239831551,1.50795641744263,0.872389459073263,0.945705644202359,1.05456389144185,1.52050688415921,1.92436385592333,2.08255262215542,2.15507896285784
1.32646999689139,1.54968323414917,-0.056780833795798,-0.614379498370602,-0.541284192942388,-0.447422004484312,-0.0503223587215393,0.324024411071336,0.422194335857338,0.51102201157747
0.806750431563337,0.67543990601051,1.11851051701737,0.614147830501321,0.688213754857883,0.7724624761048,1.11793332992569,1.4512774518994,1.54227178339635,1.62719275244884
0.207762857802555,0.178744525223745,0.760522089796322,0.322519801542848,0.386448829287953,0.460629921327412,0.767225439013843,1.04709829506167,1.12847080927479,1.20133744933157
1.61989896017005,1.50055582853878,0.921019389449473,0.357875329069374,0.427721854635978,0.532763695879153,0.923191291695012,1.30722716594582,1.40399550252914,1.48933105329001
1.83185978683474,1.89456863610882,2.01733668898756,1.3979006917429,1.47861638288755,1.6100993795684,2.01574083850198,2.45183784783645,2.56370657621974,2.68174612010383
0.59603978037392,0.72440730563613,0.577947991242422,0.0588679086744402,0.131875657784821,0.232083009023252,0.585861852682151,0.926778856212698,0.998049818445251,1.06978782304712
-0.0439488296298005,-0.417505313479968,-0.302378102079663,-0.834252599912278,-0.750278779731358,-0.660859820584961,-0.291843674464301,0.0439991786492916,0.126384556074877,0.212171431887246
1.78425501581756,1.96669172058281,2.45326819176587,1.87363187526201,1.97520102879069,2.08191623047557,2.4411068793909,2.82687400635432,2.94847429848146,3.07875232016169
1.21419452029662,1.41248288617302,1.37279466053459,0.696597302211855,0.828631964367048,0.942986667932219,1.37438938503709,1.8133488969812,1.93157511739192,2.0355512263929
1.1491551348315,1.45676100366214,-0.437462647180039,-1.01612654386825,-0.902182739871289,-0.788739140426998,-0.440115403114603,-0.0880936424575443,0.035582049389408,0.106533460435297
0.687340810950975,0.641798969828657,0.568293991561034,0.00237388158200958,0.0885156472929945,0.190645417967093,0.549302146683538,0.98790799137019,1.14089684697787,1.24057113856213
1.68467832819374,2.11411951554175,1.69124364094056,1.07476486068185,1.14372277801686,1.30278562462107,1.69214723477511,2.06991833983051,2.21484041275319,2.28898445556412
0.661694614992054,0.45739960186341,0.695799521456685,0.154435809625714,0.23807188882961,0.332080065252684,0.686683882664039,1.06777979461594,1.20013717257886,1.31267082522964
0.977950170651429,1.43242509524338,1.60856323372994,1.04710032000517,1.13675014584682,1.23895042529627,1.62806541340734,1.95588968167704,2.03672103876328,2.11901910608324
0.885360649834002,0.789825036599614,-0.175531995434779,-0.707756612908708,-0.579398176419478,-0.499166592041268,-0.179577018810576,0.169494111804946,0.271736399845963,0.343394993282978
-0.440349359595542,-0.359233636092309,0.314339877656384,-0.232381375276673,-0.155736738605049,-0.0599317826761726,0.321680650495881,0.680832240122361,0.782068712182504,0.879036335157013
0.47787307512204,0.649178342062183,0.397597469874921,-0.144591683857387,-0.0605605304154479,0.0327398657175669,0.389913792991394,0.771628897008772,0.874634376603087,0.962493149991063
0.657231354407984,0.676027491226005,2.48530753190322,1.98440058530941,2.05403647520094,2.16171024807969,2.4906494421524,2.80356602686807,2.89884749298082,2.97104440164003
0.607558265795343,0.680244832655841,1.12556696348563,0.513354696386456,0.60563653754915,0.730168691544967,1.13326084978933,1.50270265401751,1.61511786297415,1.69144036316709
2.25241399622175,1.63945491859975,1.07483977499662,0.520838922895915,0.61188648896676,0.708998958840687,1.07430789871249,1.44596938369546,1.54821155970722,1.59493713802623
2.26046280047311,1.82502251577025,-0.325960769970217,-1.03387906992446,-0.933306180777837,-0.833936673307425,-0.398543764116442,0.33202708933461,0.539599777929842,0.683768346397773
0.414968138781975,0.216297283777161,2.11472302032794,1.52155791065948,1.58415729720409,1.70270917439562,2.13469644485514,2.4745737550744,2.55135401196503,2.61636641654726
1.00493017501166,1.11581291555049,0.944604629796359,0.369452737934822,0.452451392852037,0.575492903790672,0.942594202696656,1.30057432860639,1.39421946804602,1.44192780092858
0.755300752822508,0.661156065295782,1.56845987183824,0.76834015385611,0.89035205467468,1.04242548664968,1.59000212221643,2.05354656312468,2.14527316179065,2.26015128211124
0.0555316592914769,0.185331853137365,1.43300079972714,0.731157777954795,0.856690847829998,0.978819934793901,1.44487529799402,1.87756827697263,1.97196076210218,2.00562100215112
0.326126197484375,0.69234479500253,0.805100870552163,0.0573572718945714,0.177955718083486,0.326589157383847,0.850530578442132,1.19669539451501,1.2951881642608,1.37597827582127
1.53164433591352,1.58624818050576,2.25018690253713,1.66052504649268,1.7824302501993,1.8802031893476,2.25369922507242,2.6131463871425,2.70425266648989,2.8092692719078
1.96612684415616,1.95177129313573,0.706409159360243,0.121853502625877,0.185184723181872,0.291566143265541,0.7064037575398,1.11117796857554,1.23143425666677,1.29903722204765
0.508437133684643,0.419086249094614,-0.198968056552071,-0.770287561481022,-0.674868635022884,-0.539987338798681,-0.212660710588204,0.178409792541248,0.307770320739363,0.378490595712524
-0.00459683550795488,0.410521091885577,0.827079671724305,0.304840437015601,0.36326045922876,0.454290968176341,0.832979691434753,1.18858444581121,1.29732738587345,1.39219460473241
1.20285165964362,1.37214658823581,1.89562663293407,1.08261363728316,1.257799670893,1.4216786627167,1.91622876721386,2.34211667213212,2.45227943539992,2.52096688324068
0.520028423781875,0.3907837236207,0.901508445423495,0.422413509202527,0.483677384381806,0.56422996753329,0.906600179373326,1.21029305016185,1.31097772354948,1.39092948158428
0.340594799052204,0.721050834198108,1.13378389510643,0.652376173701342,0.711496275901052,0.796733145802133,1.13377208915527,1.47272285460032,1.57095649578419,1.64983035981855
1.03062841511766,0.849093129861047,-1.02241150156288,-1.63531860198239,-1.57514042236124,-1.43302266897783,-1.05434543579308,-0.547043906941726,-0.381927518783308,-0.21346377675891
0.964394939763333,0.945159002880266,-0.41310599672464,-0.936323230319028,-0.84967205581512,-0.780032278881468,-0.409608485738883,-0.0538952403497769,0.0274884330587211,0.124742985346822
0.977721184275138,0.715104994239672,1.39958219339166,0.793413855994173,0.899416698749624,1.00996270373957,1.41500429973871,1.75380414032928,1.84998591398242,1.92033989027498
1.63489233813627,1.92030757309382,1.80656881466183,0.756761529523184,0.882961921004317,1.1585583557532,1.87015947417032,2.3379596487194,2.50551656694909,2.57512576587614
-0.396765840643455,-0.514515006034995,0.565154570903896,-0.0131626468659875,0.0821162229567291,0.17206829820129,0.560696923441827,0.977046580093575,1.0534388518072,1.17512771939181
0.522820000990918,0.849528281229514,1.01900819981786,0.374974720638077,0.503302571657136,0.631291179966355,1.00427627153773,1.43381240632701,1.55859909894462,1.64181543716357
0.874456721586391,0.578804152619038,0.471961767135239,-0.0568200147666032,0.0259296014193733,0.0952125203486254,0.459260938741618,0.885577722245238,0.994915174040825,1.10233009534266
0.424930049845516,0.663862722504453,0.196456077829605,-0.334677393781374,-0.256521573002897,-0.159873825416357,0.187157250118409,0.587767488745219,0.681296282767287,0.771061703438327
1.24294470626357,1.08787217515911,0.570575584007756,0.0881385283878425,0.164611776631523,0.245588327599161,0.562528723304174,0.907205286109809,0.998764625019986,1.07110162047746
0.243932086803077,0.760940676424859,1.29704573832149,0.710862444474012,0.822098820500765,0.939661121787735,1.29123164739292,1.64884356144409,1.77438509669557,1.85623545136002
1.37159491117025,1.12786728139416,0.974797135275862,0.293191354858484,0.412504432416532,0.542578149112039,0.982470705698733,1.37757325845486,1.47970573223666,1.59779759704005
-0.14425763606161,-0.218477513903131,0.444151677925018,-0.117145350474299,-0.0334047315996628,0.0783947507942833,0.466502789137777,0.775174418430598,0.859801991880114,0.928048839955713
1.1361290785618,0.924092750866609,1.0983872573995,0.427192417663899,0.568311205984621,0.659010911292884,1.10488183569309,1.52803900882938,1.61594941912153,1.72165542289052
0.345747602465084,-0.127199365408484,0.33735882790692,-0.321573770454732,-0.260684645405391,-0.142029181788611,0.313497148560234,0.865664377798343,1.0176054226535,1.11734684887775
0.522757213643799,0.0809178053057675,1.01242572077606,0.392062933344427,0.503846376781903,0.604236091449971,0.998027391475276,1.46046222758356,1.60186631015234,1.6928464948742
0.657861744425114,0.694274139801385,1.28998342312017,0.689732943471693,0.783519526196051,0.893966055086312,1.271969460896,1.72792672396321,1.8599489935627,1.97636598590604
0.257369671015413,0.392737238222466,0.649710897603052,0.108677301694004,0.207029590440131,0.301862158474925,0.645481111191362,1.01992401870374,1.12406679403945,1.21580670170608
0.536297787092977,0.884466940032135,0.0414590767736988,-0.521970636812967,-0.48101302656645,-0.387979272599039,0.0288785063195199,0.471399189843172,0.663196462107802,0.761319808177675
-0.0721785795130298,-0.310389569354647,0.707950679907741,0.307971290885056,0.372130187153285,0.43420754753917,0.705662004844705,0.993818779629414,1.07328950363497,1.13204431224932
1.47681824303565,1.57258645964467,0.536108936138089,-0.100104653069467,0.00586393003805669,0.100045280863582,0.538191087218489,0.966758106225897,1.07482358658818,1.15669237587919
1.11884155742896,1.55895285343108,1.35835400296079,0.820549243097078,0.880952547104487,0.992037973165996,1.34593789069786,1.74818481770567,1.83582131003103,1.93421928358025
2.28899103458672,1.90427546167131,1.54132230203241,1.03004494575617,1.09909574315788,1.19635870244932,1.5310050190632,1.88755897599175,1.98968159907446,2.08361821683916
0.683986437477198,0.552862260163865,1.29800684377092,0.791256396760929,0.840333063304041,0.943541492407074,1.28127465698521,1.67444580472031,1.8238146960124,1.92879417319229
1.43705220334396,1.44316358110605,1.14476193520486,-0.185016738204368,-0.0813343210600323,0.107431075707991,1.29566425855887,1.77472344902154,1.91209486783455,1.99312620317332
1.2342251242401,0.974277824994032,-0.120829410096401,-0.63124876180952,-0.552129758560533,-0.460967115091077,-0.121284373858366,0.247595991140953,0.349432866132592,0.413853557054097
1.45100506833827,1.73032064462355,0.430908850525336,-0.458017931733646,-0.328212233390986,-0.167269371010613,0.48856467202779,0.926301251032808,1.04875243173555,1.14589794492338
-0.480781831943102,0.0679394583939518,0.522762323348244,-0.0671727236385372,0.03800597466662,0.152338171249497,0.513473826662381,0.889618008249258,1.00890599925237,1.10939414314243
1.14723171421836,1.97258411931827,0.187088037267071,-0.353722739238561,-0.253301557653219,-0.14994392147202,0.194250332206959,0.536745945088968,0.60353611172666,0.685738286904729
-1.02356092951476,-0.811914078533497,1.98287868588404,1.46262039109988,1.55653069210957,1.64428756487208,2.00570528707277,2.27777336118042,2.34918545150833,2.4052906614904
0.896576758695394,0.858229610326239,1.55104594670294,0.907883123792204,1.01250213033763,1.13475858213524,1.56030633772467,1.97310868772645,2.08144378521231,2.17645847566314
0.918245843944975,0.691321594157166,1.17805918338273,0.675196413053185,0.735657339814577,0.838997565683282,1.16530143979979,1.53845579468626,1.6093260603884,1.72640917452535
2.17000887822872,2.48235873305481,1.54054236874857,0.993039122195375,1.08937260537619,1.18161722116464,1.5320610623041,1.9051953111635,2.02892030592238,2.13997505401053
0.683146763884873,0.325192268411769,1.52588094784589,0.962215102887052,1.05311825926291,1.15583628506883,1.53749016714239,1.87636180711221,1.97839762518718,2.07213144022156
1.61748932428025,1.27740325705119,0.975843954312037,0.433417152654504,0.517917194954123,0.60279356704624,0.967540427178565,1.34827610274411,1.46542162874926,1.52941037718994
1.32279812825806,1.5060628842523,1.23445984940301,0.667524493775869,0.738003867561955,0.845770106532141,1.22433911182857,1.62587088199933,1.73300723763744,1.79271903169689
0.150974093206514,0.477252413413301,0.855296854423729,0.33632364190993,0.389562598353799,0.484074899996316,0.854315992500333,1.23421678946093,1.34155466225215,1.45645625176048
0.490501621283431,0.414613725318838,0.608903760447621,0.0579133990210832,0.133610761396449,0.234685047936843,0.620286859254997,0.973268752992342,1.05832083667492,1.14552077061371
1.92940491733333,2.02174634253092,0.696765754973951,0.00196809857751704,0.122974734310294,0.286464616662474,0.702907496840817,1.10447809668382,1.20157123272713,1.29109226849656
-0.117896889385084,-0.235929658842611,0.7590107960801,0.0947932834711294,0.233233586001401,0.361064499583823,0.782444165990388,1.1288962835589,1.20670887907892,1.30442935116158
1.46396177176034,1.51517730333061,0.208689610510789,-0.413313869767761,-0.338855533991768,-0.225416930917536,0.203874670789027,0.674159533818604,0.819039978861041,0.921727773965959
1.15387913828124,0.873828821158616,-0.107823847950642,-0.601490546388481,-0.537806213145093,-0.451759799425178,-0.111896965397032,0.23167306122826,0.3119023889037,0.398644574803602
-0.147439754222197,-0.0981007872730441,-0.406890744050364,-0.862100024878917,-0.796599908991647,-0.714953409913148,-0.417554690382474,-0.0836209174711005,0.023893732960327,0.0863916165267449
1.55121842548838,1.27060327192291,1.6175208608468,0.958111238581585,1.03252006491239,1.11185554590582,1.55660402584884,2.23260446963124,2.43469837787096,2.60202247008484
1.10462849042894,1.20932095683571,1.20271836350606,0.704972360695213,0.76472966037752,0.857254625447091,1.19357884734798,1.54906727273284,1.65767348351522,1.7229298566409
0.0121786024366373,0.123586473404676,1.37311399051449,0.792969306972601,0.880194252737551,0.97772639558816,1.37387657571575,1.77434304834603,1.85278324380172,1.93117866518946
1.0461941848372,0.806143544370004,1.99541868241313,1.43600077167057,1.5197632173486,1.60583510354096,2.01221314199456,2.3356901210678,2.44266792553504,2.51998335861793
1.88292066930701,1.55651621917054,1.40326539289026,0.643621510818594,0.784159545129001,0.922947809193018,1.40124574170001,1.8603393724763,2.02098928007249,2.08691360042105
0.708531484589749,0.699538043906073,1.27354777750276,0.855807238880804,0.908183325826924,1.00052786586696,1.27932382836902,1.5504627432314,1.630826988214,1.68479256708548
1.84223360900927,1.65969937137623,1.25514117774031,0.680807670714465,0.768771309009278,0.873358063654148,1.24614939709946,1.65135914943653,1.76311717521697,1.84648855539808
1.11395184696746,0.825030961360731,0.867363434544742,0.293546655681171,0.392939763394365,0.496439973730038,0.864713493046331,1.22968083761237,1.32769573859735,1.41134393791929
0.754657670093436,0.422189163533124,1.82452905462038,1.23002560499551,1.32992026671874,1.44233297528781,1.82657319646011,2.20371062864451,2.28891607819806,2.35974129187692
-0.143016455110122,-0.395720364754758,1.2701155050944,0.732361479187434,0.814450922900177,0.906192723519495,1.27170703163605,1.64378232641604,1.75273684343237,1.8020485966902
0.143350980143823,0.430616316624085,1.12638931610443,0.416211776006979,0.495427318147028,0.65593231429927,1.14203996569779,1.57885790234476,1.66692713399447,1.77879630858835
0.950051633011372,0.505711361408699,1.66433763026106,1.16345271451057,1.23530155376816,1.31659540636985,1.67121186658506,2.00678949426338,2.09859459903382,2.18268586187646
1.15194312808438,0.979974542240472,2.17038006360394,1.54584797225925,1.62327436548959,1.75032951112212,2.18592267356136,2.56400606917311,2.6858090228381,2.7409144809659
0.890168276150682,1.08157994722569,-0.194080687064363,-0.782096385734686,-0.688665064187833,-0.602493696733523,-0.226259216291054,0.274702885313805,0.410243466093722,0.521797592380571
-0.585517803494523,-0.715057632505232,0.890358413020886,0.388503876759571,0.48559340946212,0.564675047350313,0.896019480874754,1.19651823283602,1.2655649516136,1.35010122561848
0.230963497378414,0.202450172842282,0.703834085151629,0.0703106913797036,0.18286821254174,0.311626062570982,0.711159537379901,1.06526083227863,1.1607934471618,1.23334292478009
0.398180881993969,0.491785198522003,0.759588914128012,0.271605160995281,0.342642881555618,0.420158144616694,0.76764361167652,1.07651227428732,1.14451597169034,1.21534622467828
1.77975931310196,1.83814273357239,1.82838338574619,1.294891834713,1.39090356256405,1.49846064007313,1.81884284695213,2.18390180435222,2.2810778103868,2.36977477592146
1.43206948122805,1.45698579701104,1.2931499292392,0.65325679857116,0.738701945253321,0.844928052099867,1.32270579268623,1.66241627876034,1.76282696114091,1.83768960387093
1.15985998012281,1.85996209010298,1.37173644146543,0.824453216940351,0.879740802738795,0.957228970271904,1.35293768746287,1.81346518586765,1.96671883184626,2.0257495889804
0.656252089864963,0.472351265282761,0.837645392077074,0.164958261918102,0.259731569936638,0.367678114900334,0.87895942731964,1.23102017031775,1.32835806749788,1.38924980360836
1.34709078522476,1.96704388337066,1.34461250009693,0.712048106827861,0.788886570691973,0.922006627586287,1.33288267367531,1.78542075915098,1.91244021665219,2.01490726336987
0.914284162323919,1.23045252133989,1.63825189253583,0.784895191368202,0.887309455863179,1.0169608873649,1.69119884893896,2.15054428629724,2.27011136026709,2.36714312277259
0.280182652100508,-0.0298869872441322,-0.404316609183951,-0.977680880296475,-0.890109969116513,-0.772572609442605,-0.404868900205537,-0.0171410019219556,0.073883138388737,0.154125559197563
1.68994905628313,1.40599918827997,0.835980305598327,0.25340373575305,0.33883575775215,0.449970689780932,0.833249904496588,1.23028440480001,1.33023936708002,1.39913241373838
1.0414027011714,1.01760462881717,1.67308632854335,1.11688218270465,1.20155558415919,1.29085319211181,1.64297413769433,2.10387457278421,2.25950489287247,2.39201375886402
0.78806155594047,0.758227768746452,1.4992446840229,0.816137859083237,0.891866723560536,1.00993986489603,1.47676528684178,2.06243774766423,2.23304276565332,2.3728492810731
0.680787197199584,0.838056183707853,0.960831026781614,0.440857658009844,0.507462239532315,0.61429714865308,0.967104084803573,1.28478006242089,1.39950711924109,1.47675053562481
0.828487687934063,0.69039355981939,1.38696112043929,0.78794157343506,0.889528227138697,1.0130595677357,1.37491841817132,1.7995136177812,1.90456696767482,1.99594079472638
1.50493470788448,1.36772126157144,1.61244897669246,1.03007417883332,1.1108792129471,1.23213521427454,1.59823821177036,2.03269032174159,2.15634378501138,2.29443171627869
-0.46205503476654,-0.51762406791307,0.128380478304895,-0.529846208434449,-0.451944309946799,-0.337427276864078,0.102657496955366,0.641409441373227,0.758665707193519,0.842559256245226
1.33663869016404,1.07278186996622,0.357681219658007,-0.150505411745569,-0.085904386640686,0.021173225483591,0.339338451014945,0.722001487683537,0.840157304714558,0.940388591239794
0.707404476846631,1.10316500795618,0.75825655841439,0.162726726702166,0.237069919679921,0.355118244442922,0.771765432951784,1.15440432775203,1.25639778182064,1.31749715686399
0.495797642555656,0.680537683404772,-0.0869101769962594,-0.790252990201512,-0.62266678319882,-0.456740311490256,-0.0572157739260416,0.257979854160387,0.335723467339526,0.374892477583711
0.302198843169542,0.858696078580026,1.42406169216785,0.90968365535566,0.973028717999753,1.07138169288622,1.43372770036011,1.76965524513497,1.89186678438446,1.98327156902917
0.451571512872179,0.336935180696625,1.40507323447842,0.621782500527054,0.730079180518925,0.886128983833151,1.44078314766656,1.85804340280257,1.94746398338648,2.03606994576886
2.75963897054271,3.16863561345933,1.09646630125639,0.456213803971267,0.566661710234095,0.673087314509626,1.09765683231051,1.49705998887274,1.61984264550567,1.71247912351679
1.33716077672941,0.944539120372245,1.08082561555533,0.476669227192581,0.591523095309915,0.702746855096827,1.09582700771597,1.44417654165268,1.55068822229322,1.62829334975589
1.17509114283479,0.628829448616314,0.754446807644341,0.279704069023535,0.327415058406461,0.413651746134408,0.744803092329586,1.0990148199713,1.19117234998976,1.29173721894124
0.220130436873171,0.697501193440405,1.19743264953821,0.552222309367207,0.665782808153022,0.796398243010853,1.21945556203022,1.57904933726215,1.65963198690232,1.72671114147138
0.274525916454705,0.460515260850394,0.465637295453622,-0.215821474438074,-0.0902648371525919,0.036553552115995,0.49267592773179,0.866162292158979,0.953694404163821,1.03705874731084
2.16336417600628,1.76415812871689,1.52910685997436,1.00716653039375,1.0737227944332,1.17216944957363,1.52663345475761,1.89069229614686,1.99391048421373,2.08826366057362
-0.0310542333595235,0.0717492679456307,1.76352741029542,1.22307493652406,1.29942514256169,1.38696525562159,1.75072998154934,2.12659849053271,2.26638168768718,2.33610172132631
0.440201318011185,0.191648792586257,0.207762302379008,-0.360089676407454,-0.276494358182897,-0.189202809977147,0.211423711950451,0.586362406345466,0.691637059593849,0.77420312864981
1.62067149446757,2.68697842422734,1.26846306641235,0.771178947661453,0.859010369038259,0.93588024264268,1.27126642473723,1.6044666216499,1.69686650872078,1.78524422780955
1.97692475435821,1.98393849723941,1.24598245037507,0.633489084015034,0.746264576146721,0.868913963383236,1.24198248941296,1.62807789810535,1.73050265027924,1.82354277172168
-0.215104053787399,-0.115160225655569,-0.199370903714,-0.907955655532639,-0.814021005471776,-0.680619832707859,-0.190250993579808,0.283122930235772,0.410346866992217,0.49084886075003
0.823069970155904,0.539154757019171,0.622276726336527,0.0381458031927715,0.131867055005121,0.221318098471529,0.618104906023843,1.01549103466853,1.14342520128702,1.2438159786444
0.949185200554024,1.37390299454451,-0.40428522506203,-0.99995474782755,-0.906862534432892,-0.81829901260631,-0.446849416867782,0.0729148565296849,0.229254016133364,0.323117276269972
1.14330256961202,0.916477344079922,1.44759955484542,0.915008197396233,0.999861908651262,1.09888556973536,1.45737925970919,1.78350129474473,1.84362187803606,1.90472630805112
1.05212068775515,1.63872240333234,1.84947579232335,1.20958040808751,1.3078053636995,1.4386235063114,1.84386685088734,2.26476278491693,2.393697134339,2.55705111975607
0.316035038189745,0.0363217184259356,1.70993255342847,1.24653570426282,1.33321998571658,1.44982606515473,1.72063749657951,1.96734082891251,2.03708249750826,2.10586106364433
0.170405080878219,0.319743664460002,0.82989385938167,0.398397941876843,0.482898614313745,0.547945393339167,0.831055876439281,1.10624808545781,1.19223115471132,1.25082592790032
-0.0911663345210633,-0.213069555605421,0.968240841087935,0.439008121221226,0.503463519118194,0.587336240883852,0.97902517310394,1.32281391245577,1.41792538463191,1.51314972906065
1.01626069537293,1.8398553632612,1.0682351295022,0.389353321736736,0.513501847542061,0.615551819938312,1.05030387231645,1.5460181735033,1.67289610654902,1.74901756781221
-0.145583257271104,0.195261381294111,1.496761919109,0.921903751959522,1.00577487005895,1.11524789471715,1.51258368707818,1.84123961548312,1.94454424376014,2.00510083445816
1.99626330099898,2.30724008383591,0.0811631870335136,-0.592640466561737,-0.459109215669534,-0.327796059597781,0.0718073715583615,0.519844610395796,0.64877231827626,0.815802786357011
0.221003976621176,0.140750198242426,0.185575058704495,-0.315327821149252,-0.223773333928524,-0.137034348865547,0.184293592368699,0.529794784068636,0.63990349864666,0.724128398859899
1.19396854249787,0.874443745651562,2.8637038987557,2.0772669318232,2.23143737948064,2.37024067272132,2.86343894302825,3.35333141911494,3.46638241557692,3.57572181426617
1.05183980048256,0.991491593551069,-0.443762400480163,-0.947102366343227,-0.877451067437032,-0.788779461875598,-0.425850829855211,-0.135513252603392,-0.054456944851969,0.0285269529971182
1.91411470616729,1.64979919528646,0.916927909684216,0.264433979918845,0.358458865928716,0.495332833905318,0.920687696611815,1.34941042558122,1.46703396111986,1.54303985099003
0.723238879927593,0.550728511750513,1.05607606754801,0.184686845082535,0.290545718207204,0.522463067942431,1.10093275625555,1.52645583462916,1.64471054514823,1.73020548791254
0.160912322187969,0.365769297055607,1.84548678134812,1.24484765330784,1.33048439649117,1.47436800655589,1.85003855300533,2.21309897770735,2.3347807169223,2.42471738759388
2.02572671549268,1.86242955352033,1.0345982749507,0.48896140419709,0.575758155606598,0.673200865341777,1.03556249208069,1.39753701810279,1.52087255396745,1.63602418724922
0.811746892207421,0.825232230171358,-0.367661365008621,-0.923652505259688,-0.821074710636458,-0.723425583035198,-0.368889997069023,-0.0154230176404589,0.0906148685479298,0.210950262793752
-0.302489234005376,-0.102015483763408,1.58569241148431,0.781732001412337,0.892149809206037,1.06692095507229,1.58511636210098,2.10162883310175,2.23999655706197,2.33864006126632
0.669244331539541,0.986624889831228,2.42337655475715,1.8384782497438,1.92486977179389,2.02078359609217,2.42066946974773,2.82919654307909,2.93691016588286,3.05129486597368
1.11378515686713,0.910824511378449,0.852774897541919,0.134615955406854,0.241123344517898,0.370065715170276,0.828326978739345,1.33649397311384,1.633684550615,1.88950722484471
0.420766864197649,0.197041651561426,0.837462841647268,0.319071102623292,0.395401427182485,0.490733779627082,0.822039886722981,1.21150687981974,1.29768744326845,1.38074520521457
1.54727292404289,1.71182086554694,0.157065407738658,-0.403858409830338,-0.30844132640597,-0.201734247271077,0.15174121468017,0.530537647836367,0.632817510391474,0.703523253562524
1.9522396617766,2.19117503310182,1.9498972484107,1.22450189837182,1.37084947901135,1.49884543925291,1.95479589187168,2.38433697538792,2.48530165187512,2.57942556619147
0.606341705029976,0.736128136687804,1.32437162750614,0.722755692681106,0.794615458739525,0.892021416889204,1.33593205124158,1.7271995768491,1.82568114133424,1.94148241216527
-0.667673140876201,-0.918614207249817,-1.53199624912556,-2.07160418594838,-1.98665892224915,-1.89480487467892,-1.56355170642255,-1.10727613838125,-0.938555423500429,-0.807558821733238
0.190620359431614,0.431528715948823,0.786259048815221,0.251322846889806,0.36214315839049,0.432890640939345,0.779233520321764,1.12643320739628,1.22728766803454,1.31503727174533
0.949202288085649,0.886540962626913,0.455531591095659,-0.230029161303824,-0.106048623376589,-0.0047332283494577,0.449569150946534,0.92760427316442,1.06438861947632,1.18161225098171
2.5745367276315,3.42799356819542,0.995065491857303,0.319558936591547,0.410454497725252,0.53044214712045,0.975511431191908,1.49285696781412,1.61297512891485,1.72500403353709
0.55329773970767,0.253192732275583,1.56495750463664,1.1065302196617,1.18474484879367,1.25230016695819,1.57917144212604,1.84586966235721,1.90392259709916,1.9541927254752
0.148629021716312,-0.0393185348456503,0.522188484535627,-0.00291646323564661,0.107188225215237,0.202738576780608,0.52156261362102,0.839740864919893,0.922854921772266,1.00682966774514
1.63971353096083,1.94784894138183,0.798773369660874,0.0967301309572239,0.157027368286785,0.274631608861371,0.82614610983343,1.27237406967148,1.38489356822938,1.47043507475603
0.308159716690606,0.201539429677107,0.838590399336628,0.145662748477245,0.227072354222287,0.375513930441404,0.85309424027812,1.30524359299405,1.43154976362952,1.52970343395046
0.638144071340552,0.791833480137649,-0.176004649357927,-0.739157112612276,-0.673974337001629,-0.572758877266823,-0.189421676698034,0.242809206313103,0.33614188116005,0.447806952304515
0.247086242261653,0.332947239190649,1.46366266485512,0.919901341813006,1.00464461055316,1.11120147180989,1.43941705992956,1.84611854668872,1.93975309753576,2.02342370965885
0.290363057502328,0.319003306800333,1.39791406333922,0.872537499357034,0.949693498642276,1.03288423074332,1.39741405323681,1.7583990433135,1.87199532478645,1.95740227580794
0.617562331472309,0.540527119803765,-0.769778747890739,-1.37589666829105,-1.29537579988388,-1.18850078782676,-0.75556192654691,-0.36379987511694,-0.284290084320563,-0.207851913177306
-0.724768461939779,-0.587552028139525,0.439206598744503,-0.131766656363931,-0.0325028381156017,0.0777517214686094,0.439307403656227,0.810755853978344,0.926809306643093,1.03449877073869
1.19313354154333,1.1279071801506,-0.530172237536556,-1.15576413956956,-1.06351921227779,-0.954308328113545,-0.561570881956499,-0.0690099237498669,0.128629931815625,0.281583068396965
0.515445331006978,0.627587082466707,1.37254267143226,0.790918544543328,0.905610858508266,1.00888598255131,1.38158800085544,1.73654879694566,1.83334972650701,1.91391207694228
0.182226120924952,0.425106094347742,1.04270177398987,0.327183200930647,0.424119512003488,0.552346585200903,1.05450161715706,1.49699438157437,1.62036551257517,1.75478906888386
0.450018670382074,0.347018675636628,0.370271504464918,-0.173598939735605,-0.0986599088924579,0.0111143612518173,0.369654573176109,0.718315856423403,0.796346951161322,0.891594490064592
0.10066507150701,-0.278476761447314,1.30110893161516,0.738099444135191,0.827839732469473,0.929866663395436,1.31251424284889,1.63901599154629,1.70997174113014,1.7928203722545
0.648206370819935,0.378906611960476,-0.193768377421304,-0.74157124913038,-0.644788070721208,-0.561094848443872,-0.199183421514323,0.186304937781671,0.30569351651023,0.366333703657544
0.154936911422823,0.0199160341868453,0.673303379675937,0.130901352728531,0.178944621190522,0.282875187266784,0.657934679238229,1.08751003917952,1.21547652579438,1.31234413363943
0.8348331479044,0.525549740316196,0.872051522777643,0.302884906529165,0.389916333543152,0.498138859439505,0.881704821177132,1.24468616222429,1.32333508122474,1.37676411686443
0.219456450783776,0.02395946519422,1.215775264605,0.702882266868657,0.770266737270896,0.886910114664602,1.20860516889394,1.55822904076278,1.67379127769672,1.7592870863663
0.265362096911492,-0.0654328823516168,0.924431568671497,0.544221443043426,0.59481793986632,0.66943762791585,0.914622947814719,1.2090242634638,1.28743529710302,1.34246740457402
0.704372213991194,0.555877808620074,1.22127087903834,0.625857471371649,0.715965610514405,0.823880443752431,1.18771169828103,1.70668092287987,1.89323484112897,1.97403992485339
1.38267187970694,1.62480019120016,0.946884013983669,0.357624730512587,0.445166322805599,0.552021870286042,0.957825861167248,1.31030460057589,1.38626898647675,1.46513221053092
1.32746451701839,1.69669903791258,0.837062548535263,0.292718909477381,0.351466253021926,0.452466386895359,0.812677374098674,1.25594628821229,1.39059982552988,1.50748030875302
1.32972000706372,1.50495689693911,0.987013086848433,0.273234741509265,0.375205793248376,0.501534071627706,0.972387714080827,1.46163096658618,1.63906428405579,1.77764691801587
1.97673101766914,1.84952777438316,1.68922685066616,1.15643356726876,1.25812538297361,1.33780787697731,1.70292163068127,2.00765526523145,2.09083780206398,2.1649706911477
0.488751703902073,0.427572156639478,-0.757696680481989,-1.25038204570642,-1.18384085292579,-1.09361079725855,-0.766971635693548,-0.383156540067008,-0.284113507353909,-0.206871340254567
1.48258866370223,1.01542847918123,0.990318778548129,0.43409517328588,0.525900939271969,0.621814253408605,0.992483375791318,1.33229098170572,1.45882394537024,1.58872322121127
0.893961054433122,0.729063283423863,1.79330173498275,1.2141401139848,1.31098220881743,1.42167376718433,1.80143923742546,2.15014982684294,2.27044134054365,2.35310387144503
0.516235473426146,0.409917996045557,0.874796843727488,0.356865018659528,0.434924677564649,0.518270152505854,0.881364486205354,1.23345000969444,1.31896736546679,1.37066462556965
0.656361385436876,0.414309168752323,0.462557927167589,-0.101900591267755,-0.0384266332485294,0.0652972645941997,0.441959629884727,0.842937509433036,1.17213801692099,1.3805602165251
1.23789125681152,0.629670916806584,1.81752676178439,1.20450985522283,1.26519482963629,1.40141239728606,1.81758784384337,2.23502800859077,2.333909347376,2.39713557905895
-0.0910138212757625,-0.0479087351987827,-0.165302538094515,-0.697871664667377,-0.603700228966978,-0.518460556960104,-0.151647230378439,0.162213397806228,0.247778587057216,0.388426051206654
0.831738469106603,0.634598155850893,1.36012005011483,0.839322802895483,0.908406074988098,0.995359495919775,1.37631648759893,1.69760992372519,1.77235753269946,1.83400864571478
-0.118288529137785,-0.288218634362892,1.12214529342244,0.480862584235177,0.556059560386211,0.6641339777396,1.10505872897025,1.60872851267912,1.75179496533387,1.88374979236772
0.297932364757403,0.233195157724561,0.913620833759661,0.313953116452044,0.392534687139321,0.481415113633656,0.898841466957089,1.37455151324676,1.47198067418494,1.585898629564
0.754439897084307,0.562863113986863,0.783064318016204,0.0263937858099613,0.133642483557415,0.245386236848413,0.767833104290967,1.31833346144054,1.49171961582796,1.59610982625537
1.76298861781113,1.6344918714481,1.47474162273101,0.866476521620241,0.964169109792004,1.07640821297289,1.45905875877483,1.90942071050994,2.04030910697377,2.16422388614711
0.776467914989111,1.00881388213083,1.16913846158495,0.509672276312458,0.615673179943212,0.72722694861161,1.16431605186859,1.60599339123835,1.72065904762388,1.83157930771612
0.0463872107802313,-0.00474162934055373,0.249664180004864,-0.448970647847886,-0.330339272775635,-0.207216656863184,0.270674603146252,0.672171128083945,0.792047560683314,0.857677944856697
1.03417533865714,0.687139708734879,2.1477715976464,1.50736762891115,1.6137196780465,1.73089165685892,2.13467337818361,2.55484258423753,2.65243950929045,2.78456252510394
0.842957746584067,1.16370310190415,0.319950387715524,-0.416199834328716,-0.325983278190628,-0.182409204981211,0.344477740781658,0.7870505245173,0.871696243884446,0.944522902378912
0.705910192139473,0.777210533861061,2.03249061836714,1.47097706794264,1.5820630541917,1.68161701331958,2.04287207789227,2.38721594294964,2.46718874657262,2.51707380574661
0.887091056645586,1.05321106310286,1.25043006427639,0.540596196778468,0.673809658402964,0.83700977124942,1.27743131273328,1.63560373684441,1.7282183374581,1.84145246498224
1.11973119307479,1.07116399376541,1.24890751602721,0.604397808456795,0.69871010287233,0.824686608433495,1.28562548104326,1.58319929870031,1.65966060624772,1.77169468907324
-0.475379690180514,-0.500876859768908,-1.6173570771189,-2.10736393376424,-2.03721817306734,-1.94207157519817,-1.6226148631706,-1.26317637475867,-1.18004017882462,-1.10593252668351
-0.332196674005419,-0.0640758836899094,0.974664200548172,0.50008765521622,0.554573601595712,0.657358816204351,0.974460863532614,1.31367302362251,1.41002772731357,1.47244334011064
2.55730618172371,1.56447749526075,-0.0861951015166117,-0.616624158600883,-0.523563806458471,-0.431870539031427,-0.0832667655893535,0.234528092432657,0.31988960746946,0.372947695800249
1.27496180239235,1.12619361441274,0.241716202280055,-0.482530125839669,-0.426536089908868,-0.287135027785142,0.211120002242364,0.784691240309493,1.08814484256039,1.3735767049894
0.260984216595423,0.276373053838418,1.28473929094867,0.747151604776283,0.833635931615953,0.924949885522602,1.27591183579106,1.64989497206715,1.72695993436201,1.82102028583226
1.59497354459447,2.05622854509257,0.938454040827628,0.408346878334971,0.485666141620376,0.561953484363064,0.922128077176186,1.33281496665449,1.45399824825327,1.53887164442612
1.11349784523828,1.06917656545578,1.61039676440491,1.12929847731033,1.17235401523928,1.24721260876106,1.59038900993198,2.00092464664385,2.11142705714275,2.21228346848588
1.03833502311833,1.10801727830984,0.690298983161971,0.138385524908509,0.224053215396284,0.303721664952448,0.691315823374459,1.05805052711063,1.1537501854542,1.23301710319607
1.26761417664664,1.13543238237268,1.8361822552448,1.28505747596014,1.36611325499887,1.49094090491661,1.83886061303138,2.17714706525448,2.26403699906969,2.3404556190787
2.09710000961678,1.79061813655289,1.63715065362329,1.05498387730746,1.11571655338426,1.24012896680584,1.63409751802296,2.03440663392632,2.17791551974487,2.30080789699438
1.09979478369479,0.795716045470653,0.334586378363194,-0.228664780650655,-0.137887858138181,-0.0357791066674156,0.324619986236405,0.718434624805592,0.829941593230283,0.898919385458373
2.20952376112935,2.15651873301586,0.998818025203473,0.430143799104422,0.52166456557466,0.636702335387685,0.989832953929474,1.38994917942215,1.51492203254568,1.59639240769679
1.78397183444964,1.61438337998072,1.95460144986807,1.39738146692088,1.48590527013146,1.60097863340301,1.95737669039597,2.30876331745009,2.38661123523131,2.43827643013025
1.76583865807172,2.41424870514459,1.06940483907049,0.408789146054448,0.48872035791703,0.604643630172475,1.04632337565878,1.55064522831744,1.69667890394039,1.86248224898646
0.83169640400538,0.9485341810544,2.04450330061944,1.52804207813364,1.60259187447723,1.71446171382509,2.05477334402547,2.38293192970916,2.46981585390456,2.58175814859042
0.579622531398792,0.548674789347629,0.1153876536449,-0.503328453506983,-0.409218418536714,-0.296218278639354,0.103017725451478,0.528762026394121,0.686022423881818,0.808129048707112
0.858606822412193,0.741487994964456,-0.338443617574291,-0.873137886702991,-0.804288725689831,-0.72276993486008,-0.348564849490304,0.0450010956905976,0.179138982580972,0.274928112685044
1.35463959889573,1.33864071055,0.321749724111792,-0.173816439363048,-0.0757031501505223,0.0138819894427902,0.320135822700204,0.632233420167059,0.763455825709946,0.859039688954405
0.718147059380322,0.49286406025476,0.762641101102396,0.280023003904794,0.36786706193175,0.457376932171328,0.755812578751527,1.0673764325054,1.14313933644623,1.20159491972831
1.76705221448603,1.81123426809316,1.28935150915104,0.775341959355443,0.84769303311596,0.948730749421101,1.29123153345046,1.62533622251718,1.73851605973537,1.81344143551445
1.24233859205335,1.25924294895785,1.32365761805314,0.700405389845576,0.801423872295322,0.937602391518007,1.32045065795323,1.71152988157834,1.81571684957881,1.95472693285518
0.256586902430038,0.148329094647585,1.55776597733104,1.03494108212113,1.1313834274443,1.21575494228623,1.56075070620183,1.8938988529859,1.98627649056954,2.07467166718259
1.45389172041856,1.65111338197384,1.51342223704294,0.88498059612338,0.975310343228204,1.08881981367163,1.50875143047249,1.92733240036862,2.04997239237935,2.17266596578941
1.0689349200309,1.28228411383671,1.23730711855795,0.662300499243275,0.763720428452538,0.858948950639906,1.23265001188364,1.61902868744961,1.7042294852296,1.80636405768457
1.94106658356869,1.66254676123456,1.49148753403118,0.919199318219879,1.03341378433577,1.12571364688078,1.48836377666014,1.86961691140263,2.01007182699273,2.10610252699656
0.186625062706043,-0.114797935832856,0.868493932094929,0.382892412847425,0.463768246015035,0.545867947290863,0.865730434385205,1.20157722334958,1.30920913264295,1.41594639554107
0.355043383903645,0.658521368811463,0.120812399122602,-0.525864415118836,-0.4346511092992,-0.33542595704806,0.122019224569774,0.564836104220167,0.689277166162252,0.776414314849672
1.08423344910983,0.921357695303399,-0.155077928415981,-0.737797930779863,-0.662568141927016,-0.558280728813608,-0.182599531599177,0.273492000134698,0.393529334265144,0.489980040529566
1.59791343192465,2.15521959489187,-0.418369409489674,-1.11662693232101,-1.02662523577296,-0.877873128775596,-0.4032000214038,0.00629086377992777,0.12518524282399,0.235664956035647
2.4512981793262,2.40736246962784,0.906822182063822,0.310958300963239,0.386311629101497,0.512368952793023,0.89822490610447,1.31639654379707,1.44370276541076,1.54430736279989
0.782534907330864,0.683452956731254,1.96760380399416,1.49108189503543,1.58004794656937,1.67140712009576,1.97656314862638,2.27320245643236,2.3379166540112,2.39625398309945
1.20254481174561,1.71851196160172,0.672472155310021,0.102736117365612,0.181519780544959,0.306533115560676,0.664601420144552,1.05646806476681,1.15240321319718,1.29063553000387
1.20989316136105,1.34858701855069,1.36090402214458,0.806155134090258,0.886635362577426,0.992507934998359,1.36590831141737,1.7490045722064,1.84829670189788,1.94098407676719
0.789572420054117,1.09738182798401,1.24823355153989,0.629794633863695,0.761457504570925,0.877461849217394,1.26898569755084,1.61209263510055,1.70242342185138,1.77068813653384
0.782250250744953,0.70798530841832,0.243700031121245,-0.431023188307089,-0.327940608460983,-0.207556296929545,0.221322343743631,0.706418748267113,0.85728110520701,0.95655239816583
1.23779083268585,1.2431656277678,0.843412222289712,0.268468588769427,0.369911544580048,0.468824340601303,0.81534652623695,1.26493824490876,1.37436245282438,1.44662196373433
-0.17113565369691,-0.298726569125378,0.633732422382009,0.123531343345676,0.221230875232123,0.329107587418097,0.642346571376657,0.945675930335068,1.01554294396484,1.08199113190228
-0.0769598396061453,-0.335281831720343,0.436296614475793,-0.143913070812634,-0.0583595307859715,0.0677310028852835,0.418027867989311,0.84525025449379,0.968075469386514,1.06409624572585
0.806494569898338,0.917304915456719,2.08470070185086,1.44147835428621,1.57449328040279,1.68480218974831,2.09053904023326,2.49077775312912,2.59095709546945,2.72229694816139
1.91776256381715,1.87304858772033,2.03133577559774,1.23843353424054,1.35779697971425,1.52622843335779,2.07147969983629,2.47181416839983,2.56059927029384,2.65346133062143
0.241863351193196,0.0819784089774654,0.921988489451659,0.304979446520967,0.383455086143006,0.48498453304025,0.912234295943748,1.38679476314722,1.48071587443179,1.592034492022
2.32386009338358,2.36832535694289,2.71223373587842,2.18675356277036,2.25786409620344,2.35750096367692,2.71120521651083,3.06484984327008,3.17360817902611,3.24869028617585
0.950223308634026,1.63503992077917,0.980585313102119,0.47049013183038,0.557240523087921,0.6320059820926,0.964495519533558,1.34193728204607,1.45920803782474,1.56674035277223
1.32379165628027,0.795777788636998,0.663290126443324,0.156168773695123,0.238711436930348,0.346316682772967,0.647949812328133,0.990908581216486,1.08836091655651,1.18169525846212
1.16611191628635,1.16031326686925,1.44784523450319,0.93443323644275,0.994328029158762,1.0752254875051,1.44471358660065,1.81656265226345,1.93229517378828,2.02252325856354
0.261536287523776,-0.084026673169715,0.680880777579289,0.243170931364026,0.309690665713941,0.390789285028824,0.668826444784892,0.983033608861439,1.07967885139272,1.15482923492371
0.676355292706226,0.510000632380882,1.51578246657375,0.997923280747013,1.07070347940771,1.17610402992006,1.51527289071354,1.83745079169163,1.930153362287,2.00747017728853
1.4607297505531,1.14438287253686,2.41363972195085,1.91851597812387,1.99674233487803,2.07579290389652,2.39992126154815,2.74678206270067,2.86613039544458,2.94664394750247
0.996176987548722,0.732977830924729,0.0969423978194623,-0.521360863109542,-0.414610297921159,-0.317013815687145,0.0908230849516945,0.539238791126319,0.651581745907104,0.720718269013613
2.05628159064159,2.30275087402495,0.19789060737136,-0.355412095353275,-0.27823092573881,-0.168254740785264,0.191311121208822,0.569574280963569,0.674412057010221,0.77063753310404
1.75229553217068,1.91529954727725,0.598269272255543,-0.0013912146332167,0.093647333436394,0.19360446718758,0.596273765490835,0.989264224078983,1.09635264181587,1.21491043240825
0.975989724968667,1.32848532079192,-1.38487535710719,-2.04742393782729,-1.94379415967792,-1.85375438524467,-1.43494902424574,-0.803244784536376,-0.62744223326137,-0.501626683489314
1.03607212002644,0.758451476903679,0.927775351409803,0.391023215120953,0.469623091113193,0.558252334836741,0.91824924860334,1.3196150411853,1.41795621390767,1.50784869948136
2.10170852678349,2.25799217925678,-0.222183448787199,-0.795345398572057,-0.679732902740104,-0.56560360727124,-0.235291393385153,0.141271891081844,0.236355212820109,0.327169533760012
0.72225322071217,1.08971069378282,0.611551553067231,-0.0790342732593062,0.0587248604177208,0.19609591594641,0.617243366448797,1.01272052198596,1.10987996247006,1.22072827318176
-0.0310450276420473,0.218931879811253,0.701603954814407,0.0869218645953054,0.197383806120983,0.294025531064851,0.711895462585046,1.08782938560103,1.19968104522716,1.2694676341199
1.01632945066824,0.834357637452385,1.2422724441738,0.625673646083529,0.70568134581638,0.801380571639319,1.15297432232289,1.93476002772813,2.1108431269629,2.249000047794
1.45460915165774,1.34130522551224,1.97678046653759,1.44986053078332,1.50583061476943,1.62617776913933,1.97472634010606,2.33512118346065,2.42660597273767,2.50400837879171
2.10681594445467,2.35338848497903,2.21760447274122,1.58760315018373,1.69504782000391,1.79801874896454,2.21365808122431,2.66154155224991,2.78222995118466,2.8433757207915
-0.120990294816253,-0.280826264341429,-0.14057709184444,-0.7348316841843,-0.656671023566731,-0.568991876321164,-0.122072457244958,0.208251682510276,0.334108255717737,0.42390136345084
1.39979229752826,2.09891642202014,1.80999928696073,1.0753764015992,1.21412016998428,1.3736279651316,1.81924979514791,2.22396757149723,2.31520158964989,2.44126814798341
0.17671914198451,0.460286637927382,0.733976500924136,0.269310743391279,0.33495172579966,0.431910215670644,0.734378137572826,1.0411167715899,1.1345550673667,1.20414651263268
1.83704299767127,1.70282103337043,1.34299835891147,0.607638818537826,0.722303864005411,0.847367233619795,1.34036879376741,1.84616880545186,1.97076507974487,2.0671692140818
0.128811923628594,0.417426017890865,1.13143897286548,0.584655375541885,0.66296380634732,0.759856080989385,1.12277022664982,1.54908403957577,1.68191068811998,1.75452771587551
1.35405296260777,1.25920913874205,0.318401735127225,-0.222567978905909,-0.140777294686415,-0.0398786180444262,0.308581685558593,0.67953825357585,0.82581456492726,0.951029581778842
1.18933308707507,1.21654410155028,1.47647236787259,0.674562450926937,0.769971170167432,0.922044706110805,1.55345996152536,1.85958611218598,1.98149336651543,2.06869986843324
1.28337680312026,1.54758848712822,1.9377793475992,1.39534033465948,1.45375547406641,1.55002444228594,1.93515255845851,2.32696583287825,2.4324808329105,2.51383976896277
0.101945269311657,0.156520798662672,0.299839851018511,-0.431513312805939,-0.327894889699009,-0.190721216342913,0.294433087426676,0.798467094892868,0.939684831295671,1.05837250082132
0.561523884427442,0.76298826789582,2.24744758464008,1.73443860048952,1.81655894010914,1.90526396701112,2.27344264256716,2.54690097903723,2.62473545330131,2.70095180686456
1.94476389250275,1.64304472929881,0.194545413666704,-0.790162486918389,-0.687633096315174,-0.512743837559068,0.238982260388729,0.789040902499787,0.917962359049987,1.06877567848889
0.524829303932296,0.530696555509802,1.98381379965538,1.46227280934187,1.53643228459575,1.61268749861656,1.9857171319869,2.35914072956589,2.45902081949212,2.54153723665861
1.6091710698777,1.4095369165073,0.563231551964542,-0.0820092220446921,0.0164307634634724,0.114952683420165,0.585222730654202,0.96773535297506,1.07170307661793,1.1869008844231
0.405102576990751,0.357315990247298,0.32318166607692,-0.256035704773489,-0.160035750169492,-0.0812569345997245,0.313208926960284,0.77812896743745,0.909709642404607,0.987891878193657
1.3052346907557,1.42898842296577,1.16310054712625,0.558427412323686,0.653034116479827,0.785659596503667,1.16485548010558,1.55832324163505,1.66780880528944,1.75826941973177
1.89528959570794,1.30779964127644,0.866037783873158,0.0453637994749235,0.137168642594698,0.262425447255111,0.893333870446103,1.36669011044804,1.49253894508955,1.62114755620036
-0.178078576763033,-0.135630279526939,-0.159245505073457,-0.814442778270945,-0.717767040723656,-0.606909144297287,-0.152368189023455,0.29448380188778,0.388385837790139,0.487927376165084
1.39290242722351,1.11288173416368,1.55765904810329,0.709166176942701,0.783959459054902,0.986879849860875,1.59953331260046,2.09296947906674,2.23378722027914,2.29802297348889
1.23954524859698,1.11181115724336,3.16720782705881,2.59239921730942,2.67169763498222,2.77978807330878,3.17435747925425,3.5494572786001,3.65897471852292,3.74532543425538
1.37089136847733,2.05213585863852,0.260903399335734,-0.246745137308997,-0.18620329436065,-0.0907961393568337,0.261849614003962,0.610569549869842,0.757432971478305,0.841225769495979
1.47324301326759,1.95777465804915,0.660647378147431,0.00240657365033999,0.117476720665432,0.202343250463922,0.648824148792416,1.14129613105365,1.27992007796482,1.44436660546152
-0.193934143337344,-0.563841025166234,0.456638114347345,-0.0821441309618757,0.00313277361821637,0.0847194582460128,0.43940747387147,0.846193949697159,0.970458570977349,1.05053176674939
0.514620903943982,0.562469689914115,1.83383156759302,1.1951001136521,1.27373942843521,1.40241364179027,1.84711314653151,2.23835749737626,2.3419988706994,2.43944733039638
0.796851431401738,0.703325284774428,1.09223373780183,0.55382604260195,0.62767021767522,0.728396899002853,1.075340764235,1.49384191392605,1.60292971886037,1.70115219018323
0.660080821954743,0.831261866000379,-1.4416759234413,-1.96654906697002,-1.89992494178072,-1.80286714422477,-1.4253592387629,-1.09835941990456,-1.01024009296716,-0.930092044586328
1.87209458546115,1.83901745826459,1.35423612836885,0.702935199909492,0.792429902127497,0.892914662041753,1.3316679182467,1.87071091814719,1.99613246466596,2.08875968018495
0.712239327357342,0.815185012149962,0.196715677930861,-0.353660718900301,-0.258782240711464,-0.154319579382135,0.178894178871741,0.582275463904587,0.686011619131405,0.774155169996966
1.93929316701657,1.99723773238828,0.273520438459102,-0.220213136625973,-0.150500502752569,-0.0577193048398315,0.259402129747475,0.618574316145512,0.7275766311598,0.826302907647443
1.7277893836109,2.02080681816463,0.814391032410356,0.256734289061892,0.335304856959606,0.420868343149526,0.788997882114538,1.24194589707245,1.3899274154796,1.52907745395218
1.01399175857686,0.677322046134798,0.0592614966852773,-0.398979259039365,-0.325789755953243,-0.227714223855344,0.0568086431625998,0.348511456665612,0.431442951255167,0.513597122318512
0.359781360045393,0.168204956423146,1.3316148946648,0.730529010869613,0.81765730698621,0.93355000940324,1.35954379745126,1.68195813240048,1.75730409519136,1.82474527869311
0.452641146194799,0.160682114993949,1.2543038872336,0.655056415310141,0.738281118491773,0.85263830582231,1.2496322708623,1.64727946497718,1.78745214930625,1.89326576373212
0.233738066021404,-0.105431559578382,0.0102824036272062,-0.510366043140285,-0.444634429980933,-0.346333758303001,0.0166958348923527,0.35658866585732,0.470522386543423,0.544132781312648
0.905681668885076,0.615164495016511,1.3835201965037,0.829165247346069,0.936398433430737,1.01224270903868,1.38668170592453,1.74493364587757,1.8500910903896,1.90202353316939
0.827084151985988,0.971834715711555,0.341992800070801,-0.150000839857068,-0.0697669960112537,0.00855887692509735,0.33488906427666,0.689945917242268,0.798444584292088,0.912640362203858
-0.39940458396718,-0.299312115511107,0.369147371656145,-0.0998217867045409,-0.0293276514603471,0.0548323145723267,0.359517389686211,0.707232255162185,0.810307729820049,0.903596199059411
0.519920122066167,0.705064841503176,0.142847259292959,-0.536212403785174,-0.470431427160029,-0.346209632932659,0.152777858172248,0.592740452495809,0.709012793799154,0.864797345249358
1.55094741348446,1.39224285349443,1.51127728416823,0.891999039189076,0.964747549699514,1.0729922010855,1.51034920258437,1.95844131180107,2.1105406928187,2.19457891624803
-0.145547548135826,-0.324627772667309,-0.0146669278525704,-0.554560125027738,-0.479858179853892,-0.375627317214566,-0.0200890821768454,0.390964197500571,0.471931964544083,0.537309154917764
1.91461689256764,2.13504712276736,0.591612053971037,0.068924608947298,0.162215447926336,0.24100149083254,0.589121914625029,0.943145426627402,1.0694131960839,1.1301186956155
0.049700682487156,0.083606943381109,0.769261902068372,0.263639271577572,0.375048056627534,0.4663085695656,0.76541156458135,1.09622201706396,1.1941982841782,1.28483718618717
1.02790266520796,1.30389610044048,0.328225714087189,-0.359775609978025,-0.228955113690154,-0.113690784094452,0.344879069138957,0.736871815163358,0.830765035930741,0.907488705477101
0.57977494851346,0.675946526764753,0.854539996450639,0.376444028574689,0.430454392734675,0.527696896462121,0.864606566033449,1.16291371206599,1.23664121380471,1.30304750842961
0.985262452229288,1.0399992823423,0.697700681298672,0.171364818077495,0.236952138580808,0.319425575552078,0.674532563188251,1.11346039775119,1.21955201236604,1.35515117677003
1.98286183501753,1.88874572935044,1.82355952255041,1.31361789240183,1.38351569777797,1.4732732265848,1.83415520084245,2.15572914984332,2.2267913898325,2.30215161818524
0.672964593342402,0.776333018955993,0.685430522076225,-0.0321245378871611,0.0661590363686663,0.189720603160672,0.677783314529984,1.20064252605696,1.34576503676406,1.45607472660131
1.34480629483749,0.744514576310756,1.24444893678422,0.534831575273085,0.641395060187778,0.803069727850828,1.25787174706462,1.66775019014347,1.78285212048965,1.88759006444456
0.796940427310597,0.730293657203505,2.00214073169221,1.52751624614028,1.59620971351265,1.670769628711,1.98797126285607,2.37596515457566,2.46595670563001,2.56473505786981
0.406241923671151,0.347795306139568,-0.510805053977422,-1.06144322884653,-0.977625884183462,-0.884612406179812,-0.528273631280134,-0.118098012881007,-0.032583991834296,0.0597986916231763
1.21543233309653,1.07922642754052,1.41540386038242,0.75115527928445,0.851938346723155,0.957399122564395,1.40001700840786,1.87479380422022,1.96651552899728,2.05182465652572
0.444177194046375,0.736696899730184,-0.544038953800575,-1.065351371523,-0.982049614756892,-0.90207902126291,-0.575246642008398,-0.166674619440246,-0.00647771805569278,0.0686669710246224
-0.442968503224895,-0.503338464406509,0.875576688862167,0.355254565524521,0.422876072901858,0.546830623025904,0.887958135703703,1.17933197635058,1.26120994460662,1.32933052642294
0.763985544282075,0.545273185946305,-0.0922408819512687,-0.610546450425164,-0.54974950439284,-0.464858568256609,-0.117568531542302,0.331357527991792,0.450120605354395,0.531168019260905
0.92143219376922,1.07192887824807,0.912158992918415,0.296205240299609,0.409577769154012,0.53907275160515,0.921598374993317,1.29714111738077,1.39962707529799,1.48855554120264
-0.0909738087502749,-0.478172693655361,1.1579755394504,0.624000688777597,0.68096912866111,0.771458797263166,1.13330398135145,1.61173735669271,1.78844843842306,1.88964162248959
1.65719383645598,2.03328633722055,0.862560054555621,0.228509566179302,0.331382821808716,0.4534971528091,0.8730054188587,1.26855819292341,1.34428872249852,1.39716424477073
1.20722638075049,1.09869784179346,0.699502305129005,0.105867852316635,0.210684879577785,0.325440991019584,0.72594975699041,1.03540190140694,1.12072848327544,1.19509156853406
0.49457279211041,0.30515596196837,1.46044731354994,0.879747025280504,0.974784536195226,1.09986140399566,1.48871795538613,1.78703641597369,1.88637409666259,1.9566753891002
1.26874614575853,1.36722050778513,1.03746470877579,0.383910641112788,0.465487282677444,0.572204439229849,1.01664896547714,1.53770094846905,1.67944767409587,1.76486199766965
1.60485883949554,1.57053398020169,2.01607788861019,1.48389043538671,1.56089969217288,1.64643619740137,2.00261103529934,2.39210526522701,2.51368397002301,2.64008563830323
0.758771663509394,0.537782893980223,1.85856132667061,1.28840274556109,1.37455763795955,1.47599234311804,1.85049399683136,2.27138786609695,2.39212309601572,2.47424772042946
1.86018071813056,1.97808450012182,0.399235266624523,-0.117252742246024,-0.0329145712593668,0.0574110452785069,0.394868611312916,0.763806528463537,0.85097682445438,0.940525802243849
0.688859844479027,0.558284117057313,0.326288678286519,-0.15142427392983,-0.0818971020051137,0.00872925267265496,0.328931665927815,0.620542711455446,0.711705068099143,0.811209240419995
1.38037562448486,1.38445518182469,0.749454781913629,0.194977315232842,0.288237240882613,0.411722554163991,0.749786139724885,1.10904238704536,1.19829442621536,1.27451968257023
1.70037665621969,1.70587469460849,-0.400389400378596,-1.22262228301897,-1.1153709676414,-0.997923724851078,-0.367969957741678,0.100879248730481,0.242664176724997,0.330924941451124
0.908836320163704,0.864514569496322,2.29857410503392,1.73383348254576,1.82410533643952,1.92982658240628,2.31676994925229,2.60574490456001,2.69371809192753,2.77578221254554
-0.122613754743382,-0.173473560799776,2.10730409705668,1.64713151314324,1.72755759579229,1.81632580874444,2.11929621440855,2.39690955933737,2.4727175431178,2.53348688853024
1.76200774968822,1.76401296446396,0.964847199812107,0.143971818508625,0.242479110073777,0.389666670155126,1.00496581054844,1.43852595646528,1.55362773655398,1.67004666053851
1.01807146128479,1.45974120353391,1.30844909361699,0.813114980585439,0.889123258199198,0.984669207381851,1.30510597741008,1.65607038423893,1.77668679588213,1.87179913885653
3.00979317622847,2.7469022266515,0.883755411796139,0.291779085624354,0.385975947280357,0.496850064126432,0.870633276864258,1.28462285354662,1.40103978001919,1.48360949680294
1.03906211488759,1.20678289928555,0.481010003882548,-0.0892159944858842,0.00971051097243856,0.101006886102822,0.483156066290128,0.85014432798504,0.946490895048773,1.05192317261586
0.785231787590613,0.435497649654129,1.75760650428778,1.11545147772362,1.19930669076063,1.31970933800119,1.77261256297817,2.13377071603254,2.22198649724207,2.2948446517877
-0.149898049788774,-0.129873327435744,1.69128345550922,1.07205557563899,1.19982394125034,1.30714320081262,1.69611610217747,2.09565251628423,2.19519300534693,2.25355325683664
0.901047801088004,0.822920928100048,1.23699776755844,0.760693927296107,0.827979624681521,0.916377429000785,1.23549695987095,1.57370310453494,1.65030340475404,1.71486003395151
0.472873729319526,0.435783766231954,0.515139341273474,-0.109980995492523,-0.0267968992083165,0.0806196978029439,0.513252122624778,0.940248848141517,1.05486219101643,1.15617488116389
0.481422245683221,0.786043308685535,1.84561282360225,1.28500920236837,1.36974452913775,1.47656541655422,1.86126451782599,2.19735856775763,2.28978525097498,2.34143679119046
1.71604296820602,1.18242495505288,2.00419467334004,1.22221385073042,1.32790983431989,1.46444558138532,2.01338368160752,2.49640360696871,2.6083717204177,2.71038157548683
1.71209726784871,1.31631003879894,1.71589956070065,0.810017525037059,0.931481559601227,1.05573083983004,1.77271130768289,2.2372824859932,2.36128311280022,2.4772674008301
0.981994122079215,1.33954696920064,-0.992923002593266,-1.5006794401169,-1.41654670775415,-1.32792187882269,-0.991431951455028,-0.638884726149788,-0.540286058983939,-0.462546134413746
1.07745647690648,0.748363269825727,0.154703290996132,-0.399271979183753,-0.313365873898593,-0.222460782237025,0.146718134951617,0.524692663116869,0.642322042090461,0.717260654884012
0.11140363191137,0.0606616239051444,-0.954188141967758,-1.48864351847909,-1.40913384784052,-1.30940112524201,-0.979267300009732,-0.550369664784037,-0.433599724888644,-0.366468395184001
0.560743365067637,0.316000821486678,0.419531857267174,-0.0891268463706313,-0.0143339569845746,0.0767003016443072,0.427833377438468,0.722940171503271,0.820064192137306,0.892064254823775
-0.0726210809082077,-0.248256326665327,0.443370668791104,-0.0527190159024361,0.0139985786531129,0.0927210660218806,0.441497976980697,0.78208062872437,0.928320623468068,0.990051140726445
-0.704256900384138,-0.867480241158853,1.46445453139293,1.0395590079955,1.12367085847308,1.19407014719756,1.47504031602405,1.71916923618968,1.80324910819836,1.86480370928034
1.1478059964871,1.14048281292806,-0.345180512246116,-0.893826388229485,-0.824958935730073,-0.742275801183452,-0.343426783631242,0.0551776805495751,0.151771813915618,0.240394797284579
1.93817664988033,1.98747011662966,1.38587750966762,0.777654140875692,0.868713880766588,0.976381372006016,1.3926244305052,1.78399060661675,1.87767551892626,1.94788969097184
1.1727588714782,1.08173929206593,1.68410714957433,1.16787633128161,1.25111485999821,1.34631414156805,1.67639630451025,2.03133256030461,2.13883207992558,2.21222067460767
1.38255274023601,1.78282676531452,0.658267364732563,0.138115910265701,0.205430179207677,0.30189345924378,0.651513552244499,1.0087071682389,1.11297965721589,1.2165644530986
2.04001007986201,2.53403710627976,0.506571114219765,-0.0303763992209303,0.0574813140069822,0.148894604184438,0.495781115925649,0.885995897278778,0.982214587236158,1.06101145536074
0.208065222787654,0.843872406494136,0.625954669887156,-0.00111405100700931,0.119359593056416,0.234073244938883,0.623261567411941,1.06119910644041,1.14928944542785,1.2542278579275
0.814576733834151,1.03086465047071,1.13471733752778,0.560137376374898,0.640966165970308,0.745876061356209,1.15305072040096,1.49701822577293,1.59138488468899,1.66959447076902
0.821986605467498,0.621901636238636,-0.13013809447011,-0.567026942029932,-0.495079257411162,-0.425490774297261,-0.136242163391473,0.18287604812619,0.30082807029289,0.371496353884111
0.710870542956537,0.387754964815432,0.987356489775077,0.43576066177935,0.528127586771648,0.624825031622805,0.977975752261086,1.36320585585845,1.46519209170036,1.54031788335681
0.796349270673103,0.711876674427595,-0.512425782498078,-1.18666456908105,-1.02470139477291,-0.894307232299447,-0.5034560855958,-0.143878193698882,-0.0622145190320082,0.0333015649707645
1.40138822069309,1.65615194587916,0.93507372891851,0.43880069574806,0.523668658895137,0.611243427156538,0.934384768904938,1.28392037487053,1.35774937315265,1.41206991517162
2.18652150995889,2.15063416200823,1.58573562518303,0.774626751874921,0.900654067106093,1.02177607113465,1.61792732617892,2.11577302965301,2.25906329802985,2.38656302571572
0.901109956031332,0.451174605051814,0.879520971676825,0.275608861954194,0.363573155709183,0.469283712875096,0.870547500470311,1.3156609353919,1.43332581067046,1.5261702788816
0.636509063451541,0.502588129386273,0.57212105405314,-0.549863485827968,-0.425532179813165,-0.205726252047073,0.647198898693154,1.14195875960816,1.30884976545399,1.46255558164652
1.57080232138355,1.46418669763118,0.909122586603411,0.368423928516742,0.441594603016761,0.531943527326771,0.9024848938251,1.31167646189752,1.39516035106303,1.50552535945441
0.554864839313664,0.441586965725005,1.93086178981603,1.24952411461901,1.35188065138946,1.47693915828813,1.92022075489342,2.4027611517539,2.53163360360751,2.61488511895219
0.961204395315599,0.89434384114624,1.32209471663195,0.768835991962342,0.850629506509958,0.967383188224592,1.32235425208405,1.66350932231445,1.75439666689961,1.8495145299684
1.05848398595883,0.950192680934147,2.1179698310101,1.53624842474586,1.63283878543465,1.74129847752627,2.114004360437,2.48210349390145,2.59764648512437,2.69638365929352
0.592931760382456,0.195186303011836,1.34544435764175,0.710890814823195,0.804111796561478,0.946333147344945,1.3520824475934,1.7353052268252,1.84162446353867,1.94439145398191
1.18292194147062,0.91202880257935,0.572100936681705,0.0342844845560598,0.111424375263624,0.207325997075692,0.595438893618762,0.909481009250949,0.999796205880619,1.06018091495985
0.969411718213538,0.545920544812472,1.76678619155766,1.21532987891132,1.28338125698445,1.38846062166933,1.76962619844333,2.13217892415258,2.25238194528916,2.36906267270708
0.289217310051795,0.456008140261726,0.366933512548926,-0.137183203425405,-0.0470944903158398,0.0401038796914704,0.352934802609599,0.726853465494476,0.826127273453476,0.894577682615839
0.0861258605184237,0.0141196368568292,-0.344418111673951,-0.889151098927218,-0.808141908579971,-0.709933755211065,-0.357616715187617,0.0249426484358992,0.15837688241835,0.256452001498128
-0.358214628406614,0.0993240901850673,0.242382248945743,-0.561112822788641,-0.406094698367636,-0.243134945325561,0.264021364906865,0.669565739098633,0.801188804830057,0.882801194177578
1.26178462474751,1.28959351716813,-0.107844644437714,-0.61842587136769,-0.531333244184082,-0.444563358557079,-0.1133131601201,0.248493178282891,0.324929189153315,0.415508835262139
0.117450533640111,0.055808251420492,-0.0725252945601583,-0.662620362258989,-0.574622294848792,-0.455806816725378,-0.0686820744094141,0.324367910308192,0.440890829410316,0.550059954178363
1.64593759970943,2.05234075312714,1.00738345846884,0.387838660456128,0.467122241645937,0.585985874050071,1.02972579151056,1.38151593777795,1.47094398272241,1.53285950864382
0.380924317374787,0.293901586801387,0.364275851835674,-0.22799758713183,-0.155494334878127,-0.0365427328708874,0.375240324655666,0.753390624569061,0.845947468385737,0.973255737923542
0.55253166700491,0.620796740961171,1.53547474673683,1.05816690970252,1.13757419010285,1.22408290656028,1.53828544039774,1.84513908007257,1.95863878546708,2.00784103676541
0.310249961163772,-0.00117543466622788,0.17403993467895,-0.437508840609487,-0.354728059321019,-0.24939009556506,0.203463317288072,0.544783433207766,0.632100270168835,0.71504170338666
1.02651456666196,0.611506876523231,1.12900682594513,0.572228950466719,0.66028774177859,0.762284241647237,1.11983843670838,1.49292854635194,1.58942742116468,1.70688809537144
0.663164014211562,0.453256772239953,-1.31039779289595,-1.90793432167622,-1.80711489027048,-1.7105754037255,-1.32690866628246,-0.897030920068065,-0.748859912473144,-0.64826503512704
0.765817099671832,0.853921880661928,1.53006243580814,1.02758725129104,1.10787074398303,1.21826832741236,1.53287393039596,1.84199645070404,1.928416008788,2.00872003171453
1.13888083091229,0.919405395571332,0.209666270200192,-0.502128866363207,-0.380552196718987,-0.225162626089825,0.248621832137798,0.595044894444985,0.683927386646023,0.773356171587895
1.22056124202943,0.896925286111146,0.801509297234117,-0.0708924985592108,0.031841050994722,0.201213113794537,0.870196528718174,1.25344946759517,1.37407280048044,1.45090172999271
1.47191143573962,2.3064330034525,0.629307676934267,-0.110768102029639,-0.00110277835910135,0.15060694511575,0.6399526239153,1.05226888788779,1.19952659494217,1.30420864890452
1.07652760887538,0.986368178959538,0.565648351381696,-0.0970084374626057,-0.000696726178946521,0.128663823158328,0.553378735448525,1.05481969033902,1.15575589084235,1.31165944751837
0.25964630305182,0.237783222761294,0.875182413427437,0.468372415986099,0.515906128790075,0.587817599074773,0.870438403896955,1.1582330676549,1.25283965162169,1.33348668718859
2.76568984830788,2.54737292622621,0.787417259707695,0.146042239797638,0.228845307442054,0.362522486041384,0.811485691358738,1.18546106116781,1.27139931569782,1.36136859098824
1.74901005269181,1.96711222980676,1.49107023437935,0.644356877042269,0.733291533191219,0.881112576987009,1.56478958026677,1.89430095592697,2.01936962745014,2.11741349334716
1.76067213521517,1.21936919129397,0.985940675463349,0.449016873853937,0.529793564641377,0.635228113952389,0.985088756864419,1.34744910632425,1.44811416793799,1.54106909127586
-0.114855529477569,0.0447112104964528,-1.25562032984609,-1.78168176883303,-1.66758164823689,-1.57889919805249,-1.23756331900737,-0.967292465073459,-0.886180847625784,-0.780957878780271
0.530648883441887,0.239678549278083,0.831203232222129,0.315420446009937,0.376189825645503,0.482984759543936,0.844156253560075,1.17492719417948,1.24709632831397,1.34910555462895
2.28650160334586,2.38707093799629,1.71607444048212,1.10603934880429,1.20501518528419,1.31601883820967,1.70900709409945,2.13450840831414,2.2415901446806,2.32602057025363
1.71954953638829,1.66499240549264,1.63775171388682,1.08435380233174,1.14116284711951,1.25972604067788,1.64680139100034,2.01399694494937,2.10182469869386,2.19097929138044
1.0685346331292,0.857723193592303,0.421165677622214,-0.0734532100766051,-0.00550549684555063,0.0955700084794318,0.413647412514657,0.739552220639864,0.855049793820929,0.948477848635144
0.640459083024213,0.524166293765464,1.58628503313239,0.999679684050655,1.09234400156701,1.22011022989914,1.5987348089379,1.95121416426533,2.04745059224871,2.1385683910925
0.661217465525745,1.13826934026363,1.62926171790553,0.963380263450899,1.06952114808871,1.20267859020425,1.62754283923815,2.08966764097357,2.19765844255019,2.32794615069495
0.890625281880408,0.676851176904392,0.465119953633653,-0.0447827125275636,0.0564608473475198,0.166352658086612,0.467598207347957,0.763330256486407,0.864926957248091,0.921223232774665
1.63007082722979,1.64418833496553,1.11714889268875,0.424228306302022,0.529487410067236,0.637778212013756,1.14809056018818,1.55531154932195,1.65042800356055,1.72281317759578
1.80340751757286,1.26241179099837,2.06179725771298,1.41555281422134,1.50934343090238,1.6312109915617,2.0641490362294,2.49322179998618,2.58789526622338,2.672210371182
-0.747574835036975,-0.610363638930546,0.216819768422457,-0.3056178900954,-0.227654951306296,-0.112884335876138,0.212780244363796,0.559274179916879,0.667760499309188,0.742437021786521
0.0329499306133018,0.262416534796151,0.829423276935678,0.37486372326678,0.46147208811124,0.548063880243565,0.830464212939014,1.11625099199949,1.18607708260931,1.27585149321288
1.88951974477997,1.77382696128424,1.23103158007716,0.592821956828911,0.694452564892167,0.818956241077993,1.22274220391306,1.6315958958491,1.74087692131885,1.88100723842004
2.32615704519122,2.14553807986913,1.8526320264992,1.17196781061927,1.25063511689767,1.36341741895127,1.85312336993347,2.34746754601071,2.45431638973935,2.57456163217319
-0.133408264640342,-0.194548158949313,0.745487859414527,0.113116269240733,0.19309606441247,0.29414507941601,0.757507690311071,1.16867022588854,1.26176829118509,1.35861113925747
2.24017075538552,2.13430112456362,2.25292372094325,1.52335019216964,1.61086162055978,1.75585462776184,2.27832054575257,2.70284160399909,2.824378127108,2.91253321915359
-0.73142266384911,-0.619302636288053,1.59511950244872,0.92920759639791,1.00382589672517,1.13560445443546,1.61188213893289,2.0330287262977,2.16185638316703,2.27505678092587
1.25217075803543,1.21241427451428,1.15634089764774,0.600514559286377,0.668441197819375,0.772161302874453,1.13120960738197,1.55719340587044,1.76409247689181,1.94604722774238
1.03800184014542,0.868273692626707,1.32149497208802,0.78018662640096,0.850186733503643,0.931423452057816,1.30079147751609,1.74121739354786,1.87043801223983,1.96528962164257
1.0689349200309,1.28228411383671,1.2535774361183,0.708928050396499,0.783534244852539,0.902353677569719,1.24520127182534,1.62837313814439,1.72294334751227,1.81405855494183
1.10183847062756,1.31339770185883,1.24259074615434,0.749643915581227,0.828965971028546,0.912574047284785,1.24391560371178,1.58165610207004,1.68149442932042,1.74721553598611
-0.0889795976997068,-0.288775852115123,1.78753030876367,1.00078193825057,1.08592589409766,1.23459797143844,1.84348231855587,2.19599576583262,2.31812444736016,2.40572990186498
0.811272997964095,0.796669441214113,0.816896962522628,0.0564328582590495,0.175160999630012,0.297141334969102,0.799909128810207,1.35923318728093,1.5023018339237,1.60280588994874
0.673129833745421,1.01613225882554,2.14426498217182,1.5776061362066,1.6361444466514,1.73729812415127,2.13381563560984,2.58440505187273,2.69916927446729,2.79829495809859
1.99147433683877,2.46266752227229,1.735091617886,1.10177435085527,1.16825823587639,1.3098545094615,1.74316007495302,2.13539419386169,2.23357115297269,2.34209778524501
0.914671533876255,0.817775772651452,1.30427211602657,0.351146328608099,0.437857270707035,0.571318733027277,1.37321881325426,1.84426425285077,1.97092352547836,2.05994266243039
0.816369679672355,0.925171423912889,0.614925806848245,0.0651585674530443,0.140363709918151,0.249636882390287,0.590276399237035,1.04379280869116,1.14644825021409,1.24610533045778
1.23048272726074,1.37682912560443,2.23571572709345,1.71287877861915,1.82190001352328,1.9040395490261,2.22161506522589,2.58301450452846,2.67627496049374,2.75179654906851
0.921377615432766,0.714123434397727,0.484882051247696,-0.0918680842855865,0.00444002478195969,0.145390925130009,0.505211901628642,0.798244338448675,0.872788808475128,0.971779223043563
0.459791648480028,0.690092242684861,0.467226933207079,-0.0685892915542558,0.0279183789538328,0.116878097293075,0.455710722638503,0.825602642929326,0.949772702353897,1.05696813887062
0.456478778485951,0.0658045351516655,0.719163665490405,0.0540941709673791,0.186615679206295,0.341795885477297,0.754477414799818,1.04581242619156,1.12724089488933,1.18542190501186
0.699995910832887,1.15226302144126,1.21730131849297,0.653694482286257,0.71263064639942,0.816811388530104,1.2255833689631,1.6092582846022,1.70718171594639,1.78730306340116
0.597942427373533,1.40485881264942,0.432763553704203,-0.18914355964297,-0.0949070956237554,0.0213586684364021,0.434504836923692,0.837061528336371,0.944841614707275,1.03908883657639
0.0787602855283382,0.343627013833866,-0.0318529224501902,-0.524817051953869,-0.464594765975326,-0.364241309843642,-0.0369463901955552,0.306993321694875,0.402191687945098,0.488070780533444
1.54705856704782,1.53224567109037,1.37883448518273,0.75640752331372,0.818448293416932,0.929720973762017,1.36895276093322,1.81882471601037,1.94999084809126,2.02285555918073
1.3605577468113,1.39969303291298,0.646994203953888,0.0748044898848722,0.166823585384643,0.261235165844605,0.625577471938285,1.08151626534591,1.17900210535402,1.28258309694487
0.813830237676601,0.912284832271719,0.56889233200279,0.0690912433169694,0.108444006169064,0.21997131847232,0.565944709279853,0.924414568052271,1.02215369758184,1.1317140777818
1.74577340030906,1.68933415649478,0.328735862008214,-0.229634742562423,-0.162283731053249,-0.0615515158605958,0.297436274580129,0.772118781434785,0.911154855427379,1.00268397985098
0.452360128294827,0.38654068291899,0.714616965967769,0.180531926285562,0.246664726523394,0.342132648660031,0.701928034180756,1.09109638815096,1.17981881982375,1.31226667462259
0.217664101503556,0.270945501040725,0.634791112522103,0.028173836836693,0.0804723105772252,0.185053636934853,0.621085380079071,1.0764345475273,1.1868819262895,1.25933664068688
1.29335366851437,1.69085189799833,0.95146359603453,0.407219892022804,0.480645561192099,0.584618688420829,0.934950302715175,1.33820269426666,1.46047141762488,1.56828879312469
1.6662378162309,1.85310817661909,1.4599525611617,0.776856690749835,0.898045591376104,1.01094148141497,1.42786528852918,1.95909799288035,2.16526081452312,2.36231749925706
1.08601759769041,0.765883336123056,0.213154309152251,-0.343844472615099,-0.271563448925885,-0.16772716535884,0.226824622193596,0.582656405425505,0.667583703733505,0.748227768459321
0.0667016502082432,0.285039568953258,0.867020670110325,0.372907378566365,0.453173834419239,0.542889126812634,0.872268734394708,1.18726321153517,1.27696558467074,1.39289615468393
0.857796527805451,0.875360240234025,0.667941973181416,0.205170819944014,0.266451599742852,0.330601194379953,0.663330285481118,0.988922638613105,1.11911855968855,1.23210088317644
1.42579216257871,1.26630764421999,1.49687065052107,0.976252033586931,1.04080782729903,1.15488640248666,1.51172330951138,1.83148670704455,1.93214532169077,1.99662867093512
-0.415601493124192,-0.233319110127688,1.28725407877431,0.696323098983116,0.774389806906381,0.878046797540705,1.26768161265051,1.72695489442178,1.87828368435285,1.99360653436261
0.391904397769697,0.714991487722361,0.0937702644220338,-0.493799243514636,-0.399636248804987,-0.295147447258635,0.0953629962882622,0.478172454770015,0.580303838746078,0.670001893981227
1.58860994067462,1.06183069442754,-0.114117411229059,-0.819081896022308,-0.729991402197651,-0.576171147905924,-0.0860272645364461,0.312909144675002,0.390081417116564,0.476310451388439
0.790549683043629,0.290055987143369,2.46585931884301,1.974050396457,2.04450705327894,2.13535801385371,2.4472197297553,2.84488823852905,2.95276398254193,3.03205899341521
1.3118109208104,1.15888294098766,1.13705348812709,0.518818529310808,0.602059547385701,0.705199477521966,1.1320546083174,1.55876545521626,1.66581672956377,1.75659501562868
1.40292550672659,1.73040016872502,-0.060966884889974,-0.684951491133153,-0.59515086722507,-0.477553154711862,-0.0613823722630809,0.345164473102705,0.47835746052833,0.560024872184069
0.405609783957887,0.276988324204164,1.11063672724738,0.680262815598536,0.748092519641726,0.825692563515419,1.11047727923363,1.41324568958271,1.49659686476832,1.56068893486575
0.83989321879777,1.12045694711192,1.21078523500897,0.712164740083759,0.78605284934546,0.875175912018762,1.21859835315346,1.52289274329724,1.6294928191354,1.71357694021438
1.17725594139991,1.21134911275999,0.87841605702935,0.273174279795637,0.354080574659853,0.49271119619346,0.878726868227427,1.27955423888862,1.40778111330337,1.50652006228469
1.21537603824766,0.956548861103077,0.981741064338586,0.479912144245279,0.531596337277064,0.625039124108819,0.972734995404102,1.3448268300935,1.45323075416234,1.57866860169048
0.419754687021451,0.562694691672691,0.937949177871646,0.359142972562369,0.410005696497209,0.523800005219902,0.946662664571623,1.32258073686153,1.41281237386688,1.48724639995288
0.587455796370885,0.691783150758886,1.67140255593764,1.12772578376481,1.19513718858302,1.30411584776225,1.67907278261901,2.0382320179955,2.13224708932453,2.21210798219943
0.314402029204617,0.449008759066461,1.06978493342141,0.65612521047155,0.72536829779386,0.800703671534693,1.07423427169618,1.33936482798826,1.40939752981367,1.46766958266779
0.530755495321478,0.986387802159662,0.20197815570484,-0.423085071383948,-0.350208753574245,-0.232770441789444,0.214611644180758,0.627282576078362,0.750987942433469,0.836344207913503
1.69507624441544,1.37600130592894,0.17549384617769,-0.384485822785673,-0.303804212420944,-0.215970135026114,0.128703509947922,0.664705214467154,0.86041554318443,0.977083923576268
-0.182005746715445,0.416811705804379,0.557738689534472,-0.100765499618305,0.0048765336647303,0.107075966998156,0.560514622745792,0.999188095397768,1.12046043202461,1.25551694477006
1.9522396617766,2.15631512807509,1.94922877477277,1.21463659376836,1.31978309274272,1.4918306822971,1.95766869258358,2.37845039306523,2.49039609676939,2.59579613284628
0.366408876159567,0.133856691720155,0.476127877057613,-0.0161823311615076,0.0480856042295253,0.145974216441028,0.477543747727996,0.787851318620677,0.893670025548235,0.967448923535178
1.21156631468365,1.7616251674995,0.0688729284676859,-0.741002426635307,-0.63702718214401,-0.513858631620989,0.0822502301047251,0.617304958839656,0.796284507093255,0.915756485930126
0.814513099209182,0.778378536651365,-0.461868472441036,-1.04190618889279,-0.95331769644179,-0.856983997846882,-0.468081179793471,-0.0788632717515623,0.0612561965118054,0.17682028899652
0.831542691402119,0.650498671971873,1.53583742354234,0.996416493909018,1.080956495538,1.17842268927832,1.51789253775075,1.91738945619624,2.05402175489578,2.17197559700055
0.980235202096179,1.05012424310926,0.169634574898425,-0.543569422080046,-0.437415980695879,-0.32164356865442,0.155803448532004,0.661988026378402,0.897465277049226,1.05178181768076
0.925569709415957,0.865056365020468,0.818807381463696,0.250130668229165,0.352839580573782,0.450853049035631,0.820231587987327,1.18737296247243,1.2815354305729,1.37469461672675
2.10141939339471,2.33122735745683,1.60780268724249,0.994690326363373,1.08452958431466,1.19174150141295,1.58874099138225,2.02420632274559,2.14253129745127,2.22313587261484
0.841771575072338,1.14768868048008,1.82230750467285,1.26883057816771,1.33583371637896,1.4425184268926,1.80888672210776,2.22016031500032,2.33457816723274,2.41979954760173
1.3147261040715,1.30169060393416,0.526296253224262,0.0214289328667768,0.101373322891875,0.172873944230502,0.513984667101811,0.886388808794519,1.02096520665207,1.14167599366454
2.20850702309287,1.74876655503151,1.68970270001935,1.02192374331453,1.14430099642474,1.26204590957105,1.69665860442913,2.10434176782023,2.23496670757725,2.35442753200724
0.383899096247197,0.0567759430118557,-0.271451419237407,-0.878214771187551,-0.762955166792584,-0.645371446364564,-0.276927434061574,0.10820023258848,0.217677641974728,0.326064336445738
1.17098273260914,0.871610040116159,0.994087452206928,0.469516375621944,0.553161479750899,0.635130087329953,0.993049262607834,1.35384645997918,1.45241749214815,1.52855396700469
1.82749260229266,2.11394287681413,2.00863277745572,1.49634219940429,1.57002434122936,1.64654024636339,2.01115666568606,2.36869417204116,2.50029006479713,2.57035967390859
1.04735418597727,1.27032009133275,0.526194044824487,-0.0369137201139594,0.0506279682493865,0.162457579868703,0.519628841751423,0.885460179053312,1.00451669269514,1.08289127157957
0.238396698454528,0.330686555411476,1.5520341152602,0.906070552453833,1.02328031304762,1.13055514289307,1.56633412950725,1.96534628091532,2.06042969868858,2.15281466636096
0.0857974289081761,0.185739610876881,0.295746871951007,-0.183821801819974,-0.12515009703767,-0.034762494631221,0.296824190511997,0.612610873855867,0.710943387981377,0.793239937332135
1.50489153039935,1.52531582972691,0.622572139779147,0.127040503210649,0.179619523260465,0.278575587919326,0.611566389882695,0.965614883171305,1.06818215437212,1.13310843852494
0.511478987825939,0.182861693926863,1.89300101257575,1.27134452771069,1.38867752763639,1.49668829279408,1.91994763278436,2.26283620733036,2.35833978401987,2.41551149389977
1.03443575706143,0.792585633963621,1.49779140366791,1.03108799393845,1.09480143728698,1.1732922439396,1.50073664356828,1.81305269467485,1.90437448900309,1.9863298304958
0.579958077728282,0.35978942088137,0.184231062366906,-0.435346723301288,-0.375349368568544,-0.274944826997931,0.178905158406756,0.652051824849025,0.733850500758865,0.817121881097283
1.36328218896969,1.29269135277469,-0.236030837779785,-0.781505984251183,-0.708038854227653,-0.565010118351761,-0.238232856576661,0.105677422714382,0.194875054108462,0.254721656685837
0.0168251279315776,0.00305708592016793,1.77317247673448,1.36182108865154,1.44652604894809,1.5152537439344,1.77033398996634,2.03901027724068,2.11043306559744,2.19058801319962
1.12304468681854,1.43359518785055,1.23971323735408,0.623471957094606,0.713569936491245,0.80967005117611,1.27454255312999,1.58534641677859,1.69042831267405,1.76607158464774
1.47004076246339,1.80135804258513,0.714545306650838,0.160816198024073,0.236563413982263,0.316700820901731,0.717999166173665,1.10598013303704,1.19103134429023,1.26847344871756
1.45743717821428,1.37642898408707,1.83055416128365,1.31551465003267,1.38692300136569,1.4918475722177,1.82771736729944,2.19112955489413,2.29883677860896,2.39220156550787
1.43615729386424,1.53748755885779,1.15634572970588,0.490814154681004,0.601169886535477,0.758052712582906,1.18466882790798,1.5306268966365,1.6370495302212,1.74037584441062
2.02572671549268,1.86242955352033,1.05037015346505,0.468619846845667,0.578587585600565,0.688443741020503,1.0551968214853,1.40935518297257,1.52491439381491,1.6483787757065
0.796937036949732,0.798506802176965,1.44860166644111,0.826081906019872,0.933376668911246,1.05399431936503,1.44885420240072,1.86633546538828,1.99449061890473,2.08598992513087
0.245957753700635,0.0805412187483136,0.864495588745351,0.342075150496947,0.393716087118349,0.488472016249519,0.852899956681173,1.24900382427414,1.37046450825835,1.47964491127968
0.551480805245939,0.300244349567886,1.62565446641437,1.10431049781527,1.17162530123685,1.28426558643674,1.62214666621288,1.96902127470342,2.07209774803349,2.1593258702733
-0.337168638383847,-0.240620261560754,0.950396635855276,0.271066430185548,0.344704597144944,0.430306943714346,0.927695905229388,1.44929949094686,1.66513439620097,1.79679533641681
1.60543110879329,1.81237474321509,2.60100334790996,2.04592162238296,2.12392976444136,2.21437356279227,2.61575610903859,2.97071063634499,3.06978211766911,3.14880679631687
0.278529398522739,0.442193720887412,0.294627842444984,-0.218341858245206,-0.13316595819249,-0.0315276975756585,0.297846452503136,0.626965236158672,0.693732959677062,0.77212968249225
0.694187018610704,0.597504190015506,1.65628487726003,0.979421996768376,1.08009372014895,1.18350285376416,1.67010351662455,2.0808062618456,2.1904385896328,2.28283429387766
0.71584087738558,0.76942991173795,-0.0610642271381356,-0.615527155548411,-0.535871193281422,-0.444040895633869,-0.0596633591632889,0.323044778526088,0.443613322378133,0.539886829907963
-0.00109361111355568,-0.17594515400012,0.621099960170093,0.119467636031283,0.198696011355048,0.288763222831603,0.616473218866996,0.958464010859546,1.06673841353669,1.167856175078
0.633518030950577,0.43592974444018,0.191628946034777,-0.519671924677251,-0.434081597657735,-0.281649274665118,0.207456639326799,0.630254321636031,0.756767094023279,0.848185747276969
0.10634972329917,0.250993598097164,-0.131564479036709,-0.684510529962908,-0.583221854227202,-0.494467469252783,-0.141034639509984,0.246876499023504,0.395186436113667,0.525528360844456
1.33939523661065,1.29405785253652,2.37980747290926,1.76592349757382,1.84473903896397,1.96515250869593,2.37417073671049,2.80611562103542,2.9263248752352,3.04129181330421
0.400508636395007,0.277239321382369,0.815309289923923,0.257952198720107,0.314447875864404,0.419831240843434,0.810171477288507,1.21629823086007,1.34345660702346,1.43694430165375
0.695315527370618,0.778373627994971,0.0426311868649118,-0.55374091373228,-0.480228363793212,-0.372564111659139,0.0220141353845034,0.496023215881865,0.62242798316495,0.740102900877184
1.23793238079414,1.56230386251515,0.183073616444585,-0.483433351126678,-0.381678823323399,-0.271743563168204,0.1794365859721,0.621473972427026,0.78098646106778,0.891676332547191
1.46197190287042,1.32355459671619,0.363221519508899,-0.244256171846416,-0.151551051232294,-0.0339042745851074,0.349795911222326,0.777349198377171,0.866533622332867,0.965907027331569
1.17961937680621,1.02751832933063,1.6507254000406,0.979890117669454,1.07453182789389,1.21871436846773,1.6612579619894,2.05977225251532,2.17347309192252,2.26672287703417
0.556082318844478,0.683523429030552,1.34197727951083,0.78320264413563,0.855103697418831,0.964600605616085,1.36210947003313,1.6941437630335,1.75879072386855,1.85156841145633
0.830641192649586,0.531542813545322,1.07168742069366,0.594239789955731,0.645562967498965,0.738591513790141,1.0711455269291,1.39408455394944,1.50696232894135,1.61629548326928
2.43407149853186,2.00117214536426,2.43907623326111,1.32399392059549,1.42660510188365,1.64106115456107,2.54563774500879,2.96356010023225,3.08526936392828,3.17360191426547
0.832591498685143,0.933321458512971,0.27459370463538,-0.348768559578419,-0.260584401398288,-0.140505835574347,0.264396866731727,0.715332151745115,0.82244686697844,0.904034654114984
0.93342655402466,1.03328719258502,1.18447648601512,0.4968516324443,0.587927428665738,0.706842655154356,1.18240801906416,1.65280464489462,1.80518242547261,1.91948264502946
1.87236502368368,2.17116321886905,0.861617200109479,0.279026015231321,0.37490556097104,0.473534821917764,0.866653199440882,1.23749664268329,1.35762137138768,1.46870731599505
0.791490562994419,0.728351841532545,0.504179093416525,-0.105056505323453,-0.00799193715679287,0.10845540098348,0.502885765083338,0.927002162676671,1.03890450831791,1.11288300585826
1.62193115841704,1.77779267780531,0.79207186921534,0.260690428385219,0.332626296270502,0.432681258418369,0.781111456464197,1.16543191133603,1.25170419029534,1.36982657339846
0.350345152809279,0.535538098312008,1.87493744516375,1.17852726790526,1.32964834042249,1.47831609221776,1.8812637123189,2.27790906216272,2.38861396931015,2.47343102608285
2.41422367784212,2.51537405526086,2.22535905409792,1.63207002114968,1.7316386233956,1.8557527737235,2.22893907052462,2.60982536351877,2.70202300617535,2.80146273861109
1.03302393842142,0.906301271127937,1.55874311782996,1.11109431882252,1.18647551550346,1.27354207044035,1.5586285306726,1.8436847211104,1.94320016947244,2.00863761483737
0.340585684645946,0.721717691743921,0.387338013886291,-0.116704453016667,-0.0187670650093363,0.079111522390602,0.383272982302711,0.709843878004702,0.794178029135,0.860075717916984
0.953469924481766,0.415615018439287,1.22082803107542,0.653431104583217,0.731206188803068,0.815539678977903,1.22584247070777,1.61529081561744,1.69317078193527,1.77046589020683
0.851699040099115,0.322956993083078,1.4721957561266,0.995473497622515,1.08385463462748,1.16761060377897,1.47351135591591,1.75236649222883,1.84384756600234,1.93367445626041
1.01587741347872,0.741160932388592,0.832592202435453,0.335735822178797,0.395909967197212,0.501257793174286,0.829116555695522,1.1462835957533,1.24200819538419,1.33536354140536
0.794864873305212,0.989556268181962,1.5696959645396,1.04887250621352,1.12980232784255,1.24461459900373,1.5617694501759,1.89795829768962,1.99280279577745,2.0749001398196
0.661701490715607,0.355011678480433,1.27198847831973,0.74394022681778,0.822317701363477,0.920919325717066,1.26518444429001,1.63810250804361,1.73604465489636,1.83240874803098
0.781577296149422,1.42757899899674,1.36221366767799,0.759324053471804,0.851105748256123,0.967339616409985,1.36232376793545,1.75872572801655,1.85365362328957,1.93495990348199
0.615129035204858,0.676007024653524,0.720330714316607,0.268508795993397,0.314926559237875,0.421321434083991,0.715390175050969,1.04876844076794,1.1249261513454,1.21435368158249
0.809576492514276,1.21663887447238,0.414999648848856,-0.268481613887458,-0.148120833374771,0.00467312906221605,0.425155339178135,0.815224511192762,0.939959570691541,1.03512310331229
0.983943296415201,0.740651290909447,0.920499578493203,0.352061216792829,0.423976798111024,0.537414953109983,0.924713225204694,1.29312790167654,1.40126567807202,1.50250962812835
0.517008797211054,0.301349424558423,0.754594485018284,0.280586392260577,0.34107107115577,0.42339439511556,0.745393902199055,1.09504019975089,1.18765824066447,1.25596764285039
0.281134791449161,0.0960556737950626,0.729959523653091,0.0411532177932281,0.153127988853023,0.263761993521981,0.745270080352883,1.17209617731101,1.26389077387991,1.3779677218309
0.511327382048688,0.653560273254894,0.915793803136521,0.396900857917987,0.465616306876443,0.56620808624869,0.916915769807826,1.28867372285576,1.37434689815601,1.4576629897357
0.648883652248428,0.459598791078886,1.11834000980864,0.572660758661621,0.662397859495299,0.75132041890764,1.12893026628774,1.45575769684137,1.55114164921305,1.66313443963857
0.470474990962915,0.405270732344566,1.17547028241587,0.634730988510443,0.730270224534854,0.814376837402399,1.17134420966673,1.52227601767804,1.63357149617323,1.77355028434367
1.54020940812295,1.38729263566394,1.29032330061876,0.67599876508812,0.780218105257051,0.859563731601432,1.30186804060097,1.68672719566428,1.79068193201073,1.88244684114601
-0.98482579122107,-0.791661574148511,1.96546283711816,1.24582838201995,1.37397364120472,1.53481834634276,2.02269641390955,2.2998101578709,2.40752197711795,2.45066652671268
1.20378079340019,1.06412741180853,-0.418138869057839,-1.04479418506964,-0.95862291358522,-0.839059227432674,-0.420155716827376,0.00679548710227326,0.146396050213096,0.259009124488461
0.136201527862706,0.227919010679266,1.5582041306184,0.76910445810356,0.934751469794694,1.09481192088745,1.6002646318416,1.96243090926159,2.05421030092529,2.14994838158875
0.341448655510076,0.144407413857579,-0.459071614346794,-1.06604061925865,-0.949660141340512,-0.84582885598599,-0.453269255290964,-0.0600436698774958,0.0530977941538544,0.17580246852501
0.523637361191622,0.334302193697147,0.222699676835759,-0.41591572674184,-0.339275367146407,-0.228920454291902,0.22237306130463,0.684888090640106,0.827596017039296,0.917839039950802
1.17509114283479,0.880827029062246,0.755148014879866,0.282682142875597,0.337126102036968,0.417590106994785,0.745351520130024,1.09752584415813,1.19117234998969,1.29173721894117
0.986945442253046,0.937216454610561,-0.686350619298147,-1.27351124865921,-1.18168415546897,-1.09392657209745,-0.711231998347167,-0.270417556139168,-0.140690449701837,-0.0615847226689318
0.401569567136797,0.279716034808778,-0.0376944179589536,-0.793974971872163,-0.676131467522956,-0.568964908371435,-0.012909669284898,0.449698715279683,0.604634689521033,0.730084754051798
0.297866291173138,0.144794755770128,1.38083920456552,0.784709054706859,0.911564255417877,1.00444522047448,1.38198589421178,1.74728583883957,1.85091480277896,1.94531481390264
2.2307862347076,2.02646310953827,2.28295518329066,1.63207695621638,1.75802136275905,1.8394988808074,2.28272344833454,2.71625787134054,2.82358560130221,2.89433143201122
1.1293786443629,1.05311517622642,2.08504417550912,1.54507657054639,1.62471759959022,1.71153890763044,2.07144281998543,2.44826964562883,2.55785405448553,2.65703450418239
1.44425381582691,1.48722073062888,2.29558456761849,1.7246800069166,1.82740094142931,1.93239909667399,2.29784754994973,2.67489779136546,2.76140218815077,2.83933387011192
1.37899839347684,2.08963813124894,0.332487050948002,-0.275404414787802,-0.173557250566186,-0.059613647311787,0.334769249104004,0.718281265339675,0.829211767691365,0.938621069160522
1.05436463986816,1.08602167762448,0.584976509328031,-0.0891310876732516,0.0209954440717214,0.13611281428923,0.594633830183792,1.01569634405387,1.13271352429243,1.19693378938865
0.580228765016821,0.417087143541425,1.92250987733591,1.28524138415066,1.37865928993186,1.49716336557627,1.9320099380703,2.29530896062205,2.40300743866686,2.50578161430383
1.19464255238352,0.794984766668564,1.52209307278323,1.02718316946695,1.10844253248962,1.19580243911362,1.51326148022059,1.86727672114698,2.00128666548594,2.05763214033687
0.999635226689599,0.86762465354034,0.369805422036219,-0.102188889837597,-0.0339543314500314,0.0566652457266522,0.366150294255526,0.682819612663103,0.776618348391112,0.828394654110187
-0.13766691118569,0.0252971990485674,-0.72618110866775,-1.33059071791679,-1.23120791644709,-1.11777786190001,-0.726264991995848,-0.34007520222981,-0.227688515134962,-0.141673912973459
1.3640803355552,1.47305915535557,-0.649405315329632,-1.23041199435781,-1.16992478741221,-1.08096495082669,-0.651646014760479,-0.221714101386008,-0.111136461261236,0.0104853100054819
1.43339134220477,1.4474795564795,1.39450587285976,0.871531762075507,0.94824927643625,1.06948156167348,1.39468485480233,1.72772881967591,1.79638787432096,1.85961474087878
-0.574758192193277,-0.600489065709298,-0.193767320204734,-0.909024069592886,-0.798735918061429,-0.696838907304857,-0.165190323763993,0.266926025776906,0.390218360743531,0.48644406364918
0.00343358769182095,-0.121051075255557,0.562780004433429,0.0458466340283878,0.124299473853845,0.209296197359744,0.578027084739741,0.890458998464207,0.976152532810773,1.04560899406366
1.62523774732948,1.29298472553423,-0.16794973723766,-0.691344538758869,-0.609919782163101,-0.512978038069854,-0.175983887016905,0.184787555637296,0.282389163804077,0.353447835246326
1.02774994408222,1.31315792309999,0.491097374114365,-0.137987878218222,-0.0460120561565677,0.0513165514250707,0.488979254263817,0.920002216208165,1.02676006480101,1.11237727625495
0.449665264875663,0.605762888466542,0.588763806540338,0.0851691283494275,0.134359876105562,0.223155949584018,0.581813316190071,0.960781918668922,1.06128239432812,1.14474057135345
1.25690223788574,1.02605323519799,0.661682799552471,0.189377737446966,0.261227846810711,0.358972478382641,0.648726303400342,0.972242368289857,1.05858364677424,1.13203898762202
1.0917959635663,1.36843632896007,1.21823556988275,0.565334544915587,0.65019241841011,0.795952181742402,1.23802727784158,1.59696657738327,1.71563540340091,1.80217804436828
1.01048401439601,0.81585965708313,0.446632696488824,-0.190429368788436,-0.0937197498658406,0.0143164367099362,0.417720656236139,0.910076321915315,1.08284521012257,1.26095775559589
0.694438366572193,0.764246438021838,0.75455921420598,0.216804792560086,0.292176940958974,0.381889334084074,0.735265523458005,1.15555274256998,1.2701742409192,1.3753118960628
0.649364134381192,0.731016586892665,1.22090534802226,0.465289160108124,0.6441138851346,0.741984389700115,1.2119580400032,1.70029976235653,1.82836993272785,1.93111213836223
-0.0360400161667341,-0.0392466114950646,0.735804383457745,0.290641092116118,0.376504077868249,0.47422102172703,0.750249058109923,1.00240473663913,1.05582751683053,1.12793289246012
0.179543779237295,0.0659433779892349,0.129470940598592,-0.388953326297666,-0.328208889101049,-0.207060496236289,0.129810139389042,0.475970800452616,0.548838141950378,0.620725695266932
1.06368560973472,0.88586154775943,1.08265985211661,0.499099760171249,0.56473700507049,0.680873675352464,1.08860198095118,1.48116346938067,1.58610033795913,1.67052525405315
1.448697421098,1.45454584243239,0.363510662895444,-0.387989674971164,-0.295755115729329,-0.1676547959062,0.403322132368141,0.793006392108033,0.897382668668565,0.978866094024146
-0.139054777276413,-0.210187225830692,0.632165374198238,0.154220994094378,0.228890221644937,0.325732652426711,0.636159243213477,0.939665066117693,1.02556199362753,1.09573704622531
2.1135081158401,1.82249515811937,1.70206940890099,1.16832310600817,1.26965213646504,1.35302079040176,1.70079727621098,2.0410017729018,2.17864920221096,2.27490967643302
1.97852200785455,1.53913727979544,0.863418908319762,0.294591503972274,0.364995831216024,0.493257718308603,0.872332390428168,1.22121903814899,1.30633158905704,1.38282005920951
1.7417203199594,1.34993554350454,0.59792652158086,-0.0197196812199906,0.0651310249846944,0.186612150413626,0.601387410287254,0.988663007163814,1.08975293211078,1.18116963336007
0.0961820116248927,0.0963576355533668,1.07180518197842,0.573411006878586,0.67057882269199,0.757268826610037,1.0627766705149,1.40311584125438,1.50011841032726,1.55142030449915
0.671505317507602,0.463596734978995,1.6526761970558,1.10068201059664,1.19787093647136,1.3020623234403,1.65531027994062,2.01359948412049,2.10619233091659,2.20163342646925
1.72107309924074,1.9054145717032,1.07692885795324,0.573557608752371,0.637422742512218,0.735002607126867,1.08473121158052,1.40607893706314,1.49202656267556,1.55859172698126
0.214403302332272,0.294005977195851,2.11086279747266,1.57871089035158,1.69378271182302,1.79477940863145,2.12390230483404,2.38460461626277,2.45784308205726,2.51524689634454
0.978464413578229,1.14320901041713,0.586892637097892,0.107792640182211,0.178829465008849,0.254671252663701,0.59225438630499,0.902549104579491,1.01755519104328,1.08706944124034
2.07460015344272,2.16861848828861,-0.290883195865769,-0.914627785409288,-0.851825682853785,-0.728994751665518,-0.300990333857597,0.148407420091786,0.298836759579087,0.391870887715688
1.76795119743601,1.81152465387253,2.02734541170702,1.36401304632382,1.50351842904421,1.60625549503018,2.02802976680787,2.44753466184656,2.54408237149824,2.67558374399191
1.07521612459,1.42789589175652,0.848862295525396,0.200744819357966,0.29341416423653,0.440035160464218,0.85452149813757,1.25552161764732,1.40182728287194,1.51983906437808
0.37644300052853,0.197371358475185,0.238213052504027,-0.312208134912976,-0.210715941483799,-0.0995318184550869,0.249184033440684,0.553437470598458,0.664880056598406,0.743290370383024
1.98932414178137,1.96946106925391,2.36556374566531,1.82179170951493,1.90048402118114,2.00424926432563,2.35677168118276,2.74027587467192,2.83364234593413,2.93553288820697
0.941866051804716,1.25510420488469,0.92257163693532,0.362664569345217,0.465383361876889,0.586689082792005,0.91046580121588,1.27349057765703,1.38721086666727,1.47705326624563
0.971542018199447,1.0537788896911,-0.427049103575482,-1.04147059179391,-0.93078118939455,-0.833085106191925,-0.427755502105905,0.00396479667177371,0.104485837647696,0.198591906501564
0.418972268554635,0.352748176060098,1.15104367554778,0.647970400348163,0.724144321956138,0.81111664557295,1.14922759348565,1.49942112285013,1.59534046029741,1.68225298585286
2.26854327238798,2.29869732035384,1.22665192896072,0.678767909883705,0.766427259020587,0.851620728292311,1.23313443886345,1.58210995666219,1.68020115566377,1.74518733606831
0.512151609053604,0.779705096572775,1.5638111923545,1.0255533560262,1.11487776743396,1.19792896987554,1.5674865814274,1.93028227706981,2.05409537655751,2.13226937183078
0.424608478982178,0.213296550320986,1.52756772101048,0.872891676348485,0.993995792648835,1.11853496002524,1.53390113800958,1.92849244066959,2.04136155107758,2.12377722685806
1.10658013538352,1.13100208566117,1.25993680351798,0.659262654026855,0.735765714260938,0.890406647916099,1.27313164721302,1.61909031185953,1.73333028218806,1.81276194371074
1.44056683241428,1.64503850386705,0.392192363649574,-0.227066906079916,-0.0993759673587674,-0.00321830181268438,0.404027888194464,0.776783047656555,0.855540489857356,0.963310432379188
0.4768640233568,1.57839517465608,-0.115235032445289,-0.745210694790862,-0.631505215252478,-0.546138357308774,-0.133197252803338,0.346375564438338,0.458451131197243,0.618360585801377
1.69153101525741,1.87093580000762,0.608058455243177,0.038566813132525,0.121576299656723,0.216328026796415,0.61167782513463,0.982768469362355,1.07634839746482,1.15320854049077
-0.20550671739441,-0.211275551758819,2.08812240994986,1.59265834784715,1.68293995369828,1.78823433721549,2.10073708442928,2.37971774789428,2.44098016314486,2.49195408589181
0.697824814301076,0.4234359333224,1.91939852727673,1.44390572119326,1.50514858030249,1.5869624772761,1.91093450542385,2.26505439971314,2.36006762870639,2.4358426225661
0.944134257453553,0.857615356969277,0.679885650663004,0.180625207802046,0.249565873319656,0.330371869254607,0.678354414893351,1.03405813300533,1.10997399700112,1.17269951906991
1.10911190337038,0.48828943549939,0.905562262855908,0.0094406507545752,0.153115566723365,0.363458116600992,0.943270047249592,1.38747411920913,1.51004751291716,1.57564847321914
0.333993393280916,0.216946710393257,0.0922202587654299,-0.407513398010362,-0.319642679205371,-0.228396511211848,0.107579698452079,0.392860564355984,0.483525959177012,0.569482705826884
1.93786565130621,2.09362439177212,2.34915328791404,1.82310626649833,1.89479763949625,2.00568751690869,2.33023234735299,2.74537611096693,2.8572597465495,2.95613278033442
0.952912684875732,0.773892693475154,2.05810329804478,1.55913676222835,1.63617118457079,1.71832318325512,2.05173763454417,2.39445253648208,2.48487865732398,2.55682871619654
0.475780399345604,0.243280244566226,-0.332749592841995,-0.965628181496508,-0.851262406280406,-0.744559286836594,-0.318858960170064,0.0521030684262684,0.14138442558133,0.242398340732751
0.814174133320835,1.02510749221109,1.89396520455451,1.41863235783057,1.4868321717967,1.58110211894057,1.89300079712608,2.19792586433421,2.31066650868593,2.42823231032618
0.137996878849422,0.171883451427978,0.890813361231088,-0.115716693721737,0.0121950923836344,0.243133087380206,0.95981942521927,1.35025392733241,1.45328853280875,1.54923592180094
0.299337805959935,0.545530276429597,0.653573810869836,0.0121663897303846,0.090528693529837,0.238725684362779,0.66513461502344,1.06552490855907,1.15896399869133,1.24077193387159
0.392728225137975,0.415756234199079,0.716374213857608,0.277320263254032,0.35864814113358,0.446346352866022,0.712781217272443,1.00321737792434,1.08059774118987,1.14840993485251
0.800793375130975,0.914316778872954,0.855258446054693,0.429763356163633,0.494817457696615,0.564972296943468,0.850700451968924,1.13216860204573,1.22650446584593,1.32432243988706
1.36597504397144,1.13333565481408,1.03017534647245,0.341159803737126,0.479155254959236,0.590321831959232,1.03169200662824,1.46360022686432,1.59788437485132,1.73460989684357
1.55756795663037,1.67567205073151,0.833432379411255,0.283812028328907,0.354805319192878,0.457085794662845,0.822208790608318,1.23204538142811,1.34419851224518,1.41374487460081
1.37330695828665,1.5464938562626,1.64182988669715,0.729245301922061,0.829709185037747,0.954410012280453,1.67850817219361,2.30966894864453,2.50484990386194,2.59649603088785
1.11688886997425,1.75386257802722,1.76808200379678,1.07531371372676,1.16600741297669,1.30025223677548,1.76251352043449,2.23492332028347,2.36679986040426,2.49101845998991
-1.10421868227874,-1.04824681890568,0.69305832802678,0.252036924273532,0.316321237331453,0.397546561981126,0.687872453169142,0.981248254754786,1.05738139488326,1.13697237212611
0.639850529838026,0.784453700724084,0.218797483749862,-0.313849778336785,-0.222065467146047,-0.152682865253391,0.1977861447774,0.644829737905948,0.793218743785682,0.893254160661658
1.67442706115775,1.79838146402747,1.35713477695875,0.78822634164007,0.884708453861924,0.983436826168465,1.36909288374208,1.73227973235683,1.8514691352918,1.93786522674013
0.235531393857069,0.033441623384711,0.252491968171821,-0.323062044621452,-0.210946668251419,-0.112628969176844,0.240669605399405,0.638377152186874,0.731078847222398,0.860893692764672
0.895739032816264,0.758452471577171,2.56565107689281,1.97870665884046,2.10333368496348,2.21394567410418,2.55066900231838,2.96822803706095,3.07116761981315,3.17000395282029
1.96073699290783,1.48938324227031,1.82131671192808,1.02004516142217,1.11842226378694,1.26587524440476,1.81279626844314,2.35596808644398,2.47291547283168,2.5962475122123
1.61325614510591,1.19112428333898,1.02942299508158,0.497422308701334,0.587475869984751,0.67444296501258,1.03600344468044,1.3763270249746,1.45897063760174,1.5470636651012
1.61849229721514,1.07750530056986,1.37665971492618,0.788795704088202,0.886271035209923,0.976546251823672,1.38496130230131,1.75766727149942,1.86936587384073,1.94752283177518
1.43197925870847,1.67800091222405,1.77401862152839,1.19179973499323,1.28886270835985,1.37325259337675,1.77539014933875,2.17212853785579,2.28565281684876,2.38052516574701
0.609351864124298,0.677801785978782,0.727665673949902,0.119421890914127,0.225778945263071,0.323887598348747,0.747925880366549,1.10736432082135,1.23307008077032,1.33408620696195
1.26692907893397,1.64598445036332,0.367494370961107,-0.268404596900084,-0.177223439808817,-0.0799170677768183,0.34087863735191,0.837236827766372,1.08482041564795,1.22526161660027
0.954009211992997,0.544886682459999,1.42078015774627,0.728430747449608,0.850199385698359,1.00697654579541,1.4488657213044,1.79238269243397,1.88570653298149,1.94908390004639
0.441789824992684,0.260251003102214,-0.155648086838227,-0.711111499124793,-0.624564333167984,-0.549665894635812,-0.150815036410401,0.214356719752175,0.318717967492259,0.416664985048134
1.53506814459413,1.65333531774471,0.965063382166923,0.491233788069959,0.544888783281368,0.608145856834649,0.967440472461337,1.31587822163401,1.40531963857861,1.49159233031812
1.03641082815892,0.582570510811485,0.577892061885302,0.00833584487139852,0.0852989625736062,0.179008641919025,0.58189045447648,0.961584468365239,1.0659341597798,1.16982039276399
1.1775142249065,1.03919832636009,0.136707681779404,-0.519608975815796,-0.418250688558052,-0.297217535695644,0.153650848473572,0.549220954488012,0.666260917240132,0.757428501389423
1.27603684581691,1.29254298776359,-1.26589370271806,-1.8247530768783,-1.73864556816347,-1.65152546874938,-1.26907899013618,-0.884760477278829,-0.764423950939902,-0.668852033011814
0.527813084256045,0.274223782786733,1.35055461689171,0.775339264535437,0.870027158292908,0.971175652591898,1.35115014177505,1.73741022530283,1.84794992168809,1.90111179676328
2.20584792633687,2.16525424609129,-0.110625902742062,-0.625666056981198,-0.547765981246614,-0.465626300514695,-0.10300002658209,0.247924562915349,0.324182087084031,0.403220504488184
1.4138150862936,1.35694967138748,0.251200697344365,-0.232330578767837,-0.14479850264978,-0.0643251359992173,0.249754503050432,0.569836028305943,0.653944878278638,0.699625706541409
0.00929996248272353,0.132837749542221,1.50045601739455,0.981813518312184,1.07542171823416,1.17684956721993,1.5122963128872,1.80706629467985,1.8828053244492,1.95176356880199
0.448714667501551,-0.10816763635162,2.2227025300703,1.68283144350796,1.74147612171179,1.83395704487713,2.21487221632869,2.6094332561033,2.69728178693567,2.79582924183536
0.977685861823787,1.23621006982239,2.62862505644154,2.16633726683009,2.23343366419761,2.32782540679019,2.62504447939148,2.92950932446507,3.00984890416583,3.08654441161266
0.22377537270064,0.409888775227126,-0.367584257987445,-1.20254306727769,-1.04032391395631,-0.889293172773849,-0.322801990969199,0.0870784470913537,0.181918330577274,0.293163914234123
1.43753795309827,1.57799129996337,-0.416292424649721,-1.01751858116266,-0.955691133832577,-0.856582579007175,-0.423222362235909,0.0567440456333516,0.218390380336588,0.271008958258859
1.14795225350542,1.06222217782272,1.17554937530742,0.4730472770841,0.557187551813959,0.688743863057214,1.20637441621577,1.59775968211339,1.69416138620329,1.77159512096586
0.613675412686603,0.326416303136913,0.891296492529204,0.333085553367026,0.403653708583617,0.493768087660299,0.900430421550656,1.27581914022877,1.38215564498584,1.50324432377459
0.672880454105231,0.760229885890406,0.70795629777033,-0.262360672756553,-0.109409391696768,0.113235597061856,0.768765172534356,1.17246940553017,1.29255721361922,1.38509634395694
1.11919004120521,1.28523920818562,0.637167188351903,-0.0119958839376761,0.0717043695638332,0.187954135706966,0.631240086317297,1.09683227610688,1.22722597468862,1.29383211689757
0.950713880748201,0.639852478936394,0.1620351042106,-0.392580707062482,-0.274526995872605,-0.178192368434137,0.171830079326341,0.497841066886751,0.601864302668567,0.701852983428713
0.536627115351898,0.345180611981992,1.32080257406012,0.801786616946301,0.880210166306983,0.991273901232068,1.31617784153906,1.65231863395142,1.73858953136412,1.8489530532491
0.82810436479019,0.601465034635445,0.64874526436531,0.0204767258555635,0.115688045904878,0.221968284404062,0.65673212958135,1.05864097584116,1.16377401207384,1.26216421586129
0.858661670319172,0.83597196347655,1.51856943804049,0.943035270855962,1.01303053496143,1.10780532976695,1.5060766416978,1.9608323307207,2.07706648076302,2.21167215056237
1.36232158902286,1.05887608251032,1.29492615957781,0.730782468123315,0.804315738587815,0.890667021786404,1.29634698317034,1.69307444879618,1.79566239142715,1.89637849769652
1.34123649143425,0.929976848532479,0.930960581306824,0.151173582553367,0.256892777607771,0.388595565075424,0.924343675999255,1.43481994710479,1.67744981248336,1.84563567021231
1.75796363739367,2.32433691193766,0.986075745851539,0.389378185300641,0.472994039694259,0.585997724521857,0.967734349142853,1.41366388230279,1.53783890839862,1.63972877475323
0.803376805896845,0.886093219037769,0.869162867047849,0.291990133436691,0.392700704139886,0.479925796226451,0.87238332279822,1.25022301150025,1.34906881255392,1.41189081770639
0.92690166551876,0.354425793431655,0.946050738168321,0.456056378828726,0.5405692480171,0.611634866191461,0.936200830767638,1.2764106226284,1.37169042068897,1.43710277379943
0.838441617375714,1.2483326846258,0.714039691543505,0.233808055848198,0.304785452019713,0.390268677586198,0.719559696416329,1.02824393014798,1.13489336225865,1.22068108434713
0.413845585343159,0.825895163817916,0.966237966935466,0.390451395846466,0.458694202888724,0.556593209314136,0.947654017818044,1.40328141670587,1.50457375077197,1.59776475194206
-0.215955513406012,0.0531853756329245,0.333414657265421,-0.191183212362785,-0.113076785349479,-0.010734062083122,0.33419399855038,0.67276778551021,0.760989937242785,0.86969625033203
1.15654237959842,1.26777004533324,-1.00729577989617,-1.63197111141674,-1.5062534592521,-1.40390169170949,-0.99994471323253,-0.627019439281664,-0.465567643892792,-0.398267673432935
1.09364731594009,0.99922152678358,-0.380119130638999,-0.941833604837879,-0.844679909957211,-0.762040763754324,-0.374761627758496,-0.0274622357786158,0.0829421354628437,0.182092983335406
0.616652006907641,0.567559623552692,0.749053931127278,0.186114856628058,0.272030007508906,0.364669419746858,0.746053310363747,1.12061700735154,1.22050437463269,1.37529589242808
2.26160847067279,2.13362748238576,0.369790464348902,-0.283549532131233,-0.210465231893671,-0.0766910878216688,0.357467655042777,0.832082455475387,0.950431817483249,1.05693090727068
0.443728016726164,0.80245629782174,1.17872387102903,0.522635863553471,0.600313758176915,0.722562343779081,1.19348561598093,1.61633942013356,1.71909900577599,1.79594361717005
-0.777055678017989,-0.97830557560054,-0.218062475306359,-0.788449119073062,-0.697887732797858,-0.598822405906961,-0.234620686648845,0.176123442882223,0.309160355234609,0.421538774770356
1.4605693135024,1.38560941840878,-0.29696491965739,-1.08833835895793,-0.936345071972923,-0.798167668125557,-0.292223458321352,0.211206953169222,0.323687021965437,0.416593052763582
1.36571514251142,1.41257380989144,0.881360771916009,0.439675614538116,0.511159395390365,0.586943905513628,0.869613173159817,1.18722404069147,1.28238361491974,1.39588764792339
0.968017768658832,0.977553414761881,1.51301038501163,0.874180447557875,1.00037630034908,1.08406135067622,1.49962185052798,1.96216662156773,2.07526412701009,2.19551735249837
0.904596184287237,0.878076293724409,2.50574948803971,1.87908274505324,1.96242808479724,2.08433581723909,2.54824619526429,2.86138007625629,2.9139607349333,2.96976348277704
1.01368234930319,1.26224115073792,0.771018635614504,0.0288505145365927,0.127347325729959,0.261639357854548,0.784589404175688,1.23242926305826,1.32357849019174,1.4035816139718
1.77405768539271,2.01352524995597,0.695105877134772,0.165303481744502,0.223601405488227,0.322907581027899,0.697583517652715,1.04891460960696,1.16248903357535,1.2475451847495
0.93483404222731,0.870624826875971,2.54463934858936,1.87021961933899,1.9890939166607,2.06871766759045,2.55075491400156,3.01810069520755,3.13491345767422,3.2118684276654
0.874705032536592,0.488461614781989,1.20476684058715,0.523549765130193,0.624442550232879,0.770005633692772,1.21025316485817,1.63363772187628,1.75249426966262,1.84661482879121
1.17327811270947,0.741667323392303,0.0177311923675071,-0.455327053333191,-0.393883241686178,-0.305343938775498,0.0144670043528389,0.33603849085377,0.436125929692081,0.535392488856173
0.459555799965794,0.843175096605344,0.298807191335347,-0.296183623819106,-0.179757622489432,-0.0814082324508562,0.284854199941611,0.707598310539115,0.832723734351151,0.907195487412341
0.126208958179769,-0.0645310928267988,0.303759214481973,-0.413489291018294,-0.348568653901308,-0.226517646894793,0.361228972976438,0.736187325115363,0.847964120094174,0.905617758000078
1.64152680509472,1.18269348683949,0.935321311352507,0.330547788576124,0.404001198393404,0.524745839122808,0.923461588386969,1.335337396734,1.45762101260728,1.55725028155288
1.99868715424478,2.565106282362,1.12897817501204,0.185135921643256,0.304621083689427,0.453519825534282,1.06780333349785,1.89240509564146,2.22128296599947,2.48668270260669
-0.859628840971007,-0.755339367249291,0.322501648728579,-0.0448330777229543,-0.00352760865535418,0.0546401059391279,0.312104988013072,0.606902843648447,0.665007238859128,0.72511837003546
1.08241059586504,1.17664923835456,0.937410444555374,0.382726718200555,0.473713925555252,0.570454827816543,0.91739121672036,1.32178131933972,1.43801859620536,1.5650638884924
0.0954146801339554,0.105417082688846,0.376371704756628,-0.0871117931997774,-0.0146153702539415,0.0750122229963007,0.386691652505216,0.679797500478019,0.75584279306071,0.834798316253477
1.44760534793568,1.3296450269049,2.33556325311226,1.67765410219569,1.8036116802516,1.95069618297983,2.32295547195696,2.75904375765125,2.86441553145732,2.97577862144842
0.891690806780616,0.861351066892709,3.18103305834484,2.49987702097407,2.65649542340793,2.76591201991955,3.19533167111526,3.58582238490341,3.67153509109809,3.73225463791415
-0.544672443805447,-0.383753574374805,-0.0205708976505038,-0.52224747301975,-0.431022510869234,-0.330952420652312,-0.018213741648349,0.305550397729878,0.409513167732994,0.492000442241108
0.979727989162713,0.662689390805295,1.14161423768742,0.65305985938821,0.732162924590501,0.818339463941858,1.15685791603937,1.42588000553276,1.49880406873668,1.56038224787625
-0.0604990936881023,-0.00611034671490734,1.26932505219716,0.558343660410905,0.68815319796455,0.789088399885521,1.24675692101476,1.78020305676947,1.91821517711124,2.07168912278927
1.85874971982043,1.18172479577878,0.0922698046779526,-0.498287091060508,-0.388262636186709,-0.265666536998933,0.0982224815520268,0.455683913096714,0.553579800296805,0.619670498059208
-0.103494230177282,0.200474858935666,0.499326107506399,-0.0641971539308878,0.0165238997628447,0.108296580599817,0.492354743410975,0.896854520153108,0.979129165505174,1.09622018775505
-0.940004305685378,-0.836851793252118,-0.0165792162619502,-0.457121844841188,-0.406108246913863,-0.315297679044375,-0.0263901772679386,0.300957268072845,0.370348390036724,0.454473153894292
2.13816894852284,1.76683845565189,1.12227638345916,0.470331909634333,0.587445576737552,0.721828218454458,1.12659991645959,1.53539157896482,1.6804087090031,1.74007257382099
0.583837242616107,0.656543057253284,0.657795774285815,0.0922781909947044,0.183428637432438,0.278152606474839,0.66670194824818,1.04649293464634,1.14047396602911,1.23942804028778
0.589873238842365,0.586365772607228,1.53131665223841,0.586843706173376,0.705550534002782,0.887224938223171,1.58838046704352,2.06650716947311,2.18193488228792,2.27244971570974
1.01476888633157,1.34420870650997,1.11182850048326,0.575917893556022,0.66815340522539,0.754129847494798,1.09758742052199,1.47958158310717,1.57741393601573,1.67488060080361
1.90105649981179,1.61597693845716,1.5284104684672,1.07606642028949,1.12812240726728,1.20860899368207,1.52791569706415,1.85049756400504,1.95427888254158,2.03186218194474
0.491711299581825,0.442585040108216,1.08979201226141,0.118791750411937,0.229930883494263,0.346267243878171,1.16241866953796,1.61717826858709,1.74155980169003,1.85918422321803
0.99337131224421,1.04410923972688,-0.145586992301811,-0.66342477773838,-0.571931987235879,-0.484685836484442,-0.135536943944121,0.185054305185118,0.278614149231897,0.365500573924019
0.77904893243298,0.193639144663378,1.99627761056969,1.42446596424658,1.52882295394476,1.65103063073853,2.00932387940178,2.32744999668237,2.4237262535944,2.47505844038304
1.19042359170634,0.874735587451596,2.17294725240445,1.65442248345626,1.73100019948171,1.82658344701975,2.17790010413924,2.50078084578342,2.60867837783301,2.68367337824029
0.546695752458171,0.946956036594393,0.902013517085133,0.161641415187156,0.276301075744137,0.416936851232266,0.928074102696251,1.34418025211908,1.45877469144714,1.53136863618937
-0.79459168531079,-0.333976506989446,-0.722696581690272,-1.20627878840494,-1.13340384571458,-1.04336700012568,-0.740360596299639,-0.359340259808687,-0.241221561924784,-0.123235849831561
1.17122709429201,0.999664630634281,0.743236560816026,0.21592175026609,0.282784753924322,0.386818443665784,0.731784512450525,1.1158748199798,1.21168656785779,1.3150769025062
1.8699718980151,1.54261418904041,2.15355076260294,1.59761049368704,1.68473589877151,1.79280684820553,2.15103587652303,2.51328295677749,2.60732953209202,2.6695682539035
0.955988954258942,0.661239254174923,1.00582193356632,0.207932959060555,0.375817770209645,0.520953474306737,0.994104062422842,1.56311973515165,1.66571870997237,1.76921892236127
1.26130086384255,1.35728222049938,1.96342019100572,1.37463502790363,1.47113674500719,1.57722383814663,1.97864054517655,2.3234933427072,2.40748381309963,2.5271777480528
-0.350577065522922,-0.516232165633787,1.00253472728844,0.483862224830846,0.551142996233103,0.655737424445202,0.996910279346791,1.35860372811526,1.43400569897893,1.50090330577775
1.73122377083268,1.52081356124632,1.11683710159577,0.429759931603634,0.52251079552421,0.653789439002427,1.11755103289332,1.56346128278917,1.69321757437917,1.79079608395771
1.10855564624446,1.4034769641213,0.389834025661206,-0.455318093886146,-0.273653634654757,-0.106568399928983,0.371338375343693,0.956602419771287,1.10276115086714,1.22517942020267
0.992582558152146,1.33890241577501,1.07930656597492,0.414179745716956,0.500007680808884,0.629616285928649,1.08871890673229,1.49470954462273,1.61979261368174,1.74466654183141
0.650218371685187,0.461898414252784,1.823999299562,1.02065261648005,1.19390448693294,1.32077713588401,1.86833380908187,2.26347937066651,2.34188468714789,2.42922049601765
1.59973455641857,1.3994201878879,-0.443868954033484,-1.04620623484453,-0.946128476607239,-0.853751719177462,-0.421282980405598,-0.0797065776240263,0.0336702404025396,0.136067790886581
0.741059489039573,0.820476461482859,0.480950172357074,-0.120435112211962,-0.0298910765004746,0.0601863847964008,0.467393624420117,0.907262890590269,1.07353615578752,1.19102761558374
-0.831278647361296,-0.458115120417218,-0.0386493514055564,-0.533994653940672,-0.454828333030522,-0.367399655449826,-0.0425596481528586,0.288920235688256,0.410043306810134,0.507622944551792
0.523555359369205,0.584669174432413,0.62822602565037,0.112431055357006,0.167546317015252,0.266585041002765,0.641305482080927,0.97284987805231,1.06587172139568,1.1405587753729
0.666148698389501,0.731937551617406,-1.35190543132092,-2.01799756841723,-1.91729863176207,-1.78285860693627,-1.3425231458481,-0.928848704064302,-0.798762690633186,-0.706851524538571
1.62666295860661,1.74394710951114,2.57373358402522,1.87350062600496,1.95008866064892,2.11810951931126,2.59302754539828,3.02300339674215,3.12468326224896,3.19260912344669
0.134910940934104,0.270530183562299,-1.12725551152262,-1.65068490310122,-1.59640444540123,-1.50694076162565,-1.14535408605819,-0.731547687903919,-0.610123795226107,-0.515101825272448
0.113095512980668,-0.120715374843528,-0.30815471540124,-0.918184855295154,-0.818947585992311,-0.731113342433766,-0.327149535157125,0.14371856563808,0.254209780295027,0.352783477571139
1.33717380949514,1.42363624032915,0.944879739860497,0.293002615623356,0.384320007659341,0.512068699721132,0.940972894567649,1.38784988434048,1.49030755393344,1.60177347663058
0.723535946087746,1.08841092253721,0.438361008946036,0.040274080824866,0.0821306520543023,0.147395640431298,0.434205334068224,0.739731561114619,0.832772905536692,0.911428624708847
0.313202098611074,0.163333040139573,0.868992331401038,0.176206397123749,0.28597019312952,0.398580779069521,0.87676722101998,1.30113507954878,1.39949377729471,1.49243896418778
0.873720454759001,0.578759470517453,1.613024427152,1.12040790196213,1.18074304932432,1.26924701297819,1.62386474870659,1.93044307845148,2.02064699688052,2.08224758162202
1.54329503004875,1.11706957514921,-0.140936596876322,-0.818826747401149,-0.725169455057449,-0.584029783767371,-0.184143020625268,0.368901467659942,0.523561811761943,0.755923694676326
2.1823225986184,1.88601968699416,1.05588862508227,0.456269157294055,0.581481643729041,0.672590957438051,1.05849157929602,1.46235746549806,1.5586820427091,1.61138645700854
0.559624524963078,0.78964149511333,0.118203224210187,-0.32653539953541,-0.256858975208311,-0.185675267478706,0.111072883692771,0.434592292719786,0.524906124228408,0.622168539539223
0.757023468649437,1.51927489122041,0.698046241642242,0.091966113244257,0.180939394373859,0.322475819760454,0.703273968176116,1.05725481783491,1.18521310918404,1.26360373820352
0.773525996316213,1.3720554926818,1.60953818657976,0.687203036696944,0.812922372737567,1.01906010127483,1.66394063234647,2.07003231047177,2.16887451217881,2.24538246125734
1.44362539463236,1.73241170061083,0.72694114346082,0.155705902608766,0.221647168221392,0.346675220517593,0.722689461825697,1.10051052699662,1.19434327497908,1.32742402075049
1.34528475763394,1.43078282058525,1.52619166669165,0.859471109964555,0.953797188268044,1.07033495361426,1.51150622052849,1.98034477262945,2.14158033372772,2.2410218432735
0.553312721202441,0.321066488958325,1.99891172906625,1.14757692036119,1.27006026576896,1.44397530384115,2.04750800366397,2.41877563777556,2.52191028928296,2.60340398132856
1.77001571364299,1.95324204035051,0.843241924452681,0.305809336045439,0.374005206228467,0.455848730302294,0.82601321308708,1.23979668285723,1.35819685735175,1.45920407313195
1.03995299280097,1.06201043329962,0.559830261373449,0.0663189711235098,0.133771331825978,0.22785977795094,0.542652843189015,0.919283218762651,1.02263635500481,1.0883460370598
0.467367271901829,1.1609067915882,0.983784123276989,0.39960803546946,0.515805060472773,0.623994013035686,0.983365586788885,1.3590101305042,1.44678944768819,1.54964869815364
2.0272474277627,2.4286558836415,1.04530605061237,0.40051651425199,0.492863492039489,0.609245919344676,1.06061410443867,1.46284366589156,1.55723425252648,1.63338627393607
1.08587416895822,0.944010801884701,0.102060906503402,-0.637343271323397,-0.510148433701405,-0.354750034686418,0.134688990661501,0.526001707844839,0.625474007074784,0.694654287579282
1.61933608288297,1.86644705917508,1.76980673267445,1.21465312226032,1.29343232659125,1.37705795219762,1.77108158037403,2.1323305004284,2.23497135616365,2.35949523803511
1.41167152443269,0.690747196617533,1.65810539098389,1.00258444815292,1.09004116979764,1.19867302594649,1.66564329137431,2.09271648687673,2.2015954473611,2.31122153186089
0.660650274445205,0.519527506004034,0.559180694313136,-0.0916219731118807,0.0255500803390901,0.1377009988348,0.545517570475168,0.979638834332072,1.08525594130015,1.1913280008376
1.56898294063014,1.40756782680476,0.789934117143209,0.188828789634596,0.263236621825385,0.360641251798824,0.796117615132918,1.21599677237938,1.30580064901283,1.40474492574426
0.651422477717762,0.487345660207726,0.979267264552504,0.347976935304545,0.452036403396181,0.579073893534889,0.983576883858761,1.3694378642953,1.49886116785541,1.58767716231674
1.17509114283479,0.880827029062246,1.48898112302995,0.920723062278983,1.04613949336995,1.10889492001189,1.48045097229474,1.86689637305766,1.95225380679626,2.04543072032433
0.317182769795835,0.352370708571445,0.809472710978404,0.162017867472366,0.25499650580961,0.370698800419153,0.808057444869203,1.26917992994457,1.36022573040461,1.44694761520806
1.0167221765127,1.13461753431622,1.58401574869268,1.01850090660408,1.09505673065132,1.18751494531558,1.59512591708427,1.96209729967446,2.08026078501889,2.16988694529729
2.14042233271411,3.22628143782098,1.67583522781294,1.12292595708282,1.18889688055539,1.27809539931432,1.65258971419738,2.09645277855096,2.24937538922022,2.37331456384514
1.00590123444477,1.1257294347217,0.760769216447868,0.357613964646049,0.416733725351715,0.482486794326024,0.757147282504422,1.05199824553032,1.13053215116768,1.22188067676777
-0.286613176922917,-0.413486765985264,0.810631303784899,0.0941087080964023,0.176879695312593,0.302985132714009,0.829348289013356,1.26859568773961,1.38185369564094,1.47093411914149
0.19094251235093,0.379626470976871,1.56970320485394,1.00535374188518,1.08958299945157,1.21175534097636,1.58188554388633,1.94095727876777,2.0492594198018,2.1235524672128
1.96339660798026,1.82324967412504,1.10646342254837,0.538083999520245,0.628564940727393,0.719833121111609,1.1003235729046,1.50487320975795,1.65754796593813,1.75840557996504
1.14165106663539,1.02424536123907,1.4414515073136,0.905794331599195,1.00382758642909,1.09406138221859,1.44024881234095,1.79521492769662,1.88904404273175,2.00395182074465
0.813372721510917,0.549714452849971,0.242804199910553,-0.231854364901905,-0.16917829831772,-0.0791748122466126,0.240347964325922,0.578859008132404,0.697649480230967,0.778755958386319
1.57353580983068,1.91165326329657,1.31639852566569,0.532926975517598,0.614710809273641,0.752667345753132,1.29924391842039,1.86398464443711,2.05729769212438,2.16658858947898
1.72473447947184,1.77931923636773,0.407859613203547,-0.268794172054168,-0.149062680573681,-0.0327838935759,0.419624405735629,0.816473357631716,0.939510792192077,1.08219269394683
0.71710543803239,0.560344032892454,1.7060212423874,1.17401063126218,1.27238579667083,1.34856495345541,1.71645687696541,2.06521643831769,2.15136291025768,2.23390001854371
1.00870222325825,1.0563981805528,0.453325818653639,-0.0647678128324958,0.0121528064605492,0.102681254502356,0.453583265363423,0.808716716250673,0.900370632243334,0.977680599342469
0.94815104303877,1.06261817654643,2.7788828613712,1.93386226760556,2.1168910459844,2.30900335514131,2.80843922643691,3.23185317186948,3.33432209116881,3.46873908978366
2.62684864876667,2.7076760896769,-0.858762608929353,-1.37301958289347,-1.30759367251661,-1.19908968437258,-0.886646883042324,-0.450990873016505,-0.320691031765875,-0.228575713225705
0.667259704466487,0.908608523557663,1.04503579540158,0.573827329354139,0.634677546935372,0.722325601105743,1.03266363431892,1.39789379200042,1.5073843002907,1.59896654101318
1.56287690718353,2.00591637163245,1.0252789957397,0.389274269849931,0.479510353286344,0.55322091615011,1.02320788212185,1.47765624469788,1.64122191446411,1.75096993490458
-0.220273335148198,-0.220748753689673,0.206365835881518,-0.187650979866941,-0.11945812750917,-0.056772405288514,0.20006794199032,0.500088406247537,0.562349445769107,0.622531754608115
1.07181385487709,0.93662439552576,1.39993984049623,0.890747857593196,0.960883546166168,1.05590004228341,1.40844444791374,1.72425266310979,1.80304509707076,1.90381651659057
1.28234893658254,1.3709355401155,1.07395497733874,0.641877885167535,0.713926926351773,0.791357563532812,1.07620042382701,1.34354088523605,1.42162874981527,1.47552182073412
1.51390405437321,1.12586143763957,0.944266510447532,0.4192213081964,0.500619701689409,0.572765435882689,0.933846697990643,1.34480351863493,1.45557424235589,1.54064540132456
1.0847835568384,1.09122424584532,1.52076839289776,0.916702856698152,1.04133537827844,1.17850192878794,1.52227200896184,1.8627817151468,1.94556443753159,2.04715269039511
1.480080738102,1.75178148986351,1.37867202407753,0.950365975402764,1.01123798121106,1.08042962738657,1.39038036972331,1.65508294120011,1.72511022372033,1.81990193491235
0.90950157840345,0.741010229382278,1.31291548089154,0.765141976021024,0.827301756996042,0.928553467400751,1.3065317958378,1.68669665433084,1.78315320195422,1.8873591894368
0.938276152305695,0.809584562142118,1.06871750237986,0.522856728985101,0.63595139796834,0.721281152172374,1.07374567450089,1.41616581732206,1.52041393044383,1.60525697368688
1.1781768891433,0.777007621599097,0.73375411408455,0.275232388864083,0.339946202006966,0.418625480326759,0.735954516584307,1.04707897650916,1.14036893279671,1.21466003890592
0.054142046907427,0.090051941587052,1.78026253823777,1.04622498855996,1.14620038038232,1.26433283265642,1.81822227787371,2.2028373574971,2.29072630411473,2.39176997464291
0.0319887821322681,-0.135082582404359,0.557249398753181,0.109173555609815,0.174505011399965,0.249516736985938,0.560174325064601,0.878688998735383,0.968879805574084,1.04564458316414
2.38495020216092,2.68733394090696,2.56841229244029,1.9542216571402,2.03583207863832,2.15633855037334,2.56216744555678,2.98737115341048,3.09705153989375,3.21958909100684
0.258321040341507,0.3328736515407,1.56316182437988,0.893233493240098,1.00203717017098,1.1552225714632,1.5713929968669,1.95293644432832,2.04637500309195,2.15346089629853
0.902269151200885,1.09341253836247,1.42773752658412,0.941568764579751,0.998703959872834,1.10019952699913,1.43323070278655,1.74816501123902,1.84615720571665,1.92488021673459
0.0224715293745755,-0.0110444615012707,1.32151029049819,0.718503941354498,0.812992538244471,0.949341933338198,1.32545218260376,1.68835741816856,1.78876241195566,1.89562751685171
2.04741025254522,2.03703179061915,1.60253013022853,1.05687355406465,1.12034420530068,1.22501093595178,1.5993119753475,2.00917137491508,2.10129130747586,2.17476633791572
1.04196355692721,1.41073749802202,0.72395252905239,0.1003814281208,0.191880920613565,0.295876859356799,0.718880150494662,1.14366472909912,1.24739443874863,1.3699084650701
1.38575487016722,1.50254733129625,0.870928407174723,0.259383265313686,0.331892239368717,0.454790385297209,0.841195083235599,1.3159658509152,1.45261801679269,1.57127542001059
1.52609413378169,1.29684345485465,1.6973846484563,1.21291230334422,1.27573540099681,1.34256898171314,1.69987849952028,2.04915675605193,2.13344843990623,2.21460191630778
0.810938386295625,0.799327543376437,1.8478880368859,1.27243790187207,1.36329738847416,1.49504609474262,1.8432035892083,2.23608993589799,2.32974363566088,2.3992491142359
0.692969016767265,0.761123589765241,0.0163171331587375,-0.488454583509894,-0.420800343942426,-0.324918681046575,0.0111368827124729,0.360295879803492,0.481041224962667,0.55948891824193
1.67175563064385,1.80908506129261,0.0882335402005038,-0.477848087845437,-0.376598980659332,-0.284260684223927,0.0831725646236282,0.453922348080995,0.557461031952427,0.643359449062665
1.46597815429562,1.54667266967471,2.10867387963364,1.31252327229915,1.4603710888058,1.58237607434429,2.16137835110575,2.52837477448416,2.61495213814047,2.71663106060535
0.36525166175637,0.365246499678704,1.30460723716099,0.726147910134663,0.793425366047854,0.904177515670984,1.30013347172326,1.70636535855747,1.79772873827242,1.89105544550279
0.600841754645668,0.561827878196482,2.03224047306932,1.23966576181999,1.38062220924513,1.53548884743024,2.0603784943778,2.47062094195425,2.56726931778147,2.6875419906847
1.80304718189663,1.71728157593517,-0.15567658203958,-0.608970659100053,-0.568727568470369,-0.480513542960429,-0.154525558434319,0.145279388339296,0.237399347062377,0.306229741440657
1.30242246705924,1.06119922260538,1.00757951243379,0.469660217394322,0.576261724156581,0.662663543669625,0.994040546092924,1.37827323608665,1.4841107620742,1.58872892888169
2.09491729318196,2.11847803713902,0.555749946799038,0.0122056321645558,0.0940293173589159,0.187624107692199,0.554566859189401,0.942912772199175,1.0378029909104,1.12076390736482
1.92124275997347,1.76543395732642,0.611779283644538,0.106014766875991,0.160706421749243,0.247730232742489,0.600246091948879,1.0165323124683,1.10877506065556,1.1758746429815
0.517052768952951,0.467095711173398,0.893591114831796,0.385123470518113,0.45184008480362,0.552056848620816,0.892108916305939,1.22410759663302,1.31709640722241,1.4055462241735
1.41028373023398,1.3912032712605,1.00858058673013,0.28221658664511,0.381044793326165,0.532432392990927,1.01558331189107,1.46128645433749,1.59876265413547,1.67248741407914
1.16662142622859,1.63341323580017,1.78295257104843,1.27971248045845,1.3348275723089,1.42373276150937,1.76856543463684,2.16145578618392,2.26768406072547,2.36235267952691
0.340974637890834,1.19470136808995,1.49426277604507,0.996509625767329,1.07976406902599,1.16950906088957,1.49810495372528,1.80924750884713,1.87990161315491,1.98993805429047
1.30325081834866,1.05674900878334,0.288270891276703,-0.156998846323083,-0.096781113885811,-0.0190494578230779,0.285381475758776,0.606853233070491,0.672211660435744,0.744382010368662
1.51160862679013,1.11448562866777,0.69313053014014,0.174219515077821,0.239487919503505,0.334463164865322,0.687721781713352,1.0608847661454,1.1635995516896,1.2535186231656
0.866487099574543,0.503721075794577,1.72620838960564,1.03206491801153,1.08776985329679,1.19745507197768,1.67548750692408,2.28053638318778,2.42004428305312,2.50784007606723
1.12722341935544,1.18978301618202,-0.69386491884633,-1.23051886465474,-1.14049863386112,-1.05831845131267,-0.688870143987052,-0.345257682217228,-0.237606968634334,-0.153519122648785
0.467324159810321,0.950127400855063,0.820887561402806,0.253886948049266,0.33707825735907,0.447383787564979,0.806424848704022,1.2244627923498,1.35912384704552,1.43370624490026
0.587036471756175,0.450835835132467,-0.155363119817694,-0.75476529700973,-0.655221679232103,-0.549677649199859,-0.177742463003822,0.271191166235421,0.434400765117386,0.553388335851303
1.02328501328765,0.582418277505491,0.457556555465563,-0.00916505699722349,0.0615306337035027,0.154677360300718,0.455241324223267,0.75282114134498,0.856590182949408,0.937471464023947
-0.0985198989880437,-0.254622687279776,1.1923230406221,0.715887026200604,0.780142885886076,0.877432277524444,1.19223825235365,1.53095044873054,1.6137294397992,1.6943290133449
1.05750337570283,1.20381832132683,-0.130808019116664,-0.788180241086653,-0.695002972249106,-0.608705694618918,-0.154126351422999,0.353587362874461,0.497680890412249,0.655460130921765
0.391263933111742,0.177196522109063,0.469389190528509,-0.0673587683444119,0.00316275287620404,0.114794700113981,0.463365464727432,0.840808776294973,0.949318296575163,1.03586488222571
-0.284730418125145,-0.100757375079462,0.709954561138249,0.180439249447287,0.258007310545421,0.368722387812552,0.710583227603189,1.05728219710887,1.13479352331607,1.25884212700159
1.47849667492476,1.34789672676582,1.60705224620924,1.06122922560747,1.1298013925402,1.25200681218301,1.6055405717947,1.96719837135038,2.07632454970872,2.1416112284911
0.50083673575173,1.00272631017096,1.06299516052265,0.568250597209326,0.651231639895057,0.725687152719156,1.05496160464927,1.41097329188563,1.50777223274339,1.59758634554263
0.777865314431231,0.809593800819818,-0.298834496047122,-0.745073254334934,-0.667763759980721,-0.579616704835479,-0.300062554777154,-0.00604925267638882,0.0599247130405975,0.160228805677922
0.816158908489772,1.14861701804853,0.0603598668822383,-0.578060171236768,-0.468926627217071,-0.33458492904868,0.0617155637725631,0.475050330711166,0.630135482977971,0.724209441038601
1.66494320420143,2.13785868194387,1.54748915764467,0.962369164316178,1.04312082711181,1.13490934669216,1.5632819722336,1.93193083224896,2.04711719216686,2.10791649711415
1.03174062242903,0.905999706030687,-0.0654151698010268,-0.582490430454891,-0.514946824525834,-0.405288982421788,-0.0774762675877202,0.305689846647859,0.416777622226455,0.504599847609421
1.29812476572406,0.858628348253945,1.56205676575496,0.837039347517583,0.997829482589551,1.18071608778859,1.58662978957176,1.90327573819587,1.99737237607856,2.04491376170846
1.28270627239937,1.70732934636551,1.24700691411386,0.726606932992587,0.796387557531915,0.888200431073761,1.22544045719618,1.62582473834388,1.71806417408555,1.80327568564859
1.31995260313523,1.54014728295443,-0.350581799730856,-0.928250973541385,-0.847233732596957,-0.748298805777623,-0.365920104575303,0.054739259339958,0.185854706058285,0.286256320149552
0.263595830371044,0.326622946928833,2.21111670583667,1.53568746939649,1.67316847177146,1.77991534842064,2.21461236443246,2.63684882606748,2.75242086674235,2.85035811512462
1.10441656314822,1.2654621574644,0.885294335134919,0.322518830990433,0.386838756142878,0.477645438975585,0.88274789434001,1.26296157303827,1.39845062708814,1.45834601575049
0.717301917766503,0.776945825525808,-0.248482557361216,-0.715793089654671,-0.645243755388509,-0.578529263288708,-0.264869935968642,0.0882990583757644,0.212016516358167,0.304602476805637
1.30707786434383,1.01632442898735,1.20751849914639,0.678682447720637,0.750840708973404,0.847379533660846,1.19977783296325,1.54977776842429,1.66016306827105,1.74854669333385
1.10367700473056,0.427487590862158,0.347794322179042,-0.336794484377553,-0.229194868231488,-0.0800123875432303,0.362407609973467,0.765130374522216,0.884257452596721,0.970022133677418
0.440988024042838,0.766638708260616,0.139553457020554,-0.52662801911941,-0.405477457869021,-0.276458388882054,0.161485353846675,0.531047586117337,0.62969610791485,0.702174147990534
0.885364384579623,0.229511839059188,-0.165112079524152,-0.895780355124569,-0.80307303704242,-0.666104272816505,-0.125044668414,0.274812801041607,0.386047167927084,0.497210808165893
2.07488097306144,1.44981404994438,1.2339349714079,0.595877070072883,0.658179871605885,0.794557492539973,1.22597968057631,1.68164859856939,1.80693688156534,1.93903547720365
1.24287846326917,0.860086444402874,2.15011869746977,1.63576841027646,1.71342532303743,1.79598236414345,2.14688519869833,2.50497306123031,2.58619547823541,2.69562452219208
1.32344910652194,1.29733053537012,0.369900349188655,-0.23824090408899,-0.15618570026651,-0.0251037606395958,0.356592324071871,0.775503617953651,0.89389826574623,0.980088523657228
0.812803175545185,1.2396920682404,-0.0840779753335952,-0.682611410953662,-0.59511122142736,-0.483746837905172,-0.0892248744031142,0.32798060245038,0.411188942908216,0.505576151040518
1.23888324383281,1.12069424419424,0.865402040617476,0.278027504317855,0.356064837952966,0.467474924574739,0.868334648674342,1.25833755673201,1.3541282312993,1.44870003799867
0.551500265424074,1.26896718836732,1.87882790167529,1.32582867937945,1.41263813669435,1.52749831694213,1.87914855160475,2.2273824623794,2.33189293174262,2.44347054808576
0.266884459320244,0.363839150178015,1.12785701310271,0.471912884966362,0.578854626382434,0.692107189917194,1.12342882461475,1.5766054869842,1.71582930158856,1.80039928010711
1.21781398738132,1.64510905573725,0.0437077197128195,-0.781358375254123,-0.66777918132809,-0.549445396301591,0.0707389683852524,0.590918683735225,0.718214941593369,0.791600016204595
1.39670412782747,1.72827400238203,2.86873780245359,2.17101204772899,2.27403105057106,2.4124657665187,2.88976954311269,3.29740896991093,3.39040684051669,3.50691140682414
0.494717319859024,0.473491682902347,1.0081421180272,0.601250853960997,0.67758384155182,0.755636656970393,1.01714900673457,1.26847147165924,1.3331785526251,1.38570606994838
1.44076143313777,1.48540849760266,-0.0487228554406228,-0.712170691856932,-0.590333280093068,-0.496368566980954,-0.0553751388244002,0.387016549414779,0.535203063543665,0.642002931346534
1.54615257527719,1.87512062669704,1.00326369108277,0.475578355445436,0.586799373977784,0.682302397248739,1.00354180857386,1.3341924907646,1.43511517948507,1.51611375083954
1.44094419387581,0.823563713533494,1.17830898457553,0.591469456681344,0.692649646420628,0.80955319145201,1.16391313256286,1.58430106433084,1.70411910421929,1.81318207780952
1.21743033103139,1.38039363448844,1.99025926366109,1.44470818105573,1.5253476502144,1.6288200505249,1.9829949665579,2.34729312258382,2.44098031376205,2.50872432714345
1.00576169164558,0.724886845849645,1.68014452427307,1.04585811441835,1.11844340791043,1.24833870567536,1.69450929304733,2.05738070158913,2.1392359211005,2.2267434124887
1.08269444221079,1.31056279604293,-0.913768530029486,-1.55788694648603,-1.44558476909371,-1.31451051861109,-0.915873922402274,-0.530148772093077,-0.425962666895015,-0.310574133179577
1.42071355579012,1.05206024161883,1.00927009788003,0.516481648019829,0.581808538049393,0.66888848706559,1.00171564078512,1.35148545004173,1.44853132881082,1.54254354042901
0.292941728150926,0.457245802579957,0.802334623903104,0.312605004200335,0.369126931526649,0.456213714995336,0.792796790271323,1.14771022148925,1.25210084788665,1.34091536603103
-0.0786091521474779,-0.292196341287363,1.3264561183131,0.895227300638593,0.943042901133328,1.02129041443834,1.32278702360572,1.62894103964614,1.72139443336007,1.79810462839732
0.230845720305805,0.260981260282501,0.158031178113525,-0.53596049485804,-0.453526392167265,-0.308281980675696,0.161067090627868,0.600079426060474,0.731101258646468,0.82017788253414
1.94636264462222,2.3943085950952,1.01488270743281,0.46641282383202,0.546202320533736,0.637591437195493,1.01285148732871,1.38165627436077,1.46587345513074,1.56831719818153
0.861076367384521,0.897706622981504,-0.189220871290515,-0.714944368618864,-0.605774018425732,-0.543267879311461,-0.195443229517713,0.164161813954963,0.286967766391006,0.385974594504665
1.017488222009,1.0149625648955,-0.0549002055998801,-0.627172480260522,-0.551617570894204,-0.439543363241217,-0.0660807784389782,0.366391209503042,0.487498718356412,0.607858493748147
0.236695934598762,0.529674954853621,0.596625323779063,-0.0220294873978545,0.0496000105474439,0.154067016172334,0.632992551609317,0.987087158546121,1.07603052327513,1.13317400749066
-0.0389830992530574,0.353191948635129,2.4135266543918,1.90758778521543,1.98502957276528,2.10284466471205,2.4101226306866,2.73670008301281,2.83473113900701,2.92235868130481
0.310438904157756,0.287477573986946,1.69503645578622,1.28986033333181,1.35886004104914,1.43191240277463,1.68938929568331,1.95789092169002,2.02105098127617,2.10924245938998
0.177509286154324,-0.0674741835669339,0.130992768004734,-0.402395109956232,-0.336490538475433,-0.232444031787559,0.14953320247421,0.482785398667981,0.575165170495453,0.657637950481184
0.192264427739408,0.271980214074918,1.3535477421393,0.757567339898377,0.851879863681581,0.958679128185876,1.36864821878432,1.7197076039731,1.80704587406651,1.89167885695894
2.02016066389775,1.99939837383954,1.62552847183729,1.05003772676456,1.12572839538934,1.22595529955224,1.62717241543156,2.01741184436512,2.13280793662113,2.2534732625776
-0.122948375458308,0.428991615110634,1.29861200288524,0.642393460585257,0.751216911997413,0.885487926523731,1.31054418682701,1.68904100097795,1.79392386838186,1.90824004134865
0.905073921712105,0.71634325535414,0.753124725262202,0.156351429127751,0.275056431848827,0.372113901858976,0.751492350316949,1.13292073266091,1.21904803128687,1.31909340902879
1.49216511688877,1.49099527847202,0.509041699068801,-0.260155493374018,-0.179932349810045,-0.0674282273011499,0.53366844842288,1.00793140290865,1.12106129167802,1.21760044589466
1.33639856950933,1.41173546688925,2.06822903693877,1.57353217604575,1.64739811185704,1.72107239520298,2.05678254918181,2.42503795642169,2.5289034675623,2.60084859586884
1.19654366610293,1.10576203881037,1.35067610810721,0.66868240231303,0.775790675131933,0.897793540166145,1.34363326484651,1.81227648772745,1.97129276441629,2.06976005349838
0.245767743414664,0.00383670097010952,1.11427096160529,0.660868654097623,0.73460240827418,0.80566386134216,1.09431375131595,1.4539267833949,1.52741358612058,1.63269889079774
0.962856699768629,1.10888576491087,1.37120389242101,0.865515749462466,0.947169777124985,1.04191130651672,1.36971655923496,1.69586361010163,1.79998355474906,1.90606983493644
1.30758434050014,1.15519884545118,2.39376929603237,1.76096132031525,1.83394261082337,1.96046132821006,2.40505361220905,2.80821911411221,2.90209453859019,2.9839846328058
1.54415410434672,2.08271668640675,1.13754537744532,0.533916857624894,0.602634693881256,0.725973168293762,1.13906597156047,1.54483249519833,1.60888882557977,1.70115515567207
1.40795336136422,1.48791298312481,0.775003506422493,0.186213111311036,0.301696467894252,0.406029281640541,0.778405433669693,1.15613577699307,1.26463653983445,1.34997762523357
2.11684645575409,1.89540069303582,0.94064373059751,0.232151541135118,0.371456893916443,0.478014297912398,0.933493459139733,1.38386876871256,1.48992371208367,1.59781536519207
-0.0226611891359948,0.217201894911106,1.23645080405998,0.545020908589922,0.652447440872797,0.792556551392406,1.24624149762969,1.65417012635616,1.78156451600318,1.85712085587754
1.50673290949935,1.51853358198637,1.91676781656828,1.14576662367053,1.31974834127683,1.45110661168038,1.93011189379216,2.3629742516878,2.4626505958924,2.55883082353078
0.31754348961615,-0.12194270544973,0.357106013119715,-0.128277416552103,-0.0461341776002711,0.0452506250907844,0.357648128094717,0.676983319684936,0.750043378023574,0.823116521451449
0.446306429116427,0.215032920793742,1.32830549487552,0.574846146694659,0.688447755231327,0.827361317414077,1.38313022990024,1.7685384512986,1.84270978605239,1.9177149525898
-0.350510926552418,-0.57088663921276,1.71501971734387,1.15910585416616,1.22175766126455,1.33055115985548,1.71814860849354,2.10256775479345,2.2171044720851,2.29299858725828
0.571231873870722,0.656091341811972,1.17248411301549,0.426407243424846,0.585847013363427,0.754008997271779,1.2116818363551,1.53944851959663,1.63152597908987,1.71428625213546
0.612618974110632,0.467820442091095,-0.433569119705343,-1.05735213033604,-0.977162244315577,-0.830889410017566,-0.416747794035774,-0.0516450667470476,0.0559999462939286,0.165443081227411
0.6095970980783,0.572223357548306,1.20966620770658,0.649085799735578,0.735987117518743,0.841799297656063,1.20519950630345,1.57868669990831,1.68205503386445,1.74393256601214
1.40070305062486,1.51891363637337,2.20822875787568,1.63625361955896,1.72549435005598,1.85326105494852,2.19672536505735,2.58973036274223,2.6959840727754,2.79445303817845
-0.878160429086626,-0.721159371016871,0.859564251421881,0.394579532630301,0.457935453661315,0.538304463227149,0.854750870558376,1.18496835657817,1.28489617112761,1.34982447270999
1.22852781318423,0.838022109780044,0.866093046212022,0.272537456977593,0.383046518885572,0.498832212569312,0.893906521008161,1.19246391409821,1.28525501065701,1.34388231590816
0.615679874875146,0.521579400635165,0.662229883764149,0.170312299197571,0.248710192845264,0.340542434837777,0.667229781043818,0.976845723293904,1.08866221649928,1.16363104866546
1.62670430129332,1.26215550855835,1.12856190331339,0.569157174022946,0.652864723966293,0.752982431501028,1.10877161759612,1.52115882000801,1.63536293609059,1.73961777034995
0.575270832846899,0.271768937583623,0.45465893598965,-0.0295336750066026,0.0364815941231515,0.117030318375767,0.44821360715107,0.777967743658404,0.856155114921172,0.960350377835388
1.97122830298113,1.81086361145738,1.83448003481384,1.26324807539816,1.36444118951457,1.46630457636558,1.81222737105857,2.23508198616514,2.33569253173682,2.44351128024436
0.713673968379453,0.667069045561751,1.60046182124043,1.17332809320553,1.27037287225184,1.32938313391898,1.60653073934257,1.87224466092976,1.9543074280658,2.01473684402131
0.618966813089687,0.332494641995993,1.20447713154188,0.661459437933564,0.749938831449302,0.849266416927754,1.21309185616094,1.5559238284314,1.64544153119656,1.72204856744327
1.36135077184926,1.63681537161154,1.29424602233387,0.651028880605452,0.723101515117168,0.846352022732649,1.28346923645477,1.77594131907957,1.9392809556796,2.02901797128319
0.194115550068644,0.63756483968828,-2.0347180610496,-2.63298326635367,-2.56480601092661,-2.43644765413806,-2.02862348664579,-1.66641761287555,-1.58540076887345,-1.48670298757144
0.305527852977652,0.289068909003627,0.623073269957103,-0.0413880578913858,0.0592609826643666,0.199122444397863,0.613484810501035,1.08410072402945,1.21357449820851,1.29180467049877
1.32394979491583,1.12453325181364,1.33147235794469,0.769221752225593,0.863358120327226,0.996509885768445,1.34523518432915,1.65783847389353,1.75311383005686,1.85582703613448
2.04976409823776,2.2856202045529,2.24989007205424,1.71356795355177,1.78779347137798,1.90125306740674,2.2553669524639,2.59471389119025,2.68157594878946,2.77692057020381
0.223490952698093,0.195154667131234,1.51282610979369,0.835707775993486,0.93764178416557,1.08370544273882,1.5178768426255,1.93132571264263,2.0188555500964,2.13702678615007
1.97849192297568,1.6761017922416,1.19532875037509,0.700543872936316,0.746319158638293,0.843465392322485,1.17452698231197,1.57607921051861,1.7110401637199,1.82064754785908
1.62801216622411,1.66588413064146,1.57669746620764,0.99111649801056,1.06428735995314,1.20449204348872,1.58713832377786,1.96191058400342,2.06227742166113,2.15351982730721
0.0514202458080174,-0.0973889396809592,0.733255735957573,0.194507939687838,0.253210081639492,0.356999262156623,0.716713650121279,1.11794029945672,1.22875626334525,1.3329852869304
1.75644006992248,1.7573330936715,-0.44820983069663,-1.05977526950166,-0.949901875476522,-0.839720716302219,-0.447584320257288,-0.0136701740309581,0.0836418691425951,0.15080813741765
1.32120428707134,1.33004077306917,0.865596497594564,0.238789557189114,0.325614059662283,0.427634132359137,0.876072234008805,1.30285807731691,1.39488834664795,1.45708098436521
0.48607600181884,0.52497746232683,1.38049115188814,0.739851993256777,0.841431960946099,0.926464396073788,1.37901944755724,1.81886673242721,1.90824638477516,1.99620640278556
1.09517641766088,0.906492554839325,-0.0557066390146164,-0.560443889225143,-0.490866191513107,-0.383268307803156,-0.0775368517124946,0.310800770939773,0.423543227090032,0.508388036600209
1.26175674028714,1.10631926826099,-0.381440687922884,-1.05867505101154,-0.957136808872897,-0.831304737392669,-0.408888058933324,0.105154432769641,0.23833434253966,0.345549513770497
0.984302805112908,0.738218071482523,-0.120516590439582,-0.631714983741445,-0.549908304855306,-0.459743286865773,-0.118662460319811,0.221014786957564,0.337246154235797,0.399227833845217
1.18076802266185,1.09879409633956,1.51028832362987,1.03550009273222,1.08587987533131,1.18232743984891,1.51007033658116,1.82832025062652,1.93248033390064,2.01822672470358
1.54559275861032,1.75292635950384,2.07473867936208,1.38577759967402,1.4820809895789,1.62135959993191,2.09804283669344,2.4977602040006,2.59205037179408,2.72832588868043
0.399185050364066,0.239930088747029,0.743683046057074,0.192303789013315,0.268880706933106,0.376259697755429,0.737874079479134,1.10608551765862,1.19249756101734,1.27955777936819
1.3801505161509,1.02479090951388,1.37290250223581,0.834882732765438,0.917893496416121,1.01973959043977,1.39025570108949,1.69832193926843,1.7887214981274,1.8719812683963
0.61559671993286,0.648048696869725,1.15654225018531,0.609442084766208,0.681806149458357,0.767583085813915,1.14057489797633,1.55654433081831,1.65187589717935,1.74872264206093
1.16384328254275,0.871739218177053,0.511431043131272,-0.0534603693662846,0.0290124271720904,0.14356494963923,0.53155530259314,0.847029793946405,0.924207044609408,1.00230113902132
1.31268531327091,1.64210355266244,1.09718730225268,0.411313597532035,0.493778934626879,0.615193275063067,1.07079676559394,1.64839339976812,1.80041879558496,1.897106511352
-0.137957136519018,-0.179591630164693,0.830072580156322,0.316829890591968,0.404262056807515,0.506416199123388,0.827160183329772,1.15104713571772,1.23578929817079,1.29896081964465
1.78507106668823,2.14929460355731,2.66577066391624,2.08367735239244,2.1997856205166,2.2940030990793,2.66230111182287,3.02653212585582,3.12861427364838,3.20212422638423
0.606029260615694,0.685356096341737,-0.198586088992893,-0.819610948842814,-0.703138256781547,-0.587783047863849,-0.204336065038443,0.199130145626904,0.316926806751482,0.430475925435277
0.546996828492064,0.30886525072576,1.0387029508964,0.527929266184672,0.589841561147089,0.693988740577653,1.03236702555678,1.38806286599237,1.49141449631335,1.56241324291589
0.817753913692822,0.481534133373693,-0.0154494145782429,-0.641171066601637,-0.570136864405562,-0.465434144038663,-0.0238695337939051,0.42137281924078,0.52779869409506,0.625172604735673
0.195470575629431,0.141967839700636,0.454728395401962,-0.0450711083693713,0.00959736921011397,0.0849849210703876,0.463030045438638,0.802183484809597,0.867591721608513,0.93185749347015
0.705020432405687,1.2453879976981,1.51925538032079,0.519402533034896,0.701048939449152,0.843361264699507,1.56498542614252,2.09123208589297,2.20061398415821,2.32159472838367
0.670508597688679,0.735399484063146,0.19680533797722,-0.31374121909132,-0.239244036032703,-0.138867298943023,0.201176069585307,0.513793996453898,0.6419450966336,0.736415995779133
1.0347800645779,1.13788773757888,0.869891491331347,0.316883397711374,0.383287506384576,0.495369147892197,0.887569046622833,1.18857184278117,1.31520361944144,1.38143686484232
0.444269840636889,0.570962796142136,0.844480905561939,0.142292036660168,0.226910549816159,0.329548385685704,0.82006819884447,1.3827410740371,1.66016810257498,1.88221344026145
1.15802390150268,0.7810883807675,2.24178019765769,1.76412691962973,1.83065860260408,1.91895357049825,2.23864524606917,2.57698581307186,2.67302843582012,2.73132030790179
1.06756327021755,1.44154693814773,1.97584317871782,1.39007514557431,1.48446866886639,1.5748167210169,1.97883456040512,2.38278946964227,2.48601353437484,2.57117740327859
0.924851179462941,0.952193489878543,1.57577699715997,0.916194086713054,1.04556910491854,1.16869123308364,1.58735078903653,1.96711013769215,2.11387248116729,2.20172375671954
0.968622008062149,0.89383821307314,1.52674949251977,0.838523752857344,0.954722162632457,1.08678347301737,1.56249102648968,1.89578144903959,1.97187849131794,2.04564098902323
0.532247067444456,0.472427651414487,0.0731322765327425,-0.478484585944717,-0.413004886627217,-0.318380299095495,0.021585975668376,0.517048649293532,0.765471259950301,0.951270844565478
1.8358522244674,1.77536810755601,1.03297669969452,0.359706761632623,0.475824820592183,0.61121203212147,1.0639788690819,1.41215447751669,1.5043014654524,1.59562086611854
1.22967943008503,1.07300753387103,1.17781239028786,0.738411457351428,0.813582882367092,0.896078970566065,1.17449945328479,1.48564521897609,1.58187165097536,1.64249965975417
1.77484039573158,2.12380116834266,0.0525263363662085,-0.586715471285444,-0.494818364779198,-0.386367226921688,0.0205888724664957,0.547379974476757,0.710546241279329,0.87648243881367
-0.36476198450982,0.007334379819196,1.97358215411115,1.3926606395532,1.4853169994114,1.58603931633863,1.95339664927563,2.39610449639678,2.49149317182425,2.61092267297901
0.837892934613567,0.541313438291796,1.02734054320738,0.394735514230425,0.506398927378863,0.627206205645604,1.01780489474377,1.46988116301122,1.59006074211723,1.68201723349613
0.910598180626412,0.986470302051491,2.08698048406154,1.56558121303085,1.62578867911076,1.71935623928239,2.08062055632355,2.46635325371987,2.58332910111805,2.70920101659572
1.10475014954705,0.952457729323762,0.812674690975374,0.204271041480602,0.282820646285752,0.396703950123325,0.813216904222729,1.23623410197071,1.36078541684836,1.46959963038873
-0.183143301304565,0.36846068534639,1.32644913887352,0.772461607862287,0.895432087307062,0.978930299343173,1.32729389617505,1.67916782681008,1.76946745644738,1.84373719978769
-0.573823137046509,-0.499201492990714,0.881162119429438,0.38627719607255,0.453840692297754,0.529492383062586,0.851841684543044,1.28404249518786,1.38503104774972,1.53476534964097
-0.398271606247195,-0.245663218261619,0.755547817522204,0.338665060021358,0.39962529986314,0.486075848490555,0.762871700101999,1.00790026709849,1.09168062112021,1.14048800566216
0.973865466047915,1.19099618865585,1.32092270985579,0.594989222231461,0.72887180484439,0.888881249711476,1.34380470670841,1.71912143383392,1.81938376124698,1.92366434403973
0.73884421539651,0.867154819861863,1.01036741989483,0.197608438650241,0.296737254712248,0.434898550155895,1.03997989486831,1.52084886912668,1.63353585017477,1.71511610178226
0.947511805074699,0.766606483594788,0.194142804726188,-0.492132007231556,-0.394780422045102,-0.265115244759923,0.195359072149548,0.655211713295929,0.80275069288747,0.965241515145573
2.12275486979575,2.1396086447592,0.155845758515898,-0.499332864105881,-0.402552614322607,-0.308530474768701,0.160241583298153,0.627767477627005,0.755152153286047,0.837746672144595
0.400142350935635,0.0943738483658129,0.272837405173097,-0.308565374412463,-0.237816674907683,-0.137828521232608,0.266192134127334,0.692191717595731,0.825241242984492,0.932684416196628
1.56349955036105,1.92887817588935,-0.352043212637464,-1.01445520771554,-0.856152983440988,-0.747117255236469,-0.351266336486293,0.0384425585179109,0.148378377534581,0.239320546140907
1.46064047369626,1.6282864156202,1.3151981910961,0.839899071151881,0.919725734513101,0.994635853762033,1.31170573934999,1.62081817659774,1.71283508957967,1.80833790658891
0.73748615520736,0.717275757472245,1.4921204430863,0.941135441747421,1.0046114387446,1.11622765669196,1.48312538054159,1.86120968476727,2.02693169225668,2.16676942512357
-0.422402880427344,-0.353918960807378,-1.87163409336269,-2.26456375735692,-2.21272479321258,-2.13480028956253,-1.87739616251152,-1.60962077565015,-1.51506133918696,-1.42413268314171
-0.631418725755914,-0.475711956379389,0.132910517791427,-0.426881360012653,-0.336362995778148,-0.22551707828303,0.135252383252765,0.47952370870672,0.585195936421639,0.66955981375537
-0.0625671844484776,0.13289988287756,0.145345216602182,-0.332589952911805,-0.265056445156866,-0.163046392518043,0.142692643587023,0.461346382249745,0.560162626925874,0.643595891388364
-0.327152935949833,0.0860800950587299,-0.203586548168276,-0.781308477104667,-0.68639690041555,-0.585394479853842,-0.198079665067435,0.161455419611595,0.270925750457153,0.35836344431097
-1.88421319586473,-1.90054290330788,-2.54591961326201,-3.56383891371576,-3.34240531526561,-3.10462221996321,-2.49526131272183,-2.01658710804855,-1.91346323739533,-1.8024583767791
-0.0629484661965302,-0.0222445321809486,1.02442874862384,0.615776313194866,0.701437142153667,0.759229445806241,1.02535503652738,1.29767552016024,1.36767020829207,1.44509242915886
0.499160446068455,0.709910003928923,-0.707458584374135,-1.53101949921835,-1.39652147040645,-1.21969122905171,-0.678917985722895,-0.249550469226293,-0.131474768160456,-0.0138743697332845
-0.953759274846343,-0.690793930294807,-1.70649079918015,-2.51183123884798,-2.39065816464318,-2.2211090162055,-1.71543539413681,-1.1869322275086,-1.01555944591988,-0.883372629271127
-1.55323328076562,-1.42111532111587,-0.649456235497644,-1.18352323309926,-1.08356935908249,-0.98765942748254,-0.643281699677597,-0.337411271393103,-0.248611754210797,-0.174963974908714
-1.16305818464329,-1.57918162007255,-1.89932441866939,-2.63960336431963,-2.52472988414416,-2.3965019845224,-1.8879940100713,-1.4382587313546,-1.30219672040508,-1.20812792400437
-1.2043924972533,-0.607153597459626,-0.311664687261025,-0.891623325320581,-0.792913555170332,-0.681366837863149,-0.305211484569083,0.0475813365097441,0.153264847915244,0.246651115288153
-0.668915602363639,-1.13154374937057,-0.513745297823333,-1.14741195514182,-1.06735930199493,-0.937679174265841,-0.515673980540605,-0.0998920688334824,0.0193618271180704,0.100458304143772
-1.38731133300655,-1.22820091305313,-0.123383763654463,-0.625192170125486,-0.556491332324664,-0.477456906358552,-0.128459299910162,0.234895204374977,0.38391048406682,0.47267575226636
-0.612395372523189,-0.288489933506913,-1.30126296865008,-1.9122399998335,-1.83220094964744,-1.70478041913124,-1.35403593174657,-0.762573900684778,-0.620109092765944,-0.50737626608179
-2.63562541525869,-1.78157186395155,-1.80900874991511,-2.57857149281407,-2.49359420166532,-2.34289949614733,-1.83929569814913,-1.22839525938569,-1.12476458795581,-1.00795609340807
-0.258954380330881,0.0657748340629271,-1.30365664861559,-1.9288780500155,-1.83441438726418,-1.70934170182883,-1.2818208869187,-0.932095313559908,-0.856023874889154,-0.807054868005772
-0.44021714126553,-0.481616113140365,-0.629152273900373,-1.12062033375128,-1.04189837773138,-0.952133717650031,-0.634286223323145,-0.301661487096757,-0.199893059221502,-0.131734009828839
-0.78167697510058,-1.06053102886738,-2.47278927176198,-3.10246126225743,-2.99853014113822,-2.9001242337206,-2.51458957885359,-1.97683408627022,-1.81855852899979,-1.68194952889421
-0.68822371271994,-0.50828076098835,-1.6092473644867,-2.14638964042382,-2.0866831450151,-1.98608883237106,-1.59948497089147,-1.25319297800522,-1.1701730995746,-1.10365349432915
-2.20272114274279,-2.27870110931208,-0.750609201265882,-1.32510319953326,-1.23794496167717,-1.12196667376631,-0.74103878786404,-0.371388538729498,-0.286979598028412,-0.203202330792135
-0.347548266300752,-0.160540223344604,-0.902995017284624,-1.54071301460215,-1.46211163431299,-1.33446016658336,-0.899366056278721,-0.455582588337254,-0.346060612965027,-0.248643068068511
-0.664393925523031,-0.479864531189032,-0.75462747352366,-1.33403936211049,-1.24873104046911,-1.13471190132306,-0.748464617348879,-0.386867292140715,-0.284954356512417,-0.144103644242966
-0.669758434951008,-0.675042470547598,-0.346655303934375,-0.762219782537788,-0.695904129165775,-0.621228167149815,-0.344740370046398,-0.0723028888910022,-0.00632507782899848,0.0535616098851451
-2.00169195964572,-2.85053512605429,-2.31477810996854,-2.8488581463262,-2.77613258014139,-2.67519957173235,-2.33950513773254,-1.90366508580753,-1.81781176436644,-1.73003291513252
-1.57465263952365,-1.15485312633064,0.00971352468123216,-0.50830335633018,-0.442383821011077,-0.345569912808096,0.0346112105686046,0.342333008929083,0.435321612226709,0.518409589440545
-0.47626321180745,-0.398465110065503,-1.3394822892877,-2.08072085174919,-1.95676875575766,-1.81461130557397,-1.29458755319991,-0.966208191816206,-0.866069867542091,-0.79043412917769
-1.62826510379114,-1.05037990789284,-0.472005855066827,-0.913551111861999,-0.815111058736203,-0.74171373196824,-0.459952092040485,-0.220734241854055,-0.13500812229154,-0.0736187667067403
-1.46121762397579,-2.00809136473466,-2.51453929006837,-3.26352170554504,-3.12569456741358,-3.00995463777311,-2.52403378794792,-2.00576399234643,-1.88611754887465,-1.79264000166158
-0.0275369667512488,-0.0589451423556881,-1.32723821665628,-1.83872822917035,-1.78734001595524,-1.67411777378257,-1.32324465895489,-0.998182209282226,-0.899515258175094,-0.816773369446976
-1.81650132679406,-1.01434087369903,-0.369608625964271,-0.85217383583401,-0.775479463405326,-0.685698440680171,-0.362563264406466,-0.0574557617761757,0.0307704219315683,0.111500112319328
-0.512845110142933,-0.30686981262202,0.142697732359173,-0.380415092888766,-0.301572277137869,-0.205113243863454,0.136223491584533,0.506992221741531,0.625105524616007,0.731915132352039
-1.99981713842053,-1.17078075587409,-0.684490642461555,-1.18933675574354,-1.11289946164379,-1.01693102193128,-0.686006719528393,-0.371624296815032,-0.286778223027611,-0.191512097529986
-2.37017611903003,-2.47343881571557,0.357780201086063,-0.158034109464349,-0.0717105556257351,0.00349491616381197,0.3746552944826,0.682750100521672,0.768248414469704,0.829242010189445
-0.845685948422918,-0.920034789178437,-3.08201829252929,-3.74707928730771,-3.66860482382453,-3.55098001058765,-3.08548562417771,-2.5690609273791,-2.42022981700287,-2.29748950977345
-0.856357632719936,-1.04677339372632,-0.047832022803548,-0.651436999443825,-0.54814520091911,-0.437780158578497,-0.040186946868422,0.330979687380337,0.435524263505884,0.533435037751073
-0.510885970339188,-0.554238176425666,-0.20868250619349,-0.840284697453841,-0.745924877760883,-0.649531620778557,-0.213034891599254,0.223054566676237,0.321421777408781,0.42033035299071
-1.66673838085634,-1.12153565048655,-1.43896121294914,-2.17874292385362,-2.05472344811967,-1.88995793973116,-1.41899842252416,-1.03769152071711,-0.948711486800706,-0.852788904668308
-0.949505959623547,-0.798000153327354,-0.245055007480342,-0.767809029870327,-0.701026195816103,-0.584007232739603,-0.245122972514018,0.105005310687533,0.195266344279012,0.269335040848432
-0.675139546832774,-0.617166878854742,-0.846838049350042,-1.29513883385975,-1.21867206439897,-1.13896063920376,-0.851916079387316,-0.543709173535889,-0.460768979590788,-0.413667996822891
-0.0874527315221805,-0.235502899129642,-0.712893548036965,-1.25197889625051,-1.17305686983186,-1.06326853818496,-0.701857668530769,-0.351048897613174,-0.277272485160234,-0.208455357184453
-0.671782751951412,-0.940171990314288,-0.344219044433376,-0.871439052156323,-0.773617707715059,-0.685384206518886,-0.343109274827733,-0.00441705501822921,0.0974326104502781,0.149831694810087
0.326700989304421,0.265066114037802,-0.60478507625375,-1.24247175875699,-1.15383007420125,-1.02208972228181,-0.604837004726418,-0.217848862767148,-0.107126037208168,0.0654620808006472
-0.211656631561597,-0.15717230708492,-0.155502063967839,-0.62541586665508,-0.541679928059921,-0.454463276560362,-0.156996778186991,0.153759300171957,0.231850673847706,0.3285911859795
-1.22239889312821,-1.57037122056131,-1.57828592833713,-2.45933771101503,-2.28942900547943,-2.16317570073528,-1.53689266365229,-1.05310660159663,-0.85846652270409,-0.728497600088439
-0.514271907222697,-0.604325356021672,-2.13285052628805,-2.7591752175145,-2.67832850684207,-2.59068184848061,-2.17314236973926,-1.56290583496803,-1.37992149776516,-1.28234915179458
-1.78226490797798,-2.28943913118238,-1.46560838167366,-2.13997204435297,-2.02973998699482,-1.89697688224137,-1.458938147128,-1.04019833792877,-0.947662060352236,-0.857862977504228
-0.380557040530275,-0.289452094548199,-0.975123247429484,-1.59720941522138,-1.45514067661967,-1.36556452350053,-0.978546836659444,-0.557771136701654,-0.435863020952674,-0.320549940219399
-1.56033227246755,-1.80304554938007,-0.36253356662136,-0.769654252092506,-0.721886204050363,-0.630973369831231,-0.363335111290471,-0.0948730718695114,-0.0232932378202015,0.0489829877458644
-2.43904732442518,-3.13980055596296,-1.47007065173886,-2.10390319632182,-2.00775335170345,-1.9167448516963,-1.46795993523227,-1.03707174097166,-0.880162235854847,-0.763335535170698
-1.05931787213384,-1.56960727687226,-0.988547928682209,-1.71404967750515,-1.60986049679396,-1.48290096981154,-1.02620229724468,-0.457354729214466,-0.241003677184159,-0.0706739584452268
-0.609256678550827,-0.820301167999206,-1.60244964663613,-2.2164469409224,-2.1521506146463,-2.0363950511313,-1.60343367753255,-1.1651551092714,-1.0509733879322,-0.976066652534591
-2.32817126914627,-2.44545727057595,-1.83710873899465,-2.53822593001218,-2.3876844697892,-2.2716368879481,-1.82804581588107,-1.42038871925619,-1.32044905253579,-1.24721653520042
-1.70845165654776,-1.46727900346504,-0.894768904670883,-1.4027958954835,-1.33162474760882,-1.23375244558159,-0.905902871791881,-0.532394276730767,-0.423171794285701,-0.308655495000533
-1.52003771312797,-2.3414922304206,-2.12409540136493,-2.75805981082936,-2.67832032301085,-2.587450991531,-2.13173745177229,-1.67289232152093,-1.56873389921396,-1.50369523074524
-0.124102619547385,-0.195035321513554,-0.850645243535196,-1.43546842066987,-1.36715426359977,-1.27837395588575,-0.868212893631393,-0.395360037654943,-0.281205976271032,-0.216839093772004
-1.84073677416868,-1.63216198445041,-2.42459689062875,-3.08835030751258,-2.97528348133356,-2.85302986665518,-2.41748606042124,-2.02082980116829,-1.90124826314594,-1.79107225403569
-1.15678497677578,-1.38055770150182,-1.46377529054764,-2.0012711215052,-1.9075837399974,-1.8295454203521,-1.4673486033899,-1.09868381697327,-0.999486795118843,-0.917087091489252
-1.67301708861061,-1.56054089473261,0.228427729766247,-0.408555191485004,-0.275148801387725,-0.159145901461518,0.223292685106372,0.638325351167468,0.75419521523902,0.862787362680898
-1.59351347570339,-1.88437661465797,0.555546078077712,0.116101476038544,0.189826083813391,0.267348287783618,0.565832038224022,0.822180035932421,0.927502281683613,1.00316811734928
-1.88879227507706,-2.11873044269084,-1.40166327550775,-2.0200915499499,-1.90061107641451,-1.74168615398813,-1.3762311982397,-1.08291333870063,-0.99813077998193,-0.877445824618012
-1.15132483068528,-1.17043530870993,-0.0544890854708207,-0.515742050026304,-0.439516041968126,-0.361791884020904,-0.0556822736744461,0.235722348826898,0.327671998126368,0.399321238281766
-1.34664661347573,-1.38189920439385,-0.985401503732853,-1.62522326404851,-1.54194338677985,-1.44510165415766,-0.991113488981205,-0.545546886384818,-0.44721600997772,-0.343244339200248
-0.793946357769103,-0.792998368580762,-0.923209758675695,-1.41074773324455,-1.33410351737191,-1.25066366723486,-0.911841609652508,-0.610946595371728,-0.516931216478873,-0.466198796027663
-2.73528082606216,-2.52626264722371,-0.0635506280917207,-0.916614372528384,-0.648916090019059,-0.500936883930158,-0.0279809060370143,0.314286270085572,0.419723515283694,0.502114420323839
-1.58479110308845,-0.951378148735152,-1.25223126814247,-1.85932766797358,-1.78409581188534,-1.69940840485746,-1.27186037065594,-0.783826960962433,-0.673154950775639,-0.565617768881558
0.0476745842015579,-0.0625058172684627,-0.817621498554381,-1.43729079227668,-1.34398438576296,-1.21157824373665,-0.822979010619842,-0.42997642023206,-0.328676291720105,-0.237686279559477
-0.389020284946814,-0.260244765498915,-1.08619017198827,-1.59673126086546,-1.52456587659309,-1.42193675104637,-1.08154051760076,-0.749181791115185,-0.670615815104527,-0.562358449455282
-1.73907621708105,-1.79799971027419,-1.48814171273572,-1.9499855908767,-1.87770407325201,-1.78505841296456,-1.49436442217278,-1.1777825342402,-1.07653823131431,-0.99663496647368
0.244814912724572,0.0460993020148212,0.406504885531756,-0.198268039253313,-0.0627582946043949,0.0443977491414977,0.414237581276012,0.769807066415698,0.878567425412118,0.962176522726438
-0.728016890921926,-0.599991837465627,-1.83339325435963,-2.80687884572216,-2.70229898438417,-2.52359758561469,-1.75868170810273,-1.26144172282782,-1.08654875956135,-1.01379716126527
-1.41255893321999,-1.21193091028969,-1.6402309442312,-2.30098991176145,-2.20100822974503,-2.09903126321569,-1.66436522999552,-1.16060319018775,-0.997974056083331,-0.865500160065917
-1.41438574072538,-1.71369430149487,-2.41108641941694,-3.0793880519124,-3.00601567428365,-2.895117423732,-2.43946403637109,-1.91842256001002,-1.80347547884766,-1.67182123002332
-0.785614242532228,-1.1451162265832,-1.66246252193343,-2.43793483935403,-2.32122769907031,-2.17463328701791,-1.6308430812107,-1.2146097342035,-1.09790173971203,-1.02602712143116
-2.37436584626732,-2.63366278665392,-1.8186357590392,-2.47328796115056,-2.3906623404415,-2.26230150347288,-1.84313663425854,-1.33673708296206,-1.16373033869601,-1.09113724837543
-1.65439888346216,-0.637735151342815,-0.449072363969141,-1.18400889412304,-1.06936095290873,-0.925674817624358,-0.44260748061539,0.0353540949159841,0.194923750972929,0.307451154236119
-1.33660978662738,-1.50245486663619,-0.126118757244789,-0.823288675768948,-0.720492083870528,-0.517389986952064,-0.113813896961517,0.271363801412547,0.357933522150894,0.4425057353461
-0.601513259280971,-0.844416080249246,-0.199999355027763,-0.793085650915105,-0.65681505735368,-0.552118492435138,-0.190744806465758,0.150802600977579,0.237925821513846,0.325928909917363
-0.975236873878906,-1.06524342359842,-0.962953641092774,-1.55297288020984,-1.48645887459384,-1.38918821382308,-0.969465756369922,-0.547598369193406,-0.421380975991228,-0.322940050064515
0.23093868372037,-0.0494700525673086,-1.5155250362888,-2.16236721437613,-2.06221447920244,-1.95610786977187,-1.56433547341038,-0.967582336602748,-0.780329712255443,-0.628035126664629
-1.39481849659709,-1.83198861009738,-1.73850266756067,-2.4506830827037,-2.29905135738337,-2.18247623705164,-1.74328920797806,-1.27927948985518,-1.15511245554831,-1.0512154081826
0.12243316833967,-0.20995016533344,-0.797954631299579,-1.58741761866902,-1.47356952385433,-1.30315547585609,-0.745984796743522,-0.402245170042534,-0.304027995449397,-0.220032551211461
1.05047478091215,1.18969669287662,1.05172382017296,0.436170808423228,0.508964684531507,0.641660403196047,1.05031719552387,1.49394144865932,1.61412020515194,1.72619149926153
-0.273072020917413,-0.713771105480506,-1.30643230971005,-1.88681310525727,-1.77086550618765,-1.68908534261038,-1.32104751701748,-0.911623786669601,-0.78104701729519,-0.682832294973736
-1.02532768376955,-0.87769970457664,-2.00278117089013,-2.51767862350289,-2.42333839187644,-2.33641185715607,-2.00416671459176,-1.6482698222587,-1.55863838053618,-1.46858501754373
-0.132026303478309,-0.286242788429199,-1.22962766932365,-1.85191903224912,-1.7576995821352,-1.65518982483843,-1.22824831752859,-0.824375525673021,-0.708818329879531,-0.597811634859968
0.806853742034981,0.598324752340093,-1.6434584594291,-2.22554447191448,-2.11641428158742,-1.96993451545749,-1.64089522441094,-1.31170007994664,-1.21690304461088,-1.12220757809659
-2.00993186370173,-2.42778729281769,-1.37106201054314,-2.00327877135434,-1.9221549778643,-1.78200969393066,-1.36805423510393,-0.951648793748306,-0.854544723288485,-0.749503739129388
-0.753807445463898,-0.550477559635561,-1.37848241315478,-2.02278014270903,-1.91274943719212,-1.76528436020651,-1.36430184820696,-1.01553599597387,-0.91240788475881,-0.811290416199386
-2.03949608069503,-2.31740989347365,0.673945658759236,0.111403734324038,0.198349646238036,0.305133495199038,0.681671699960304,1.02193054024418,1.11727166126696,1.20555667608374
-1.14816916888643,-0.923648939531475,0.145327310247363,-0.404544470261838,-0.304994053329026,-0.207807063674869,0.150677191566078,0.49503161568384,0.603466603853203,0.694753665918166
-0.226611198451551,-0.382170561900317,0.244045533119778,-0.382575273369203,-0.25008221196178,-0.119041361353794,0.254478311647861,0.594691218518425,0.681497829501665,0.768196617257613
-0.988527531765754,-0.419193398485015,-0.973847618373402,-1.42322657697195,-1.36379421803526,-1.2860789198157,-0.965160842455699,-0.657694182182514,-0.574702074757349,-0.498736838919398
-1.74482364787865,-2.20093232946735,0.149644640064594,-0.538733695719187,-0.429842730472295,-0.312628393309225,0.118777887609724,0.696728944005477,0.886428223331046,1.00980101825949
-0.49397978605173,-0.543845664774606,-0.455752956613915,-1.02463514203397,-0.943207424305306,-0.839038811674482,-0.461533746504811,-0.0747783902732338,0.0340842046223563,0.152136607811271
-1.45408754304908,-1.1526965793761,-0.547429804639119,-1.19952403822594,-1.08242042633936,-0.950262903960009,-0.531287372625926,-0.159524508823613,-0.0592575817449462,0.042869115999443
-0.587107110951562,-0.689219244124674,-1.83559247254049,-2.65757785595582,-2.47818715317831,-2.25825757053275,-1.80957020557425,-1.44442725416188,-1.34916769176931,-1.24498465840976
-2.11140060062761,-2.21122525999066,-1.47638537848409,-2.13005010540851,-1.98740595325036,-1.87974444878606,-1.48858801162418,-1.06700782842951,-0.892698480890178,-0.809170791479874
-1.57363303735516,-1.02448843035847,-0.881168069469965,-1.47946434969462,-1.40791913444159,-1.28399987703499,-0.857382465786973,-0.50915208114877,-0.426818631551176,-0.33816165125895
0.47428395377622,-0.0291697931155361,-0.11068434480719,-0.529584722899336,-0.471104758497201,-0.389924716354712,-0.115815426254105,0.179495487760815,0.25329800611397,0.324289326344953
-0.460283005309597,-0.272352857535521,0.403668593899543,-0.103710215018675,-0.0182341460640223,0.076720216321887,0.380638674127126,0.776295314411316,0.87208504295398,0.964729203722048
-0.774365198478264,-0.445860279648927,-1.76422229743055,-2.18850119218865,-2.1234803963535,-2.03854915881408,-1.76553689046901,-1.47916419324168,-1.3946878977931,-1.31864282719924
-0.545198916973592,-0.387479364134787,-0.267761949180983,-0.80061704581673,-0.712148728825233,-0.613827622560868,-0.261840642756911,0.0657819865887532,0.192597941208204,0.251708103181846
-0.959232425892135,-1.1108011886234,-1.1724671215932,-1.73207145369612,-1.62285073477551,-1.52202994615544,-1.17330644226096,-0.838515747271594,-0.715710705404169,-0.629984071850189
-1.98093064556722,-2.33821471333114,-1.09967331920379,-1.64405112168815,-1.52612855484696,-1.44107064332632,-1.10446808545126,-0.745608786224077,-0.635596099213892,-0.536296971596039
-0.7521888239897,-0.380910413164952,-0.231896142399286,-0.929784812902044,-0.816109460915622,-0.682317977534857,-0.210384877901873,0.157617832159104,0.251263731912874,0.372173507062241
-1.20557233470232,-2.06177792104107,-1.42893836538204,-2.3834049244203,-2.25426041421003,-2.05162316043568,-1.43048616782661,-0.772671903395258,-0.570441082899373,-0.453905620260627
-0.00964250936121379,-0.167234365354908,-1.33591812477491,-1.87871946988318,-1.78754556396617,-1.67458675883854,-1.3448584370404,-0.986272570023882,-0.887404056587583,-0.803783810165114
-1.00454536506899,-1.02701108926112,0.0798176613337407,-0.539222876768942,-0.432730835063178,-0.3192793796102,0.0747550186375167,0.476246782728008,0.569295965923679,0.633651533712651
-2.25054285048128,-3.25368715422324,-2.45271631810642,-3.05719867628613,-2.9516931682657,-2.82503271300446,-2.47829743497211,-2.03156597531996,-1.92479668763681,-1.82740161181379
-0.644538404538139,-0.45321067270789,-1.57721343785923,-2.05811081803773,-1.97216807642795,-1.88976246255072,-1.60780233726112,-1.22476757931433,-1.08922543344652,-1.00548029503806
-0.68174171131763,-0.581952693169306,0.989384629010093,0.449547809532692,0.534199550195993,0.669055008775485,1.01552200354295,1.28815307281407,1.36918056220311,1.41418963536107
-1.00644282447482,-1.37419051034477,-0.0150605359542512,-0.628254828043389,-0.51620732793857,-0.425777609819784,-0.0131459771317352,0.405529785049444,0.546434248641645,0.685946042294309
-0.464201045014601,-0.99989759448961,-2.0565991389298,-2.81246464465644,-2.66626375450574,-2.54409296910876,-2.04433820877644,-1.56594610579603,-1.4502093758428,-1.34752358112758
0.566684787530323,0.530123000404197,-0.373003291202568,-1.006990116681,-0.949457894163392,-0.80977314588325,-0.361520961845751,0.0319968059644029,0.155494010222971,0.255857476095466
-0.86580514972664,-0.500860592268138,-0.971193904268142,-1.5872157878941,-1.54187313736197,-1.41937654564106,-0.974090184279225,-0.526998348182427,-0.405010483730384,-0.303757451262868
-0.759514044613181,-0.978692577039962,-1.12484023564237,-1.88630325700106,-1.76267713970767,-1.62659919764672,-1.10442872611857,-0.677553941483945,-0.563126412221034,-0.446373233751615
-0.0310700134324835,-0.154020134320223,-0.671384017368876,-1.45002520348009,-1.30864468967125,-1.12538020264855,-0.636433107221583,-0.282769592963584,-0.116276044312778,-0.0183741150937452
-1.96786703163775,-1.89030126542811,-0.745610487238087,-1.29160129657988,-1.19359392287729,-1.11962036443592,-0.7763657708283,-0.310779649481084,-0.20112064593635,-0.11268802795943
-1.32134463635592,-1.67235160169984,-1.34898050311059,-1.81975791759488,-1.73729739643399,-1.66875966070893,-1.37137951179859,-1.00568178699645,-0.882961352473786,-0.795166837357475
-1.33329667277388,-0.728012059438736,-1.4489418500278,-1.99980198410106,-1.94241003482848,-1.85916579436741,-1.4697364692645,-1.026080368253,-0.897661914615751,-0.79851336947746
0.43195237271031,0.127266559326705,-2.28064409702755,-2.95483530906185,-2.86711659397848,-2.73547521927329,-2.27760678707154,-1.82554529221815,-1.70424713742495,-1.59202804473177
-0.533573641252788,-0.300920719201205,-2.57585991564177,-3.14484861108362,-3.0930183489699,-2.9889177816604,-2.55280191999,-2.1823710230907,-2.08756429829149,-2.03627112052457
-0.333314571488501,-0.56086492649049,0.116551748302059,-0.475666240773973,-0.374403524079638,-0.252773826370831,0.131292767654387,0.440229024552569,0.532455389102656,0.61960331459279
-0.826418123140229,-0.726169865793478,-0.140811816528053,-0.674351982382533,-0.588347976853905,-0.497729163910029,-0.156698194645565,0.262640788617178,0.366011565234748,0.450081834854564
-0.271046210377232,-0.13484040571008,-0.608616995027457,-1.3005516149019,-1.19305584566514,-1.0757000468849,-0.630255661401528,-0.112474138216773,0.0281828093934821,0.147809584126468
-1.69140898164325,-1.17337915346722,-2.46761964677571,-3.26257595288579,-3.15827688351342,-2.96850526301565,-2.44332584805527,-2.02704836113157,-1.90183602326244,-1.82617367181328
-1.58575176346511,-1.3616166339268,-1.18043594841489,-1.8827756199959,-1.77719381137039,-1.62432884282433,-1.16980178491365,-0.766310158258742,-0.641729335532065,-0.558177632180809
-1.14897709709224,-0.869505581832205,-1.86245933438287,-2.59739659703104,-2.51349365974995,-2.39765932344567,-1.89074725257168,-1.31955990070599,-1.15697929817286,-1.00558781218393
-0.562635499191666,-0.362844082361464,0.0220412690566546,-0.495160375481273,-0.428474013868165,-0.321145706204065,0.00678771476179123,0.368978360097476,0.49230586115268,0.612175339428017
-0.743959329111671,-0.963324555775873,-1.27771759963186,-1.89403290300848,-1.79574733389046,-1.68258250744001,-1.2853858793717,-0.87416962517572,-0.747555827651858,-0.638642977009709
0.0464917636824672,-0.112831286297194,0.710669769001751,0.239975489983379,0.329676947284314,0.418132020712369,0.700265192455615,1.04693050032759,1.14708417030328,1.21997542563447
-2.51536188998253,-3.07495461044385,-1.5756668367213,-2.23599222529661,-2.16486681036426,-2.05011306083033,-1.55448586954457,-1.13805479548698,-1.03773519265878,-0.935174065103984
-0.993936784662696,-1.97847431060223,-1.60017018028742,-2.17697074463459,-2.07450285922038,-1.95774471917022,-1.59180468596542,-1.23670304675874,-1.16021908524765,-1.07961507692857
0.0030251886406493,0.310079252101397,-1.50975255714674,-2.1121274509778,-2.01192113982837,-1.88730321615574,-1.50168484933666,-1.13966598313531,-1.05680784276442,-0.943048811885044
-0.620257897333729,-0.657658375129289,-0.798773631313793,-1.42310883705264,-1.34430812923588,-1.23361783105278,-0.787075866697528,-0.395447962006445,-0.299723702131202,-0.194497650410593
-0.467662408433491,-0.229289344963555,-1.99431950571785,-2.63748603434339,-2.5131587969205,-2.40275573918667,-1.98894377846353,-1.59910847626786,-1.47765700047282,-1.41113875197586
-0.375831597368763,-0.216643998648213,0.0172375348552636,-0.528986308076415,-0.440736468639061,-0.323060176262567,0.0223094841154479,0.349089462845358,0.447705867731423,0.520030770606006
-1.03749470563083,-1.30100170065313,-1.57769991083174,-2.09415449113961,-1.99471426087034,-1.92258426228602,-1.57799417243442,-1.23723708163648,-1.14368329952376,-1.02235158384972
-1.50736859837037,-1.94491582472889,-1.27368896311395,-1.81263258025175,-1.73124493900218,-1.60735944195008,-1.27338999472122,-0.907865553833562,-0.818744026491338,-0.727421050731975
-1.45480210178789,-1.64643453443513,-2.36060769688725,-2.99509959467326,-2.90789496314433,-2.80092200774212,-2.33578034413433,-1.97589513471491,-1.90379644464826,-1.83870786997714
-1.45280419895829,-2.09972204202822,-0.8877900514861,-1.51263674023046,-1.42104306073132,-1.32701056276745,-0.896307201136543,-0.455518473790229,-0.323532562213429,-0.198259290965186
-0.318478979426541,-0.249332220864662,-2.02278051161626,-2.60027777410044,-2.52186276459862,-2.39603828901204,-2.01574710470707,-1.66363170495797,-1.56291203396979,-1.47140010825251
-1.79090651769061,-2.50338339079073,-1.35264880109177,-1.81288699701685,-1.73148132901959,-1.6564327133386,-1.34608989311288,-1.06350333482507,-0.973281699095523,-0.900968345194536
0.557247318820178,0.340543621696017,-1.56467540620728,-2.12954823567447,-2.07626378330737,-1.98789383586358,-1.574560981447,-1.11050283717351,-0.944275332165923,-0.825734781409402
-2.012910810702,-1.09276627663642,-1.4999799712489,-2.47860551221377,-2.36178720281807,-2.04948470580255,-1.45335626036574,-1.01881780215737,-0.92540848522766,-0.85853392051835
-0.917770165170268,-0.495844489520363,-0.150932243194549,-0.705253377621951,-0.614561742514146,-0.519112392138393,-0.140405294275145,0.202707257108051,0.29722713061299,0.401037913989588
-1.22153168079088,-1.68402485820622,-0.146271315508162,-0.686345119096759,-0.613937409486349,-0.524081548727188,-0.145626416853771,0.218809582290054,0.304289591668267,0.414073972980097
-0.673651927499827,-0.504440507515272,-2.47288343026436,-3.1242306673223,-3.01177207821582,-2.88828213999553,-2.45583424659396,-2.08008465427166,-1.98740296084254,-1.91119225852195
0.295957785913997,0.170308596911504,1.214569350336,0.592921486425292,0.675459462266871,0.778088831830306,1.24324625486568,1.5937828017993,1.67824787830502,1.73184413200903
-2.46158922862668,-2.46987863733608,-0.90706438934194,-1.38054966696789,-1.2932182226996,-1.22165135118732,-0.922780980780104,-0.588919040364264,-0.457736314513372,-0.39393982953068
-1.52839480395227,-1.97643316535455,-0.369017222578904,-1.16599601714238,-1.03062079043126,-0.923128761420257,-0.393105473502308,0.21365154570434,0.357683852317139,0.431657340529706
0.00989948920367147,-0.412228107424094,-0.497771793199479,-1.03419636305166,-0.951002698015024,-0.842488284400178,-0.49590281393213,-0.149005623285748,-0.0598313798173071,0.0221088264252021
-0.927822226130048,-0.58187449085736,-0.464048442916404,-1.0154935754727,-0.930703271562636,-0.822319214037092,-0.457004187202118,-0.112453383509782,-0.0142536850900009,0.0683739698897555
-1.97400266238695,-1.66980263760905,-1.76686157814738,-2.5422133736912,-2.42559122087291,-2.29911177095538,-1.78137441885323,-1.21636518640629,-1.05176828974497,-0.950249802970897
-2.36877539412443,-2.66161837751085,-1.84614806365572,-2.44005384511669,-2.34846539930085,-2.22227301362518,-1.84476733528017,-1.46997920094303,-1.35703469829025,-1.25412784857985
-0.880162356636236,-1.2488532824903,-0.0658256295577486,-0.594678084375301,-0.512176561079283,-0.421153330258044,-0.0729387582245637,0.324974782707738,0.425798275896161,0.531769611644249
-0.137952444653745,-0.196244613630514,-0.285558503272272,-0.827935351694237,-0.746976615667853,-0.627895565178598,-0.282201571357904,0.0438783385697462,0.156045225379821,0.230981304575765
-1.22280975807723,-1.26295563835499,-0.437711414526331,-0.95425879230775,-0.877027285767117,-0.77213413067737,-0.435445432356554,-0.100379329816732,-0.0371814218153877,0.0253500681821804
-1.03581079544475,-0.63402445875322,-0.757360814928692,-1.41556160974875,-1.33381305662541,-1.21744294146939,-0.761073717780688,-0.299307923134579,-0.19327109826966,-0.0670230384611309
-1.3032514307683,-1.05898075786116,-1.04237705322007,-1.52732652133158,-1.46045570070819,-1.35530183793851,-1.0534116748679,-0.691514226222597,-0.590307743814566,-0.522677274352397
-0.823185853615461,-0.582765036525833,-0.288944850965797,-0.870461131100716,-0.745466978630648,-0.67049723229557,-0.293076493359062,0.0805137473962874,0.165718892847968,0.253877349432659
-1.8544477352381,-2.60633612242305,-2.59575323803436,-3.27873951450569,-3.16466975620076,-3.02557065931787,-2.58203148243173,-2.17521541930352,-2.08231337246649,-2.00377237152048
-2.23237813471506,-2.09448165519435,-0.735509093575953,-1.31040689222613,-1.21500294528494,-1.08626400660278,-0.719086580366496,-0.416228164252265,-0.336937391039825,-0.266611940896292
-0.723817797458084,-0.510212954773673,-1.37357188954202,-1.98521077029953,-1.89747490302058,-1.78208289801674,-1.36412363895598,-0.972754231609754,-0.8765502200138,-0.787853297271776
-2.03269379109207,-1.51144040156999,-1.41009203990348,-1.9767982623157,-1.88800993588597,-1.79053589698288,-1.41682725317713,-1.05388120359318,-0.923704195876529,-0.811320805071773
-2.06748077608727,-1.99898387431925,-1.79637761357335,-2.40241898690956,-2.30010756240381,-2.20318351355842,-1.82213089754797,-1.35770959730279,-1.22386590449091,-1.11606454894888
-0.501402593319591,-0.646832087173195,-0.901371794555424,-1.48756219387468,-1.41131809980754,-1.3000355865321,-0.931515973008332,-0.41832110249046,-0.281438402796323,-0.177358716172952
-1.08481427970879,-0.407404061723829,-0.652832124846241,-1.2319238341842,-1.14126148166297,-1.0441751393451,-0.645514464562778,-0.260425098704891,-0.169119973729266,-0.0801088029252943
-2.09228053187578,-1.20098241908273,-1.27476850884938,-1.90618108301531,-1.79369133767433,-1.66887940604765,-1.26545186111467,-0.874614943314335,-0.745241949121074,-0.664947057368395
-0.604923563356059,-1.42259145812452,-1.32982057237178,-2.02581379124241,-1.87135436952684,-1.7126292998486,-1.31486990915606,-0.952716294920825,-0.848025285463453,-0.771689425488581
-0.260207037499389,-0.0960510212158276,0.075852529233287,-0.331528391352626,-0.271647617392529,-0.204607002842361,0.0779358143989166,0.363310697457752,0.436696370578737,0.514351535359524
-0.91233996578093,-0.601587163312742,-0.573426674158363,-1.2482578496583,-1.1382160760474,-1.05314265147504,-0.620455999821471,0.0322865690869396,0.173464427231679,0.279692960945782
0.0244779829747949,-0.0773925211046924,-1.48523044871055,-2.10455116282204,-2.01832171866007,-1.89478317199434,-1.47247957817473,-1.10764019540093,-1.0067291053724,-0.901341331352492
-0.529950983976993,-0.331827391631026,-1.46309631468578,-2.01977276107068,-1.93162670709096,-1.84171577766047,-1.46711782277643,-1.06856349625839,-0.974116311705999,-0.902728785441771
-0.0245809959727352,-0.165863696518065,-1.50559078304626,-2.00089442185878,-1.92921229690585,-1.84201317049101,-1.51334951967247,-1.16520512723268,-1.05356771791599,-0.965946736668273
-0.920866640105933,-0.75820007166664,0.82247922357775,0.212554823971334,0.331139639132985,0.438407972190694,0.815853030401694,1.23102814808266,1.3358538106114,1.46712847144945
-0.813137402885849,-0.776983769835853,1.34062758399309,0.803312937284049,0.896588046589977,1.0119671395348,1.3516943754986,1.66940672627201,1.77936792592815,1.88258493070847
-1.07495272134452,-0.928854705510238,-0.0236945954864456,-0.548862071960394,-0.457916885694467,-0.349270961411272,-0.0227172040157421,0.291253428231607,0.411681974084061,0.507784782188165
-1.62966036183024,-1.46725910434413,-0.913432150046301,-1.36093368012451,-1.30127229200264,-1.20740168542812,-0.906406112158745,-0.628562348782631,-0.546155530637918,-0.464754576914565
-1.13505781940596,-0.762411558807119,-0.0447226397957594,-0.855311026856382,-0.694721901492262,-0.539442811145716,0.00459319124704139,0.362877242231411,0.459537057163855,0.574389261808197
0.0153930110001454,0.49256740390993,-0.781797639479699,-1.41922128888652,-1.29194668559699,-1.17116119964923,-0.768110383192505,-0.399011574435705,-0.268537798630546,-0.200666652968232
-1.21658413069284,-1.11199314360123,-1.2908140049186,-2.03993565197995,-1.88357230415294,-1.73835938854509,-1.25907648790639,-0.889613744840242,-0.796847404697834,-0.721843450048993
-0.720624429201736,-0.643084129093089,-1.38059991638184,-1.87207657203259,-1.77794188336036,-1.70431334571868,-1.38605166516722,-1.06131623965966,-0.973566816547872,-0.914801941323882
-0.836470264781405,-1.16338047850273,-0.525981504543303,-1.18381003364473,-1.10313064143398,-1.00202382137614,-0.5413470078828,-0.0311204886102098,0.0826723657438277,0.165287642222617
-0.246564456636202,-0.370397351771192,-1.20214253430278,-1.89072071986573,-1.76890067432061,-1.6420855137117,-1.21041380094109,-0.752196337476527,-0.642989312055047,-0.539864390042122
-1.38238496239983,-1.05008601477177,-0.77640506064332,-1.34276349442197,-1.2360139003016,-1.14299023000021,-0.784014480573658,-0.416148043469408,-0.323274497115611,-0.262096876068607
-0.607452274040769,-0.451564591489414,-1.21709440249679,-1.88328890169844,-1.79032422866064,-1.66240526238255,-1.21366809962932,-0.771539030019645,-0.668519070801801,-0.565405950006294
-0.644360536385598,-1.13306719203709,-0.211703530120572,-0.735179488024125,-0.664677093095821,-0.565405907841703,-0.21200219797251,0.136974210614964,0.225067513118623,0.291374936267551
-0.367709737434662,-0.537083229261231,-1.60802875304461,-2.18697597789641,-2.10703684895735,-2.00266710110439,-1.5965998372959,-1.25301883733894,-1.14824737046131,-1.03997915215707
-0.290695301419987,-0.390688251390986,-0.622899754007283,-1.1937682566523,-1.10457182275282,-0.986200230326878,-0.631906776505993,-0.235141283049945,-0.14874884697818,-0.0911749790937024
-0.466023846355108,0.019359255560639,-0.866269630475968,-1.37055057638255,-1.29231131083081,-1.22119252067485,-0.871387016392817,-0.521135450637476,-0.42353882515974,-0.315995196545825
-0.319420369349634,-0.323182944050686,0.231072285776546,-0.37063696807093,-0.270457245513573,-0.173494139983514,0.174103309210236,0.738850492711101,0.967386672395151,1.0880215429545
-0.35549108071976,-0.469983283090649,-0.738157444549233,-1.30342271522562,-1.21814458512113,-1.12969290801677,-0.754656003483962,-0.354934927698338,-0.211074615561803,-0.091786789970944
-0.187211459859756,-0.271042783706607,-1.3729333994359,-1.96756862700115,-1.85292430990645,-1.75295059222843,-1.37971322578728,-1.00614846052596,-0.879817470008848,-0.758319635856656
-1.04271222471467,-0.639614751153473,-1.50143713364557,-2.13306000946877,-2.037705015284,-1.92941347189652,-1.49523688736046,-1.08403026368166,-0.993570728912423,-0.882715504400934
-0.672344631440823,-0.940728904542531,-2.21398283183989,-2.88378687123925,-2.76752590560226,-2.64127482032044,-2.1926863154416,-1.82125155356788,-1.72461283016223,-1.62378421030249
-1.5283468574301,-1.8482581190718,-3.57388707274748,-4.29028373236189,-4.13803223416246,-4.01451566854928,-3.56343178628477,-3.13547231185773,-3.01741864982601,-2.91451413176765
-1.11805728331307,-0.884954998269395,0.477030888499076,-0.128810798231783,-0.0407782137779713,0.0579744750021917,0.478260253298451,0.870857094265941,0.976269987023093,1.0850999029655
-2.09717768400748,-2.44996583415063,-3.50946167660232,-4.23295307282669,-4.07697259348424,-3.96676262493211,-3.5412927502074,-3.01483166178012,-2.84231891348774,-2.63915759140582
-0.405887260102771,-0.211412222361538,-0.683945376783185,-1.31888890212549,-1.21343881431466,-1.05241686130004,-0.655775201008089,-0.32874057279658,-0.216614593049812,-0.15373920578856
-0.961086346533356,-1.21524254196489,-1.34006850179376,-1.88809838317425,-1.80441559438296,-1.69709170450538,-1.35508132064179,-0.980707035669949,-0.872427242346089,-0.752252689687625
-2.79673646032632,-2.83320617593075,-0.373232834858572,-0.962251681831781,-0.864427901403738,-0.758643201027881,-0.359992318395706,-0.0164660468773154,0.0675220173169608,0.157011386156909
-1.30853196918884,-1.01821754025498,0.3239790227661,-0.173802816194248,-0.0930263654026593,0.00430246286473051,0.321953979728599,0.640130487357875,0.728352215805702,0.836972192134591
-1.10866049920561,-0.690124977956279,-0.525661507662859,-1.00318670401682,-0.942532876431408,-0.845974713360545,-0.533840715113592,-0.207975610290851,-0.0855850218111115,0.0128979446124702
-1.80274553905349,-2.06458070816701,-1.90828609680546,-2.68938069990355,-2.58539404763619,-2.44436580888064,-1.85008626532861,-1.47962469984627,-1.39124406293208,-1.33282266215517
0.175641558681257,0.333746052561926,1.23146507251773,0.610939650502112,0.697020932688583,0.811070015235915,1.2695897510157,1.57526125919859,1.67422330025106,1.75082799847521
-0.584699562999114,-0.151147800053066,-0.478015875395727,-1.07876117837339,-0.966684134516545,-0.855335261087838,-0.464640925920547,-0.111370813268515,-0.0235956451936554,0.0751645740304101
-1.63596350417066,-1.34532384665975,-1.50956755936736,-2.23433250701283,-2.11442826490127,-1.96872345927252,-1.4940229016544,-1.09521173198476,-0.961935375297513,-0.876444281147138
-2.09864991498949,-1.51304847329403,-0.468345577598801,-1.09365782735758,-0.949739006671246,-0.849012089324,-0.471064113000637,-0.10177365162333,0.00402967559198323,0.0985484968966665
-2.67986757063009,-2.01679910052181,0.394166204000066,-0.181773879007885,-0.0953028006817449,0.0389513029997298,0.41594283238775,0.728960846829548,0.808102949122928,0.892474926576901
-1.91774839373519,-2.18790316897011,-2.43528215700331,-3.08162312625094,-2.98810532017,-2.86369408034062,-2.43155844410851,-2.01577269368975,-1.88932935308301,-1.81955013027481
-0.714330952974993,-0.572558801991678,-2.1746338987623,-2.84197990523788,-2.75921117649399,-2.62782519116409,-2.17983813261523,-1.70502677723435,-1.60054440179473,-1.48807691332049
0.294687382232575,-0.200906512597356,-1.27198367978155,-1.89182891366331,-1.7855479915897,-1.67439923091223,-1.26604321017227,-0.900543325737299,-0.768620132763072,-0.65021467839517
0.717387078496946,1.13572983895202,0.0674570774394803,-0.402729889780983,-0.330614211775196,-0.246282298644757,0.0684065124118841,0.388951446141194,0.462083220512359,0.529499009065996
-0.884544743495773,-0.837155332790793,-1.59258535923515,-2.28127139862684,-2.16528585125367,-2.05084841676071,-1.58900379326984,-1.16282800645613,-1.0436946004679,-0.934298238898455
-1.47835248764699,-0.892427469694029,-1.25021184052084,-1.80466167036377,-1.70243271296305,-1.61673671378002,-1.24758129848078,-0.887358423095438,-0.7902325798084,-0.734656627891009
-0.505013600509192,-0.470353803374415,-0.531370448812522,-1.28998152472071,-1.18457650896491,-1.01888443613792,-0.582611823367564,0.159457291994686,0.369204929034887,0.499085996232167
-2.8589684426083,-3.26174055228142,-2.90709420187677,-3.51370388329584,-3.399946337545,-3.28479657474032,-2.89425302808752,-2.54904602984014,-2.44385868451293,-2.3714830810225
-0.154967433688045,-0.521857106932867,-1.57886768053191,-2.22698310476648,-2.13192643427956,-2.00623201328393,-1.57748228261316,-1.15281480288431,-1.01539476792386,-0.918892619754192
-0.895593244753508,-0.418635089636073,0.12486161424037,-0.448857642569822,-0.339829705697857,-0.220952424685015,0.127883634147743,0.46713231765354,0.574416300615316,0.629820607294206
-0.916066797451724,-0.842658045403467,-0.640083416075726,-1.22029397410945,-1.14036613381262,-1.04153899380701,-0.655891477265669,-0.236353422880075,-0.089832417144878,0.00947713666904297
-0.93939010618535,-1.0198585695998,-0.484517132360937,-1.17572197462998,-1.07646444015062,-0.937031249088226,-0.474081107802308,-0.0316082911896408,0.121845865721559,0.223225491627478
-0.532066954728476,-0.454115897911628,0.0123458795383962,-0.54434946389667,-0.471444404109578,-0.369141553504529,0.0151572821757585,0.369924337966118,0.457344054249532,0.549165351967761
0.16301352206263,0.0375984690820997,-1.50151472309925,-2.06631277638026,-1.98701974933864,-1.87418924788266,-1.51664982559331,-1.11191088495399,-1.00953379855329,-0.934771176368554
0.321938836659115,0.281548774243146,-0.776244384688497,-1.43761158650345,-1.32240488824767,-1.2175359562384,-0.762237295275125,-0.372468180678327,-0.282614175291178,-0.181408147225359
-1.58649811471031,-1.90813860803315,-0.0089047837816094,-0.642053854715292,-0.537368780046365,-0.392230131019808,-0.0194409071660806,0.417228197980983,0.541943871625164,0.663551454760753
-0.843612594687101,-1.16833504860812,-2.42577567892822,-3.03496676882712,-2.94639152708939,-2.85324607224881,-2.47268182700385,-1.94928783848941,-1.69204576516388,-1.50732794726635
-1.77806291950552,-1.96928669000098,0.601500808537229,0.0518442780983625,0.131887973047578,0.218861442000112,0.610855227594666,0.960203485764111,1.06504211992925,1.13683467741102
-1.6201723258512,-1.7319127192146,-2.61363711926978,-3.29276006433867,-3.17865930811931,-3.06073803238426,-2.63791250270977,-2.10700028938494,-1.98223192736171,-1.88239535797201
-0.991624982368875,-0.832768485209039,0.0132460722857119,-0.473733482866696,-0.424808285970299,-0.313939517475045,0.0174968231982006,0.346863393056658,0.44400414482688,0.509523990335052
-0.265496428589063,-0.791075765861725,-2.21964012014154,-2.85782414275543,-2.75063361732266,-2.65794001864796,-2.21130648574567,-1.7888096591403,-1.6807319286729,-1.58250842756455
-1.40459261538976,-1.57210989914917,0.120516289195533,-0.447560815650174,-0.360393258016206,-0.256985555028987,0.109020335353732,0.515148355468106,0.61612234284863,0.755615572644924
-0.760562665994908,-0.804241306413692,0.393452793643471,-0.434750697375067,-0.337718820079813,-0.172893174236439,0.443222294384163,0.836707026567931,0.949535176941645,1.03293882497365
-1.13451008080907,-1.67550576833041,-2.12646806186631,-2.68015050728657,-2.59840589491321,-2.48759006981533,-2.10791044247524,-1.78622116709771,-1.6754157943406,-1.58603200676237
0.126868148156607,0.0585569479052538,-0.24121161774498,-0.828452070013773,-0.765726147576516,-0.63298022146385,-0.241389363587563,0.146064253519261,0.23500968826531,0.326449417848171
-0.475832470382368,-0.14691859466755,-0.675371872242069,-1.32076335190269,-1.21516923786263,-1.06608549711291,-0.650568006329221,-0.327730672477461,-0.246995890964969,-0.167507518156507
-1.45580518463614,-1.96727603199873,-0.632514931168277,-1.19683778471244,-1.08818639382739,-0.981445997242833,-0.64580655223044,-0.237103167487194,-0.116061823530023,-0.0216993027921313
-1.82767415306172,-2.22265666860238,0.744117322398537,0.191769961528742,0.276919215986583,0.397355683257145,0.744743918039075,1.0752473238919,1.18599463981868,1.26388376854841
-0.109601462784424,-0.241958067808212,-0.389201964817173,-1.00953872713419,-0.917147534489069,-0.819422964278798,-0.368201039552526,0.000592400828893099,0.112079609173623,0.164921315767231
-1.84141668066115,-2.07080076114539,-1.3667706655448,-2.10742559802735,-1.95611413118831,-1.82405324004865,-1.32338137244429,-1.02138907958894,-0.94306242374724,-0.858750410046667
-1.77481657097769,-1.73853889076017,-0.415388747606165,-1.24931905537546,-1.12339338315713,-0.974143815245093,-0.412523341891249,0.124592918432489,0.266548667351825,0.394887446622515
-1.24350430264214,-0.747377669249945,0.215770478517574,-0.533925834727858,-0.42530262007522,-0.278753394928741,0.263816522554798,0.601475508277317,0.721109824331233,0.813134575110018
-0.927070425415252,-1.18244457264748,-0.61723117234214,-1.20885377615544,-1.13210295640036,-1.04071865717064,-0.644040316402072,-0.145142554020786,-0.0344309814455223,0.0376508543269235
0.000656452400486684,0.226079879447717,-1.92627152241757,-2.62197564418278,-2.49765856448142,-2.35701118704237,-1.92642456112456,-1.48740095356493,-1.37792811989839,-1.23761413621931
-0.683483249502938,-0.673943456370378,-0.782692912735904,-1.29185449131701,-1.2079710262134,-1.1121639413487,-0.80416100267074,-0.403001055229533,-0.262881874015607,-0.16942409603717
-0.729320252944064,-0.394694567517288,-0.583747271642775,-1.34685365369062,-1.26242646547862,-1.15316922641082,-0.620926685574454,0.105364592416847,0.291659278380727,0.383635742808248
-0.959815177323696,-0.81676027958607,-0.398998541540181,-0.933351589349346,-0.850761843932469,-0.757227437393219,-0.387849288772479,-0.0610931107004179,0.0185530096042,0.0701912960243823
-0.263601473240484,-0.0648315038905781,-0.804131523539078,-1.32474805161907,-1.24438152144034,-1.14279024020426,-0.803375842431864,-0.443351792941694,-0.349464555345799,-0.273699155138818
-0.855430708514259,-1.23433137829929,-2.39903001626013,-3.03972038048656,-2.95625033661295,-2.82278456832273,-2.39701125484541,-1.96910395379886,-1.84212332051395,-1.74568580321271
-0.761774054134532,-0.393959344427727,-0.423554291734049,-1.00352616604357,-0.893804897386261,-0.783676075101962,-0.421622338115624,-0.0556667277357614,0.0434620355662139,0.121748173104318
-2.21577637496129,-2.64571480854013,-3.03221862588297,-3.66618032110743,-3.58875809571272,-3.4848712494011,-3.03546108414163,-2.57319296684539,-2.44217678529325,-2.33705161654514
-2.00912373147826,-1.85904880554901,-0.746342016429139,-1.3209403648469,-1.24089462856538,-1.11432768053947,-0.739117458242794,-0.36159223045774,-0.271075181716665,-0.177268936422764
-0.510712590425254,-0.554396624922011,-1.38922975642658,-1.95408902413977,-1.84618711967656,-1.75306711982077,-1.3963189135879,-1.00517791247882,-0.904526568071848,-0.818047792565326
-1.39754470576782,-0.955068029986592,-1.20798009242685,-1.63031559492717,-1.56248534624682,-1.47926148413078,-1.21769984839354,-0.921876608162993,-0.810296812000872,-0.751419088591696
-2.09709173163511,-2.09041105912331,-0.522491726622659,-1.06459183997231,-0.935157601595058,-0.853843375106473,-0.517877259376314,-0.193370032872879,-0.106234979082876,-0.0350678258953217
-0.49141302558313,-0.717850750866137,-1.18805827694046,-1.68493490111224,-1.62169922435284,-1.52843305080364,-1.18957050116952,-0.841907428834459,-0.737543126543535,-0.640230448265138
-1.64828388048159,-1.45698809825311,-1.08647962662858,-1.7095474115503,-1.60566392727404,-1.48899259952996,-1.09223512350812,-0.673624281949696,-0.559422737479094,-0.473016381435937
0.628355601372842,0.515569263574471,-0.681993391980429,-1.24028626946953,-1.18299743249236,-1.06803193052915,-0.67393092195168,-0.327425824733671,-0.208988328098652,-0.108987170126208
-0.983554875220701,-0.946440009135743,-2.9087698626144,-3.43141805883809,-3.36737041888524,-3.27673031617105,-2.93375750597873,-2.49571910960474,-2.34518709264496,-2.20425125600638
-0.369521886930145,-0.707010913894535,-0.288278539145308,-0.908716847231202,-0.818439575941561,-0.700503751189619,-0.28460937676581,0.0944793308334193,0.194322238555696,0.276374077060248
-0.176055444395065,0.333787189770204,-0.925666067571903,-1.39313937912532,-1.31406241311159,-1.24847205170417,-0.918138467270075,-0.623205789608044,-0.497590963212713,-0.416094091699196
-1.03730278400798,-0.717422511294663,-2.02541469379132,-2.88511296399532,-2.77301897247864,-2.56893235648876,-2.05570552720048,-1.40184786339055,-1.17899609129278,-1.0204655824201
-0.362808802189746,-0.226380486325184,-1.43018050661665,-1.92613768188735,-1.87790830470977,-1.75241353135247,-1.437205635888,-1.09130394210859,-0.987517162116097,-0.887212545863771
-2.2383833664256,-2.33906803489674,-1.63720980922743,-2.12301490380566,-2.02509454094307,-1.94204652950634,-1.62101624970064,-1.35069962373345,-1.27493166054818,-1.21940234256188
-1.43596542928049,-0.575679503835313,-1.77031150409223,-2.38486972596035,-2.29175306408604,-2.16743739726084,-1.74753794640311,-1.4023861340805,-1.33034435964231,-1.26804765422136
-0.0960241885501246,0.0921517585523717,-1.86755584414022,-2.50907783000023,-2.44147038735106,-2.30086851172633,-1.8815869561811,-1.42532568281501,-1.27682363391763,-1.1367674494115
-1.55298501987944,-2.46561014298037,0.577384106527494,-0.0791400982788696,0.0525983151786579,0.167687604888125,0.586814937328704,0.963165781553101,1.05426066214683,1.14052982344908
-0.282849959959435,-0.360121073014786,-0.655202641468113,-1.23474300448228,-1.1626373949313,-1.04603302934166,-0.653751062779528,-0.280416520313074,-0.175909613873406,-0.0815309939120905
-2.52125344611246,-2.73656103191617,-1.52144354495845,-2.09200252929935,-2.01155688085633,-1.89651583252663,-1.5275595187852,-1.12451302463518,-0.953917897183081,-0.843668744402278
-0.847632073377259,-1.48121689961227,-1.27060638292962,-1.94594384118901,-1.86046291452233,-1.71774309043303,-1.26550466170789,-0.856816664029677,-0.712900528562784,-0.626063469935743
-1.273693003551,-1.36027562417968,-0.626709544249298,-1.2127431707925,-1.16070035820949,-1.04145351350481,-0.666581661210982,-0.0984616924055834,0.0947534650605691,0.239330440999946
-0.888066744223154,-0.65863951820358,-0.56097288587367,-1.06559426268815,-0.977113728108489,-0.884403966338548,-0.542276979895621,-0.26776936694331,-0.169926575639281,-0.0898245113861528
-1.02161297163219,-0.777943719711032,-1.18244251485231,-1.71130297887684,-1.64754766766767,-1.55184049499845,-1.20024667966742,-0.791927284238424,-0.660786775039346,-0.592641729997938
-0.0722451430622812,0.1537298375779,1.19426073653323,0.575049036263653,0.671322382002132,0.79110050311956,1.18566227485345,1.60962903998766,1.70831111227122,1.80616509766683
-1.52520020214136,-2.07621377897092,-0.411333470502065,-1.01395228146515,-0.901849736401862,-0.790218811595897,-0.396539244970402,-0.0523353346376716,0.0434409877459526,0.16567347816939
-2.5391569262586,-3.0783418115155,-2.15523153623867,-2.75980975711364,-2.65203049242769,-2.54408081246598,-2.14386738153789,-1.77464063583302,-1.6922660892761,-1.60689372095629
-1.40406025976353,-0.715892389044663,-2.33158710545779,-3.0357360719682,-2.92311888792939,-2.78868502339348,-2.31442474504705,-1.91304248733613,-1.79832424202741,-1.6975840071767
-0.755096606580392,-0.0149873775681942,-1.66913491720688,-2.3123213837051,-2.23711886537501,-2.11494639656652,-1.66242313314568,-1.24415562342886,-1.10792642344288,-1.03070596650285
-1.36798489132601,-1.06089694287534,0.645182466971762,0.150142096250242,0.213936172816138,0.312330318210907,0.641064562932344,0.995855952524645,1.07552004021548,1.14084959047763
-0.0835050796068782,0.0504040397973214,-2.00645214253335,-2.77049346991831,-2.61225779724871,-2.48683831929855,-1.96387400042545,-1.62285104558026,-1.5460691183737,-1.46938985758308
-1.5351817190137,-1.60228324307561,-1.99858594227177,-2.76463557906717,-2.62718141644653,-2.48667995317483,-2.01366322960234,-1.49128877385209,-1.35313598182752,-1.21125205855199
-1.2064769546984,-0.95820506170921,-1.16435453416379,-1.71304759666634,-1.62210047774665,-1.52089831749566,-1.15803599104002,-0.812090402325451,-0.7219286199474,-0.620263325971688
-0.864161881937558,-0.554516204112239,-0.915166425810996,-1.52347870862618,-1.3918932400904,-1.29148595289493,-0.902196542863292,-0.551576264149554,-0.447545415702971,-0.345167359481839
-1.16343367913645,-1.10133745794707,-0.935568042134787,-1.56895981875007,-1.45103014335694,-1.341735523903,-0.944912115585491,-0.534940339723613,-0.41940327774196,-0.338971539779269
-1.62008069797364,-1.77895359524485,-1.2528117286785,-1.76146306554976,-1.68323170463189,-1.58206673789258,-1.24313556670704,-0.941118120440996,-0.851103466729521,-0.802699116918944
-0.695610712862248,-0.321739652169943,-1.21204836161483,-1.70516170933947,-1.64512947705551,-1.5906952140001,-1.25401134073762,-0.784936536423587,-0.622649086365509,-0.534258375179431
-1.00431163484504,-1.58992495751169,-2.52350234674319,-3.17386041372949,-3.06106675861689,-2.95893206317345,-2.52809950006396,-2.08669515092784,-1.98248752480042,-1.89227522318846
-0.639189087036817,-0.792403570242464,-2.2822365479744,-3.16764603035031,-3.00006742245453,-2.77224807876555,-2.25202270156696,-1.82708911770534,-1.71294074285767,-1.61032570271323
-1.06305134923645,-0.877017526007358,-0.895547417999264,-1.48298393052181,-1.40022568121619,-1.30545485422019,-0.897237042794001,-0.492112979013022,-0.356289301825672,-0.251736956603664
-1.9365046471107,-1.68764876831554,-2.81396139499892,-3.39878607517539,-3.29878062454021,-3.19020598479492,-2.80613689953309,-2.44304251635528,-2.33852901351547,-2.24746436906585
-2.16113725795601,-2.69942120235499,-1.23292653495662,-1.73103690278666,-1.66276327485474,-1.57712681206939,-1.24555072306143,-0.856652152488836,-0.699442686286574,-0.580249375368624
-1.11318209996283,-1.21346953181672,-0.293549161804634,-0.869772224377025,-0.771184932264757,-0.673369762556408,-0.310131877031706,0.116711964854097,0.218184982893852,0.278158771173273
0.585388341057828,0.577742498514562,-1.90015112280655,-2.60956522657754,-2.51746352382795,-2.37078704385608,-1.90718357572545,-1.41266153360546,-1.26924232395913,-1.13776454001958
-1.07150883000185,-0.732031146396539,-2.34445356051662,-2.96848090740108,-2.88227757566317,-2.78893175321055,-2.3524369877256,-1.90290726777968,-1.753806104928,-1.67013246121908
-1.00375824764905,-0.850696780774076,-1.45645917830778,-1.99307705154344,-1.89512411179111,-1.80946247603882,-1.45230520575168,-1.10688931610196,-1.01225488373734,-0.95062154657297
-0.984814509374362,-1.11833197095299,-0.638048169077343,-1.46723122549124,-1.30319016329008,-1.13545731291222,-0.599867638700893,-0.186626607009447,-0.107088027960445,-0.0348329849089776
-0.5396439224035,-0.320754639121671,-1.86723799855089,-2.49614453729641,-2.36117290231638,-2.27280780115583,-1.87472805223996,-1.46502656714726,-1.35292073618674,-1.23715216082912
-1.29309862054019,-0.989762288255994,-1.04994718780505,-1.48457269294445,-1.42147834384713,-1.3473635816971,-1.04447172641586,-0.756136069784984,-0.693250627016812,-0.612695069251492
-0.0575325217404211,-0.743520940811716,-1.95505612251002,-2.63149237235843,-2.51170539099327,-2.3758376162095,-1.95572262882794,-1.51434540590379,-1.3996220799441,-1.32159002129619
-0.522628130788587,-0.637966285646077,-0.845191886995358,-1.51955216814302,-1.39273997781433,-1.27451239035501,-0.824536544777936,-0.439554840778982,-0.343455058912735,-0.259005656073471
-1.07261800698955,-1.12600591909745,-2.03631329392658,-2.61629965441727,-2.55153932753511,-2.43769392540339,-2.0377095071273,-1.64421116509483,-1.53821268005001,-1.44942678660977
0.193065772678602,0.577431305258769,-0.640890631692453,-1.21640906780154,-1.11620251737857,-1.04313294956583,-0.648035960524825,-0.243829119479415,-0.15295423254203,-0.0494340404262325
-1.48076646933224,-1.13538865990331,1.63201770388992,1.01558484156572,1.08661455188866,1.20379496669535,1.63536452449854,2.05356488659054,2.19865483122385,2.27908419122198
0.173644082680675,0.3575228068747,-2.59136713392354,-3.20057899739154,-3.13554856914832,-3.03655416307796,-2.61269186236969,-2.12077326010195,-1.98297931682751,-1.89554146765149
-1.25021939599631,-1.24100598143019,-0.943101302705277,-1.40251652592904,-1.33681636992599,-1.2642187356101,-0.931965724149303,-0.654889885310815,-0.56919736399492,-0.495710477342225
-1.66434223153238,-1.92192978665595,-1.62108207949387,-2.13303871804144,-2.04085096095517,-1.94374834898769,-1.63620179638127,-1.27519818089526,-1.18856327547878,-1.11350673229016
-1.64557025363272,-1.80033228170681,-1.103786424183,-1.80179727785994,-1.70092415694185,-1.60590134035445,-1.09979080694197,-0.639987381731531,-0.526272128460922,-0.398570687197208
-1.59545639508217,-1.44955272626322,-1.01811227720297,-1.77369269805366,-1.63542934079027,-1.49446653704503,-0.999510136286188,-0.566540152200598,-0.460016996983627,-0.381936020724959
-1.93138330043677,-2.61203313699905,-3.65272610714387,-4.40690185175742,-4.2845995187808,-4.15602481555707,-3.67962025848308,-3.11482008481317,-2.93623775050968,-2.81174290067859
-0.971279633836422,-1.46492481577896,-1.98784223811145,-2.64447052661832,-2.52347218906403,-2.41393754781588,-1.9781676222335,-1.57519992480079,-1.4561780533522,-1.33340748915819
-2.16872398646987,-2.78212229161169,-1.272546842722,-1.89548722899413,-1.78830612693548,-1.68247682993021,-1.30967275927964,-0.80453600288628,-0.638002235614596,-0.556700091539161
-2.43033291763627,-1.77224996519887,-1.16505152710781,-1.8536621034229,-1.72396066002188,-1.6077179614132,-1.15320069188322,-0.760710492359519,-0.676423616863627,-0.593257048727092
0.101477376403688,-0.0264857876498838,-0.158624680522303,-0.664199944458806,-0.594167987026482,-0.503885559122029,-0.14514808742933,0.171710580508254,0.262817233383696,0.367557515636422
-1.58202896945607,-1.95440871554206,0.373485824950208,-0.269700089310999,-0.170826801374719,-0.0559442554361254,0.333708483010449,0.885811120422993,1.05852099178219,1.15633591153231
-0.520178192423954,-0.137426091748177,-2.43221283026372,-2.93447491793322,-2.85239786981507,-2.78177170255448,-2.42818565333057,-2.10841684265089,-2.00738627255159,-1.91882739159757
-2.16815200835736,-2.56536393989466,-2.35921545297337,-2.84666033772321,-2.77324399867029,-2.65959983490607,-2.35402736464787,-2.06017692142353,-1.96750806088574,-1.89699786405362
-0.710642799292802,-1.41380008145089,-1.70151740834712,-2.31090425085807,-2.22281299229487,-2.12289362796915,-1.69437250947643,-1.28162587321602,-1.19617500002364,-1.10414757058432
-0.481726703981482,-0.25681355079297,-1.24537182446905,-1.78637311373143,-1.69038849710108,-1.59956352355568,-1.24025005009626,-0.881779900027991,-0.787975430680797,-0.691962608598657
-0.710520936234113,-0.635972424023198,-0.974252924769376,-1.52859558437678,-1.44324055166747,-1.34835693054592,-0.970662995648423,-0.606231507354433,-0.51998321371883,-0.45604075151078
-0.600822980829347,-0.0200740590094661,-0.200250540036163,-0.709875678840475,-0.631690001479557,-0.53505835982522,-0.196480201724039,0.125447584286906,0.211083210673845,0.31327382877245
-0.272525127789884,-0.629365903595271,-0.307398089415839,-0.745827182823341,-0.688658272704914,-0.612502215395285,-0.313318434211761,-0.0038426558817337,0.0825382725393102,0.175076981832221
-1.39160014681966,-1.44013949740832,-1.84538672141068,-2.36548621258342,-2.29110226303447,-2.2000599054142,-1.84983066544475,-1.51441471640025,-1.39694957472375,-1.32101398329155
-1.1216114802901,-1.55280080402684,-1.40529481177138,-1.95880286422143,-1.85951785000256,-1.76201611900954,-1.42056099359161,-1.02410391942567,-0.913487797367588,-0.824746624873488
-1.50835138100046,-1.42287879663746,0.220828317181544,-0.320296987627514,-0.207051301142597,-0.121566793452657,0.218682186789506,0.570672747792981,0.655577298913718,0.723703075545669
-2.86771635729236,-2.39919438894112,-2.01269371998483,-2.70172566113452,-2.63125041310763,-2.50088435322397,-2.01798407290399,-1.53436848241374,-1.32057263135807,-1.17516532442976
-2.74941134295054,-2.79536018545587,-2.13154160107513,-2.83094730342599,-2.70633817071874,-2.58902514438284,-2.12517447349398,-1.68940573537309,-1.56579624775911,-1.44421952646813
0.592179498937323,0.654082190208323,-1.9681462050032,-2.58967983422387,-2.46447226241072,-2.33426967506884,-1.94618504124186,-1.61336148733432,-1.51482077255831,-1.43854054265115
-1.60744899084075,-0.977070261648939,0.131378685308912,-0.354210400250091,-0.25798847855755,-0.177642221885426,0.135243079662625,0.432853868704343,0.530811495601553,0.614194324774096
-1.83911814557046,-1.50679872224115,-2.23451612761087,-2.81562450317397,-2.73786496960362,-2.61688335747665,-2.23118348542615,-1.87984039424814,-1.76912210307702,-1.69412752841238
-0.352083037846794,-1.11505102675767,-2.81072715393174,-3.46279540372393,-3.37359038179399,-3.2500746077883,-2.81545999732715,-2.37576481286092,-2.30077159193913,-2.19860515606384
-2.34961836408833,-1.87458225352008,-1.66455373966569,-2.23259238781555,-2.11127901536286,-2.01038019436859,-1.66915262720751,-1.30322616581567,-1.19375876006854,-1.11763018349501
-0.924767978863445,-0.723934341508557,-0.905378461019865,-1.63592740867656,-1.4597046224503,-1.33314714963081,-0.872678535066516,-0.492589519907343,-0.403641434938517,-0.311479015771538
-0.473004057191632,-0.277480745418565,0.239767294069549,-0.310334088306891,-0.236504795972459,-0.139161521859701,0.221976710623865,0.641081573701981,0.794052328747368,0.921451163416549
-0.778058358919138,-0.232960763050945,-1.18668286118475,-1.74236539095699,-1.67023047556155,-1.58363368329236,-1.19612520233021,-0.755440656723838,-0.626320330814735,-0.539477249742299
-2.09470407873682,-2.34850441517981,-1.83652366355161,-2.38156949415002,-2.30166937286642,-2.18750855527817,-1.85620138416297,-1.45157919990873,-1.31864862431443,-1.20640305761813
-1.67155658151696,-2.19663954874956,-1.10460091899561,-1.92661952192572,-1.85054709661744,-1.71090152578001,-1.10211633999112,-0.519207576013996,-0.387335327273056,-0.287366701578137
-0.982998201895946,-0.406400610432877,-1.53368938588238,-2.26097274490632,-2.19530590739298,-2.07375951454689,-1.5401105220525,-0.996231335384762,-0.805565847144996,-0.598294547165274
-0.11015682058817,0.0730791980190429,1.47531804181493,0.601538617530122,0.766430444356005,0.935186670222192,1.50482747285368,1.97757825076224,2.08895842414739,2.17314393673653
-0.501764527077841,-0.162979221154545,0.635690691534505,0.131894307683571,0.230588594842725,0.306561297160844,0.630726931054622,0.981931966549618,1.05768739642303,1.12723948451328
-1.03670626115664,-1.05721753181963,-0.110433852209326,-0.725154113331884,-0.630084087233126,-0.493467996104494,-0.106214045933381,0.288020981782738,0.377981037138376,0.484672686627231
-0.789094850523298,-0.514399761992972,-1.30037447112431,-1.92307415520532,-1.81854897115764,-1.68995819844014,-1.27609389256328,-0.957669159217434,-0.866244414896328,-0.794373419248014
-1.06793723609151,-1.29987114183644,-1.42186749859292,-1.95719386245727,-1.88394211936832,-1.78641094173355,-1.42361756452148,-1.04565732246985,-0.962901309035033,-0.871963065237238
-0.512821423378307,-0.222847200124387,-0.978105826444024,-1.61106532300949,-1.5311584371272,-1.40975687639684,-0.976230126049983,-0.561795104325655,-0.427477607363677,-0.320050945581389
-2.25369620688671,-2.7278990180109,-1.7451644612218,-2.47970029713808,-2.37047997656564,-2.22041671547366,-1.74807755741747,-1.25020244898989,-1.11278808917794,-1.00723687325397
-1.40724260202816,-1.81489046950691,-1.4367507478486,-2.04287852922053,-1.98447957080729,-1.86769306821284,-1.44327954105399,-0.981094818494833,-0.872992737144361,-0.773637330672662
-2.6787526992494,-1.94627602702402,-2.71249835389849,-3.37948789657233,-3.2950146284882,-3.14209836007612,-2.69512414279315,-2.29522771967218,-2.19456428900702,-2.08682789505533
-0.715451757400629,-0.49698668894102,-0.666944337017472,-1.2325103372002,-1.15327259429878,-1.02931862322411,-0.680810301526658,-0.274492682881467,-0.140719662165651,-0.0487707045819951
-1.13223911012755,-1.18362267672005,-1.54168024875577,-2.16789645175998,-2.07275525255645,-1.9695260485336,-1.56020534217108,-1.08916914740554,-0.933053652711989,-0.790802364409034
-0.786975075309317,-0.610893092555494,-2.50582831260614,-3.01816197546516,-2.9617108403807,-2.85586858240622,-2.50739407510208,-2.15093300094226,-2.06591120303622,-1.97100627048143
-2.3584627899909,-2.72226385462497,-1.82107632916739,-2.61695292834428,-2.52277418504564,-2.3620831782135,-1.83734736917724,-1.24523137197628,-1.03737469959688,-0.903789419465255
0.142822498356855,0.153516324745676,0.143170632143838,-0.359952343312319,-0.288919424541409,-0.183398978179987,0.145563448912426,0.476671649252655,0.560118047186916,0.681290909463373
-0.842584225901501,-0.490539582395153,-0.858312502777636,-1.5684285579991,-1.46177706411723,-1.32091792211569,-0.818036027839116,-0.433342967012073,-0.346024788506088,-0.269467000330894
-0.616344610740406,-0.292537110457651,-0.388784990560755,-1.04999446537234,-0.935799191844579,-0.795588890384335,-0.352425231916802,-0.0590576948192932,0.0181065479166506,0.108360212562177
-1.45044471621579,-1.71724121681061,-0.811941447167395,-1.58279005092989,-1.41719500611903,-1.26465547628433,-0.786245673076701,-0.370594574209312,-0.256969078175599,-0.191307086595659
-0.678897936828112,-0.244447397978898,-0.504917618152598,-1.04850146684113,-0.957112525914312,-0.856652559614933,-0.528072516314253,-0.135093761275231,0.0203546654609651,0.149016199552623
-0.37070259825424,-0.417943646721232,-0.20106959990594,-0.727932005744444,-0.623127216227181,-0.544570562427211,-0.191781801377754,0.117536690511156,0.188210759506653,0.262232386584816
-1.23483787890198,-0.597460388340101,-0.975808784980569,-1.47509769178867,-1.41272516085573,-1.32176707184899,-0.974306621291509,-0.642629491623306,-0.508903103173282,-0.443100396687227
-0.897565373514684,-1.08850367400864,-0.704364294527698,-1.23106094772626,-1.14520020914993,-1.05364938366867,-0.709421474969237,-0.360291817550986,-0.260646264510926,-0.178745811174718
-1.59811789608939,-1.70112750583316,-0.76423919650821,-1.46129716294452,-1.36878718808568,-1.22574616354328,-0.761439114326991,-0.322264230157047,-0.151250237238855,-0.0421067680739806
-0.286201665541133,-0.102255376323178,-1.25237012396654,-1.90042768475298,-1.73466815753301,-1.62636095652398,-1.2536384346758,-0.886282961311831,-0.775588748633315,-0.66851221866536
0.496934072410182,0.491362699665261,-1.08974478775963,-1.59696909988695,-1.52963383504866,-1.45717731046423,-1.11352472854522,-0.669057705468976,-0.517492607651625,-0.440582857996429
-1.13610040978383,-1.29496406431,-1.4757166305489,-2.18834337277083,-2.05962964714091,-1.92070984036875,-1.4910654755582,-1.00903388202362,-0.82345514090792,-0.699624968404036
-1.66872737596719,-1.67631567854794,0.276712255797291,-0.229703033548395,-0.155388226343535,-0.0648162033614354,0.272969123275556,0.611510255572219,0.713154453602208,0.78308120922547
-1.2415887700323,-1.42838355922031,-1.88141685950243,-2.59784925549041,-2.50566141892779,-2.39139507104748,-1.89780086722888,-1.35141712232424,-1.23388041190015,-1.12478725873185
-0.623008343723718,-0.585371154175934,-1.22354205822532,-1.85082015531891,-1.76363489493251,-1.66090790321946,-1.22314742889187,-0.793615566726287,-0.681700863594421,-0.602180456340925
-0.169283975362841,-0.11414834003983,-0.792457874689865,-1.4462918202637,-1.32339092842667,-1.20987830531867,-0.77409144129341,-0.394987342636984,-0.315021501567535,-0.227224195588046
-1.08988934685869,-0.904867751844712,-0.393407550889815,-0.878022078862309,-0.832357209034391,-0.721370775585235,-0.389063895003782,-0.0740016031472605,0.0119491216193429,0.0785460323797101
-1.21285198664123,-0.795570256541095,-1.17658528457324,-1.82348801982016,-1.74051495579393,-1.61886644093696,-1.15569509019085,-0.78611303817446,-0.688027079833524,-0.615243937187289
-0.25485446639855,-0.210405897577172,-0.70856619823477,-1.28152331992725,-1.16473481875534,-1.0822744564861,-0.70659304698508,-0.330742745325056,-0.237517122235288,-0.16467572966798
-1.18358319322597,-0.925125281868738,-2.15061974908889,-2.80438156994427,-2.73030675057091,-2.59073312265551,-2.18047617654096,-1.64963327470945,-1.4565729665352,-1.32393770031005
-0.152908673494311,-0.409041700893221,-0.156706499796296,-0.830999219144033,-0.719793279378633,-0.579601851077067,-0.180456892768463,0.31213293694133,0.429592054750909,0.551129495589825
-1.40970885628234,-1.07106355936958,-2.06026161846213,-2.66431028366162,-2.56364397777191,-2.43938964919981,-2.06794975041271,-1.63436666929559,-1.5073449499478,-1.43567829665125
-1.66364833643044,-1.57312370940741,-1.77217062762559,-2.33471060321719,-2.26154979698431,-2.16597287413506,-1.75824859001206,-1.39585143241301,-1.30227016935295,-1.21193299884674
-2.98526714599625,-2.89605786167499,-0.836670447013154,-1.3752865265288,-1.27548467561458,-1.18831233770178,-0.834815023050669,-0.48661837080582,-0.414662293202547,-0.351826042222052
-0.110895926198053,-0.478876807772648,0.750173301567648,0.277065854661034,0.353577773040932,0.429265904635366,0.754947849215685,1.04937058934809,1.13254029788169,1.20567482811689
-0.796509413833768,-0.939732473516932,-1.92197213737844,-2.52868737111271,-2.4633933817686,-2.35167930174936,-1.94196010372604,-1.4893975884341,-1.34753727684353,-1.2440816338432
-1.30717291892481,-1.72306457011263,-0.361597042465255,-0.99880035894443,-0.903973718776981,-0.80981746718787,-0.358153623810818,0.0814991412846449,0.197322566161343,0.274138602999536
-1.02822465074229,-0.726307658971374,-0.985835769086462,-1.57847866211117,-1.50803042988121,-1.42412915191261,-1.02274142335514,-0.437656017512305,-0.23371688211511,-0.110239755559662
-0.473523698383958,-0.770193129058745,-0.225648576521017,-0.77112533460663,-0.68813891984596,-0.603127395600093,-0.223856501456486,0.128523786927216,0.213424714295254,0.281648112027484
-0.904576886663499,-1.23377908976232,-1.76339555739699,-2.31537139083763,-2.22665143672554,-2.13013621560119,-1.7958795576213,-1.33687670538108,-1.21015449476349,-1.09218886130105
-2.85691958554055,-2.64974568321855,-1.20732738843474,-1.83066419605404,-1.73641557049858,-1.62506357501685,-1.19737111426056,-0.823206314645401,-0.719257526847163,-0.611515590216851
0.370196435131605,0.189128153042268,-0.408793824431758,-0.884344386700518,-0.814345474107204,-0.727485405199616,-0.410367669787614,-0.0980098963583185,-0.0130335880258959,0.0381641286862008
-1.90401539622416,-1.68641206157297,-1.57780248703098,-2.45049339281062,-2.30281425812425,-2.13906900443738,-1.57061114755932,-1.06915083977723,-0.913893968871405,-0.772062445460418
-1.03029025831797,-0.86075460129602,-0.876923134534301,-1.55893078568865,-1.47204197647333,-1.32747879487723,-0.874556281199416,-0.437255090449304,-0.295158386559177,-0.187936129729391
-1.25799141358448,-2.00675399535033,-2.33529385398535,-2.81834082997993,-2.72991838058196,-2.65467287747475,-2.34413258769677,-1.99629640069385,-1.90911265024933,-1.81545284459725
-0.609028517118509,-0.587126525260384,-2.79568304426241,-3.51311974414258,-3.4190150906382,-3.30220639756282,-2.76024077399959,-2.3607502909925,-2.28531520704853,-2.2156548741814
-1.22080001279101,-1.42470615949598,-1.56030948748516,-2.23394592201175,-2.12749694181582,-2.02384168133882,-1.60179200203514,-1.03180848921777,-0.825985544456665,-0.657400406814599
-0.814797690104396,-0.957789272000868,0.215365228300075,-0.547279392968194,-0.420034471180088,-0.261697068890767,0.240655296120573,0.679502341208981,0.779809709041961,0.850988678971871
-1.36878348781216,-1.33848122835541,-2.93637459009329,-3.59385339371461,-3.48155054335963,-3.35939560643914,-2.93767395109452,-2.52740981747607,-2.41185026088942,-2.34593022170034
-0.824435132426075,-0.848609541005656,-1.72235081062835,-2.30560381378961,-2.2123027421598,-2.08014535015469,-1.71396140380565,-1.38294284005919,-1.27853131548758,-1.16969865712745
-0.367650664837613,-0.406963693871828,0.373126287220224,-0.158445996520343,-0.0656864543248216,0.0352819096705034,0.377410078716615,0.706638110491544,0.808999132411948,0.887801276605211
-0.531314061740279,-0.293322480688499,-0.0366372593177976,-0.6321932596616,-0.548707461672524,-0.400269673217929,-0.0240005673981901,0.328783753454269,0.434848957312519,0.535191291762188
-0.710124611897108,-0.772418849020144,-0.106508690419862,-0.754395063316483,-0.652631840332833,-0.540683035296393,-0.0966689361936818,0.298432794160951,0.4049076329933,0.505136485456432
-1.15597280191296,-0.838390433312402,-2.39221245510388,-2.97174780382101,-2.86427433215468,-2.78316056756684,-2.38323907995129,-2.00187656993531,-1.90918211375683,-1.82626185974685
-1.89781557555014,-1.52783442471904,0.0190599358645383,-0.449530527526638,-0.388852252755703,-0.298277719148748,0.027778616341878,0.332953292061355,0.417024883789153,0.4714813405542
0.5974874504734,0.4467152074074,-0.0251144190026288,-0.58044036538516,-0.514428594582753,-0.414381179340879,-0.044341616331274,0.390157075892534,0.513350201113988,0.640628036966522
-1.08669859804215,-0.896101031588845,0.49657859649383,-0.144200112738667,-0.0373949501738379,0.108404454643663,0.499207519003336,0.895396369668811,0.984733982639668,1.04881791617199
-0.370356820271375,-0.731065818230445,-3.30847340591097,-3.96443651424799,-3.88774641473607,-3.76427445075509,-3.31602011311295,-2.86413531811338,-2.71977687057696,-2.58060057225373
-1.30173861976257,-1.46552637147814,-0.80808611872509,-1.49298620424632,-1.36001254406936,-1.19819573891404,-0.805338516832696,-0.403745599582717,-0.303145810109666,-0.211317909431254
-2.06661900537569,-2.44202254220125,-2.90377758282015,-3.75648634301946,-3.57819097717617,-3.46160042931077,-2.94212397956341,-2.26910975139105,-2.08365533115226,-1.93893042283114
0.291218965204904,0.20262370085038,-1.07531827240009,-1.68871713215963,-1.54788373622543,-1.43305505346162,-1.07970419314789,-0.708842729299399,-0.583898066310202,-0.501912879409508
-1.91018998204807,-1.41735584318182,-0.0195938161470356,-0.568977820255996,-0.493995318424763,-0.405812491700548,-0.00433871107708451,0.327567403621469,0.436652048015534,0.516208922685693
1.43164696032086,1.06831552243572,-0.758647299900518,-1.42409563002724,-1.31775962018677,-1.19207485474368,-0.744416262692757,-0.357333356311775,-0.251952518099818,-0.145641376561689
0.106172800922334,0.428576519163928,-0.165572007833007,-0.833372812600777,-0.705104296515952,-0.598081452648344,-0.163913923993577,0.261599790491789,0.361662603397167,0.466628695059484
-0.0899443069492684,-0.215383446733341,0.0718451535467036,-0.491949798857791,-0.404191358789247,-0.320784867182483,0.0428279533914001,0.48483267977769,0.633510025381543,0.741030702488495
-1.62206600771924,-1.28535320924329,-0.215980988392612,-0.757239163555227,-0.670673781520339,-0.577691279226033,-0.213505144524793,0.151729252712828,0.221887691065833,0.31050243073062
0.665373294935512,0.519948527964056,1.02834738808587,0.547396413133768,0.607478203892719,0.702840492971072,1.01370661918476,1.37092355155277,1.46812541051587,1.55730605842372
-2.23924342851836,-1.876085730118,-3.25051100135099,-3.81077799745652,-3.703105307631,-3.60266084662133,-3.2604540559864,-2.88030419854459,-2.78764945999202,-2.70688948614991
-1.40000938733332,-1.63819476983116,-1.66698156386763,-2.17256190218621,-2.09220838139539,-2.00670403500588,-1.69224398393609,-1.29328978524906,-1.18114958620797,-1.07375053300661
-1.28351778044574,-1.61549854212495,-2.10356346106046,-2.70431298320695,-2.63618280488381,-2.5390273079969,-2.12724972357417,-1.65779638706485,-1.54276433333829,-1.45615130297043
-1.51619343511981,-1.40359041843792,-1.08879325707184,-1.68465555080961,-1.5856840686449,-1.48178699972606,-1.09696480517508,-0.704685799298639,-0.576175513606669,-0.490344272921499
-0.840149622741962,-0.508408828188807,-1.87697096531736,-2.41713632158543,-2.32395616379231,-2.25390274418663,-1.88453222366482,-1.51097654514106,-1.40007673780866,-1.32881784776922
-1.87359721386113,-1.97592547136399,-1.24855072740326,-1.80822796924982,-1.74035036279988,-1.61034845026615,-1.24210162242091,-0.882930782201617,-0.774725607404701,-0.70088035936469
-0.828725940605286,-1.06496505513522,-1.67270800989102,-2.38837609183514,-2.29966288381474,-2.17719908563647,-1.67418354029633,-1.14687069959601,-1.00026094217658,-0.877797472357034
-0.29473081261334,-0.335416357947869,-0.168553229659951,-0.603743691412475,-0.530080717310319,-0.461669017928809,-0.175569122612731,0.142889085550966,0.228508554738805,0.297669453972406
-0.414604247395582,-0.00630978458017491,-0.718653854301024,-1.3127452323863,-1.24982615743957,-1.15050375409165,-0.797105749734757,-0.109392819292606,0.0637203783701768,0.154401068210909
0.349719383066461,0.356038032435746,0.186857076651627,-0.438409025853441,-0.33701221868992,-0.221888481059405,0.195444599503391,0.587909051691696,0.698048382931648,0.775262773768374
0.771324079153087,0.665064332317307,-0.479818369000413,-1.03776577568974,-0.957385660844206,-0.852816424719882,-0.485785416317982,-0.0806398764783605,0.0166953978274046,0.101234550803812
-0.198296628363728,-0.235285603841216,-1.30349462639131,-1.92138388975124,-1.84041921189644,-1.73261705845938,-1.3367208474722,-0.777790448630579,-0.618374446774889,-0.500066876974119
-0.576693265043847,-0.560051025994886,-0.427797864221675,-1.08357049695334,-0.976425941915901,-0.868433931969202,-0.443449904936024,0.0425911516473374,0.15211670869366,0.25969569559442
-0.731528125225372,-0.284058802010292,-0.761430092011995,-1.33550015302214,-1.24295604518613,-1.14329904876307,-0.784363322527239,-0.346261398339423,-0.215991734168335,-0.0914463527900865
0.332005007023661,-0.439439326439808,-1.86529404947551,-2.54053536999872,-2.43577596121422,-2.31488895802249,-1.85259409405206,-1.44779967250062,-1.36150063219446,-1.27201468497283
-1.23705978881973,-0.881023377778839,-2.54831645879005,-3.32645160366885,-3.19035437637283,-3.04984514912607,-2.54511858523594,-2.05303587157861,-1.90843720129041,-1.77714732065763
-0.0663315989388172,0.424699354008722,-0.53297445086014,-1.07957753022833,-0.989790335981244,-0.896792558357629,-0.529284597238531,-0.173367806330004,-0.0580394259560332,0.00605830698122053
-0.406568698185526,-0.515601256564481,-1.07047454907435,-1.58552052862534,-1.51917625481617,-1.41755988285576,-1.08004505195976,-0.677253723911687,-0.572583336414317,-0.437837815235646
-1.26657321396783,-1.54527235565547,-1.70618502182061,-2.48610046862839,-2.3524369614721,-2.24657758015875,-1.68318246810868,-1.22621827994452,-1.07795596817334,-1.00550301285882
-1.34667769589639,-1.66116165158349,-0.39885641081648,-1.05671305035067,-0.969627641104685,-0.819933052374552,-0.378703559276031,-0.0210475312745622,0.0912837410992563,0.224297126539963
-2.3822627228906,-2.36245679469321,-2.73959496545848,-3.38588864572272,-3.28640589656207,-3.16317854028043,-2.72551988642449,-2.32898895441981,-2.22509163894288,-2.1342926499145
-2.50081405402625,-2.46819173095003,-1.39685767061541,-2.12452012280479,-1.98788369882646,-1.85087157951692,-1.39978223323437,-0.925271271296232,-0.79500428140304,-0.665559980374953
-2.05579599971808,-1.59178506648717,-1.58243578844572,-2.15727018469957,-2.07802981546019,-1.97299048667558,-1.57831626897558,-1.20124183169975,-1.0852610877863,-1.00208522043016
0.0946425756752744,0.0202456701377108,0.0281844823147653,-0.505005556623444,-0.434992775958741,-0.330314914896746,0.017412735609758,0.412922920784047,0.531493660113841,0.629362188338882
-0.404440256788595,-0.486587428206049,-0.130689797206676,-0.588445684028443,-0.531426419472608,-0.451275436061968,-0.178777588447767,0.283128324986154,0.374588302716161,0.468869376777964
-2.14692893680067,-1.29828195528993,-0.765108471164124,-1.30866033769275,-1.24252943084176,-1.13350931118771,-0.777022357287275,-0.373602025096706,-0.272760083044889,-0.221813106549647
-0.536700610854503,-0.443303942196419,-1.0329902709189,-1.56330781655444,-1.49318049909255,-1.42777022566366,-1.06309790912143,-0.577480086403561,-0.453032052486587,-0.324712598462402
-0.23578897355685,0.0416339960919064,-1.20965457854614,-1.68325552909965,-1.59739394670988,-1.5183900240145,-1.20704551444588,-0.914771534761442,-0.815271646203805,-0.727017277919016
0.148112682931035,0.283964718910628,0.603861831775506,0.0140123809058732,0.139400227326048,0.253018758008426,0.595944712723102,0.970630620112211,1.08990110714305,1.15798027044188
-0.507098351305218,-0.753334821932878,-1.40803311911741,-2.15842803635486,-2.00715600815881,-1.86391493461579,-1.41499140229638,-0.956228496518644,-0.808781695093311,-0.725266410876458
-0.137287896547483,-0.574071539152258,-1.58736839209136,-2.15989941354626,-2.07204351188725,-1.97289762223179,-1.59808463313586,-1.19299187874821,-1.07753100677077,-0.974652370663446
-0.543137955095327,-0.137261793971133,-0.42927147930012,-0.920307573918838,-0.852094989840578,-0.757718169731332,-0.438620567571608,-0.0912087953786823,0.0101161064862126,0.118864713789546
-1.66625689413222,-2.50813789443701,-0.797504015577576,-1.30308528836559,-1.22037165684673,-1.13255963406251,-0.785820027647664,-0.49389693369982,-0.422848142637972,-0.351051409982565
-2.19305789194021,-2.35757331306885,-1.20126729387126,-1.76735444515212,-1.68661763923786,-1.55933407221637,-1.19421035082808,-0.857166363535496,-0.766370839374308,-0.690296258209856
-0.776402991646922,-0.562659878920315,-1.52552504917069,-2.2511758694529,-2.15747841750279,-1.97487280902077,-1.49112037258146,-1.14870633535724,-1.0631356938968,-0.989381672084392
-1.13073928444868,-0.75754850491433,-1.87562633968993,-2.43840078067928,-2.32428261864791,-2.24981880909041,-1.87613983671113,-1.50495756695021,-1.42393500113833,-1.34172904766874
-1.50770039574846,-1.72929948909534,-0.130567878591601,-0.858583987911889,-0.719557959489199,-0.552953490652109,-0.109717941888992,0.24950030878759,0.368813585153791,0.460860167207471
-1.78652599597805,-2.04438872280116,-3.10507431364029,-3.80141596250996,-3.68825096380832,-3.57771047987732,-3.13714580480231,-2.5266801268376,-2.3403781003253,-2.15971664307919
-0.530837586501347,-0.404055021394714,-1.28828809955942,-1.86425570109414,-1.77966225686883,-1.69308088953012,-1.28294216639484,-0.905338701509423,-0.799190308210589,-0.709624208708419
-0.722565246317306,-0.917699573483988,-1.17938950305884,-1.87100497454469,-1.78764439112896,-1.63622426734417,-1.24363582314881,-0.599834905609252,-0.40643746708846,-0.304126732264222
-0.428465310203442,-0.603856145317936,-0.651914547846501,-1.24231575445816,-1.13626101606916,-1.05808821093815,-0.676188321143166,-0.236601176312516,-0.102195428608383,0.0199536752200816
-1.10981046963025,-1.11015569593826,-1.92903032879927,-2.64771257114347,-2.53917027421674,-2.41780753537957,-1.96662588605753,-1.36732079101441,-1.16539518350543,-1.07802506423851
-0.57654672579173,-0.742731459233717,-0.615250757204922,-1.36969302822093,-1.23634218371629,-1.11006503018814,-0.59072856065674,-0.143777942200049,-0.0295293623892465,0.0315073712429852
-0.897939538625036,-1.52737333058812,-1.69710681208086,-2.32055709777968,-2.22939501025246,-2.11747970593894,-1.70428581048612,-1.28145154786972,-1.13297237508571,-1.03980041629253
-0.548071248066803,-0.113411490275592,-1.35573772660013,-2.02438617891962,-1.94123572016478,-1.83563719770577,-1.31845270838665,-0.934218947208927,-0.803172741224522,-0.719709864738947
-1.25735885752737,-1.33557177867271,0.525727005946223,-0.0656293312671746,0.0442767573678005,0.15710949345125,0.5433080609378,0.873069876500847,0.959201756181467,1.02743438795467
-0.0301032091142331,-0.40821853026499,-0.287404296564351,-0.745552108557834,-0.695535800803648,-0.614875445999556,-0.277334480562725,0.0256569266375337,0.127046452588967,0.208878912720494
-0.804338930913198,-1.50562643476645,-2.36497433929546,-3.06543441371867,-2.96396585112354,-2.86426578271362,-2.35116258634913,-1.8943817271263,-1.7832851252883,-1.700726238045
-0.532735445833418,-0.59820629342006,-0.0564822306179199,-0.555298359651963,-0.454569885072624,-0.363283594115932,-0.0520331280058078,0.254653269696399,0.362283790717085,0.440998302561021
-0.759906722355689,-0.48860305169241,0.773081608614351,0.214476157418736,0.298725575896977,0.392298096389571,0.748141317726798,1.2001826477887,1.31138270344171,1.38589855999415
-0.379794266109111,-0.459409968539464,-0.185697915795547,-0.901728746114523,-0.811504494747232,-0.705218961897983,-0.131657315842494,0.242896513385051,0.335849780483899,0.402746429836416
-1.13432201439916,-1.35285898981338,-1.84335248352405,-2.42640803614354,-2.32618992409413,-2.22091544721967,-1.85194161841077,-1.44704052478892,-1.34424292715531,-1.27098917607596
-1.10261868794408,-1.59544849380294,-0.524883631478775,-1.12195492718018,-1.02145452441738,-0.923636726004024,-0.513168510968064,-0.156121011965554,-0.0630100421211654,-0.0200090496301602
0.153687723450181,0.0978083555034442,0.0174484984356221,-0.460172006167661,-0.385575885898211,-0.295674416920447,0.026727838716704,0.328361221220282,0.395313946237281,0.463671229452601
-0.449160083314691,-0.58508695309779,-0.710245244188844,-1.3255270553277,-1.21318018271111,-1.08129353206206,-0.694646763287623,-0.34348761626429,-0.258112308273107,-0.164853154544609
-0.956200356393505,-1.30235755210163,-0.881415689292898,-1.54598946926846,-1.43423070715602,-1.3348877831,-0.879388693166521,-0.43502628196316,-0.305298044375496,-0.207288632229018
-2.47350617532402,-2.55647804324277,-1.39470501650196,-2.25397589136073,-2.06091524160484,-1.91317772404319,-1.3756711209887,-0.932596236531712,-0.831215148971449,-0.711002606859924
-1.13181754727035,-0.945103290723087,-0.994377092125425,-1.88552600250609,-1.70947231143828,-1.47215887898751,-0.965922355728106,-0.554664885569567,-0.447013922607493,-0.352041471821584
-2.41309868605993,-2.61365251907894,-2.50210560705871,-3.11503583200641,-3.02807447346689,-2.91739874668968,-2.49861920865118,-2.07388863461111,-1.98315559357043,-1.8674005695489
-0.567726769015233,-1.07702682661896,-1.48739050402743,-1.96453460822437,-1.87556461967083,-1.80512961159077,-1.49356983092761,-1.18201547330728,-1.06441940600478,-0.977948710703598
0.342094243903348,0.623630405247603,-1.80069239746524,-2.54195503731872,-2.45200873243969,-2.32605085457143,-1.81250188474661,-1.25932906366433,-1.10314226584551,-0.970620098443313
-3.733536162029,-2.9716156856972,-1.39583703560295,-1.96360655541996,-1.88922451940308,-1.79239209851317,-1.39278329587708,-0.998606021246184,-0.901020166266359,-0.80129162684478
-0.931244515227369,-0.378422092696311,-0.077198272389441,-0.56470952568925,-0.496264895574596,-0.386692808913523,-0.077919493380881,0.232519449270013,0.303915350089942,0.374156785841691
-0.589528275414551,-0.423085808984521,-0.647002271429775,-1.33500417854106,-1.21502093602893,-1.0971717342202,-0.667330589941272,-0.155799296541285,-0.0220643980286796,0.11131767663104
-1.55791487973839,-1.59184967231849,-1.19910488780771,-1.80779613215504,-1.71633367892083,-1.58859260048429,-1.19951459750129,-0.811835089587544,-0.69101568200716,-0.601706720018378
-0.288018789550213,-0.311086627851593,-0.447168368407897,-0.969594007985532,-0.9067957189568,-0.811017827474984,-0.433540032923545,-0.107553134523694,-0.0115179873693433,0.079441391604527
-0.257723420857341,0.185033014548087,-0.660605327433532,-1.19595791386085,-1.12490505777263,-1.01163568814885,-0.660163893606007,-0.32100200670803,-0.189296060867257,-0.119138791547086
-1.34646483265821,-1.67634505401317,-2.24338844205469,-2.85090202511419,-2.75557424053118,-2.65523725320348,-2.26127169732064,-1.77983948705532,-1.675489369725,-1.60406716315322
-2.84767211102323,-3.63990583671723,-3.24386636607922,-4.08208650428301,-3.88700520784589,-3.72576458398912,-3.22386434308535,-2.79968878294716,-2.64956379537767,-2.52932444051129
-1.52548708814233,-1.1756714982831,0.368783068339816,-0.142457013649511,-0.0469752597735833,0.0342934234261884,0.372650396954348,0.694052674998782,0.801385679767059,0.901543692949884
-2.51100457310733,-3.27906186846889,-3.94191454846155,-4.7041230742424,-4.54442943268715,-4.4035503970785,-3.95472797036113,-3.45737132939821,-3.29724704155379,-3.14933424920906
-0.879026117827713,-0.89997785252585,-0.794922330455072,-1.57731735907553,-1.41725390735787,-1.24026931204805,-0.749662039596545,-0.42829154619054,-0.348040157184173,-0.281552830613634
-1.11528583635954,-1.42251144173732,-0.794020707203876,-1.39111697159138,-1.32339808471656,-1.20483591059011,-0.800260641657704,-0.391525054126001,-0.297790266391757,-0.20407983203779
-0.724257463022905,-1.3556920001409,-0.717543269932021,-1.31809306975337,-1.20931910377339,-1.09977590076335,-0.71733383601744,-0.356931140261279,-0.275108489251352,-0.165949429898268
-2.36627972851448,-2.36626449670072,-0.589036561468394,-1.35539536006002,-1.26068117313462,-1.15101194171741,-0.574224470003696,-0.0839477359315229,0.0116273397993687,0.110560551163565
-0.450828558843154,-0.192828757199474,0.951402893525198,0.365689529070859,0.463331834511898,0.568089673741425,0.963020682986826,1.29814115489519,1.40079019057162,1.48363666740727
-1.25712253505627,-1.36098128928541,-2.78430708761462,-3.32853300314017,-3.24646433273804,-3.13695233558571,-2.7836697185318,-2.43035164033744,-2.28162806159569,-2.20772750592866
-1.96880383579653,-1.85471659254748,-0.661183208897327,-1.25806784065947,-1.17255397265612,-1.0576262417125,-0.662171412756155,-0.281737806259593,-0.206397553098588,-0.0978769582155646
0.397416892962042,0.750101678996916,-0.0410536980187692,-0.591935018992415,-0.494549736529577,-0.411624282964241,-0.0527927780888823,0.37010835597054,0.487033820456432,0.544764318394382
0.234871330893003,0.443719828314709,-1.2183357975417,-1.7176205727246,-1.66079434893215,-1.56085116373173,-1.20733698400835,-0.897822968692869,-0.793135937190948,-0.701706603475159
-1.31746527824926,-1.39114437799174,-0.454055239770968,-1.131306168491,-1.02697207081002,-0.904077661879115,-0.465627081499536,0.00131799829007194,0.113394689986153,0.22599521375349
-0.669758434951008,-0.675042470547598,-0.720130577943188,-1.21689694139495,-1.15026447757119,-1.07625904503989,-0.757211054428265,-0.290791067496947,-0.0707318721255249,0.0033946306365069
-0.709945008547695,-0.447298503065854,-1.31449398094838,-1.93818826610661,-1.84110367733591,-1.71355061317849,-1.31587385482595,-0.933057191397457,-0.799548169077502,-0.739577724288959
-1.19299287531409,-1.19864293595068,-1.85081911343734,-2.4061298666134,-2.36860750385384,-2.26680463569099,-1.91100969982907,-1.289398186277,-1.09825427355155,-1.01880900665005
-0.242091357240261,-0.0473827222287915,-0.0396857734431755,-0.64229570545431,-0.580549826312893,-0.50044721532051,-0.0749569055506925,0.437640533409578,0.578188698073824,0.676933806365983
-1.24642122889615,-1.06986027735616,-0.374119460963467,-1.03317581968532,-0.950789716963885,-0.782820638652172,-0.339177817229448,-0.00692382488430225,0.0631118631291171,0.143087396315807
-0.565247536244739,-0.724990889379742,-0.802635101515702,-1.47438876445655,-1.32149313010286,-1.20253305441564,-0.793290057881478,-0.408734880639998,-0.290197494045401,-0.191382949879609
-0.897377382933225,-0.949261084660987,0.35724690253578,-0.19194063584982,-0.105125147888694,0.00319997942813496,0.381121347523771,0.692109011153685,0.775497807480822,0.846174638787815
0.154881818009703,-0.238539774580086,-1.26066732763203,-1.72338008356699,-1.65197832978104,-1.56305231043733,-1.26540386261397,-0.945826175660614,-0.842436796983367,-0.800127964703909
-0.432509418661606,-0.0537122914339414,-0.133199576054875,-0.643354034856875,-0.57086706920339,-0.485479355306124,-0.131876603176233,0.20816359208787,0.356308618556166,0.451011976729448
-0.930960355912976,-0.586327812792335,-0.202788130225173,-1.096112073481,-0.954739804248564,-0.789493457170141,-0.156351254628053,0.275963077527557,0.380854541428675,0.457331898752137
-0.198282722497048,-0.199401061837877,-2.54833809344371,-3.28431198551577,-3.1658229038125,-3.05512392285065,-2.53074475172109,-2.07436080672793,-1.91373181753639,-1.79331561352287
-1.24994104452387,-1.10325382272493,-1.52356680656264,-2.08839370003271,-1.99445452854031,-1.880296437423,-1.52298630999684,-1.16433272212879,-1.06722269282965,-0.947337989136579
-1.51294390389629,-1.57695922050049,-0.324331706817247,-0.930011103555987,-0.852026914428339,-0.732656998815256,-0.3212091759186,0.0666812040052788,0.174760941396603,0.239897435372207
-0.994587340650573,-0.916152116152645,-1.89102542531522,-2.33778015930269,-2.26417088542457,-2.18660132537732,-1.89636215511998,-1.58927052674924,-1.51226921313814,-1.44171340597145
-0.488788782776946,-0.714727861515421,-0.975554533921561,-1.6094876045573,-1.5022484940441,-1.40067798108552,-0.961671182789323,-0.580590090596474,-0.501241310870354,-0.408200628555899
-2.65479490100948,-2.32116880255893,-0.562267687909255,-1.28487698962638,-1.17335066852749,-1.04062842114329,-0.604931070302906,-0.00333093570068711,0.214474199719461,0.389613025409578
-1.7227733965109,-2.25438337035979,-2.37434026218338,-3.03904797850858,-2.9829321505638,-2.88501426334305,-2.43958454551054,-1.70265892906819,-1.48590286613425,-1.3507365067818
-0.165704166791398,-0.0994241804392278,-1.77494015630934,-2.4236967053534,-2.31879822599964,-2.20338712015252,-1.77829250134078,-1.32600539711586,-1.2179502277685,-1.1342441942474
-0.506152899798335,-0.328480036822474,1.13915014702802,0.486755502636668,0.598632406489957,0.721771271029685,1.14789326005236,1.55549629842751,1.64995774188163,1.73274978842619
-1.23604044723423,-1.07817074556598,-0.985114106274592,-1.50511319408938,-1.41980203669255,-1.33783114472253,-0.980360544055529,-0.647566885024472,-0.537827559079724,-0.446812106134296
-0.881612634392096,-1.10229089715762,-0.883376222704656,-1.43469698483921,-1.35384357249976,-1.2688906406585,-0.894890591924159,-0.476031004220824,-0.337561777798667,-0.278813142107636
-0.371784480710074,-0.464344095195513,-2.69246965148858,-3.34845001063517,-3.25242483237537,-3.14999865057731,-2.69343068184069,-2.24491477178682,-2.15523027635152,-2.02935532913108
-0.410496516481897,-0.608992380772982,-1.25566369657015,-1.96640005936976,-1.83418167411602,-1.68006211547873,-1.29126559080962,-0.732681456853505,-0.526607903017476,-0.384114132332051
-1.47833943546004,-1.27495097217366,-0.855449225371406,-1.30085277665849,-1.24015543743356,-1.15100524377604,-0.846001681846947,-0.577400890586082,-0.505701600080278,-0.423031480143296
-2.62685711203002,-2.59400321665157,-1.99780408746443,-2.65348128982386,-2.56325654172844,-2.42906278526056,-1.9924847656479,-1.56616216473225,-1.43257500917849,-1.33045725232931
-1.81524365983261,-1.05577288990738,-1.37508080953284,-1.8614439320333,-1.78007458232637,-1.68869575362873,-1.37821782370635,-1.04148431071989,-0.947702953525709,-0.884900306711707
-0.959295356079068,-0.511736420167111,-1.76755899103866,-2.29799897850333,-2.20554078496856,-2.10922864790217,-1.780004092699,-1.40450573422939,-1.30716453125966,-1.21969302792502
0.10271926952531,0.382954888882633,1.03807845092219,0.439768681598363,0.525864752025807,0.638089580545832,1.05513860784755,1.43426965820516,1.54427302586639,1.62497301377077
-1.37972321790072,-1.18716147977108,-1.79668276911391,-2.35267953585434,-2.24285194838393,-2.16669771106348,-1.81693396529089,-1.38200639093538,-1.22123718615234,-1.14404320245955
-0.0730156217494116,0.0701351706862251,-0.246679064049446,-0.781922488199313,-0.735636330125302,-0.647980196936944,-0.290577952039147,0.266413697489569,0.451640101420044,0.536883999996026
-1.00990132073024,-1.12437864492418,-1.16400105376898,-1.81182439817936,-1.72304634263516,-1.59013145960571,-1.1410697966505,-0.77741142608027,-0.683609468114657,-0.599949957179014
-1.30997151039788,-1.58804845305671,-1.50230581999994,-2.06234573000784,-1.96153604035872,-1.87787521625703,-1.49255495294048,-1.16217540854477,-1.08137006745945,-0.984491269975248
-1.90757485548318,-2.40875715142465,-1.26789497294069,-2.12906558307995,-1.98280629054357,-1.82779689118994,-1.22799883793537,-0.759048718239874,-0.641135073627125,-0.550886645721165
-2.30887864458152,-2.70271672316119,-0.403147028204368,-1.0986607087547,-0.982042022971893,-0.85796736974935,-0.401743447866203,0.0374408747566027,0.15188810934589,0.250255459469105
-1.99957828594634,-2.00398938038241,-0.10722934792555,-0.793648406464868,-0.700394543679704,-0.574850408553726,-0.101648845843248,0.343751976564409,0.466961219726625,0.538020180868787
-0.02551045086982,-0.0298794466335085,-0.0657854797828533,-0.751386044397224,-0.638383206804082,-0.468055014229452,-0.0367321876141733,0.301750376812235,0.383592045212561,0.442920353239764
-0.197852506053507,-0.329037533059482,-0.428272713852421,-0.984880351699492,-0.884914346367051,-0.797857535000187,-0.434463383848414,-0.049403972627165,0.0571085068423431,0.145987202312825
-0.571458449452945,-0.142160975600056,-1.41881668575395,-1.8514458246653,-1.78667870066529,-1.7187978354656,-1.42838777686305,-1.11268606411329,-1.04512533877786,-0.96965202182518
-1.59283483810255,-1.85681874207044,-1.88294838230847,-2.63503690624177,-2.51645622185319,-2.34537454002775,-1.8413284849278,-1.49367699090361,-1.41516517436848,-1.35613873803038
-1.63452631382289,-1.5737199552267,0.0623539651277073,-0.379803821854815,-0.295060421085401,-0.202184178457385,0.063327114146862,0.330192749404522,0.404805532173856,0.507143452994141
0.374035771099256,0.283628997350374,-1.24747876740001,-1.887784948809,-1.81619518387182,-1.68868451817817,-1.23260232590029,-0.828941984704803,-0.71505907679462,-0.617269515185702
-0.192445529263688,-0.256095106769584,-0.083156739454398,-0.627674183155761,-0.522065081209612,-0.435948193121659,-0.0711603614327519,0.263562875830771,0.348262367214703,0.412908079524258
-1.81568675986994,-1.94376701661765,-0.452275336053691,-1.05350311881068,-0.928922091848537,-0.84209785917086,-0.43620562978484,-0.0739865079946353,0.0117840643225765,0.0988100186335689
-1.37962894089681,-1.43900861324897,-0.546079495031627,-1.28641861500754,-1.18204099023625,-1.06390674037516,-0.509885539091128,-0.090469686206118,0.0390288840970757,0.135593258506943
-0.618957734051901,-0.648330730867536,0.927317212511066,0.423290235309722,0.49522057761513,0.570149664609595,0.917974247915323,1.29587100991053,1.39848302694833,1.45346919723565
-1.27503183060552,-1.04709058603737,-0.122069465129648,-0.733342569761854,-0.635999943356911,-0.527435907576565,-0.123282814975017,0.291123303295312,0.416001255201181,0.492265130996965
-1.59336983755588,-2.24124022253036,-2.6588069274091,-3.32760949155659,-3.23611817124,-3.10332573950984,-2.65416160227391,-2.22915994200011,-2.10034654370031,-1.96134445410923
-0.201319630766248,-0.067004954220167,-1.37048236856599,-1.94743898212447,-1.82761811755545,-1.7346836975967,-1.36993330440439,-1.00217983795664,-0.877633032884173,-0.80473344580191
-0.543447636736166,-0.577001619914504,1.02769126603996,0.404710460362311,0.479518451343772,0.604463584669277,1.03399853953975,1.46605495468914,1.59272061612828,1.681694742879
-1.37147779913414,-1.17350393172536,-1.85583907551034,-2.68520009482484,-2.57015136406379,-2.42161926475954,-1.81616203514596,-1.40160057981513,-1.29325296062607,-1.17912461110451
0.390944844225101,0.384698832814291,-1.6929528403554,-2.13997625079044,-2.0759965462045,-1.99115364644756,-1.70242135489375,-1.37268493975846,-1.28027962737096,-1.2015688798894
-0.512069792534987,-0.562710791892042,-2.01783411608097,-2.67239613817732,-2.57941819493869,-2.45685895630664,-2.00598331866872,-1.58802472317379,-1.50158490837155,-1.44836491268739
-0.397722899839559,-0.497405612165662,-2.37903444923707,-3.09676050172249,-3.00506200079372,-2.87418274489364,-2.41207496266718,-1.79263247634957,-1.55551314513459,-1.41079423210279
-1.45042061804118,-1.63869865602399,-0.654962218390844,-1.34026995806125,-1.21860099371152,-1.09155323421555,-0.634219005014942,-0.253778949714644,-0.153234784824256,-0.0357987900050216
-0.360486657010691,0.0386807254717226,-0.00106229759310917,-0.512634696415645,-0.452241253948435,-0.351585398224461,0.00557645707639704,0.334520500307662,0.443865272807381,0.52314659768729
-1.02107497491985,-1.08637512608757,-0.389736462499867,-0.912259781662359,-0.834553787880161,-0.759374405357428,-0.372353556580921,-0.0559962250803942,0.0272939481142131,0.0908832570859698
0.169641858277055,-0.0120692924382281,-0.195504165734832,-0.755476444304437,-0.673115313076803,-0.560096234668992,-0.189524608539682,0.190711068657977,0.321612981629984,0.405588580781321
0.122793982739727,0.00749430123619526,-0.14624342273622,-0.743089686062636,-0.651530640243194,-0.561606440212818,-0.16819999281083,0.324944291688604,0.449915158725565,0.56878664956551
-0.464292154087624,-0.623958794482689,-0.0213750660925693,-0.640779969891007,-0.547411968882567,-0.443357468441376,-0.0291127216401289,0.404943288277169,0.516095435043107,0.591262075837881
-1.3257643851083,-1.11094440969544,-1.27023748754783,-1.88060894329612,-1.77867878737861,-1.69973246084857,-1.2748422950116,-0.838458770520097,-0.733983459991704,-0.640522583253937
-0.449678043518536,-0.656804360337848,-1.27610716918843,-1.71784236385978,-1.66274530909711,-1.56924769794992,-1.27595730755455,-0.979420190336017,-0.89344804569899,-0.823847406432381
-0.617902998181956,-0.89666628357786,-1.45604118869571,-2.02762955510302,-1.91499773204867,-1.8130520275929,-1.47021225692647,-1.07218221499083,-0.941298490457683,-0.848250164937747
-1.24214573327208,-1.82074022366981,0.450713378410664,-0.155216707408984,-0.0705635592872474,0.0514862589024773,0.443210852077183,0.858873313100879,0.951236320618472,1.04092873127712
0.00835309377135037,0.121863352350347,-0.0435011599094752,-0.600977404602538,-0.522740142563341,-0.447068034488283,-0.0939190720055915,0.473629487566504,0.628499618521424,0.772884978854223
-2.01774314551895,-2.5485336172031,0.174653808246284,-0.342034813689794,-0.240490350214059,-0.146825793662783,0.187545082582432,0.494286255464361,0.580718830344992,0.663116746169529
-2.07396495967644,-2.40944409063194,-1.94966517849697,-2.67097369889086,-2.55492042071773,-2.39334242972969,-1.9366318100136,-1.51259843662404,-1.41175334238675,-1.32236911575904
-1.47906477194172,-1.60771202957761,0.633756499610517,0.100155015729328,0.188000128450243,0.269001407934501,0.630444675053749,0.996268968943927,1.10160457171411,1.17488921803056
-1.88124354493772,-2.48142588530844,-2.00361681412399,-2.77873479718725,-2.68133820884963,-2.525734046642,-1.99239933480522,-1.49712602720282,-1.39463043750648,-1.30320474536053
-2.18826874741986,-2.1907556211467,-2.22256874925374,-2.93053080995568,-2.82540999868605,-2.68488111034033,-2.23340086674229,-1.7164764861353,-1.57247913667429,-1.42587720742154
-1.07631403424728,-0.930328568262834,0.652998825044604,0.0316208880880892,0.114773961319878,0.25318026105517,0.66535805001068,1.06194837143799,1.15141629867413,1.20260398991336
-2.37521931959155,-2.63619251370866,-0.0593375380829551,-0.750547604130731,-0.66809045957791,-0.539902076534763,-0.0547922360479605,0.4139088572325,0.519666709856168,0.614621544745456
-1.03635734817319,-0.483680080543752,-1.83989095311963,-2.42719257343221,-2.30593947823447,-2.217655663754,-1.84838097883899,-1.45947569514416,-1.33709361404403,-1.2235868865163
-0.00271544669662137,-0.163387389864183,0.104957183732403,-0.398139386932539,-0.321977342306616,-0.227379035416771,0.11456205439238,0.447216057498112,0.550957534336158,0.637596669947181
0.0153340150737989,0.0579310313254664,0.277915395678044,-0.145053748056465,-0.0657816720567274,0.0176245396414695,0.273915475883884,0.568708563279035,0.636487348610042,0.709216123539045
-0.439763958342515,-0.187903072683512,-1.38166377715897,-1.95118819718183,-1.85690389870916,-1.75704550432853,-1.37665967844974,-0.986344555278292,-0.906834374295379,-0.821060486980114
-1.89429357650272,-2.49236782612087,-2.16221659174868,-2.83230471935305,-2.74295516222888,-2.62225413994766,-2.15884188950022,-1.71795672270922,-1.6049546364638,-1.52928555281339
-1.49500204075095,-1.8921378857113,-1.57872958040989,-2.14290785025073,-2.05755676676748,-1.95782078388583,-1.57384576839817,-1.21491684097555,-1.100919883977,-1.03557209335436
0.0680492675607176,0.176645507556012,0.573606602379217,-0.0839511659180616,-0.0192458137765605,0.0852034447174001,0.557748739320338,1.08286922478365,1.17862289069256,1.27649853617178
-0.889255807553936,-1.18569275748875,-0.690605657175337,-1.22543132521167,-1.16756338120747,-1.069358713183,-0.695290212058727,-0.306166912688523,-0.197151352164835,-0.124361343331524
-0.0432842686619579,-0.0475414424871485,-0.891723342314877,-1.40036577235354,-1.33654600609089,-1.25292175599926,-0.903841063102967,-0.521806302740487,-0.430745738713107,-0.352638764393246
-1.18814869199842,-1.12267738894583,-3.18279278000456,-3.87398757593526,-3.76911030309862,-3.64440078997936,-3.17146635209458,-2.76137069479671,-2.65867094958492,-2.54804698557128
-1.38773106229092,-1.58942337459905,-0.517314839778727,-1.04716861453298,-0.9581014646986,-0.87756503476652,-0.523221768467422,-0.169864644683102,-0.0614643081247926,0.0142341951537732
0.0412885145095788,-0.433554369065915,-0.0522968194041527,-0.760653390138684,-0.672137528410274,-0.528422761874257,-0.0087812391838336,0.32677254268074,0.395833720362544,0.465602366934695
-1.26262068731543,-1.15220208323334,-1.44147385911773,-2.02354880575981,-1.94748422853279,-1.83150599783229,-1.45506320564132,-1.0163814348272,-0.918596895448801,-0.803295379526679
-2.29759270186525,-2.93681127991571,-0.22062096443237,-0.936398345561297,-0.8220419133765,-0.705253408287797,-0.205277156186559,0.258846114114571,0.349284294593147,0.429192848444163
-2.07851389382519,-2.56115606888209,-1.73805682418363,-2.33289075724527,-2.24211199900248,-2.13581498888032,-1.74326110874727,-1.34631180227434,-1.25668347915551,-1.15921090179612
-0.696825912378482,-0.730290360458883,-2.79774633937918,-3.42928537228754,-3.345940408465,-3.24919341521401,-2.84715657310647,-2.22614520487919,-2.04614799473622,-1.94579010734383
-1.27673148000948,-1.42768840930668,0.596684683356209,0.0537537169845854,0.131145692022599,0.255854154680096,0.61141677227061,0.907813551931253,1.00018516079488,1.06658088497287
-0.294182388468348,-0.199033098274722,-1.99218940696487,-2.49719723046143,-2.40825387907212,-2.32526165413043,-1.98604258646612,-1.67526624842192,-1.5617831509097,-1.47524684913044
-0.858701603174476,-0.92438882335298,-0.94409972293817,-1.57240886083069,-1.47338804682766,-1.34707255117375,-0.942101586100017,-0.554660889639128,-0.41259655169488,-0.325278772285639
-1.94272189356595,-1.87925719226917,-0.644952891046722,-1.12247843251755,-1.03473872519778,-0.940733785661758,-0.645365003962357,-0.356084046273215,-0.271745262369791,-0.21417791014041
-2.49150837757014,-2.14930132309533,-1.95093679672457,-2.61242726806829,-2.50492149004895,-2.39336825742985,-1.95707459066503,-1.50576915845805,-1.3838870693992,-1.30534321718378
-1.59784988570306,-0.989986296378422,-1.83706206942431,-2.34811385029128,-2.26664145266921,-2.18083150516345,-1.85911520291548,-1.47121299586206,-1.35309386705322,-1.25378705802114
-1.08669513309664,-1.53452596775257,-2.44497008677309,-3.11314918071451,-3.03085849139839,-2.89153347723234,-2.42592484827412,-2.01433112551044,-1.91546814765967,-1.84725104827457
-0.162660260366892,0.0406023007396841,1.08267802971882,0.436087876337661,0.52224465723715,0.649015808536656,1.04449669664473,1.58560748396901,1.74839607351783,1.86554241655281
-0.670712305141432,-0.462445109515475,-1.65417794749499,-2.26092195215217,-2.17073978283838,-2.03922801178379,-1.63738793570758,-1.30195530495575,-1.21440669469437,-1.13160721297016
-2.38154334495123,-2.99878231498928,-2.7649513724432,-3.457838602811,-3.38924498843252,-3.27345006435994,-2.76040052059134,-2.27133365760538,-2.10397991671071,-2.02273419874378
-1.33271485057837,-1.46824466438588,-1.07018437415486,-1.73190348166004,-1.62121189955068,-1.50084947163666,-1.05442255055176,-0.679555679345735,-0.592100505157438,-0.498677675159816
-0.434104884732385,-0.490644693677257,-0.91503528301887,-1.49345575016361,-1.39417558494745,-1.29443776474429,-0.917308251334528,-0.517338907924634,-0.421564534707428,-0.354708698025667
0.087845730836159,-0.0201562232146923,-0.38091732749707,-1.05137449796371,-0.963327375985511,-0.825511124637114,-0.375187958498272,0.0720710356771302,0.194289680844754,0.350692626580643
-0.564617118124839,-0.909882697348876,-1.56091524514997,-2.09731820271681,-2.03113993490625,-1.92601378308199,-1.55938352115365,-1.20475823248978,-1.12118548442408,-1.03558753616738
-1.95837899567804,-2.33116989830127,-0.594865879784055,-1.24373317043115,-1.13402710362165,-1.00319110615547,-0.59390535387383,-0.215680371780338,-0.0820660324755547,0.0162026048460947
-0.398971329706249,-0.264026030393674,-1.057527089334,-1.87035071561774,-1.74744373380001,-1.58413819053384,-1.03618577569128,-0.549331138715596,-0.391592750129493,-0.290118314102723
-1.30014393455911,-1.09293874532342,-1.5468067084385,-2.16672365207206,-2.07503670958674,-1.9621485082424,-1.56800510230885,-1.06606030331319,-0.891034363612687,-0.779826069893019
-0.738712536176787,-0.683386663688141,-0.892022157617418,-1.48731471015525,-1.39376595416101,-1.25975775176111,-0.903707841470115,-0.463518688365865,-0.320224500039503,-0.226655123488094
-0.141711075417448,-0.562640222887683,-1.76704914821299,-2.44969604536082,-2.33222037870244,-2.20827003865891,-1.7524156101109,-1.35520471596955,-1.23482971738196,-1.16287875444115
-0.0948017490895604,-0.131308316651938,-0.0353389347259086,-0.648830805415231,-0.579088105855942,-0.470903444437774,-0.0202385727778835,0.383858794488295,0.461075848779141,0.565365926333866
-0.231468558184927,-0.397735702264851,-1.98355873876602,-2.73634105111628,-2.58994095257036,-2.43688944931682,-1.96041936039648,-1.57841483800826,-1.49166621619137,-1.40688257419176
-1.15321542658345,-1.16162673327674,0.849182845570302,0.180085510999144,0.24829057684386,0.394377069635597,0.843791723055663,1.28822081134987,1.42159149793203,1.51743909458897
0.45793582227551,0.425127797924672,0.222282152699179,-0.29290422915942,-0.234359937064286,-0.140148070321333,0.222988283129777,0.587367279129726,0.679855944250942,0.772830791532457
-0.61320318244466,0.179562371584637,-1.31232278580871,-1.89375720222826,-1.84697880943166,-1.76062826853116,-1.28255565994264,-0.923275865250278,-0.813963674616467,-0.735973304079508
-0.90409759821303,-1.00193643498893,1.85578460702534,1.2357960755274,1.32796446777489,1.43544887078116,1.87751167180468,2.20285338552448,2.28837164917991,2.37275783286572
-0.705110800220579,-0.676483266168346,-0.441118312344976,-1.03575475183979,-0.957481786657271,-0.850288303474146,-0.446023119920636,-0.0365183834911704,0.0607532098034821,0.158572897895533
-0.293597588574262,-0.255270743080357,-1.08963423378784,-1.71020468354904,-1.61676367608666,-1.48841343211456,-1.08361563979371,-0.713455844112882,-0.599471611550082,-0.521387159234755
-0.911801958434921,-0.71344608804254,-0.393640416317585,-1.01437474579564,-0.93344529343058,-0.830121563392008,-0.4476495020575,0.153743597102862,0.315735060545029,0.439315101709109
-0.322278204884756,-0.260323618927812,-0.298852175315678,-0.759352322285885,-0.674216436924451,-0.575627281880307,-0.28876841203707,-0.035463747806029,0.039380131195958,0.114370336972597
-0.332834449750139,-0.229663999661238,-0.233102406735732,-0.915820338742467,-0.78043711526384,-0.648033989955249,-0.249589129400575,0.221805935874345,0.340941985473258,0.466380407420247
-0.0951190124190233,0.0669273971129933,-1.77933185306137,-2.36234093892906,-2.29354633035574,-2.1759857392947,-1.77040774972175,-1.39308819303724,-1.29939265844372,-1.21444735674584
-0.182599140271658,0.00708891953867956,-1.47315316090148,-2.09859302058862,-1.99025484374513,-1.87412222967472,-1.46589790564605,-1.09008248396825,-0.999631267458592,-0.900955409127759
-0.621915759118074,-0.781445985078158,-1.54231175462643,-2.17568961435128,-2.06472378039536,-1.95234941407565,-1.50778290722026,-1.19173280724646,-1.11324585076613,-1.04186556437933
-0.904406604099537,-0.747934924371813,-0.221378326683876,-0.986866587632754,-0.902155423678877,-0.757859950874131,-0.175274578224104,0.174999756390068,0.263038224390666,0.376241828761179
-1.58419095822961,-1.27023390438749,-1.03589878738988,-1.632856450003,-1.56139140099362,-1.45532187444332,-1.04847100754298,-0.618138136475289,-0.535652718031122,-0.439893495013648
-0.490448410704864,-0.614373007940159,0.0349971265450881,-0.674135010514411,-0.581461367458317,-0.472930440302208,0.0361792175458606,0.531804595619841,0.65855792490124,0.728923889157386
-0.331638526365137,-0.360000183775351,-1.31554191930383,-1.88091416803754,-1.80733668587485,-1.72141746622987,-1.37283725415514,-0.72578401260676,-0.513050453111982,-0.423926062094361
-0.458702060512227,-0.0737684402878427,-1.07623200584991,-1.63688392889404,-1.54167780646123,-1.43686216947676,-1.08542075476858,-0.697558140069105,-0.591868667390455,-0.502967309171542
-0.969684446813429,-1.31867791840309,-1.40175303671285,-1.98886504690535,-1.88555198982769,-1.78636591580645,-1.43060650786386,-0.976406831405128,-0.841993361704864,-0.716570619480278
-0.380886996478129,-0.266733808143025,-1.48836920237068,-2.04681301208728,-1.93605130442995,-1.85297305721673,-1.47778059515755,-1.14612638535253,-1.05382796482072,-0.966177803525559
-0.143073192547984,-0.145598424751265,-1.23282794921646,-1.73487936643931,-1.68112648676019,-1.60499885322584,-1.26829019821323,-0.811577116665126,-0.663109495348383,-0.529442928160503
-0.0710763882936313,0.0404388232154236,-1.54262425517428,-2.12165593454816,-2.04217010692969,-1.91100182924477,-1.54135168585979,-1.16451206280492,-1.062097066678,-0.977000839754164
-1.33050000225389,-1.2466446805573,-0.593850067115174,-1.20617149678772,-1.11262471409738,-1.00296103036257,-0.589521943228009,-0.19356229352889,-0.0699663310093873,-0.000176036659234949
-0.735481852795828,-0.576815438545055,0.566492555878322,0.0180597733268942,0.0951716700198119,0.214289373990786,0.556403505093936,0.959613786198016,1.06464703687636,1.14632561811605
-0.192514626547631,-0.0231787899388748,-0.72003008758329,-1.16327266358234,-1.10934299024896,-1.04563503631743,-0.72842504612638,-0.401222002456147,-0.285052667535888,-0.152905328318156
-1.23709703075476,-0.937068594009657,-1.40825839886854,-2.04318681437067,-1.90867430322692,-1.75925980840843,-1.39710540357599,-1.07883439342635,-0.993849957900164,-0.914313991438817
-1.33051946216397,-0.880669121620425,-0.641585961595378,-1.12017249044087,-1.02864413200402,-0.928412497931593,-0.636503544321863,-0.355903137938724,-0.285133543691317,-0.219505571417047
-0.1435055678218,-0.0545595508685822,-0.303220690480992,-0.999994157854788,-0.887871772706012,-0.7377359960338,-0.278873791230328,0.0926435116360052,0.201248756422929,0.251036924878862
-0.747482651324472,-0.574857789902312,-0.322385082424269,-0.78883062214109,-0.715527104656229,-0.636424827048684,-0.322580100816375,-0.00852295414815165,0.0830998494877263,0.161753735404161
-0.227501888675513,-0.52176691479691,0.234486580419596,-0.236099535979998,-0.181148628666501,-0.101532355339622,0.222037227075184,0.582605938327859,0.696898685098519,0.773474546066125
-0.711578750598663,-0.55472418716104,-1.11579584910043,-1.76819239106636,-1.65192453002151,-1.54962915204408,-1.12568210275847,-0.669314217044764,-0.557486135491482,-0.45386171397988
-1.43167102455449,-1.86172236037319,-1.16362761864961,-1.82410166055969,-1.72421264887702,-1.60083810185583,-1.15098498225602,-0.74619029762514,-0.651663111016228,-0.586645095820618
-0.903567569097592,-0.688150844673101,0.316590564049756,-0.200029896317916,-0.116251494389462,-0.0277197434648509,0.313576914076115,0.650978908150714,0.774754665635326,0.867779167807897
-1.63824563633657,-2.10497303396377,0.420713392609411,-0.258781770283315,-0.123152549854264,0.0158969274618001,0.442236617966367,0.793949662504652,0.891707579510017,0.960771760786602
-1.92273824394992,-1.66499879547352,-1.81982506490875,-2.52661413692867,-2.42726387251772,-2.26887942715155,-1.78469534958744,-1.40967114230875,-1.32331915857142,-1.24084685814664
-1.04077536731349,-1.4002462115355,0.603857351503946,0.0572709327935719,0.116214610067489,0.223312943704093,0.615264900352507,0.966509220685347,1.06810509687892,1.14882607352173
-0.886656757243155,-1.4121530066469,-0.91652308468163,-1.49634211920058,-1.38434159842463,-1.28529003333825,-0.910090056691216,-0.549170118134254,-0.475148664952106,-0.387783226919919
-1.62204896295081,-1.3423458550197,-0.725523276168831,-1.26007511922707,-1.15316765281555,-1.04443295834805,-0.714736404745092,-0.409616153494674,-0.354630215503745,-0.292293622032781
-0.890893283545485,-0.444293453564991,-0.528436330091957,-1.34714451966295,-1.18666980601354,-0.98157656596818,-0.505269784542056,-0.103193248581789,-0.00770813519025129,0.0761567478562106
-2.23577887964195,-2.0486881719232,-0.909130013386726,-1.41539072112715,-1.34709054736683,-1.23300464493074,-0.915746295814116,-0.568712158914978,-0.485106194969171,-0.388239818809436
-1.23626048006402,-1.26621011559882,-0.359855610505579,-0.904571254413519,-0.797673855420962,-0.683574917206894,-0.356648464545918,-0.0224793037682058,0.0725195328437614,0.175079743047199
-0.500753885430404,-1.11931580444834,-1.2547076066723,-1.77963865063195,-1.68207929488001,-1.5988168611819,-1.25473842471028,-0.900717992825066,-0.815234364646103,-0.734840953781106
-1.48096942044444,-1.46318500006065,-1.69997863185167,-2.17651442209447,-2.11246443308454,-2.01944402223038,-1.69419864541169,-1.39852350892029,-1.3081902141977,-1.21315988740316
1.05712651240944,1.05530481539096,-1.04283549301179,-1.58313714103334,-1.50116070948256,-1.42490717484781,-1.06600122497432,-0.629255446480597,-0.465465488897423,-0.37283803687823
-1.5160808977328,-1.62107685742983,0.51453829482263,-0.133075967719238,-0.0261445782729982,0.0635565446395833,0.499201187645894,0.989578770037758,1.13613140902328,1.21826688764728
-1.96770895478675,-1.09483665524105,-0.727874127415086,-1.35077783662779,-1.25352763781136,-1.15469765190574,-0.704163890034257,-0.34711799157929,-0.223397451351031,-0.11116140525867
0.328671331752874,0.347701496538507,0.661731103181465,0.048543315497809,0.113344729596896,0.234419214045659,0.667461869952178,1.05795981574085,1.14081743813785,1.22449910942399
-0.469107533948505,-0.167516186813293,-0.364863368655448,-0.855015338310511,-0.774043565492029,-0.695304042266085,-0.365169229085329,-0.0620212797692832,0.0452482856038517,0.111886394949535
-1.92459720869931,-1.90909155406315,-0.865605766206184,-1.40058131924638,-1.33734681746143,-1.24253750660683,-0.867494457352018,-0.498805086613109,-0.394678327395105,-0.250755885350768
-0.666051018196211,-0.448627539167753,-1.17550847629958,-1.88262424111708,-1.80080020875906,-1.68268451016857,-1.15547760560036,-0.706493511390572,-0.603429804081287,-0.52591641537499
-1.05164048539816,-1.12451531797138,-0.678835858929956,-1.27377230065388,-1.16809842218949,-1.05233679082914,-0.677089350565259,-0.312387870972142,-0.199461916931707,-0.138121713195328
-1.4632342201833,-1.27459434706856,-1.16634512484563,-1.86971638462585,-1.74763697690096,-1.63456402878189,-1.18154925077419,-0.683683029070248,-0.56893875872916,-0.448979409083731
-1.25714682299701,-1.08976713757577,-1.34272364377171,-2.26359951347057,-2.12469068702072,-1.9955214403602,-1.31784026378716,-0.719968522277892,-0.551101988042885,-0.460502767088282
-1.11633293845699,-1.54232747031524,-0.584577471364719,-1.19745108811994,-1.1161925094006,-0.99724091221953,-0.585765315237303,-0.147684401275646,-0.0364992242860426,0.100025729165857
-2.46054470176005,-3.41920015494243,-2.03600523421943,-2.66233897299377,-2.55348892524446,-2.40300524261522,-2.03529627721227,-1.67027235839607,-1.58380014211892,-1.51180653457798
1.05405893142762,0.984646539208026,-0.270822492843485,-0.82130901448172,-0.751924409957099,-0.631474347766876,-0.279458977926597,0.11183292260056,0.235918360321856,0.342443907149831
-1.75335659684007,-1.99155626016734,-1.94295387333234,-2.46085397054063,-2.37577320919299,-2.28769839588521,-1.95001865393933,-1.57698347481914,-1.46194143514673,-1.33804831054173
0.265315604788931,0.166473729327084,0.0214306263221987,-0.712053828412205,-0.601101427996525,-0.476215704107495,0.0366369261745349,0.490060156585997,0.605610622029296,0.696336042689756
-3.07587676861755,-3.47064061682669,-1.79394454924594,-2.35720261424431,-2.26889821709048,-2.17212671848066,-1.80715875553501,-1.36661244520682,-1.20939746804068,-1.10594676303961
-0.649031467638286,-0.650454772235777,-2.38397587554984,-3.06949692880607,-2.97047317754141,-2.81132516288092,-2.42182510853794,-1.91930369862791,-1.73424699505637,-1.55544926325697
-0.11468003983743,0.175627337364377,-0.458810998599891,-1.00768447245921,-0.907425269248784,-0.809972802025268,-0.464803695096618,-0.0979065195135772,0.0069751405246862,0.107026467346057
-1.81760106547389,-1.61800027799867,-1.05415985427167,-1.63108835181082,-1.52756397026401,-1.43726992243272,-1.03674360949704,-0.690868618549389,-0.598336249572828,-0.531915058199901
-0.920563443840676,-1.63135805372778,-1.04685628870262,-1.68675112017643,-1.59732198011796,-1.48315783730266,-1.02905382901234,-0.637525629149721,-0.537062688809109,-0.445261057397449
-0.766186264931055,-0.903989694073321,-1.71902245516242,-2.27396436734842,-2.19034115422516,-2.07869935942923,-1.73236688472919,-1.36006258485818,-1.25118227318346,-1.12509464347016
0.0565186115027893,0.24354715807223,-0.100966995716036,-0.695754007511244,-0.613799879507261,-0.500023933312104,-0.105035204440482,0.299165355531275,0.401886545070761,0.511334617062754
-0.551238283843516,-1.33041807642702,-3.38581289551814,-4.3131460466642,-4.2165073967011,-4.00836152800472,-3.40919091715833,-2.73158311062051,-2.56981314274985,-2.41976300568104
-0.315149842066032,-0.335171424457699,-2.13181459108866,-2.92126122861667,-2.7843883179721,-2.58739743680736,-2.08595411538727,-1.73999675115822,-1.63142599587851,-1.53888142877369
-1.26493150975652,-1.62645761879953,-1.89600429245704,-2.51321145171898,-2.45367267817001,-2.32605327183855,-1.90018549550281,-1.46771122509351,-1.36211043583451,-1.2876934199098
-1.20603818477834,-1.27325806032272,-0.943075430511157,-1.4312114970499,-1.36230309745078,-1.26172327897607,-0.957327072380363,-0.604641405450938,-0.471313163726456,-0.357356658665422
-0.795150739195432,-0.768048122483385,-0.531663969491793,-1.23084998483485,-1.0810048481963,-0.923440495973024,-0.498335466743672,-0.170901085646781,-0.105929168443704,-0.0219422399578814
-2.55250363841393,-2.55462652598828,-1.40513850227022,-1.94201331974426,-1.84317374567948,-1.72629178391143,-1.41812268410125,-1.05414415244009,-0.942105185543449,-0.871123881729775
-0.848651754680177,-1.3377277373421,-1.40932264103237,-2.22755850848364,-2.10357086125074,-1.96231452266875,-1.37379905145562,-0.904303281630684,-0.797540309350102,-0.682911692154525
-2.24642854650409,-2.78184014432006,0.401321695547857,-0.14824176636446,-0.0390685642919552,0.0624288185934158,0.40859055677928,0.724650004856656,0.802378708443341,0.899618274634358
-0.487260886030787,-0.688494881528923,-0.617875456135589,-1.20633444078684,-1.08599953557227,-0.986045464612802,-0.618904502418418,-0.255767945637031,-0.137405640096227,-0.0445238671024573
-0.381947159039569,-0.331566546684536,0.0857298242648111,-0.460879059729494,-0.4053905421103,-0.294391054048551,0.0752527083988299,0.469961969665145,0.568893760845948,0.647386138832435
-4.21205477115773,-4.21054768202759,-1.66876955317068,-2.26563873873948,-2.20492165943919,-2.08445863907253,-1.66323796465474,-1.26543372044508,-1.13906102316711,-1.05624341592121
-0.5557250322021,-0.85932229778819,-2.07479120414235,-2.61179029232774,-2.51997125706239,-2.43747757683271,-2.0818428897364,-1.71926975159185,-1.64240292200988,-1.5598070180507
-0.920144953871,-0.493265661235313,-1.33784832566965,-1.93504156363795,-1.8508399599207,-1.72932227973133,-1.34146601802911,-0.927443820473802,-0.812714997308516,-0.706448313978163
-1.91926123682245,-1.86257582278199,0.0127431316071199,-0.733714692248406,-0.602312860475041,-0.393618787888449,0.0382519678839101,0.398155893843865,0.486613585681409,0.571398373051825
0.0386988496757216,0.0619241862389757,0.280316356104125,-0.243447110444353,-0.166724197943784,-0.0784317515274152,0.27464359595452,0.635701207582146,0.72081673119506,0.793893102798002
-0.45654557052124,-0.485020424058339,-0.495641846101468,-1.05228588277333,-0.985162396516329,-0.874501438422555,-0.483808165918777,-0.1480910690994,-0.038821379250434,0.0389007668055189
-0.640637423044191,-1.31104889555176,0.331304044836868,-0.224862980228165,-0.141292549092341,-0.0345834999166906,0.332621408519621,0.721211482502709,0.821095749023264,0.907599030618924
0.227049210250062,0.421941712551883,-0.184005134571378,-0.751024458873219,-0.644348819833013,-0.558814408234125,-0.189590557296039,0.206749837791991,0.302998606192788,0.405859178230961
-1.22327810736897,-1.04947707436034,-0.433743006019635,-1.10503088356516,-0.993641035784448,-0.904031384648,-0.495069356400612,0.144286863112154,0.295584207627186,0.409622690820933
-0.31445149394584,-0.545843120317532,-0.854016629958862,-1.44031971381182,-1.34421590377949,-1.22560315053974,-0.847095994149467,-0.505224722298809,-0.385308360198745,-0.315932320156004
-0.018600566697024,0.00478576160093699,-0.567134977534452,-1.04023788121597,-0.96785026149333,-0.877012516695308,-0.554649328315372,-0.273468070794804,-0.211894415988786,-0.143538198805085
-1.1081512042442,-0.824748531422336,-1.32660483206663,-1.87742852003926,-1.79158568866454,-1.70359602600398,-1.31526994287299,-0.981302392573638,-0.877343363556071,-0.782479024830305
-1.49977594352635,-1.84403487738927,-2.461781388687,-3.09596818794867,-3.00786986034706,-2.82889501139406,-2.45164371652459,-2.11045140439861,-2.02109028477943,-1.94181741089013
-0.82834019039799,-0.351009803791449,-1.10957110222039,-1.77262861125526,-1.65942245272681,-1.56202231817699,-1.15496030257257,-0.57627558633329,-0.445969277184634,-0.360179620996477
0.161538816845099,0.750007612802376,-0.548084561719647,-1.06319909143862,-0.985076875586497,-0.901464799026779,-0.586756835043744,-0.126309070357172,0.0393442110523936,0.155515550548496
-0.942397320451217,-1.06035107757443,-1.05194030107069,-1.60495457618673,-1.52725780764797,-1.43192660400247,-1.06388548867937,-0.644736110971146,-0.525750490829589,-0.436914712438383
-0.054473411821432,-0.0757154072212569,1.02773001600371,0.624051127873849,0.705409052518308,0.770650658721674,1.0297526765729,1.2891794502194,1.36767020829189,1.44559021661469
-1.01063136029162,-0.779226310666094,-0.815052913836915,-1.2757547104459,-1.22239153819032,-1.15181162651763,-0.856051361787121,-0.396458239256293,-0.252751507985843,-0.1497580294577
-1.85561012713332,-1.53701171564018,-2.85304515796531,-3.39914711803454,-3.34093356947648,-3.24349106141313,-2.85044453351689,-2.47250113885772,-2.37217105938133,-2.27556267756413
-0.312724350178955,-0.103809978529774,-0.492132015410785,-1.20170163686341,-1.08809346323278,-0.91777831068558,-0.459631035032366,-0.100466836968525,-0.00829032243218553,0.127090417012875
-0.0321438261119594,-0.135531547166746,-0.691953333520446,-1.2550146419181,-1.16908986445856,-1.06565012417706,-0.678968780191469,-0.331573881315684,-0.25652157706587,-0.185390860942193
-0.680178598989857,-0.198547162397154,-1.00886756554549,-1.58809777986183,-1.49692495116167,-1.38918579390852,-1.006827831128,-0.622999255572253,-0.526678197440493,-0.454729028896413
-0.706994364509246,-0.614429807734553,-2.30702283826178,-3.11336294632745,-2.99478901933881,-2.81864442009052,-2.28680978383089,-1.81364051209663,-1.69275620126716,-1.60121188927316
-0.728643248288594,-0.924133511643882,-0.0623265979910574,-0.705541415252607,-0.614262953138446,-0.506639515801326,-0.0452219502141114,0.340801650094915,0.434985492705749,0.535710265658768
-0.433598085008642,-0.164287692088231,0.404225903489097,-0.130550415384542,-0.0304028392510438,0.0605842544575303,0.428852642749787,0.720335687876997,0.797722877471848,0.867337388131515
-0.630334588592603,-0.514937231939019,-0.81891241501976,-1.49625315413546,-1.38760745991195,-1.26739058372008,-0.814598165483824,-0.40637886406472,-0.280029019262266,-0.205559850163093
-0.787386733228809,-0.399845498877964,-1.89037432511254,-2.65420396482036,-2.58345399278688,-2.41728710621805,-1.89932873131201,-1.35192771100724,-1.17718325825126,-1.02083450741081
-1.23077900596902,-1.67559800145632,-0.621672078327768,-1.14649900279645,-1.07667810034537,-0.966339142442796,-0.627273310675941,-0.272897007395749,-0.151963537161407,-0.0791649465787597
-1.14499623382962,-0.895230041555208,0.639335037297355,-0.0655844541146702,0.0696569029359478,0.201630283400978,0.645475704331202,1.09380363281603,1.21231844830514,1.31097637059726
-0.114142416761845,-0.847977887829374,-1.10887648616475,-1.6921625674276,-1.5802709147262,-1.47968100580153,-1.13012133620236,-0.698057539100128,-0.578904727310436,-0.477892634475606
-0.0687440158383575,0.271325443348931,-0.810099867727451,-1.5018002247221,-1.41862433766433,-1.31110171694864,-0.799185959812588,-0.325522012493722,-0.219384577068573,-0.1103004113142
-1.78277868396378,-2.08173002485469,-2.49001651698524,-3.16722280018769,-3.02891833153339,-2.90940916931109,-2.51503348959076,-2.02078018935499,-1.87465938719012,-1.76976233032814
-0.267293419399978,0.00734153661625901,-1.99750377823538,-2.7160508183936,-2.64007824125987,-2.5224817503307,-2.07911368241159,-1.26524704496479,-1.04812049287022,-0.903523396570348
-1.0782689195458,-1.12892415838655,-1.00789372715341,-1.81458203197047,-1.70968314614376,-1.56608865412748,-0.978955928810765,-0.492127657911716,-0.383388536973988,-0.299154839754396
-1.4675352095525,-1.13729250680583,-0.452754119363761,-1.03311823508329,-0.933792779236989,-0.826719948338015,-0.450693731663083,-0.0882181161524646,0.00105091915497784,0.101120334611436
-0.439142333133968,0.00506525224930863,-1.78198886239205,-2.38491628306401,-2.30763393336914,-2.21054045706903,-1.78575423073257,-1.35293967184501,-1.22036698385526,-1.08009951719663
-0.824063115894756,-0.715862389059591,-1.45006878774381,-1.98724927613695,-1.88649344437151,-1.77601201768123,-1.45802966174587,-1.10455005628149,-1.02891114127467,-0.927169913550585
-0.232728564016849,-0.464964781548614,-1.04448740054482,-1.52144958375302,-1.44979252456601,-1.33247779229311,-1.05273713456799,-0.741436172455859,-0.65362618355878,-0.591904417060158
-1.58201080236841,-1.0661367911271,0.0962176401613029,-0.471520044642057,-0.408189077453695,-0.301761016188423,0.107529647629426,0.454130609941415,0.54459178988758,0.614809743271622
-1.12742699761246,-1.01895697040639,0.162119413837341,-0.396497168076007,-0.313816539563074,-0.188788084157134,0.170819779442573,0.496651888442143,0.577728934971444,0.647554965368399
-0.828631071588034,-1.21417313901869,-0.940644882044114,-1.57504303658322,-1.46230982902957,-1.3436741508582,-0.945703399284493,-0.530560420116434,-0.38865430380593,-0.23954499290454
0.2193449738987,0.208715961079457,-0.582801304723507,-1.080266203288,-1.00854829421912,-0.916259589549655,-0.584442543368224,-0.227366531520667,-0.120981888295223,-0.0241383769014037
-1.13221634756837,-1.45167042053795,-0.799380763991452,-1.43856389911796,-1.30781438696695,-1.1662067188848,-0.779880667740161,-0.443273072810755,-0.348279943462323,-0.277451717308361
-0.0428289398961123,-0.015571289988348,-1.7955429988705,-2.311472184774,-2.2486413068772,-2.16446616734569,-1.78973231384257,-1.42679916776933,-1.34028803711448,-1.26647180847223
-0.818975857588571,-1.53649153372537,-2.59406396671867,-3.19558603627406,-3.11342647727952,-2.9808870866683,-2.58889047828338,-2.1987834560558,-2.07638739813745,-1.98858702097607
-1.58960369439921,-1.73773794504901,-2.12967110693638,-2.77768832772534,-2.70041841748473,-2.59527746401167,-2.12244557451095,-1.67085880354307,-1.58070234105456,-1.48497272743152
0.307678262207811,0.0091381834881392,-1.5309581912733,-2.20576992044649,-2.12001701504024,-1.97915941117893,-1.51823532178365,-1.12740203759646,-0.992434476951369,-0.839180862775976
-1.83332399798481,-1.89447196405731,-1.28364667490921,-2.04965786063552,-1.91587904360444,-1.79921265679673,-1.27761226147926,-0.788338540920627,-0.620199153684458,-0.538704550671617
-1.22754064350619,-1.61755319291343,-2.12107092998487,-2.88815496894992,-2.73833918702554,-2.58721983447673,-2.10458644705212,-1.69543338803174,-1.55736929209327,-1.48552139240945
-0.443604078692765,-0.442125870776157,-1.40542358177714,-1.9055379131984,-1.82555567756325,-1.7424279834239,-1.41910137325176,-1.05192380808672,-0.948579815396046,-0.876263815044044
-0.703373374097198,-0.631897448452042,-1.28800253542095,-1.79215328462738,-1.72956979820791,-1.64382595879453,-1.29113624279835,-0.938703299344303,-0.841209957149913,-0.787371079815811
-1.25680676009865,-1.00575876492335,1.35468597903878,0.874718465665079,0.952457767372747,1.04006867254442,1.35803327034673,1.66771892785846,1.7446748587845,1.80841224432692
-0.636989385763765,-0.510696501835727,-1.47119186568435,-2.12314529034597,-2.01346602946799,-1.84767321727658,-1.44601748743615,-1.14149776807504,-1.04669780161587,-0.961604003631915
-0.209355655167293,-0.366784558303497,0.346956017688268,-0.115628411478998,-0.0558153621342268,0.0265789941071251,0.333330552863563,0.678087636353854,0.771303901600452,0.875842501621746
0.0914182102631347,-0.118102678989655,-1.58574769201941,-2.67071496480135,-2.47474305167935,-2.23691042501422,-1.53638849838088,-1.02126031655535,-0.900574722678124,-0.808500083159664
-0.726685197366645,-1.08694319862301,-1.75216950636878,-2.46708301704459,-2.3402228703187,-2.23246551265437,-1.76362555168827,-1.2519590910252,-1.06136027797946,-0.987569525374307
-0.198457232747039,-0.59807268699921,-0.685399154036355,-1.45285718436424,-1.30297757313656,-1.15514471586025,-0.658014515046957,-0.234611286252765,-0.131767052312934,-0.0397784912484073
-1.00542438825936,-0.961949705096277,-0.301936260819109,-0.827926865281844,-0.768374262476073,-0.664120919047067,-0.306349385534452,0.071209536524466,0.193370751860454,0.274816274862068
-0.773055207522489,-0.722161871791829,-2.96280418332209,-3.88562553802015,-3.71007426789824,-3.55498239115963,-2.95222530279025,-2.38613096796719,-2.22899686417381,-2.09649576123403
-2.27691512855252,-2.16424161311528,-1.46489515726984,-2.03162203142398,-1.93477075879246,-1.83059555529076,-1.45663840828886,-1.09658390441447,-1.00130477795066,-0.909714492868257
-0.114112499666536,0.0180064301598735,0.219304210366797,-0.283057454390773,-0.198901948399427,-0.0914646121254245,0.221764069214249,0.522253605390595,0.598130089276996,0.707009814412941
-1.23663702327334,-0.964226012845686,-0.94096484384518,-1.45783943885102,-1.33002680922049,-1.22988833224046,-0.924321623724683,-0.664626555909119,-0.599369737097141,-0.532556612099509
-0.43676816383624,-0.428030829140826,-1.46151265965548,-2.12595819616983,-2.03921005801603,-1.8989701617982,-1.47138843533804,-1.02678904628618,-0.851909333108905,-0.77575126867044
-1.92095894970527,-2.36973887913899,0.135154182700445,-0.523382990571791,-0.421129622652189,-0.271595989293494,0.153265752543468,0.50587521030171,0.598144040296945,0.659996532217897
-0.354439535894214,-0.199621628853106,-0.788888064342483,-1.37017170800507,-1.27563763609957,-1.19413497194367,-0.791535881447746,-0.395519576629965,-0.278804962068044,-0.19380799703259
-0.775579556605075,-0.650178851089622,-2.42842342722139,-3.07337974613683,-2.96484092881007,-2.83767192946045,-2.40835260695684,-2.05520551299469,-1.94761269338581,-1.84870917717353
-0.689970449310521,-0.797945526357485,-1.24389188320782,-1.89535661573725,-1.80852899319437,-1.6641722865798,-1.24176986115987,-0.82984994389305,-0.712483610158989,-0.632810093654385
-1.76860307915456,-1.68013634769722,-0.808340302622081,-1.35782026565971,-1.26831749142675,-1.16500502359825,-0.80143554596105,-0.447737561991612,-0.349582324862883,-0.247971509161302
-1.77190488887226,-2.18528617233065,0.957560165099455,0.394681881570717,0.489501742870821,0.609981462854383,0.963402564386708,1.30177544933835,1.40748490555616,1.51685902770707
-0.780795838543937,-0.0757972492157355,-0.606709394830603,-1.37182234560373,-1.25090504197338,-1.0731099441698,-0.568666449556879,-0.210057856903812,-0.11242668118034,-0.00496411190060619
-1.89075481386685,-1.49421877243385,-0.225938999849286,-0.786948863546502,-0.693146282577902,-0.601107913581187,-0.228879227090265,0.141772414044786,0.244545143917979,0.315382864026966
-1.92448900041958,-2.50106948794067,-1.2137416232729,-1.7396265578361,-1.66796085423324,-1.57686418574071,-1.2274561883478,-0.83111019288247,-0.729543087462927,-0.632326432060688
-1.49134934620281,-1.61714376650063,-0.564438086129845,-1.15205155178073,-1.05098684575882,-0.947001898080137,-0.566155986205651,-0.173229182885999,-0.0811478740348747,0.0182758572175868
-1.74923842469529,-2.02515116516092,0.00253298941808769,-0.64730826537458,-0.559607288924712,-0.454582334517831,-0.000927075140765093,0.448939508084588,0.582197641116943,0.710575260344496
-2.22943053659735,-1.61458771413143,-0.72571872963333,-1.17830880115965,-1.12362556733123,-1.04817825861155,-0.737538304889595,-0.393349334576665,-0.292377906600571,-0.234338971583264
0.0586101556091003,0.0653362695085052,-0.302429732468331,-0.844714573897496,-0.786007137655454,-0.671788817484548,-0.315802634717826,0.100287146829732,0.19075393200045,0.298721894352269
-1.4911558084796,-1.61167010388692,0.475742727655489,-0.136481848016282,-0.0476117027318462,0.0610878686767085,0.497723305036732,0.854077557450342,0.963653691128652,1.03794903163155
-1.91090327937577,-1.62690543630605,-0.289588804933648,-0.904581974407519,-0.797934901824941,-0.6891710511662,-0.292358200856657,0.0901477641806345,0.252473920922193,0.39941114251195
-1.14857376156722,-1.58823709689444,-1.05758987743852,-1.54911047962845,-1.4848965623478,-1.40206524955973,-1.07489313634848,-0.697669384392311,-0.577072968644371,-0.494161386638618
-1.60006505448012,-1.63278837170088,-2.77648498553474,-3.40066954305399,-3.2995136977163,-3.20957468394083,-2.82549868897093,-2.21203366369021,-2.02541236672544,-1.89478865596637
-0.655876403406425,-0.723674530268076,-1.56462126802187,-2.11834614193814,-2.0495724281454,-1.93707603939028,-1.55796851172636,-1.23249113274194,-1.12928734365382,-1.04581379923514
0.242843102398291,0.398286245371187,0.222404086392909,-0.268941980931568,-0.202644855345076,-0.120403287504391,0.217215070778567,0.582736473473501,0.664064640090514,0.757498144961363
-1.74075358584221,-1.63841022403025,-0.76595912998407,-1.37060702211957,-1.2539515398543,-1.1391739429922,-0.754989133460676,-0.419939149032835,-0.323185846617124,-0.23881911573964
-1.09736400758668,-1.16412729495859,-0.300426132143148,-0.885635388269828,-0.805357721098538,-0.715284000527844,-0.325785385220933,0.150700846712276,0.348214326195182,0.463747020640719
-0.647877788750274,-0.65508504153671,-3.08560839251103,-3.67067989164321,-3.58981044684645,-3.51216190491523,-3.09832115231524,-2.67397750991239,-2.5065908743808,-2.37113380404274
-1.62072514945933,-1.50573149447151,-0.0310328893506156,-0.543035884125979,-0.460313131910057,-0.376241151437299,-0.0547568944718624,0.346240675283792,0.457546371352888,0.532999871614136
-1.1461925417995,-0.89941125573027,0.583167778099332,0.0599465652409553,0.137538462919898,0.239429886263783,0.585315724264723,0.903769600706915,1.00070106470398,1.07773763715488
-0.658301634496047,-0.578358205134747,-1.07679593393284,-1.59232742306905,-1.50350096487527,-1.39701544547045,-1.06897051218209,-0.77010420664391,-0.677906506920561,-0.585500348646767
-1.5260144338442,-1.19652074415997,-1.25464128583271,-1.81908908289685,-1.731515815241,-1.63145782691211,-1.27864285881782,-0.841714754150212,-0.739127338675898,-0.650128405828986
-0.897631129461984,-0.905288335917555,-2.06765216714601,-2.65841306728964,-2.5571839916695,-2.45950922323375,-2.08006052402853,-1.65025863384622,-1.52450576271939,-1.45696883086435
-0.280058875739937,-0.0825917868126743,-1.99578321127488,-2.50388173532074,-2.4396191963311,-2.36961213573479,-1.98840274039427,-1.62937424391308,-1.53391939063369,-1.4350180713279
-0.815693839208823,-0.898268360218768,-1.31555604217666,-1.94566093192636,-1.87577902595963,-1.7315047374181,-1.33388212322726,-0.884521504260658,-0.778594494995542,-0.70397866755155
0.381814134988686,0.352616493155802,-0.988827518411698,-1.65122256019307,-1.55949246049919,-1.41891923953897,-0.967767118610462,-0.615908690281964,-0.5064490043553,-0.415693297391794
-1.22014484825335,-0.771871457198376,-1.79805703123102,-2.43711980967052,-2.34652575877955,-2.24166279082521,-1.76991446317456,-1.41617594199666,-1.33942017776887,-1.25380374255165
-1.61162500850937,-1.81742909404342,-0.543548458636264,-1.33220294956703,-1.23069847069905,-1.06510030395359,-0.526007858472418,-0.0720966667992421,0.036061386740945,0.131811724212618
-1.25848697101607,-1.75052411216456,-3.32412214995406,-4.13087766906945,-4.01367180077681,-3.85388846035322,-3.32879390631507,-2.79156344232554,-2.64404887461432,-2.44215864974509
-2.04710541673282,-2.27041880663507,0.0767803514590002,-0.491533754611277,-0.386207696247269,-0.271020479048015,0.0972952091065503,0.393632956069273,0.48338195623843,0.55498872854907
-1.62611161187553,-1.99107449694254,-0.684498828971543,-1.28705320590004,-1.19790568807141,-1.11132193264435,-0.67164449152132,-0.28628065792441,-0.20855286701392,-0.128420108412522
-2.47159280494327,-3.25859065376731,-1.18875206013492,-1.94199921576247,-1.82567723251966,-1.72147516496859,-1.19621470551438,-0.633096071705635,-0.501887112789447,-0.385289863709282
-3.6176430409471,-3.01981997393262,-1.95292956209076,-2.64621302789566,-2.53217897674158,-2.43407266222488,-1.94877099342507,-1.48855813110638,-1.31526129651772,-1.16700439208308
-0.494762911173196,-0.203001267749548,-0.686663851438244,-1.10557149158537,-1.0449750889575,-0.982985762058707,-0.690751350876195,-0.390445795820238,-0.317851381275203,-0.245969649478937
-2.52820168944487,-2.18602507978573,-1.11954852444001,-1.77174952857901,-1.64900189442846,-1.49254611199044,-1.12572938981038,-0.72263514386108,-0.580805591853825,-0.464389167768615
-1.11101812989127,-0.820117157273214,-2.70432643633055,-3.13005553096714,-3.04725264304274,-2.96791630950884,-2.7028058615486,-2.42962508548152,-2.35189700224276,-2.28522219019515
-1.15440235276098,-1.34589051503155,0.492958907368167,-0.145789570082332,-0.025157246403463,0.0628596127737776,0.481095588510901,0.936828955578297,1.07614876876437,1.19944536975975
-0.244021715729981,-0.47626992027613,-1.41967221551573,-1.86212468740462,-1.79126154313532,-1.72558523926158,-1.43202106451028,-1.11053617536139,-1.01174811282472,-0.928231399128632
-0.236159521228225,-0.119717390945337,0.194408391461994,-0.521501255397115,-0.387547104382647,-0.250752568135328,0.216932691186,0.612242117590467,0.714457799044456,0.822237549801147
0.189704553593567,0.329573330369641,-0.502569665830036,-1.17757391497304,-1.07490399661461,-0.92347501862151,-0.487715228858189,-0.106298323573104,-0.00246943688610624,0.133555063819682
-1.46786155346516,-1.11203543481015,-0.437710449307031,-0.993057596606867,-0.901368447137047,-0.810080449854593,-0.436328036152803,-0.0360928339158439,0.043716340492653,0.0953661560269684
0.513235315682122,0.352685826540237,-1.87948305188583,-2.55108083359177,-2.45731690858557,-2.32782395564697,-1.87822669597625,-1.43961391768053,-1.32550280486367,-1.25680898145934
-1.31736590002748,-0.99499043446459,-1.51629751266323,-2.06842342281853,-1.96175312764575,-1.86954110508203,-1.53254193097419,-1.1377982193836,-1.00481487005935,-0.899850491201647
-0.171698319433173,0.0531853756329245,-0.579297639431134,-1.08263223059434,-0.99208062572347,-0.925336719145296,-0.582038577274006,-0.227923725875928,-0.109380678080542,-0.0323683835336757
-0.171832753354863,-0.0587850031613802,-0.744639082891365,-1.32026558843559,-1.2339554745469,-1.11629757733715,-0.729015700966889,-0.400013689367277,-0.310118004346574,-0.253663009085931
-1.03521361909895,-1.00469041924531,-2.74213303363824,-3.47465753929909,-3.36687082355156,-3.1983121983411,-2.70490508671021,-2.35129827722985,-2.26707792279075,-2.19953016422482
-0.97832190284525,-0.535559775279704,-0.390272411912126,-0.910950482456869,-0.822072216886681,-0.712169170543307,-0.37682390374653,-0.06087944551648,0.0284963757949507,0.0881373094001066
-0.166838126613897,-0.175479347866256,-0.936638384728995,-1.49231355616111,-1.39849578307384,-1.29708510006688,-0.932068581941393,-0.575603807402436,-0.472278958362129,-0.401685708811299
-0.978367520604907,-0.843909988891963,-0.649201765792969,-1.13590404573483,-1.06984649736855,-1.0125199178168,-0.668893469486004,-0.282475079918456,-0.165686028843808,-0.0402566745398997
-0.444444581918307,-0.343556134133079,-1.16047978575001,-1.90202499837589,-1.82772357852859,-1.65347827814538,-1.15221982712049,-0.659751339238047,-0.548581952147652,-0.462968053241142
-0.745845828629513,-0.713942251386067,-1.52067000524882,-2.01578751822906,-1.96997018709001,-1.86594934753426,-1.53087794221705,-1.17338288883405,-1.05916723576374,-0.950832810431309
-1.0332520486968,-1.15834289634934,-1.24302540840493,-2.00427815754409,-1.9131813229718,-1.7997592955336,-1.25563083876526,-0.624070621000466,-0.488578003752941,-0.389064322882348
-1.43324220628548,-1.23725290316966,-2.73636273314545,-3.687989932138,-3.58167497744184,-3.40476665192541,-2.66157633092982,-2.14325671533346,-2.03628397305449,-1.92361134116978
-1.28628995980208,-1.05311354853555,0.237394887809975,-0.224161865311172,-0.151952780051971,-0.0586721771922685,0.254727620463931,0.524282243014544,0.598526839306342,0.645083548476306
-1.1205931025982,-0.811219209805566,-1.80296928085785,-2.33494496863677,-2.24487329951701,-2.14650518164933,-1.8200725487228,-1.43470629782088,-1.2967763514538,-1.16302548922008
-2.24131615079184,-2.2194876469808,-1.72041083024529,-2.38773596925396,-2.28109455288711,-2.14250117788087,-1.71070225884978,-1.30392006894852,-1.18940280938391,-1.10750911077796
-0.0388378879886341,-0.46974247650048,-1.44224513102251,-2.19710862282592,-2.06549334496525,-1.91211586436037,-1.42216493598161,-1.00849160718848,-0.894748995461041,-0.795337860786739
-2.56762601522718,-2.34677365916593,-1.23868219547115,-1.96208097141874,-1.79969869219959,-1.67144906132938,-1.23589069861122,-0.788251625917385,-0.701178171789186,-0.617667950414545
-1.4547239879381,-1.38456656692496,-0.485206373523153,-0.959105817756961,-0.869638664670546,-0.785235603643279,-0.482786099702384,-0.189782444369548,-0.119236524508581,-0.052480974982904
-2.11111322984577,-1.72370390174878,-1.19960860591167,-1.77868311475919,-1.69170624806814,-1.58396538834935,-1.18198936132448,-0.819683918152628,-0.724015123658286,-0.6542595647324
-1.10964301983322,-1.23588386428101,-1.69221389597824,-2.23080333019056,-2.15313926497327,-2.0687383725545,-1.68821748609817,-1.33693074434596,-1.20192469630109,-1.07911214292904
-1.34344379326655,-1.15279994019508,0.413385297301716,-0.0640274410669191,0.0152076947092117,0.112248717168094,0.417421427999014,0.714603431472211,0.823503758824599,0.870489497179617
-0.276222156504241,-0.334243334242993,0.601517291176323,-0.0909894897616804,0.00129225746532519,0.13892965977919,0.594983789809664,1.07275754048208,1.15089991124588,1.2834189501616
-0.845174481766435,-0.390545300964177,-1.00139475515451,-1.66979494978782,-1.56429233209737,-1.4017043452103,-0.994091804609267,-0.602507543550313,-0.511763862246164,-0.425428006335381
-0.618446876767964,-0.281940737071591,-2.17338727419922,-2.75028158573789,-2.64911999416379,-2.5256877393893,-2.17345453153094,-1.81907051362979,-1.70838237443017,-1.58659842169662
0.128859469630944,0.200105453114136,-0.914831562202289,-1.68006009987858,-1.55595427881139,-1.41993376585788,-0.885416102570684,-0.455150634777516,-0.32791690294768,-0.258932075886218
-0.636703341951714,-0.355726518595985,0.415286837828865,-0.124903486913771,-0.0433014202361688,0.0558049271199464,0.413319626516806,0.767012726232351,0.858299243699823,0.959162881435039
0.178337936342218,0.156065056858062,-0.940595122811187,-1.44150570686493,-1.33991530179502,-1.25288296613415,-0.941875396406734,-0.619337274736065,-0.539136787009992,-0.435848029101708
-2.00294124543072,-2.27369153731832,-1.10616430871018,-1.66735072350739,-1.58755756425543,-1.5023120504114,-1.09957892113135,-0.74207256402185,-0.588458625885376,-0.512393493381424
-1.58847976673992,-1.27224247209733,-0.162268865834465,-0.610950472345167,-0.559857410639573,-0.491744389359395,-0.173480463100964,0.171563198201902,0.270845916612156,0.34245700569505
-1.15849313663446,-1.46034664892293,-1.39434373632388,-2.07273587475334,-1.9603117052417,-1.85645446190337,-1.41749572679981,-0.924463103304996,-0.743760876321707,-0.620914667227384
-0.57616895127149,-0.0772119620013729,-0.0528865787994908,-0.577899969210475,-0.512013049623249,-0.420415035386126,-0.0795912669072068,0.357320633635564,0.469280560080062,0.60785638312239
0.594031291403507,0.443740165834098,-1.24248286130122,-1.82797875619734,-1.7310509396442,-1.62684482746702,-1.2436985367492,-0.844167261069621,-0.743802193979419,-0.644259323563933
-0.092887672485316,-0.0349120197736318,-0.584053646990093,-1.36226653157505,-1.23405215383842,-1.04589084825512,-0.572716195312716,-0.133962388243184,0.0142006178477807,0.110142708916463
-1.1105975663366,-1.68376568378246,-0.65397473758307,-1.21329836692,-1.10305752194171,-0.998457792754985,-0.64563423282828,-0.302438690888614,-0.226640262535054,-0.161453989034909
-0.662923111086027,-0.44033914493931,0.1540470702706,-0.294972667091379,-0.224545819357169,-0.132719706908836,0.153530409907435,0.448572540815661,0.526073825854231,0.594436666239111
-0.436992083102596,-0.215272061289217,-1.49896930335083,-2.02471540550284,-1.93957085699701,-1.82778119534839,-1.50093919033562,-1.1425511096206,-1.06367490271556,-1.01268314304192
-0.0552771832610928,-0.065308443733839,-0.0831966393642087,-0.739433970630628,-0.619988419629875,-0.499017868803576,-0.0731643032812244,0.321032828904172,0.412193803693402,0.465163563703556
-0.824677277189328,-0.798831366711281,-0.996654955133409,-1.60213119163511,-1.50666230599614,-1.38993509416436,-0.985870632781222,-0.609292765318333,-0.495752712070171,-0.394411607566358
-1.29212068357926,-1.39945623491911,-2.62360141695261,-3.29716096265598,-3.18834882289425,-3.08590124424241,-2.66968715912956,-2.08619727565666,-1.86171371168802,-1.70673876259691
-0.605743639457767,-0.562285540696107,-0.501150389424445,-1.07624117410587,-0.958352544861712,-0.821572340907669,-0.499254889693633,-0.165429653961848,-0.0586739067766878,0.0180266920538897
-0.190847244067228,-0.163607031016082,0.00959137917127679,-0.413553916041263,-0.359882094088593,-0.273065879975336,-0.00132203503460086,0.312060873562378,0.413032147365135,0.530873419982404
-0.0823736839687125,0.125108086617054,-2.28609642091824,-3.00626133945648,-2.87897811999191,-2.76413550876445,-2.27989925325712,-1.82431560898078,-1.71271371694374,-1.65054251089636
-0.45887119464595,-0.732753019954929,-2.69910917481417,-3.29801251098354,-3.22439504348168,-3.10825724236002,-2.70386406633465,-2.28017443667018,-2.16282048076833,-2.08836598842531
-0.515805521084799,-0.827335292013634,-0.812008894634271,-1.50404187301855,-1.42460041692549,-1.29768576321256,-0.88237595431203,-0.185555189324203,0.0176605382927956,0.158417577450908
-0.652625204964242,-0.516202609012656,-1.2152132144047,-1.91070805451353,-1.81792469703985,-1.69872056607225,-1.20815543815502,-0.733747652605476,-0.599711573403038,-0.523964632422756
-1.32938267645086,-0.977021798362797,0.185935360133633,-0.398096640276216,-0.291904213968564,-0.177621523839636,0.197278360362253,0.513179927197431,0.607830969651278,0.690968504120478
-1.68804933577294,-1.87033272675411,-1.9790786763456,-2.65862887999632,-2.55639518386738,-2.42746825761198,-1.97618366506551,-1.52440276691285,-1.37261856968419,-1.29038003120475
-2.79018493148569,-3.4066046606665,-1.912939694437,-2.5683216641225,-2.48057219504808,-2.3656633380923,-1.90441328917741,-1.4905354319084,-1.37391727592434,-1.27557819988053
-0.583904233956499,-0.493893621417217,-0.980457040080122,-1.78847322101003,-1.60850095153505,-1.44235671032571,-0.953009621846702,-0.549807832010594,-0.439169428802942,-0.369334917023018
-1.47875022083083,-2.2994618788577,-2.52987725036174,-3.2543033869096,-3.123927782635,-2.98210835739426,-2.53191048219891,-2.08701857624647,-1.94976813649903,-1.83877559100867
-2.44275312407747,-3.35536533106144,-1.51213994157139,-2.27017611602857,-2.16111455129321,-2.02968970687304,-1.49984113031083,-1.02914039345581,-0.912125469607841,-0.796108776372386
-1.06282437366327,-1.07201581092217,-2.70668902074232,-3.30858780858537,-3.23428898525655,-3.11485023509362,-2.72613640009209,-2.21720693812792,-2.09409066439993,-2.00284644328551
0.0984515796552123,0.180948037644433,-0.540702165923777,-1.2391657235687,-1.13783532065744,-0.995129775831623,-0.509120383480899,-0.12158511671159,-0.0382133974495163,0.0192373574258282
0.0233589953359286,-0.243113244619988,-1.35891188978948,-1.92448250682335,-1.85391491952319,-1.74167435591842,-1.37077788095377,-0.948530252125894,-0.841632228757647,-0.75272478284472
-2.01895651396494,-2.28953942897423,-1.77266214420947,-2.41861259775704,-2.28980549645711,-2.16236112509984,-1.79422219200204,-1.33395883855027,-1.20907853128533,-1.0795826736455
-1.99427301228852,-2.38122023472689,-1.95101213829622,-2.67450827732,-2.5818165197093,-2.44361485018575,-1.96394915475347,-1.38432420983289,-1.21169332913728,-1.0438936143257
-0.938284285568829,-0.754619761784296,-1.44368322377082,-1.9225498536075,-1.86123023053124,-1.76885863618642,-1.45250025573541,-1.1067113976015,-1.015247065376,-0.969326933904513
-1.52327702070151,-1.65508640426149,-0.458183842463142,-1.11176812012533,-0.984975273979195,-0.84855541903152,-0.463518363454723,-0.0409762457254053,0.0695382304004355,0.207080856456521
-0.0814267382546532,-0.14644935997456,-1.484204545676,-2.12279241527488,-1.99044127257072,-1.88776406851318,-1.47725058074019,-1.07834473375196,-0.994522144827625,-0.916861380424475
-1.04212336989302,-0.826831672130364,-0.179408191909151,-0.793607196152592,-0.677215305672643,-0.554725556874159,-0.164722507916065,0.183284824883323,0.291676428562339,0.38712606771744
-0.349316926687952,-0.544998674176186,1.50237126412161,1.02776170849357,1.08254573600734,1.1689618214983,1.50600759860054,1.82990737978995,1.9219369555567,1.99578944220265
-1.3146462738994,-1.65279078550931,-0.386140407256948,-1.04372071918517,-0.946810153278628,-0.828065681903005,-0.369349837626275,0.025717944734794,0.135248554216552,0.220953162954902
0.372080396475555,0.491315084855563,-0.749011915538916,-1.29740881303006,-1.21652889584871,-1.10616841803747,-0.738996677187542,-0.41668949342651,-0.341141218528304,-0.241502434353469
-1.60952722784216,-1.4690970998368,-2.2402090182753,-2.87317222461203,-2.78491521619067,-2.66701037226294,-2.23646418235017,-1.80749575988416,-1.68969597840833,-1.58045271536925
-1.15236252605449,-0.734029216701356,-1.49600007352315,-1.92888898881533,-1.86769382655028,-1.78749691910514,-1.50501238923087,-1.1851585372678,-1.08105937360785,-1.01627023275992
-1.08227431619302,-0.691030022705362,-1.1262693042524,-1.58005989778122,-1.51881172495178,-1.44148214954205,-1.17044744560319,-0.705726286561342,-0.55960819599363,-0.469506135982045
-1.44724223462745,-1.07223154064691,-0.104471859965652,-0.578236858548757,-0.511234642238357,-0.433066966655128,-0.113260428221302,0.226317761306185,0.324953911832966,0.410470154127189
-0.901624489938504,-0.75444646779102,-0.830654913710964,-1.34808577596451,-1.25828156346119,-1.17703949488751,-0.821448190455136,-0.494460259284292,-0.398298019768036,-0.312990993850901
-1.25564968273301,-0.812887809034291,-0.878174397526306,-1.32323494002723,-1.25610287243165,-1.17549536594528,-0.875410663066135,-0.576997055128366,-0.498078353895501,-0.438762129123227
-2.10929758109097,-2.52444639134196,-0.228628459809106,-0.743435830328648,-0.659830888298285,-0.554654800025893,-0.232252151949064,0.113855194558144,0.195241284029442,0.273095771061605
-1.41170276336611,-0.889706191971758,-2.43974082227671,-2.96393755892088,-2.88884889129259,-2.80458403867772,-2.43581658399421,-2.088121942634,-1.99075325018383,-1.90201282161993
0.118939464724063,0.3712606180684,0.274427887355866,-0.457069510805125,-0.322780390212028,-0.17079772346449,0.31861295400754,0.656096016937773,0.733203408636577,0.827597744079536
-0.445184229475656,-0.457927028618932,0.729129243496615,0.26327752730407,0.30789131784279,0.37794916890321,0.729521177903681,1.06025736753335,1.1497660359484,1.22874645858473
-0.329409877959167,-0.0596937586083209,-0.346688490492,-0.900556273127433,-0.810385953643818,-0.722191413423096,-0.349061180546583,0.0287233771281933,0.117744118329485,0.213467137492695
-0.266641886092077,-0.00121957548860995,-1.8945738519478,-2.6539412182369,-2.54174652334981,-2.397185680669,-1.88111160625371,-1.43540234863523,-1.33000287718235,-1.21203789400027
0.178171067245397,-0.0715878133485827,0.867773395408588,0.344588287723459,0.406656625274123,0.499841339797801,0.86515505617512,1.22824763969541,1.32918265098785,1.42045239423119
-0.351665016996886,-0.288945087905992,-0.876606092255679,-1.55145119702841,-1.45626377761911,-1.30198936343325,-0.833777864355911,-0.529861872219585,-0.460709908013613,-0.388279180832327
-1.27294713574127,-1.56198713001574,-1.039725002364,-1.53432238366156,-1.46154309936895,-1.38958236322053,-1.03995786902088,-0.684227249703049,-0.591257658511865,-0.477610354969328
-0.38170285302596,-0.645684916080252,-1.56328797885197,-2.05086077651625,-1.98379733071521,-1.91055290814151,-1.55892160194368,-1.23064530405583,-1.14528826858486,-1.05478151600211
-0.498189172497448,-0.19910556723889,1.0024794255985,0.318953207227509,0.402734462289009,0.507563292003208,1.04627376286105,1.41199602913227,1.48697313138264,1.58001641921458
0.244620676548312,0.117610164907118,-0.434326741696451,-0.865959332336862,-0.80021905373329,-0.719550791866117,-0.434334077277324,-0.161687448744158,-0.0886339513156982,0.00721956568377776
-0.755369833131652,-0.774424759339488,-1.14664684185084,-1.79962453604077,-1.69230760939204,-1.56230017911641,-1.12450735254149,-0.775269812781195,-0.669744136312269,-0.530468068048812
-1.07544591424707,-1.43555181424481,-0.503810911677334,-1.00984462980793,-0.924673614233914,-0.837675459576656,-0.502541317089865,-0.199895796484715,-0.116755671230988,-0.0447571102987021
-0.40996499715096,-0.687361928018188,-0.621434133948218,-1.2942142260406,-1.1677744620374,-1.03514559083907,-0.609941880006631,-0.230993885799519,-0.129101428373639,-0.0450099103145908
-0.275302871881099,-0.573818583727132,-1.52186976988228,-2.03412734562182,-1.96654141555036,-1.85588185155922,-1.52658316601707,-1.18198830941394,-1.07298998841183,-0.990246044013686
-2.09098061444476,-1.36157338572876,-2.07899722457296,-2.8619011622521,-2.75657150649204,-2.62969361509103,-2.06887497742252,-1.56239433945826,-1.39487882235394,-1.30319062546979
-1.20779101773943,-0.868880238228351,-1.67713864265547,-2.34809689866613,-2.23950368304469,-2.13116509298568,-1.67052386107467,-1.23680215448445,-1.14720972238667,-1.04608852993245
-1.5148696600197,-1.30085618236214,-2.79776412822933,-3.39997955660659,-3.32856682243831,-3.22377619604852,-2.80214173582601,-2.36346784163874,-2.21841744611304,-2.14285101396906
-0.833821012937684,-0.754652903543457,-1.67722104162056,-2.4165547923323,-2.32698136913656,-2.2208642103047,-1.67120010991583,-1.08227643472797,-0.910975221105475,-0.813361105467744
-0.834043473457128,-1.05731575158658,0.0661489267833115,-0.615735895901687,-0.548578497216891,-0.421994440988549,0.0477188689749092,0.570044293685923,0.699207597489587,0.833950507602394
0.0999141702043056,-0.292198840942137,-2.0485929061615,-2.80676077391007,-2.64735989706881,-2.46671914911571,-2.01723086893433,-1.66654668750051,-1.56348400694868,-1.49537033121804
-0.391656876902885,-0.140603354820407,-1.02855916833653,-1.62305186788828,-1.55077005425309,-1.42139979251078,-1.00661092406623,-0.688449704813437,-0.607039474892393,-0.51782230545242
-0.574438806608963,-0.917704460436551,0.868787321852635,0.36496787708831,0.436374105100446,0.514745962595907,0.873976088242382,1.21911614843313,1.31732906781382,1.40890586184942
-2.81709021407259,-2.51713014044393,-1.92438587671814,-2.5771603263977,-2.49565939595508,-2.3735639743804,-1.91463303091809,-1.5044684695302,-1.39156417088002,-1.26261266097556
-0.492113347237186,0.161046077995001,-1.61404752884307,-2.29914235732977,-2.13361861142206,-1.99993905060248,-1.58466850293165,-1.25567409585916,-1.16680568810956,-1.09160790698225
0.509127818226752,0.462582102642079,1.007172191424,0.55841237487809,0.606505596681158,0.688553281351495,0.996387323617676,1.33805973044947,1.43258052446897,1.4928648468744
-0.284771011638388,-0.184512535577402,-0.16555843049239,-0.693627731541053,-0.597669618605388,-0.487810345866406,-0.161932046697144,0.164565072160203,0.291742737764594,0.371654367319014
-0.632453780285326,-0.782642202819084,0.195323312913676,-0.424059603502824,-0.345632274945997,-0.232079791713819,0.195238705971159,0.621542410405539,0.764578539497188,0.808724550231219
-0.705395364191861,-1.80357985207883,-0.753517969508842,-1.37511952634537,-1.24047850065437,-1.13146923134257,-0.750415331312535,-0.385093196456495,-0.286598101265617,-0.205278344228138
-0.430016095372143,-0.000635863421800703,-0.140862855011021,-0.892467434882936,-0.798071988944875,-0.676708269467322,-0.123123274203974,0.347346116229036,0.451951225189661,0.583871577578289
-0.748942996078685,-1.21886940750498,-0.392389675477871,-0.846897598238525,-0.768893625436176,-0.692961910276442,-0.388940669874927,-0.0857447486660924,-0.00867398209035397,0.0578155683222843
-0.573775860264213,-0.519645893801436,-1.35914552856296,-1.79655099124401,-1.72269256444803,-1.63933784988338,-1.37187452908539,-1.06850662379477,-0.955426736365676,-0.848269389383076
-1.26417249675176,-1.4871377636931,-0.185524383105948,-0.7524812455068,-0.628530077880792,-0.547599125442387,-0.191843132625364,0.180923722124816,0.313171261078248,0.395917516052522
-1.57251004009025,-1.24099554593837,-2.08570506170459,-2.93496045937825,-2.82329109740038,-2.68613638482705,-2.03182093729186,-1.63159881204695,-1.52104768675758,-1.42591143435618
-0.173607098816843,-0.275084515620811,-1.36574456813916,-2.07688147680579,-1.98482528004071,-1.8654655478911,-1.35194740537359,-0.880443479594229,-0.741333590917555,-0.611017072124207
-0.818213104105176,-1.02500987284011,-0.646039672369666,-1.34796599094462,-1.26714783879799,-1.11813832329061,-0.673783240564842,-0.107604075992067,0.0250704419016877,0.155395986090416
-2.63731155360073,-3.36796762016517,-1.45440269858907,-2.04459865402592,-1.97805931172404,-1.87013808133332,-1.46016677988903,-1.04564271403944,-0.950172243526318,-0.858765569142539
-0.581751481667056,-0.709949797372228,-1.50984984258012,-2.12160805135573,-2.02764513488865,-1.91706238233227,-1.48784906737964,-1.12976262362757,-1.05704887715387,-0.96212608520003
-0.608641115862334,-0.174095280780993,-1.21194216663976,-1.70706414565742,-1.62111835951761,-1.54486400412806,-1.22000758478713,-0.878260051900145,-0.762988622643938,-0.674333328642143
-0.382186109361473,-0.50724159451635,-1.03428281950841,-1.59850467104543,-1.50509083665112,-1.39415446276876,-1.01973973173486,-0.70926914319566,-0.603183997514215,-0.538427206541128
-0.241141514416281,-0.158844578609768,-0.918031336673969,-1.48036092131375,-1.41027498081238,-1.29309914621938,-0.912508794820662,-0.559717095730276,-0.457130652059901,-0.364910814091749
-1.96319848392054,-2.13687079448259,0.740717726585796,0.228213932847643,0.303738357900321,0.415366727455879,0.743485556528485,1.07646627990844,1.15821336175796,1.23306953445096
-0.536271138385883,-0.495654318018804,-0.493912349146167,-0.96379218295876,-0.889944149528126,-0.805874228737527,-0.502569526028293,-0.176571729817575,-0.0763560430825036,0.0165304870737446
-2.31995286140781,-1.69951863289908,-1.5871268879535,-2.22039666166065,-2.13263644332776,-2.01179095014954,-1.60953588737722,-1.12568995329503,-1.01511467808923,-0.917888444213695
-0.991843531133634,-1.33361134504272,-1.32629751118521,-1.94281200141549,-1.83591659240254,-1.73760461775521,-1.34188891445828,-0.906240450732228,-0.755180430273331,-0.6589020267692
-1.84298507165765,-2.07811243729194,-1.73082704328467,-2.3066917267132,-2.23734933920957,-2.12691080130815,-1.74062739988417,-1.31675448452754,-1.22787236543602,-1.13239729486457
-2.17696819748842,-1.85522129167647,-1.75301185201104,-2.3130503050354,-2.22451914497399,-2.12142256930069,-1.76218729003964,-1.37198801977096,-1.24093916501676,-1.16583818515148
-1.56276448452275,-1.14109646071758,-0.407670149816897,-1.02774680773362,-0.916839362306269,-0.80090809448132,-0.378934219544348,-0.0641188091055607,0.0183288397314228,0.0835525583275128
-1.44526175978229,-1.3291315549805,-1.73957935150008,-2.41233410311512,-2.30127050966383,-2.20660861875093,-1.74354429996352,-1.26964769091079,-1.16509366525702,-1.04925843208562
-2.0491675093021,-2.39676740742719,-1.31528428649071,-1.92152856152122,-1.82156761087933,-1.72723358078667,-1.32361832582789,-0.901209501992489,-0.804040669222936,-0.740470729296935
-0.273564393213696,-0.624917186541379,-2.31153354063219,-2.89705486079969,-2.78181573120244,-2.70473291896001,-2.31292452785667,-1.92087305787737,-1.81301927032377,-1.74338048273214
-1.8161458951858,-1.40419208018266,-1.98741130960286,-2.62230913419029,-2.52228384917217,-2.40303208462099,-1.96118061959895,-1.63219821639558,-1.5470853720688,-1.46791821896049
-0.630694398364559,-0.123552387978595,-1.27647123352442,-1.86681321908189,-1.77318994065918,-1.64995535234884,-1.26786336953209,-0.86783053666883,-0.75261539542006,-0.64403902820245
-1.15745841762738,-1.77506463695949,0.45254279500687,-0.103979843572983,-0.0518259833322316,0.0510851070786742,0.468104503482283,0.816935992287659,0.914909396561985,0.989364225311635
-0.792109944129985,-0.813054846658456,-0.132773257361551,-0.740435914885994,-0.641176978804313,-0.545726002027175,-0.128281407394866,0.273736746933294,0.372118693607003,0.456997815198775
0.622079934827944,0.0309242705975387,-0.343797631594941,-0.987580603505495,-0.907865086899266,-0.80835794923711,-0.414347839630646,0.274755584546203,0.554934361751829,0.703030132567452
-1.02609226548649,-1.33292756297851,1.09301405497184,0.649884352448077,0.715386984293331,0.799449172319655,1.09366716430656,1.39205480945611,1.45661777691937,1.51909593419955
-0.232790104408408,-0.593401921223516,-0.762132919740873,-1.38627271652369,-1.2664360033066,-1.15047218548109,-0.750062891091861,-0.400592898441885,-0.294129548514407,-0.220506349664435
-1.70724946023069,-1.45051553921731,-1.89801126379453,-2.56313780824005,-2.44815594161799,-2.35675672348696,-1.90732513808155,-1.42421183278264,-1.3397995468265,-1.25729975860156
-0.774365198478264,-0.443897286557083,-1.68186042775561,-2.08930601066334,-2.03161224378347,-1.96368660121296,-1.71076990324202,-1.36664237276195,-1.24280177138313,-1.16433435727965
-3.30313840091302,-2.6666722461879,-0.868430628443092,-1.74348852581241,-1.61147777931682,-1.43650356242957,-0.857930309013598,-0.309694071036236,-0.189441096136941,-0.117349351722304
-2.03546775825377,-2.24075714601113,-2.02261458383504,-2.76204689738017,-2.67451154062213,-2.58323028118541,-2.00849475678531,-1.49176355864826,-1.36650900051116,-1.29350954191024
-0.568616882193333,-0.941859029134,-1.09656929175767,-1.70070040719342,-1.60945896909083,-1.52536429000544,-1.13118470124112,-0.567404107043833,-0.407858383970206,-0.2973528607881
-1.37042507601948,-1.28652093746925,-1.25964582857135,-1.75225750302245,-1.67256259161861,-1.58354352295368,-1.25322820775685,-0.934312876777176,-0.841616696764939,-0.776274257187402
-0.565126297595192,-0.521437878386174,-0.782918884931313,-1.50093940131217,-1.3980431028974,-1.27684642410328,-0.780889231263459,-0.295711630294442,-0.164533228421358,-0.0555225864194219
-0.285250648652488,-0.505467404273611,-2.26720018125442,-2.84961005286783,-2.75161151902305,-2.63583799293488,-2.26453170602077,-1.89780240202805,-1.78027775403892,-1.72122039842537
-1.71113369072394,-1.89433488092466,-2.25187073522101,-2.78318153751315,-2.67940143289151,-2.59439504376649,-2.25024898945895,-1.91278392916292,-1.81641157626706,-1.72059160268705
-0.95113812779299,-0.845299531320155,0.442098525045338,-0.0233932265327455,0.0459096538505315,0.136568777946409,0.430909752395694,0.758848381617192,0.862369166427245,0.929948651351682
-1.50348448892609,-1.89138578856339,-2.34973451248831,-3.06946257617303,-2.91312283206246,-2.75353584370302,-2.3754398968986,-1.86563237307299,-1.73336896163757,-1.64691586441443
-0.839549646891498,-0.594262531707074,-0.268926124671959,-0.929566026882552,-0.807687277961275,-0.677009219012717,-0.286384020038251,0.157001190593517,0.314454232115009,0.380515711546575
0.547989821534482,0.604900987139582,0.0461699720892777,-0.58821755033212,-0.508179399496229,-0.378288014619618,0.0616152978525758,0.449741574919344,0.592646348111863,0.711272472338414
-1.20959985841589,-1.5778006034229,-1.07781288090587,-1.59918500826689,-1.51144731045627,-1.42210925140107,-1.06081592112366,-0.755773055611916,-0.669788135641817,-0.57659712168789
-1.65570010789119,-1.52008668289854,0.707430172122496,0.226385233284006,0.314962717855216,0.401279176347255,0.707568816707632,1.00822483842143,1.08019487879659,1.162191553115
-1.0768658716192,-1.16729704914098,-2.05712985586887,-2.64348689785657,-2.56392274329451,-2.4706608750745,-2.11512438939793,-1.53680386136927,-1.3722301605718,-1.18037516276877
-1.42402242381055,-1.48494075487747,-0.059040502485533,-0.640477883210432,-0.551692890427464,-0.462618460359545,-0.0557390703937914,0.325459008057769,0.430452101757984,0.512752058976499
-1.11829403006227,-0.94775029786737,-1.2958221380793,-1.82821811693049,-1.75138738414813,-1.64788092945973,-1.290176607546,-0.954870801974567,-0.854263127219972,-0.787684610363291
-1.18187468295017,-0.851730774667315,-2.46147251268802,-3.13992503125415,-3.02997265824845,-2.88460691716529,-2.51268034616595,-1.88943787373734,-1.73884108088195,-1.65203217655379
-1.08421552840403,-0.568391406660489,-0.485364982289542,-1.33047810332716,-1.19279423581235,-0.977551940899902,-0.452755405681378,-0.0581072074311824,0.0342678203672569,0.156574565188796
-0.658852796142878,-1.51103258772161,-1.662779844149,-2.44128425590884,-2.31744462910639,-2.17157686576658,-1.6355282973842,-1.20163931857943,-1.09058079032918,-0.983473940943506
-0.149603245478198,-0.734245041110061,-2.24149335854514,-2.90086221133853,-2.81362602486312,-2.67801923577961,-2.23436959467403,-1.80893545340602,-1.67240157690079,-1.57585318290399
-0.314276293076619,-0.316609261650848,-1.8437594386844,-2.64814976905405,-2.43232656676152,-2.30502749630156,-1.81464180412979,-1.39937107500868,-1.29447701068858,-1.21240416874247
-0.47991120813389,-0.572956487769227,-1.04234229938521,-1.57192379354255,-1.51387931763654,-1.41806655217143,-1.04371089330436,-0.667169202420105,-0.555458949909051,-0.455291074152689
-1.09543416274742,-0.963324620731208,-0.625851731980167,-1.2451784103406,-1.15575750570933,-1.02012198307668,-0.587796330501354,-0.286193957028045,-0.207380345874786,-0.131257200304022
-0.615441220024748,-0.519300118341592,-0.463584099498542,-0.941143244155786,-0.850874360324217,-0.76351947299835,-0.468980002186055,-0.149987023361011,-0.039675378292024,0.042729232031748
-0.176215192184131,0.147419533605214,-0.550291375739833,-1.17361256884511,-1.0815024376338,-0.959087535219641,-0.542520485545705,-0.147273772929612,-0.0556121621266065,0.0316460975514189
-0.692068411297773,-0.530157527054717,-0.894395838802072,-1.44842071715117,-1.34989435991623,-1.25772066514728,-0.869556269147312,-0.565072035159526,-0.460672381755817,-0.391585486609512
-0.255552975024466,-0.183063384699922,0.355461367195643,-0.0622036704182231,-0.00544964098129545,0.0739768702333142,0.346263843369355,0.639051017143285,0.71399151612579,0.780954884296034
-1.33662383353987,-1.42609944869227,-0.00826242573039063,-0.647525927936231,-0.541055835710597,-0.437839790366561,0.01303299236143,0.398003459372767,0.4793852164714,0.573096673162305
-0.76460587543582,-0.65427383723212,-0.35802957727941,-1.04415067530919,-0.946448293677356,-0.816010951581148,-0.356241604641948,0.0689465220041005,0.176586291947576,0.28197789425141
-2.71922684407709,-2.70331128903075,-0.708666823661654,-1.55335151044389,-1.42194958032309,-1.26424347824998,-0.662651358419484,-0.226713442902539,-0.113879706721324,-0.0211422763254382
-0.038198736559098,0.31104094218269,-1.28710311357493,-1.934701411454,-1.86241756457768,-1.77624184311338,-1.31671886926164,-0.747737626711522,-0.633262638175719,-0.524278517498841
-1.36546753618105,-1.68801831756538,-1.6160312494325,-2.22142352546318,-2.12745541970832,-2.00304561780666,-1.61431189391708,-1.23005807471386,-1.13165157637571,-1.03971801056679
-0.389227648535192,-0.530539021754945,-0.186254765877703,-0.761307390990274,-0.684544395940969,-0.556218474458232,-0.171660403884163,0.151517347138996,0.23482367931846,0.357380786103823
-1.52558553417359,-1.67158212167651,-1.45620821454683,-2.05019068034769,-1.96456821695523,-1.87156091940772,-1.45389535911904,-1.06309168310116,-0.97197591248605,-0.891460951787003
-0.477322200224007,-0.591407218157199,0.511829373176056,0.0256675034600508,0.084915862406723,0.177411730240883,0.51418061339713,0.842594194903687,0.93137549125436,1.00020769784852
-0.836913370967752,-1.4314668894858,-1.96620441163174,-2.50096263828669,-2.41670573125091,-2.31103792968457,-1.9704056756609,-1.61593427044239,-1.51903662316293,-1.43831209047411
0.67481730786592,0.490255027222297,-1.52660058861395,-2.21203788133584,-2.11807571318621,-2.00459529502586,-1.51460255010196,-1.04184380343324,-0.936367092420448,-0.85802715893611
-1.62875462026953,-1.80788657013165,-1.81426550666507,-2.355950247126,-2.26445224040246,-2.15973504262393,-1.78724750294558,-1.5148637925423,-1.4470260141856,-1.38540096977603
-1.32034990300986,-1.19313557381268,1.3227383135813,0.755084568989436,0.870084294580662,0.979118184996757,1.34920225040554,1.63115869314678,1.70486922778596,1.77357472552992
-2.35313489408978,-2.75921791224641,-2.67149009224014,-3.22754490866354,-3.16814141697461,-3.05727124400057,-2.6822778303857,-2.27560474437216,-2.15409079062196,-2.06649201986497
-2.01484035874274,-1.18694327260132,0.29448694736873,-0.299750945828548,-0.200297079117731,-0.114727155026363,0.303880779189305,0.685601623206607,0.804139217063313,0.903552280088318
-0.189782711931287,-0.243956605642327,-0.564698651942709,-1.21349470087176,-1.11389799222442,-0.991024695180192,-0.535293486294209,-0.196204600086754,-0.0884655899331226,-0.00732630555320858
-0.610122726130006,-0.594958057160218,-0.284560330814537,-0.771252450893938,-0.695897836591407,-0.617605286888507,-0.279498688936709,0.0463182862978849,0.120153264318403,0.211743687202966
-0.385582533252799,-0.124523352165599,-1.09057783642952,-1.56838802468171,-1.50044874555952,-1.40914422883171,-1.08742534899345,-0.792834929041678,-0.701376916133531,-0.618708178232185
-2.14777335528191,-2.2323213962607,-1.9292570578854,-2.61214028709869,-2.50886551856294,-2.39501877768972,-1.92766939726744,-1.45620559829808,-1.33540345402078,-1.20982814659646
-2.90429647836994,-3.05008447116839,0.175023097821312,-0.367622596876371,-0.267626410222276,-0.175988277018204,0.185824836291172,0.518522540983121,0.591281958624658,0.655352582856373
-0.223339469023985,-0.425547868275509,0.00537493372971126,-0.620796698470213,-0.517692296519983,-0.400517897091653,0.0045809952761553,0.415830794289427,0.52642315103566,0.634808656786064
-0.115290260229384,-0.308323712427212,-1.81881643047747,-2.58113390408425,-2.48298404101986,-2.36887659886172,-1.91135755257993,-1.02246274131709,-0.766404998269133,-0.647540677687386
-0.22399740373744,-0.39338654515088,-2.09924605186501,-2.88628630967049,-2.72140661879186,-2.53705650095244,-2.06014467390058,-1.72601504251838,-1.6391270127325,-1.56761855183118
-1.12878349837791,-0.851458015145729,-0.785968833538678,-1.33566730733792,-1.2430853004999,-1.1560079177296,-0.78334688912045,-0.414466015035596,-0.299864482754159,-0.221033987130151
-1.26422564912109,-1.54946330310614,-1.86342323892092,-2.56200189500362,-2.42522508334393,-2.30274112167066,-1.85069094550987,-1.43219904143299,-1.31386162057262,-1.24622296375977
-0.815883085552035,-1.11511021553389,-3.15317029006175,-3.76750433843786,-3.69338892451283,-3.58850157408248,-3.15392910898244,-2.72406582639645,-2.59233920189378,-2.50572522539657
-1.50229803288169,-1.03067838832571,-1.52465887862268,-2.05814961890942,-1.96971045124761,-1.87871637201998,-1.53516389078058,-1.13938587368492,-1.03070313491907,-0.888180581671396
0.0477885191713559,0.0187576809896326,-1.73447704602908,-2.29287656386962,-2.21578526220018,-2.11716430459825,-1.75195352687299,-1.30741795083454,-1.20442330295382,-1.12336239892199
-0.882364916173618,-0.83166265588263,-0.71916660169873,-1.20711512745378,-1.13089729429086,-1.05575245395459,-0.723443972092004,-0.380599020061938,-0.287117631735406,-0.190362039289347
-0.490255029562546,-0.378282555299,-0.409909233385033,-1.00543719507737,-0.916518371513278,-0.804611952141754,-0.430009225800848,0.00936365292861811,0.138928067166388,0.244305551312442
-0.000751180858173463,-0.310817605963582,-1.60164519865603,-2.23217176716542,-2.13761415628417,-2.01327273616025,-1.60678388694849,-1.16834166884676,-1.02373779711743,-0.925048055098182
-1.68643306261853,-2.04304944266394,-0.72551836840003,-1.32486907741809,-1.25497067517095,-1.14753224299563,-0.738926797459862,-0.316618166091813,-0.191895056658264,-0.072223407028143
-0.59498461742313,-0.766730432179134,-1.94355888545281,-2.6004717813075,-2.53304110534451,-2.38370108274681,-1.9348573459451,-1.50457184822877,-1.37553554253849,-1.25520414430174
-0.673669649097331,-0.749223411664819,-0.896812429277539,-1.50097636205216,-1.38758453819099,-1.28994460197279,-0.893478761222199,-0.510441781770077,-0.408554310753291,-0.314563124926467
-1.45935661991398,-1.57106100258213,0.649020151088578,-0.133125242385024,0.0116400394639826,0.116050557470834,0.629032066008333,1.20858462053127,1.34766293412576,1.46155307133706
0.0226890542371206,-0.0378674931050363,-2.54753538368133,-3.19976374773909,-3.0892083604444,-2.98077705165364,-2.55742176233329,-2.10089720929444,-1.91467091373729,-1.75284989357484
0.887128890616012,0.892717231534663,-0.775538611819258,-1.35556224586934,-1.27960908590476,-1.18643412034708,-0.803851584902369,-0.340176752669218,-0.219113618403364,-0.110142705427619
-0.199898141000568,-0.349891932646294,-1.19986658398091,-1.80429763467466,-1.72095486837649,-1.61540787632097,-1.20601403450738,-0.785885947662339,-0.66981498248529,-0.567733742960103
-0.812388712044564,-0.438150446344156,-0.76066735261159,-1.3535207102886,-1.26812664039544,-1.1456892899916,-0.731395832920612,-0.429083456628207,-0.356767125383658,-0.281234086208576
-0.113644491369788,0.169615395225904,0.375815879923184,-0.20665032261322,-0.101293569562163,-0.00798043004278885,0.365010931879964,0.791409948016338,0.943627761993294,1.11057559793246
-0.211135711274176,0.197759419419604,-1.10346728928758,-1.76214933834999,-1.66081573655928,-1.52701204315263,-1.08029953455608,-0.7471675779865,-0.658197216673768,-0.5789777605913
-2.18727254917598,-2.52821657556339,-2.96818889680733,-3.61806529616397,-3.54418859788842,-3.41658673437213,-2.98058094215716,-2.49160587390011,-2.38244128478378,-2.23201032477566
-0.863844089124421,-0.714625278206615,-1.03500318499132,-1.84523080604425,-1.71128808833116,-1.53856734608303,-1.02598446611747,-0.539804178541939,-0.376873093171064,-0.252230158588746
-1.34636096139568,-1.13594553915685,0.391293625992293,-0.21314918086004,-0.122559821479168,-0.0144206054185537,0.406350685461756,0.768543354239297,0.858585419573037,0.939353642555521
-1.78425289146497,-1.43219725899887,-2.06766113404838,-2.78789115476401,-2.64201612407249,-2.50620592292162,-2.11718484765341,-1.54087327860574,-1.35112117332352,-1.2219373050111
-1.75111344136921,-2.15807855899195,-1.35872287153726,-2.11097048824606,-2.04698787021508,-1.94535983355854,-1.3455144794206,-0.783981307485749,-0.686736292761528,-0.611975807298008
-0.0350674613983018,-0.424794995621991,-2.43296761383839,-3.08802205065954,-2.95765635066159,-2.86679159740094,-2.428157712505,-2.01578261993769,-1.88385642535962,-1.80603713444922
0.0942514054573177,-0.299350256135412,-1.64369641896189,-2.20008448733044,-2.08801601529038,-1.97724422738184,-1.64468675481648,-1.30652353816461,-1.20136813183782,-1.13145899185514
-0.688504627834777,-0.409808951792813,-2.12381219651001,-2.75772135343494,-2.69550018413697,-2.58684828423553,-2.1729776950062,-1.57228086011532,-1.36863338790344,-1.23382422306804
-0.482426227309284,-0.253115461771899,-1.14458377514276,-1.79274758251004,-1.69776142725354,-1.59123298801618,-1.20053313233084,-0.607492368891702,-0.389950908605275,-0.213128123862908
-0.343852061082777,-0.556926296379002,-0.0189442363963213,-0.629944772058198,-0.552774081517594,-0.446358090780146,-0.0422936559231734,0.469628938861547,0.593792952385189,0.671754478980186
-1.37264114707626,-0.816499075049134,-1.42209157862835,-2.18695280976496,-2.01652555403976,-1.87616740677084,-1.40774530022791,-1.00040784375086,-0.889851057888784,-0.794937279127483
-1.43510724870011,-1.63373678085132,-2.2122306525555,-2.66661100303395,-2.58494401145852,-2.50120142924779,-2.20933076343604,-1.92991961629952,-1.85608150714322,-1.79137602000537
-0.564986602778025,-0.640903976497179,-0.0389690754450453,-0.592319484243235,-0.486158039167997,-0.37243410281042,-0.0386284756512677,0.308229575355786,0.392586367227546,0.474689323782183
-0.293845465945052,0.0993684110649951,-1.14623550640457,-1.6766981013059,-1.593769108174,-1.49867843927507,-1.14353037578159,-0.80851640835977,-0.698272581102531,-0.609182052563925
-0.932177223508766,-1.22762750883011,-1.27384935909484,-1.86410661185862,-1.77009472054787,-1.675267977214,-1.28992879824243,-0.875921052939619,-0.672311189999809,-0.536285503865089
-0.754438837225428,-0.763311677067271,-2.25065433841391,-2.90143787853847,-2.77281355624061,-2.65384330285395,-2.23663796809168,-1.87232491962542,-1.77269243983327,-1.69548468563496
-2.06241486543979,-2.9451652663754,-2.38713212102697,-2.93024588095292,-2.8682437816361,-2.74916176182339,-2.37345871597552,-2.05451240458334,-1.9387685340732,-1.82885213612684
-1.35364630319419,-0.672511528303767,-0.543674662750025,-1.13506597508541,-1.08549173505311,-1.00055367981841,-0.509015707755253,-0.15744054265224,-0.0430510945748977,0.0406085370811107
-0.10242617230862,0.260737283915093,-0.0132155345486244,-0.530325434757106,-0.411734035824158,-0.337700101989622,-0.0297079233318069,0.333310492690657,0.483263309755684,0.624933369481621
-0.760661220252887,-0.878806842602191,-3.29948475838086,-3.87008017754706,-3.78272716928628,-3.69329924148228,-3.29283444301567,-2.9315179956885,-2.82177993704964,-2.71479905750024
-1.34279940423753,-1.70921020843633,1.29109294417461,0.708793501687806,0.844759850024775,0.931998611909775,1.29530872874999,1.61276310868539,1.7149005719077,1.81544080410291
-0.326567263356589,-0.259427657933274,-1.59600070895771,-2.13282289962225,-2.04333595061358,-1.95414198345248,-1.5859540241383,-1.27143536422114,-1.18711283247558,-1.1182989181358
-1.09173805590051,-0.775819013240375,-0.356263873451925,-0.930860631571795,-0.849879454128329,-0.745377349771503,-0.341870831921455,0.0266449599674401,0.112012980241672,0.24855005015856
-2.38348591361446,-2.4123572623057,-0.948831769149039,-1.56312855599905,-1.46950675688645,-1.36784934493481,-0.941645811571931,-0.573461447181604,-0.467958206219307,-0.405316837648943
-1.22056339784106,-1.10071041327501,-2.52308272609681,-3.12791737829375,-3.05500782419551,-2.96074192668795,-2.54899778759574,-2.0076827490087,-1.90285823293161,-1.79991792885517
