8.10737571537352,9.0129166260631,13.1907207098217,11.9501356968705,12.1393980420521,12.3198471242259,13.1986068972664,14.0206713390455,14.2152248930977,14.3676210980317
5.09375527456831,6.89051174048647,7.30590839535697,6.36054172464367,6.52389735558802,6.65916093707727,7.30438347094312,7.94754772590278,8.16084679003366,8.2844047183185
8.65153147978544,8.88949615572149,18.3422802023748,15.3591514306429,15.9585979659049,16.6442689931308,18.1949527677203,20.1800308448276,20.4816816585185,20.6695870340313
8.75485935171593,8.06726350958705,14.403117302553,13.2119997778064,13.3546328682687,13.5843486698524,14.3687655965475,15.2945923835021,15.5283789179587,15.7154378202441
5.24500711416666,4.5945955887606,11.4038600016031,9.69276754147201,9.93564106714013,10.2260576089683,11.561871315467,12.4020471190003,12.5753859460868,12.7383345635922
7.17126680561804,8.47614483300024,14.7205558636423,12.506021521977,12.7466502758186,13.0355696780922,14.7354173506127,16.1754993081573,16.3271131711493,16.4938073525407
8.99612585443884,12.3388433025048,19.2131759534383,17.6747169219322,17.9033787101695,18.1733745882538,19.2142608476226,20.2148188251317,20.5836811236152,20.8324309338168
7.42334809246807,11.1790083712859,13.9366825649934,12.4635603169783,12.6379581454185,12.8505249522684,13.962783562692,14.9246960011726,15.2025947944748,15.4385207107403
6.66393108896882,8.30288147480497,14.3732153979379,12.3387849704489,12.6556732916027,13.2320936770692,14.509023806279,15.3033298875652,15.4950432411757,15.6776053291091
8.85071220132808,11.8255625067296,18.7764018493976,17.7483344699154,17.9337352177272,18.0950180876691,18.7594610836183,19.4899181420658,19.7005662229639,19.825238727332
5.46746051596056,5.89476255366373,9.30944394718636,7.79989621844873,8.06485500644641,8.40602508225146,9.39801423563995,10.0425994552885,10.2380531274761,10.3556676512166
6.32447182398834,6.59653599598375,11.6087820871288,10.2724488414926,10.4535074903703,10.6589612637684,11.6304034025588,12.505089459543,12.7723219030201,12.904910129325
3.39042289245136,2.43967796614331,4.991602036047,3.56077197786946,3.71388137862781,3.97702152509333,5.0858816612585,5.78001297942054,6.01908592853795,6.16404844265857
5.70617358220682,7.22082739422206,13.1188250047252,11.9680304318985,12.1230079747442,12.3396043271462,13.1502223557656,13.7984216106504,13.98484272427,14.1187300320789
8.11072568033316,8.0665233097729,13.926757784015,11.7769788832955,11.9721251820188,12.2673793412927,14.0582315851084,15.1822067343374,15.3815911143988,15.4968321485152
7.97126032131641,9.95496408815725,14.9588586400099,14.0457582470026,14.1881909981763,14.3528144995068,14.9628681311411,15.5335149072697,15.7185425795045,15.8468243982181
6.85688832380931,7.85592651240659,8.63549296627785,7.32262383049807,7.48660290028138,7.74251009388578,8.66499368504815,9.50035213392105,9.72349233349903,9.92244278206886
7.92734756001004,8.54313030918753,11.808649210465,10.2852341640833,10.4666948205199,10.7706523005161,11.7751510036876,12.917195138114,13.1510764726155,13.3013299401986
3.5940637759654,3.31615653376089,7.84658600063299,6.85302431012899,7.05254190779792,7.26703584556558,7.84204337244694,8.43109765259658,8.56420350114077,8.76587485188372
8.1010749096017,8.50665813457108,16.1284893946211,14.1669496403568,14.3563617190871,14.5580861664529,16.3836649726591,17.262275497688,17.516822014283,17.7057883865783
7.20236347285317,6.08770591396242,12.5608367396415,10.7353454834219,10.9369908301288,11.1999049651414,12.8355497009498,13.6270643737896,13.8100282133888,13.9383114172133
6.12440120258755,4.8017440155604,7.3614630519504,6.08096271282065,6.35129126597524,6.54006526529245,7.31183980596993,8.21626103319904,8.44534618982263,8.61007104066051
7.32081679444413,9.04326235132646,15.0473259647327,13.1636715198338,13.42562407153,13.7224590224176,15.207474890247,16.0566619381674,16.2224494372029,16.490558006758
6.36327300894209,6.57351435849197,16.2340291189322,14.074887480935,14.3694777205812,14.6233624102854,16.4855521378345,17.7503568553684,17.9019385404884,18.0663855593935
5.26622048870634,4.76499640449381,10.0984775238665,8.44308640290043,8.61162760791408,8.9458691908836,10.2440430260211,10.9974614184136,11.1966157959384,11.3914697135138
8.91725198519762,11.5033575431307,16.1420707258142,14.5554634890462,14.7556555664122,15.0595764075127,16.0631814153808,17.3609780449357,17.5941950368611,17.8392274691544
9.11763353845669,12.1133056191398,18.0903487019579,17.0019529663298,17.1671255953188,17.3499407627856,18.0619580721527,18.8879160901482,19.106392668102,19.3820220915521
8.45287125598693,9.81739307907287,15.0337242324664,13.7411824667505,13.9598911027834,14.1235266557391,14.990868473287,15.9956564721574,16.2022903575755,16.4153742547041
6.85507566815234,7.46240282457186,11.6828948828517,10.3285891158025,10.5659048182895,10.7890063408267,11.6759904042114,12.5650117938563,12.804832787408,12.9739433601882
7.01026744456988,6.25354170350111,12.384260673217,11.1819131136728,11.3761417368076,11.5912902287755,12.2736519918278,13.4230922597479,13.7306915742847,13.9836204998529
5.41044412145553,5.12773125445,6.72378934561379,5.64732462370759,5.863804751835,6.03385124916355,6.73064563521787,7.41156376236291,7.5827149944697,7.77648648157973
5.33072520389605,4.95882675006716,10.5172357859739,8.80108384352284,8.95258816149259,9.18890117807874,10.7000887354779,11.5483290722373,11.8129820163435,12.0463431714638
3.22847280922238,3.54180158378337,11.5105060069422,10.5123228802227,10.6646242530174,10.8324500212524,11.5127599926018,12.2087517878594,12.4110560747695,12.5121176811059
7.69394345910101,8.90568713835026,13.7699586646803,12.583869521297,12.742101248459,12.9552541505573,13.7753870287491,14.634696637386,14.7922986958383,14.9550279852813
8.8930152021438,9.5417526815553,11.7050971939119,10.5481850187629,10.7955271545946,10.9669591455546,11.7186121808842,12.4580899519832,12.6643787663369,12.8463938114061
6.45093944830774,7.43516451904748,8.45971570037058,7.39548069124982,7.56378586016674,7.74164993933278,8.46661639684584,9.15556165066914,9.35715261445223,9.5134344528302
6.98741316693019,8.1913000846402,13.561484961827,11.979003860261,12.139089457775,12.3119547201249,13.7700681091065,14.4388834572797,14.6026340438109,14.7471419641003
3.41103936507796,3.64873162152762,9.60823273669902,8.42400522431695,8.68718231765836,8.84246714866609,9.65100622367117,10.3036840810827,10.4918721169307,10.6151029501223
4.25048159378443,4.2060644681852,13.2543158448156,12.38172569369,12.503914276341,12.6741902253277,13.2260927562039,13.8742147347426,14.10797843719,14.2071986581346
7.61515362584799,7.85020821897982,9.8072529280932,8.50722976179725,8.60738248761496,8.802784549915,9.84708071661673,10.7485298922493,10.9258883838178,11.1286346876423
7.84970074614349,8.29747262406808,13.821513988441,12.5434380159752,12.822006092623,13.0269549103874,13.8324849243278,14.5692647045268,14.8929513908966,15.0282640510982
7.74884118880282,8.41750598236029,9.01341059171311,6.97654259197381,7.12977516282715,7.43015744120698,9.28072659771171,9.97568174501795,10.1455151769382,10.2887352207975
6.56081953971194,6.13776196743147,14.6638630377011,13.3772677905199,13.5069876607201,13.7254194872322,14.519631789615,15.811299366067,16.0243445975789,16.154511077638
9.05566525765606,11.9298323612304,12.1541945162763,10.955440150842,11.1317653871766,11.3326618384611,12.1887597276956,12.9444734187498,13.1240934365863,13.2462526280782
7.57957408112872,8.641522862292,12.444475694858,10.5476266937197,10.8161091816813,11.2696320537865,12.540093975805,13.4285937908954,13.6895191321461,13.7785733368889
8.75137089186241,9.44429787905827,14.5175292167075,13.3521801315683,13.542139442902,13.7307246290558,14.5493020452936,15.2739156399184,15.4780027991318,15.6437013098129
7.6788771047862,9.65863657676331,12.5136278617638,11.5175722577131,11.6339866335922,11.8332115849092,12.504335396108,13.2088644063454,13.3945401645745,13.6029640281007
6.61094200579114,8.3315779999991,12.7835414265922,11.3052086198515,11.434886848989,11.6833754175101,12.746511801464,13.9272107884808,14.2001853301902,14.4333765873399
4.05141740873593,4.2810961930934,5.54912689777743,4.32901260556739,4.54579656272396,4.76959356183804,5.5413805148393,6.3707342647261,6.53569616088643,6.71686519242532
8.5327500470251,10.0961264982004,17.4042803565677,16.3006424447397,16.4426422624123,16.6041143363487,17.3506458855656,18.2606964395895,18.4477219302786,18.608175951969
8.90201376358653,11.2192750933159,12.6995387323178,11.3141000285304,11.4833529289953,11.6862979237081,12.6737575001735,13.7234385697152,13.9485545611227,14.0775670016757
6.23198547541693,5.45574552998196,14.2819900389198,12.787360115605,13.0189959346449,13.2686040288502,13.9584254386756,15.8025278021723,16.043240014601,16.2125064626282
5.0504892139029,4.46353406428605,10.6132223582777,8.83335424801339,9.01564012474104,9.30754439368438,10.7628022655388,11.5243160321975,11.7027648745915,11.8490696648104
8.20602452999369,8.57305316531425,16.3104705583745,14.3347846595726,14.5581314552927,14.9076501579908,16.304346062587,17.6998475582814,17.9089473154679,18.0691851148119
6.84884963054086,9.84831212709475,16.7909144066256,15.5113059610535,15.7190240248831,15.9590185240857,16.8163242716257,17.6151121459841,17.8017015917508,18.0284101014568
5.43864751102955,5.3829451224569,11.3480880004426,10.3801170096712,10.5510537533238,10.7186555308468,11.318762702343,12.0376990690182,12.2096298705717,12.4160029376411
7.99794335633211,8.74008795397295,14.622340161352,12.9945276627893,13.1923193011495,13.5414919457891,14.721359641338,15.5055373403554,15.6854813941097,15.8344931292608
6.9567704790412,5.00785618628065,8.22740909647744,7.126324046171,7.25446728410388,7.43272110281411,8.19481114927392,9.06684316949202,9.21627207313841,9.36934226255693
9.72659813925428,11.6415684353585,15.7072896142949,14.2865756202873,14.4645988596779,14.7077303092978,15.5769796399247,16.9655344942387,17.2540712098903,17.4640912576618
8.49750880246972,9.05206877185418,14.7951174923588,13.549899599017,13.7268696777745,13.9388460146563,14.7168439766692,15.813966012146,16.0653774660873,16.1868443960147
8.0454163833442,8.38160486769735,15.3368366244122,13.2072798696188,13.4761852974297,13.8396079539875,15.5822861428069,16.3065412194435,16.5016834030014,16.6425911090745
8.20583995280203,10.4044294393085,17.4329627236409,16.4209869555862,16.5709609345894,16.7145439484679,17.4120001088222,18.1953447933533,18.4013627911593,18.5331718159937
7.43998254334723,9.26705622640764,13.8706334714526,12.0903803415509,12.3248036799093,12.5264620325878,13.9349539316037,14.9979612264198,15.1984351820437,15.4615237390047
7.47941646761878,7.93661621064302,12.6760671070091,11.755165848855,11.8569052451708,12.03620541867,12.6613309643335,13.3286850099197,13.4928542666333,13.6041605478666
6.57517462839437,8.00585562779567,8.51632223046354,7.52618821621267,7.65209765391626,7.84568951480033,8.53808322555415,9.17678393420987,9.3759310236372,9.45427002641952
8.05217555597484,8.53455658617966,12.7975583547796,11.3809400568009,11.5797111285683,11.7993578835284,12.7287794299849,13.9709856788742,14.2001191039766,14.3581818506549
8.22268422589005,10.9165461285332,12.7009567758942,11.5404046668119,11.7232110377074,11.9105541570953,12.7378348540043,13.4365402459879,13.5969221884374,13.743875898704
6.57280404638164,5.27717344830857,9.33984859724128,8.08657071546909,8.30458864487856,8.51040342254373,9.33949989969927,10.165863663856,10.3842332110791,10.5270273292923
6.71931626017259,8.36615391195818,10.2909574588797,8.8796339462687,8.98802200334818,9.21057642760559,10.3651131127107,11.2851725379484,11.4729865977104,11.6134563963065
8.22619249294875,9.78009756130953,14.4923991485731,12.7866325113776,13.0432090781207,13.2752086643881,14.4535842986092,15.7605391487772,15.9485647530327,16.150865658411
7.49492128495255,7.15924564234352,13.8135537237165,12.0112432518793,12.1991473058736,12.3827368839354,13.5482504768294,15.5892025769965,15.9317257561249,16.0960548802597
8.88944398585296,11.1615371037431,19.5433748638348,17.3522448137879,17.6699658655751,18.164149279802,19.3761898677022,21.1062708648848,21.3415808388643,21.5875206428369
7.52350137875332,8.86983860517393,14.9697151603244,12.4964983724832,12.7054650915613,13.053327766021,15.177223314179,16.5300929028614,16.7630819706504,16.9395667913283
7.26676054196609,9.0370129413267,13.8308053154801,12.867302789161,12.9855439022193,13.1840787396949,13.8178430080505,14.5034328654005,14.7134303320117,14.8665219497013
3.39682235170317,3.17635625463559,9.60767122944525,8.00657541360901,8.2390623457681,8.4920553183432,9.68722018130904,10.5023683264769,10.735512049423,10.9307235614631
8.42452615505192,9.32488501469323,13.9865301000349,12.4541921357938,12.7020300110281,12.8945264536862,14.0230815968599,15.036709873695,15.2561121454208,15.4806217185254
7.44923437136428,8.53696229901481,12.3265288018916,10.8136586729613,10.986376826175,11.2102522879561,12.3594249656075,13.4835079006123,13.6967088665763,13.8810233209005
4.28059314903647,3.96247619076486,10.6155848260858,9.31080229118525,9.53666184851831,9.76178556737657,10.6022594585243,11.4601748062574,11.6040838306098,11.8140631608278
6.31255034708282,7.53478349581501,9.31896979161715,7.84558547965286,8.05503526019413,8.30020940729178,9.27876636536678,10.3641825280944,10.5569332787639,10.7517906945096
8.38437056864935,9.41890632992789,15.4473876282873,13.32531316656,13.4990430021346,13.7577535434216,15.6322547763921,16.6453701346229,16.8405560496512,17.0771872655067
8.12536989996866,9.70934082836055,14.943013662099,13.9916472429879,14.1887936159444,14.3389861871584,14.9682139244253,15.5077933247317,15.6521154353777,15.7609910681253
3.66580922564785,3.52477666849876,13.3157716907528,11.666997168903,11.8672416281505,12.1244365747319,13.1222409921374,14.6648463543649,14.9059212849155,15.1214751918303
8.24548290809889,10.5518600456398,15.9570670847247,14.4534746681724,14.7149470708061,14.8919862255627,15.9024295166696,17.1249223626187,17.4971961083558,17.7326611508689
7.31190464705262,7.53694522361775,12.7890165663921,11.5589841104476,11.684976851671,11.9418649970014,12.8437876522571,13.54774346866,13.7134857554662,13.8976590986819
7.85220582598218,8.88208016604854,10.4432372872669,8.88321280789097,9.06622479673623,9.35788982399188,10.5687367731707,11.2325330904895,11.4350885936164,11.6479238030761
5.1115427114743,4.95882675006716,12.1892964188032,10.6051977661554,10.7660020974931,10.9669269867931,12.281706073775,13.1725746733407,13.4327143945566,13.6489278182822
7.81866841760042,10.5897589200367,11.6070678998157,10.2565791546261,10.4005168467426,10.6088448101195,11.6220539257215,12.5200339126019,12.7528879918961,12.9328952484737
8.51176526184432,9.87218949555136,13.2886419960227,12.357345421742,12.4683300926129,12.6461346896435,13.242258301875,14.0177372301595,14.2110297973574,14.4680984640176
9.14365966970236,11.5243820927003,13.4149973679465,12.1024337640459,12.2411943862986,12.4397849123757,13.5169774682585,14.1918921067186,14.3239708158127,14.4621887367972
7.39328870020354,6.93026676879192,10.1348186519644,8.89859488605836,9.09750303658613,9.35675655817541,10.2103501994529,10.771414609015,10.8981125475898,11.0226525198594
6.74885842883764,8.48680500809268,13.6912198792365,12.206798298553,12.4161617029268,12.6618186886765,13.7548891542474,14.643925838394,14.8052521748845,14.9700424959883
3.3647815380136,3.16506424092869,3.95743069979753,2.9387344236648,3.10387939908665,3.29596654120714,3.97640067771923,4.60846202938481,4.75011755597067,4.86743602806446
7.49518475903054,8.67833871857576,15.05380596715,13.7796623457702,14.0735940583101,14.3679073251003,15.0950547226331,15.7340521951705,15.9046319088152,16.0457319995881
7.68741105343754,10.3648591790067,16.7998208866248,15.3152795186941,15.4867135862222,15.7197829919859,16.8542658861218,17.8459575643517,18.1194134711806,18.250415376032
8.36685893951644,9.47425069944068,16.525319794154,15.3897963140211,15.5488081776643,15.7275025960526,16.5586686188802,17.3031916516136,17.4948945582274,17.6826544897161
7.97953157765954,5.40885424453119,12.5702340971457,11.0087928816135,11.1580294061278,11.3663962685603,12.4584665822555,13.8620830326662,14.0774619881952,14.2613228818173
7.61527728818012,6.6439416156102,8.82633216297461,7.24326371228303,7.44003324865288,7.72339777523893,8.9314379168593,9.70923666565024,9.8940801809394,10.0609008159761
4.04409832722839,4.17500000575529,5.1902459830601,3.79330484230884,3.89948693883376,4.13007368480327,5.18256141130881,6.29765302336025,7.04363543043168,7.30246393851695
5.67599461676514,5.97513022518789,13.2347638141942,12.3600010947315,12.5275012691372,12.7276750706382,13.2412801944175,13.7754029591083,13.9047008744869,14.0456421134506
8.47221525502217,10.4259231062571,15.4062797293862,14.0211577012503,14.1685966584915,14.4244862032695,15.4183090215279,16.3597482811162,16.6169989524034,16.8372790578706
6.48270544303144,5.31563922824985,9.23181816379067,7.96544975621497,8.08040561458711,8.28681401719673,9.24483325500233,10.1001350012019,10.4203476992081,10.6067217752278
8.96460951884944,9.25858209927064,13.2741224585493,11.625970829794,11.8901468597232,12.2885558938664,13.3167651988604,14.203685461045,14.4923436491471,14.6983617527034
8.44050696765248,9.64455933135512,13.0745639176358,11.9508984578214,12.0928536397358,12.3191939737254,13.0584128365143,13.8571380234382,14.0079621287514,14.1022881387639
7.404604775224,8.47087791188474,13.5665092234682,12.4158496210238,12.5556920349915,12.7709764335983,13.5653775439162,14.4094552361817,14.5782402207079,14.7826609835462
8.1559862413756,8.7202709821169,13.8349596885472,12.7437208796732,12.9071653335516,13.0577952726978,13.7723202051445,14.6993285441541,14.8838691036816,15.0869794151093
7.36540901514249,6.22799194767417,13.1202896946535,12.00409928213,12.0954879866783,12.2845194597518,13.0417597595485,13.9950337533744,14.4959814096625,14.8105663684698
7.70959220510625,7.62583290236522,11.2904012300111,10.1389329487043,10.343156430436,10.5800250624136,11.3036411286187,11.9497136795608,12.108904223221,12.2485004334702
6.17691612344851,5.77389809546157,12.7964009550093,11.1868154780238,11.3947464418304,11.6186268273458,12.8429737530089,13.9099835889979,14.1079207928361,14.2859392844976
7.23549047484299,7.42644912101009,12.4990809652245,11.2481269676898,11.4844280009106,11.6880417626346,12.4647245508102,13.4023058513037,13.6666939115437,13.8760518203525
4.05220866804174,4.82022751573794,7.73321338185963,5.90696834736213,6.07947303641275,6.33047092741043,7.77830493723701,9.05604304418985,9.27627048629706,9.49318833783827
9.21557121039889,10.7736830796608,12.418430346705,11.2672041247989,11.4383940511197,11.6801187264008,12.4027746974461,13.1663466289124,13.3842057519171,13.5232232833608
7.19234395010388,9.77538804841263,19.2710851940811,17.3674215930797,17.6660244424755,17.9753030308949,19.3276553024698,20.5400865116477,20.7346985441915,20.943919926658
8.40604572788106,9.33794598861202,14.9625123399456,13.0191596532922,13.2263858814706,13.5322036467147,15.1842310918617,15.9790771107442,16.1493113995777,16.3249177850123
6.9877826384073,9.88141273665772,14.8869487164333,13.397634505915,13.7668463124014,14.0853970405325,14.929325029772,15.6642466836534,15.8771541093423,16.0747482449243
5.18068583064988,4.40213750129879,10.2474093906587,8.26338493992053,8.59577403189261,9.09830661322719,10.4330431644867,11.0611827202738,11.2203971962729,11.3825947286178
4.63182691232178,4.36979093639823,11.5400198564856,9.96021794927338,10.2773781203088,10.6101003208308,11.5362755973189,12.4573688276663,12.7329329427042,13.0146905509779
6.17140328218343,5.06906456864314,9.7642105900767,7.96174072718541,8.10236836736679,8.28793736034835,9.50444979701591,11.4876697862343,11.87349085219,12.0783641562977
6.55161893695906,5.78307848664186,9.76416450937846,8.72424459928828,8.87572033618224,9.08171871525921,9.80088505571645,10.4001569761458,10.5418457919749,10.7129689424762
7.74972579118342,9.00662454815869,11.3907708133249,10.2173357830329,10.3819897922792,10.6137861417563,11.4376069363748,12.1023399925046,12.2630917696068,12.416047302702
2.63937802560346,2.52688525533574,3.15931639693731,2.2451726617754,2.39236107074586,2.54569458614743,3.18564155241414,3.71851165240697,3.91308342444069,4.06058235824195
4.46803876832709,3.77038925975889,10.1830714652009,8.75574516205882,9.04984224199079,9.35363502100772,10.1999763809297,11.0199606372121,11.2387277016066,11.451928290601
7.219751005298,7.48048343014878,10.8834387978855,9.74916363359438,9.93714903585319,10.1188216891181,10.8211015093805,11.7371575918793,11.96626563345,12.1397434886156
6.87747594244121,5.93709508451086,10.2396262779578,8.59758501691624,8.92770280114845,9.30513095198774,10.3419330048209,10.998133238274,11.1618539288141,11.3035467769317
5.70422728704474,8.55264691583841,9.56601474618922,8.40685132068448,8.57762465701113,8.76196126926819,9.57711861231993,10.303506527248,10.5356797528574,10.6597393163301
6.59244397026735,6.25972576289438,14.6543022932994,13.5859909201013,13.7737503996114,13.964887300712,14.657884930098,15.2980194460404,15.4814874922423,15.648963733433
4.64117703801182,4.18046691825461,7.58365809864766,5.89156085631842,6.12722003154104,6.39853448390282,7.69098792175469,8.66153897576318,8.85509043309554,9.05303582458344
8.19057549601851,9.48952195763335,12.7346187297397,11.8038579492907,11.9372309910502,12.1149627263018,12.7221522907237,13.3779954099941,13.5700122221265,13.7159107607499
8.393479177645,10.1735948208974,9.4259625365677,8.35810046234705,8.51783907672221,8.67804583245651,9.39030385686159,10.2290939265127,10.4645196083628,10.6286253295563
5.76972759249209,3.77604264645864,10.243527681497,8.97403237251241,9.19605185168607,9.40033466706614,10.24758829352,11.0944275570686,11.3272545301665,11.4384454020947
6.24897012428925,5.68719053276276,14.4601847738718,13.3078304012854,13.4640811286941,13.6493103195994,14.4609842230943,15.3052612639503,15.4949778715978,15.6725558407894
4.19060093959982,4.13449952123712,9.03179433655007,7.88594053977743,8.00707036014954,8.17877002547806,8.97336436704449,9.97494251781766,10.2029187811705,10.3362386441884
8.0258445676002,8.70007282428192,13.1757956519914,12.1678128776141,12.2800250581779,12.4228319398695,13.142289019944,13.9328326498974,14.1135545867435,14.2924541886769
5.95470231430854,5.12604602781488,7.18368022418821,5.84773501699243,5.95608415915755,6.14997322403041,7.1953054675233,8.15546189640525,8.35885080486481,8.54072448892234
2.23757053961892,1.26914799400101,6.91938024572597,5.69449144635983,5.81553432598304,5.99368209237948,6.85643215825449,8.01006242770706,8.23041788703162,8.39707258840918
6.49765863454147,5.42154759044587,7.64972939955049,6.7735312233636,6.94034355814095,7.07081536319795,7.63736781797651,8.24042278274817,8.46766979005452,8.59636821742938
8.79680216172041,7.80950796179157,10.5541681681226,9.52665385036346,9.65435446908984,9.84496398740256,10.5411604733222,11.2655268909677,11.449173081203,11.6360635505877
4.27517658252209,3.58958460480077,7.18432110945072,6.07371048613524,6.20980390129496,6.38044935138933,7.21450174067803,7.93739801712833,8.13066729886565,8.28628870148768
4.29986242035191,3.97632922866435,10.0230706737807,8.69625836454957,8.85066575244563,9.11489467220975,10.1033611946037,10.8466927601215,11.0009111427757,11.1194989467705
6.66840866816979,7.87003866310151,10.5044174271623,9.43986789211927,9.59064415811092,9.80400394456756,10.5074792161206,11.2228804331151,11.4052361604871,11.5620126148289
7.95993702020307,8.12877099034552,14.3422110836089,13.0604415444468,13.332659907524,13.6730487741859,14.3920246510408,15.0029644630488,15.1792929744432,15.3201996026633
4.2362930819534,4.0875101344592,11.6313640750796,9.89696833986662,10.0892666307596,10.3720217361612,11.7257520951254,12.6349921152595,12.8029721895029,12.9446994823408
4.88680180248233,4.73038378004185,12.2763561334277,10.7027636938752,10.8488825434927,11.0574112174694,12.2850863347439,13.3945607738018,13.5526517904205,13.7302473051786
4.68160855903202,4.5352884437625,10.211721152551,9.11195609165553,9.23910243685798,9.46903476966021,10.088463844194,11.2510826116224,11.6086132644489,11.8636195128513
6.52438352355664,5.06439478223127,10.1782261737922,9.29318633273138,9.42004436994102,9.56843146351018,10.1406803232845,10.8643937856663,11.1158154947114,11.2785996580292
4.12758073343929,3.8775646175599,8.97200057626148,7.71048167541775,7.84898900441604,8.0169796202889,8.83536196315539,10.1446846688069,10.4752116254763,10.7189142513576
8.40718106507403,6.79543105010807,14.6471784213669,12.6065897761032,12.8159347115745,13.0786382566326,14.4141138270754,16.4886119723715,16.7170861110737,16.8826895478411
4.62158419175097,3.50386012998263,7.96522487929694,6.96924467424745,7.10201091714848,7.29408162650313,7.95458865270295,8.6506880813226,8.87068062805304,8.95958201774539
6.78574858063303,5.34228859189339,12.785064134505,11.6900010213258,11.8424369242296,12.0127869803157,12.8108985236378,13.5246643135444,13.6823983309189,13.8284931962084
7.53377808778196,8.08041731460629,10.0106099994869,8.37113380993503,8.62285286482323,8.91735304958473,10.0673424737017,10.9937364774059,11.2365598333925,11.5074892546685
5.58270273601379,5.98414556875022,10.8599682011568,7.84915706291992,8.23435273696596,8.67903469287964,11.1543753576554,12.435196191816,12.6612250795272,12.8815718439952
7.25320900911683,8.51534748658803,12.9072055122592,11.8074318539299,11.9873115502907,12.1981184528492,12.9307250844922,13.5553648154192,13.7636610859861,13.9003501445255
4.17744583061458,3.32472015666069,7.78531532131356,6.23999615507372,6.40425553240411,6.55656921642053,7.5707221407781,9.20513345398598,9.46247380923253,9.62038671689939
8.07202449933819,7.68790525470046,14.5076878563357,13.7460900006571,13.8329879633064,13.9811723921919,14.4931882168506,15.0615781616634,15.2142070571022,15.3632195834551
7.84845918510893,9.03635854466332,8.49847350052708,7.33051034714587,7.49876934887441,7.71677032797503,8.53384350333505,9.27855018578859,9.5015735042024,9.69231326244893
8.17974050059383,9.49817965672123,14.5434760431174,13.6125419900822,13.7422360437199,13.9291951753485,14.5198101254638,15.1710439476091,15.3592569697727,15.4929769495057
5.5491101579442,5.5000607029328,9.80914839987939,8.63923519025264,8.76891063361603,8.95264985197011,9.83531076238324,10.563405070666,10.8133179614869,11.0901560016321
8.13010895561895,7.57093459665584,17.0656108952486,15.7467714941448,16.0667068064319,16.3640026194387,17.0970840993604,17.7402765286159,17.9054755873634,18.0802658704065
7.01936356029186,7.05840321327144,15.8468056475661,13.950245743469,14.2582522135738,14.5371212133573,15.8813437339132,17.0808011726916,17.3633747336065,17.5116917455986
8.94849236558601,8.11574854896546,13.8930297234226,11.6652577931684,11.872087208702,12.273505498064,14.0693382366686,15.008422805703,15.2546623346205,15.4821056775642
8.32968083249028,9.22234565579343,16.5303789011647,15.1357651231061,15.2706465790898,15.4734099673044,16.369295277185,17.7772927430018,17.9455285420035,18.1230202958004
7.61871544834266,8.8690411689256,11.2882631854297,10.2750725351338,10.4723980793918,10.6290819907982,11.3054818817364,11.941999111758,12.1258597178081,12.2192608271737
7.31048730258966,6.52223375575463,14.4438132076213,13.2575223644313,13.4380894999868,13.6269887217538,14.4090316345075,15.2906869223177,15.5578005832071,15.7972178043334
5.23507522796534,5.26780960341579,13.2661059033127,11.768138366738,11.85397002997,12.0349294950412,12.9377999961869,15.0726945109544,15.389140781679,15.6106996258207
8.81725840265099,8.79628622429387,15.2225867436779,13.7308282997577,13.9056717331204,14.1009099943264,15.0309074558422,16.7117453299056,16.9585536746755,17.0994624978405
5.84488552536855,6.08518122197154,10.643110636653,9.49287565521805,9.63960111517851,9.80748437081994,10.5701121295338,11.5653748839627,11.7788999769861,11.9656913623441
7.41895490086972,7.04056553252476,12.5155761117712,11.2385986890731,11.3547696996919,11.5888553818034,12.4871062747914,13.5327982527177,13.7543219563411,13.8895871067534
6.95173018010915,8.13193667109577,10.1408790678241,9.1588188122883,9.29085472504696,9.47625636337394,10.169060342117,10.7693812488722,10.945155636161,11.083670536271
8.06447799130016,8.8112603252748,14.1063011321178,11.7701337626715,12.0178366376494,12.2966945052104,13.9511101910783,15.9154541490887,16.1591046178779,16.3602449174214
8.16713417617274,9.57206712172269,13.9337557389627,12.9473155406727,13.0865848815069,13.2232100150623,13.9224626978534,14.6730315103119,14.8651655806549,15.056293220035
7.05763788234905,8.67372201549867,13.8545572447883,12.5689444895936,12.7052164746139,12.8470508677574,13.7053005542712,15.0901762601204,15.3841686704184,15.5282780035302
6.86650487282856,5.42848992794576,9.5850695958736,7.89137688027563,8.14314641004864,8.62673324548486,9.59015844214226,10.5633154178632,10.7982870259995,11.0139583684077
4.010469865737,3.77763057782784,11.4354218888077,10.185566396898,10.3664929678517,10.6080348691775,11.442348669036,12.2804113977412,12.5357856080064,12.7776633918908
8.68670362557916,8.8167620528442,18.8681495605587,17.5972666542177,17.8107910247349,18.096382653608,18.8631708873692,19.6624170580271,19.8304289508517,20.020110116143
8.04664387455248,8.13735146336456,14.7133089558706,12.9563858665099,13.2389359578058,13.7286527147556,14.7120899381004,15.7180798196914,15.9669544414313,16.1334709960906
6.40295170077658,5.87573784150241,14.5181300219534,13.5785432697355,13.7189766644935,13.926983230774,14.5284572398664,15.1296844815755,15.3058213939704,15.4340194537902
8.17034511022198,8.38718588037912,14.4698535595251,12.8088200336579,12.9372011987911,13.1697197203402,14.1987426723276,16.2519453958035,16.5686000069687,16.7869397434221
5.45655634510532,4.90165620586057,13.5178103870245,11.9900170536862,12.1832708903032,12.3790022498309,13.6553857516002,14.3619028283146,14.5547516541559,14.7157091762018
8.86376887570073,10.8401115713901,12.5196208219209,11.4756843653803,11.616730294859,11.790304006628,12.4934476376564,13.2658231048203,13.5328584119196,13.6861532139367
8.18293691503264,8.28391370088814,12.8887041663187,11.6084411278009,11.7911978590301,11.991877687778,12.7313091037467,14.104517910609,14.3036945059014,14.4674186733116
8.11950422002685,9.19601098537696,16.1116627447431,14.917029057111,15.103913068535,15.2979467531834,16.0841132824223,16.9712056241429,17.2008976928881,17.4415045649748
8.23245430778368,9.07440525035462,17.1662414810606,15.9491570964492,16.1288104077542,16.3251722019569,17.0592498100748,18.2091277291161,18.7391397752136,19.0948840726796
6.74175462731118,9.77731545780947,14.8247971385763,13.7142737466667,13.8788438877989,14.0758611725715,14.7560446224553,15.7693750292855,16.0412050137594,16.2311755251961
7.60883718170714,8.8466487030411,15.1731823712843,14.0174315469415,14.1581115265577,14.3988581997872,15.1915115520347,15.9174350373322,16.0609629292165,16.2198912720854
8.13497566913763,8.43511966772901,17.366811776497,14.7345662009866,14.940583440823,15.1890501677527,17.6489648073527,18.6640432518537,18.8377085045926,19.0624376327795
7.73294905045034,8.95108905606292,16.7710966639146,15.1670012045591,15.3426131497706,15.5602594041087,16.9151928861358,17.6934102290785,17.9117180070435,18.1148942955546
8.83220215100378,11.2671104628652,19.507104640884,17.7692256569112,18.1046912231662,18.5247290925209,19.4593378186462,20.6416026071783,20.8226957965714,21.0273712674932
7.61475423504914,8.96472596033796,16.0272281301464,14.4056029193991,14.7091843170512,15.3120673369675,16.0775307287751,16.7788066780468,16.9602332092162,17.1040246517916
6.5295233384645,6.97928363258739,10.2239770350232,8.75141422635585,8.86699234835708,9.07180208218271,10.1004242825907,11.4584241215206,11.6587352633186,11.8089069161223
8.87447367059917,10.7589291568836,14.5489268087001,13.0713402802865,13.2361598071115,13.4031792891311,14.4577055000679,15.7830009552568,16.0412466403926,16.156500125833
4.13982031680187,4.14351719908656,8.8608575579592,7.80025230344766,7.95585097106184,8.18951067847748,8.8876150395785,9.50510642364931,9.68457754859726,9.77993115106462
9.2661162269936,11.2642922794735,12.9633434783723,11.5976301291107,11.7752826059184,11.9761766379478,12.857178642032,14.1549599253447,14.6033871467309,14.8331025524081
8.40218155729927,7.86782533329646,16.1678228807139,14.8723755989429,15.0261683788573,15.1786116261424,15.874205473304,17.5045049747391,17.8863840619307,18.1638880500357
8.08043485096807,8.41125225876116,11.9205193456119,10.5994879332068,10.7834779465489,10.9791330441329,11.9227907815935,12.8721656646577,13.0724955720215,13.1845696055123
6.52998189216627,5.79998126339457,15.8463154446934,14.5699367452196,14.7354634942466,14.867107515075,15.7432151410053,16.970434560242,17.2457865218117,17.5409478905784
7.28237249962793,7.84652092841688,14.3313292797622,13.0533889093238,13.1974325145369,13.3701228264361,14.2761993068984,15.3611903569926,15.6164572746165,15.7752702703522
8.62389312096911,10.1185905475523,15.5616358469503,14.5559243768496,14.7194995877568,14.8890669265728,15.5388884923329,16.2692993623441,16.4689088144356,16.601268088508
5.14134909472375,5.31569569347644,11.0777454522919,9.63730271047413,9.78262312661256,10.0386255643409,11.0347698283878,12.3185718500929,12.569728593704,12.8236943027735
8.64694849981618,9.09652241895954,16.1922138874491,13.5000424776569,13.7629480635992,14.1678788737603,16.4151669593498,17.7592350641349,17.9970612182166,18.2599949163749
7.63466970421284,8.74133236490743,6.88029174998906,5.39643953221914,5.60326917887725,5.82748780147621,6.95446236202256,7.78935242847745,7.9354439344182,8.06001373391411
7.73228210729908,6.78441643756223,12.9808413177934,11.4016167448789,11.5818332591818,11.792085651352,12.7896984331559,14.3644518970365,14.5726191265615,14.7324121183897
4.32859251762555,4.44788400375652,9.82772061743613,8.33403403435677,8.48213390567427,8.6942549169009,9.94970110237855,10.6484971626442,10.8506300956518,11.0351271020878
8.33396729215012,9.99022871951587,13.5528822262717,12.375186235205,12.6119769424483,12.8270643933124,13.541906566784,14.3607629244722,14.6020327978399,14.8528295778624
5.84906113039871,5.44813216884994,11.6264244906596,10.0474390431504,10.2680076822762,10.5222070761949,11.7824584230444,12.4914621509566,12.648633044319,12.7654224836881
7.31485344481221,7.77525287329302,11.7622522841467,10.6511693428977,10.8245300474507,11.0058769720377,11.7085808394433,12.6158035976988,12.8334980199658,13.0367577288113
5.26212607682516,5.39330198712992,9.1617371626772,7.74515372006576,7.89096804673154,8.07518620586601,9.05866816781501,10.4085619504692,10.6638395991902,10.7752178176566
5.79179187777688,4.57940371061883,11.8343531855454,10.4177290964429,10.5566208991429,10.7291449356896,11.5027317863049,13.4915005754396,13.7643997832756,13.9567603507834
6.9233715564505,8.21314040135363,13.4181010902111,11.9490378613877,12.2074425116981,12.4834851966371,13.4309087400333,14.2752186766767,14.5395859752794,14.7060489313913
8.06033056017921,7.96125404896428,14.6142808954677,13.2539284254042,13.5303383984311,13.8944480731403,14.6536498965902,15.2972846564276,15.470898353539,15.6020901005325
9.06479840855259,10.4402402756837,15.7270568681322,14.3458630620961,14.4805276006558,14.6780619884535,15.5787889764851,17.066726014088,17.2816598677869,17.5135498204467
8.49119057008072,9.09193851924399,12.4489917495348,10.806160969341,11.024323127799,11.2903220517622,12.3788570484544,13.7709135876543,14.0816604060065,14.3632141549315
6.51917827230528,8.3250388203354,10.7630146957749,9.85857857113943,9.96622926883235,10.1180518410206,10.7485889704338,11.4415078720674,11.675593954214,11.8689355577437
3.75527113258364,3.88064922123868,11.5939967066758,9.67855800652625,9.89445448908491,10.1010229601414,11.7225721573135,12.9873915838288,13.2124709683561,13.3494332909157
8.47430278725614,9.60455836739616,16.0904460734982,14.7984691922998,14.9555617069444,15.1595771988579,16.1494532902428,16.9171169474279,17.0990221069231,17.2904370876223
7.90791209346684,8.992113876733,10.5012522610748,9.53166382730259,9.65983952897589,9.83134157842814,10.4872321073137,11.2337122231398,11.436748896932,11.6856522804025
7.95236628003257,8.04918754025176,14.5433020773208,13.5501291285967,13.7070968645438,13.8992110914832,14.5302268846504,15.2191119236437,15.4187543545492,15.5565226729094
8.08674140152281,8.65438181998377,14.7498366223319,13.5300518256278,13.6681658108741,13.8696058209151,14.6021406986217,15.9117308926118,16.1709670626373,16.3029957336213
7.57561363895234,6.50016452018458,13.69831556976,12.004680608058,12.217572717901,12.4341933942156,13.8550345509326,14.7350235100072,14.9365378402222,15.156579592099
8.0454163833442,7.87990423284772,14.425986823373,13.365321430953,13.5666849541525,13.7531594221057,14.4545862434504,15.0532824385101,15.2343043239582,15.395669417918
7.51108562933133,8.460032703572,11.7219527078239,10.4021974327384,10.625250217116,10.8355809981218,11.6946358164055,12.6865767253858,12.9567249909793,13.1208130230751
8.14126576767525,8.53425067292015,13.8345504388786,12.4377711789441,12.6394938011018,12.9545553299522,13.7917219374116,14.8485586258909,15.1314064115976,15.3765161656431
6.09148639029621,6.1528258989298,9.85410773720832,8.89079121657656,9.0350445921096,9.18867501071572,9.85837629484413,10.5239131418246,10.7028762704889,10.8555650569633
5.02340612798348,4.89221287593108,14.1407999268977,12.5910814602451,12.735576712097,12.9768003923264,13.8823083987073,15.5919355251922,15.8338626742761,15.9505422521732
7.1127949920167,7.53837787718941,13.4209367162346,12.0147314251638,12.1813934615735,12.4168999518867,13.2960633849282,14.6758231893227,14.9138181108932,15.0837219749159
6.13886756360121,7.35609929777402,9.6533492423522,8.3454065652949,8.64262681080663,8.90658638823195,9.63868502045391,10.4296928595537,10.6351530285371,10.9650416642664
7.54251511544496,9.08586104602627,11.5456538872862,10.5443524648547,10.7082865173078,10.8807750419883,11.5544633605498,12.2144143534624,12.3845983405905,12.6013983087659
7.32247749397823,9.08986374987004,15.5412972211097,13.3431617682809,13.6630977954288,14.066051656274,15.7568124250334,16.4936746892464,16.7119183005735,16.9859009999118
8.48065153791173,8.65283136119881,12.8641897936294,11.7633424577093,11.9585084962389,12.1230027336912,12.8807046318741,13.587144159313,13.7688858434006,13.8937478128803
5.70923055853019,5.04850939964245,7.62390488551835,5.91529508303821,6.28499583843025,6.65133149600653,7.6028339428084,8.62789360402572,8.8493284030012,9.03077301891767
8.42602975495172,9.03579818456691,13.8020591857034,12.1585842141191,12.3733254520426,12.6088446890311,13.8120471655658,14.898080047363,15.0937633764554,15.2263181414266
7.32003897951888,7.71883577415042,10.7593693183039,9.39425339453292,9.68086967180976,9.97049678058807,10.7695339114926,11.5305713968929,11.7845741016449,11.9450445987423
9.03076447678357,11.1758924698035,15.9849221529049,14.236644251036,14.507705391606,14.8225491062315,15.8494511678193,17.2869794379676,17.5068179098056,17.6864680909633
8.65334179913955,9.07553048435312,15.7252038749142,13.9522588130583,14.1821735374906,14.4520976420912,15.8284348479319,16.7128331883216,16.8566737645162,17.0138988114349
8.59515435603936,8.29741642115987,11.8539329035639,10.6710388012718,10.8618607623095,11.1425653223023,11.9054419350633,12.4907608646307,12.6337882331506,12.7888933989213
7.50176546890387,7.52138237808591,16.0998406447394,14.5550606695654,14.7345504853588,14.9680205422398,16.1677390997213,17.1283656092416,17.3246228888,17.4738917468876
5.23435414307923,5.06879180960828,10.0483813537364,8.90645308006551,9.08794456050504,9.29070282716367,9.97664619155866,10.986696580687,11.2310123875103,11.4333440654154
7.13272733946504,8.31737381915387,12.0172380621488,11.0604388922441,11.2204330922348,11.3660004848359,12.0232932245222,12.6478551652328,12.8292754915282,12.9911133658827
6.08977322449349,8.73208184797003,12.6824734661064,11.3545969913765,11.5530561445953,11.7821526608573,12.6228145764871,13.654825633489,13.9766952118138,14.184859501607
3.9028506451452,3.76709946473276,9.08952726836032,7.466983855373,7.74393235846108,8.04125335339798,9.25565957740228,9.85371564663172,10.0550397348688,10.153060997314
6.70086810811537,9.6891525251661,12.9249299272918,11.9167823321316,12.044606347126,12.2122237599369,12.8920719294798,13.6926253183742,13.9541335999145,14.1059594196868
8.65122544370569,9.5638084620146,11.3386944304312,10.1823185009777,10.3352577658011,10.6241597659193,11.3470680197972,12.0522741002698,12.2936048582209,12.462955872789
8.5159816814042,8.80891261198203,17.5253964005451,16.0872381344188,16.3446579495701,16.692235052028,17.5631616854876,18.345635804006,18.5308985183982,18.6952298763092
6.7273643890722,7.74053675410727,12.4590099514864,11.4148888924919,11.5594070078826,11.7557740008953,12.4506364121757,13.1773376699335,13.4049772766688,13.6046763013597
4.64446239775193,3.89275562577503,10.7829739248943,9.53909241656724,9.80729470457989,10.0797310474028,10.8234230400492,11.4646672286637,11.6312339504565,11.7739748357512
6.54473127254238,7.40332958828317,10.6086876830627,9.60116522699709,9.75014794864921,9.92328683775555,10.5420021628812,11.4459087751954,11.7026395344953,11.8935922328899
5.51695611839606,6.25074842465967,14.1383240165315,12.7380130330099,12.9887146350254,13.3185456766254,14.1424911894899,14.9419332393543,15.2985540485879,15.514320461777
4.58686165724093,4.92457395239468,8.55795009688922,7.6176281471322,7.72714078411546,7.93211238682611,8.58408515495535,9.13985554469798,9.2868494926181,9.41287036227079
5.83259258592233,5.47408532326011,10.5218824011679,9.60533660743929,9.81203906941004,9.93488741551659,10.5118129322343,11.1373200997087,11.2729925725138,11.4716929674202
8.17051780259858,8.01083206558412,12.9002908859751,11.9563317090796,12.0980556887257,12.276286565881,12.8776499805345,13.6070024555634,13.756363120363,13.9042458986319
8.90601671364274,11.1364231993539,14.2961942843169,12.5871830823362,12.9122449298049,13.1526385656236,14.4168376142143,15.2363310034873,15.4073466964839,15.6078195313948
6.79268573069629,5.07021938731195,10.5860934306971,9.69218906543021,9.87786211503662,10.0541620105573,10.5955077036539,11.1333694305399,11.2505484759643,11.3869740983423
8.25906604114391,10.7357078523938,13.160857354718,11.7429864721396,11.9071667139589,12.1224339098738,13.2409320751466,14.0407460578133,14.229850850821,14.3920060221789
7.08209724113411,8.65006965997379,15.8439626519762,14.5708858395426,14.7250061087706,14.9698085253867,15.9016298824376,16.5993963731719,16.767450958658,16.9201761591937
7.17681033525233,8.31666166186084,10.9411036896132,9.96348342035134,10.0887209792135,10.2729263758383,10.9072281078477,11.6642700421154,11.8187688462643,11.9600504899295
6.06639656649936,6.09237146248673,7.06407620975948,6.06808499122721,6.21224866970808,6.39013123944967,7.02203389319767,7.78951285622034,7.98230806438151,8.15400992860802
7.84479970683036,8.7415446327174,16.6744791870349,15.2511508980609,15.4315169643419,15.5768732598651,16.4094239509296,18.1887217101325,18.5188552044954,18.7827570717336
7.16484194093202,8.5654417094552,13.9838626638228,12.3369186774325,12.5712062025338,12.8786000424837,13.9735506025641,15.1847745253723,15.4723304064281,15.6765059111819
8.23756285013383,8.63542971555955,13.0267429931415,12.0459312052855,12.2102023870847,12.3992159429198,13.004572171773,13.6969218629961,13.8741612043936,14.0448650282496
7.9666142115741,9.46106513952431,14.0281068044346,13.0837051811721,13.2406357289528,13.4093855617935,14.0274961707458,14.664092283694,14.8084628589001,14.9172647764852
8.71578331993332,10.5352291637119,15.8374989254463,14.8630541845219,14.9918645071094,15.1838737906249,15.83187048438,16.5568597573385,16.7571764031004,16.9512335819917
8.65122544370569,9.62833345660576,11.5827205152481,10.6045211258263,10.8022845836819,10.9501716709379,11.5945203427821,12.2064666597117,12.391882553407,12.5390667227092
4.79849461324669,4.6146710656281,5.82626046210325,4.81274207135082,5.01411305015245,5.17518033119797,5.84281584540088,6.45973884680089,6.62978538894841,6.78030143378722
8.6929068649396,11.4619889435125,14.5176490090465,12.7047867975601,12.9430778722657,13.2022254392999,14.6176119112343,15.6854015935553,15.9241196484943,16.1081918012328
7.08992987802606,8.19727629512833,9.78863560915445,8.78504070287742,8.94198610268009,9.09101736242521,9.76018099491084,10.5050174099057,10.673755999195,10.7918942129357
4.64446239775193,3.89275562577503,10.7829739248943,9.53909241656724,9.80729470457989,10.0797310474028,10.8234230400492,11.4646672286637,11.6312339504565,11.7739748357512
8.2601882310596,7.82314433056229,13.3531061382584,11.5027732630054,11.6876975425983,11.9161589757425,13.0050453685899,15.2394367874899,15.4923621552085,15.7066172545244
7.42193433803107,5.65375094010753,6.61170158160947,5.4921416806694,5.62322284030025,5.84076269597852,6.6506310968781,7.32476069889798,7.48029474873108,7.60456122716248
2.7480898591656,3.40320650335223,6.35020533837576,5.46923690880778,5.560795107322,5.67070116348482,6.28860193979375,7.12247113771736,7.40552396253234,7.58135793732654
7.60943640896373,6.71256231615098,16.033026244153,14.1208219719913,14.2967192584017,14.6478449297987,16.0269197971395,17.3611754135974,17.5854027556506,17.8219926125023
7.35363063599253,7.26348138189332,14.7086478333593,13.7043976711255,13.8818689826608,14.0134075211683,14.6398644506672,15.5264806803082,15.7615831504874,16.0103213590229
8.25808305147036,7.69532780877464,13.715383092959,12.5337136582746,12.7817183906603,13.0373841358915,13.7387134357108,14.3404581308343,14.5206846438637,14.7201117073297
6.69488889552667,7.90828120242544,10.5164022282411,9.53358831463773,9.64872803625344,9.82397179876976,10.4949967203885,11.2310424098361,11.4337902002078,11.7807629445331
5.68512857550749,5.16978631371871,7.29404226142557,5.84264967889822,6.01477944580086,6.21465840200975,7.21278796175439,8.45753377236872,8.76242336679573,8.97544925282686
7.55283499881755,8.77056474801411,14.9926351319186,13.284021722335,13.5172858392235,13.8001264479124,15.00257653839,16.2417151884333,16.4975347382332,16.6289108587515
4.71758258754636,4.17800491430276,5.51684894661538,4.59070713141125,4.72714890101866,4.86148646149135,5.4918723789094,6.15902694305597,6.36150774019933,6.54375300906203
6.04599379145917,5.07446866408048,10.6984791470862,9.28888985849109,9.52752318924659,9.79256160257496,10.7466891833911,11.4887868746389,11.6591977827442,11.8511497054785
3.89402355294116,3.64020738309625,9.51543492726802,8.60122449158482,8.76033343479682,8.92233746868,9.52819345864497,10.0723003724403,10.1999615645122,10.3274179649243
8.78668422930723,11.1971216587045,15.2514529696356,13.8731332428049,14.1650879708784,14.4129174872143,15.2220543261192,16.1497841718501,16.3747327794877,16.5591351360332
4.49476863865321,4.1158871573165,9.44341509422232,8.4247921751114,8.61640118070514,8.78616778179065,9.45099125997191,10.0716667759579,10.2403446087031,10.3928110456786
6.72317585674037,5.72181002139971,11.8872802653195,10.4540439257017,10.6906010634093,10.9235161993047,11.9269353943944,12.8474472457743,13.1292857715551,13.2661039706056
4.87574806009446,3.69135575402166,7.32622154238529,6.13722193064767,6.35223436998507,6.56571247947939,7.35221859137546,8.07621414380383,8.25566779121575,8.45636689395836
8.52550906583093,9.9494266902308,13.4628049506285,11.7916892774679,12.0689359043951,12.3919418823916,13.5099598752957,14.4663072751658,14.6654641067494,14.7683875291415
5.64792916758454,5.912700098288,13.7029401816247,12.3419726355441,12.5002211383096,12.6742767399512,13.7794020789023,14.5861551102438,14.7436038485613,14.8721428281245
7.96324489325967,7.15196160319057,14.008205071526,13.2078680040538,13.2913414966343,13.4478406806661,13.9882797649636,14.5640947269836,14.7339301198614,14.9273244159533
5.87763712104449,5.69098126668084,8.58988897672347,7.48189621009089,7.64157380605897,7.81061941881785,8.55585435403036,9.41872048229183,9.61735977712649,9.76378130181011
6.00844713872529,2.6733049859429,10.2642482249873,8.88643441033366,9.10140167622197,9.36256240154635,10.2675546725496,11.1290489541631,11.3543113066236,11.5384624252494
9.01897392842132,11.9225646557871,19.8246687792094,17.8177074505693,18.0202449714574,18.1975847282668,19.3657861430983,21.9847926240033,22.2536388712693,22.4699178062414
5.19304840942203,4.5945955887606,10.607997221714,9.05691755068339,9.2267172996955,9.41331201698416,10.7561024210526,11.6515491190773,11.7881028907053,11.9560281974352
8.7952304085748,11.7221921287274,17.8124232015156,16.5010248952579,16.6969958428274,16.8743062546963,17.7489784647686,18.881664065009,19.1575608481667,19.39162558309
8.12333735868221,8.2499428963308,5.69564809843604,4.65709451640067,4.85068929174513,5.03736314968939,5.71635772000214,6.32274207658214,6.48044800810593,6.59091384384323
5.38985806015041,5.64977942046955,13.4759061552462,11.7801303114294,12.1170029345919,12.5348577159389,13.5372014359219,14.2791643921786,14.4469469630152,14.6169237446814
5.61714217880232,5.17507585717483,11.0162358954487,10.1144443721697,10.2727130293977,10.442686122894,11.0158610357009,11.5776745420739,11.7927919694706,11.9120515037022
7.49492343781903,8.61046852557677,12.1371821401196,11.0394275126066,11.2079944004055,11.3656948140942,12.1384382518532,12.9085644661001,13.0643247142556,13.1519533774978
8.44995125791777,9.08882112342508,9.00212050264196,7.83064643132215,7.98889236351922,8.13279259761023,8.94842721833331,9.9474954370664,10.2297186983029,10.3921888979046
8.32307873797824,10.6031029011681,12.5840134591703,11.7140786325665,11.8424049737732,11.9791294033539,12.5806680776469,13.1988124582382,13.383325159963,13.5124386019528
4.34109367689385,4.59198669749829,8.33553416272094,6.07592892452437,6.38400909093668,6.71806155073782,8.32466390137087,9.95327540221866,10.3690084966538,10.6689596899278
4.97360686141196,4.14119853865081,8.47644662028485,7.54385297534527,7.66290899779149,7.8194575979586,8.48399862906372,9.09237907251255,9.28101091951503,9.4665201301092
7.67029993115089,8.35798379188383,11.6105227342159,10.2744232179983,10.4209072526436,10.6705660438702,11.6455553063125,12.5109462293074,12.7438030233425,12.9241153405264
8.40513379590052,9.98052209887312,17.4731947927955,16.2633868151618,16.4402635704394,16.6615919356682,17.4362507650537,18.3799185197097,18.6031326699404,18.7885886602762
7.46026102914449,8.68866351155232,15.5835784698804,13.1842261144879,13.51052252011,14.2714891620074,15.7149818030722,16.7004829324963,16.9941118726491,17.2384829040128
5.09881929895797,5.03735116016354,9.33458970286499,8.03975981093107,8.16662241789574,8.30495337499793,9.39747686587989,10.2426191347113,10.503893748117,10.7132360198418
3.27256556087915,3.30087645289889,7.0225718337948,5.78016267029413,5.96668481297858,6.24228891112839,7.03848756456774,7.84300062016067,7.99127241742492,8.09570013135416
6.12781319441177,8.07944322138273,10.0105049260124,8.78875291915986,9.00645408495373,9.25089784175262,9.99180312539732,10.8524023177978,11.0726031512332,11.2469758551064
8.31331661646838,10.1223419670226,14.249994431226,12.806073376226,13.0780584930964,13.3757222894587,14.3354171626511,14.994877205523,15.2331900524851,15.3232595808872
7.62460527698765,6.78208659101346,14.1238967231188,12.101755558538,12.2358827743459,12.5138688707073,14.5023962475647,15.298125365029,15.4797858981871,15.5975967159216
7.59772694829689,6.63391279485633,15.0828830117713,13.7791479936371,13.9817306072862,14.2083500059542,15.0326418213084,16.0274399181112,16.2538497566518,16.463855992976
3.92423026336454,3.81302509328639,5.82552032442734,4.72022839219862,4.89926038027629,5.06920999068648,5.85836150624698,6.48951642082037,6.68052537147143,6.86299797803595
3.96824623406766,4.92528396409541,6.88523158585004,5.23647254696265,5.51696759698347,5.7776271907208,6.98488420638506,7.7587744927352,7.92611474381187,8.14173652847134
6.27397859667973,7.12999015434706,9.1426443592263,8.00752269664966,8.14080323479492,8.30975281579651,9.06756775372252,10.0845595982091,10.3504023127835,10.5399229000429
7.48435842282234,8.52709842505006,11.0643112950832,9.81343729557309,10.029433481533,10.2953829459428,11.0984340167159,11.7576611281683,11.9481388694746,12.0664570913458
8.64848897517066,8.88430021361829,17.0400855252834,14.7866552977268,15.0564348418366,15.6594411642576,16.9421620074085,18.5202454289532,18.7545046152386,18.9907588725837
2.97144286691502,3.42217826253063,7.82399789953333,6.85343060172597,6.95974600006237,7.16006606373875,7.80948848263803,8.50382050503865,8.7300164425543,8.87782642848934
6.85946443633633,7.93608349752797,11.889979071243,10.921906764173,11.0801725394211,11.2577576422139,11.9040014257431,12.5155167586406,12.6919657524274,12.8464802142941
4.94225252530062,5.05646126060615,9.1160523179909,7.41730298718032,7.59773606378512,7.80524963717726,9.22286133212004,10.4557410250771,10.7571739690632,11.0169451424215
3.78311962445103,3.62565852285803,6.12902984511049,5.02913133391437,5.18907386781257,5.36897734581773,6.14638590355259,6.87783901414632,7.04829560861713,7.25217063929311
8.17622007649456,8.55980101074641,13.6665438553257,12.4774124098364,12.6622168483937,12.8252454827911,13.5808639450422,14.6856417460726,14.9742047730341,15.1291672084709
8.21828594007694,9.11156989092928,15.2434906782978,13.8333541004797,14.0030728637773,14.224277243453,15.2282073972055,16.2463220786711,16.4952734242902,16.7085925264919
7.29349801312771,7.29456121635792,11.7316481893577,10.0623967311999,10.2521366311878,10.5527376551005,11.8612638655704,12.619522241657,12.8814690090605,13.0515818582193
7.12744357059252,8.7428844944823,15.8395106564008,14.5608692720575,14.7393462864826,14.9449207327276,15.8240157868626,16.7841132840638,17.0191679062175,17.1889605668175
5.71520624349003,4.64993780264546,7.24405039234196,6.10046712209702,6.31063490830078,6.49417475899024,7.18691572637994,8.09903728340352,8.3322770287565,8.50625901944297
8.29785471187778,9.5764060062039,13.7707391600862,12.8948682000855,13.0531555818148,13.2199888826098,13.7653687975824,14.3316182012402,14.4919330543518,14.5997656238945
7.23163859991737,9.29645879589339,8.77425047777812,7.84725541847046,7.95255874691002,8.08328426775064,8.76789843788745,9.47714137226417,9.7066793681161,9.89478418568874
8.55001235358458,9.50753445315654,17.4061215086122,15.4895038566473,15.6490226151517,15.9669764070416,17.622028815134,18.5680175638853,18.7813991213458,18.9589299659005
9.05557866031763,11.8336820299608,19.1438581630936,17.0253712709519,17.4563467711135,17.9676181859938,19.2124130891703,20.3452698985389,20.602277411818,20.7245862627241
8.56003608509006,9.82280451080108,14.2961577280757,13.0933604254739,13.3094705908705,13.4727298207444,14.1664626077296,15.3872707790289,15.6040904192005,15.7655338842587
7.15492712142229,6.02343958827055,11.2903488567188,10.3499214857031,10.4882478048591,10.6838019763638,11.3040781987378,11.9107730839927,12.0826677012744,12.1887206712618
5.43460334445334,5.28526659572395,10.7612383457248,9.33759836429193,9.52868661654493,9.74267914373504,10.7338990496947,11.7881723144295,12.0345339418577,12.2021341637066
7.96121930563366,8.17739906231639,14.0240575264066,12.9966440998457,13.1833996173014,13.3612681406213,14.0271579540014,14.657329047306,14.8122088923742,14.9942569702378
7.84413251383335,7.74094427743438,10.4547405793262,9.6272886731917,9.77813587879827,9.90586413480683,10.4499640995949,11.0507361652034,11.2450947499125,11.3901199841725
8.2011256327054,8.28678645866309,12.7813084396715,11.657540881135,11.8057023039533,12.0327566096448,12.7742965344356,13.4803632843866,13.6437080509188,13.7656619423899
7.08992987802606,8.19727629512833,11.9205531327416,10.9306497055097,11.0815243424534,11.2665389669041,11.9271606969631,12.5300517529005,12.7190214174041,12.8760360739864
7.01936356029186,7.05840321327144,15.8468056475661,13.950245743469,14.2582522135738,14.5371212133573,15.8813437339132,17.0808011726916,17.3633747336065,17.5116917455986
6.05307075345545,5.09044572655421,12.9871213188538,11.8927260036063,12.0274208155614,12.1929630522162,13.0051813149528,13.7848648646597,13.9989187026299,14.0867711932633
6.3856781850794,8.41478769286748,11.6386722405351,9.87367969861534,10.090206181023,10.327592684463,11.6849271322592,12.9501636366347,13.1863240303332,13.3229099615876
6.81331685253034,9.03947676477191,13.9852748446709,12.5066375905394,12.7087972495902,13.0065617583364,13.9335047462067,15.0291116549946,15.271910315069,15.5361316600482
7.23505864654543,6.79182679562142,14.8774191304288,12.8248658724466,12.9784071578388,13.312008717696,14.9619669641573,16.147521842956,16.4259750274498,16.6051375526363
7.87145295710925,7.42409787286806,9.57778122166522,8.24984081252776,8.45646159405535,8.67947721577333,9.56362826501701,10.4821881902449,10.7080155537881,10.9767254314252
8.11497494665877,8.21895687898015,14.1210982989993,12.3072394625238,12.4928901034809,12.696423858132,13.8343788375606,15.7236115459989,15.9409168411001,16.1017967648533
6.91213506004789,8.34066598593807,13.994711011338,12.127255343947,12.3962265024804,12.8625634442292,14.081352977237,14.9848001024462,15.1705580773437,15.3328874503392
8.39293619803221,9.80311710602295,9.23898015754948,8.07442915114887,8.32927466797552,8.58147200356106,9.24945639288299,9.88591985068083,10.0605009926078,10.2453993378351
8.10992723284138,9.1519197458804,13.8755685640405,12.5967189668522,12.8587501623624,13.1158296130877,13.8942030175063,14.618408858752,14.813473508583,14.9992997066133
3.73887179112636,2.99521781838863,4.69964679603002,3.65331360574671,3.79804214644165,3.97171173147813,4.7083875888338,5.44315495666808,5.66034544596205,5.84302632515871
5.01785799909462,4.93831705977628,9.68522412007676,8.64237034181197,8.78302702595317,8.98514379277281,9.69580501794747,10.4026525041788,10.5518608919685,10.6741290772888
8.65932397059534,10.2706188952354,17.0158218779213,14.9677423925676,15.1739846867471,15.5787627965236,16.8040338095214,18.6245747479686,18.8187536598931,19.0029622667174
7.57561363895234,6.50016452018458,13.9252512983775,12.3322900398217,12.5009260586261,12.7394343775629,14.0269538499794,14.927517783567,15.1920875615249,15.3888236280466
5.8433636408544,5.41243928114622,10.7753196762764,9.73654926463243,9.81676139793463,9.98058401912072,10.7680281584945,11.6312674502769,11.8970730700309,12.0719846882547
8.01241530986046,9.12693629193798,15.8772194438498,13.7676267812364,13.9505465006567,14.2210450674255,15.9901339032145,17.3228565029448,17.5253203110003,17.7377865655292
8.0703888068889,9.96431256543752,15.9591887317374,14.7773589913065,14.8815016959204,15.1184867015835,15.9792603184503,16.7994227678494,17.042020684199,17.1653862373391
8.25522023900516,7.9114688394042,16.0714634430325,14.183378719885,14.390461943821,14.6724918168753,16.221217392267,17.2433655429893,17.460519482944,17.6604876735731
7.03572851567751,8.48267300274421,9.90527427551267,8.66846021519589,8.78680997294138,8.99419748779069,9.84057132208235,10.8723528176369,11.1177360862314,11.3158839617463
6.65102175119396,6.18432654072876,13.9279618500696,12.3881906209683,12.5939701760111,12.8321551906532,13.9941589513889,14.9101006680761,15.1085239216137,15.3091751259359
5.7598701868052,4.1107020621204,7.91496289177463,6.95168097937176,7.1107497172651,7.29922637769908,7.91310561740579,8.56907275207119,8.73214774008111,8.82648218153502
8.33488186577687,9.25982884859127,15.3106425513893,13.1933173021346,13.5350812318999,13.9992912424626,15.3831524948152,16.4740081312772,16.6883677492303,16.8503056432079
7.79956479928813,9.68207612728335,18.1113861719855,16.1115337610497,16.3039700250083,16.5399046965091,17.8057805202589,19.7967295964934,20.0204474669719,20.2662668305697
4.48993969130039,4.04665796805541,5.84033011683792,4.93911615871052,5.06304565067686,5.21030444974958,5.86030126996973,6.42680666931723,6.57716668112914,6.76023203546621
4.88690501087333,4.73459607287747,11.8203128764115,10.6391591731676,10.7605660040599,10.9555737638724,11.8996833491163,12.5926860442027,12.7584758805429,12.8581363327947
5.58864071174227,6.44095656031521,10.4173745056384,9.09924342356218,9.32812261768232,9.54146816857487,10.4643251478781,11.2105489993223,11.3650497700944,11.5286213477838
8.31623450550609,7.04441262351175,11.009302881515,9.8548682198801,10.0077704875554,10.1752302789882,10.9667141477767,11.8771564800265,12.1011862631057,12.2827387331022
8.00046293122468,9.57090971176016,12.9798145349114,11.5329663904579,11.7758240106936,11.9634444777844,12.8797242045974,14.1219856450831,14.3022483700135,14.4908952820429
9.05107049460992,11.4344122794323,19.7883440545497,17.6855088861783,18.1927387633741,18.6618385785855,19.7911034524992,20.9834305772412,21.1857758368336,21.4534312605899
5.39199352917029,6.4844969883986,11.0487807244147,9.11962743101012,9.3511960422895,9.6627359927606,11.1763842160838,12.003990558701,12.1795566777247,12.3911720082988
6.58632838081387,7.61718332064401,9.37830387363466,8.36166078609557,8.5471374064624,8.74128640606534,9.3625531656358,9.9932421423794,10.2094036524944,10.3575081552133
5.94597597739898,5.37333351504802,9.10566939238188,7.52890915920815,7.68901426492392,7.97120799747551,9.20915705651853,10.105362095195,10.3398634263102,10.5913562850195
5.19316614580535,4.2924604026359,12.7881866647392,11.3071597082133,11.4957853849651,11.7442523661571,12.9293184877992,13.6836950840071,13.825301401332,13.934317643287
8.28001077423824,10.0413251910823,15.4346899610312,14.1694807025521,14.3147880917117,14.6141912513442,15.5034362217512,16.1191093410957,16.3165675141298,16.4442537818021
8.19798862559152,8.90341257898146,13.2219298395266,12.1295742616492,12.2371297251141,12.4431681086801,13.1940007007405,14.0170938482511,14.2477358938267,14.4278344380721
6.60401044781058,8.61356834416604,14.2576736802924,12.3503766739384,12.5347103269442,12.8576055503074,14.3816299504709,15.3895264982236,15.6820644397699,15.9365450805389
5.75952249715235,5.2583213541249,6.51798138202022,5.40837056816681,5.62694537836111,5.8414384009776,6.53702160008696,7.2021263623826,7.38295108439768,7.51559601882869
6.22642184273131,5.03506012416606,7.38696123609936,5.85433367360373,6.04707575827192,6.38919083299247,7.47942213487658,8.24291978329018,8.39647201890565,8.52707871440839
8.67673764129845,10.3397437695501,17.0742478832384,15.0511307951513,15.2556930862987,15.5495609311845,17.2086254529785,18.3399085591385,18.6193513149793,18.7381305536831
8.76735059351168,9.16258369864523,15.8202345125249,14.7123310792296,14.9358126137785,15.1086057597193,15.8286919774869,16.5176443973373,16.7327556301638,16.9133318933741
8.88591380133203,11.199036728456,19.1178877947429,17.2147099640959,17.5234833580513,17.8430414464355,19.0401968425698,20.5020892939852,20.8274303515542,21.0105602748332
4.20699883260405,4.24797793198955,7.70338575397839,6.42154763166858,6.57331155912539,6.83775355561603,7.68266817309482,8.52349376511978,8.7817444248264,9.02147123874996
8.59226299955735,11.3867324265334,18.5108881117988,16.6854267582432,17.0789484477711,17.442796305662,18.4929880017972,19.6828926720136,19.8702324341966,20.0277915308852
8.93100253849583,12.3195766166498,14.5550055127126,13.5327213776858,13.6764561037427,13.8391746123188,14.5274732907557,15.3027153545961,15.5516386384096,15.7440197692598
8.59007213908989,10.3586984467244,15.0885313628068,13.7506406102198,13.9943468460292,14.1838864334331,15.0820263819019,15.9592035959932,16.1844556227481,16.388538784318
7.78301729180022,8.95850207408612,15.0217693242064,14.0655495076202,14.2045780969451,14.3537535870581,15.0250275123081,15.6702776987166,15.8578305559276,16.0257179929947
7.08743860737124,6.13113764692702,11.2877243570886,10.2139922565699,10.3927115290855,10.5690161731609,11.2893205863039,11.9833172217986,12.1417428977083,12.2746804936549
8.77283892362662,9.61594444471595,16.8272725458982,15.4422399345239,15.6808693058447,15.9728592605824,16.8785442331983,17.6313618931463,17.9301597893019,18.1533260327855
8.15390737211232,9.1158949932296,10.2599647909819,8.53579872389309,8.79832104116771,9.29861471647425,10.3682801633497,11.0100747737114,11.1782789471443,11.2931742775392
7.23750004808884,6.75284626762703,10.2140673244256,8.93231992201945,9.24093204966392,9.50233251864749,10.2752859461863,10.8528183534134,10.9920409368348,11.1181623081137
4.35936775250135,4.22603353245448,7.23519596085003,5.802080273781,5.97363910859815,6.19856943121873,7.31729319776644,8.14899000124479,8.37509514221501,8.57501941584683
7.51185145217135,8.64499472977503,13.4848518969914,12.5466678130223,12.6717750978726,12.8803329747241,13.4729095642202,14.0950294863369,14.2861897021043,14.4492152866714
8.11039841486766,9.17207722520935,14.312373989671,11.8610941365701,12.2439141151692,12.7599758094789,14.5186572516626,15.5789313362999,15.8673068746459,16.0270157054678
5.20152437810994,4.5945955887606,10.8440283434027,8.9854784213683,9.18370391953724,9.5935144149028,10.9802408568574,11.810720466611,11.9595477407681,12.1476467783005
8.2798434085725,9.65038941514664,13.8018105826453,11.9015058783567,12.1598631840703,12.5224071208411,13.9302035651102,14.7945351337308,15.0113223126781,15.1716702083236
3.54601680874211,3.83298244850073,5.49294745670071,4.69255072897141,4.79699144480864,4.91992824463641,5.44015090062591,6.12642620149106,6.37560892621083,6.57017587360122
5.74409005723539,5.53500896361252,10.66222439505,8.73650574586968,8.99123898125279,9.25842107761881,10.859961222214,11.6755968303014,11.8396572493315,11.9591078889153
6.89845227876227,8.22603583931792,9.66059816273497,8.24145130855358,8.46767122909398,8.68793285871847,9.70417059701422,10.5381213233987,10.7607352395477,10.9225912554958
5.2568593476646,5.75530378431253,13.8317752671749,11.0557572023633,11.38513930676,11.6952285472644,14.2212242843917,15.2568535169151,15.4764931066669,15.6547453654313
6.25157452738437,7.11784033231076,8.92011321286506,7.83537900259199,8.00295598211959,8.17655039590103,8.89876064058766,9.71200633802045,9.89919611692401,10.026053452676
7.39441571499367,8.24024338847783,15.4760892699138,13.9250650901561,14.1091304203674,14.3275137574496,15.4752052104339,16.6131362577834,16.7747119918037,16.9482911082388
4.59021876500323,5.68698282420187,8.98956535860804,7.45821261597574,7.63046555506136,7.81885369104172,8.96956159091176,10.2312262134929,10.5548875234121,10.9196081235831
5.91397081237747,5.44813216884994,11.920006629589,10.4710142833201,10.6435302581607,10.8290411461595,12.0435886959725,12.8404424325399,12.9696170457453,13.0751168218185
7.64402341652594,6.94081913196179,14.0148800982837,12.4072123711038,12.8039200227939,13.2046618375113,14.0419658215528,14.7689919178918,15.0451294115805,15.2599499025543
8.34900766443449,11.2437101296694,19.1788975891408,17.850140227818,18.0602565372878,18.2759019030406,19.0955524188511,20.2115598922414,20.5140018440566,20.6902279840323
7.97922053599519,9.46106513952431,15.1955456308337,14.2965065403709,14.4074032882344,14.5840642670646,15.2025935442457,15.7917225314356,15.9691292460122,16.0950361552617
9.08155675624526,10.5698262423468,11.2718237936543,10.0674474776933,10.2250231572601,10.4070621940063,11.210263382736,12.2269386106009,12.5008336093339,12.7202152691895
7.15500124582214,8.90098488086815,13.7232150106848,12.61505054374,12.7385455981124,12.9114953636428,13.6645404493558,14.5916670757356,14.897321690295,15.0923680769825
7.81932055507265,8.68938998430063,14.1521627026445,12.8526806961378,13.0715812402078,13.3192442600264,14.0953139699089,15.1077583942527,15.3563466882624,15.5420580379159
3.90344587592324,3.18053473021874,7.18443822285032,5.83833251366634,5.98438553240006,6.14142778024133,7.2324137343269,8.25110579535243,8.41086398870267,8.58495303440841
5.34732853065336,4.71641251415301,10.8634740261868,9.809607950878,9.98825233131597,10.1416631139739,10.8748664622989,11.5579327273397,11.7120404278032,11.8132982811407
9.04890392952454,12.0586387356409,19.583316196293,17.7274886373388,18.1882337413284,18.6280377446149,19.5662881526587,20.5898649347064,20.871305077868,21.1538013827567
8.00048470181497,9.97852908545596,13.5741697341756,12.7567798223307,12.8897883880287,13.0204365945806,13.5736414959005,14.1268929544262,14.2876099170456,14.4108599098137
7.24875538215313,8.68692665106668,12.4630377530034,11.7324309109773,11.8207110562754,11.935527884105,12.4389631080892,13.0082049236868,13.1903180389654,13.3502875843123
8.26002876013169,7.7964140035161,14.6114560838843,13.5262068681412,13.6535764640582,13.8210556734786,14.6411050598821,15.3455450997632,15.530387420357,15.6809936414905
7.84154705906928,7.84837747866797,14.8688326561731,13.0107234783584,13.1969044890682,13.4622474903391,15.0868107937624,15.8604648416116,16.0159902577434,16.1808832925176
7.63588105099271,9.85003267241362,15.67898824995,14.3825347535424,14.5738288121075,14.7723107365366,15.6663805251775,16.598119649928,16.7940642522329,16.9914613014398
6.13030988689475,4.11932257457886,10.2696055009343,8.36594693412517,8.57453457705994,8.8097762116855,10.5306018033473,11.5018995241222,11.6798833800212,11.8064658913136
3.00379774642409,3.32465602258595,6.99968199033191,5.1838303367955,5.32143915819613,5.54502419263451,7.0263294696158,8.40633310282712,8.68132576301104,8.86133649750048
5.84218411361728,8.40533056829051,13.2025893520362,11.8978909499168,12.088141326726,12.3820733820407,13.2248742433597,13.9978936478024,14.2347450444153,14.4293324349378
4.76981155138339,4.41615252089695,7.89408642098714,6.22145479400025,6.40322709095427,6.61860583233545,8.0528018529939,8.94644635687392,9.0908410395288,9.29853438858955
8.50029061852693,8.11611794100422,15.0236257196001,12.9903894212247,13.2009937764032,13.4982141799165,15.0081172273153,16.6587706646834,16.9128516996986,17.0470023592494
8.1746097322933,8.87102021739169,13.3940593053567,10.8450897112925,11.2117366929382,11.5792469078963,13.6485771793168,14.6625919000396,14.8980349510977,15.1014289881442
4.70231886827898,4.09313820703396,7.91674397522381,6.12759361275125,6.28316216128887,6.54768106430646,8.02655780398405,9.15767231720591,9.4075540398318,9.53298253088169
5.07678918406764,5.79763763006991,7.70964939292357,6.61413895218586,6.86436692627856,7.06990835800196,7.70679755631869,8.36819599242726,8.58613861464222,8.78553156550023
7.3699589847853,9.30568160812636,14.7362067460429,12.9695726065981,13.14480726664,13.3555526127594,14.8458963321103,16.1816377333238,16.4254596380368,16.608943066855
8.13224880280802,9.3857790602765,12.0726643559039,11.0772814520361,11.1693144759005,11.3296949770962,12.0886235685023,12.7227575075804,12.9080301951296,13.0491825698921
7.74722616967044,8.39135464509438,11.2526371555041,10.3378650918974,10.4781234454338,10.6473158640498,11.2484594104685,11.8288141861371,12.0073401989343,12.1757823416958
4.32217146814969,3.80697264420571,9.66200820968221,8.08378735087372,8.2300386381657,8.43612441551845,9.82330572528543,10.690093559764,10.8597146845959,10.9894271325519
3.75326558818593,4.16748647101433,9.51508721024102,8.04300567747224,8.20821987015745,8.43505660365516,9.54749459293967,10.5873012609616,10.8712695003649,11.0619128951237
5.10773286741424,4.4417170471323,10.8943872133186,10.0796408585191,10.2153602672456,10.3358210103244,10.8885424916189,11.4770305054071,11.6229218221168,11.7491786804473
4.80519559376406,4.38316609785515,12.3731887516545,11.4765257372606,11.5740260895556,11.7385455840547,12.3539163436844,13.0304318903468,13.247638517277,13.4646524278298
3.83336554422284,3.51153876697895,7.58310155299195,6.21512154458695,6.40372739239501,6.62051425866013,7.57549780999417,8.55710802828556,8.80056615753245,9.00670616513237
7.86918202892644,7.4990869290159,11.8163115807387,10.4476291261782,10.5980801645287,10.8410736574728,11.9086610972963,12.5755102978463,12.7461504908123,13.0092160382518
7.77864879243799,6.55865615282817,11.0071290622275,9.93332456632794,10.1347694956365,10.2815603179914,10.9278029801308,11.8486838324029,12.2746040351994,12.6038784097525
7.98161873069935,8.05406752329572,14.414691885177,13.2660775820262,13.4143790032189,13.5503008423907,14.4714878730186,15.2054794580951,15.3735896189449,15.4989180767635
4.0399568544689,5.52315934897657,7.2266073643153,6.25245443686561,6.41874599568641,6.57683515829922,7.21297351215644,7.86825960297384,8.03574516677126,8.27430774298208
7.45596527589644,8.65716408016849,14.2222154183738,13.1778655782349,13.2993565773991,13.4600030998114,14.1204599118942,15.1650411395809,15.361357742629,15.5344697356921
8.30362818108501,6.98801818341853,9.90851000296391,8.73985310092855,8.89296212848709,9.05079667711085,9.85282430407203,10.8043725367029,11.2245376108203,11.3802807531794
8.39540823211263,9.85104482692297,16.9693623270075,15.1178302995309,15.4579687320515,15.7621472867866,16.984965916622,18.1087824174206,18.4300821059818,18.5919261273153
8.55647082307411,10.6719662835281,13.2094814861105,12.2213404325115,12.4578697460321,12.5986741971984,13.212488899267,13.8278831162131,13.9782458311234,14.1297006930382
7.99651600226164,7.86843545219747,9.68681576991629,7.88764304142439,8.06686322001801,8.40099227942213,9.81579506257028,10.681462135851,10.9031150875518,11.117063562209
8.06317633316233,9.49075366535855,14.3072595613741,13.2498739539029,13.422470993662,13.5561917888227,14.3111859290513,15.029615784176,15.1835223559206,15.3938575535825
7.64008094059839,9.87327964162919,16.8455409204935,15.6097653920453,15.7437378688754,15.9253091040508,16.7873006988214,17.8143090227293,18.0359760272563,18.2684436570346
7.35841697829554,8.62299931840424,14.0856007276619,12.7134048600612,12.9134622384337,13.1799302198412,14.120581159629,14.9926556791188,15.1739485484098,15.3384705375752
7.83876737154255,7.86930247679644,9.62226360574463,8.2128975006876,8.38258557583424,8.76089243308632,9.69017960584548,10.3374964730276,10.516186295308,10.6591216288218
8.42814713606168,9.9600531854091,15.4028328306422,13.969717831466,14.1425767836682,14.4134816384394,15.3505457158533,16.4483605832705,16.6650063238465,16.8227230852315
8.17974050059383,9.53387254442495,13.7701331967147,12.8487056665396,12.9824723556015,13.1467033349729,13.7610682179593,14.4067884544422,14.6064096016687,14.7516375950618
4.88569416882715,4.98688515794679,9.77792802894715,8.73819536905509,8.88279812901998,9.09485669963494,9.78653793860294,10.4942662482479,10.6683481005125,10.8245211329129
5.33726597227207,4.67743014089781,12.1031290653912,10.9920530129894,11.1701926188929,11.3899780591392,12.120055001086,12.7865194573741,12.950841076599,13.1199740594052
5.26622048870634,4.76499640449381,10.0984775238665,8.44308640290043,8.61162760791408,8.9458691908836,10.2440430260211,10.9974614184136,11.1966157959384,11.3914697135138
7.12034283351615,6.0760870290535,10.7643476245833,9.39396794181881,9.55933283384017,9.87698596475207,10.8082362472815,11.5851939683259,11.7789388901695,11.9801323721666
8.35651489403603,9.39789048597998,15.0022701469803,13.5785896964306,13.7345382056677,13.9293590077058,14.856451268476,16.2073093316391,16.610634890392,16.9358429024836
4.30709513885555,3.71122113981886,6.79134310114963,5.3091583454795,5.59965635910809,5.97228449121512,6.81498309661202,7.57770907719144,7.82596743366468,8.03082161315548
8.7791800382958,9.62507989562323,12.3712688844277,11.2938272152267,11.4642322232341,11.6760897239682,12.3614612921647,13.1149911084667,13.3200441541504,13.4730850643016
8.5454346814907,8.30479334622216,16.603361312753,15.0435623850582,15.261622000007,15.4687626251946,16.633741780244,17.678617137825,17.869280604862,17.9976731387183
4.01836784271932,4.06019608795141,6.58741162938909,5.01353391040926,5.27477216010359,5.57013890698892,6.62472886653579,7.56626999401142,7.72498233625916,7.8935501117141
7.70059167764348,7.83214536752533,18.670035412232,17.1830309850606,17.5121864197792,17.7955832586033,18.7224221400596,19.4956482427749,19.7206121851735,19.9279472101777
7.6417548718541,8.63776564187046,12.2967714682253,10.4575908958611,10.7700282643208,11.1042031247955,12.376080944809,13.4161745668057,13.636667972476,13.7826580756677
3.74543124190884,2.71035193036555,3.41192995066851,2.55243973749236,2.65335881643854,2.83165002180007,3.40647451743356,3.98942682385217,4.19245492824133,4.33507554780947
8.88591380133203,11.4118740757751,19.2954910122674,17.1993420707556,17.5127765732176,17.8586154695279,19.2837134316557,20.7628984435281,20.9690786093373,21.0940481827992
8.27236616701205,9.94892814407148,13.1192675118656,12.200458255449,12.3638959214909,12.5063471259125,13.086313730475,13.7466200493091,14.0399335030363,14.2994297435669
5.43710695866614,4.18458823513431,7.46865104196381,6.33608846604359,6.4630765216127,6.65244636839413,7.45398893079622,8.32865204573637,8.57198902803237,8.77021266311335
7.30175487939576,9.0858321780253,12.050867921612,11.0587144957194,11.240864618247,11.4135015502023,12.0366660000188,12.693068398877,12.9291360313027,13.1001396726302
7.48865388689608,8.6326624685525,13.9793606485638,12.4917191007774,12.6499021256355,12.838964054681,13.9500550505547,15.1654646069893,15.390536865872,15.5546898235584
4.18458046787496,3.07893759620091,5.48382292830508,4.24672901442153,4.47354770337586,4.68135726224254,5.56496353555031,6.15714793322775,6.31555343635999,6.47522372342409
6.98662978997356,8.40751253943674,10.0003107283598,8.89050098623075,9.0412529838086,9.23451810458702,9.99343857566977,10.7854493117207,10.9204423438995,11.1491584786823
5.04736459844302,4.47728128976679,8.1499869320274,6.81557812730433,6.9496298317259,7.108697758686,8.1467733910033,9.1476503809968,9.31067481252535,9.4816439893562
5.3903859374326,6.16975989951243,9.5532520738009,8.173956474286,8.40316262065876,8.62985800490547,9.64361046665715,10.3956008614122,10.5491430236203,10.6533541407238
7.77910343032795,7.62934269682503,11.7041742576729,9.80142509376572,10.1308343904278,10.5487999461752,11.8321927742561,12.7779882849959,12.9786043776633,13.0874786665094
5.89161567442562,4.99292404228156,5.96014523031394,5.00634730112673,5.20467505601442,5.41263269973848,5.96552602687003,6.50502603756455,6.68136377794806,6.79574390294173
5.11363382989683,4.98677068589416,9.18822398121355,7.69454443279498,7.862288715195,8.11782327725114,9.23358291962233,10.2047958285384,10.5146861015187,10.8230472152582
7.93670813378848,9.9006443421619,12.4076611740954,11.0802700392282,11.171303628581,11.4537583140641,12.4884477178401,13.1514739995389,13.3145349621376,13.464429828139
6.57119896549148,7.27440332477376,11.0915241138699,9.44452305337006,9.65915681872739,10.0057757860649,11.194448209023,11.9067213066013,12.0900789755722,12.244103537312
9.17343843609071,11.2368112131499,18.3069564122336,16.6206927967469,16.817701471503,17.0708729062203,18.2974387560346,19.475504459552,19.7161260542665,19.8578194556636
5.67539643235031,7.02688714117483,7.42512924047365,6.17046235110743,6.34199789400525,6.59363087101244,7.42957022735122,8.22630387916389,8.49012462674374,8.66839658535278
5.15599332543815,5.32244010377403,12.6275508623789,11.3432756913216,11.5303352283314,11.664372972189,12.5302576630326,13.7943042192347,14.0654557799905,14.2635018065599
5.24077090218304,5.15910444682548,14.1371569889888,12.2769782853128,12.4645642019735,12.7191762924213,14.1207763062981,15.5664525276211,15.7338521303236,15.9761822500988
7.81144386505076,6.97758556570009,14.0982088128638,12.5694720315864,12.7545893868112,13.0587420014886,14.1830937772374,14.9516608626082,15.1229810779834,15.2892404655525
7.48842205176423,6.792879855287,11.3478204390359,10.3346063942957,10.4797007023828,10.6367632501898,11.3470293188575,12.0540199209576,12.2066107321536,12.3199699291403
8.52650094928761,10.0282525046329,15.9598133814136,13.8961326935439,14.1121574575722,14.3854565840284,15.8661547621862,17.5435282935962,17.7708768969093,17.9591743929182
7.5138388188517,7.53827470497156,12.3060014918421,10.6230038246462,10.7967996883793,11.0014487051957,11.9026315655091,14.2522362410039,14.525231036812,14.7662670722195
8.46706502016678,7.82761526234932,10.9009579855574,9.65183461761768,9.86819358154263,10.0758970839176,10.8758535301893,11.8062522172801,12.0122514987669,12.1606625871303
8.48817991054166,10.3216349985567,17.2636538501197,14.9795551902296,15.3282138308163,15.7126188544641,17.448398149679,18.7177608828462,18.9353530916465,19.1166528847489
4.88773082024558,4.57098585735535,11.2402352760035,9.36028919739722,9.58779838846647,9.8427475962835,11.4325441136748,12.214951187639,12.4551985547814,12.5932678054993
8.50863581269502,9.66960240804049,15.8073044577332,14.3452761139253,14.4888973029534,14.7941530743858,15.8203984914408,16.864095929817,17.1010129764324,17.2836338145056
6.14861471730777,6.06171750501042,13.2745668926228,12.0103955723415,12.157453889045,12.3480264163663,13.2503495056793,14.2743671240258,14.5051822600617,14.620574373548
8.05244784747176,8.68224794622332,13.3606985379545,12.07272345775,12.2034935322138,12.3906146038668,13.2641038258947,14.5350013419345,14.7297272025515,14.9439118113438
6.57252658437626,6.60130240766774,12.4132859092132,10.9067597775678,11.2301247562873,11.6112119693017,12.42514186385,13.2346508816192,13.5304527025156,13.6950004681452
6.07599649128824,6.09237146248673,9.18138633392767,8.08591963672183,8.22770435727758,8.40602241053986,9.13680215425378,9.9992337935303,10.2591451557612,10.4324965973476
8.20038150778289,9.11183978375493,12.0838772776209,11.0609711494204,11.2560260434732,11.44998036145,12.0754635915548,12.7468438911329,12.9221209827204,13.0632788571358
8.96581447051578,11.3817967854281,18.5149734086425,16.7438881867184,16.9700364582968,17.1684985140277,18.6222227844479,19.6828552330135,20.0264484783126,20.2833569494409
7.17720462507758,6.37218016676727,8.78507837076207,7.25433156201679,7.38979268165968,7.62168494209497,8.69853069652367,10.1577428249294,10.3910358024537,10.5607872026578
4.36759882020006,3.66424551214044,8.08953398895142,6.33227412698619,6.658927025039,7.05619787012379,8.12489910003569,9.07894739472412,9.30839925010342,9.57269440399108
7.02920516439683,7.32792712028008,12.7311675663786,11.7542691607456,11.9056034502473,12.1000041193069,12.7641825945958,13.2880413524584,13.4808571188365,13.6163054356916
8.8812157178539,8.21509125970381,13.0973413327248,10.4956278086438,10.757519237545,11.2393708436918,13.4007209278602,14.4988668677723,14.7267434926821,14.9126846884204
3.64236362718318,3.84175196045858,7.01028130805866,5.91821996669421,6.1554622021941,6.35456703327949,7.01868042942567,7.65884909745473,7.82581969012235,7.97444227510648
6.32815712221183,6.0476910759877,13.1282571819231,11.6878747370571,11.8615693809187,12.0912636106417,12.8822155581201,14.4523226590355,14.6956687794279,14.8633717939462
8.19348960341018,6.85314175645182,10.6871552679507,9.52581785590104,9.62447931717966,9.81354708909922,10.5360467585007,11.8194755437884,12.0297870986128,12.1916589881203
8.19355129730795,8.91146073944412,14.7237235419999,13.2880987877382,13.5774917570563,13.8609787761724,14.8029768532781,15.4787061734051,15.6371445501,15.8112456167304
8.13638649292811,9.69477564673489,12.6435062657742,11.7137343558462,11.8685312247535,12.0413866050814,12.6286887749223,13.2832298722023,13.4658007911525,13.6066083732028
7.39504167902109,8.54618592428134,11.0698367015537,9.38718578116013,9.73445424522914,9.9316634341406,10.8567717579857,12.4890326223248,12.6827659530553,12.8675870993056
8.25844004902684,11.2510151151635,16.6003944458412,15.0986881929502,15.265369582922,15.4553615211441,16.7232768337691,17.6265473718293,17.8874959112724,18.1074802844667
5.24675230541377,4.65505002520368,12.3818328131926,10.833722452528,10.9896842409331,11.2234981477342,12.4505508214572,13.4702083891055,13.6403046378382,13.8527184927782
4.52422773953432,3.57724401587585,5.86328802227748,4.45231191849692,4.80841759158974,5.0730171520898,5.86679917015375,6.62854074149189,6.87293400535385,7.05654502357273
8.01795162923909,8.42228655548015,13.6984555534604,11.6652974045123,12.0935208966054,12.394346744187,13.6002668467394,15.2835061005363,15.5505734294588,15.7527386687116
8.42965931825156,10.6883853563321,15.9229081027472,14.4798892708426,14.663895991313,14.9545691201667,15.972694814988,16.7460535272419,16.916356782976,17.1020079420918
6.6981032659078,8.93993549260296,17.2731863441376,15.3501269396715,15.5173403387756,15.672978916223,16.9136403289142,19.1557308903329,19.3712361178815,19.6028444496228
8.70778961955932,11.4324995689943,12.647217609404,10.8981899463801,11.1216490927269,11.3651888632269,12.6878894224039,13.8432660969372,14.1476091844856,14.3054723819777
8.71204834789003,11.4938539161743,13.305056826728,12.1453420416457,12.329291071942,12.5211731027608,13.3169210321074,14.0795321174466,14.2516230125817,14.4014583378942
4.4083057900509,4.06747797308375,10.5262537062315,9.00473362685664,9.21862000692549,9.48037920061261,10.4996033958501,11.6211982601754,11.8074928927603,11.9538891383415
7.63588105099271,9.82823438752302,15.7537718137335,14.4853878389441,14.675826145392,14.9454156638896,15.7514957947894,16.556585742765,16.8081831661611,17.0176496517335
6.19891358020115,6.12017306737707,10.628863747249,9.2624194326152,9.45821094696387,9.68051948778183,10.7015568695264,11.414755313854,11.6398480296854,11.7306558099621
7.6373585378996,8.79697456248486,12.8780646679646,11.7183023806774,11.8410074490622,12.0446124389743,12.8902532930828,13.6340927698273,13.8664392517578,14.0301805046602
7.50602911284415,6.45477533517484,15.3834732325078,13.5422797472826,13.663796650233,13.8715997814857,15.6408695284429,16.3968223719719,16.5855595697679,16.6998054435286
5.93753085839742,6.32411117857136,11.2529154999468,10.1880649119799,10.3704961428818,10.575894188889,11.2462167933482,11.9502688666657,12.1847662656177,12.3229708202357
4.21364797448359,3.68457904691229,7.93400823869266,6.2934958668398,6.62590478074277,7.04020845551204,8.02917487369509,8.68609397617823,8.86698677303944,9.01186514494601
8.17974050059383,9.53387254442495,14.3959765320327,13.4745950479841,13.6260597869337,13.7614316660518,14.3961858875703,14.9915459369334,15.1600317513824,15.2758537309605
4.91183133298544,5.06318321887793,8.96446740012888,7.93280378678111,8.04435343963638,8.20051998300168,8.96590675508123,9.74466945208963,9.89771040133865,10.0489369415871
6.95307974382502,8.40549429295553,13.904169215504,12.0447702914363,12.3110265317243,12.6536265298676,14.021442908425,14.8480846418392,15.0784811860467,15.2577030871866
8.60175254995127,9.14039180524406,13.2516831924305,11.7918897276105,12.0244798676218,12.2512950778295,13.1299222700511,14.4842250594408,14.6829620350865,14.9244257889792
6.81849586255907,6.23539599227497,14.9026351180613,13.5556527246139,13.7236341187323,13.8821803303809,14.689542893767,16.3256846535255,16.6041475993568,16.8422354026276
7.08973570829748,7.5678652909417,10.6419789974082,9.76852333355888,9.88010313823794,10.0533799814493,10.6440434165651,11.2460936292505,11.4374290992951,11.5490899374811
7.81556155176053,8.58984143922485,15.0262443308473,13.7129893003659,13.891629222228,14.1633871528594,15.0483320297154,15.8283034594779,16.0618140423279,16.3089423914441
6.5748308598311,5.76655421893373,10.8270864895683,9.7628627187327,9.97706137325962,10.1574373415568,10.7989325276569,11.5330446679015,11.7802015694332,11.9539082783577
5.05886481821184,4.25603911174038,11.1100447853708,9.84915688136265,10.0104612244006,10.2500560866963,11.0570064608489,12.0647269087656,12.2772193800207,12.4347259939255
5.65658850819124,5.39236358651926,14.4343479273492,13.5958951634647,13.7248707111335,13.8678910171939,14.4252768798411,14.9899405404594,15.1598555329036,15.3072278613417
3.90657768428507,3.67181841623952,5.96309318286767,4.97732939823023,5.10434249605308,5.27759453322349,5.96146005555622,6.66134927967285,6.8369177158761,7.00099407987733
8.05708783836351,7.85389502343628,14.9744136529719,13.6179963458643,13.7730753666418,14.0353354015221,15.0292709711404,15.8629531080985,16.0152881258974,16.1841596858285
8.11984155404115,8.09915470365956,11.2607257183324,10.0055354825164,10.2719056886412,10.4887218439039,11.2563564298888,12.0701092575062,12.2422186546108,12.3771889473656
8.1864512646556,9.21435252816961,13.7133473455691,12.7871858377125,12.9379313678525,13.1076855594327,13.7034280269863,14.2837723243628,14.5230851117827,14.7098598285836
8.95430245783553,11.1031776886801,16.033875499359,14.6981700702828,14.9091798594956,15.1290856409396,16.0920989348157,16.8619999901589,17.0391747632704,17.2820074156739
4.0562518528028,3.85672910134222,7.32563988066864,5.769272550562,5.9756435340579,6.14128794861067,7.34047554281815,8.46435888785254,8.71758040682079,8.85808683120878
7.5339206597481,6.70611212223149,10.4989333871497,9.11878579363896,9.28041158175765,9.51075649054965,10.3553486900634,11.7558209753784,11.9105892476304,12.057583611699
7.95951670597751,9.08644154471762,13.0265557385451,11.0544092004094,11.2147037214862,11.4180487935896,12.9964881657019,14.679611841325,14.9376604797139,15.1110074782329
8.26227068579165,8.04074298491948,10.638634792899,9.61472103551828,9.79433750576626,9.95590627037628,10.6358209123627,11.3083080098691,11.4596886135067,11.6020846671636
8.53835362076883,9.79722880901426,13.4514079215293,11.7396612867963,11.932937005875,12.1107421605254,13.329087032293,14.910944989798,15.2053021608255,15.3762090474059
5.28565030179518,4.85019022889812,11.357786366399,9.71650899647663,9.96435449263169,10.1900773268143,11.4738372301735,12.3905250150409,12.5493780704081,12.7110059871101
5.53551452125034,5.48363870650012,13.7220038030185,12.3611534421279,12.4775393813368,12.6603016587958,13.6402040078318,14.8430810141206,15.0450582979322,15.2128459148684
8.54890410200831,8.91830576212553,14.1915085145839,12.9048960107007,13.1462215478184,13.4287398789946,14.1593612591772,15.0426566928855,15.261863620219,15.3559752283268
3.06154175529448,3.32915710798887,8.83050817260089,7.66688176323373,7.8085783417227,7.93469203536219,8.83176699851726,9.71648868152748,9.85969187448091,9.97461535546895
4.35948965656192,4.17260979020737,9.23344736734103,7.91319471054094,8.03579217126793,8.41233462119068,9.29607488477344,9.9532499116523,10.1084749934695,10.2281448027994
8.76167582506728,10.9638100731916,16.6819559372129,14.9816061453858,15.1594733518921,15.4501710337769,16.6466117290225,17.9785887161091,18.1640691216887,18.3461699938154
7.84012393614486,8.64893349671077,13.691470978933,12.1739557593343,12.4012222732905,12.8797459290353,13.731319634475,14.4948031691701,14.682878792543,14.8365583349528
8.6944419627186,11.3828768212573,16.3901556785364,14.4339839908141,14.57022358098,14.7883059038102,16.3649993397461,18.1013415869479,18.3260076322146,18.4948925845902
6.80496361758059,7.62168704044567,11.2634662759293,10.0081476448031,10.1804612542309,10.4101325248358,11.3430336290553,12.0200748883574,12.1671290319743,12.3038218495805
8.25868925974378,9.92298512218121,13.2503878982405,12.3896137354539,12.5444812129577,12.6755552356662,13.2223708206579,13.8286872056484,14.030124072502,14.1791055351852
8.65122544370569,10.6650897434314,12.5494596268074,11.7028167324319,11.8283741479683,11.9896479930021,12.549485998008,13.133177681064,13.3032112355189,13.4207813128224
7.31180144129668,8.640675505545,16.6561386531238,14.9503611876146,15.1838849670841,15.4312708771251,16.6437563454049,17.9659140561345,18.2498689720531,18.3585754083307
8.57672397746486,10.1080596995264,16.2386482084702,15.0872384872399,15.2772766625996,15.4317187713056,16.2048985048769,17.1367416032147,17.3546840416533,17.4974015726278
8.57356216130638,9.91209865649385,12.9980774461208,11.3045192024539,11.5347355253711,11.7585348166284,13.1808312703662,14.0796907154916,14.3763495603577,14.5740935590761
7.05857001760865,7.59100699094472,7.12052357214187,5.55198784514693,5.73585086353312,5.91509236675217,6.89269222549514,8.76926656471599,9.04405294904881,9.3022589839218
7.09351236454611,7.37355854964084,10.1265259843255,8.89472306223413,9.10527197922381,9.33732765819543,10.1131837145403,10.9216618914034,11.1272624929315,11.3652156768251
8.838105876907,11.2915447419339,17.2737727631407,16.0389930821526,16.197278198727,16.4178348885677,17.2676168227572,18.1285672673526,18.347456893641,18.4948276161319
4.46199503215852,4.82527541500629,5.87769152141194,4.52590770402181,4.74293252950318,5.0144479318307,5.91625421913192,6.68363816503596,6.92072825358185,7.09058599586482
5.10033224596988,4.55877647857353,4.83837139150722,3.81617176278977,3.99137711204794,4.12309483602161,4.79434947910505,5.66583358497979,5.89517289098509,6.02912174001738
6.26154852442736,5.01441587379925,10.4884179092658,9.13933297387897,9.31283853391387,9.52796642405477,10.5374297118218,11.3401551003668,11.5255760909215,11.6932915207576
6.48819793752148,5.83043852924102,8.46924311599363,7.12853357707198,7.28122364587112,7.51916796189984,8.41317101143811,9.56734593877778,9.8591923603293,10.0971040088977
8.20118203584389,9.85426589950378,12.706864165799,11.1594034968177,11.3812627682415,11.6449727602944,12.6625518395095,13.8395000696354,14.0596736250278,14.255223970593
4.30207380813271,3.71568723837721,10.1002971222958,8.47320607529786,8.63593520463169,8.9490534667541,10.244043026021,10.9974614184135,11.1928025152865,11.3914697135138
7.81349476718277,8.91287737886542,12.7197610601481,11.0937879009785,11.4084456731929,11.6681268320562,12.7816287638597,13.6699762810174,13.8879564353594,14.0298677283865
8.22300983997207,9.88921872087241,14.8689052544304,13.5623277098525,13.6808866480423,13.9074581810005,14.974852326995,15.6383230872903,15.7298430117556,15.8573163416412
6.64373771519881,8.01318156242116,14.6036024159502,13.6908948942497,13.8217826370255,14.0045088494775,14.5995661402207,15.2325712027519,15.4154145621088,15.5355361846497
8.5328189047073,11.2375287156402,17.6233260206032,15.8626858462496,16.0686328187919,16.3127829362792,17.7136424790609,18.8223128859165,19.0734372697333,19.2020494209301
2.71824663999841,2.43966323188909,8.30824165830593,7.29479026599332,7.40325934203111,7.53504411912227,8.27621640888012,9.11565594894463,9.30797147472564,9.61080344562333
6.45198874635671,7.84823559782279,8.62689275816042,7.82538661369406,7.91463948624557,8.05248548103784,8.59050758120043,9.22182636773612,9.37939561397899,9.57651451746626
8.39165586576073,10.1595937816499,11.4085553490212,10.1042953641954,10.3316376887731,10.5550720845803,11.4192272527974,12.3019948121003,12.4965703554333,12.746438386724
5.87802575541015,5.32804117717796,11.2029350891338,9.87305341115059,10.0024947799116,10.1758088305221,11.3346658758943,12.0876449155997,12.246941686178,12.3886760959985
7.83682825193082,7.22786293621842,11.7605099211534,10.8133405538865,10.9573525399171,11.1355088737799,11.7485964108438,12.3914546831162,12.5602124144038,12.7179495906255
7.50102070558844,8.57462239078672,13.8920663593133,12.136220152383,12.4072554820256,12.8946560511675,13.9895047221071,14.8058750924807,15.0201903664805,15.1810010510014
8.97346772319599,9.63337147316386,12.1759608846023,11.2172927995841,11.331559143159,11.5039833937361,12.2042532245474,12.7934329738634,12.9741623067354,13.1045289795282
4.45434721307132,5.37293756760294,7.96894078986751,6.72340322520546,6.87977199717642,7.08423243402928,7.95229625404393,8.89523612743761,9.14024819710797,9.33295661922849
7.55047863097928,8.4456974056837,18.1573373175258,16.0388362551286,16.2180910771386,16.4680443173612,18.4089951453267,19.4094380511689,19.6536915595543,19.8102598314243
7.59869308787775,7.93718403540279,14.1503882383577,12.1219372568604,12.3968773560533,12.7497474511505,14.2549234102251,15.4094040632501,15.6487026295188,15.8429803448769
5.85788175189967,5.44813216884994,10.7622160655904,9.37342654493964,9.5262337824141,9.75672801211638,10.8626935736145,11.5782000121742,11.7447607060995,11.925899021407
4.26484107535112,4.13449952123712,9.54684088954113,8.17661075498872,8.46324212705878,8.68506351138628,9.53650347458931,10.4346094443773,10.5875836233814,10.7615166872469
7.46318431808051,6.6939224664001,13.6989094742249,12.4496633960531,12.6387808314991,12.7937225360888,13.6218951097234,14.7001334688972,14.8960580066222,15.0521036612081
4.65366914512252,4.3946755809991,14.1272552360473,12.5000446132427,12.686650208067,12.924162179497,14.1826095380023,15.2579938254879,15.4970998777222,15.7675223762266
8.71913809078878,10.0805215303211,13.3374184142974,11.2348917574232,11.4437518695842,11.6891680425431,13.3743048218872,14.8778295236259,15.0759694750286,15.2501841589679
5.93658075290895,4.01053444750931,9.80814919003229,8.06920155492672,8.16749356916351,8.30249895296623,10.1104327855535,11.1191637553067,11.3363573062235,11.5012749530759
4.95555598285723,4.35704286868336,12.0006345891299,10.7592297040472,10.9168892501079,11.0785465074446,11.9968760235995,12.9021845997844,13.110191441573,13.260799681256
7.95864599687232,8.71691612626402,10.1325771969756,8.78640046168894,8.93063303020353,9.13762735732758,9.90619841812243,11.5063594584277,11.8273218365621,12.0559052781779
7.08992987802606,8.19727629512833,12.6029740586353,11.5079764776657,11.7054724195549,11.9203417224858,12.6223840516689,13.2482144190863,13.3946592396749,13.5790394020179
8.51922893301259,10.7665687009619,16.6652075954182,15.2470623495747,15.434851860756,15.6612857331792,16.7533524385635,17.5784305447899,17.7900575285251,17.9604495522572
8.6549659787351,9.03389720297522,12.3834178568858,11.2085981117795,11.3427126404519,11.5208826741581,12.2729646545281,13.4288368404957,13.690039959509,13.8826389809953
8.03406032029083,8.11000095764036,11.4653476418322,10.1283030077365,10.4114502872755,10.7459354403337,11.4366253917167,12.3335282416467,12.5839993217819,12.7527094022902
7.76965303750942,6.58036227914786,13.0738959647344,11.5265881241593,11.6588493693493,11.8097900751077,12.8987769237933,14.4698751174739,14.7538075809778,14.9631803818121
8.76359284752104,11.5540240369669,19.3407329942344,17.6339976228602,17.84153559994,18.0229255901064,19.3061776526946,20.7079654596507,21.0354160488277,21.3090986480458
4.25668762761436,6.03072883122832,10.8803834578607,9.85922164818025,10.0796873017666,10.2432275347287,10.8867375918574,11.4909972485693,11.7103451609026,11.8797794165913
5.12403092713971,4.43862500685259,9.67567970528838,6.98367056769174,7.43807962676822,8.19874391542166,9.87252889892021,10.7338979724753,10.9601078048987,11.1018390479254
8.36453898325515,9.15993023291115,14.7106587395303,12.8814805535598,13.0547234375882,13.3407636075591,14.8418503103081,15.7582814829544,15.9257850373828,16.0965684453781
7.9310631459147,8.35475664411245,9.95134153331032,8.63517657320397,8.82981577927102,9.05805454906283,10.0222317432209,10.6721109034952,10.8500607236569,10.9761330866992
8.67918686537353,10.5279153489623,18.1906667702429,15.6617885848758,16.0065657578771,16.4895219998894,18.1255271982649,19.9249674877043,20.2225351693595,20.4745518529741
4.36759882020006,3.66424551214044,8.90223278981125,7.20841328962572,7.52010381108978,7.92044629418672,8.95425237969425,9.81734899144125,10.0294711338332,10.2507109635855
5.69417559526808,5.71988766493587,12.9651124520928,11.8531610618072,12.0950770682615,12.3567947519215,12.9970012990385,13.5350020867866,13.6926464029397,13.8613018325281
7.49439279822185,8.36087386963057,15.4779027656057,13.8285693047694,13.9841469382908,14.2472833075348,15.6868578124541,16.3408940131987,16.4878393586554,16.5954351736227
6.97690459990734,8.34066598593807,14.3624875464129,12.437706164388,12.6467824934095,12.9464238015729,14.4649417252827,15.5337627188387,15.8378280136773,15.9928890501671
3.0351958492345,3.32196686747368,8.17383367681395,7.24993985614651,7.41118531333824,7.55231866877432,8.13378773463503,8.8664511520566,9.0702865163167,9.24000090379424
8.47951681932393,10.1257433924767,17.6155370448035,15.5078783170646,15.8251410960804,16.1403096700479,17.8227933041505,18.8678199085855,19.0885759956233,19.2794681822801
8.33938449518936,8.35397706755275,13.6557542569012,12.505393478991,12.7217423971681,12.9082983787434,13.6338028205891,14.4342579552935,14.6235872599154,14.7982050918846
7.74218161539924,7.29738970680281,12.5431960813592,11.115784869054,11.2204642116176,11.4631725750587,12.5789019939411,13.5096938257663,13.7183463722948,13.8974084405547
4.37819637186939,3.67356603205426,6.72509628419294,5.33027079030368,5.52786552631686,5.78692223613786,6.71560503058975,7.64103062593876,8.02079256820042,8.2093400477159
7.94619660392898,7.23933608238063,11.4199594644999,10.3842564951176,10.5396055090345,10.7053591906487,11.3815458749392,12.2005230995907,12.3785218641817,12.5635539771106
3.68690888061313,3.00422170487429,8.50024999717374,7.10477451020836,7.32372070299564,7.72032844499538,8.57019601209904,9.17345297606198,9.38427740985859,9.52757209082697
4.62155841671997,4.19473256089759,10.3380030480517,8.69496709319355,8.95738355919746,9.38938123458448,10.4669053335697,11.1195791647369,11.3188079954261,11.4783559080012
7.45832404339566,8.02067496790599,10.0920079689797,9.23852733207308,9.35351794704604,9.5304109938691,10.0795607559605,10.6724698455227,10.8555456422633,11.01847982325
4.51802280907768,4.91913295901119,8.00519274960519,7.00896360843555,7.16558971304905,7.35012668016728,8.00753679213708,8.67052063928616,8.87407852291772,9.00381655593075
8.84045568315237,11.437526660768,18.3903492612491,16.8287287634141,17.0304172682961,17.279570973755,18.3752552216655,19.5244025323887,19.7893686585847,19.9927270233126
7.60883718170714,8.8466487030411,15.9293179523133,14.67027292214,14.8755325048395,15.1140623883941,15.8777808935087,16.8917012454326,17.1255619100407,17.2569896813806
5.99103150192212,6.20650600352657,10.2197546698402,8.93625844205417,9.09040846897735,9.30956047834012,10.1557726041219,11.20413432821,11.3907370385133,11.6170700943738
6.11207216588953,4.84815948571797,8.87540665262849,7.09045631759047,7.25968754767184,7.52445683373297,9.06818597380309,10.0207159624706,10.1609493270362,10.2728000830223
7.14899555835228,9.47719772012625,13.9988851308566,12.4386731108632,12.5980249323912,12.7690388747016,14.1649816900458,14.9212565610608,15.1248699471246,15.216721621637
8.08667812746564,9.29228605732415,17.3159865001171,14.6893134348586,14.9616813841236,15.5062464113995,17.5030930273863,18.738742727238,18.9936084314108,19.1586081134466
6.76536827874219,7.45583656664596,10.6408146294049,9.42675105510205,9.5751948670827,9.79999117907287,10.6607457482813,11.4444599003996,11.6604328585046,11.8120258548623
4.26642669308658,3.58958460480077,7.68476798925358,6.55890707776088,6.72749451344462,6.86704392269933,7.66562321292072,8.50614366898918,8.73217233150925,8.85203115248743
4.18153424397263,4.03736513715041,9.19844658195059,7.64490926495399,7.87516185826718,8.12269911391779,9.28375930984107,10.1282655182569,10.369847741141,10.5550976471405
6.90205296603018,8.43882162383848,12.3121249270244,11.2160998513828,11.3306853646639,11.5467764580107,12.3326119521227,13.0626832692911,13.2059742370827,13.3891935638981
8.15823240977953,8.53455658617966,12.4269809987097,11.2615976976521,11.4303432502621,11.6366601549454,12.4067198612823,13.2685255526097,13.4546056335114,13.6193746672436
5.84898390998768,4.35749881947569,10.7770836854087,9.65794684330369,9.83240446828666,10.0385224696207,10.8124799035188,11.4752718742233,11.701309129122,11.8388689339379
7.61527728818012,6.6439416156102,8.96055427666187,7.28170331423799,7.53710788486977,7.87006387287394,9.10988157252934,9.77459397547601,9.91834479146666,10.0886201955886
7.66003075596567,8.64461861943407,14.7331380147226,12.5321307809167,12.7591525213597,13.0402079500274,14.9841434129689,16.1293856381652,16.4306084022242,16.745369014507
4.1919684527115,3.77080190878496,8.08781551184564,6.79587552061097,6.93568726297488,7.21470168527046,8.1852521681629,8.7694934584645,8.90159059082298,9.05094551387118
6.65873471988132,6.60609885416397,11.0978471913058,10.0667539743525,10.1868237437549,10.3368757211651,11.1137873289238,11.8206753629329,11.9803866913075,12.1258386472099
8.74426784636616,10.3580756441728,18.1694143276643,16.6448955887287,16.9449157415922,17.1457406614775,18.1988345344714,19.1520603636531,19.3515661724063,19.5558072544885
8.63941283527051,9.35369734951511,16.437999932812,14.1027792231749,14.5607557508039,15.1129577263995,16.3672762161213,17.9100381316235,18.1337931117316,18.3667604131499
8.06428631918994,7.3071540813892,16.8634734966525,15.752589549502,15.9662173327312,16.1717513190357,16.8834432517058,17.5315489101507,17.698706557481,17.9150692481206
7.06820342045099,8.94103209053195,14.834085819697,13.0230981641354,13.1936775328819,13.4560409789532,15.0127255011553,15.816120614384,16.0396056011274,16.1994594460242
7.48366494605696,9.40160145044668,14.6686384799756,12.8984743734193,13.1751176203153,13.4604155879316,14.7644004550217,15.6909334540485,15.9417052712469,16.1473818110045
7.50158684556405,5.974332306264,7.64651543846114,6.52098359393666,6.65767705800185,6.82124318131737,7.63082747076476,8.44438029288136,8.72299836576816,8.89920362346913
7.36948993497135,6.24654083411258,14.7982631689411,13.2223143454409,13.469705574317,13.7236053559692,14.8152776228171,15.8657358820028,16.0867548359017,16.2670391980627
8.02876698299909,8.19071220344879,12.5426176695601,11.3909116482225,11.5763747574663,11.7664947474144,12.512668234089,13.3490718412267,13.5779361537214,13.7354629413462
7.53818252390876,8.42167800391364,14.2785857076783,12.0286668978523,12.2053847730813,12.4671584554049,14.4215235614992,15.5979281799839,15.8237028948393,15.9978588172366
4.39222380956301,4.4387519469402,11.2517943995704,8.86421377483597,9.1268932652468,9.4678093477719,11.4011626260583,12.559836110167,12.7824252421666,12.980292326215
4.57578130042125,5.34937415343313,11.937894177156,10.7720268560446,10.880476492433,11.0580367370806,11.9332016111979,12.8205847278844,13.05775488429,13.2177804786914
5.25614729552356,5.00975383220426,10.9279930955891,9.36173248415546,9.53927626821918,9.77866137608638,10.9002172252625,12.0320771952315,12.2057562757483,12.3544468105179
7.41874795338545,7.88053035272654,12.935271384003,11.6355605300372,11.7677737676802,11.9320034635513,12.8569639655769,14.1012812311031,14.3330222393018,14.5171171102444
9.07591764502131,11.603741722375,20.2301287233515,18.9447385959928,19.2359870216826,19.4509361229813,20.1898677452203,21.0762853021335,21.382431046016,21.5986720171449
4.90852053308482,4.20395278744161,8.94815500850255,7.8097720610765,7.94691939977997,8.12491639625185,8.917388810784,9.82633061416052,9.9902715313312,10.1190914000015
7.69863682850013,8.27212901251673,10.9559859576586,9.91666854169605,10.1000582699183,10.3156535996321,10.9738034408641,11.5714138676091,11.7706044173037,11.9257124231573
8.07349256292417,8.6709618691479,14.4976615385164,12.4240530394605,12.6704589006076,13.1668037483132,14.6514420912557,15.4786781181077,15.7892755623019,15.9672173073469
5.36427079250725,5.10006821501731,10.461834589995,8.79132890034279,9.00911215610312,9.25031284401596,10.5269158553829,11.4249862421517,11.7066437482172,11.9334772254417
5.21087708346178,5.97979320169127,15.8315138130703,14.2974909364846,14.549717626239,14.7292296611179,15.7675416105159,16.9504957018667,17.2370798225554,17.3911654930943
5.13777227961868,3.8740099109876,7.00179214868643,5.85617326110002,6.02792830111326,6.20794039803982,7.01131475869343,7.73401894742188,7.92798494799008,8.10366035272168
5.48477402329385,5.17370606927963,13.2705187190161,11.3177199795546,11.5128257750542,11.8179851084323,13.3914499925615,14.4886603236262,14.7034863427507,14.8498547120675
8.27362139065246,10.0276113260549,14.0703505130304,13.1909542920537,13.3638181597573,13.5090543959188,14.0612730844657,14.6612774955872,14.8173465889894,14.9862088965568
8.26469256286818,9.26731377287227,16.0735245604844,13.7731568011583,14.0754674006001,14.6379257777961,16.3165436315171,17.0593805816123,17.2438717065003,17.3738297887669
4.64617455535709,4.65879227399088,9.17232479034866,7.93996942906095,8.08341668263217,8.28355862795924,9.13218769088621,10.1354942373704,10.4521013665331,10.6237865693012
8.21285120840395,8.04806633947058,12.6413300586581,11.4623568354048,11.6594872243406,11.864304766451,12.655722526766,13.3968193941961,13.5817289430653,13.7458283068902
7.46818768292218,9.75508593028193,13.4120981036672,11.8600336251443,12.0441349641463,12.2893140733387,13.4498814304553,14.5028761650112,14.6671670661579,14.8448337824331
5.84756763676557,5.4647734376372,11.6742131338965,10.2256699241536,10.3606153442905,10.5381736212272,11.6746409266909,12.8233973272271,13.090559478474,13.3226447989844
4.8653522074042,4.27644193365274,10.8681560477887,9.55253478927388,9.77496723443829,10.0300049778917,10.8917164913638,11.7034665051107,11.8958764265675,12.0858384653879
8.69722448154286,6.92103760514073,9.12708540111817,7.78192392568546,7.94157351971518,8.10371427761829,9.09546788599729,10.172688403123,10.3554113142928,10.4834291618722
8.19311697640496,8.80679334083914,15.284841889143,12.9618011554514,13.1578362765683,13.5512304615226,15.493631800164,16.4301380834875,16.5780362810553,16.7598819500307
7.39866982355191,8.64996724415521,11.3155786206013,9.87474960755212,10.0164485919434,10.2685555212241,11.2536026256482,12.4017535396493,12.6037885299153,12.795647617943
5.47563125010947,4.33049639716363,5.85926615764381,4.7134151235,4.87365921195036,5.06461299503355,5.89291627346023,6.60789851268267,6.8515283802561,7.00966808299933
5.6132329969599,5.60480960247209,12.3814943480291,10.5329796255948,10.6991941412189,10.917443374768,12.0145871018812,14.0648761825938,14.3292344465564,14.5497852345843
7.280437545255,8.99970936609787,13.6555184451125,12.2796546734821,12.4529621965153,12.6777390168123,13.6978132024446,14.5737305590718,14.8198289983727,14.9424945140843
3.96994252770966,3.88454991748536,8.42509494074004,7.31261702794587,7.44885041400344,7.65434516860675,8.47861167023355,9.08830971025565,9.23395510621002,9.43066812319488
4.04845888088908,4.46397150444305,7.32110575657983,6.34587876176475,6.48291532507054,6.64791566873762,7.3302221784732,8.01673600270616,8.18180048565943,8.33980794460564
6.02357621676368,6.2490349420228,14.8854376756536,13.6463319224893,13.9364894535718,14.225215243082,14.9099863730298,15.5323278413331,15.7249798134961,15.8538389725945
6.82686300320132,8.09569754425472,11.4394604728926,10.0620769877093,10.2333819465227,10.476497189853,11.4777519644333,12.3108240072694,12.5574250048604,12.6955562136099
6.16352646982689,6.18980736397628,14.3473217024283,12.6799933190857,12.952564501457,13.2599685596632,14.3697953927191,15.382748887347,15.6526309719355,15.877247051167
2.70855754492611,1.82888889861921,5.28074628807396,4.1682602990572,4.28875749593501,4.44634076073161,5.28136514692591,6.16433647458015,6.3246333009682,6.4601336596668
7.84151822889639,8.64213885627828,10.3193593697747,8.73787334952208,8.87856214962972,9.16464085177187,10.3620048339289,11.3512325867722,11.526266555434,11.7046738507423
5.06066701032191,4.79014026968519,11.5544418697635,9.95780562141305,10.1455067977475,10.3411612908177,11.6502950359873,12.6227939149413,12.9309480545529,13.1381616944046
6.93992265452208,7.72557025669288,12.3229983872277,11.0605535461195,11.2315953094057,11.4181716804385,12.2549819006317,13.3637236465989,13.635940929296,13.8199914364421
8.10201058850113,10.123841403222,12.963582829566,11.4081588858285,11.6432344114805,11.8532956943865,12.9551333604607,14.0477707803881,14.2270832194852,14.3959367462574
6.45586167888525,6.47087442575037,13.0662822382835,11.3462216975948,11.536832080846,11.7820782026431,12.9363293501425,14.5126038521962,14.746754156412,14.9234697923075
7.1872081922094,6.68802121150452,10.6945797322714,9.00915642871069,9.22497507294017,9.56202153185592,10.8188030876272,11.5525551174242,11.7559458439296,11.879188572326
8.24423830889213,8.42641054177244,12.0365119375417,10.9438503793149,11.0814418313319,11.2475344899524,11.9988261119353,12.8703528165617,13.2072523522659,13.4743358425071
8.09342346025197,8.9660527343168,14.6423083308868,12.57933411459,13.0483575319777,13.8169774445694,14.7280137638377,15.482629813316,15.6464134880863,15.8028547895767
6.45403791872011,9.45470240687567,14.9148369432962,13.5999398048421,13.7812296659665,13.9776556015625,14.7325658557625,16.1976977910287,16.4617846147872,16.7810188431665
8.77722859278486,11.6940090372473,18.8235664772956,17.5924520113715,17.7085957764949,17.9252746307915,18.7573319150967,19.7843800564924,20.0072635865319,20.1813184348642
6.17907655303063,6.38714090563096,8.9130538550888,7.92987539654774,8.06370392647392,8.21737878385627,8.87160347378579,9.6741232136442,9.9167873564334,10.0400161993317
6.382323061308,5.90740519968422,14.721799541702,12.9303781909563,13.135835485273,13.397311123645,14.8293941418819,15.8360590209211,16.0578856463338,16.2666467338571
8.85102404399806,8.21509125970381,13.0385704384017,10.7369742503301,10.9769464673036,11.4527265611509,13.1398732510483,14.4887621777472,14.7104695752475,14.9126846884206
7.37601433474341,9.03254861375622,16.045050680036,13.6975477843656,13.9703824925207,14.5478195499192,16.2143553233122,17.3057308493901,17.6488906800451,17.8953361876612
7.8943756881863,9.56120071129744,15.1654822579654,13.8580719216477,14.0030234694271,14.1794757559151,15.1328870552301,16.1977772554287,16.4179148744838,16.5995255358863
8.64694849981618,10.9217593934603,16.5232448915965,14.3427212760231,14.6182831185793,15.0636560764611,16.7032713789,17.6550860571295,17.8789603576879,18.0125730501333
8.94849236558601,8.35910278975475,13.4270718951908,11.1507736692482,11.3388294430871,11.6418329509192,13.7259866696799,14.5771363113756,14.7432908813544,15.0007608791587
8.1338947592787,9.72198072433072,12.8672393927251,11.9196451721936,12.0755305775859,12.2572553808068,12.8650537876762,13.4668037263474,13.63199796164,13.7940231473638
8.58398669998331,9.5103027349396,11.8684502240648,10.9044026886125,11.0394221482191,11.1970435819109,11.8771379736551,12.4782298346583,12.6960140001905,12.846530311846
8.61906516182994,10.2426668487195,13.7179152586054,12.5346094351082,12.7277463846205,12.9139178256974,13.70836157791,14.5428109143665,14.7523350092113,14.8975963922362
8.86866257182721,11.0761810759594,17.8584715451675,16.7983128107952,16.9144125823922,17.1391629735006,17.839934164828,18.6292099729023,18.9148986508658,19.1142629887878
5.15036010199322,4.41411641374129,11.3649006377744,10.3867190360691,10.5530034721046,10.7160453580074,11.3815706453972,12.0016923171882,12.1731777349095,12.3279570390113
5.89030562788298,7.13354778622353,8.87879597993162,7.896665358359,8.05059882500569,8.23696302464672,8.86884476916402,9.5383975890596,9.69216787137167,9.84919343641954
7.74972579118342,9.00662454815869,12.6435575278838,11.3796664351676,11.52090303016,11.7682384751013,12.7239975885192,13.4018850663035,13.5542957283907,13.7332036483661
7.83218155119449,8.78619228592917,14.6348991746388,13.1049138442026,13.365696212165,13.6166280186132,14.5874556920136,15.6562190357002,15.901617440932,16.1644683899386
8.38904270530996,8.79524227762908,13.1693163048453,12.1291595183124,12.2513116951072,12.4686589414397,13.1790285020934,13.8798144500055,14.0656332637268,14.1928607309176
7.18935294118434,8.54810445542866,13.6571486210146,12.1930953603371,12.4951574015515,12.7157333361864,13.6917676069046,14.5648356494562,14.8566234986683,15.025726530922
6.33568974129532,5.54019026975052,10.5618835100505,9.6511086579106,9.77845068754248,9.9316307489364,10.5466760324404,11.1964589200412,11.3669766298478,11.4876319522482
8.65597072821036,9.25029632922691,10.0149744974326,8.93141792697333,9.04135287989573,9.29607819293543,9.99600875078717,10.8041543615312,11.0013766155063,11.1710182138245
7.32532208329757,8.26079365997458,12.1756958163967,11.1395865570166,11.3286075201607,11.542493295492,12.196549887974,12.7959684454104,12.9388217719393,13.0681807538299
8.65955335512409,8.65998015669838,14.163740400356,13.0392938447477,13.2007566254689,13.4270720592241,14.1840141298291,14.8767396314863,15.0366056460424,15.1758835305733
7.86211356424635,10.0037651663895,15.2950358548637,13.7983190867746,13.9665186798095,14.1969197106992,15.3945199655744,16.2131787959235,16.4030624447317,16.5248591460439
4.97644054245819,4.66367969150256,11.6215750192829,9.77019155780558,9.91034437203094,10.1656894711887,11.4755389486178,13.2982397651734,13.5932632249695,13.7887271897028
4.64674661463754,3.59299159688827,7.8129009374921,6.80269952333806,6.95357133884998,7.13916238694957,7.81787076016273,8.48848132459632,8.67415409768451,8.86632937162842
4.62952221935996,3.64536694743958,7.10790768318529,5.93964615918499,6.06135721506455,6.24918421157498,7.10742090629705,7.97825999926212,8.18486871666143,8.37055212107624
8.20446144194037,9.93484142434753,16.1355123352956,14.9286094449487,15.1092707767456,15.3559082960642,16.157991932627,16.8909900720906,17.0643167716803,17.2021068896494
7.14967593026628,6.17018862892668,8.47698148700792,7.31146187407035,7.48008155719801,7.64655762495154,8.5115914003568,9.20891638970926,9.35680413261429,9.48849655987771
5.81863886949172,8.13215124326865,12.1202384656915,10.8881910130915,11.0628912581873,11.2469059916591,12.1442544836403,13.0381340613426,13.2318420030657,13.3812979296901
8.07692230588096,9.92408597971042,16.2236903790944,15.4090550369448,15.5263903759273,15.6830231536737,16.2025426658099,16.8023211860636,16.9443520908564,17.1633335968848
7.20117422883814,7.39511800075761,13.2782815970676,12.026586420868,12.1668903981761,12.3709617764591,13.2629896585478,14.2294690935403,14.3948782806212,14.5570492967582
8.64270043520968,8.89973467770479,13.3206905494262,11.3243696750695,11.7916046335464,12.374973456354,13.3304436211582,14.3559549269397,14.5857981328441,14.8418075151347
7.14607096962896,10.0884188274271,15.0922472995541,13.9016783377941,14.1329644190416,14.3225715068601,15.1029811826518,15.8352620148138,16.0143656267329,16.1786851297187
8.14281634734054,9.64669592155676,16.428609470903,15.2877824234543,15.4237763307261,15.5803766929165,16.2847103032391,17.500974254044,17.7401283941311,17.9633107031262
8.80600729352702,9.97471844185423,16.1484029798196,15.0832003507671,15.1967775683091,15.3895556138775,16.1467721598503,16.8810432043441,17.1270347624802,17.290001355143
6.43307443891012,7.39194366746159,8.77201574488722,7.32995963582007,7.49285587396493,7.76772811467213,8.7074108199823,9.81138918470059,10.0718135082171,10.275286258468
8.41573566386216,10.3329411892849,16.854090331523,15.9590538015222,16.1675540658173,16.2986305141237,16.8567409330355,17.4191250151773,17.5570245012285,17.666318997402
5.8743045715915,5.60882525676879,11.7063602343088,10.7372054517797,10.8977747073193,11.0584309587722,11.6914030487681,12.377813882968,12.5778234685687,12.7602035161186
8.94849236558601,8.11574854896546,13.8911750291233,11.6652577931685,11.868767565979,12.2735054980642,14.0611937796865,15.0084228057031,15.2546623346206,15.4821056775643
7.66486289823583,6.83111630141293,13.1808813787025,12.1003927428408,12.2335148543499,12.4202896336396,13.1582677573035,13.9804991830015,14.2144453829019,14.4206962459427
5.60593881469302,5.00349597386747,9.74290524276123,8.60685513593431,8.70081147856564,8.8944455967955,9.78234542898522,10.465066839877,10.61514274808,10.7109801516654
5.84079960487468,5.7909055647801,10.2183849850687,8.40102092954725,8.57135883339297,8.85984106171992,10.2857805128763,11.2997221297252,11.5522764111451,11.7445132034524
3.81793314532046,3.3186417066296,7.4199625700736,6.0710085258707,6.24364829480278,6.44946782905223,7.40029640975064,8.43655000099566,8.69282802659035,8.8355916346193
8.26796103692039,9.99146009049973,14.4654657231883,13.2248229521631,13.4213003223911,13.7194065051246,14.4805623047591,15.2412909345936,15.428621338723,15.5781323010057
3.24461749877868,3.47016557174799,8.69428038329255,7.70020039944348,7.81202843408683,7.97504850522213,8.65517736392593,9.43980524840116,9.72138393366541,9.96019945091105
4.43055616339728,4.21529148919004,8.28116280830388,6.67504114515836,6.83297602131084,7.13276001880901,8.35114803409465,9.19561506451168,9.37046729808855,9.47659440287439
4.1622741587731,3.81626396242666,7.98295549303125,6.19653380254557,6.39792107961526,6.69164483835197,8.08611928011548,9.131618890181,9.35669008990562,9.53565747432507
6.01231200029506,5.48371153891922,12.9109909998885,12.2104731010945,12.3041422580794,12.4271942477517,12.8982631145397,13.4257656746638,13.540235694571,13.6815863287877
7.96287704994426,8.21969584697678,13.8541727132214,12.8342651642365,12.9856707564235,13.2066355083593,13.8432546967213,14.5469177185684,14.7307416830057,14.8816919198208
5.00422321194669,7.48231062041757,9.64632966073316,8.52072167231022,8.68470636423549,8.90132792074145,9.66652888248293,10.3236344086927,10.5141132436955,10.7377898908408
4.66005094215903,3.93068624076305,9.71761227691477,7.83472793671211,8.08102246056855,8.43897086369115,9.68541438426079,10.8883191109928,11.1186216585046,11.2696315048854
4.73047655295589,4.49565834925375,12.6720374050196,11.5138078602445,11.6487293448266,11.90108347719,12.6620948089649,13.5405877219058,13.803759311152,13.9205663957418
8.42826861267272,8.30493832812849,14.777614570803,13.4867407586564,13.7062277454458,13.9647563939211,14.8142359426657,15.5410497503351,15.758342227777,15.9237474256911
9.00145873675545,10.3356460111209,17.5161053204103,15.3363241112576,15.6429980781861,16.0751225728237,17.4285354093303,18.9126584293102,19.1088771495055,19.2933479229167
7.01493515545174,8.67759287385148,14.5809608112894,12.7505427616604,12.9133475900495,13.2312465667235,14.6403327853749,15.7472935860692,16.0307475829465,16.1903333593484
7.07060588536098,7.92100700590244,9.49292467672628,8.21642309377739,8.40470821398187,8.64867425050864,9.4831022186788,10.3041431156829,10.5092047311364,10.6892028248795
7.23231113565229,7.48645786375137,13.4926596533781,11.8173234106166,12.005806760667,12.2034953391943,13.3013274624521,15.1912818003053,15.5255710702633,15.7911793670308
5.57547777050426,5.78999459515706,8.72857991653048,7.63037900552834,7.81941736172594,8.05628254502384,8.76158046049583,9.35271402795207,9.55216734094759,9.71314344142028
7.71389006420205,9.06607882781138,14.5761223441256,13.3981420739995,13.5330924425206,13.6935409309544,14.5420763507148,15.4765921568337,15.708233634321,15.9300729425452
7.99151184067811,8.58462731376129,13.8017103150899,12.299371934566,12.529979405474,12.7502305284628,13.8960379331913,14.6935858537594,14.893983809796,15.0748403147115
6.67293794764447,7.15761944367161,8.22910095279798,6.75832002868405,6.96492745477536,7.32641482663706,8.24189335892492,9.10580303788768,9.3214138512432,9.49910567199715
5.74407105594306,5.44549110541795,11.2912188634739,9.82992531405774,9.99843473398535,10.2533212200806,11.3748565249516,12.1720215276851,12.3604434692599,12.4878138182168
6.58216221273726,5.69716976219202,13.3986022198626,12.3213903833384,12.4741828233489,12.6464625063191,13.3128323813355,14.3344390525134,14.5496359415884,14.6556069012816
8.38217709934513,9.21923174689154,13.8855880554456,12.9702138531872,13.0836537924592,13.2279956681392,13.8647925683778,14.5317814948933,14.7273200739972,14.881146377932
6.51595356278246,7.14377282015094,13.8800416046342,12.077082279546,12.2568558875803,12.6391183013211,13.7889548700554,15.1768281992232,15.4376710640297,15.5934174860696
9.11527082377851,11.603741722375,19.1552743404056,17.253183683144,17.784410108178,18.3377950145417,19.1972053415527,20.0165111126703,20.2395846135553,20.436822390447
5.86300014957485,4.56538253970402,9.03837354510756,7.86757201429194,8.01610820584771,8.22812544180317,9.07943995538388,9.81164550695096,9.96749279571004,10.0890631042671
5.40186938846917,5.80818933993541,9.03315873973568,7.93319697354455,8.05478751586265,8.29835215078947,9.07410730947333,9.72269076886506,9.89186212707683,9.99720024397108
7.34133174276598,7.93512227630984,14.356943254369,12.9881115946367,13.1405117733546,13.3994711380451,14.3426664434128,15.3120746525264,15.5205916186631,15.616992887547
5.17074403292062,5.1247314116384,10.2840740381277,8.95709156553463,9.09732438981878,9.29332345518201,10.2054688738171,11.3688627499779,11.5795127598717,11.7874946913036
5.92487057460771,4.25707427568286,10.6483248137648,9.47186369631443,9.6167981653848,9.82037788199047,10.6788870034866,11.3951249232043,11.6193164283122,11.8323933749808
7.85897652828216,7.755998689815,11.7337596441655,10.2551897957566,10.5725684173756,10.9107163839298,11.7949371041552,12.4903537634653,12.6473424076062,12.7225471042153
8.39364584121526,8.53125393462697,15.2983902438515,13.6861046793818,13.9383020912259,14.2640583627196,15.2729384536872,16.42858731449,16.6645846092299,16.8730391030593
7.63588105099271,9.85003267241362,14.9663182524345,13.6661111346071,13.8113984819797,14.064586550542,14.9586004896907,15.874847669355,16.0831107819389,16.232894260544
8.23708937984684,7.55153805539368,17.9515806825684,16.1250444234292,16.5071003748193,16.8218462041289,18.0568750727893,18.9311358796838,19.0992540981778,19.2584219147928
3.2448804021859,3.37491941917253,5.7854580969566,4.9967971655036,5.14137358876939,5.29585592260898,5.77317079873257,6.33305419458714,6.47841922376479,6.54592018078828
5.4246172229454,5.08516206879317,12.6313250148486,11.3863185513761,11.5692540772433,11.7913793229822,12.6853160678222,13.3244121913989,13.4811079933788,13.6012426166097
8.35363265142946,11.2087313290769,16.5979526257478,15.1636399163801,15.4989231373099,15.7939403994996,16.6335656090326,17.424385520133,17.6881395588311,17.8638055507157
7.59030694998227,8.56568169659106,15.6961320832093,14.3249135613713,14.5378947926027,14.7483214787692,15.7108106325344,16.5706003037712,16.7371710355385,16.9778543870434
8.79867066202201,11.5584616365528,17.3425666894037,16.0873004970425,16.3538301963533,16.614712694705,17.2720757696213,18.2695839146359,18.518979075698,18.7421228166946
4.99296230966333,4.90012248247854,12.2846009858314,11.307830794795,11.4349558532763,11.6133565302092,12.2658519787015,12.9952501508572,13.1893976538491,13.3305268505857
8.68258884293184,10.0834679704014,14.5091188460091,12.6901294435396,13.1849176334464,13.4725574843185,14.5568478088379,15.4857571436213,15.6893931478424,15.8744039088672
3.78363894030514,3.89673848989512,8.98953383249089,7.94101055404958,8.14971209159912,8.3290771116143,9.00542768462669,9.62314183382074,9.77726698159782,9.91523296403591
8.79903751360895,9.94634958085145,12.0358745928303,11.1754095136767,11.2880760352572,11.4429873271446,12.0167810206694,12.6697041815469,12.836702175135,12.9676214667988
6.57217855408595,5.89601288962539,7.78699046667835,6.4034434188706,6.58114049711903,6.72875289021627,7.58509285143903,9.09633307007853,9.31865119210928,9.52677882106876
6.50904467333113,6.06232949980141,11.2026111733413,9.982070199202,10.1819055659794,10.4233531956677,11.1979596058714,12.0091588964047,12.2453010265404,12.4992944336207
8.07714318154767,10.6946763217525,14.9037899413737,13.4553250195335,13.622001273272,13.8471980774182,14.7380867026249,16.0924738589192,16.3136622863629,16.5761651584554
8.03696706166808,7.74455672354606,14.4014067890118,12.589618982098,12.9071949191816,13.2262354667739,14.4738127234803,15.4738561807473,15.706262524151,15.9092266778975
3.03524232849379,3.39917451331733,5.1721277366506,4.01299099446949,4.18190666652369,4.3675755096525,5.17788405729315,5.98886409850098,6.18027062883504,6.39529833367738
8.04052964923858,8.84132031960638,13.5035122323521,12.3377907127478,12.4825048368794,12.7166556098347,13.5156465590576,14.2408049897141,14.549548722194,14.7909123881036
6.71979320825428,6.08427290027222,14.3457025771947,13.3179392971536,13.4733985111066,13.6366001663009,14.3414379109868,15.051306060163,15.21074209847,15.3486826532181
6.61004039981331,8.94602443954083,15.9773068798767,13.9338059020899,14.2478384403388,14.6120887951407,15.9565862400925,17.3348983234642,17.5710155022254,17.7399583251048
6.21102249234784,5.4877710026784,13.5657634470367,11.9607034645621,12.0820910709331,12.2222695789714,13.7257228078483,14.765330973608,14.9265174822733,15.0696722420679
7.61960437220922,8.74418903520015,15.25290582925,13.6995177042695,13.8960991874934,14.1520129776949,15.2975262766279,16.2661527598698,16.4717897730484,16.6371127648152
5.55567640123883,5.53087206256172,9.14343735524128,7.86430834889484,7.98694564543221,8.2152617235786,9.09658854547364,10.1430334403284,10.3903253772652,10.5602482338806
5.28032425031074,4.48693554569438,12.6595913576798,11.4865851548398,11.6791702645305,11.8789765850603,12.632728954611,13.5137870142819,13.6748726734154,13.8334714118666
7.98712249861392,8.08348464735821,10.5611370659781,9.34585117846269,9.48849263311824,9.73262027940346,10.559715206269,11.4183627473473,11.6238946926572,11.7939772597076
8.31624869155232,9.32864399368109,13.0964740122316,11.4704009100008,11.5980258825173,11.8479137482582,13.2228232829203,14.0317872897369,14.1931029025935,14.3495288253362
6.78048328335086,7.42887334639905,11.115347933329,10.1058847436232,10.2670247042463,10.465605127589,11.0753562856356,11.7949141181607,12.0066795657223,12.1915228673558
4.47536035340868,3.29892527395281,7.89998790425222,6.56640600642832,6.7501054734223,6.92243767405895,7.89347843413324,8.90219184781632,9.12272992184904,9.25768253775673
3.67056293206858,3.8348458969115,7.31440855116167,6.39428662636862,6.53478110828208,6.64554251262014,7.28061286034631,8.04024131201576,8.28910217736406,8.42003344218928
8.25002833763082,9.02697273593483,12.063352382271,10.5341847357538,10.7007874087303,10.9494511063663,12.0312602800081,13.2550846073577,13.5246301738258,13.7617278198255
6.21271393033705,6.38714090563096,10.6387633282975,9.513889462209,9.66186843053505,9.83280756749194,10.5934896910036,11.4919554716234,11.7152861178376,11.931009146231
8.39394968837292,11.2227665063115,18.1485501559422,17.0757178015299,17.1952180029406,17.4044461472561,18.1256290145146,18.9438069712239,19.1448734789813,19.3040108215531
7.36816523364467,7.85295042107263,15.6285777480917,14.2077882903789,14.3808370650414,14.6833000511722,15.5991979964388,16.7453521890703,16.9708930897479,17.1340255167542
6.89022770877047,7.01990199760942,14.2367826572381,12.9960280491578,13.1394378088494,13.3884302552438,14.1520485152618,15.1952225085422,15.384573937205,15.5652874522462
4.72269199960836,5.85861572474379,7.84619439273929,6.88140949816885,7.08387832234113,7.20516456477076,7.83646071895758,8.50588177832239,8.67470152807478,8.79600418793701
6.7560288310667,7.43323134180417,9.75661379471067,8.64085048066238,8.77014916070809,8.92481029555537,9.77050514226269,10.5577345525712,10.7216118516558,10.8780187323256
5.34914766335584,4.31599179481773,12.6599502299997,11.4447352800061,11.5573958956286,11.7538716388818,12.6809467278974,13.5419842049654,13.7165787148288,13.9076533774624
3.70551747416887,3.2048677400465,7.45900919068673,6.65074702023818,6.79797331581805,6.90748662779206,7.42075824512017,8.07101574330055,8.2711160322041,8.47762903725193
5.77406474201344,5.24145712007214,10.1557151730319,9.14111076054729,9.26330067170976,9.47932700105145,10.1424934489649,10.8218470456558,11.0127932871973,11.1384092400532
4.88690501087333,4.73459607287747,11.1345578536017,9.79449753646056,9.92452997320723,10.0975532996644,11.2310612696122,11.9939643194388,12.1965205671076,12.3377037242968
8.87683766143187,10.4506019432633,18.192732402467,15.7650219070351,16.0100388213424,16.5274185097135,18.1964498630292,19.6640090755906,19.9345333343045,20.0988664535135
6.17987797013948,7.13090460130439,10.8078810364413,9.85197612351393,10.0002802946427,10.1523407584076,10.8010162317069,11.5153011601749,11.6700505749239,11.8505846824023
7.42777238373614,5.97887725107324,15.7671264531147,14.5914655036858,14.7390762104724,14.8857571328499,15.6251273452885,16.8093224517489,17.0437218606877,17.215790697749
9.04706999602539,9.51755039443373,20.4807613405384,18.4483674516182,18.7339907628432,19.2878119216093,20.5639386626753,21.5528928412459,21.8349045381711,22.0178043993574
5.06351060585179,4.73459607287747,12.4491175970739,10.9059197922202,11.1441079498238,11.3278481477871,12.592956082892,13.4383312495425,13.5883929538669,13.7386281049779
8.76300349410751,11.5950362822696,16.3143809085188,15.1284902319157,15.2700614705528,15.4396999399932,16.2945330841932,17.2065926438319,17.4111277091377,17.648638788076
8.16713417617274,9.63485805981592,13.7062084998304,12.4233659648756,12.5840816911915,12.8331157266388,13.7480503939537,14.4719823173193,14.655351559403,14.79790690202
8.42387493077824,9.12445847023512,9.82097200058629,8.76908033829263,8.87443026133638,9.11102432464474,9.79360408153071,10.5843148279083,10.7733671312761,10.9958015613887
6.58388849280707,8.061325817947,14.5472016310074,13.0999751599888,13.3300926082385,13.6389383716336,14.6210174525033,15.2784592951307,15.4458087922954,15.6106735944144
4.12874028542766,2.99366560291388,7.0999195341581,6.08412640741249,6.23638900115392,6.38864521181507,7.06868122570726,7.85014936306371,8.02910327483879,8.20466106617228
4.69145562228681,4.21379331679559,10.1274657189789,8.13997580789981,8.38573213038904,8.62571447129878,10.1326506558377,11.6710183703709,11.9851039056836,12.2138706504169
7.51185145217135,8.64499472977503,13.5462141143082,12.6214046005786,12.7437838551099,12.9207454341161,13.5372038671107,14.1591309225685,14.3142133221227,14.509777915357
8.00284931814222,7.81565368827558,15.1876056227124,12.9794794288377,13.1878248193972,13.4784390103763,15.3408048553535,16.5142573160434,16.8140119580363,17.1273655362785
6.23984832039271,7.81433140957525,9.51033492296139,8.43291884833351,8.54271726374192,8.70519830246931,9.51186371908765,10.348608085461,10.5424179226032,10.7074613756073
5.26035268045845,4.5282071390795,15.199740380309,13.1569248752247,13.3786105409045,13.6522271014307,15.3231392600335,16.3896558192865,16.6108319441385,16.7055530164564
7.64825474414008,9.12848026596417,16.3613556284507,14.8768758853566,15.0928274650084,15.2944442879853,16.3508904505515,17.4127132465033,17.7352592004554,18.0085220871634
7.97774113751658,7.08446913511533,13.7903833319293,11.778374755912,11.968671459006,12.3722036315977,14.0229355283928,14.7352950896242,14.9440871993862,15.1348034145587
6.32294787626515,7.57816494147293,12.7237813163837,11.419494923101,11.5806672528533,11.802437229127,12.696514002661,13.6817919604954,13.90839528114,14.1614090910519
7.78084050382733,8.245789608903,9.99888636857883,8.99112343123748,9.17241759660114,9.36499130330374,9.98223882197145,10.6538834926513,10.8914598666289,11.039708090905
5.50755508321444,4.73828876805572,9.14014579999792,7.89869377502481,8.15632637135608,8.37526232708132,9.07345601010118,10.037701836584,10.2633169324356,10.4190892711734
5.68490610797086,5.91450575896751,9.97922217996822,8.7216513964285,8.84131989153023,9.01129649893669,9.87665172066998,11.0761811283199,11.3491548636682,11.5010831424711
6.8251397676201,7.45583656664596,10.9903330424429,9.69539575349788,9.87774984549909,10.1096867075701,11.0190142304104,11.8370761399699,11.9925522141802,12.230086069744
4.31499617813571,2.85697754443203,6.93050634739172,5.45690243171833,5.67002534603756,5.97383689823129,6.9555553684622,7.84855753140605,8.06923207311951,8.20478325723501
6.68062304275379,8.33291811881596,9.53606328815285,8.66263877421805,8.7832353442272,8.95710005031942,9.52028101838206,10.1397224407053,10.3082779909203,10.4798593630166
6.60715946196058,7.8505091625666,8.31727834735726,7.140091655826,7.34450401121627,7.54377138870228,8.32627186908823,9.09614498548658,9.34105040766909,9.55946227251397
4.7396640433213,3.31337123618384,6.60140644733563,5.3817798156685,5.53568307891808,5.69726234341431,6.52020402836104,7.58483085375679,7.80991293597427,7.94711570946495
8.26844065738399,9.55472286140311,14.4129720099656,12.6837003030465,12.9324833309561,13.3190684929042,14.4450689051708,15.4379853928372,15.6538193038102,15.8514490194306
5.34381026213406,4.91648589875558,11.5918905072894,9.93852015082197,10.1549128485934,10.4318271041096,11.6039567005941,12.8085019680367,12.9871987539076,13.157484197015
5.05031336208325,4.93831705977628,10.3253535606594,9.3695042463059,9.48367306973526,9.66887431798062,10.311506525379,11.0119904669678,11.1938600505078,11.3803487964326
8.50273381485397,7.97729744092029,16.2835223592613,15.1329940363114,15.3048099866863,15.5417605707743,16.2690718817314,17.0485229189646,17.2596535746494,17.4365000113556
7.96753358415124,7.35212431625672,10.1200801173309,8.9069053333733,9.01575170482046,9.23427392696811,10.0621238072096,11.0824160482259,11.3080324599943,11.5134078883541
6.22961746210527,7.51756619068725,13.0406813857202,11.9566228976125,12.10677873143,12.2996665534231,13.0059687674114,13.8567343391082,14.0643334324959,14.2215566105913
6.56031077881496,6.70316452557496,12.3530718624901,10.8375272317979,11.1390953667302,11.4461530659249,12.3609823700567,13.2100669163386,13.4243918241901,13.5899978322664
8.02982056314509,7.82874806993665,13.1109517683277,11.1258664880714,11.3712795350063,11.6812485769462,12.9322794309953,14.7472787307014,15.0591179985604,15.4384363910405
8.1371729084172,7.62597772149953,9.75174091784222,8.60208648960015,8.77673692085498,9.06119292689208,9.80416705017068,10.3450764565678,10.4682795021666,10.5851330937831
4.98828326294589,4.24511708308012,7.43323076603184,6.19776019378812,6.40552412337538,6.68503955576017,7.46103341049935,8.14301462632941,8.35696802260923,8.50381474327824
7.61861786603317,10.4071012079598,14.6801840122299,13.1185185707395,13.2486463847547,13.5079283541322,14.7571102263815,15.7831768417635,15.9600164178976,16.1538540648428
8.08393948537426,9.94937648915263,13.3833540982778,12.1984499741318,12.4110214506961,12.5898793522027,13.4123779182534,14.1429443453908,14.3053946730729,14.4757563508889
4.3022680556817,4.3450574709956,11.524451179257,10.1868707957392,10.3341452209894,10.5150813313964,11.4462505378923,12.6671214332742,12.9336438367581,13.0510633176101
6.16276072025122,6.38714090563096,11.1765578766731,10.2855595782677,10.4031668761417,10.5673009586278,11.1699245092815,11.7832004444854,11.9969616323486,12.1414138218389
6.59589830289018,9.8804548925181,13.2913708026599,11.6555509402002,11.8350309177791,12.0666222955861,13.39648765262,14.2950824820489,14.5420022161005,14.7485645399742
8.06447799130016,8.8112603252748,14.8248158977627,12.7147379806748,12.9166671777979,13.1626921255529,14.6689957718055,16.4905681032647,16.7061490567021,16.898051342554
7.40105964493048,9.28588176662732,14.190203841929,12.9029229294958,13.0658876237411,13.235065453543,14.2084294529228,15.0822426440603,15.3369919568092,15.5110591840427
7.37654821741326,8.63035366863863,13.609259064482,12.2479378646774,12.471664295871,12.6672158772667,13.584605469371,14.6136541449738,14.8322490480949,15.0514765341379
8.0254692967367,9.52994294038253,14.8607353172013,13.2704719609859,13.468567661099,13.7055838904599,14.9523617915799,15.757042296204,16.0206921921383,16.2336088367046
5.06514135362816,4.93831705977628,9.97579773370284,9.05095985846658,9.17208130168139,9.31708695122081,9.96859096525239,10.6068678070517,10.783489562799,10.9411855720299
7.03358037290727,7.37965175971242,14.2975394103279,12.2994603033815,12.5398684611954,12.9186396735917,14.3380821342981,15.5439738723426,15.718316376167,15.8962231911079
2.8582792986332,3.32915710798887,7.17717667337056,6.27534127916286,6.38810407943959,6.51456855743842,7.23441298125274,7.72350374625282,7.87599132536073,7.96435304112413
8.11072849824378,8.93873778989508,14.3705623777883,12.9257212516761,13.2242216057609,13.5399075505354,14.4441304924071,15.0789669231154,15.2419749391403,15.3539572305168
7.27302613430013,5.44869570194632,9.97293019575282,8.64492343116038,8.811127926789,8.98953954790811,9.72374697304839,11.2647977165013,11.5101183916296,11.6729682296776
7.22644859658782,8.35300955884518,12.3545338867577,11.5814697167278,11.7460152018783,11.8710624606057,12.3461771042923,12.8490179156138,12.9900212162517,13.1406822657126
8.84414070109617,9.80950884730245,15.666827583985,14.7319886087134,14.8587752689672,15.0397398911542,15.6489755590135,16.3169365061183,16.4979742448644,16.6269685365085
8.32239275636853,9.81045652260324,11.4257321895655,10.3506202897999,10.4797914720097,10.6323208935256,11.4160025192403,12.2663142270523,12.4257197346454,12.6016139894462
3.99489091863518,4.73694965673,12.141384844228,11.0564446175103,11.1853873721092,11.3918249485432,12.1156694212512,12.8939179649829,13.0910360075014,13.2218029613006
8.63878853366638,8.39281761092976,16.2067656168799,14.9017871270813,15.1571772652218,15.4308729609473,16.262117967513,16.90151778373,17.0801035078994,17.2548759505164
7.16401107213262,8.69345070111073,13.3598954139738,12.1099420760054,12.3251692006148,12.6154176283325,13.3805085446309,14.1087562114825,14.3270642515449,14.5095556036467
5.08642026690133,6.07104785227123,6.39642045840707,4.69104572746983,4.95074691957364,5.22090126599086,6.48258058469115,7.44053198096524,7.65780349194801,7.78960404032222
8.29849655589138,10.1240758320137,17.4563082698197,16.1584509135082,16.3234351333465,16.5116448308416,17.4037303261559,18.492520122831,18.7848201952853,18.9724856192124
8.63784702641058,10.9473772614933,16.7003396485373,15.1802020743282,15.3407933148048,15.5725866721896,16.6608871546267,17.8924474128529,18.2131751758242,18.440368956675
3.59516385542955,3.1756028360099,6.56098867101982,5.8015732732946,5.91356304906891,6.05468672639525,6.51219433023757,7.14946683227217,7.39289407077064,7.57174810015538
8.51604361382079,9.33627162341031,12.9553488255937,11.0530201891719,11.4311808481289,11.833397762875,12.9973055985436,14.0620230917019,14.2853376184773,14.4497434948135
7.02920516439683,7.536985465521,10.1713027412466,9.27760427823919,9.43584283307734,9.57728676438715,10.1620419890089,10.7825383599652,10.94137578445,11.0296810560039
8.48707614004785,7.66296311331865,13.5829849548414,11.7479509622614,11.9578285132381,12.250740606622,13.3948771139483,15.0941384306627,15.3955688570442,15.6536334496563
4.90227511757607,4.16917068064631,8.63923980224028,7.35807206882725,7.48949314144784,7.6721077500186,8.48808645310294,9.77165882808544,10.1121590210117,10.297913710608
2.61614029428982,2.837774769564,5.77354488996527,5.03794309450624,5.15241127416405,5.27193140482003,5.72435463006927,6.3576550016214,6.60299311956844,6.81585340657296
8.62942726249679,10.863284496752,18.7925223115515,17.9391690163985,18.0754665188294,18.2010258476264,18.7871776052967,19.399165180139,19.5314720492455,19.6283492570383
4.48730864404271,5.25174780536421,9.16429489446432,8.12103423509702,8.27757019499393,8.44892001757956,9.16603600118434,9.86837009021443,10.0796587540328,10.2414849353575
6.7470189717835,7.49463561775217,10.1492758482843,9.0099928291822,9.15364219699089,9.36547739032878,10.1373386401226,10.9408460648401,11.1729637597081,11.360038616148
3.79593662747776,3.32915710798887,6.73902303219959,6.13087912895436,6.20145531100276,6.3101429048451,6.73954799505251,7.18239261858101,7.31541264183107,7.40755097965326
7.22644859658782,8.25926238955192,11.4891579618795,10.5633677538697,10.7040468118547,10.8657960967314,11.4788964011317,12.1225066442993,12.3252307452899,12.524798492385
5.48097341337781,4.81634699701138,8.61599159828046,7.65908216880128,7.84241910059054,7.96774542999461,8.60952119375185,9.27464576420717,9.44607136226271,9.5979812854918
4.87828000673847,4.37169089995296,9.89285465299745,8.79172811536005,8.95256292044971,9.19483191112542,9.86374446191844,10.6596004061084,10.8502634038895,11.0021780452179
8.43502438344198,9.78771718596238,17.1756281608483,14.9945003023878,15.2276141274184,15.5193874446855,17.3798615027824,18.4113227049087,18.7030171901674,18.8848603466169
8.51269077008141,11.2678943449032,17.7780396518053,16.4084279085946,16.6012263979601,16.7931934710035,17.7871153604044,18.7177254530184,18.9606471759044,19.1825587056114
5.41233496935576,4.5945955887606,12.0660385959592,10.4248219193336,10.6180482120845,10.9105811816389,12.0185264374374,13.2403396240917,13.3903149992365,13.5576975379122
7.3615224598277,7.44521233366915,11.6919363700813,10.3669155359999,10.5884397718638,10.7796339244047,11.7293231723851,12.529846939432,12.7458837750011,12.9437833209302
8.36663572693849,9.56889565737833,17.1799812016937,14.9639068009598,15.2201187409778,15.6291204757129,17.194842537277,18.4361321618454,18.6382133953116,18.8565823571278
7.24890094761783,5.99692385604712,13.4095329635342,11.5237737120446,11.8009554322843,12.1025646965904,13.3356996315241,14.7643177417866,15.0034780139,15.18967025315
8.97346772319599,8.86768585971772,11.898117967076,10.7868893082757,10.9649704462272,11.15775685139,11.9414923759284,12.5893453035428,12.7498372462199,12.9296402034496
8.42992830014441,8.404074281945,9.71528585337862,8.86517237840058,9.0385611061082,9.19449174954471,9.71988000345657,10.2311302723933,10.3556225023365,10.4725084452719
7.77636095097812,7.94965830945889,12.6627533181605,11.4620709100871,11.6962761825308,11.8996860896731,12.6218398442698,13.5399015833384,13.7280854591839,13.8495795142841
6.51860322418327,7.27440332477376,10.0747145590972,8.84917954620749,8.9841559759952,9.21061723450066,10.1283560518097,10.8720785421524,11.1290465682935,11.2237152444426
6.68062304275379,8.33291811881596,9.39614903301895,8.46997703924402,8.60445091719307,8.76323668278756,9.38952171498476,10.0486635055047,10.2313045435671,10.4021807697585
8.87537815866512,11.4554367275307,13.8636565069261,12.6313843693478,12.80206898301,12.9888331772282,13.8398441604832,14.7675094005901,14.9970989722284,15.1747540684
7.14163323197077,10.4583185291275,14.2586345019857,13.1895595522576,13.3341880834518,13.5199976533427,14.2138470945207,15.0991552221224,15.307149102684,15.4689885089363
8.61051504393217,10.7186626412841,16.3029537681202,15.2028430388749,15.3692515621391,15.5227900034809,16.259474935723,17.1404810523034,17.3928871659149,17.6706731692868
8.26373892276757,8.41033638725371,9.72375024251079,8.38893059317145,8.54976402511524,8.75980736385477,9.63083696464263,10.8399141511549,11.1120422044826,11.294113402396
7.84981098720091,7.0400191677701,18.8685517443374,17.7408989638582,17.9272165379113,18.1058172581305,18.8514128441237,19.6857258500738,19.9118827817399,20.055135191131
8.12935723066227,10.2945556110164,15.2298771143036,13.9574486152007,14.1872066717687,14.3822199894293,15.250676408011,16.0065129057626,16.2606893604471,16.4429142584533
3.57410125484727,3.06615469129313,7.92649881336264,6.48040381490251,6.69129887842563,6.86231082775556,7.97434146846391,8.89311172040965,9.05959266114928,9.22946724994797
5.29988678524744,4.38931799320923,8.89940375899647,7.45356773145781,7.66122984087666,7.89169308807598,9.00270558061537,9.68059565062475,9.83729465817312,9.99015167749744
4.7121026016297,4.73719128334518,12.841868642947,10.5664912029763,10.7917360104719,11.0935694035949,12.6618629061391,14.5903623892836,14.8203224719856,14.9604813574129
5.01725782788239,4.93831705977628,9.59297314993443,8.4113187172837,8.59044930577135,8.7934452100724,9.59663318792017,10.4186080538687,10.6171734602494,10.828738699041
8.71633889196775,11.0858457904632,17.0025389694247,15.5546284767792,15.6745369373086,15.895705524899,17.0206385274348,18.0749961658411,18.3355400175511,18.5396444687255
8.24100050215073,8.4886877947637,15.4844692099094,13.3837619610324,13.644136913959,14.0181056516095,15.6626373667437,16.5996184007795,16.8044284843516,16.9533063646217
5.43178763345996,5.49611979590517,10.9248533733072,9.82909501622953,9.9248060291754,10.1832781088824,10.8787763160631,11.7958793726018,12.0125383422898,12.2993202061769
8.36685893951644,9.47425069944068,16.525319794154,15.3897963140211,15.5488081776643,15.7275025960526,16.5586686188802,17.3031916516136,17.4948945582274,17.6826544897161
6.61077579187998,4.94785849067535,5.90033503813169,4.75201177572459,4.87336445334543,5.04732628064013,5.94336773048088,6.69716703759416,6.90060783776069,7.07867420095403
5.7973743314692,6.24880080066317,12.1994851790213,11.2550466912522,11.3923177516024,11.5635032418932,12.1893441807143,12.8368675369228,13.0185939083309,13.1683982721555
4.25660703746589,3.8165075903706,10.5805962425679,9.23727157197919,9.39140350715254,9.59452513598455,10.5603154869221,11.6172962769501,11.8121663613695,11.9737518882305
8.01691759185862,8.80450281149082,11.9093336501187,10.751822590264,10.883385648691,11.0750229351243,11.8765482746665,12.780590849068,12.9833912499434,13.2548734759304
6.27520904025276,6.21687677172866,14.2227168081228,12.5077323189997,12.7469217932008,13.0312964605838,14.3358457377478,15.2772385521943,15.4930948233064,15.6533065386017
8.07879374944536,9.27174316720676,17.0063062772214,14.9719718437209,15.100831231134,15.3263616981794,17.2037186772105,18.1873555489599,18.3909331656338,18.5325861992902
5.31862127624582,5.12888297051756,13.6475313892946,12.0735730239506,12.2541394286619,12.5378057944119,13.7346075401472,14.5649870844479,14.7660036442663,14.9378659883275
6.86536896565038,7.75256431916671,9.05861969609034,7.21560570868311,7.50876501599978,7.82331283002274,9.19378315908754,9.99150401117535,10.160058916454,10.3241727681559
7.33863898074961,6.42595553761105,6.72783144370328,5.77256533807345,5.91544204495679,6.12174789137178,6.74104258378774,7.32865728798141,7.51377977730028,7.67605855640398
8.20955181966615,8.96635033658636,11.974628123428,11.0345972843608,11.1902818560066,11.3544584617722,11.9409573694745,12.6681295179753,12.8290715741516,13.044911521715
5.24500711416666,4.5945955887606,10.2310020892827,8.889301289492,9.06037316150581,9.29405958552472,10.2781199215641,11.1307207721222,11.322675277101,11.5083552332524
6.67636997397473,4.95303908621797,5.81293645786317,4.96432093366948,5.09611706394116,5.23162496017018,5.77764693162232,6.43921016384527,6.60598485121595,6.75925769056157
6.32170254537642,8.14981314135577,9.84870216194022,7.67291066147685,7.84808056403759,8.10601701388755,9.85566835906974,11.3890160273152,11.6560767280953,11.7970336320047
5.94360864910892,6.23237194660359,12.1126326514194,11.1666914635432,11.3207224271192,11.4610853338922,12.0730498945051,12.8598549164029,13.0798313639644,13.2583054778235
6.87135615839903,7.03815958501491,13.3788751133165,11.5258190003218,11.6955749443916,11.9205970021917,13.4926886020539,14.4929622250351,14.7223152208516,14.9248013157168
6.8497942899524,7.54217480160607,10.8971716757614,9.66585552453729,9.85183064715997,10.0488969727469,10.9196851470693,11.6939180950845,11.9212425911029,12.0891017454953
4.09051168234961,3.71005072873566,8.76279275814343,6.73425928672527,7.10004799172549,7.69630846161565,8.81529911885395,9.77559223068943,10.058323553248,10.3043760251992
7.34046233048426,8.31450887169165,10.4842405873403,9.50507152686333,9.62584143422726,9.82069342232234,10.483074294665,11.1718313486608,11.3603755274461,11.5122672982558
6.74098259720612,8.42781778170388,11.3006387922194,10.3666087888597,10.5060732290196,10.6891044276168,11.2794346186484,11.9666911525739,12.1929660805058,12.3465962587145
4.25580695697707,2.90330633766363,6.78285954199376,5.59094861688379,5.72270343946252,5.92533750317635,6.78751993037682,7.61843850162203,7.80951243024325,7.96386371796511
4.61445584140151,4.81649671851801,5.67862830043126,4.61626785548039,4.78095475362557,4.99636247922419,5.61656075138382,6.49290796043567,6.68474745486722,6.87606317732752
7.49472324076684,8.27591819107287,15.4844162398815,14.3535440888362,14.5216088774813,14.6771558727651,15.4912516648467,16.291153916024,16.513277181633,16.6329821124985
6.15458239059153,6.0768954401076,9.25541549909095,7.85766236153767,8.13937467528556,8.40359351780238,9.27691867423385,10.1167011785058,10.3360768200946,10.4991232078841
8.37375582689311,9.43263772462174,17.8010280420407,16.0909884404741,16.3636382817671,16.6644413042609,17.5820217860724,19.2730085885767,19.573367973917,19.7767158424551
7.35562567122065,8.60754403506524,12.4981278353949,10.9555106734445,11.074922621235,11.3664358692203,12.6041769408762,13.4126696117537,13.5655524784156,13.7247153624664
4.67293447682338,4.52787798185756,6.70314306392949,5.36399301273073,5.54312354423001,5.75479109100274,6.59983453279805,7.79514349390633,8.04428302074517,8.25926442041575
8.66109013039813,9.74017868983881,11.2377963725728,9.83745539187133,10.0494820386306,10.3353329014101,11.2826224798695,12.0485375219403,12.2433592684713,12.4606286644563
7.30202424916861,5.59837334777827,10.6797866467378,9.30980195082547,9.50062277307894,9.69501437864459,10.5871936442199,11.7734595165731,12.1575431563068,12.5433948563836
5.87000464418861,5.9841259935284,9.21904011584138,7.98152732226201,8.2163898300933,8.42501860586523,9.21204067632207,10.0288792195215,10.2677688227459,10.4370652615209
7.67089997565794,10.0104853033739,10.8031553485628,9.60566995207499,9.83572174648188,10.0624338435024,10.8196343057221,11.5783162231581,11.758383060849,11.8923618856499
6.81218170949215,8.3584778695718,11.6941638204222,10.5186580927916,10.6607611350076,10.8342528532451,11.7243564365716,12.4884619374858,12.7039522241712,12.8525007383977
4.96141359527445,7.30137350536519,10.8596803238972,9.54983008742104,9.76650942418031,10.0016893091993,10.771048821077,11.902059141452,12.1907576307674,12.5356289472334
8.94522631793537,10.3733940798102,14.9199439785788,12.9454328947876,13.1296792402283,13.4061417510162,15.0009446307156,16.2315016822601,16.5448337826411,16.8127395517194
4.17985812831092,4.06747797308375,11.6770029832858,10.4805652289908,10.6530902420463,10.9199234225356,11.6507663052014,12.4752898668476,12.7370332769533,13.0107626818163
7.23783323079227,8.66229563276138,13.4449376172951,12.4912643479902,12.6298342716988,12.7985455303759,13.4555852804758,14.0384355925212,14.2245448662209,14.3744583272727
5.61356289459394,6.32883128481994,9.40969109413775,8.05072650250223,8.2309560903501,8.49434932420636,9.44570569289795,10.2613840288782,10.4092690450779,10.5577229611401
7.08973570829748,7.5678652909417,10.195330479278,9.3890130014864,9.50798223900571,9.64157897632611,10.1799741446464,10.7956854338226,10.9374827254404,11.0586946893383
7.77275500026404,8.83878785474156,14.6157463543275,13.3019160243269,13.5398715927207,13.7881852339692,14.6340744992667,15.4238517623827,15.6436064532021,15.8581500625476
8.0302237185046,9.18573317587563,15.3477501250658,14.2475806316181,14.3411785997959,14.4750467965623,15.2741476476804,16.3661833574508,16.5616292758835,16.8012813338597
8.27949829609965,10.1524344032317,13.8051800408526,12.3418219678715,12.5225394036454,12.854989424047,13.9006573962665,14.5836629639476,14.76252543511,14.8921011132518
5.53400551690102,7.3031085817352,8.72306762197768,7.68193888061881,7.88700639824248,8.08654798052943,8.74872633689677,9.35309681536215,9.53035119811273,9.65557080103264
5.8038911873615,5.36514534235196,10.5437968492417,9.49143101323489,9.6728846800377,9.88223902551722,10.5536715061043,11.1780178668093,11.3717528934933,11.5284502879521
6.85605488106396,6.06780541142814,14.7925395948189,13.3784962685552,13.6061200966332,13.8604505296599,14.8109797681637,15.6985393901623,15.9633127418324,16.1637893678416
5.30844680161614,4.11295318553979,4.93357902521106,4.0820675374556,4.20419332034154,4.365345966381,4.8977351291928,5.55827449891629,5.73532069576528,5.84201071248299
8.17974050059383,9.49817965672123,13.66133012979,12.8092449289565,12.9443267614922,13.0869319028435,13.6500001871202,14.2639686342808,14.4563881824429,14.5601280737884
7.51533739671635,7.2348774567753,10.1741564157467,9.282043026689,9.41574677832492,9.56016808683192,10.1805747665535,10.7633463792735,10.9029924662413,11.1049903075218
9.1417594270064,11.3501586658017,18.2743808199741,16.1681414762863,16.5228323082181,17.1494897007974,18.3207290184374,19.365350388407,19.6433374089771,19.8798338694228
8.07963609837133,6.63767282049951,13.461329934439,11.6418844769672,11.8343959320933,12.1183007615484,13.5763813913775,14.5975561214953,14.8122195281302,14.982402414678
7.92221360986208,7.37380598648244,13.6735314264663,11.7987054248798,12.0255182048597,12.2641255420419,13.751351794127,14.9684771375716,15.2046402486881,15.4546939477985
8.56252916601156,9.84642863851948,14.9862097240241,14.0852549110108,14.2520721986727,14.4130401301437,14.9868472086683,15.5814338977161,15.7860006179565,15.8879505416276
7.47449798896829,8.58907967120407,14.9524631860381,13.7924749975845,13.9424941114482,14.1340743774201,14.9556826440343,15.7453407426252,15.9435203105858,16.1524576880317
6.96576713912457,6.5045689782753,13.0397736334931,11.8386737102843,12.0129380187647,12.2276774544412,13.0248429738032,13.8833495766364,14.1248360267856,14.3357174990034
7.0821750265103,6.87023428186312,12.4021708776596,11.3521754869557,11.59404959472,11.7454177949462,12.3680980506011,13.1187989693187,13.3729482287102,13.5759556220328
8.56354499816782,8.86636203618793,14.6524891148591,13.6921558308209,13.8680281338958,14.0060977407068,14.6397153570451,15.3045453510587,15.4998191023293,15.7090455454781
6.76858999633914,6.89550263851309,10.3760347963736,9.595148181089,9.68845444641786,9.83528949575721,10.3713116098758,10.9146467795659,11.0928693606334,11.2052075436529
6.24147552806426,4.89760814102169,10.3664897325862,8.02719537922973,8.26170886572823,8.4777070638754,10.2603521566427,12.4309032456505,12.6774593204343,12.9712014656561
8.19517151286857,10.1000821583636,15.6372610820446,14.6277237913572,14.8004366742052,14.9822896537909,15.6361781077962,16.2945158509687,16.4892389107022,16.6455348870766
7.71868250662394,7.02437669030329,16.260032033286,14.8172404246123,14.9645812998681,15.1312280199323,16.3335216398671,17.2861463469624,17.5448882502585,17.7265087663446
3.54928348548538,3.93809600004687,6.30944390780537,5.49296558964014,5.59193986300607,5.74382513186247,6.31380570322221,6.88654199945504,7.00798692619249,7.13459907969678
5.13988894924485,6.19108765206287,9.99519592503744,8.95720918390422,9.15202134645719,9.36672926759034,9.97974299518737,10.6439016429816,10.8009172186588,10.9538755165383
9.0759103069529,12.1972446589551,12.8488443082467,11.3367072821657,11.600669001523,11.9025587235469,12.8535494047072,13.7598307660645,13.9885135762389,14.1314582212111
7.12993776407291,6.4597399288047,11.9703472709648,10.905045677964,11.1016890193526,11.2628283076238,11.9584799514313,12.6400150671876,12.8356944815441,13.0193827021945
6.07968805055221,7.55004958982359,12.1998268604105,10.957432734674,11.1386368494996,11.3602398358979,12.1898933408075,13.0564995088295,13.3253034359934,13.4964815024141
6.89258936570113,5.20512483077696,16.5774685272009,14.427182841856,14.6542319015539,15.0104454115938,16.5419348778246,18.1635771982131,18.4283895815878,18.6542762924976
5.42348603374854,5.33390214667108,11.3943819164328,9.94296964723814,10.239789663201,10.5632022915318,11.4509473544525,12.1678678463558,12.3513687669783,12.5090933478969
7.07632793309782,8.3738445402312,14.3351036425454,13.1372235080496,13.2848372811197,13.4024652806597,14.1739008087144,15.4445522222678,15.6918547168319,15.8404755325498
8.01508720039927,9.26440046726874,12.5801465741765,11.6235668774212,11.7079006504196,11.8992893570385,12.5873611073876,13.24868056816,13.4473175391036,13.6104249758187
5.77306717302186,5.03979994696879,10.3915612596768,8.52050124122905,8.83429817808651,9.1149066531735,10.4407848530819,11.6082807588036,11.8008859474799,11.9743106054517
7.52464721181919,8.1166338871389,17.604097018356,15.441964220287,15.6524873139431,16.0191880892064,17.4056509228766,19.233485903719,19.467496460607,19.6647127994761
8.13403512935612,8.45044522951351,15.2944146391605,13.3544151494138,13.5918079497553,13.9550284409673,15.4777520071996,16.2927491407455,16.434358944617,16.5686844220245
3.49400080117692,3.89230221832592,9.12612998224206,8.3333701023351,8.43540711313512,8.56519744308807,9.03857003183507,9.8943887830151,10.3265679498225,10.4840678053457
7.15167009460536,6.40280207208898,13.0700457200541,11.9453401963296,12.119103898053,12.3190624195726,13.0489318784221,13.8705048042434,14.1215407080677,14.2772404244939
7.34658567807903,6.97602944226637,11.2229978740913,10.1491548296912,10.2966844461778,10.4641506803354,11.1845828253917,12.0713630150728,12.2754922068902,12.484032415724
4.57039947174526,4.77556886192089,7.53846362020256,6.60185130550844,6.74304272677607,6.89054613289697,7.52441964722091,8.17527363933013,8.38728237802824,8.58392770083507
7.71359240559133,8.99107211315271,17.1101616299646,15.3924857318405,15.5920126202699,15.834082317381,17.2611532128057,18.0151736395349,18.2531366271015,18.4163919633696
5.43426333004405,5.08994685302682,14.4988024456383,13.5266488214429,13.6914050447731,13.8138957692328,14.5207364122046,15.1249635099728,15.3296811670743,15.4870133028268
6.90718882094897,6.00484453486135,8.09754823716139,7.11323998982737,7.25675111746691,7.41117802148474,8.09162934972857,8.76970002841615,8.92472362711946,9.06436218558652
8.9876460728067,11.0269497477189,18.7817332206693,17.5169936007891,17.6970793401817,17.915557858365,18.7727925539266,19.6243881265488,19.8723183332553,20.011896497171
8.22535371942985,9.65955677880739,15.5091761231973,14.3807101519786,14.5506291580642,14.7400065631734,15.5312580596,16.2491447720056,16.4011259311899,16.5495666049521
7.51091170186505,10.5028356506513,14.3604585275165,13.2959104713745,13.4398270434596,13.6246655588115,14.3540856563906,15.1355751756821,15.3420511916384,15.5643664957175
4.98995420301296,6.70395710807463,9.06861700775312,8.03892472352467,8.17985504898327,8.31618968014804,9.01925280412236,9.9249026957083,10.1695059109539,10.3519758131686
5.87181818823455,5.58324633885917,6.51825885553956,5.30476316937838,5.39918693264575,5.62119532850887,6.51417487546295,7.52265402258958,7.79900745679954,8.02809284394275
8.58901284851371,10.7378618657225,11.9594247576904,10.7235952037689,10.9214814075516,11.1360302033006,11.9123112220415,12.8665803968155,13.06765531692,13.2254173183904
3.51074898124148,1.87904749812089,5.60556094574608,4.07596126277973,4.28042704076744,4.49720308350121,5.67015404547272,6.60172911363705,6.79959052946549,6.95897162294204
6.3275502032395,8.039189349413,11.541125971307,10.3938758755839,10.6120201892384,10.780174145378,11.5359754051783,12.3183601707853,12.4855446193485,12.641284973155
8.62156209999776,8.6312267279102,15.3737452147633,14.036051476666,14.2831983551471,14.5255598973606,15.3921622716534,16.1812867183296,16.5203210346245,16.7980160616976
7.91558734482992,8.94489700304647,16.0062580160364,14.7292388323318,14.8774419545662,15.0762860372626,15.9662558994087,16.9563305156329,17.1665776326526,17.3314290861123
4.24542020552952,6.41416787097084,7.4828850799055,6.42084315202012,6.63151754600708,6.79141339115103,7.49534698709706,8.15738634709416,8.33164695775467,8.50443587073906
8.75052835267608,10.1225685544183,17.1560850363777,16.1349458654878,16.2940870931284,16.445929216265,17.0849478230098,18.0398402778131,18.2286340497456,18.4032310525112
8.90601671364274,10.8533934988418,12.3120970286194,10.5306235344442,10.7633670326832,11.0034284637167,12.1835247658283,13.6755417522662,13.8850284343404,14.0465735602572
8.52844710483294,9.44475441082446,14.3832970793779,13.1195708440427,13.2420103719923,13.4506310422633,14.2540879187737,15.5315331045858,15.9624600452591,16.1777455349983
4.4011153398759,3.86632116978206,8.72229494103929,7.49804762439488,7.71071570219791,7.98732007508205,8.77349286424683,9.4382257732737,9.64432380548279,9.7997394706841
6.67434366440562,4.69377792533758,13.7979819794168,12.1839347964028,12.3111841729371,12.5247307774817,13.6701001868832,15.2965276282666,15.4915569567603,15.6449493366622
6.61571285098138,8.09441564150963,15.3210841906479,13.5915461547803,13.9332173521779,14.2489991675408,15.365683160278,16.3543503310506,16.5951344542722,16.7960989558954
5.10590009548594,4.99821290884636,9.83684495605053,8.7989007693047,8.91651186917305,9.09728751270594,9.81427185489808,10.610303651146,10.8091863313572,10.983801167282
8.25878697079763,9.84650981720638,14.3612801955151,12.6321303449096,12.8172430341404,13.1026337266246,14.5063500112233,15.3621690416595,15.6431878689967,15.7892407854202
8.2315569527044,8.93220750261685,11.8683627709856,10.7301493225398,10.9142486640916,11.0646509637691,11.8742670082216,12.6519330640682,12.8245429562966,13.0193868759533
4.17782932689103,3.70529183300668,8.27143649293994,6.99676099297391,7.16551299017375,7.38335257038879,8.33753200779194,9.08940695291089,9.27776498025493,9.39947504943522
7.84539347571689,7.14527883666019,9.96260025427843,9.11154151504267,9.27476351354846,9.44061223353422,9.97555711789951,10.442676689682,10.6184022391427,10.7266207494223
8.55717018460347,10.7487601911832,12.1013472688134,11.1986362426279,11.3309828497485,11.4540904514328,12.1092050587247,12.7503823555594,12.8960294116589,13.0149975669887
2.75656809269073,3.27519094501685,9.20084576949409,8.17839724323713,8.32034789063803,8.50869122481902,9.15984406448789,9.95119665695442,10.2240069443248,10.3916178372922
7.91040453263388,9.12933749336607,15.924861253614,14.4020859393812,14.7344214010682,15.0997334192854,15.9589639059659,16.6689534325431,16.883827154207,17.0181051967831
7.19538103913875,8.37122047675815,12.7158372904676,11.4108034047761,11.5716434196043,11.7741310596124,12.7672627537162,13.5330887540455,13.712109620301,13.8627507942427
8.63287231181602,11.3262422655841,18.4124289298467,16.9488891808665,17.1420651797448,17.3587480529753,18.4211728851384,19.4320406452861,19.6830452558013,19.8680940842133
3.10890304675809,3.27485477970714,8.25379731325025,6.91691526489786,7.01359000686327,7.1717026186487,8.40808773802927,9.07443582265348,9.23717327823398,9.33539240980187
7.55024230790973,8.66702310221216,13.4817994200481,12.4556967895788,12.6054926635253,12.7948959432714,13.4494018185734,14.2031803223715,14.4472627433241,14.7263880924086
8.41800032625397,10.5097153833077,12.2086110515207,10.9905526096622,11.1926566012744,11.3854687522437,12.1619571913706,13.1018658505315,13.3127050767496,13.519217032372
7.14206700795244,8.46556435509414,15.7404239823629,13.78491210052,14.0574935826095,14.2729719903702,15.7399188205049,17.2010681254101,17.4018720088012,17.513472712334
7.70303865048133,6.58147264385499,8.39039167768537,7.4303595157134,7.6111074518435,7.77879283062321,8.38684771603961,8.99454078741618,9.18986874562694,9.34869945725757
3.79386876455145,4.118951073025,5.83159154658838,4.86309413182386,4.98430490689563,5.17607962483618,5.79762521552873,6.52206736586168,6.78993689093747,6.97526475133874
8.18608885297069,10.6137203128751,12.9106124660581,12.0351344704302,12.1631572423067,12.3183479847209,12.9254403078151,13.4930241782426,13.6443542360056,13.8186388600645
4.06596391474422,4.09955604918192,9.05541069272958,8.02245218550011,8.17117071579535,8.32967865409139,9.02153305607752,9.81521096147506,10.07697809892,10.2352272504657
5.93578944446748,6.93793362584232,9.08026257621157,7.92663424641874,8.13929198859207,8.33951596205681,9.0745903502614,9.83885725965535,10.0061289375141,10.1434889581283
4.98426199160227,3.90316611043755,5.95254261220498,4.63236209826302,4.75025429605566,4.93298477965129,5.85589089566964,7.10137979119326,7.39487884108587,7.57656401523984
7.9027935752161,7.88816113047868,15.1774190661033,13.3449561327893,13.5049094970802,13.7637348125335,15.3518445165787,16.3908432434553,16.6261411394845,16.7837310021419
8.45439211584011,8.68133710911369,15.5106957458177,13.4532110863434,13.7724849109831,14.2243674204199,15.3493439720806,17.1551922684968,17.3722527981831,17.5123860163583
6.54906151945701,6.29544232689027,10.0247768776327,9.10330739950301,9.24232732061392,9.41451561271721,10.0138280212643,10.6601978524739,10.8468145130372,10.9838231584576
8.96044643466714,11.7535561784824,18.5776960753392,16.517543425678,16.702224580338,17.0316828824555,18.7526822504289,19.7313652202261,20.0552100726756,20.3600922059192
5.27118511590048,5.2450543161644,10.8488699343986,9.85164831007509,9.98082377173377,10.1075018124373,10.8191953637578,11.6433619466625,11.8654431831235,11.9986066490222
6.67126637283362,5.26827930574773,13.3256018727914,11.6483289747486,11.8765834064171,12.1088967322177,13.3961049105833,14.5348890235413,14.7520190512811,15.0243960540432
6.64613879445147,7.5260694668622,14.2512631699688,13.0496123285884,13.228303614675,13.4664249062662,14.25671107101,15.0497793990706,15.2157432014807,15.3926187566382
6.76067141366748,4.92363513049061,9.19858097705798,8.33035279706004,8.46890352320522,8.63512123793032,9.18221761263373,9.79698964175402,9.96884203839742,10.1693002708909
6.66840600526412,5.34432727339055,9.17488745365222,8.08945757285825,8.23701729574249,8.45911097166206,9.17305313842759,9.89438888872726,10.0579904055777,10.1941979641749
8.17974050059383,9.57206712172269,14.1222334999612,13.2052749825973,13.3372233625364,13.4983666185646,14.11984365575,14.7315520765729,14.8933184726386,15.0161665259385
6.48197034971329,5.02565020904251,14.1885090515394,12.9432316411896,13.1575191226742,13.427100335426,14.2114366916387,14.9290270082459,15.1141557238168,15.2667098310207
4.22411102256136,2.64700304554717,7.10790955262964,6.4067910859696,6.49902662821804,6.62296195122858,7.08559796728544,7.62737742668412,7.76281750160786,7.84683742420568
8.28492630975852,9.01689351196719,15.3303630946284,13.3354678265841,13.5725106631694,13.8300818360574,15.2158050455995,16.9094031280957,17.1523302726941,17.3194694319713
5.20988939604845,4.67764473364437,6.54786770768105,5.48070379866253,5.63498032138417,5.82101325505792,6.57898402642224,7.22993053938734,7.33600916721043,7.44462071527748
5.26807015731617,5.06123234397808,10.3666797697956,9.4500027173162,9.57096998609369,9.74300745102373,10.3242874660667,11.0820391375151,11.2430888478436,11.4223523588502
7.77379919728611,11.4194421418291,16.0328548437433,14.6033333109491,14.8666842986381,15.1532884870476,16.0338313230908,16.8703642772576,17.2226357529668,17.4324188554959
5.1414680324572,5.08895302107003,12.994076403818,11.5371283865425,11.6950853168294,11.9598389772313,12.9772819077234,14.018160811321,14.3301746368878,14.5955729615273
8.87487101471131,11.3342018572239,20.1071914998,18.4444265544702,18.7989753478,19.0430863156116,20.2001281832753,21.0475100214257,21.2370155573007,21.3939760099834
8.32508597528066,9.30760870474067,17.670974787615,16.5772129127663,16.7444482733347,16.8902231109251,17.5725322086309,18.609357960182,18.9107137536733,19.1261110683307
3.99426306157484,3.7637337581499,7.28183769596685,6.27490392208914,6.41978521609231,6.60176302541781,7.29093981153388,7.95152031756876,8.14644047232223,8.28787960733959
5.81710268691436,5.41363088681703,10.9451565733757,10.0299248059837,10.1593157961822,10.2801597965807,10.8997306516238,11.6794288118381,11.8588802419842,12.093704172875
3.53658105655375,2.50410626029129,2.93347417919114,2.04234489315964,2.16588725070108,2.32081225154615,2.93075599379032,3.54386916621784,3.71008034044287,3.89800789050759
6.02864174234661,5.79140581047367,9.45731797651062,7.9926703519777,8.11674143323019,8.44338608317424,9.57209364640796,10.2257319863657,10.3710843900563,10.5273006077559
7.35614672738631,7.7395599855893,12.0217385822936,11.21972472813,11.3314493802892,11.4592257590311,12.0220275440979,12.6087650562306,12.7362706907154,12.8749308995744
8.53824053684978,11.3880431997422,16.4134554194922,14.9967469459247,15.1441898226312,15.3044190364824,16.2633371201266,17.5894068196927,17.7724275539855,17.9610475494358
5.5545462596174,4.38562415796141,8.38292320343347,6.69131745344645,6.82374436073806,7.02986028260237,8.54235231984078,9.58734174959081,9.81636709387254,9.99065090713576
6.64797013443204,7.12485626337938,8.4336490875564,7.14004710075451,7.34450401121627,7.54109765221369,8.37573810081856,9.4309883021883,9.71748956292625,9.91226821711188
8.21313080859189,8.86764577433979,13.1965036645698,12.0713605170375,12.2544745120422,12.4119768706434,13.2096635987625,13.9671904793181,14.1174731183364,14.3070763436678
4.24501040365666,4.44433693215032,10.5846480090893,9.60679056539187,9.72050815647373,9.92359413994425,10.5976754406828,11.2257108873096,11.3844741181064,11.5381517716397
8.69097998625802,8.42218480573942,8.41868534073713,7.17337564066176,7.33498433584969,7.57929934648892,8.45134071953138,9.18196130428455,9.36775128755133,9.53215877681007
7.00977655643991,6.0843862602401,13.6045913792554,12.1106158768313,12.277902551879,12.4434247949893,13.4229087674187,15.1265455872008,15.3792876054873,15.5436919819418
4.18587052664172,3.35113074046111,7.22014917599498,6.09098158895063,6.23329029554146,6.47387749415005,7.20351313305224,7.99096278892063,8.17061022715119,8.28927855077045
7.94816332946815,9.01509355000532,14.0130737758193,12.6778427547329,12.9034249807437,13.1187713099748,13.9801506516727,14.9851485209415,15.2275766314363,15.476987427715
7.28437104711187,5.07609683689819,6.09730078442541,4.91092194319843,5.08507822927476,5.2278452041103,6.05315531543587,7.09083300967942,7.30271450156,7.42869385296241
5.98254596190464,6.09237146248673,10.6658575552698,9.26596353246131,9.47529122964239,9.61133125705065,10.4339269999815,11.9154783434758,12.1972842355732,12.4092861053945
7.4130750692369,6.70909561904315,12.6704356360508,11.4039517028817,11.5808848313699,11.8156393854538,12.6750110485312,13.5626392184255,13.8319700988898,13.9641229987319
7.3406212170381,6.0938908553832,8.68283986192485,7.5211729129909,7.66840847668053,7.9051057950189,8.68930939261887,9.44365368643833,9.65052720244324,9.8206682514823
8.25659407174743,8.49309948465995,13.9651315347055,12.8290501275381,12.9666850081528,13.2022450051509,13.9613978158811,14.7668579743146,14.9259882586038,15.0813983446424
8.05713341564145,8.70266680209232,11.9134025296083,10.6387208202857,10.8897705978516,11.0792443763483,11.8011355640673,12.9281753953194,13.260571253554,13.4859151347078
7.12700323798435,7.8191779812756,14.4220442477478,13.1985661503864,13.3488931225971,13.5231657475524,14.3480753212993,15.4670569438045,15.7047346711924,15.960664825214
6.17691612344851,5.77389809546157,12.7964009550093,11.1868154780238,11.3947464418304,11.6186268273458,12.8429737530089,13.9099835889979,14.1079207928361,14.2859392844976
7.13931666169435,7.75599321534279,14.7437862890295,13.062084477457,13.3384407449704,13.5317611794846,14.8372531046663,15.7423981850332,15.9491178899742,16.1842002155138
7.98812869889567,8.80450281149082,11.2929503067799,10.3012179113152,10.444902288523,10.6229429666262,11.2716322474757,12.014620217809,12.1722547416458,12.3185556417703
8.21941094188832,9.52620248486845,13.7851648933338,12.812096420617,12.9624642775472,13.1250308418308,13.7829128629505,14.4963261575616,14.6595043859186,14.8321073243455
5.59979716490039,6.28197057670414,10.1001350829348,8.95789224048023,9.18477492861398,9.45246280843484,10.1427643480803,10.6762126867481,10.8457681415971,11.0165660757839
8.06973974006254,8.24917873987163,12.1593440223564,10.6284726079161,10.9323724827491,11.3654583554608,12.1863874884638,12.9680875986487,13.1840883378738,13.3595962211721
4.48276822574816,3.72297890015653,5.48274281692609,4.51877014196915,4.71801368892796,4.89984899430833,5.4640774648471,6.07881173366475,6.24671798824668,6.47442453523405
7.46213757712451,8.51002562755779,11.8695042791878,10.5303535700536,10.6394266331571,10.8671190167044,11.8869025400406,12.8842534537721,13.0803538627218,13.2371797542695
5.04803113176109,4.5023381728046,14.4356562804781,12.2055199559776,12.446535087378,12.8632498647262,14.7645263545667,15.3303388072584,15.5036023527025,15.6514933591584
7.83813374056894,7.35212431625672,12.1679464288752,10.9479115645698,11.1071881850078,11.3466981182373,12.1651391419954,12.9749683184536,13.1634791873466,13.317242304945
5.3901847956552,5.31605645479477,12.2251011564816,10.352543848432,10.6104339314317,10.809453372724,12.4764713435185,13.2720597496251,13.4275483041489,13.5405241629518
7.45628799522118,8.3533922064497,14.1160924299789,12.7888553821759,12.9606651529577,13.1658526543278,14.0702197291449,15.1268483099357,15.3600649455106,15.5028309702761
8.06396338713768,8.69225772472005,11.8528382688796,10.7867066066027,10.9387563026542,11.1355594856714,11.7948234128594,12.6685933793256,12.9319980347234,13.1040552573301
9.03011148292754,11.4093138397957,19.4158987904158,17.8066911572293,18.0438945475157,18.2635696106741,19.1705516894217,20.9067834592303,21.158178529308,21.368765331938
6.34633168245544,7.96294365782389,6.44670959940524,5.38969821206244,5.54951023572578,5.7185041393219,6.44111068159679,7.15131983896654,7.39158723393635,7.561305344086
7.48435842282234,8.52709842505006,11.1039305756614,9.46754466739252,9.74669984598273,10.014474331408,11.2224635902595,11.9225783040274,12.0935322509785,12.2100603353679
7.50844451337917,6.32024423460117,9.8164057354044,8.44578149226931,8.64273116879367,8.92779191328095,9.91539918100918,10.5071085078547,10.6694361659143,10.8445344155439
6.11583453308173,5.51954047278694,11.9216721053473,10.8692634656803,10.9863626799974,11.1785234875588,11.8779831968852,12.7139158992335,12.9352485171907,13.0767085088056
8.38871446321166,9.54696694816331,16.879165954746,15.3899444930991,15.5404747243822,15.7679212768248,16.8185564397637,18.2071655507419,18.4867564046586,18.7781505280023
8.59532216235359,10.1212542150111,19.833524249181,18.3420128214893,18.5472146035584,18.7410643991913,19.7964447543512,21.0608538055936,21.3444475937452,21.6070298686176
8.24363116625484,8.83656391132477,12.5494913001226,11.453606073709,11.5918818513058,11.7659387812989,12.5152083173347,13.3694597580382,13.5788755201655,13.7099030985274
3.95716320152703,2.63004780731453,5.74148773797123,4.70036809837823,4.84114758431295,5.01867926908131,5.7365204997988,6.4221919812321,6.62658455918137,6.78583098461574
5.37625887835947,4.31138234319914,10.3773463971542,9.15731364890559,9.32988821782703,9.53677289201675,10.290507018336,11.3441112697452,11.8141386922295,12.0749529625624
8.50264738425524,10.4069246195637,17.1422490959771,15.2263240597026,15.5392777037434,15.8496323402804,17.2067851989172,18.2713645585487,18.5204760762276,18.6932150215193
8.32239275636853,9.81045652260324,13.2687793346358,12.1142726679737,12.3043813881995,12.5319282668393,13.3114265789275,13.9183130049401,14.1485496095396,14.2789257801227
6.26940879685776,4.80536756183874,12.9738330877847,11.3389970685496,11.6337034313934,12.0141134588194,13.0595300418616,13.8534944984476,14.0529081853948,14.1587576557879
4.54276181245639,3.99833183097715,7.97431846875328,6.76725491450445,6.95394266878525,7.12045274564723,7.9594290735267,8.86786747657719,9.08394089871864,9.27183764958102
6.45881871785294,7.93912850238353,9.54644919970865,8.63197755433511,8.78291810843252,8.95396014703388,9.52124054305103,10.1714822749019,10.3464494342738,10.4528659318956
8.13574241827583,10.3774677184037,15.9755841403066,14.8088915033269,15.045965667385,15.2520359112998,16.0112311674309,16.6793742873627,16.871505691986,16.9949575368184
7.35390747659626,8.59741673545789,14.8249069598604,13.0933745097682,13.3388015076188,13.7095968508923,14.8640305203939,15.8534962049686,16.0744272480601,16.2396473774314
9.05981034469839,10.5060194451652,15.2079907832084,13.769458158662,14.0057999244579,14.2399960803537,15.1821211478043,16.1381948241817,16.3354415858363,16.5041679242809
7.17281380873973,8.5174560300077,10.5540306819684,9.40069079740032,9.5704032410312,9.79733723214672,10.5284267104527,11.3042075557208,11.5730609680852,11.8022283688601
7.51211248041022,7.17099242811933,8.93465297254552,7.75973528788396,7.90135679189382,8.08812463841839,8.91390458848717,9.81696712883714,10.023280034129,10.1802922120339
7.11799921251013,8.31906121274733,10.6102876218427,9.74921959832234,9.86321641237482,10.0043343655372,10.5685291899329,11.2573291558663,11.5588633784003,11.7173636295287
8.2938056193469,9.32488501469323,14.2927738650046,12.5822192544377,12.8672282248759,13.2889569180323,14.384232783431,15.1736615712332,15.3808482392654,15.5227375103656
6.52227251516496,6.87908000939614,7.8139203571242,6.67026278908001,6.84781341869948,7.03167436779259,7.78794149910988,8.68508381347293,8.87189127400161,9.08415157135388
5.58173963991653,4.43822836068542,12.4005243057561,10.3595866827478,10.6053534201364,10.9720418385285,12.6062993592244,13.4414997295303,13.6344915273632,13.812618354299
7.02468063040387,7.53881503132965,11.6896948378995,10.3450963450866,10.501711890481,10.7626966082912,11.7076544158766,12.6161860142018,12.7987105768826,12.9381473739286
3.42303826406114,2.63928154071663,7.6870209068003,6.89298207585492,6.99942429893567,7.13680244315913,7.66798605732921,8.23945027916112,8.41396187796428,8.53622325430097
5.8687248880636,5.99920565626278,11.5978071123154,10.4451808793999,10.6065879101552,10.9225748878601,11.6119456368494,12.2949977910167,12.4658474765935,12.6395214074457
3.06736441523254,4.07577119753646,7.36571397170121,6.27240609997379,6.39691813214206,6.55328692434373,7.23389177530368,8.36882419519279,8.59459464634477,8.79628854504048
5.64698371372264,5.10181926155293,10.9128274454369,9.62381095766241,9.77425128821534,9.95896878776585,10.850785653288,11.980677816689,12.1734474266509,12.3298385277922
5.42344656087668,5.30331117722375,7.14734484864539,5.69591157814208,5.87494333208398,6.11237276117345,7.08465647572778,8.28814427033947,8.54187512996247,8.75299854559784
5.75982224593252,5.78952311392176,14.7777249966755,13.33917555241,13.6248271177139,13.8784395240137,14.5820984095567,16.2298355809286,16.5579433633909,16.8297996320347
4.78804255353389,5.64138271397429,11.6206910644264,10.6691000515674,10.7966023885788,10.939654078672,11.5991216704118,12.3574439831744,12.5528463891959,12.6904601469513
8.87112995034481,10.1162804356907,18.0888521414553,16.1170850303411,16.4074594231715,17.0111195820176,17.8991428669022,19.622613556547,19.9708809212867,20.2173467170162
4.84957915697713,4.05001825747283,7.91654834903628,6.62863580781767,6.7568523122789,6.96569151179021,8.0647372959133,8.75081863571041,8.91738737818318,9.09717823908104
7.76442555439813,9.66738960950674,16.4486202057171,14.7710855690996,15.0182730082145,15.3533884675973,16.4530852890103,17.5047629528464,17.7001061505738,17.8819719916332
8.3042622769866,8.63302915772982,10.883255898151,9.4263104739238,9.62490330219406,9.90632763993288,10.9635372775932,11.6444495095352,11.8017178648663,11.9089789884391
6.71072565421266,5.0875899336572,6.19706170275994,5.3246937642676,5.43855569977577,5.57782432172778,6.1723899192643,6.85680780989774,7.05286611171228,7.18925462220219
6.68062304275379,8.33291811881596,9.14864356583457,8.11882413333548,8.24945930170495,8.45509271361707,9.12737651484376,9.90048453011912,10.1304608716286,10.2691903297691
8.02569772143342,7.61237320981867,12.7814549297784,10.4229347614025,10.6373383077134,11.0235684820439,13.0299011443864,14.0739300402176,14.317879928671,14.4867467730457
4.87823444119007,5.16603316569216,11.8875742217901,10.685043022004,10.7914461570735,10.9331112308065,11.6792787881142,13.1157386367529,13.2780587916526,13.6235993866868
3.62096535312073,3.03876293063113,7.71313317579317,6.05736925760669,6.27737944571179,6.58314992075564,7.88303889910761,8.52206155471476,8.70959239845361,8.90320610215546
5.28981006384558,5.80369875305117,9.88628124145432,8.05799976398747,8.29760205617144,8.53685638791077,10.028896260121,11.0347213187084,11.3170301316332,11.6636127176526
3.01155412049196,3.35972121813466,8.38418674191203,7.46201570028865,7.61491405318717,7.72829674184519,8.38173879702402,9.03899922800433,9.19375462523918,9.4274839382969
8.10893412714721,10.0332184296462,15.6266938856871,14.6741999421329,14.8364821483168,14.957953984831,15.6328674190351,16.2820621028138,16.413526057356,16.5705773764098
7.36390960876989,7.69082094857047,11.8734188968704,10.7551405381276,10.9515781157592,11.1178874485831,11.7671579366215,12.8675426123444,13.1131984772896,13.2864869749848
5.65604851583376,5.71039479292479,12.2637975152031,10.58988729102,10.8418706807409,11.2166346879572,12.2289460001271,13.3944204521899,13.6123417802206,13.7824418117351
4.70195948408468,4.90012248247854,8.50256075834952,7.6544289577085,7.75623188471741,7.91921087423332,8.45950796578081,9.15928178181995,9.50145317578252,9.6858445237777
7.10662959474389,8.02495488033897,14.5590337988725,13.1439892057713,13.3671459565726,13.5834438605826,14.6148960099703,15.4263603867316,15.607231575262,15.7843225496997
4.869328867746,4.27437497274421,10.0196125035902,8.89515139606683,9.08564753781585,9.33760395062638,10.0069873218867,10.7380638809704,10.925947427897,11.0558143712726
4.78262000585964,3.83289284167728,9.84610581440541,7.68608674582761,7.87422063337107,8.14639331409525,9.93554139011484,11.3096539010368,11.5077483891517,11.6716447617086
8.0751960752639,9.41744794558143,12.4518627504425,11.4965098891625,11.6206003124781,11.8194044805244,12.4685240388666,13.0783699957525,13.283644863295,13.4248401419878
4.51287072427918,3.90882871481827,9.52766401330778,7.6995320153595,7.84022178785309,8.01034858430648,9.68786788064623,11.0624292833087,11.3028677112024,11.5473135649442
7.49478596914635,8.7398464633386,14.4671879173157,12.9736418206142,13.152533885957,13.5431920579618,14.5704140670829,15.2135648702555,15.4203263429072,15.5486110725801
7.49247707112103,8.52357868527522,10.1794540438604,9.1353785467097,9.28521422443738,9.4783703909256,10.1599709701568,10.940762293807,11.1583886442549,11.3170904548688
7.11347173277876,6.48355085744122,8.41329009774987,6.83582987871569,7.15611249134508,7.50512266920999,8.4490952139868,9.25930229696495,9.52687444323184,9.74080246037158
5.68240311289885,5.07872072971089,11.6596901166406,9.6668419485273,9.79764936003885,10.0268989103564,11.8743017664213,13.0876192125757,13.3274407492064,13.5339724902927
8.34154607872858,10.0150000197754,13.0842169352677,12.0241351197659,12.1501204419036,12.3434757994569,13.1019622453662,13.7817230436192,13.9572679379354,14.09770343471
4.54250397909454,4.07386702931516,8.39867736960693,7.15806497087668,7.34153109101558,7.57798753938995,8.42396157001339,9.20024205915788,9.46547534050642,9.64520571700224
7.96387002933275,7.4912873789038,13.0120201830891,11.4370677747743,11.6723486162441,11.8577638436726,12.8177339101137,14.5099703494762,14.7228228153224,14.8836675562367
8.44786415160458,9.26063570866538,15.8602683497868,14.7428541587326,14.9081599720532,15.0939059484098,15.8792782612563,16.6457832335544,16.858943223527,17.02975926102
5.82802290653022,4.49254149354669,8.21095724759713,7.21520345791759,7.34180750907333,7.50900065690472,8.18428813493915,8.97776811755255,9.18936808416706,9.35054802984211
8.48528324665439,10.7516158258132,13.7397089852653,12.8070387906178,12.923583853776,13.0791520239273,13.7495374050195,14.3977166932244,14.5899065891624,14.7248941054088
6.59895023399361,6.08478468029219,8.85302797376851,7.99039917164512,8.1301347601554,8.27882157076325,8.82360764443457,9.46061745591363,9.68276768027474,9.85141214965663
4.25288314723922,3.81115361615583,5.79247058588283,4.72320154039358,4.95110245217493,5.17775948038155,5.80953569632777,6.45428194138213,6.64061842914013,6.81490990358627
6.40835244064783,7.99817977009569,12.0772295312142,10.6279191142958,10.8108426957312,11.0503696915928,12.149405866952,12.9367261246126,13.1219367732838,13.349842741927
8.0493889700241,11.854145883027,15.821165499794,14.1346439004646,14.4815726164413,14.9000227781678,15.9313848554023,16.6175248889763,16.8042276536649,16.9541312941847
6.6153879129584,5.78307848664186,9.6107862856579,8.65539133330015,8.75340301290586,8.92837447126293,9.61228512651498,10.2548040639789,10.4426786769434,10.5808993450923
5.12371795420855,5.06531492359315,7.94345662308667,6.92755425617956,7.0103435659222,7.17759343128139,7.90598085906761,8.76489687650334,8.90357396067676,9.07776796922771
8.22632814675077,8.06132997615693,15.9392833118567,14.1698391755916,14.3670324799177,14.6628376127391,16.0584668049226,17.0166744265855,17.228433129588,17.4444357048101
8.20523562091989,8.44917965459691,16.1786131571179,13.5442981606482,13.9816516884189,14.6681602598816,16.3913838822296,17.2227043178299,17.4013133133494,17.5696278229185
7.5498557215905,7.15289403860461,13.6372435212177,12.3568055806937,12.5868162521279,12.843792002698,13.683228953526,14.3681299299927,14.5821250744001,14.7569468089034
4.10489090075703,2.90921923821082,8.78786317000313,8.05829154443325,8.14107986551637,8.25647748361858,8.76713456676948,9.30752912423532,9.48749332516081,9.58920591275182
7.9668529630777,9.51579861690145,16.4458835194763,14.9815027779679,15.2575885282909,15.4336969088066,16.3580128937817,17.6291839046722,17.9207270073777,18.2250829599644
7.05246400258733,7.48400282655844,13.7020378709296,12.6190898697947,12.815352056177,13.016524615651,13.7382480198254,14.3170951589972,14.5331347143942,14.6480352573335
5.36784565746671,4.13442400442908,6.01852146658418,4.66594156147306,4.83181129855037,5.07218961293884,6.10700242133988,6.75460418476902,6.94369908186731,7.0649118173833
8.52204025267934,8.66600879590353,8.61851574301116,7.6706855819177,7.8337823858074,7.98839590824976,8.56893220456634,9.34459612209064,9.56254909927022,9.76667500892025
8.8869512004842,11.4753017382726,18.2817533657035,17.1119301410155,17.222241360589,17.4583932967288,18.2698664964195,19.1293967033156,19.3975826088178,19.6465843449471
7.33548991605945,8.56772055764763,13.0075931211391,11.9633059307118,12.1200933135986,12.3368437545817,13.0279538406792,13.6545045140496,13.8251309257163,13.9506888400124
6.77711064235046,6.91206380564585,10.9427855108204,9.58714426325384,9.72621346027753,9.93154514641676,10.9779747186081,11.818486350595,12.0526722454193,12.2070272168432
8.68926198097019,11.5119902613075,18.39949590545,16.662279966984,16.819815953954,17.0695554265099,18.4057703920264,19.6872309234549,19.9397558798643,20.1439276395533
4.39993241596433,4.30550173327992,8.21628508539471,6.32259496601804,6.46359138832691,6.6822067382677,8.10549973645127,9.99811465934895,10.4138134624605,10.9000299067961
6.63092372296192,7.60589544029983,10.9555562082483,9.38086188711672,9.55115341264066,9.78673325594643,10.9984288115092,12.1207957433805,12.3118630277898,12.5237587576909
7.218856138954,7.46638153221436,14.3109200027769,13.1627503899766,13.3386470774879,13.5318223250884,14.3042328527358,15.1258033755056,15.3666266633457,15.5058480600416
5.82225251716493,5.78299853052532,10.2794667736426,9.0270846798652,9.13688009135848,9.28716199270351,10.1555682236724,11.4082111787402,11.6333525591434,11.8034715677039
9.10814815235394,10.544442932853,9.45382298974419,8.25515873896878,8.4099228465289,8.60874571143099,9.38268159008621,10.3993735420314,10.7753992540229,11.074806367558
8.32239275636853,10.1223419670226,13.5045449008968,12.5212158484657,12.6826411632691,12.8948731144092,13.5062518956246,14.1197559289637,14.318995023442,14.438804939017
2.57298604789601,2.51331394065776,7.11382592255036,5.7054067151621,5.92105866096421,6.2354975540798,7.14773047834891,7.94874448391062,8.19516033711448,8.36441860689083
8.00893933048054,7.23944634384829,13.7351214439634,12.720442942109,12.8344951309778,12.9898241125708,13.7099937767714,14.5205114898862,14.7332685285605,14.884324745179
7.24100401890115,6.5471997605114,13.5393417268934,10.7139032760106,10.9358477836099,11.2529238204586,13.9930859624133,14.8895438973293,15.0371308705759,15.2304891051122
5.97030734939271,7.79310728286848,12.4093984529802,11.1096844947189,11.3620746755184,11.56464122713,12.3672530070776,13.3737432468647,13.6428839686478,13.8317297415935
7.12012742074357,8.95176780350206,6.63317434547329,5.3432348369868,5.52964264259967,5.74500605770236,6.58704943641011,7.52979948614366,7.75571265109368,8.07224496360281
7.19855311407643,6.16964822745777,12.5990867940392,10.7715809262256,11.3408321627643,11.8218386708903,12.6778848661115,13.3290568980215,13.5065263583322,13.6400319049618
7.74582856647928,8.04494348505174,13.9029852122646,12.4940652214467,12.6519169688786,12.9376295193123,13.9174592657257,14.7866479114705,15.0443946597369,15.2150710856044
8.88789227017007,9.36240626284366,13.4008442045432,11.801193437421,12.0841911342908,12.3377841597066,13.4407235216392,14.3221855768696,14.5698953413808,14.7420025424233
7.4138236068935,8.71769825747566,14.1047044194372,12.0316119560159,12.1833907536877,12.5772381565881,14.3008786766119,15.1913918647502,15.4096827117111,15.5742655735541
8.60897081802104,10.5459909968931,15.1473571198768,13.964406254598,14.1010246258545,14.3267512428602,15.1449620136602,15.9330479774657,16.1385271631018,16.2842306483952
7.02948604747231,7.48236018815773,12.8479904458882,11.7698660328388,11.8888656662992,12.0530339146235,12.722860304253,13.8285106778574,14.0811674326103,14.2883737208809
3.20001985893465,3.03243712207122,4.8318532240778,3.88773695001209,4.01451719642643,4.17595126575918,4.80187680517667,5.54864491964668,5.73902061886878,5.8760780160852
6.99707611612769,8.33956998865771,13.0154324504201,11.4983010530048,11.7851351287989,12.133207205298,13.0843701094583,13.7357980300217,13.9514853408549,14.1129546721491
8.33394062436396,10.1468050119134,16.3650775425338,14.4669211465791,14.6770531378406,14.9818948960622,16.2541805581534,17.8498880056307,18.1207172257483,18.3529478218395
8.2315746255866,9.14420986718381,12.9742231761515,11.666126022311,11.8440400272275,12.0436876744894,13.0487282284588,13.7387522717694,13.9026772586519,14.0659284364941
4.46204271178481,4.20503352733777,9.72152907816518,8.77835981366061,8.9281323632958,9.10338308623568,9.72795018209354,10.3237437332949,10.4828972354855,10.6494447856502
6.28174628908783,5.16967163323357,11.3497178351178,9.81882140835645,9.97314476322758,10.2216374866332,11.294690595274,12.5777680113371,12.9088118039202,13.0171568927953
5.2116288260288,4.58850875516359,12.3433137767522,11.5151196484801,11.6040151561761,11.7464477864934,12.3170694265211,12.9771099188214,13.1518958045699,13.2729860636579
5.25599059557712,4.29465951567392,8.14820569697676,6.29267438256119,6.44449751449581,6.6782144966717,8.3724322158958,9.27786876206906,9.48463557517867,9.58439090999158
7.68622381311848,9.55145098364493,15.2965150051402,14.2473622461722,14.3685837635153,14.510800748741,15.2148186066086,16.2255057902352,16.443660059347,16.6076014650615
5.42818978011151,3.85902260424871,8.35513874052812,6.72557381131911,6.92566887122597,7.2221509252778,8.33796002801785,9.5017608760221,9.7251003833935,9.9258179232768
6.17533776889548,6.47114431825855,13.6773416481711,11.9020014788185,12.0418360101162,12.2678363092035,13.994945946873,14.8356041143712,15.0235350902459,15.1521392563335
8.09039627463117,8.72763303726196,13.8832485591432,12.4499386240062,12.6291309708955,12.9346795900466,13.8610370042228,14.8727191256214,15.1518148818298,15.3424065514431
7.50745131727831,7.93267023635447,10.6083094073817,9.56621283686301,9.75779167976568,9.95156653754388,10.6154877514972,11.2898687566103,11.4428489349424,11.6267343643296
8.10358926624155,8.49636200888192,13.5263555868221,12.1266454442751,12.2790018532878,12.4675317851451,13.5034134790536,14.6129519277498,14.8342390762654,15.0343931893737
8.32858861644893,8.91733464027897,13.1347339319668,12.0403593930623,12.1632860757863,12.3205596151404,13.0777022403716,14.0632295151111,14.3462017446558,14.5298065752183
7.5650910906111,8.63479279303368,14.0695071559241,12.1120525220222,12.3788707379281,12.8034859021577,14.1888589023207,15.1556206496158,15.3743373487424,15.5490282654017
5.42947323601785,5.1221737269111,8.26677384858905,7.33885358163254,7.4764688533303,7.65295043994073,8.22626392690679,8.97023013653158,9.14750062223466,9.30606095922734
7.75874053888495,8.82505252489062,15.7789872118308,13.3282197232517,13.7456038146605,14.7074280952493,15.9455706675178,16.7027558852909,16.8687133664645,17.0028856816986
6.56153414549503,8.78487649909804,15.9644109870878,14.1106951065097,14.3451368578228,14.6680642304033,16.0273977048509,17.0973154905902,17.4611247899636,17.7207608128146
7.30582769423743,5.96248319953584,12.3680715746781,10.0197180008419,10.4219307259864,11.0077649431476,12.4851143194934,13.5019418674524,13.7584519594061,13.986928519887
5.72225775085369,5.71701475755666,10.462943599549,9.46945561062563,9.58571266521277,9.77753239802751,10.4576806435195,11.1436826171284,11.3553209925366,11.5456710984937
8.2216706433223,9.14170521861216,12.1073041650046,10.8066698674121,11.0025015494535,11.2074278850742,12.1252676048627,12.9658631398977,13.1951363359221,13.3675441061199
7.77232536136043,10.2954236903351,15.1782044995329,13.8418786551814,14.013907046749,14.2218742541298,15.2125768743306,16.1188843273607,16.2904574101215,16.5288879165537
6.83210563468679,6.24907462571681,16.2869601766358,14.7309731882152,14.868445662951,15.0898919867183,16.115728150326,17.7607515662342,17.9944368652189,18.2526569004946
4.87797975565348,5.37513447661687,9.63790241226337,8.39619272856457,8.59929007659391,8.74588572678174,9.63200551419823,10.4747979381856,10.7570640446261,10.9690767297109
7.13996498915964,7.3547487796987,9.89778951696434,8.91998515952744,9.02817205504105,9.18489290606705,9.85795537216463,10.7248916251608,10.9392441646502,11.1365640689675
7.73296941170703,7.87616920758258,13.8311846033428,12.6320295620356,12.7791612511395,12.9418199489819,13.772417892521,14.8244523753513,15.086614300928,15.2536821996658
8.13216876069203,8.72531724884866,13.7342564308422,12.4683097432794,12.6350396103022,12.8866538063546,13.7516627593218,14.5369376437162,14.7662240205716,14.9500805803184
4.31665184049654,5.34406194884653,5.91337955987864,5.07506305270843,5.18018536093405,5.31460564961288,5.90369704743832,6.54079422365742,6.73268529970755,6.83384001885245
6.01023928759463,5.72797421833834,12.4409184624055,10.7879342925908,10.9198442928114,11.1880494454256,12.5945329094416,13.4432828919205,13.6123838483233,13.7497893868145
8.55173860136281,8.52351035059537,12.8081316843284,11.487256370243,11.6698352900413,11.9000563594108,12.7731240437697,13.7390210769297,13.9327119265311,14.1371211272464
-13.1943702598861,-12.8454782429931,-20.5495500853693,-21.9251492681136,-21.6518508637289,-21.4094800419962,-20.5891992380836,-19.6131726978695,-19.2671909969555,-19.0573369123193
-9.10111249544961,-12.127918494798,-16.3633353938027,-17.6888849340568,-17.4933459235482,-17.2579380335061,-16.3777701877645,-15.4681402387955,-15.2802747909449,-15.0166112793339
-7.78609796749819,-7.95441759222019,-14.4624987233987,-15.9170592587216,-15.7254242295045,-15.4576391557415,-14.4258185959305,-13.4814537735287,-13.2866547734281,-13.1202203067655
-7.96424509775625,-8.28094826572005,-11.0603420729627,-12.1978819374284,-12.0588116004711,-11.8105730094932,-11.0641471299589,-10.2653269117205,-10.0880500943427,-9.82811128826742
-12.9812040848007,-16.7555174939038,-9.47963735530365,-11.149382396557,-10.9887174219909,-10.6194319676658,-9.4901722715331,-8.31788247701292,-7.9743565042004,-7.77618688897177
-7.61417858962164,-9.49787403692833,-12.8103756500201,-15.1363492104192,-14.8472679840854,-14.5498154217164,-12.8383223663012,-11.0806653047626,-10.6637313392553,-10.4431466757108
-7.59615923280854,-9.38625806994261,-13.6994655012295,-15.2666283107216,-14.9846129903622,-14.7350657096225,-13.7994001642132,-12.5394377432823,-11.8912058297141,-11.4982058828978
-5.64569418567083,-6.77063909325752,-12.3852191780764,-13.8270842767182,-13.5807716958031,-13.3474838837376,-12.418685925684,-11.3771518818054,-11.0303485848561,-10.7467106616265
-7.7915961852993,-7.92987329936212,-18.1388794725234,-19.7920154660149,-19.6195073901404,-19.3350236544508,-18.1450064815157,-16.8985310142725,-16.5658806391977,-16.3261035887866
-5.67366567205137,-6.01995383302035,-15.8482718928013,-17.1833733892166,-17.0064266559706,-16.7757760018461,-15.842294416601,-14.9048465285438,-14.6268929724973,-14.393640119863
-4.6951802470965,-4.88582835962601,-7.25037275712906,-8.76182526240788,-8.51060551954187,-8.26918526025068,-7.18345547044088,-6.3359196162252,-6.11614812607986,-5.95365339125085
-11.354981306083,-15.0043121369831,-13.8502586979176,-15.5911146346981,-15.3058141940528,-14.9125305736511,-13.8763727508523,-12.7441080974077,-12.4604678757194,-12.1616696008549
-9.83683441414077,-10.8264498512463,-18.3892875857304,-20.0969106231062,-19.8241118707528,-19.5152722293128,-18.3439025518335,-17.3647951548876,-17.1098822708365,-16.9173739147632
-10.2924539018611,-10.7888810201241,-12.7486301028341,-14.6449434732679,-14.4683481961293,-14.2088980592354,-13.0077117126323,-10.8200695769762,-10.4910348561832,-10.2461905902732
-12.4862158005092,-13.9690267768078,-16.0549130815432,-17.8312258780867,-17.610466672627,-17.3229988502452,-16.0827798115026,-14.7881703495293,-14.4674802105802,-14.2975797732401
-10.1134903715899,-8.35248459496397,-16.3250775922777,-17.9933987097941,-17.6904623455666,-17.3804345634853,-16.3462793521686,-15.1766868865248,-14.8465978440007,-14.5728396747444
-5.91547194786149,-4.91212040639467,-13.511176372193,-15.2982227245846,-15.0750270387216,-14.770548320678,-13.4400602954031,-12.3464913458258,-12.1101789626009,-11.9318500400153
-11.0709020698603,-14.1629578149662,-21.5343706997152,-23.395198114942,-23.0354169556388,-22.7036437626844,-21.6131563408799,-20.1857605863574,-19.6620322544625,-19.2331623296033
-8.05456727562824,-10.765186024594,-21.4706328283694,-23.2268947482261,-23.066238733043,-22.7031289208756,-21.4715485162202,-20.2559346472798,-19.9548508075816,-19.7212662010687
-9.56347020538648,-13.6369104016821,-10.8504867342397,-12.3552453647438,-12.1550434766876,-11.8641711893726,-10.7996438281455,-9.94406855124484,-9.75776950917118,-9.6115140535774
-5.71588606749709,-4.14444215263566,-6.80292107716881,-8.12339204624552,-7.79299247429015,-7.52799339481424,-6.78296814433778,-6.08930572944824,-5.89122352642752,-5.7864520438638
-10.0063933292816,-11.1638960110856,-17.4993295864946,-18.8800044497315,-18.7411489043982,-18.5235038647111,-17.564126496126,-16.4076728331393,-15.9478287849919,-15.6249682468831
-8.73927913120519,-10.3548767941604,-14.1458741974361,-15.8857553584376,-15.6587621292195,-15.2794737145119,-14.1157351902084,-12.9543598078562,-12.7227986074641,-12.5873278244131
-12.9082045063228,-12.498675500211,-16.3332650371748,-17.6190692618383,-17.419564120756,-17.1725923940254,-16.325150552202,-15.4784794075412,-15.2103126864178,-14.9840755540049
-2.82321694806728,-3.37515831332837,-6.08244842716979,-7.23818405889186,-7.01843409890358,-6.79886976732583,-6.05956877812053,-5.4390587541333,-5.32585297665639,-5.14963122116184
-4.63436078292169,-5.11558347426778,-12.9050424794313,-14.374688807545,-14.2127401454604,-13.9117567394146,-12.8691957106644,-11.8814890702926,-11.673076457623,-11.4835229827976
-6.03094930752986,-6.33439391729681,-8.85353786500488,-10.3160867142771,-10.1850274183879,-9.88703554136493,-8.86246149000953,-7.78234955673926,-7.53035499516214,-7.36823466286669
-3.19297146679096,-4.21749944275572,-7.86537308961518,-9.25682360570222,-9.00096268095104,-8.72424376407901,-7.79189555193503,-7.13605897185282,-6.95237088294552,-6.7881017844356
-4.52676346437798,-6.34903680145887,-15.053295198713,-17.0950342597851,-16.704765783562,-16.4157022858702,-15.0223864066578,-13.7739729657554,-13.473773740253,-13.2452499410585
-5.23290391429308,-4.0896037715205,-13.1434945536094,-14.3253093043304,-14.183889497279,-13.9567119966128,-13.0987403817396,-12.4145692149652,-12.1804537557075,-12.0103980267335
-7.68827353948583,-8.58933053867078,-16.096267013554,-17.8695251180045,-17.6113995779981,-17.2809431283406,-16.2436829557648,-14.6001358404711,-14.0382574636722,-13.5998430342195
-9.69438156281792,-9.60595188946048,-8.80402053300806,-10.2322885828907,-10.0309121054145,-9.71583215781926,-8.75006469353432,-7.92033129250526,-7.7225612809443,-7.63158881701846
-7.52956992239862,-8.09170076063238,-13.1987230734114,-15.459396768601,-15.1810302542264,-14.7556349312271,-13.3139754328375,-11.5369581484707,-10.3680956785395,-10.0510281044681
-8.02028218024032,-9.3138844727466,-9.57678791258194,-10.8069815147984,-10.6493747969707,-10.4186674884008,-9.57327665909652,-8.76784028699858,-8.57556245643899,-8.45333341780572
-9.45887814564606,-8.63768319133964,-8.74920599384585,-10.4598264556342,-10.2617460279869,-10.0391586613802,-8.93937385726773,-7.1759752244217,-6.91829292722304,-6.72837508418391
-10.5560365845548,-11.3149779167556,-13.9621054011916,-15.4965952215949,-15.3450939814678,-14.9967757795939,-14.0414033001801,-12.7527934888679,-12.3661019775724,-12.0488931568727
-6.73386257979788,-8.01841101667294,-18.3630701877163,-20.3177262609018,-20.1133487758647,-19.7730454710473,-18.416056693213,-16.8892335127182,-16.5692883977397,-16.362962749079
-10.1421126777067,-12.0461230413426,-17.8178718135049,-19.1702385815426,-19.0218352491688,-18.7220637279315,-17.7627518143243,-17.005694844329,-16.786661255897,-16.6287067847894
-6.63993662056453,-6.32050109486894,-11.0176659774403,-12.2485233841372,-12.0820191914769,-11.8644329683497,-11.0034879734769,-10.208430577369,-9.92684850204173,-9.71899846443972
-7.01530380047938,-6.49899493402378,-14.8300722625691,-17.2241679005072,-17.0183183800709,-16.7328804325399,-14.5140357352408,-13.2775526887864,-13.0073008015307,-12.6927087913939
-5.75353915308201,-7.126915654711,-12.8459358735847,-14.2528382991136,-14.0799288225562,-13.7729763668556,-12.8507179957566,-11.81938203814,-11.5655512726042,-11.4155713496075
-7.87880161609949,-6.26305224223925,-11.3031863749896,-12.8418780789223,-12.6051128380882,-12.3746873041025,-11.2855898906849,-10.2190534871168,-10.0077559273241,-9.80284016710401
-8.27122195454515,-8.44544650335058,-10.3653269876331,-11.7321659789586,-11.5566858637068,-11.3020823758627,-10.3891997927615,-9.4127752424196,-9.18935644798331,-8.94855447325875
-7.99428357460282,-9.81383011635635,-14.1245841342266,-15.4284882757917,-15.2544135465742,-15.0456934598668,-14.2077514522517,-13.0718040681768,-12.6043310883603,-12.3388595322391
-7.97585734540074,-7.25712891443585,-15.5792326884029,-17.2555892973155,-17.0003586039304,-16.7805809880981,-15.59642484779,-14.3425383976649,-14.0886480945739,-13.8189438262525
-10.0649913330616,-11.6257186092429,-13.8648747230533,-15.4972309152079,-15.2892307235102,-14.9944759406054,-13.8288985575549,-12.7131798204997,-12.4118223378444,-12.1562204952729
-4.42829518162608,-1.50421919454542,-6.46807110173676,-8.04516313611662,-7.77149523399448,-7.5199756420099,-6.4290746036649,-5.51359658688603,-5.31986593739837,-5.21701801019152
-6.52169152870887,-7.45469189187774,-13.6109961211477,-15.046116092851,-14.8337111271685,-14.589385626789,-13.5745661750332,-12.7065478008287,-12.4731241505235,-12.2914294140097
-8.22508917934087,-9.91665127528475,-11.2473563191096,-12.6246736966732,-12.3835152884138,-12.1365548071985,-11.2547373755188,-10.3344942256394,-10.0778432822633,-9.87202994602021
-2.07128783809053,-0.961093756912866,-13.9168393851059,-15.138059103838,-14.9260871086507,-14.7428573892165,-13.9413474247551,-13.0868641518865,-12.8271016753893,-12.6596956154046
-12.6518481013781,-16.070765769136,-17.1702873613246,-18.7619224396096,-18.5607068095308,-18.2977743527654,-17.2401079072885,-15.9152803517335,-15.5822799111782,-15.1460648253818
-8.15057517760458,-6.90911321858284,-13.2542102829495,-15.0322215903663,-14.8048785084563,-14.5526760871825,-13.4604145767498,-11.6034255854905,-11.0010790064676,-10.6367930427548
-11.7598565093239,-14.1729117912702,-12.8408670645456,-14.1754792336549,-13.9965567582129,-13.7504610879825,-12.8331340255551,-11.9561576776279,-11.7199143208248,-11.5242789703315
-4.85986742680946,-4.14044840527547,-9.53638323939111,-11.4655007033203,-10.9910459427339,-10.7256172353283,-9.4331220061128,-8.4884640696347,-8.27564872222436,-8.03658875901449
-11.6291824966247,-13.5382865761967,-18.8053557401281,-21.2968195790565,-21.0572899958412,-20.6613930138876,-18.7853358455486,-17.1008865344715,-16.6696061198786,-16.4033897142867
-13.9856970658046,-17.6451381157483,-21.773908927384,-24.0406397130367,-23.7210469853462,-23.1179218282036,-21.7249254601801,-20.5342513437921,-20.1935314702808,-19.9371966821392
-12.1131051192497,-11.577872262543,-18.4863851074429,-19.8738983739505,-19.6568315143695,-19.4326796246807,-18.5122314245013,-17.469078315226,-17.2209954102336,-16.8260275320259
-11.0886862268525,-13.0767171997225,-14.9888765378484,-16.7453907049935,-16.4787520730862,-16.1774512310806,-15.1793797631235,-13.4497609399476,-13.0214118323358,-12.8121874614082
-4.42914391690999,-6.5129012843212,-11.2729720103454,-12.7635543165884,-12.4964894199655,-12.2685018736234,-11.2566560330817,-10.3014874676964,-10.0871256226146,-9.92034066266725
-8.77948395597423,-10.316543803873,-12.6303495669128,-14.3978853902811,-14.1741740963773,-13.9187059299452,-12.5860254211194,-11.4110268972943,-11.152983907559,-10.9320737679353
-9.22461557019054,-10.1357307273966,-11.2384282345652,-13.0316644071116,-12.7830931686687,-12.4337334889832,-11.1498367919839,-10.1847112551988,-9.99575923845234,-9.87090430048524
-8.8282846061816,-8.88980463154222,-8.65902569640691,-10.2166999494802,-9.94631538235861,-9.67001091440908,-8.72774082143232,-7.59206967981194,-7.0774123015042,-6.67491230106354
-11.520534957374,-12.144187757414,-11.3332901723727,-13.2704638980702,-13.0205165469502,-12.7146365391597,-11.1614354656539,-10.2071912761903,-9.94427487534728,-9.7805488806467
-10.3153864151652,-12.5186015325734,-12.6108536616704,-14.2275965761115,-13.9905323379103,-13.6632718327051,-12.5897964490061,-11.6172731980744,-11.3196452897825,-11.0870789452492
-5.42141117601028,-4.63564135965106,-11.6663694360614,-13.0944439691685,-12.8082932239114,-12.6222807633749,-11.6662720761024,-10.7212469106406,-10.4730673287078,-10.2168756964135
-13.2275631159809,-16.1152137921319,-16.6970903020462,-19.5068381449326,-19.0594483274586,-18.5224818902635,-16.6496175711075,-14.933267892299,-14.6239776201861,-14.3516901596203
-8.61170770671008,-11.1270709041666,-13.6685775005922,-15.0621308112101,-14.7820672806866,-14.5592807005447,-13.6485241747972,-12.80680486737,-12.5078428912531,-12.3350624152943
-7.90169182184563,-10.2576954031964,-12.4091875975327,-14.2668165976681,-14.0534470035366,-13.8047697355693,-12.6096737869428,-10.6349359471331,-10.1665469887884,-9.88624628034695
-8.36801296593552,-8.4370006536973,-10.4169278042237,-12.172593955692,-11.8695614104855,-11.5966187172569,-10.3263655293194,-9.41683370986681,-9.17378024820792,-9.00541691468868
-10.0858312375322,-11.5901401426069,-16.5144993550367,-17.8047915767295,-17.64058518568,-17.4434235048131,-16.4998487156191,-15.610738351889,-15.3889003686621,-15.2399630112685
-6.32549434655361,-5.7137573822355,-10.4054799043861,-11.6211632268158,-11.4171523626931,-11.2409291778791,-10.402182098069,-9.52691604202181,-9.31251971571292,-9.07957945389658
-10.3506526691918,-11.9582821669944,-18.6728591475257,-20.5435269135467,-20.2814108189072,-20.0260603104289,-18.8820813659289,-17.0018004443889,-16.6228453655745,-16.2482469011283
-9.76826038085389,-12.6888536018843,-16.8661412938971,-18.261434382878,-18.0577037876941,-17.7889758905292,-16.8696543633884,-15.9608979458209,-15.676272827959,-15.4820648686128
-6.40437270291636,-8.73079348606731,-14.6238935238742,-16.5940496146524,-16.3560399211547,-16.0536514709866,-14.7979329945312,-12.8666619594791,-12.4768779176847,-12.1707738892536
-7.66890866581716,-6.49246508270613,-6.90080449029596,-8.45393121126997,-8.25541463450795,-7.89502745004452,-6.8638086838733,-5.99905190411236,-5.80585050020359,-5.64840657227639
-10.4356159669467,-11.4724744092147,-9.90314419661754,-11.5969409572463,-11.3508673337192,-11.0103463765551,-9.80798516281121,-8.90722470186789,-8.64641247152698,-8.41971673097751
-8.25620678437302,-12.2585202495935,-18.8591684575785,-21.122570614751,-20.8282993874465,-20.5720320210218,-19.1166875772937,-16.692514761928,-16.208511118311,-15.955651331765
-7.0506220286465,-9.75345588965295,-9.1854769850917,-10.7557501657823,-10.5283995436877,-10.1787077239954,-9.2390886676588,-8.01243915247594,-7.616279282275,-7.32296891050915
-8.01342595630552,-11.0456556887089,-13.1852588753718,-14.9848033808401,-14.7888125220557,-14.5034747117836,-13.2807455676938,-11.8088919059804,-11.5011193107634,-11.3360060987457
-10.5360000243225,-9.73221482065263,-14.0461964784748,-16.5175886158174,-16.2259583322046,-15.73390865098,-14.1035187282846,-12.3092163683324,-11.9798298972993,-11.821424693056
-9.46162873511218,-9.8022811131024,-14.3555848248831,-15.4996940111229,-15.3249234164423,-15.1241804630029,-14.3469872314713,-13.6251370055851,-13.4048820645617,-13.1818454926683
-10.6348426817424,-11.180313085491,-15.6599479643554,-17.5966026164775,-17.2755054013512,-17.0070854847435,-15.6287444995501,-14.4166542094081,-14.0882104625508,-13.7229718562583
-12.4862775535629,-15.2727313250925,-17.8312005451976,-20.4228076567704,-20.1302868877508,-19.7403002788938,-18.1398763709504,-15.4803137122139,-15.0970900432675,-14.8001138653759
-7.64559911499949,-7.93558961365808,-11.8852564008935,-13.4349764986338,-13.1487459086996,-12.8265828341257,-11.8904669891732,-10.8807184285893,-10.6710931301864,-10.4473398241663
-7.91736761363466,-8.17367443013952,-9.58588634924388,-11.3821147592834,-11.2188019548011,-11.0204737573731,-9.7901976372734,-7.91089575818043,-7.61708274693322,-7.43855468034729
-8.63865583340735,-10.6534813574092,-14.2706677387237,-15.3823545661792,-15.2067890076288,-14.9703490042767,-14.2686317272748,-13.5308683335848,-13.3002186667349,-13.1424993931307
-9.25126298403387,-11.3988172569241,-13.7873910152036,-15.7685383749941,-15.4326417165304,-15.1692518350346,-13.7434628571287,-12.5014010636145,-12.2105621672605,-11.9891791794717
-5.96701016684644,-5.31070266271242,-5.14122271242252,-6.18603353578067,-6.04385360906956,-5.82243315577634,-5.15079050324521,-4.41761359896228,-4.24144278608798,-4.04412870424112
-5.53598110264098,-7.33449012579328,-4.93727139548327,-6.70547103082229,-6.46114743303507,-6.12537070037604,-4.75173777114412,-3.97149231790446,-3.8079060074201,-3.68005623545318
-4.29645114905734,-3.90773133474461,-8.96187644728412,-10.141353108258,-9.923421725072,-9.68843168086448,-8.95538388503818,-8.24542271606359,-8.06969910199845,-7.93431928873662
-7.25157725462343,-8.44028322118113,-10.5767344028699,-13.0173973252438,-12.7956747734481,-12.5009901048418,-10.879514957588,-8.11239714412961,-7.72986726617277,-7.41244127490967
-6.84831155265438,-5.46600413315378,-14.3484298383373,-15.8239296008495,-15.5885116557444,-15.2731193712691,-14.3451622388271,-13.3745548224185,-13.1183887395029,-12.8824545927465
-7.44073213755867,-7.44551014167352,-14.8506313352653,-16.1755008377285,-15.9817379036725,-15.7098657602864,-14.8458413493234,-14.0113123169164,-13.825275682903,-13.653361067095
-8.25882978813483,-9.2890447323744,-12.6036010377724,-13.9284146518421,-13.7206342764126,-13.4435431285259,-12.559953859859,-11.7963390566515,-11.5352876651506,-11.3770874030075
-14.0602321612516,-17.1904937911165,-25.8926784415573,-27.0884467908793,-26.8697674413932,-26.6777532624371,-25.9003014567232,-25.1011751743525,-24.8783846308375,-24.6312987533618
-10.4989642993423,-15.2004923306959,-17.70100973309,-19.6241170682532,-19.233172672392,-18.9247089727311,-17.7999165263919,-16.4352318084981,-15.8995085212832,-15.2698620373985
-10.0402016612688,-10.9925716652768,-16.2734334853965,-18.0459922913517,-17.7086931795312,-17.3063873299505,-16.2454637585494,-15.2663217974132,-15.0224428069623,-14.806325211203
-10.5914320770689,-10.7749056455511,-14.8311742181046,-16.4373702250519,-16.1890664336548,-15.8953183877685,-14.8461475573475,-13.6803181948863,-13.4836653285128,-13.2469952695029
-4.62536330149921,-2.395423073831,-10.2774806186253,-12.0148908183448,-11.872139433455,-11.5840606361915,-10.311285203946,-8.90477522493658,-8.68328794144677,-8.43714272406181
-9.69504356774551,-10.5370811506936,-12.4541035962122,-14.0327717068697,-13.8384042907586,-13.6136222418767,-12.5510661520567,-11.1911926197038,-10.9020903438765,-10.7616126984344
-14.1493892730296,-17.6779688909635,-14.9563840741462,-16.8332993617152,-16.5134208178943,-16.1984463000112,-14.8327438916214,-13.8823583896486,-13.6912678090291,-13.4468294490293
-5.10847646284648,-6.07492760393747,-6.73369065966697,-7.89694138068603,-7.71591701590843,-7.5006462696553,-6.7381849423289,-5.96553796163779,-5.75623662722268,-5.57128962476463
-14.7052883527639,-16.9939050149992,-18.0602638663103,-19.7934734845162,-19.5532913717779,-19.2865566675488,-18.2160895295918,-16.5462245172377,-16.2716767088174,-15.9857838471179
-2.33142101905332,-1.94367554443607,-6.84945584760052,-8.93268308671804,-8.65668912808126,-8.2742844008037,-6.80300371140435,-5.56568025440098,-5.2550801928565,-5.05012398635672
-9.3003251985392,-10.6733620516684,-17.8998525951941,-19.7234699420833,-19.3816728874649,-19.1472550194214,-17.9753866397226,-16.5397538421423,-16.2498203567904,-16.0281188650068
-2.61419687730429,-2.21059846612067,-11.1145379447029,-13.0075660485205,-12.7582492797883,-12.496002301163,-11.0439684354566,-9.87085906043861,-9.62597636848291,-9.32956976371967
-9.79851319962368,-8.86326381302155,-23.9761039690172,-25.8362726535022,-25.6002990487236,-25.3228489973995,-24.0332328990362,-22.5078187448225,-22.1505375652686,-21.9568429361974
-7.90861992617606,-10.2102627209062,-16.9422475967892,-18.6050098169565,-18.4245062479626,-18.1999950045639,-16.9018812473032,-15.7428182627771,-15.5212675473046,-15.2491644535351
-9.39206422719369,-9.83457590433924,-15.0400244404462,-18.5598926330707,-17.6951463904651,-16.870858656629,-15.0400628510202,-13.0896612020307,-12.811878933492,-12.6411464144396
-9.83303875000155,-10.9079653661171,-16.2888193801399,-18.0843827134852,-17.8049571510504,-17.4708407742066,-16.2397416400304,-15.1971363762512,-14.8856804016486,-14.6661338065997
-6.68614436731915,-6.89441865919464,-17.4284804676991,-18.7836574069375,-18.579136742509,-18.3647413287609,-17.4339684852056,-16.5586984200615,-16.2981206151896,-16.0986922440963
-12.2242212494083,-12.8327346639283,-19.1660050668808,-20.5521714371432,-20.3026295290215,-20.0481811752968,-19.171401332193,-18.2902452147842,-17.9901018442199,-17.7692216834712
-7.54164138267936,-7.05570342209199,-10.9228040962403,-12.5460900694584,-12.2571886817284,-11.9424571168691,-10.8938257832306,-9.96528463514184,-9.70249484978341,-9.45411147750606
-8.07350969832918,-6.11557289565432,-11.5528882633678,-13.5589792447015,-13.3283956431427,-13.0049472093134,-11.6310890685498,-9.95278207869962,-9.56074663532202,-9.30271058637109
-8.71058405290434,-9.6041258978318,-10.2011230181962,-11.4771913138726,-11.2624912767719,-11.0747403682178,-10.170063890746,-9.40632721567785,-9.21886821581534,-9.06467322158957
-14.0600851507214,-17.4460003919268,-16.1734638233725,-17.6027113509674,-17.3752549606692,-17.1424508284876,-16.1692219573942,-15.2956510407819,-15.0553720589243,-14.8710012542083
-10.2390615911853,-11.5705712538512,-14.8188589107602,-16.273467454685,-16.0639197978838,-15.83959902681,-14.8893707166204,-13.6821906448181,-13.4167791820872,-13.1575468328913
-2.1731938990816,-1.5981574162305,-13.1437109702067,-14.4354391611273,-14.2149091755059,-14.0093394808552,-13.1354473067278,-12.2560357233194,-12.0755307318812,-11.9325487225596
-9.52175058860023,-8.96530194202658,-11.0362518969386,-12.4016674070619,-12.2103675831862,-11.9513059408587,-11.1059193648269,-10.0556626415515,-9.61643272358231,-9.18979566495762
-10.8521754332327,-10.6465602927389,-18.1979092420499,-19.3891470444953,-19.2592181989766,-19.0720094699214,-18.1959762386533,-17.3191201715908,-17.0834916759431,-16.8837155357273
-5.71919690409767,-5.7695856744334,-17.9002643613529,-19.821063761516,-19.6158566283901,-19.2911913111346,-17.9865210357227,-16.3090678718115,-15.9150248001849,-15.7216287282041
-3.41619176978903,-3.70506080557057,-5.44851408897129,-6.67840923230196,-6.45886589737239,-6.22593724796398,-5.43951402208178,-4.64648245394686,-4.48895561371721,-4.31503808993712
-7.10479201475013,-9.07429996200666,-11.122548856964,-13.4032223115025,-13.1895380477568,-12.891657507444,-11.0924632609496,-9.26659618880226,-8.92554061762712,-8.59505829278478
-7.66461226222315,-7.21292668816908,-10.6846967082988,-11.8631500296789,-11.6429113337774,-11.4508534613152,-10.7053781505917,-9.84557040219052,-9.63229366522541,-9.47331001949773
-8.35826086299551,-12.2054872130899,-10.4295269138355,-12.6151704673219,-12.2257316379796,-11.8796113594018,-10.4734542486039,-8.77272198953082,-8.34442979834716,-8.07802385447681
-4.48129304057678,-4.06841191143698,-9.91425843208069,-11.1087579632411,-10.9212500284537,-10.7024287051573,-9.91251433868803,-9.143448784273,-8.95238472613865,-8.7997076978574
-5.9144266223801,-7.27978701292277,-16.6348560501491,-18.2282440156545,-17.9951489394484,-17.5894831123996,-16.5710587270851,-15.756538470488,-15.5188401355045,-15.344330372189
-10.1438214246999,-13.5862384318089,-12.3713479760008,-13.8363067551265,-13.5952086705382,-13.329951018819,-12.357554610424,-11.4201733398469,-11.1995374701033,-10.9815410462597
-13.8596509176093,-15.3052639955794,-21.3299046472994,-22.6279945101885,-22.3960281546609,-22.1926746838861,-21.3695491395781,-20.399010440478,-20.1940833408573,-20.0176611422439
-6.53393283025517,-5.49124886148491,-10.1980872295997,-12.0873180757619,-11.8666681702347,-11.5611429583318,-10.1602227717284,-8.84462973535149,-8.57376714763017,-8.36906926528069
-5.48317718024588,-4.35402896951521,-8.30518654405675,-9.95218851318213,-9.73269635518893,-9.51251148768259,-8.28890789170346,-7.10405097962008,-6.81793857526919,-6.59394024735052
-4.03664272550091,-2.52512042589496,-7.22368819615234,-8.56933451163407,-8.32373348787406,-8.06511790349554,-7.19483629052385,-6.38166816831885,-6.18237013943146,-5.9698908978981
-5.80501507043645,-5.27621053519945,-6.57692149340972,-8.14643912069752,-7.89213747025468,-7.58305600063994,-6.57935787055372,-5.59064005967751,-5.38741586129685,-5.22432058345599
-6.6768177600997,-10.2996906325748,-10.5272769008046,-12.9254127133136,-12.6973667678072,-12.2999034086675,-10.5261828319892,-8.7707458655367,-8.50894193436736,-8.21385329226282
-6.72997133485172,-6.48836659940579,-9.32661012188077,-11.009515101842,-10.8012304187122,-10.5380039922666,-9.28607856341932,-8.23171377040807,-7.94601297298735,-7.82032404603937
-5.32765737693028,-5.65625236367638,-9.92963346091896,-11.9060206527642,-11.5761075847151,-11.3136362537358,-10.0468964449993,-8.50733904663391,-8.22357021488627,-8.05936122492446
-6.53838694671344,-9.2651673849541,-12.0025771835616,-13.4512698900947,-13.1724127387805,-12.890638636827,-11.9925783509897,-11.1113485314196,-10.8906359865337,-10.6807161557751
-7.36578760854207,-6.80911816992501,-9.19548326745459,-10.5558629580924,-10.3800741401637,-10.1412151912816,-9.17202811992002,-8.30207145260138,-8.05429517763638,-7.85715451281948
-8.5349435255942,-9.59862343441333,-10.1988254460806,-12.6942983289069,-12.4876570874009,-12.2380546098336,-10.1552936945379,-8.13890147246667,-7.87906491964884,-7.67781706618353
-13.50058339021,-14.467314348259,-24.0270714570348,-26.4894751688501,-26.1304242528039,-25.6853932170201,-23.9759344488674,-22.5096932462148,-22.0261951189109,-21.3731416963885
-6.26377419358482,-6.27727694375459,-16.82136207141,-18.6558870751927,-18.3774290066972,-18.0562199052149,-16.67562503943,-15.8162695159979,-15.6176564299836,-15.4366536067036
-4.37096997979608,-2.8979285174077,-5.35337733511716,-6.34701424973857,-6.16593670520634,-6.04248190150724,-5.33277057563036,-4.73949290250473,-4.57625785573188,-4.39473412471635
-4.96618628793063,-4.38333829172416,-15.9597755182874,-18.6170339816108,-18.4072703055137,-18.0192086180498,-15.9794135868494,-13.9829016880412,-13.6316997882101,-13.3712024054452
-4.48742662429706,-4.25444858706685,-7.51481514648481,-9.00760461902446,-8.75381741151927,-8.48225412942216,-7.53074374111226,-6.50527382604031,-6.27762393799214,-6.11928679254497
-7.41755978056124,-7.71403854313163,-11.4672719135796,-12.8799230579777,-12.7021445811339,-12.4861076274018,-11.4316944587264,-10.4828600039895,-10.2791152549704,-10.0139083522511
-10.3679522030599,-9.87255595860925,-15.5766103856495,-17.3630688299329,-17.127553744344,-16.7969316364656,-15.5656582882384,-14.3378184986649,-14.0520770676306,-13.830504727548
-6.40217414873095,-6.15032522116803,-14.0198306919478,-15.7857600409614,-15.5080744972281,-15.1950891852073,-14.0610872349283,-12.7673520008393,-12.4699453778652,-12.2472218224953
-11.8137291267192,-17.026876576202,-17.8983049708161,-19.4557920864126,-19.1841252521543,-18.9390570187772,-18.0006848575366,-16.6308764280661,-16.1921448195913,-15.9736151984761
-5.63435992550845,-5.3477210243121,-14.591700878047,-16.1266511501161,-15.9343725009772,-15.6327532295594,-14.6446599684036,-13.5918288110757,-13.0444632221577,-12.4924515866134
-3.65838848579777,-3.62495331263485,-6.24259465539703,-7.9705866482717,-7.7569680619228,-7.52649394521249,-6.22918431234708,-5.02563347205237,-4.79194647786688,-4.59315792326734
-6.33292337470461,-7.86475657695766,-10.1140148138176,-11.9181174897379,-11.5259850788564,-11.1803211819247,-10.0304497039832,-9.1572591859066,-8.96129664346487,-8.82047490433312
-5.86850131872041,-7.09757162430853,-9.0066861930064,-10.7022072989279,-10.3882295767369,-10.0340409017831,-8.93276447788369,-8.05774465900427,-7.8787118093983,-7.67730931497837
-12.2306911052555,-13.746179434385,-16.7323310596922,-18.2429753009137,-18.0647333866158,-17.7346456818367,-16.7566164735671,-15.6788570649761,-15.3631416703615,-14.9239461217506
-10.1571278988685,-9.92244917121309,-14.850703589233,-16.9049916821541,-16.6930776574882,-16.4078291581782,-14.9772770351786,-13.092595010447,-12.7068819359955,-12.3920916732645
-6.85150323349575,-5.82675193628535,-10.5776398216524,-11.7592676046734,-11.5681842806515,-11.3332136646007,-10.604150286209,-9.76032147633459,-9.51085904251928,-9.25146184202826
-6.4253021169372,-8.45839929787611,-19.5782324326911,-21.160212515712,-21.0066424287633,-20.7487796878449,-19.7281069277088,-18.2590315133909,-17.4885939592993,-16.7962456691958
-8.77744791277592,-10.9894116685136,-14.1941737924057,-15.6519704456037,-15.4544093688392,-15.2364812721771,-14.2447217847716,-13.1204001891061,-12.8667307339115,-12.5691560661668
-5.33088327523712,-5.41136468048902,-17.729206085211,-19.320949715658,-19.0700011115852,-18.7409553496688,-17.711908031497,-16.7438717343355,-16.5184375977014,-16.3051351648624
-8.36799447525956,-8.89366778314696,-16.5739099193792,-18.9889731868839,-18.6218749537883,-18.3083811231942,-16.4336878990702,-14.9865992442637,-14.7244330802308,-14.5683682892967
-13.4560998205448,-11.2477085903597,-11.3686398626024,-12.6543793485664,-12.4791458330293,-12.2712552574379,-11.380842148076,-10.4867003015465,-10.2221407446314,-10.0424606869263
-6.88847179562772,-7.86891626785447,-4.4126952170018,-5.52939400158328,-5.30018214182847,-5.05378901419744,-4.39033755537029,-3.7653783903619,-3.59006843431967,-3.46355269686962
-3.62881997980161,-4.68344407972661,-8.36476035657842,-9.61945994469383,-9.44052570442947,-9.20076116745104,-8.34166556251503,-7.52084976870509,-7.27653798630416,-7.12853125272478
-4.52303995406903,-4.59415283009084,-6.02034407914197,-7.41327498595367,-7.19262655489245,-6.93400640812862,-6.01089393421031,-5.09392074872062,-4.85685564216036,-4.6967846959979
-11.1371820850951,-14.3570286149987,-17.3491967368863,-19.4545907958003,-19.0653879485577,-18.5615444334897,-17.2950376295775,-16.2817488415281,-15.8534654184795,-15.431322707471
-9.12726656226722,-10.7338922955731,-14.2582622807136,-15.9732134159293,-15.7817890849233,-15.4496350842721,-14.2277368529972,-13.1370832668377,-12.8552186452409,-12.662880399827
-5.46415192883792,-5.48033931777448,-7.03881788791556,-8.79740145564407,-8.49162983610933,-8.08123632556521,-6.94726782164146,-6.14096516698598,-5.93531004089468,-5.81233967008816
-4.96988476313159,-4.67170949682437,-12.7981773825069,-14.4227957366085,-14.2078113263062,-13.9467594812919,-12.7569621300102,-11.7120773431664,-11.4739174584159,-11.2387416462218
-8.12870767898709,-11.1191010000255,-18.4136506060562,-19.7608921997747,-19.4514873820656,-19.252219499277,-18.4254137539594,-17.5625603696582,-17.3237744524035,-17.1243393787209
-13.1557348238625,-15.8534965419033,-19.4140076016688,-21.7991329617963,-21.4947099683079,-21.1252304986006,-19.2709215551496,-17.8901859715309,-17.5651651429377,-17.3168509170437
-7.38710587937341,-8.10424625029773,-12.9783339872299,-14.2899301432169,-14.1367103974144,-13.881510946889,-13.0655515963438,-11.9281449645635,-11.3650418679608,-11.0565580252382
-4.04872369699248,-4.67773341992593,-6.77537950236167,-8.25178392483268,-8.02073299091918,-7.70532197354911,-6.70163393545677,-5.93688654243019,-5.75268040585843,-5.57043329278056
-9.39259895313763,-10.4879272807644,-14.6365256831106,-15.9875415022548,-15.7023548752817,-15.4909888706794,-14.6322141856281,-13.8442245053277,-13.5609002825409,-13.3044155877837
-6.88256069509733,-7.29263430343183,-9.30089731765227,-11.5116528235868,-11.256364471257,-10.8838102031263,-9.17710857208242,-7.92031015926257,-7.68595395002485,-7.52635271126674
-13.2734975351529,-14.5399127809147,-14.7179155707927,-16.2105103364082,-15.9995023125184,-15.723298619538,-14.8081600859199,-13.5375623472753,-13.2792792127174,-13.0584772743811
-6.57352148652461,-6.41691866006109,-14.8737855046493,-17.6016126190143,-17.3095843441997,-16.8060105867279,-14.7745376367706,-13.2080285397778,-12.8696159175146,-12.644315199019
-6.90709639641409,-7.77893434709566,-15.6986814839069,-17.0974767470139,-16.9375326479844,-16.6690015449058,-15.7630512569835,-14.6592119559965,-14.1921347914383,-13.6244088918958
-2.00341336473131,-0.615469490969643,-7.06280386310111,-8.3387921745017,-8.14528034005204,-7.87235791878721,-7.03923420399437,-6.25058419751682,-6.05452763420124,-5.89452128252895
-4.33441833631301,-5.57386709232985,-14.3637418756351,-15.7531209570243,-15.5791883410475,-15.3488837585515,-14.3845784122603,-13.354357875094,-13.0308736779691,-12.762217478774
-6.80697464158427,-10.0572725612061,-8.06870464725956,-10.025044523629,-9.82302127147447,-9.41142181054955,-8.02927851175541,-6.80437430996197,-6.58018288598594,-6.37791398122212
-7.96893802960029,-12.3635973451836,-12.4269326113804,-13.9516093345397,-13.6718551334163,-13.3737899549534,-12.4194124006433,-11.4969938627826,-11.2272583193164,-11.0168063123024
-8.59208204730695,-12.0433026723338,-12.7924019016124,-14.0764156015854,-13.9142129170818,-13.6524004942782,-12.7860767921774,-11.9556014191519,-11.7277454126881,-11.5403364493256
-2.65475206051537,-2.04516317015011,-9.03674548155781,-10.3610697334105,-10.2069247869243,-9.99429658000266,-9.19696645934754,-7.79229490029761,-7.36075355301428,-7.03282991713847
-7.90503702505129,-7.88740773219023,-12.150181859298,-13.4395668704436,-13.2829685863221,-13.0766913901935,-12.1723364889825,-11.2183467076255,-10.9583863707955,-10.5577758554915
-7.69146466988084,-8.99717519996715,-13.456907578185,-16.1418218481609,-15.5208134768709,-14.9272618121732,-13.2089244209263,-12.3283187438324,-12.1512327294144,-11.9761376176931
-7.99040437285429,-9.97691404457479,-18.739903130599,-20.6754541976931,-20.4486985822676,-20.0700893367201,-18.8149423478126,-17.2208093907452,-16.9191626792732,-16.6895330208062
-11.5979420566847,-11.7878280023638,-24.5037761907472,-27.3311022487691,-27.0079053013969,-26.5732008043961,-24.1394833858612,-22.9132085675685,-22.6483156068084,-22.4401035288154
-8.04560161274171,-6.56392746914887,-15.0356837305111,-16.1994426887602,-16.0843165133599,-15.8190465775026,-15.0290311980854,-14.237478690229,-14.0350914159759,-13.8698695888663
-5.16797583458862,-6.12029034035651,-16.4061415401659,-18.1536251879829,-17.9700022319037,-17.6964802087246,-16.3344542280382,-15.1906351653249,-14.9581139298426,-14.7430518407073
-11.0631273325731,-12.4948797986509,-16.9941711164694,-18.4314435016105,-18.2464615242057,-18.0482797422307,-17.0516007557941,-15.9135040042649,-15.4673137960113,-15.1690435848879
-9.8547202317413,-12.3933414605457,-14.1607926934802,-15.5489448274196,-15.3359485351514,-15.1078477854773,-14.1713647398393,-13.1933322543926,-12.9411638099714,-12.7216086452101
-11.7292394737088,-15.3158595017159,-13.6763471134868,-15.4022590854026,-15.1274272640173,-14.871426500636,-13.8101848493952,-12.1887330282247,-11.9245960502805,-11.6045577106791
-4.36210377062155,-2.72093238844657,-6.48023418265101,-8.33874127821961,-8.12599172222347,-7.9148105302516,-6.49476107003802,-4.91400663440352,-4.57176523479376,-4.38914535236522
-7.28274247536375,-7.39302731297555,-7.56727360517053,-8.8458058596954,-8.67401453241581,-8.46340314500407,-7.61798086496168,-6.66148656800195,-6.40004531017222,-6.06855695397109
-5.0376257163974,-5.81238502140685,-16.6531453499925,-18.76574817023,-18.3548664603153,-17.934836817408,-16.5317643101433,-15.6541800662984,-15.3577087759283,-15.2045463509802
-4.12396184455477,-5.32650026966891,-11.2018799652164,-12.7287691465005,-12.584681030994,-12.3118482931041,-11.2075975848426,-10.0902356440534,-9.77486111656632,-9.5236389404864
-8.29479574737742,-6.65463366879433,-8.72818478769532,-10.732692708456,-10.5023321055873,-10.2577521192044,-8.8691566036163,-7.0790137612901,-6.85968631476185,-6.6773741771804
-8.23123048465824,-9.42799461742311,-17.7704694268011,-19.1993660848224,-18.9650074299755,-18.7217217985126,-17.7610366031431,-16.7744810678216,-16.5479666271376,-16.308670837022
-6.73592868600696,-5.84047544763381,-14.3699503553743,-15.8037806678182,-15.5278415410989,-15.2363234327582,-14.31974091928,-13.5562341726623,-13.3569300561023,-13.1946582274873
-5.38420736451359,-6.89779942614719,-9.03826595081379,-10.5049296785071,-10.0837195605445,-9.82593965007985,-9.01721154820686,-8.22314164756275,-8.01786382321982,-7.8295799677379
-9.43126786623113,-10.5233976986089,-14.8947765566965,-16.4313696672479,-16.1391743763847,-15.8273690722734,-14.9280832276971,-13.8849441285538,-13.6917283530049,-13.5421407184189
-3.86844827226085,-3.4681478025745,-12.797865041603,-14.369555220638,-14.1713716839987,-13.8780568735182,-12.8713007851059,-11.5160312207444,-11.2715683864589,-10.9822186445032
-5.27034921091002,-4.46177894980496,-13.730546976901,-15.1893697472824,-15.019576136951,-14.807224852345,-13.9013134802633,-12.5399302920493,-11.6049717692769,-11.1154568812092
-6.32734101586739,-5.94403310502781,-9.90977023911955,-11.6195169253486,-11.4902516676238,-11.1354141793132,-9.91762793194477,-8.5954155050108,-8.25993078030565,-7.93994386239734
-7.56107691889094,-8.16949012156409,-14.0594025572468,-15.5691300438081,-15.3308202482754,-15.1262496353931,-14.2341847604991,-12.63599689892,-12.1785553388275,-11.873882320925
-6.11311184177561,-6.41499085452656,-9.32221453986888,-10.4931571602878,-10.3167506119558,-10.1061260950373,-9.33147969951214,-8.52481961869528,-8.23740568073423,-8.06901553190914
-6.76950713992941,-7.70513144515544,-14.7356684311609,-16.3977350276156,-16.1519664805442,-15.8713356273129,-14.8331624656622,-13.3170876746803,-13.0272449158332,-12.7711524190664
-2.48418932010486,-1.21815379047989,-5.09023610029886,-6.21144042714086,-6.03527921189086,-5.89490741432023,-5.18260809203487,-4.11866912834311,-3.90346004480964,-3.75666539132767
-5.2663146433013,-4.22019744644736,-9.90119543145824,-12.303932148035,-12.1282909855469,-11.8083860622975,-9.6738753533499,-8.38994834343578,-8.21107312403797,-8.0248217617156
-10.7223107119547,-9.98060743106533,-14.9928139466733,-16.5727997189761,-16.3480082512924,-16.0729728058985,-15.0219905279249,-13.8420955485323,-13.5196426105427,-13.2255976288301
-5.40742950114748,-5.03715942343164,-8.60562119616759,-9.6720808999941,-9.51534813868576,-9.31044937360984,-8.59449906247507,-7.89124384921179,-7.68509143658102,-7.535471166648
-8.95347057255952,-8.85861708103331,-10.0455325723907,-11.7639720377133,-11.5842262717744,-11.2790707304087,-10.2150913182595,-8.43093480757351,-8.04317821781745,-7.7827362882693
-4.8018164387498,-5.93396223727839,-11.8517214415271,-13.042424749333,-12.8717549570617,-12.6720676831645,-11.8369209232698,-11.0662434806777,-10.8308370085211,-10.6726408233577
-8.69805257368174,-8.76922765825435,-16.2025871481664,-17.3253916680765,-17.1835329746534,-16.9872206060494,-16.2402768866003,-15.4190149606392,-15.188041710142,-14.9456342420702
-7.4224233306621,-7.69263676825006,-23.1022814246887,-25.2265902767889,-24.8700530776436,-24.5839657984523,-23.1838268220242,-21.433659626549,-21.0377781488838,-20.7638389671502
-9.74512396324851,-11.2997264327442,-17.9505813884028,-19.4080849069529,-19.1784504608576,-18.937697899333,-18.0053554237098,-16.862561548705,-16.6650567237614,-16.4746594586853
-3.87350574350739,-5.64549245013967,-12.9133400904985,-14.4222405699371,-14.2152995906667,-14.0180090969437,-12.9671452853364,-11.7787940743596,-11.3268119159614,-11.0380210675333
-6.39900810695795,-4.88705806407228,-8.00448849132184,-9.296660183775,-9.03897566809415,-8.83487023142431,-7.99783654538502,-7.20811047016345,-7.06107347292108,-6.85668639396953
-9.15258713771479,-10.7072214635547,-16.6854182246728,-18.7249580267651,-18.447502378584,-18.1753362143819,-16.6449876496318,-15.2104037700067,-14.8624572055654,-14.6629333723455
-5.8711681234505,-7.08324196332211,-17.3626466223072,-19.0340439453307,-18.7596140082158,-18.5273765688791,-17.4939897360366,-16.1032584053896,-15.588089311531,-14.8662979507303
-5.74319080798927,-5.40138309723455,-7.63001904798356,-9.34199911567156,-9.18107429867416,-8.89854028048221,-7.60720653453909,-6.44821941424269,-6.21795095154533,-6.04764841465684
-7.45774237472306,-9.40073935359055,-13.9879095994453,-15.5060907728665,-15.2955490243794,-15.0609520740597,-14.1576923525047,-12.6072525293238,-12.381201766294,-12.1057204547741
-4.20816476188354,-3.38907457407487,-12.8032119556664,-14.5485569218756,-14.1987645790907,-13.8047575141376,-12.7393233600273,-11.8103923992875,-11.6250943435942,-11.5153348421569
-9.57140013042294,-10.6513347891072,-15.8369116661473,-18.049858602989,-17.7175737392311,-17.3566356690806,-15.7732871138474,-14.4463379240472,-14.2089135900433,-13.9781645637429
-10.6961067838795,-9.85108537515067,-16.2668191283612,-17.5483026253113,-17.3078272071027,-17.0922303477311,-16.2676889864849,-15.4154547670105,-15.2186138982038,-15.0203816168203
-5.65848172063127,-6.24990629163097,-11.6310282082564,-13.4059102673926,-13.121690174042,-12.7016090663512,-11.605259169489,-10.5934813968906,-10.2503762635052,-10.0215676948453
-4.58956978724177,-4.44138454288547,-13.1395661999807,-14.7010218968676,-14.4596964136238,-14.2422275543046,-13.0881902268464,-12.0987791050027,-11.755363798836,-11.5983476574701
-9.89804772163185,-10.1973591560667,-13.7870930720237,-15.5475184230071,-15.307157346507,-15.0802719419808,-13.7868004192848,-12.4290066908307,-12.1878708336469,-11.9762830250173
-3.34232928905612,-3.06872716238048,-12.5479868858151,-14.2104182445274,-13.9229046165656,-13.6124381348543,-12.5001670250282,-11.5678784773567,-11.3301434949367,-11.1372435312793
-10.625420278685,-13.677158186007,-17.4047132262249,-18.792820963654,-18.5888649886635,-18.332971724499,-17.4653170247512,-16.4065751474262,-16.1262386221991,-15.8427067713829
-6.92198623726104,-5.59585137667213,-18.7609652772738,-20.284976306711,-20.0594922002309,-19.7817055369412,-18.7970058311879,-17.6451017821894,-17.335897512419,-17.1591919000065
-3.90976856090938,-3.04493625842528,-6.10515347170457,-7.29270794387406,-7.11568956749339,-6.90201895968737,-6.08001757896787,-5.34058528696532,-5.16579089617134,-5.01506566116109
-7.79093634714204,-13.0001235891698,-16.3181958456125,-18.8867261706957,-18.5849255699959,-18.2352865255053,-16.520070489549,-14.170386689243,-13.9101174725309,-13.5900797139104
-9.13966532107295,-10.9706806964412,-13.170135276736,-14.7897112730566,-14.5903372314733,-14.2611755438745,-13.1799140364124,-12.09116952406,-11.7210302293853,-11.377250453925
-9.35873151955978,-11.1188032842971,-12.0332219484805,-14.0206548956144,-13.6670102624008,-13.3614745278842,-12.0419084041443,-10.6999396545659,-10.3877372092947,-10.1044831526572
-5.72193489417987,-4.46348742597411,-8.61833306852458,-9.79853290857993,-9.66299893574138,-9.41408032847937,-8.59465115144031,-7.87166836676281,-7.69599893672615,-7.49052703631626
-11.3804732411165,-13.2978253486567,-16.1597234410265,-17.9018190482302,-17.6727066680311,-17.3239275044129,-16.0979858874994,-15.1557154789515,-14.9689176613462,-14.7831536905506
-4.00965539024253,-3.02128740408406,-8.00388293443698,-9.77441515211575,-9.66317470955967,-9.39750123200823,-7.95352380928678,-6.54044355104343,-6.20147789240074,-5.99717457357296
-10.4620021471349,-9.49444842011534,-11.6394153589155,-13.0340390585772,-12.7960544005914,-12.562573104951,-11.6460876587809,-10.7411742061353,-10.5386549976039,-10.388098991397
-8.81166417793913,-9.14438791673883,-11.9841026510338,-13.2994348723269,-13.1395429073219,-12.8838639862033,-12.0300262784814,-11.0213841456749,-10.7566801836431,-10.5821613177368
-8.44846974581648,-10.7408461413808,-11.9953426416534,-13.2129242668465,-13.067667615226,-12.8309204667088,-12.025960550428,-11.136906923575,-10.8883739785491,-10.6665693184151
-4.45628344206061,-6.46418962743335,-11.0347679076433,-13.2928500569763,-12.9944888691919,-12.6690476278507,-10.9560394013529,-9.33258686775316,-9.10029339147365,-8.8693257028122
-10.3666555330231,-9.66940764386909,-13.3356989341752,-14.4752920551048,-14.277935555152,-14.0664110706924,-13.3458159328819,-12.5547516790376,-12.3130370570068,-12.0991890706422
-8.63763797653239,-8.44057376696093,-10.8132616456822,-12.111725980516,-11.9544190993137,-11.7271319027881,-10.7881230680877,-9.96578481620448,-9.77632632969319,-9.60438602490212
-6.75439398390497,-5.5755388692592,-9.9982286420042,-11.3189602108966,-11.1068023280135,-10.8834905941166,-10.0264318055771,-9.08081386648192,-8.82673506306699,-8.59754278631506
-6.60673663578665,-6.43762506620668,-15.1733151786532,-16.6804516083463,-16.550716420107,-16.2879023480888,-15.1617348224818,-14.0707237771518,-13.7991281634908,-13.5690504369639
-6.56558637229498,-7.670368782646,-11.2534422689348,-12.7616717023412,-12.5157839307203,-12.3008509117078,-11.2318859299867,-10.2454997397206,-10.0530086587288,-9.84406963317042
-7.23890857396503,-7.07416510947712,-14.0667416777405,-15.5410053325611,-15.297900229311,-15.0284287649265,-14.1086011173436,-13.0526162811194,-12.7973151691393,-12.5112171568242
-5.78196849726767,-5.31181249097531,-17.8235897643864,-19.09580858665,-18.9386608113249,-18.6940502121849,-17.9046291168392,-16.8614965251908,-16.5486245842184,-16.2422035204452
-6.15728706119902,-4.57052398924806,-11.9773521397251,-13.3521960821082,-13.2432623460073,-13.0057909144092,-12.0393406282411,-10.8138968383791,-10.5588852195324,-10.413786757482
-5.65590725957528,-4.50429178237558,-10.2965596227187,-12.5604896184554,-12.2439953294446,-11.9497655855837,-10.2074147346436,-8.85445257536563,-8.585986443179,-8.29806642685181
-5.17668214436167,-6.76304767436949,-7.50586153818513,-8.98729969738653,-8.75037982126821,-8.47498557247139,-7.51184138092076,-6.53680301905088,-6.28358875603858,-6.06977273528197
-8.59643689604618,-9.61012107934543,-13.5064039969442,-14.8630346548471,-14.5942702744664,-14.3294911328096,-13.4985687437572,-12.6414025543061,-12.4093750490802,-12.113276188517
-6.80952444691052,-7.64364111366421,-12.6097145510853,-14.4026544878455,-14.2252137049887,-13.8789504769817,-12.7621038249891,-11.0555849771096,-10.6407255351171,-10.3959856284053
-6.20808600078677,-7.96607598046251,-6.59207386474355,-7.8549541582955,-7.71861278543479,-7.48109269509257,-6.55747808622974,-5.8002462791642,-5.58200496504602,-5.49425219772382
-9.7638400393125,-12.5142252552247,-16.113695102025,-17.5934272723833,-17.3590553440728,-17.1111864328772,-16.2082286247162,-14.8221648745982,-14.3614629257952,-14.1068160117211
-5.07591218151949,-4.9414146157468,-9.87582841169149,-11.7632340615786,-11.5753915951106,-11.3079633533307,-9.76050939756053,-8.67292746406175,-8.47934530359462,-8.29529162910388
-8.38648809289212,-7.65665259944937,-17.3917920105299,-18.847922897677,-18.5762734085392,-18.2931452767991,-17.3835900141499,-16.499218291662,-16.31028991321,-16.110219738908
-6.9875912834813,-9.13002190148878,-18.1180366693325,-19.5195909884429,-19.3405908507688,-19.0928332849123,-18.1182610910177,-17.1553402663725,-16.9030138969604,-16.6572054562021
-6.8656484219059,-7.21068032529511,-17.9966541579448,-19.250628783788,-19.0499558131727,-18.8306850729634,-18.0161605078646,-17.1535720206957,-16.9275578504817,-16.668689363307
-8.05730296686437,-9.70314704890321,-13.0539424399905,-14.4780597652678,-14.2994776261242,-14.0162489154276,-13.0089934314428,-12.171442400176,-11.9442108712453,-11.7726475990353
-10.8282521231269,-12.1204310502542,-20.4091665550394,-22.1152045748872,-21.7835325496241,-21.4474147205736,-20.5040299337588,-19.1415370951459,-18.5678779529683,-18.1486041802112
-6.45672112672022,-6.45667381495043,-15.6234817656545,-17.3294049387234,-17.1156467122368,-16.8165752341384,-15.5577621703892,-14.5845308177217,-14.4058821107688,-14.2976483090293
-8.58188786625371,-11.1138459652411,-18.8343521758009,-20.2623511888887,-20.0402815005602,-19.7396712713244,-18.7946830303573,-17.9708249761725,-17.7441534103073,-17.5823864128507
-5.11845597084699,-4.41679500714211,-16.8089343486723,-18.453412484319,-18.1747097820768,-17.9608392087833,-16.8765306215138,-15.5238603924303,-15.121916441729,-14.747921183014
-16.8262968028285,-20.1899097678527,-22.759322745686,-24.7850116197738,-24.5569242044795,-24.1658302253036,-22.6171987312451,-21.5674437496829,-21.2958647640659,-21.1253560276119
-7.56934439718615,-5.97122569925584,-11.0107573784618,-13.1455301425798,-12.9430363112863,-12.6193609818363,-11.3275153835538,-9.18521341108311,-8.93039560505859,-8.71665559891151
-12.9218930327437,-13.9973253831521,-16.2884290442034,-17.9110895894007,-17.7192813300038,-17.4396650729261,-16.2640924248394,-15.1801936820603,-14.9214912286171,-14.6177425996117
-5.84849254589729,-5.25372239390067,-9.58519893467687,-11.1436011449459,-10.7717071881739,-10.4004207063655,-9.5515325044774,-8.78740866183232,-8.56340515510216,-8.37309711333012
-5.81283202655176,-7.42985873461079,-12.8419359799792,-14.3028829737367,-14.1251888819896,-13.8074401801802,-12.8426656294664,-11.8213164322397,-11.5385868934165,-11.3283552651327
-5.93148341625255,-5.30547858214494,-7.83049940485332,-9.28522356142571,-9.04987228892466,-8.7665646991709,-7.79623839313063,-6.97350434757692,-6.76424142677142,-6.61708459522311
-7.87686263130878,-11.1856084157278,-9.38624649148537,-11.3840055359295,-11.1436506354141,-10.8241153403821,-9.60209402634065,-7.65327555671806,-7.34885090060724,-7.17805916428818
-8.483671567565,-9.7073373771519,-6.61943595951064,-7.6554042878172,-7.5204156601128,-7.34611603822242,-6.62703315937034,-5.88446452418669,-5.69869851079098,-5.52766906217945
-4.79560143252703,-4.00081097822056,-10.8311543797212,-12.0636077298447,-11.8121059350769,-11.5874262761645,-10.8233894009662,-10.0065109486285,-9.81612083100533,-9.70356133803379
-10.2732448400186,-13.0111086253116,-10.9378756778758,-12.8994411188637,-12.5504966971778,-12.1148872785121,-10.8205953852493,-9.90577480893567,-9.65004613185138,-9.41174684276104
-11.0640229007095,-10.5730164236122,-12.1922837579267,-14.1766489609788,-13.9689388011509,-13.5981541606707,-12.1887341452638,-10.7879753042609,-10.517443068167,-10.3794518073069
-8.77369550287654,-9.13717868893423,-13.8214146265527,-14.9379790632289,-14.7740621997151,-14.624513728818,-13.8130618027274,-13.0349203434851,-12.829684269697,-12.6549653317083
-7.84693021928423,-7.79563834778188,-16.3466642137637,-17.8967196050335,-17.6520941028853,-17.4033622634739,-16.365850805605,-15.2501614983344,-14.961050508508,-14.835512001033
-11.2063938879617,-13.3984061071268,-15.3664128374574,-16.8744269425146,-16.6577905228367,-16.4057892563569,-15.4183102632825,-14.2890733299256,-13.8154442268317,-13.5541632879756
-10.7895961789256,-12.1788478191783,-12.870299583807,-14.5133558555194,-14.1631626902865,-13.7849316991601,-12.8638016602944,-11.9243937910957,-11.7416247436236,-11.5542173508772
-4.09893155510091,-3.56960081092787,-7.1305824183768,-8.67018849865139,-8.43396353816102,-8.17628160203154,-7.06392000457341,-6.25240352105275,-6.06140106615379,-5.85445075861154
-10.6405556805926,-11.196746696702,-20.7363418811781,-22.0845366424528,-21.9594448576244,-21.679802407475,-20.8041801157253,-19.647980021034,-19.3735771573921,-19.1299665711995
-8.53679697620987,-11.0541106521757,-19.4629470364089,-21.2200405175578,-20.810704084337,-20.4831131577386,-19.4349206782495,-18.4420637242675,-18.1820762905706,-18.0331182864887
-7.9075827713512,-6.54556559614651,-11.8293130539329,-13.0165304852934,-12.8688299756071,-12.6700500115262,-11.8627587981428,-10.9011059679196,-10.6369894356193,-10.4067542621107
-6.86774112290475,-8.12947106977796,-12.6415823454098,-14.1568476892412,-13.9001876463805,-13.6773213279098,-12.6886328993759,-11.5391354495234,-11.3483062034613,-11.1384868105844
-8.03315729444919,-9.0933279187455,-15.3775400974758,-16.5691885882163,-16.445864466366,-16.2226894680631,-15.3790400454205,-14.5845907274308,-14.3568801383313,-14.1646239084632
-6.52795329411657,-6.2822461393926,-8.25233895906664,-10.2892543126194,-10.0344700729147,-9.68671561251467,-8.24676843384755,-6.79818713519632,-6.52062458911434,-6.32300261421886
-10.1646904794516,-11.7834391367195,-13.1374660713055,-14.5961081437656,-14.3631324769831,-14.0800670941588,-13.1400104971287,-12.2097442387955,-11.8921549833854,-11.6563891224804
-11.5667053068306,-11.7719058146605,-19.9734274481969,-22.2719918555808,-21.894338106497,-21.5682606812174,-20.0377212601142,-18.1746109371586,-17.669133934802,-17.3148711525514
-7.29599892036821,-8.81134562152889,-12.042890480405,-13.8770671866355,-13.6665296365474,-13.3109656566016,-12.0888148331888,-10.7925909374137,-10.2213976944071,-9.62430107759619
-9.35074492925796,-11.5254200455689,-18.6485051402807,-19.972747625828,-19.8387606345316,-19.5753308601973,-18.6938808521897,-17.5811103409951,-17.3404736015037,-17.0956572599931
-7.13097081196169,-7.82756215904023,-9.60038604273319,-10.9852279431702,-10.7515030830232,-10.5328215560118,-9.60402610607819,-8.69576863714086,-8.50462132356082,-8.27603728804111
-6.30060509530731,-6.97972978959044,-11.7196424972226,-12.9827828046392,-12.8408746056342,-12.6017607963756,-11.7868379696883,-10.6436084050213,-10.4345546760226,-10.226005623004
-6.17049954651012,-6.55008877347603,-16.7033020936704,-17.9038045687207,-17.7215422241157,-17.5210341889418,-16.7086283659722,-15.8833364089999,-15.6383882462503,-15.3416929460015
-9.25894992214753,-8.90397083382549,-10.6122927268476,-12.6929439164836,-12.4476928614924,-12.1218976663757,-10.5930199103648,-9.07556608247678,-8.8155578798566,-8.64554027274991
-12.3718552148787,-12.9463716133029,-18.2420825424296,-19.748386888065,-19.4942177618981,-19.2354744172216,-18.2031569182407,-17.2450722541912,-17.0292459081081,-16.8100807626373
-5.39809411675936,-5.27745612058281,-14.831031871507,-16.5059424296549,-16.3497423412052,-16.043902922388,-14.8007068455853,-13.6511765380929,-13.3660657882198,-13.11294971203
-10.2236130618979,-8.96510523973557,-16.4023607958141,-19.0517042056136,-18.7044359857054,-18.1259837625434,-16.5915495994804,-14.1553789337629,-13.6408501583105,-13.3386562817719
-8.84961873546095,-10.4727249839763,-17.0147147314531,-19.0051759676196,-18.7480677433632,-18.5422450494396,-17.0601963811806,-15.4009990358789,-14.9267362467258,-14.5984513495779
-8.24469058808604,-10.9239998660674,-13.591197869781,-15.2047825032792,-14.9841456355512,-14.7127564414382,-13.6692394639219,-12.3504753316004,-12.0573457742154,-11.7602982389048
-7.07298613607058,-8.18475256154138,-4.89954882948872,-6.06859827111296,-5.94312925049172,-5.7117984238671,-4.87570318539125,-4.13742643201037,-3.94291797008198,-3.81273614603742
-10.1467635687461,-11.9656249895222,-18.4061999540778,-19.7150944503343,-19.4843984235752,-19.2387618542393,-18.3929013555365,-17.5501430116141,-17.3440868292231,-17.2263766858947
-8.89209650685452,-11.1211235470871,-18.3768021080856,-19.7978075805967,-19.6337743125927,-19.4102899289513,-18.4462556946938,-17.2390861533661,-16.8955867931696,-16.6460319590726
-9.58241822306219,-13.2680489206171,-22.6218666079535,-24.0123034855675,-23.8768951381175,-23.6260663062907,-22.6818695323536,-21.5453324037369,-21.1485296351175,-20.7196615509474
-11.2060599494368,-13.5428988984518,-12.5337392041143,-14.3130890110242,-14.0051421445458,-13.6309185905095,-12.549822230981,-11.4755419945973,-11.199018540101,-10.9458731658936
-2.98417075695226,-1.62570552847272,-5.10905427866216,-6.36632515322401,-6.18775675815583,-5.96810634000189,-5.19005976749723,-4.09827935154147,-3.80374559094291,-3.5710880878541
-10.3285926896486,-11.8962390893663,-12.4629910273031,-14.4703383836207,-14.1635842253763,-13.791191093247,-12.3640320098615,-11.4061607239861,-11.1611318388141,-10.9568543135926
-14.6925338756249,-17.989613545035,-19.4088150144621,-21.1923601991499,-20.9661455105871,-20.6883884982096,-19.4447284751931,-18.0666734385358,-17.7110215223954,-17.4928840630201
-7.65693823650271,-10.1644991543136,-15.608701201761,-17.0726976661145,-16.8968361729167,-16.5858395975187,-15.6213271023055,-14.6087753801931,-14.3432103020552,-14.149385097138
-8.70956748881088,-8.47091912189143,-17.2861964620171,-18.8540719217876,-18.6582486881545,-18.387982829152,-17.2725176278585,-16.2060936208618,-15.8799827342747,-15.6207457633355
-8.16357079733611,-9.02931014707951,-14.6319708978103,-15.9858863136193,-15.7731007795629,-15.5508190000763,-14.6996999266292,-13.6182379675412,-13.3814112445222,-13.1129673090634
-8.80976855049781,-10.1700978873169,-16.2772530408977,-17.9955751002437,-17.6898127493971,-17.3220734114927,-16.1973095702662,-15.3742692013597,-15.1541032963065,-14.9832918321844
-9.30550752870947,-9.07518219334576,-11.31119209218,-13.3869594806596,-13.2025482164277,-12.8402395227637,-11.0836069619461,-10.2171203620973,-10.0155984484089,-9.88075246878851
-3.59740576444713,-4.49717556321813,-10.001512587186,-12.4046259165603,-11.8414824347212,-11.3759841832049,-10.0776870840627,-8.37904271326355,-7.95743640412214,-7.55376735074617
-8.0680573901931,-10.7228365076067,-18.1251617579578,-19.6767659798323,-19.4462403908899,-19.1768165718219,-18.1565444266423,-17.0150136288955,-16.6540834290416,-16.374502546576
-9.97389638038038,-11.653857724695,-15.7445752480438,-17.0181535778435,-16.7650736421148,-16.5829422457234,-15.7127235228821,-14.9434876567958,-14.7478598085242,-14.5190715784352
-7.64815598037464,-8.73881150670215,-10.243428582577,-11.5620885608026,-11.4076323046801,-11.1584422935977,-10.2686893321501,-9.31061098759795,-8.89452225820959,-8.49103947245202
-11.2782933311732,-16.0897002213278,-17.2283571603412,-18.8654653400559,-18.658831474869,-18.3626053695346,-17.3027360341386,-15.9428087944188,-15.6396233870765,-15.3839911481014
-6.60654322039905,-8.09478911578174,-7.97394796429117,-9.13167846649902,-9.00255720762196,-8.77248177633956,-7.99634673624411,-7.13861461160334,-6.88870964321336,-6.71245201875913
-4.89257226550922,-2.41138739585052,-11.7837005218354,-12.9257258799964,-12.7507111286974,-12.5255047232698,-11.7952335931713,-10.9948591484196,-10.8240420054352,-10.6587378889678
-9.66163451150099,-12.0832340689843,-11.3389780622099,-12.6944057157478,-12.4637555331002,-12.2384502858102,-11.35548731518,-10.4212681291317,-10.1873933285842,-9.88618078425663
-5.63685330896832,-8.62823999068881,-13.1688902518312,-14.9365909915298,-14.7209448002768,-14.4283633515922,-13.1387845706024,-11.9076721170663,-11.6928911111208,-11.5463698094149
-11.3192729666709,-13.3962202392452,-18.4284476448413,-20.0216730240991,-19.7926020626593,-19.5626907073269,-18.5909344460969,-17.0027964124171,-16.5634069007871,-16.2841735792223
-7.04417329016589,-5.51523451780848,-15.3199514513218,-18.1915409837345,-17.9579707846544,-17.7080089432483,-14.9701530789974,-13.2456216408009,-12.9118730201591,-12.722327416907
-7.62887409137157,-9.679129544691,-10.9155921966941,-12.2898078493432,-12.0765281760996,-11.9229033250925,-10.9984216620492,-9.84395830623822,-9.43115495051266,-9.16604890698457
-12.3936003253818,-11.9606260529569,-12.6813817143615,-14.3411242284955,-14.1064850026933,-13.8337087359208,-12.6674408487506,-11.5473826622678,-11.3516805308873,-11.201344756054
-5.68859305293695,-5.54302023178487,-11.4542966639773,-12.8939810858691,-12.6545874444027,-12.4029391712798,-11.5612216492114,-10.3072521896168,-9.95987623586999,-9.70611020085715
-13.8836670858771,-15.3265206510641,-20.2659980944625,-21.8734279419696,-21.5609548455097,-21.2615925111253,-20.3149145157336,-19.1962377300683,-18.8471743877994,-18.529324616747
-3.79239321790812,-3.31114818235093,-6.55726455907245,-7.92545914817572,-7.68397689459767,-7.41802008511762,-6.52153329286181,-5.76437234605185,-5.55707526647041,-5.37718508046617
-12.1941531869814,-15.7112802567409,-20.4917064500537,-22.5528656965066,-22.314755686838,-21.975752369593,-20.4098208250492,-19.1550164496345,-18.4901534218706,-18.0772665468388
-7.41171767947979,-7.31817587125977,-9.39794454664585,-11.2223583841024,-10.9985158096303,-10.6396541212903,-9.39376360881433,-8.07002036699384,-7.8111716059465,-7.60053814615167
-6.49931694890554,-8.17172889691381,-14.7791624399416,-16.328646547868,-16.1470162404385,-15.9176822461691,-14.7775484248678,-13.635718038041,-13.3443557973266,-13.1055201915996
-12.1904361000256,-15.2043233292452,-19.8512936884475,-21.5781151125121,-21.3820461912244,-21.1951043264554,-19.8040628315639,-18.6315807512298,-18.3975459479106,-18.1291048502524
-4.21358329584671,-6.29895775470664,-6.36771277245964,-7.38833350456891,-7.2234523712372,-7.03158141197622,-6.36932160276743,-5.7048349133086,-5.52175936655211,-5.38705048188344
-5.89109379118094,-6.15788355801968,-8.44188897093609,-9.55898367198483,-9.40594357646422,-9.22366917991513,-8.47781686015759,-7.65036354297767,-7.28506330951309,-7.05748637129262
-10.6952698059944,-9.83377026906276,-16.3025832815841,-18.0372033982759,-17.8383630745829,-17.5525289909062,-16.3461557309636,-15.0250791648787,-14.6818528435461,-14.3779117922581
-2.90420449178244,-2.72981523421922,-8.5438257186862,-9.96868177230027,-9.72387298806442,-9.48399199188413,-8.58609424446663,-7.58543217585559,-7.25836643470389,-7.0737902450169
-11.0899426024364,-15.0304444620789,-11.7507190413934,-13.223023289864,-13.0363930675501,-12.7768090803706,-11.7309647118484,-10.6972803443884,-10.4415857926839,-10.239242567486
-11.1027412354492,-13.6277566783957,-17.6920660977463,-19.0778708168563,-18.9063624894216,-18.6297082291778,-17.7931676968244,-16.5126414817658,-15.9459615925273,-15.5011108452202
-2.50445895227815,-0.73597070838727,-3.79246903261346,-4.62722821024045,-4.52575485589846,-4.36285795685212,-3.82740755345204,-3.18139727477584,-2.99695333458997,-2.85262812882107
-3.06389531818026,-2.4900644387666,-13.657948881024,-14.9259064011994,-14.7475415447197,-14.5675085165231,-13.7000070737034,-12.6945661516592,-12.3762808398905,-12.1459208825886
-7.32846821953454,-8.37575838867007,-13.1938054842555,-15.1994901390023,-14.8887788619417,-14.5716636440373,-13.165329005099,-11.9951674094015,-11.4236188003987,-10.8644835841036
-9.2113817082405,-10.0448112952452,-11.0895839966723,-12.4081416786568,-12.2761045042128,-12.0584950871898,-11.2490286569694,-9.78858263760309,-9.32999281418203,-9.01385857125114
-6.76032699255429,-6.75637286682782,-12.1246580014793,-13.2894519318981,-13.1663077392838,-12.9432084102976,-12.1615931592155,-11.2721531476144,-11.0660356293618,-10.8988888792997
-5.64472175394949,-4.13219881140243,-10.1639634088642,-11.2709389606795,-11.0720844774722,-10.8784681406421,-10.1582122799646,-9.4395964893672,-9.27317512502874,-9.09319681163622
-5.11634665444844,-5.08314231695381,-4.5697759801614,-5.62872175026168,-5.46119203267218,-5.23963564843105,-4.5503339264949,-3.88608044344589,-3.68083749577228,-3.49664292349031
-15.227579121656,-20.8610918466448,-19.0565314176882,-20.4602868214098,-20.2617620741495,-20.0164287266112,-19.0987296316017,-17.9282474399076,-17.4751097782985,-17.2156947086036
-11.4014138069298,-11.8205681640226,-22.3307280509038,-24.5929659646491,-24.3571326220062,-24.0502919601033,-22.1854098449782,-20.7501081557992,-20.4886249624474,-20.310420767316
-7.38104202949334,-6.85225404008739,-12.0918432552017,-14.0425176312639,-13.7888272378868,-13.5385928170243,-12.3401386841153,-10.4136111022923,-10.0572614518684,-9.7728973123426
-8.69408557180654,-5.78693138629838,-9.51446466239833,-10.822353704861,-10.6290432972807,-10.37188982163,-9.46986030002392,-8.70853030234956,-8.5279377295841,-8.33319143509927
-5.44241221407752,-5.65445682983013,-8.07786388668003,-9.164188409578,-8.99970676510368,-8.82111160439006,-8.0691737954149,-7.37017074887873,-7.17253408731377,-7.02569877322654
-9.23073322366276,-7.15418607045952,-18.7646893792229,-20.1330059835389,-19.9925211505851,-19.7549981259566,-18.7901803374779,-17.7534426274983,-17.5088157263842,-17.3090008929818
-10.6504793286275,-11.1727637293049,-12.5745929974785,-15.9179428185093,-15.5654996670085,-15.244975630906,-12.6415061636585,-10.2029048032129,-9.9337400050323,-9.78521673326379
-9.27127646774605,-10.4083934464041,-13.1258116409899,-14.5834317720754,-14.3411907554827,-14.0962833873245,-13.1576080466106,-12.1337999755812,-11.868558665062,-11.6356167649957
-8.83975058376632,-8.32646497742911,-14.9231638199474,-16.3757396989409,-16.1472870284261,-15.9071857754482,-14.9401339969935,-13.9295458539438,-13.6460209153485,-13.428110416199
-9.44589714945712,-14.8819043120965,-9.40066230486775,-11.4478499736108,-11.2485209633002,-10.9471213929708,-9.16261248487074,-8.12995383280533,-7.88575755013649,-7.67203513954126
-11.149992329679,-12.4292394659613,-15.9940768964866,-17.1404370553049,-16.977046051773,-16.7639394825441,-16.0170675252991,-15.1175409971977,-14.9086615885151,-14.7556676112202
-6.79786543547026,-6.52858063157216,-7.54606428550204,-9.3498020695712,-9.06667408914875,-8.77237856949872,-7.72526934637692,-6.01567717781164,-5.69847626780269,-5.4878773073579
-4.94544558972233,-4.12442759387367,-5.70196587003536,-6.79883281269414,-6.60111238439223,-6.40003451555765,-5.70677971075464,-5.01751388001376,-4.81605510546107,-4.6768679238531
-9.07677133802321,-12.1528336768659,-15.245220210137,-17.061477288872,-16.8135039763256,-16.3519482574139,-15.1313982366421,-14.3270740807986,-14.1282441101635,-13.9905072016098
-11.1224563117354,-14.6703627037483,-12.9247750651007,-14.4785606584568,-14.2636457533554,-13.9837089622819,-12.9467298586058,-11.8399487913248,-11.5798724393715,-11.3738527634196
-4.90744744580844,-6.66404533458042,-6.99464266117697,-9.0346992599315,-8.64284320437821,-8.1037701752439,-6.91341676729019,-6.01338007222906,-5.8116134403265,-5.61639912482539
-8.0875495285569,-7.97572813109627,-12.2169178399455,-13.583483637497,-13.3160577489064,-13.0790830768051,-12.2430102660826,-11.2231407756635,-10.9087090653993,-10.575676896687
-4.95498649098826,-3.3274539099233,-10.4051991238567,-11.5395080125169,-11.4173933614744,-11.2784004526847,-10.4909452661927,-9.41496038055876,-9.17499694699677,-8.91191743929296
-9.08140411831455,-9.45228511896291,-12.2293787784103,-13.6309583883061,-13.4673540884607,-13.23856947168,-12.262406365726,-11.1317775571739,-10.8340160514415,-10.5239307906217
-10.5052500906319,-14.3178618725595,-17.138082240587,-18.9964162646237,-18.7808640247022,-18.4085289866427,-17.0397378835327,-16.0602161351068,-15.8006571429944,-15.5915319283075
-12.608884079882,-16.3631167410084,-16.3498518998215,-18.2488015868767,-18.0089841156488,-17.5787290464173,-16.3945773169685,-15.0157728916022,-14.7070724281846,-14.5084437371211
-11.4007857472216,-10.0839294468128,-16.1171089973546,-18.6083568380641,-18.3152424511456,-18.0432748371208,-16.3261881925622,-13.6406958016652,-13.0070789596772,-12.6073369902102
-9.22905242573325,-10.93216417156,-16.1899146003488,-17.8036876993952,-17.6425893868921,-17.3319310871953,-16.2389224908046,-14.9336564240349,-14.6357492438029,-14.3664936714106
-11.4116099417421,-12.9192706057268,-11.0211009724601,-12.5554583348927,-12.408415797569,-12.1564961109156,-11.0625011593825,-9.78338560714186,-9.52876448008781,-9.30911480580929
-6.75787738309859,-7.14484205897753,-12.5082131231584,-14.4434882977624,-14.2932903418517,-13.9872108065163,-12.3753221081953,-11.2204987443318,-10.9059860961725,-10.7523239990708
-13.2157188052414,-13.6972076892635,-13.6892415895881,-15.8344980331659,-15.6287103307826,-15.3686101096256,-13.7412732804669,-11.8886017334227,-11.5875854912488,-11.3589435246679
-6.92301313371123,-6.18760983713617,-6.82706292381558,-8.26032264112527,-8.09699465630289,-7.85894251596089,-6.80872241949636,-5.80295249477654,-5.55258070022836,-5.34967126887919
-7.7483035190092,-7.54467417120391,-15.2598679507935,-17.3830722233922,-17.1030451057378,-16.8122031126722,-15.3618546953484,-13.6303649530441,-13.2734735221537,-12.7754356434175
-9.57400175917395,-7.83352632926953,-13.5678590302733,-15.3437418888118,-15.0593491804706,-14.7940854511308,-13.4792075683539,-12.476849719657,-12.2672879181894,-12.0458391767942
-4.12413790809633,-4.49544539814834,-8.17775721411374,-10.2928348308851,-9.84565187498365,-9.36379536682109,-8.07984454251731,-7.15525590720063,-6.91223584194955,-6.77061574532094
-10.3839255110584,-10.4948868522442,-13.0452590010235,-14.831982006563,-14.6439797997682,-14.4793694511853,-13.442112867676,-10.4812415665344,-9.86859154651872,-9.5530213747455
-12.354207019806,-12.2834179548042,-12.3068305178329,-14.0119574026433,-13.7777835755592,-13.5191348210093,-12.3022137782592,-11.1501454112265,-10.8784907255998,-10.6967790601237
-11.57821347384,-15.1764501604921,-13.4154127646166,-14.820116140382,-14.5408778190971,-14.3123020171234,-13.4214907908258,-12.5111704210654,-12.26179556377,-12.0733286538087
-7.41568176403735,-8.52916917381102,-10.755244592903,-11.9598562189875,-11.7722099166675,-11.5916096302104,-10.7367555703207,-9.96933344827378,-9.74158945153753,-9.54015676650667
-8.11357898276611,-7.7909045194013,-12.9308149141557,-14.8303972039682,-14.6181322959478,-14.3680041901955,-13.0866250777725,-11.1977508658008,-10.8719277775575,-10.5322942139784
-4.79937033181567,-4.9873352551799,-10.4667206934043,-11.9653667057714,-11.7733278717817,-11.4695217916079,-10.4181693332934,-9.4448049665109,-9.26345531926346,-9.04515094989751
-11.6051573435475,-11.8488336039165,-12.0870600236403,-14.3310067257593,-14.018183351238,-13.6589013342706,-11.8815785041583,-10.6955589345972,-10.4648023805883,-10.2344833802293
-9.95563643036774,-11.5563565221688,-15.1875308117707,-16.7084782034085,-16.4292263219927,-16.1648055050072,-15.2031429485444,-14.111748761768,-13.8436346943465,-13.6300275277221
-11.1646041524797,-14.8810783877037,-18.7051337784615,-20.277290407228,-20.0211545741993,-19.8122871426458,-18.772290710141,-17.5434815626801,-17.2665624575861,-16.9648711887926
-6.87016465857368,-7.05736337478613,-9.47316110025577,-11.1123861424112,-10.916159712544,-10.6362356404737,-9.62949596312881,-7.9795841620813,-7.51505825260911,-7.07829183220956
-6.72654915497184,-6.43158534225538,-5.7018075245074,-6.86917273874012,-6.73662519529065,-6.48503421284509,-5.68823358236207,-4.97050538719132,-4.76200149612533,-4.56189872421661
-4.16853450270773,-5.20887232297858,-6.03300855262141,-7.20446245278034,-7.00161652631382,-6.78207858296955,-6.01027229630651,-5.29582135753914,-5.13228639068162,-4.95809505543163
-6.70379179076168,-8.55190311132169,-14.93732539758,-16.6352110777211,-16.3685052219237,-16.1038336040655,-15.0543870769771,-13.6128143264365,-13.1728872664583,-12.9371685501452
-6.32443069996989,-5.61550324848795,-8.7663050520132,-10.7933517320632,-10.5878491105721,-10.3915073887458,-9.00731065013498,-6.95403989801647,-6.75343317869306,-6.56318962361717
-6.53017478171348,-7.88330075585177,-13.96285765204,-15.608305841994,-15.3303715723477,-15.0226698673566,-13.9793501081791,-12.8389669102914,-12.5677004004558,-12.3541889817434
-7.08192230906772,-6.82420037666507,-6.58262358905227,-7.88333990001357,-7.67144247265697,-7.40475744632891,-6.55394869562407,-5.81585006389347,-5.62122058890082,-5.40190040901926
-14.5795767726562,-17.0860761473214,-14.0989901735208,-15.7454951724736,-15.5107378339241,-15.3020458269555,-14.0908252611785,-12.8735942635336,-12.6737680793438,-12.5083319261291
-8.66968017630959,-8.76988558334881,-17.9536358530351,-20.1993722814014,-20.0224754195721,-19.68903908827,-17.8759268527582,-16.2109366352074,-16.0051683148966,-15.8270686401613
-6.6161033279433,-7.40007780103037,-19.3313766371346,-21.0561641979712,-20.8291531836154,-20.5853341139733,-19.437445149442,-17.9110293158661,-17.490690834568,-17.1517319572103
-4.96083032211836,-5.19855975877894,-17.7183992678688,-20.2743403994925,-19.9752047614421,-19.6527137171788,-17.4975940442094,-16.0624006522385,-15.7537453402692,-15.4418500752074
-5.7281950944061,-5.36658072650165,-6.98952434143192,-8.75625100841659,-8.56606136983554,-8.30353908628454,-6.81425506376069,-5.9817562242018,-5.75546218351524,-5.56798295788199
-9.67341122069676,-11.0331260744376,-16.1942185194025,-17.998920423121,-17.7161348499169,-17.4168239249462,-16.1966147675028,-14.9667822428254,-14.6480415887641,-14.4566184736332
-5.26860213476943,-5.37935972986425,-11.0728915152355,-12.380042180735,-12.1587136469278,-11.9564013030969,-11.0864004950238,-10.1631649696595,-9.95481425700924,-9.73164803561529
-5.44673336447635,-5.28220276889911,-5.9054979944227,-7.09980431985642,-6.9156030394584,-6.74722457474191,-5.96413956472629,-4.98224912101172,-4.73321549926668,-4.50235130849432
-10.0646428879297,-11.9225155391861,-19.5990044687532,-20.8684709312983,-20.7193137026658,-20.4405664740127,-19.5965760546604,-18.7092708158203,-18.5169812635272,-18.342044231507
-11.6553865135678,-12.8498379439482,-23.7450348840947,-25.6915853164728,-25.3906624364567,-25.0316700410735,-23.9033188647398,-22.2008837390286,-21.4901450070024,-21.0038166988109
-9.50050692278755,-7.64987983848903,-7.4414260626062,-8.67597714252456,-8.50273910954586,-8.28069704396386,-7.47972099573413,-6.56842018286803,-6.376572974283,-6.13779267269376
-4.78504554220283,-3.6979081843299,-10.6047401267376,-11.944373400509,-11.7561069903079,-11.5612288563798,-10.6289953076845,-9.65299835129571,-9.36862046283593,-9.14655394551887
-6.76417297524471,-6.89818190456953,-9.55106345095594,-11.059986189818,-10.8714175314277,-10.5604486432227,-9.58475002371232,-8.48461380880315,-8.16444884779148,-7.99896231126504
-5.1307664958056,-6.56251903652824,-5.50304932208009,-6.79235379054312,-6.55569741397535,-6.24656276150578,-5.46375346811315,-4.82031030347809,-4.63190895078443,-4.50823606330199
-3.18576766413966,-2.59380743621514,-7.54183620290082,-8.99842447678539,-8.84221224077821,-8.53025376015446,-7.47937435473443,-6.62445913569123,-6.41189182362461,-6.29785542433297
-4.86532065633781,-5.17962128051175,-8.52088183806866,-10.0039889364038,-9.79822015547729,-9.5938802186843,-8.68247370393855,-7.09064553779517,-6.74274666965464,-6.55535223650948
-5.88827795258697,-5.48154754179201,-10.4426759360783,-12.3913353161514,-12.1594228212024,-11.8502853463512,-10.3641520115639,-9.18241224641908,-8.98712647482579,-8.76284272458708
-6.17430554913565,-8.73045624426763,-12.1610746818941,-13.7891442584955,-13.5352772994382,-13.2444471765392,-12.1086849982964,-11.1751332631299,-10.9675297106412,-10.7298165755592
-7.43165154509338,-7.45071488546517,-16.163422079265,-17.7413757955765,-17.5326087055915,-17.2670758010069,-16.201989427584,-15.0180782411999,-14.7816606341312,-14.5256656200937
-4.39972154122594,-1.91911246018673,-13.5724125779056,-15.0464769378449,-14.8333698063868,-14.5416021694994,-13.5647527911677,-12.6353257108441,-12.2722131354995,-12.0597994429121
-5.93438011659571,-5.35189173257346,-12.1030119325708,-13.3072455443367,-13.1018646960335,-12.9125578926113,-12.1185656306243,-11.284643907674,-11.0360852882432,-10.8876518997467
-5.98436227355602,-8.99462990438854,-9.84937038912536,-11.4813212308186,-11.2147246368996,-10.8620923460933,-9.93834276514718,-8.62542012796546,-8.23058134324804,-7.92427394021019
-9.22599918644974,-10.8814971436045,-13.4995908587948,-15.2377253989246,-15.0275601757853,-14.7820306646506,-13.4077022899441,-12.378027542122,-12.0510723666118,-11.8091035478204
-8.88002572271804,-8.93148835065442,-11.5185398167655,-12.944421347351,-12.7187616072635,-12.4633054565214,-11.5032189399546,-10.5826264763801,-10.3753757321844,-10.2496651537821
-11.1457223756189,-14.4805866388613,-9.16316582123124,-11.7329140551468,-11.3519347862383,-10.951943429635,-8.92202698192107,-7.62816514535398,-7.30422229503969,-6.96307467354827
-7.10264638513401,-8.39928846250477,-16.184621180044,-17.663665849587,-17.4511438535515,-17.180245392657,-16.2928383568691,-14.9778533822531,-14.6928118211569,-14.3789488227054
-4.57273950526149,-2.75316004500272,-5.00992117325977,-6.23320190812736,-6.09621783261196,-5.9162047177728,-5.14349987214749,-3.9267912512081,-3.7491561123788,-3.56346987551251
-1.69035364713371,-2.008064330798,-5.67464529221173,-6.65676563548441,-6.53266116148378,-6.36709365769209,-5.67316484662174,-4.94950305607352,-4.75037989607457,-4.56684186117737
-4.32987931106045,-5.90035655747297,-8.31738359701123,-9.96589908576674,-9.79110768867229,-9.47777459111792,-8.38854992344082,-6.96338313994214,-6.6329265062945,-6.39452983134906
-8.29345985842989,-7.69576052140172,-9.78751746965614,-11.9579646860387,-11.7423580018998,-11.4781259862755,-9.64996835849939,-8.16102885505299,-7.81063544792986,-7.46028482852335
-5.38612191270732,-4.79740065450598,-8.86121190207219,-10.9247451171458,-10.6845840191459,-10.382021171943,-8.9277181313669,-7.29273066261089,-7.01763517205108,-6.79268096928797
-12.845216907615,-14.3043781440062,-9.85272626192613,-11.1975514049906,-10.956618464581,-10.7275554021167,-9.90287388397267,-8.86387180531823,-8.65701715617031,-8.45529883312905
-8.21771764594664,-8.8180465131207,-7.72903752340145,-9.04842891895277,-8.89168577939786,-8.65441303383406,-7.71373091831633,-6.83014023563698,-6.55179099333539,-6.30644418242565
-4.69697252478243,-3.91350368950419,-10.6366122681167,-12.2040337584298,-12.0378217930729,-11.7478015019053,-10.8375033385641,-9.0871827836551,-8.6991848265267,-8.45150529442207
-9.66626714936797,-12.1061306298705,-14.9873065712351,-16.7606539219474,-16.5666928350396,-16.1875590147958,-14.9788034619782,-13.8124429509357,-13.491978915593,-13.1954295335573
-6.59545331265455,-5.0748141142603,-8.4894551221551,-9.8855794258677,-9.65404405879275,-9.45436721174483,-8.46518335634063,-7.58181130485086,-7.35291565485173,-7.23490565504822
-5.56857328242529,-5.5696601237534,-13.0608811733624,-15.5096377493917,-15.2974461028687,-14.9785483668943,-12.7467236955739,-11.5185200485612,-11.2954458813314,-11.1172805963211
-4.96955515676864,-8.35689076486789,-6.74046031208313,-7.86645058887263,-7.69929200538274,-7.51018099759101,-6.78041071707806,-5.89125925252663,-5.63802904228085,-5.3443554367485
-5.86452854390803,-8.52056398452426,-15.4314959863792,-16.8773188263985,-16.6178051088595,-16.3629549215315,-15.4219813023116,-14.5147254963659,-14.2293929506374,-13.9258699623694
-8.25309131735145,-8.60470978547314,-12.4118384706489,-14.6151433763212,-14.3522063409096,-13.9918638420437,-12.4416189848122,-10.7572912710069,-10.1555415446065,-9.69189553757346
-9.00256256005305,-11.3296874985466,-12.5509506351955,-15.0101798351161,-14.8561974452943,-14.54602985714,-12.9194062534408,-10.3704197692337,-10.0953987368877,-9.81248979161541
-5.87703543626252,-6.62858809143811,-14.3833696515675,-15.6054853910687,-15.3963805331213,-15.2073227713979,-14.4236314135516,-13.4431099899357,-13.2267263280897,-12.9761638091977
-9.68581789129319,-12.8883810243366,-14.2368480232451,-15.8720282251167,-15.6448546080196,-15.4032098390266,-14.224175451559,-13.1114301889368,-12.856469779834,-12.5621807945825
-11.4506186112714,-13.5275851286309,-16.789707881617,-17.9528403260588,-17.8033082114475,-17.59209996687,-16.7791094161274,-16.0253262852622,-15.8068217426224,-15.604796936415
-3.01790995907015,-2.7998453169684,-5.85586513306327,-7.01889882122394,-6.84433569642309,-6.61613981792219,-5.84935543421425,-5.09606116442962,-4.93738148849508,-4.81844521395068
-8.25067989676259,-8.52574612990764,-11.9213263489832,-13.0494268704212,-12.830881703106,-12.6751428782968,-11.9382558265125,-11.157012643322,-10.9515866610107,-10.7584775671674
-10.7055923532132,-11.1602487179812,-11.3975889840485,-12.7104634904466,-12.4781564376806,-12.2974279135471,-11.4631618229947,-10.4655737622793,-9.86452855357752,-9.35164324788349
-12.5748577524976,-16.1656625997306,-20.9309655384368,-22.1690140126582,-21.9721842869962,-21.7754288827085,-20.9548109779554,-20.0780083217854,-19.8555411383618,-19.5799726794841
-4.60663728218669,-4.02538413347344,-5.96388643854096,-7.8722350964709,-7.57972272324629,-7.28233389691436,-5.85908516546761,-4.84911896657986,-4.62435718265239,-4.48428992906381
-8.50845076274881,-9.39544199796357,-16.2543571490125,-17.5813116142651,-17.3977610258504,-17.095729897889,-16.2265635347941,-15.4485700883891,-15.2077082232607,-14.9988502701317
-5.10055542093545,-5.30120940371307,-16.3381946902986,-17.692112330842,-17.4620429070929,-17.1916091058252,-16.3188424948523,-15.4722769438703,-15.2294499958583,-15.0178928345785
-10.4788666506313,-16.2973666294571,-11.0417843738329,-12.5547981398107,-12.3144931859111,-12.0591886527166,-11.0918171755494,-9.85407369260786,-9.52216473582325,-9.2596516248747
-5.34451225772884,-5.08847850513503,-7.65821023029761,-8.88237380124167,-8.69260390528031,-8.43554544556893,-7.6486011844291,-6.9092411635708,-6.73567882679943,-6.58431274396956
-3.52656554978327,-2.12315091667167,-9.86686599732078,-11.2735654529668,-11.0702242710257,-10.7291387898085,-9.86622912467,-8.98090985222331,-8.77131011008998,-8.51963702599449
-5.79320933920658,-6.10921101414559,-15.8230661334416,-17.3138653569769,-17.0918324199442,-16.8712827503588,-15.9660336014379,-14.8177357448954,-14.0120444181125,-13.2857821824871
-7.28651462185305,-9.29566913598863,-6.40683347430985,-7.46694309642815,-7.30267007905208,-7.07972604051795,-6.40966589000301,-5.72232857891899,-5.55478210895215,-5.35435135031243
-5.78384116047192,-5.68621664836261,-15.6450445728145,-17.2811833920679,-16.9883859630177,-16.7238338741332,-15.6801510979999,-14.4862556275907,-14.1844507158756,-13.9161792300816
-10.3612769714246,-10.1302463308661,-17.8201477505988,-19.3607398471816,-19.1443053295805,-18.868882505924,-17.9238174040752,-16.5529300198511,-16.1990088109457,-16.0305556879211
-4.08776671334686,-2.976565272068,-6.38790696732091,-7.57501362764318,-7.40627360443235,-7.16031147580074,-6.41098423343997,-5.58508048188859,-5.39343191478302,-5.16842243469212
-10.0559153132109,-11.0025916963715,-9.24591492963845,-11.0516279349458,-10.7895266536683,-10.5424957369884,-9.1264171523706,-8.11919262678226,-7.82357353408665,-7.64146464516905
-10.3920014261466,-11.7262147512183,-13.6733185452823,-14.9817825867881,-14.7319711454479,-14.541388085711,-13.6622988054884,-12.8259598185229,-12.593057924363,-12.4013944171041
-5.73999772683309,-4.93490066084403,-6.25359368809063,-7.86150168464695,-7.60923799983346,-7.17226381708651,-6.17343698447068,-5.45529743161812,-5.26664988511823,-5.13299216217992
-6.94887044691584,-5.07611322104948,-10.0331783066774,-11.7214165234539,-11.5332352511981,-11.2636075795311,-10.0127574940077,-8.87899858991904,-8.64921956346444,-8.47341617876919
-6.90436949572293,-7.15744531480714,-10.2915453544929,-11.7726614629355,-11.6592228875744,-11.4379185013271,-10.1995921307552,-9.28659355242517,-9.09647289362142,-8.95367313010442
-6.88883607902526,-8.4298303735115,-7.76277199184633,-8.77558402921429,-8.65000589949513,-8.44640737315228,-7.79363017337589,-7.03591392672505,-6.85666114896885,-6.71088614600621
-8.92937581417869,-8.13576166274769,-12.9535820593292,-15.128892872623,-14.9253029522297,-14.5652380310764,-12.7722557163206,-11.5542938549178,-11.2433466427895,-10.9960020514981
-7.80192898699524,-7.14702091618308,-13.8304365884785,-15.8961189612987,-15.6226480867166,-15.2915649419768,-13.6343628191443,-12.7326217792392,-12.4961046584172,-12.2989101359426
-10.58142028566,-11.1953570342942,-14.933557219382,-16.3598291511092,-16.1977255588843,-15.8934569821832,-14.9494037707802,-13.9515130494768,-13.6022845431816,-13.2442435906936
-6.83152538418804,-9.23658265949004,-10.2410995693941,-11.6879634137093,-11.4384595052507,-11.1706595515906,-10.2211859172007,-9.36844733507677,-9.17020522754695,-8.93262078544492
-6.09836414222115,-4.76640773541826,-12.2658063990118,-13.4499377218378,-13.2943004574889,-13.0491898238927,-12.2585936163672,-11.4845536921432,-11.3201097416956,-11.1449731942044
-6.49713861925455,-8.67046845758504,-10.2432127830264,-11.9187386552656,-11.6607200552845,-11.3243368018405,-10.1436987868884,-9.35630773929411,-9.16885279597815,-8.91188610820069
-3.72840565630927,-3.60828525683013,-10.7531920762374,-12.4837322383857,-12.2192788957767,-11.9257654911582,-10.8008170532084,-9.42507509672749,-9.02255384965247,-8.73581857680496
-5.832758314372,-6.07682296361601,-11.9900676316913,-14.0476181761791,-13.8037672604031,-13.4539835248508,-11.8995621099304,-10.6828655667581,-10.4469551728458,-10.2948879755673
-7.54700763024787,-9.58640929972332,-10.1367178750732,-11.5356321094146,-11.2931732906741,-11.0709493674157,-10.1519938420551,-9.18817744524845,-8.91089908815565,-8.71808512531721
-11.4309133466,-12.209634101605,-17.1514849432314,-19.3448854592982,-19.097653960802,-18.713973172534,-17.2600480205215,-15.3981819458678,-15.0061162111653,-14.6375008494736
-11.9797665060976,-12.0233692889942,-15.4432303059126,-17.5680404301761,-17.3356106355337,-16.9301809911617,-15.4175462608505,-13.9525561913936,-13.6245278523516,-13.3229561091555
-9.32198845299651,-9.17479644625715,-12.2677233906436,-13.539641590311,-13.3549771320885,-13.1651571907246,-12.3127263424876,-11.2908370552107,-11.0281262644379,-10.7469015400727
-5.59927107130676,-6.52431054302969,-9.65586942561276,-11.086512827927,-10.9277179737768,-10.7088536992823,-9.72898402356812,-8.48485086682713,-8.17384965274414,-7.90367887755311
-7.9249549430003,-7.10098743327961,-11.297778532807,-13.3008018281748,-13.0586200850033,-12.673200416184,-11.1668867042697,-10.1787549541393,-9.95735832107886,-9.75067709690409
-5.43987987584153,-5.23460579227835,-7.33524899626056,-8.83700773781106,-8.64578553806325,-8.37837549148002,-7.35149139730309,-6.18507466953546,-5.87691894084197,-5.66743190234452
-9.06658648767547,-8.38965145217361,-10.3912594589029,-12.1364247735132,-11.8964461786979,-11.518395377687,-10.4352810501708,-9.19339629335673,-8.87750912669337,-8.64650568626356
-8.43871632192315,-7.6873839791984,-10.3647922372193,-12.1882884117165,-11.9207669926657,-11.5671861766778,-10.3577104760308,-9.09047959406401,-8.85660824218135,-8.65423094239818
-2.07757528726088,-2.45467440633997,-5.63173130304194,-6.59460341961063,-6.43734312393351,-6.25671859739689,-5.63729535102919,-4.95157628594914,-4.78882722643204,-4.66344428135255
-3.77699937307725,-6.59539967144554,-6.5876460248583,-7.87057076996794,-7.66096165932885,-7.45660298653537,-6.5927349275528,-5.71937928625423,-5.5413533863908,-5.37791953438934
-9.41199758943383,-7.87251385135114,-7.05955559662297,-8.28163165239014,-8.07412754474714,-7.88447162101506,-7.1003328689963,-6.17039237724391,-5.86613330018952,-5.6052034509494
-9.33732237343817,-10.8132562946674,-14.8815794467913,-16.3860509457504,-16.1760877907803,-15.9222667469676,-14.965623896669,-13.6892976201286,-13.3843776568787,-13.0737654978285
-5.83493874659068,-5.10342424544672,-17.6377394576417,-19.1313977572304,-18.9196944106418,-18.680256493236,-17.5767210756391,-16.6884820409998,-16.4326508315059,-16.1757410015934
-6.6743718541065,-6.16969696663826,-16.0159152572995,-17.319264940612,-17.1489528285078,-16.9232662857076,-15.9989420182225,-15.1857779197688,-14.9694185840939,-14.773759123805
-10.0167063660186,-15.2976861025074,-18.0989457601163,-20.2673351392344,-19.9086883708199,-19.6212053488873,-18.1037231300741,-16.6011833839357,-16.34906929221,-16.1499511144333
-7.52244356087516,-8.41158836028122,-10.9220287846853,-12.0400002326016,-11.8696010226822,-11.6264085392969,-10.9246547658712,-10.1765982373049,-10.011045727526,-9.86411016698188
-6.91695190685174,-9.16992895102063,-15.3015667250919,-16.8927384935058,-16.60265888206,-16.3543079526159,-15.3062905554822,-14.2469980942623,-13.9685516318255,-13.8091437495432
-7.87961446325208,-8.97768435279898,-12.5135802944494,-13.9232809658193,-13.6716928550355,-13.4519482148821,-12.5218139644998,-11.5936197792548,-11.3286729035068,-11.0544707372398
-14.0668978992231,-18.5529143679493,-20.3607850323368,-22.5437490560379,-22.310790255841,-21.9539428626494,-20.2429570596025,-18.890857346799,-18.5522040282686,-18.3333084811719
-8.03281537314469,-9.73863236802719,-17.2403037267851,-19.7021749190095,-19.1104353552318,-18.4643953525164,-17.1113602899795,-16.2395395209199,-15.9708118092892,-15.74862911422
-10.1812705279337,-13.2413890273598,-12.9074354225606,-14.3093039337642,-14.06248632117,-13.7881178996061,-12.8608341168694,-12.0177085652763,-11.8336997910359,-11.6971200306685
-7.28249746015352,-7.4617291391046,-9.03828147926435,-10.2677347749471,-10.0656426793735,-9.90910867555535,-9.0059311027721,-8.25800380739401,-8.05918402289897,-7.91946507042718
-11.4245209660023,-13.0706838042235,-17.0138965511715,-18.7923083266136,-18.4833937910756,-18.1809251103825,-16.9705253328066,-15.9675603749051,-15.7194494781459,-15.511641017957
-8.54057186056423,-10.8377379499031,-14.4383876578012,-15.9057489296435,-15.7166668583208,-15.4437056295279,-14.4762313370787,-13.417638316907,-13.0505483529687,-12.7326249772416
-7.72292399688217,-5.09013919841991,-9.8579928877049,-11.5317245327079,-11.3336850680207,-11.0347449292105,-9.76681298176176,-8.82628431550996,-8.59278668265547,-8.44261332856014
-7.6203382702027,-9.28194007253503,-16.1390838444989,-17.7681425049159,-17.5513566695226,-17.2219084529721,-16.1718734848766,-14.9500668823688,-14.5674364882453,-14.328363915463
-8.1997824764209,-10.7123369401985,-12.6846599739188,-14.7794899649401,-14.5252756931854,-14.2964544794885,-13.1242183851356,-10.5907345014872,-10.276021766861,-9.99502495632834
-4.9599936333334,-3.12352667212322,-18.9894879942439,-20.8154531964094,-20.5946246628024,-20.2670279987326,-19.2148450852452,-17.405066509645,-17.0071282875788,-16.718034566353
-8.03965103068311,-5.94913371274312,-13.7575892506812,-15.3773216603467,-15.2053628497541,-14.9047820233025,-13.8194920040335,-12.514087798547,-12.2251773393054,-11.9406522194453
-6.61316803645573,-8.33556801975683,-8.74200589531359,-9.98668933207586,-9.87528691281661,-9.66148318036895,-8.79608186438096,-7.72763972172254,-7.50676432921873,-7.27186831605552
-12.5165883527566,-15.1315831585927,-17.5486861985202,-18.6573270872465,-18.5082010278677,-18.3009209955938,-17.5673781422421,-16.7865097816162,-16.5638277147038,-16.4219260445722
-2.88942313950459,-2.94138986614853,-8.07913892657007,-9.42192222522542,-9.23581713634471,-8.96300394292835,-8.14665709765952,-7.06699072530477,-6.80134541100411,-6.56251486200044
-10.7933447514006,-10.1787474485116,-11.3480091029488,-13.0270466449124,-12.77971000107,-12.447264794356,-11.4189176519171,-10.1447802352274,-9.72826494316546,-9.45368285477861
-5.7200003074732,-3.79320914180138,-6.92813373386153,-8.4232128357178,-8.24790515409917,-8.00799392567072,-7.01079442944112,-5.79804422989777,-5.56893055987871,-5.36690648913498
-11.796810648862,-12.6066703694167,-14.585080254394,-16.0639529791653,-15.8426423207354,-15.5136590956745,-14.5666026264341,-13.6624469759258,-13.4816520807512,-13.2730725304135
-5.70279895079393,-4.99078565514924,-12.8776747000135,-14.1444735905446,-13.8937890856963,-13.7120550598756,-12.9062759981833,-12.0635804240424,-11.7901126396702,-11.5834228487145
-7.65337465983878,-6.95463132060846,-13.2011610591584,-14.9447459633747,-14.6581656507195,-14.3702034067304,-13.2229568970681,-12.0469030131417,-11.7557639778591,-11.4479942608062
-8.21262807878453,-8.44310557395744,-9.44258437424522,-10.5441210733492,-10.3068312576851,-10.1393068037578,-9.44567101250897,-8.71280497326069,-8.48337712334678,-8.31199649807051
-14.6325959275315,-20.0686869139232,-20.0021219807891,-21.306381372176,-21.1473843180043,-20.8807356743888,-20.031819930673,-19.0467543677083,-18.80145778247,-18.6043856347449
-10.3901480171367,-12.4225017163681,-18.9262456565474,-20.999761641243,-20.6596415256169,-20.0951447654378,-18.8774962030511,-17.8196594189639,-17.5832677355534,-17.2294768976477
-9.87791113845893,-13.3312562729215,-14.9636240134835,-16.4467587998604,-16.264195846686,-16.021048962043,-15.0463278269623,-13.7802093308366,-13.3247891647739,-13.0539982796784
-7.62613794475167,-7.09597244212372,-13.3165615567845,-16.0198745713862,-15.7145902020172,-15.065424974313,-13.1439915849776,-11.9987647698777,-11.5938670120379,-11.3796125744022
-5.39484164573597,-4.11331216517634,-5.64151541849816,-6.70307622729913,-6.47817582623786,-6.3059381274732,-5.6199336050626,-5.0313179956076,-4.84401651271879,-4.70465619532173
-5.01307257223287,-6.67237160187508,-12.653121379384,-14.2449454021462,-14.0618777533657,-13.8100970747688,-12.6753586180805,-11.4716029698414,-11.2193668436727,-10.9687818457763
-9.81859487793725,-9.71973334361669,-19.7334285836532,-21.7552840411062,-21.4804861052727,-21.1348731662975,-19.7652941097809,-18.3142260243718,-18.0138570997405,-17.7472230845862
-3.07648415183958,-0.376777411301382,-5.15335104826809,-6.16330135649678,-6.00980844718754,-5.82138446138338,-5.17121887221937,-4.45795715087634,-4.22622045539325,-4.11839833660225
-9.27048738110741,-9.04214115652317,-10.6856160179964,-12.843250644705,-12.5535453077598,-12.2860129436596,-10.7426026883379,-8.87265947764229,-8.60735714426862,-8.46499845108718
-3.7266526374112,-3.24288305636309,-8.18822169168538,-9.64377808335103,-9.39164210385116,-9.10218438106144,-8.13115115556295,-7.33620710554237,-7.09569654777692,-6.92319386685984
-8.56791238388323,-10.0192332026656,-12.0770608362164,-13.7838246490734,-13.5972037898443,-13.3275005914424,-11.9447661792544,-11.0897570189352,-10.8867467324381,-10.717900801598
-9.85392184556413,-13.0834548606986,-18.1608911780186,-19.4166126095472,-19.2934396531018,-19.1032160516691,-18.1578948937048,-17.1876420702506,-16.9841127564778,-16.7832708917876
-11.3757681608573,-12.9592981453117,-18.3736110679872,-20.0986848066236,-19.8832241578272,-19.643446471353,-18.4529791322864,-16.9436000213283,-16.5551281329386,-16.2790099185785
-9.65204396832905,-12.6553724055152,-15.6771688089487,-16.9577826379969,-16.7786194301134,-16.5658628444512,-15.7272701789298,-14.6946948477628,-14.4101745542161,-14.1713626410487
-6.73658418570789,-6.04189642928799,-16.7484707585053,-18.0995468734212,-17.8225728709442,-17.5989709299929,-16.7288639288757,-15.9443698009407,-15.7155968642896,-15.5463824976996
-5.05676271955098,-3.5463679607044,-8.23978775132243,-9.9412320392036,-9.71384394790749,-9.47048835035846,-8.16361902382202,-7.16789323774603,-6.89889611647687,-6.70691228957814
-12.2714923012746,-14.2667256462457,-17.7810068781805,-19.3570917787121,-19.1417403028334,-18.8281866849268,-17.8195938445662,-16.6956108648134,-16.1849632346384,-15.6660903176671
-12.6775588545054,-15.6899044816627,-20.4834572183684,-23.1291867073136,-22.8637957695214,-22.50991242396,-20.4408050811784,-18.4092095606891,-17.9406178516352,-17.7124463564249
-7.77907229233401,-8.2674065312146,-6.62560453758502,-7.85416645972336,-7.69834141289822,-7.42841799233988,-6.69491209073669,-5.67026395431492,-5.42180558964291,-5.13949299170427
-9.43743412778176,-9.15481417414619,-18.542944157201,-20.4030823655697,-20.1392566246675,-19.8940032253652,-18.5630469999522,-17.1579901805627,-16.8740857920767,-16.5605916866732
-3.09699469571571,-2.83403091442314,-8.43729403212092,-9.62070276545188,-9.45154286801735,-9.26338781439009,-8.48169120932722,-7.54837780494853,-7.31706853901374,-7.16095024422929
-8.41073324962172,-9.02551560225495,-12.8092332933746,-14.0190564443219,-13.8628925456895,-13.6228909680148,-12.7850705865805,-12.0378004630284,-11.8370514826503,-11.6778716139219
-9.3444158015612,-12.6798066383171,-13.7921267275851,-15.4767610618957,-15.1360790141167,-14.8291476624947,-13.7891417553695,-12.7133662748007,-12.478948688709,-12.2384794256253
-7.41494824763716,-7.72665449934254,-12.6549467307899,-14.1132746672009,-13.872176570934,-13.6324099611738,-12.6866205937889,-11.6852601076104,-11.3805518087523,-11.1825284261985
-12.0488987834502,-15.0708377913969,-15.27700105025,-16.910509428798,-16.700244714046,-16.3923650264877,-15.2406050255379,-14.2455866360364,-14.0199332475549,-13.7959094631073
-3.86463814657034,-3.0901963835535,-10.3822695741019,-11.6456913889359,-11.4111719048419,-11.2456154763192,-10.3996456194837,-9.47697211981723,-9.20623515849671,-8.97676493885764
-6.82549515834905,-4.83077120648764,-15.3791613560188,-16.587074376539,-16.4328944391073,-16.2060143534268,-15.3995131902345,-14.5300245636459,-14.3159439829608,-14.2179186555137
-9.84019489059465,-6.43511026131719,-14.4004530852082,-15.683323153043,-15.4493175723965,-15.2384993411255,-14.4227738845959,-13.5075991171021,-13.2426000281159,-13.0319943036343
-4.64754733242968,-7.06820903501384,-8.81522404909807,-10.1750053536999,-9.95127327651808,-9.68589655030407,-8.79219144807848,-8.00989015855405,-7.74608814147809,-7.61197772828503
-7.52232795823973,-8.74876516146357,-11.2880576066559,-12.6737121416439,-12.4220451276632,-12.1484045244864,-11.2738708167714,-10.4875221254136,-10.234267526713,-10.0130914517575
-5.4615799306274,-7.25422257679201,-10.0956000175074,-11.8985294305251,-11.6628043839444,-11.4128825114814,-10.1137403345402,-8.72418100354689,-8.51591802373617,-8.32659414108522
-8.90949318387535,-11.6905819572877,-16.7937397153633,-18.8498320119272,-18.6762951027384,-18.3958512722527,-16.7942806690648,-15.2223688044542,-14.7838164166211,-14.5340914503548
-3.78975286969546,-5.58015265322304,-9.18070854444054,-10.4725110132188,-10.2491675091127,-9.98500350640034,-9.19043299222101,-8.3738957572467,-8.07228050759796,-7.87914531463874
-6.51415636441834,-7.40828921459541,-10.0850112943839,-11.5570015652659,-11.2888493381852,-11.0653114355168,-10.121529476023,-9.07975454286203,-8.70467756940239,-8.39536621719342
-8.5756769336791,-10.5784469192424,-7.70289766392235,-9.23277968392262,-9.01847673451494,-8.73421330487605,-7.6039305420445,-6.77439681197211,-6.60559652289442,-6.45099789813787
-10.6289630241245,-10.3745342046435,-16.1598337653676,-17.4117680443099,-17.2430919223039,-17.0130857776312,-16.1506666441037,-15.3560561920989,-15.1295425943289,-14.9492485104786
-6.65127169451889,-6.73478607289227,-7.43363341987238,-8.48843048960771,-8.32153305103227,-8.14540326535995,-7.41168913974951,-6.76095211817603,-6.57946400470775,-6.45037293979033
-7.55226874914112,-6.64472802488818,-13.616084861756,-15.3986077372236,-15.1605096677004,-14.8893781362308,-13.7317668359386,-12.1636121446202,-11.8753167603267,-11.6841195673081
-3.98509462864818,-3.74059447275128,-9.71907892496269,-11.2280148916925,-10.9722542332773,-10.7221332308617,-9.76791555090252,-8.63099565120825,-8.27966918201871,-7.97104956596863
-9.28143429697478,-9.37899550884205,-12.0070909025597,-13.3432599498601,-13.091878987259,-12.8009459729928,-12.0019556436162,-11.17970779832,-10.9281691215229,-10.7396029790956
-7.25002618043432,-9.34892821295856,-16.0593071428714,-18.2005524778615,-17.840121259926,-17.4309214563863,-15.9763408215742,-14.8195363562065,-14.583000882027,-14.3794847100938
-8.79994232871967,-10.9996652941589,-21.0723058181914,-22.8563620615761,-22.6499653483091,-22.4228633555688,-20.9614501266124,-19.8516821435107,-19.6026328283174,-19.4096716892715
-5.41333579243466,-4.33488462497733,-12.7013959847826,-14.3516159732325,-14.1404002706846,-13.8654869728496,-12.7436324738721,-11.4842999550808,-11.1268976514698,-10.869724206039
-8.44169917053869,-11.774282717863,-9.62301975899158,-10.9502021148291,-10.8171759073555,-10.5599985049012,-9.63095775380569,-8.62071733691293,-8.35958695677037,-8.16336389165229
-4.12416682086012,-4.06274858850517,-6.08285334306582,-8.00910944660687,-7.72379042135354,-7.46743184900095,-6.16972094533752,-4.3779817040824,-4.12950270636119,-3.93888361084342
-6.5157250283385,-6.38644102228537,-11.2649041473771,-12.8142570116084,-12.5911366002261,-12.3258767978841,-11.2103287641627,-10.2890333760539,-10.0609334794007,-9.85838393107093
-9.29658699190547,-7.05326472303278,-11.842257674663,-13.2542274012946,-13.0635497257394,-12.848222612146,-11.8308282839025,-10.8858419736514,-10.6306447568983,-10.4549366100007
-10.5129887053993,-12.5903325604039,-16.1546288940877,-17.7222772314507,-17.3693207097808,-17.1294537410793,-16.1645271485462,-15.1531735231132,-14.8684157978716,-14.6576815916844
-7.99952358769492,-6.33017938906165,-12.0274509355917,-13.3178201425241,-13.1280940844841,-12.8945044997948,-12.0182679388334,-11.1729049637868,-11.0190827606596,-10.8868370495811
-8.55220661962784,-9.29932889479428,-12.4799190308858,-14.5137163486722,-14.2090607141712,-13.8002128270158,-12.4821975512488,-11.1165883475372,-10.6927146222826,-10.4709040666148
-6.16535625207004,-7.25810361536828,-11.5408198257445,-12.9063922923007,-12.702501130904,-12.4840234135267,-11.5197842776289,-10.6516922868198,-10.4582159076747,-10.2280479978776
-9.32819588764644,-14.2145092076347,-20.5484593416505,-22.3104518910924,-22.0786234571182,-21.8102578134463,-20.4987645643537,-19.440200929738,-19.1892100981931,-18.9441083561992
-4.42824857292483,-4.23060998817376,-13.4260659698284,-15.1373469365867,-14.740706582038,-14.433483850637,-13.462056281146,-12.3528825992245,-12.040561902138,-11.7966732572701
-7.99317076034026,-9.56502062583943,-12.6964894979883,-14.1749556310396,-13.9824144834512,-13.7973573406412,-12.6753427864194,-11.5911662195492,-11.4054789067308,-11.2838945614852
-5.64720604105624,-5.71397537647101,-5.04694187289525,-6.46505787622225,-6.28296521569677,-6.05465774772411,-4.99424321357497,-4.16704949131113,-3.99387083347792,-3.87031995431676
-4.09166799460716,-3.23490781717045,-13.9357888729473,-16.5226935267415,-16.3144949951448,-16.0187182633649,-13.8940103936435,-11.7789950181554,-11.4187703486864,-11.2043905808969
-5.34365359990032,-4.68444504677295,-5.87267570947279,-7.21784682472307,-7.08365301182683,-6.80654946971088,-5.94473189992768,-4.75620157148719,-4.56289983146953,-4.33294967539027
-7.57428703645858,-6.2263311260553,-11.2472410163901,-12.6034274212701,-12.3869077435528,-12.1783594901305,-11.2739355910516,-10.2980219163728,-10.0425134757517,-9.85911843205101
-7.61498507327332,-5.78428271191438,-14.7720894089925,-16.7404280441177,-16.5391626954695,-16.178700970041,-14.8606022934664,-13.2847971202264,-12.9332170288115,-12.6837747828297
-8.08370961974573,-8.38722283865052,-15.5090359379441,-17.6542390914735,-17.2824590209015,-16.9657789168724,-15.3579521973023,-14.1866239409492,-13.9421950633482,-13.7310001242668
-7.09511419527784,-5.86189897080044,-11.2227579174552,-13.4839597625985,-13.1670762998406,-12.9486100224756,-11.4193811907382,-9.10935960942936,-8.76346677084455,-8.5478739440437
-5.48324154022021,-4.78704445230456,-10.8222201717285,-12.2569513279411,-11.9435362184586,-11.6935222113876,-10.8244687292854,-9.93977679016883,-9.6791316726044,-9.45243136784088
-11.695142195945,-14.3158151649135,-15.8115233842666,-17.445620114435,-17.1908806494647,-16.8609645565475,-15.8101023725973,-14.7367450483112,-14.4027565892491,-14.1248067452148
-7.61905090669714,-8.59844047068797,-10.2960586265116,-11.7339980110518,-11.5243856353407,-11.2816034482539,-10.3165361976968,-9.25689280663227,-9.01286433897863,-8.83581717942807
-9.89759095616007,-9.46800230608863,-17.7661759816675,-19.6296696606628,-19.3311053491274,-18.9724594078757,-17.7443258622942,-16.5782215709875,-16.3013954184596,-16.0978312778845
-9.4358267013818,-7.36224948809412,-13.4278685295484,-14.7970293195047,-14.5678520477731,-14.3304234238232,-13.4467524572613,-12.4611451844002,-12.2574620097734,-12.0872730426601
-7.30970317154484,-9.29743213098897,-19.4992351314184,-21.1651241604735,-20.9215734214069,-20.6138307909876,-19.4637957594787,-18.462085305775,-18.1284154088033,-17.9646608655419
-8.93294069622286,-7.21619790748596,-11.771919416295,-13.2154143932522,-13.0568168825013,-12.8386299929802,-11.8660749794043,-10.5784580310456,-10.2835652862447,-10.0845557559182
-6.45233966996676,-4.51023757354651,-7.5854420969267,-9.1088559750542,-8.89144305865867,-8.65118869762522,-7.47729443249496,-6.68232433091096,-6.47481044015258,-6.29734695946351
-7.01556121055176,-7.29715771419248,-13.1113862583076,-14.2852747910553,-14.1531582446458,-13.8670712061114,-13.1050265640015,-12.3235217745438,-12.1417253761634,-12.0034449077798
-8.37664136091763,-9.0716359567093,-11.0082537129719,-12.4636147775447,-12.3138227980453,-12.0270931306252,-11.1096754929493,-9.82889526294724,-9.55161265218534,-9.36147758841437
-3.1754820629205,-3.19885210656246,-4.09592984435962,-4.95583208702567,-4.8416743088712,-4.68074193319233,-4.08577376641522,-3.53445828111468,-3.34264555135595,-3.22837277916096
-9.73317885511785,-12.4099579544249,-20.4735385541434,-22.8391578271341,-22.517689186345,-22.1708966679097,-20.6065622246004,-18.7511473317182,-18.4272651341534,-18.1958178320771
-4.75395773584569,-3.90169183763141,-10.6140816383207,-11.7986348592328,-11.6089782507934,-11.397368706655,-10.6082357449875,-9.84607795612031,-9.63481587293116,-9.47211652239386
-8.84518100458649,-9.94958570679461,-12.2927147257562,-15.1045981060228,-14.7748678067958,-14.4768985652966,-12.6501628107482,-9.12853549280758,-8.61935648694228,-8.4107469978445
-7.15772474090711,-7.27086896269283,-11.78704971761,-13.27543889279,-13.0852610635252,-12.806878874656,-11.8325374376032,-10.6728570620101,-10.3923434175967,-10.1305680305659
-5.22670283836706,-4.98555927158746,-6.2548503738226,-7.48594982296851,-7.26276291564865,-7.00331039962434,-6.23268707072694,-5.52437668099,-5.31119243861516,-5.13171194809819
-6.93910715804505,-7.36912463303851,-12.6080443237355,-14.1735195515092,-13.9340369543405,-13.657153835553,-12.6016237340239,-11.5775496408011,-11.2614966164088,-11.0821065118419
-8.00494208035987,-11.0658568956688,-16.7669324989614,-18.0514485399289,-17.8377121000637,-17.6175132348155,-16.7697438928115,-15.86026239199,-15.6089060411904,-15.3946695150932
-3.72783153725652,-4.19795845214491,-13.9729030476802,-15.3039517528106,-15.070917735038,-14.7966791583106,-13.9820258525839,-13.1512452080589,-12.8870054577392,-12.6577214537486
-11.3236843976929,-14.4381071625874,-17.4019182763092,-18.8407402160593,-18.5253337035856,-18.2645756581188,-17.3963800292084,-16.5153016693245,-16.2439440318664,-16.0468859674986
-7.41197261804987,-10.2969816111224,-13.2736507186101,-15.6691243063448,-15.3024478919549,-14.8326835761432,-13.0953626876748,-12.0058748781349,-11.7366992286358,-11.4822345227882
-8.80262473411208,-5.6330508424685,-9.87486080981235,-10.948443288703,-10.8133336540334,-10.5851937259711,-9.88413433940731,-9.15710523143317,-9.01592044642917,-8.81575498658554
-10.7078870144276,-13.013677382046,-16.4399483752217,-17.7912153507556,-17.5602430396425,-17.2971353804607,-16.4536485617541,-15.5400605189269,-15.3007773927546,-15.1060341338795
-8.6805202161558,-6.68017905493125,-14.758474990813,-16.265887297532,-16.0672422109403,-15.8338110158791,-14.8300172433226,-13.5407419555575,-13.2007567673708,-12.9693021142219
-8.59321153922888,-9.36966387668384,-20.120126276419,-21.9409915073814,-21.7077911734361,-21.4414518855646,-20.1244004012403,-18.7814942805465,-18.4674349064792,-18.3080449148117
-9.52738332918413,-9.71208501914616,-17.7761347229783,-19.3161560423588,-19.1303003202233,-18.8350991325558,-17.7881000483156,-16.6392900299005,-16.4269543021143,-16.2157472041316
-6.6655231579316,-7.21341760140485,-16.7957826353487,-18.0319102070526,-17.8360918483155,-17.6083869746281,-16.7999085252462,-15.9571093491786,-15.7378521186055,-15.4536102355718
-12.5661967163982,-15.5785525767752,-20.2027925669914,-21.7617870092454,-21.5378823538047,-21.2267060408413,-20.234507034836,-19.1743207417389,-18.8575754277089,-18.5421919489682
-7.81977015657808,-8.49870175702374,-20.2643845001694,-21.8826522925437,-21.571599940132,-21.2686147170444,-20.2865191983614,-19.2762707647988,-18.9246887560126,-18.576108161988
-9.02425591434586,-8.92432766804829,-11.1648144629456,-13.3193662843795,-13.1035563432258,-12.7332349066044,-11.0345602308425,-9.93450405006556,-9.63353343038808,-9.42450545566642
-8.90373945850857,-8.56781594886278,-11.4103521406008,-13.1225617348513,-12.9275483475119,-12.6831181409412,-11.6963736464791,-9.66074541014452,-9.36454663761544,-9.15774504723603
-6.02046414345671,-7.33978232900186,-9.49085188138255,-10.9192213917612,-10.654097650259,-10.3875399325518,-9.46757925464985,-8.63878524941816,-8.40168358712821,-8.2422245806516
-7.96256434623812,-8.59188751229945,-10.6049672045092,-12.1206096254175,-11.8689174872427,-11.5643875135674,-10.5851021259131,-9.64460913716589,-9.3877331801417,-9.21376078634193
-10.2209901384987,-13.8597948965547,-16.8197951739571,-18.3832087406634,-18.0857055038935,-17.8314307103302,-16.7978910432861,-15.8097885622819,-15.5617929600903,-15.4158222176505
-5.99184718774251,-4.45339566549947,-9.74007433967147,-10.9769760678365,-10.7775998535407,-10.5542552014201,-9.71708948733488,-8.93445787574064,-8.74193232302839,-8.5787640042291
-6.1149649057595,-7.68005914087178,-9.53160029849402,-11.5286533471223,-11.2666683892919,-10.9383838133686,-9.73106480022547,-7.76672418637607,-7.18419011200478,-6.8890093116073
-5.89577132947148,-5.96954951857589,-10.6346445490463,-12.4968466376288,-12.1280532933766,-11.7077701459399,-10.566336656349,-9.67393052793872,-9.47104308253659,-9.28548600888937
-9.3830517450386,-8.99349158022916,-11.9188292741019,-13.5163108805379,-13.2328158983773,-12.9250310641602,-11.8960907731783,-10.9566503182179,-10.6985375147054,-10.5026252211358
-6.05122839992894,-5.35338538792901,-6.05565141850633,-7.23305057929991,-7.11071546923261,-6.84163113072135,-6.02853545764341,-5.37959598928771,-5.1218004473779,-4.96172396974271
-10.1263478757821,-11.0456788025322,-13.5189142415851,-14.8242064128534,-14.6876418619926,-14.400984901077,-13.5496367341111,-12.5866287794813,-12.3007447605959,-12.0289378958706
-13.9913941948362,-19.4383978354611,-21.5268587533037,-23.4480827158246,-23.217122163546,-22.8732529022133,-21.4296155151839,-20.3204516040588,-20.0681867690252,-19.9002161359112
-10.3155135214635,-13.814432757271,-17.7597662841428,-19.0403627624877,-18.8606248742363,-18.6293791665392,-17.745789576942,-16.924656077892,-16.6751531012994,-16.5288523688162
-8.98857869473376,-7.53188504179731,-9.6483421196984,-10.9401304772047,-10.7459540666373,-10.5589752389444,-9.62943375977577,-8.7492539276818,-8.5341331238922,-8.35674332443379
-6.19225456515191,-7.00993312463985,-8.26608879094583,-9.42906636742048,-9.28722070265935,-9.05557460376607,-8.28666715564576,-7.46831900930559,-7.07105873012538,-6.78503093558939
-10.6220041206024,-12.8175366010193,-15.2905168482058,-16.9543349389431,-16.7462310159605,-16.4195453440455,-15.3118344101198,-14.1631957704147,-13.9235614911086,-13.7314853364472
-7.91843172058357,-11.3004820672656,-15.9873122822628,-17.5957932282721,-17.4410659189459,-17.1803417917709,-15.9425639662457,-14.9139752094128,-14.6296000146175,-14.4136154298911
-8.34007768907544,-10.0728291692187,-7.80833837696152,-9.29350602926916,-9.14673408632085,-8.96458296400156,-8.10433494992443,-6.21584707724185,-5.62236986964205,-5.30920422691431
-11.2146051004412,-13.3177541013902,-15.7249325260325,-18.3769682873611,-18.0291448125756,-17.7110701162704,-15.6009478056062,-13.9121338592878,-13.6305063729384,-13.4802638283288
-4.07464302336724,-4.73498801812486,-10.8445985098028,-12.9680580227384,-12.6173733464658,-12.2888387814786,-10.9029872249045,-9.33164398728454,-8.99313938638926,-8.71756120492193
-11.0918254362706,-11.4768678405089,-11.3951197404221,-12.9159566103483,-12.6972428039166,-12.3925893943182,-11.3954553639693,-10.420526987293,-10.0647586300085,-9.79707438079726
-6.82449004090975,-7.34934739981176,-10.9831327754098,-12.4421420230985,-12.2581268488712,-11.9387354801258,-10.9626975506492,-10.0656260113901,-9.81869284989869,-9.64260676932057
-9.52363975633316,-11.0917155786678,-17.5350093783738,-19.3744461558831,-19.199249389714,-18.8920495775794,-17.689765853332,-15.9764286466096,-15.3694571624756,-15.0607744860355
-9.51596870703691,-10.8853692257928,-18.5947595699455,-20.1434174816814,-19.9480336809604,-19.5661895733492,-18.5609782432184,-17.6665579632514,-17.4005884995703,-17.126366373914
-9.29288676123164,-10.0981250282672,-21.6704300332669,-23.4664454272416,-23.135189353528,-22.8004266823057,-21.6509805064343,-20.5842786821544,-20.2582362461138,-19.9224025330387
-5.5932396278304,-5.72538583261853,-13.5469992385057,-14.7736989129162,-14.5458277495803,-14.2851145497106,-13.5568901611913,-12.8169950269551,-12.5656281421933,-12.2840929603722
-10.3301342822982,-11.0695870812764,-18.0228015407049,-19.7700321392931,-19.537538636233,-19.1834471375123,-17.9820971526698,-16.9034844943384,-16.6922435916333,-16.4648160621674
-7.84011065782238,-8.0857579698788,-10.2872587088766,-12.0312685104154,-11.7609936711386,-11.2725775337371,-10.2799974947083,-9.29437616865523,-9.02562526388148,-8.744664344899
-7.56748394637256,-8.03971187760862,-11.7803518987918,-13.4624000788073,-13.2035855197714,-12.9453782511661,-11.7372084032293,-10.6852114211031,-10.4358378011498,-10.2367408847857
-9.38057007174115,-12.907791799098,-12.4544340180207,-14.2456658462645,-14.0135416363593,-13.6098645983946,-12.396884571335,-11.4508067805187,-11.1517236517544,-10.91553331623
-9.66654490545203,-9.39059139574427,-17.2102998996183,-19.8978820493285,-19.6468330924942,-19.3292812181345,-16.8057480598639,-15.5554404098955,-15.295161965494,-15.0674617575794
-4.15034172321757,-2.01577937659518,-6.96808833884496,-8.09786708420232,-7.93990995965506,-7.73396824276944,-6.95811649780116,-6.2000127416437,-6.0170205979178,-5.83824240776953
-12.2122285584844,-11.1338418430397,-12.6542296984288,-14.5141768842391,-14.2818846554461,-13.7829792897061,-12.5325092868328,-11.7025338496296,-11.4968391719595,-11.3330535025842
-11.9266050726016,-18.7491390281299,-19.2380607053075,-20.80537782954,-20.5720153199857,-20.3514988863598,-19.2649582561927,-18.065556402711,-17.6698810386598,-17.4884536258027
-11.7913055248573,-11.4351661776173,-11.8766875436714,-13.8374970595495,-13.623815778789,-13.3693972780104,-11.7311411096324,-10.6746054914579,-10.4869992542534,-10.2122420633673
-7.16585515899522,-7.50560105940169,-12.6203279138612,-14.1966453208891,-13.8422433254334,-13.5541435760506,-12.5992454549581,-11.7158697533609,-11.4746932377396,-11.1936447329376
-13.7127827424303,-17.3209593184068,-14.9543816494131,-16.9337259149453,-16.6044185399552,-16.2365877337657,-14.9856749818222,-13.6002857342475,-13.266060167144,-13.0415808801272
-6.68002477347823,-6.64497387335217,-9.68748348485957,-11.7021732996394,-11.5575783616346,-11.3057884042529,-9.48104095091598,-8.32079400975408,-8.04561348732195,-7.85542290580787
-4.82308420279178,-4.29514140228877,-10.3078202863869,-11.8649991494826,-11.669405714864,-11.432147315876,-10.3936715610105,-9.03955800625811,-8.68823392361964,-8.46364126429111
-8.89066027903986,-10.2995761961016,-9.83273179391037,-11.6988264579202,-11.4290532172576,-11.0895138214716,-9.75746105638986,-8.68439397816648,-8.50439169011914,-8.308390950791
-8.58438562310367,-7.95176702876511,-11.1009583855252,-12.6586263674835,-12.4024770878597,-12.054295600226,-11.0557010041363,-10.1844928972171,-9.97207988794414,-9.82409960810621
-4.83566970100251,-3.88932580327066,-10.8483071827365,-13.1426519940864,-12.8382681743741,-12.450010813651,-10.8153787839754,-9.28253193920026,-8.87256896774231,-8.55648884553781
-11.014529470147,-14.4309906996409,-14.6166437222215,-16.3757833425385,-16.13198530762,-15.8660668204546,-14.5934098012555,-13.4173974871874,-13.0894927825119,-12.8625053163584
-4.79508860526894,-5.82629330499192,-6.74297637510288,-8.32523976132543,-8.07450433161165,-7.78597930759615,-6.68355951358057,-5.80570346638971,-5.63389248508761,-5.50539696437037
-3.96726321895957,-3.70959693334779,-7.07285934566743,-9.00335794353862,-8.70032357638751,-8.4887386682552,-6.95918924493764,-6.0084108524742,-5.78213918190766,-5.55723892760382
-10.1043050900262,-12.5279811947249,-16.3766977013942,-17.9360367973351,-17.6686746631274,-17.307592561036,-16.3537476133678,-15.4694341628477,-15.1554261081176,-14.9695764758649
-6.12753493696262,-7.43763703849166,-8.50220170031341,-10.2452987365869,-10.0254673249843,-9.65804951681207,-8.43610643432871,-7.47228272908221,-7.29323254440402,-7.11992550558599
-4.53977034659925,-4.66667458656858,-10.8919975105022,-12.276829737228,-12.047990836119,-11.8321471642293,-10.8967496439834,-9.98756967537188,-9.66401196354598,-9.41934646594515
-5.12267455240616,-7.60838180004533,-16.876100181278,-18.6933220200806,-18.3910104890033,-18.0943870319621,-17.063119763166,-15.1721857537025,-14.3535799983801,-13.9385788676735
-10.6028515681,-11.7972648026219,-15.7096901886899,-17.403157862928,-17.0627041611995,-16.7605214838811,-15.7519042346419,-14.6683074526493,-14.3019984256442,-14.0826716957589
-12.7637364630872,-13.2452192228378,-15.9416471055782,-17.6103642576443,-17.3710773513985,-17.1227922706118,-15.959753272671,-14.7237437561474,-14.4566825554833,-14.1970434844849
-7.97597953328017,-7.6566061770205,-16.4769002908297,-17.7872889283844,-17.5549864334255,-17.3276141865622,-16.4925057742367,-15.5750618103049,-15.3216265598121,-15.1719996437312
-6.41682620745204,-7.13252154437514,-8.62519034045216,-9.80940692997878,-9.64987231782807,-9.43150996182756,-8.63732792981379,-7.81874303421597,-7.62570936955371,-7.44370765429629
-15.5654304767599,-18.1592209338292,-24.7324791968764,-26.8170764768786,-26.3808988907847,-26.1413752241896,-24.8140578529697,-23.2359541601399,-22.4192063859593,-22.0443008913942
-11.5184130999449,-12.2611692139158,-13.3393988209409,-14.8469095577366,-14.5270056176424,-14.2535441766845,-13.3174008439537,-12.4525305445349,-12.2177654812393,-12.0489328716025
-8.84306184231135,-8.2527204237914,-11.2401532804846,-12.5635925414885,-12.3768712592522,-12.1573989509137,-11.2814126331362,-10.1846509206148,-9.93358165887972,-9.75223029494007
-10.9092043254639,-11.7917190600384,-15.2137128102488,-17.284427822176,-16.9075037283605,-16.5132202500503,-15.2670308970742,-13.7693920915994,-13.4841798889328,-13.2647698339184
-8.5023615965278,-7.08498371069525,-12.9897826090219,-14.5129802843684,-14.2951666293313,-14.0622451427973,-13.1209211937216,-11.5997968818483,-11.1779875358276,-10.9212862994289
-10.3844640814745,-10.1548444742493,-9.39919525065469,-11.0102906647637,-10.8287242340055,-10.5770477747491,-9.4177542515575,-8.1996557535229,-7.8105134396434,-7.57541753581627
-6.35082429654421,-5.32675934607404,-6.22251882380541,-7.76346918249763,-7.50236049803397,-7.128418176552,-6.14314127091673,-5.47661844610809,-5.29299665304685,-5.11054230323813
-3.35946805535954,-2.20263072312989,-11.9014197432287,-13.086738476737,-12.9543914112989,-12.7251732151279,-11.9364130894206,-11.0441533318796,-10.772771507074,-10.5479226938691
-6.88136378913825,-8.809824121424,-8.29573923436234,-9.79437271994143,-9.61879319413827,-9.39070164094004,-8.45443908797557,-6.84868161586667,-6.59180546149232,-6.37621832485076
-8.50677833632879,-8.53448164168627,-13.4572602864493,-15.5540247243492,-15.2943725996729,-14.9531326636701,-13.2837550835546,-12.143679813272,-11.8635758019361,-11.6785992079649
-11.2012182442611,-12.3314692917816,-17.4844427979377,-19.1873362612654,-19.0310024043867,-18.7449097959528,-17.4583571541365,-16.2192041313815,-15.9592131015764,-15.7111236600374
-7.47497109195372,-7.5027476425388,-10.533979491434,-12.4254107613918,-12.0764506581224,-11.6749466300981,-10.5873520178176,-9.33046122611893,-8.99441222902288,-8.64170948792151
-8.68619961954427,-10.4702581769918,-15.3323303012516,-16.8715373659318,-16.6122627323893,-16.3672057036646,-15.3166810325234,-14.355439286151,-14.0978617822427,-13.9039608113938
-14.0573395424651,-13.6811581395974,-19.1198290087635,-22.0890195066769,-21.7414863472875,-21.3561560684838,-19.1677499360199,-16.9493235435527,-16.5985035507447,-16.2830078093965
-9.11622166950076,-8.93777954394242,-23.5150154271454,-25.5472325445526,-25.2100961299179,-24.8972055494115,-23.4251679056874,-22.2905506804764,-22.0885703434718,-21.7721699710821
-5.20614423863738,-3.84376060249829,-11.0133074224716,-12.789793196159,-12.6547063140509,-12.4064254871652,-11.2132375431033,-9.28125878472551,-8.97686442766744,-8.82257524184097
-7.3899819928931,-7.2291305228293,-10.0957882394742,-12.7131556949876,-12.3621532266787,-11.9466872882077,-10.0184497760255,-8.53512266932914,-8.29115330508116,-8.17016966814525
-5.10558420846978,-4.67172794607526,-8.00171742288238,-9.41098533399407,-9.21701504380523,-8.94885069703195,-7.96486699990743,-7.12159050364857,-6.89943132573865,-6.72219526671158
-11.3514642820309,-11.2978480830618,-15.3686199861266,-17.1049627905906,-16.823578284597,-16.565916296031,-15.3319863993365,-14.2151231690426,-13.9743435118808,-13.7958280705437
-13.3823981762014,-8.97431325740038,-15.1824230375896,-16.9164797789872,-16.6234315540077,-16.3238045116052,-15.2187299527368,-13.9844997080992,-13.4876136577141,-13.1979451398848
-7.08984573113178,-5.9175926907722,-16.7188354353699,-18.3658056912368,-18.1402042334138,-17.8581107874217,-16.7223333632617,-15.6502723648451,-15.3089298462323,-14.8851751256348
-11.4233967273043,-12.6530729033826,-13.7893789319811,-15.7335169835783,-15.4871614079519,-15.0220591895203,-13.6556944882714,-12.7559625555499,-12.4771899565394,-12.3481670353425
-10.9632344652632,-11.6922593435966,-13.1230218561114,-15.2704673802166,-14.9783102243504,-14.6475214900771,-13.2724505891895,-11.2750881866623,-10.9054503227988,-10.6068848218398
-8.39516605557213,-6.91646970841011,-13.5167572435835,-14.9603648083959,-14.6962250031752,-14.383532078814,-13.5255889018359,-12.6231237453161,-12.3582632666241,-12.1912044372078
-9.5448487744099,-12.6759317135812,-15.6199467665506,-17.0701460917579,-16.7774375676454,-16.4705095756768,-15.5762707772055,-14.8009336671315,-14.567608802171,-14.3885479061137
-6.94577378107122,-7.24404913517966,-12.4488419126944,-14.3423156604564,-14.1204056215008,-13.8175034668467,-12.4183833846602,-11.1270491243899,-10.8373761461173,-10.6294765258494
-9.86223973159998,-10.2514666183742,-14.8101710144205,-16.9535340902131,-16.5609940467987,-16.2108105248433,-14.9180262274552,-13.1684844618655,-12.8515718310884,-12.498809331367
-6.85166709023019,-6.36934653960117,-18.5356426960883,-19.9862466836225,-19.7055243968877,-19.4746492466213,-18.5178971797573,-17.6750531544796,-17.4399626446887,-17.2155436148845
-7.35260429326643,-6.64568238200743,-10.8174266728994,-12.229716178554,-12.0370282235934,-11.7950909838397,-10.8203022186054,-9.83472346516685,-9.56203468740174,-9.32685760009313
-8.7548551351095,-10.8473136991528,-14.5132561135034,-16.0373811466846,-15.8422531709291,-15.5700174553141,-14.609340694643,-13.3195752765146,-13.0917710914543,-12.858122038374
-10.1111513826313,-12.3770183411876,-16.3885098347045,-18.4837141617736,-17.9174831293842,-17.3902673680764,-16.33257751668,-15.2938008386829,-14.959198002295,-14.674430643922
-9.6469610407862,-10.9496203672541,-15.7904545531037,-17.2097937693454,-17.0010170714781,-16.7710316423856,-15.7651718908855,-14.8333435617264,-14.5883348472542,-14.3806306354683
-14.461411292836,-14.1667476152505,-15.9922597520968,-17.8102599932093,-17.5920068243725,-17.2400571586847,-15.9619956748076,-14.8218048909319,-14.5478183187122,-14.2720607335516
-11.1589673103869,-10.4941494088818,-12.2899649290907,-13.9421294310889,-13.7240462961761,-13.4788911715521,-12.2259029172616,-11.240801708505,-11.0342260547702,-10.8151723540096
-6.1120240149028,-4.98911257315727,-17.6537184668069,-18.9515763921303,-18.7100890424673,-18.4900938707557,-17.7155870520782,-16.7285998678839,-16.3836170116913,-16.0628086926928
-7.30805394121735,-5.12253948978003,-10.8000696306638,-12.7428154673898,-12.4740522843762,-12.1862847293445,-10.7595038137006,-9.4811860516678,-9.18631733503292,-8.94209881383266
-10.784440267154,-12.9285554973647,-15.9047744227261,-18.8685048694346,-18.5478600808393,-18.1132750092357,-15.9387522707842,-13.6933720193136,-12.9340667119841,-12.4118762646105
-9.78475340951398,-13.1787782378879,-15.591361218477,-17.57911801595,-17.334807185284,-17.0062008794066,-15.4969698887547,-14.3020003552625,-13.9572389564808,-13.773595314486
-6.35603141511389,-4.63987718599874,-8.10653542222561,-9.69938770212293,-9.45491861533908,-9.22889943990574,-8.01569867729391,-7.16887312899017,-6.8869364363815,-6.73049475870577
-2.16813562825116,-2.35157207062617,-8.43184250615807,-10.1734241791642,-9.90261679167981,-9.49073798047444,-8.40627820894716,-7.3928861669885,-7.09835841260411,-6.81829358734621
-14.1536907972076,-15.1395092424418,-18.3021371037183,-19.7600557640585,-19.5146302103457,-19.3041386788038,-18.2915355270337,-17.3668607958016,-17.0754500923225,-16.8538564569655
-7.16594523989737,-8.36667685798168,-9.72249917400629,-11.0150818583053,-10.842521802884,-10.6602469107868,-9.71516307392745,-8.82768216355535,-8.62108623634706,-8.45843770755432
-4.35892622939232,-3.41653711183593,-13.7203971369258,-15.0444785429098,-14.8677172087062,-14.6713371491491,-13.8280899842222,-12.5174200344401,-12.1716671454202,-11.9579123535916
-7.19545613648389,-7.86467506268231,-14.780211484275,-16.2047135202331,-15.9644975410868,-15.7249864421082,-14.8105423423785,-13.7692950490574,-13.486040883288,-13.1385482082192
-6.52390913880888,-7.98975089993907,-10.7584653248728,-12.7236176362891,-12.4086701978154,-12.0991407560209,-10.8740415166161,-9.00567346088506,-8.42954903002918,-8.06596340422474
-9.58608405255118,-11.1370196860313,-18.8012860202264,-20.4434904028623,-20.2469950198469,-19.86840671534,-18.7551596986234,-17.8939585482199,-17.6186105254756,-17.4328426361278
-12.3654956560183,-14.6994427454014,-19.5293157475319,-21.4917990518875,-21.2332155400639,-20.8091106109021,-19.41897918612,-18.4794340613362,-18.2423539443688,-18.0705878139559
-8.56110397894539,-11.0484468300993,-18.7414210585908,-20.3412492644286,-20.1008030615395,-19.8402099927426,-18.6722522405492,-17.7223737082313,-17.4917676116533,-17.2577066645433
-8.71168010585576,-10.9173842401413,-20.6357773220634,-22.0944974338956,-21.8880878613406,-21.6682487387366,-20.7672675818174,-19.4247809142693,-18.7801869967787,-18.4300745239007
-6.37786838442031,-8.70856547894376,-14.4306171392992,-15.7777170423908,-15.5677871691942,-15.2994133132011,-14.3945664377644,-13.6332629677371,-13.4135843273395,-13.2037636278348
-8.1960671133339,-10.5993937038529,-10.4618236750266,-11.5663796568888,-11.3803251627076,-11.1718445805554,-10.4614313295384,-9.76269784093196,-9.49716138924225,-9.32436981131935
-9.11555021731192,-10.4726844088326,-5.62173251168738,-6.54131434292614,-6.39393332476633,-6.22227587010793,-5.61794667612818,-5.02003660154947,-4.85909290549463,-4.72608553367615
-5.59881281973617,-5.55883915163489,-10.4737425328102,-11.8321598798649,-11.6401833822967,-11.3938672893293,-10.5587512338402,-9.38742806178388,-9.17896405045637,-8.9381376975695
-8.53980832079412,-8.46323672863597,-15.354665574088,-17.1787306189836,-16.9195229003275,-16.6031203674269,-15.3473705368768,-14.0663386275053,-13.7144143552544,-13.4915206708883
-10.4088781159641,-12.0804119352972,-20.0692754138704,-21.5630886020832,-21.2994519112096,-21.0922894444713,-20.043626987472,-19.0884001636815,-18.8889444310626,-18.669879938711
-10.1702975593853,-13.5646457919717,-16.7227199000468,-18.5373554369828,-18.2057386027246,-17.8113638925831,-16.6879585980668,-15.5789156181618,-15.2538682037663,-15.0428921874139
-9.90617395219973,-12.6257870742111,-15.283448282732,-16.662467165177,-16.4588430539949,-16.1650214935546,-15.3349567377892,-14.2678598363898,-13.9281686297474,-13.5625292237176
-9.54190220544583,-8.83355355584985,-12.7108450878645,-14.1237744804749,-13.9329175452948,-13.6744106730037,-12.7390732886062,-11.6994248523809,-11.4373656104106,-11.258510134453
-6.66174659465024,-6.74429832936474,-19.0175194195303,-20.6089079138975,-20.4175334489348,-20.1999508235371,-19.0047316263591,-17.8437006832081,-17.6224443860126,-17.3552778846465
-2.97379002463884,-2.27337253555363,-5.83983688169956,-7.08502130909455,-6.87208725789484,-6.62338547466918,-5.8562566006736,-5.02999804445898,-4.73742716801406,-4.57774639731749
-2.0615527669222,-0.345246632800897,-6.37746253098496,-7.3734173364285,-7.2117169536637,-7.03275921439351,-6.37272739810542,-5.72384912825097,-5.53074564495631,-5.4053638333123
-6.07381062925631,-5.89501577055085,-8.65951666210119,-9.71935901374042,-9.59855688287432,-9.41833911428338,-8.66748629909222,-7.87108331911195,-7.63839161194412,-7.52227038051354
-9.72954729905968,-12.6998766834065,-13.4048530756212,-15.4291174502272,-15.2657633360631,-14.9464816892869,-13.284109378209,-12.1562155942953,-11.8708653619698,-11.5299779802169
-9.74535962768132,-10.8823999174997,-20.9004271994872,-22.8992981759959,-22.6700537507759,-22.4192963590976,-20.9691201416364,-19.3817856119689,-19.0178520184289,-18.6645385566297
-9.2651728014387,-9.1859694830063,-9.27948827342407,-10.5589941766163,-10.3795122703323,-10.1805343883487,-9.30392192021147,-8.31521504173142,-7.98619145246805,-7.77782276431167
-5.42371746865314,-4.69870661996159,-9.51960933120638,-10.9396984940504,-10.7776112033902,-10.5218609090877,-9.52041607596178,-8.55217843438372,-8.14827926829812,-7.8080592139108
-6.82807829629774,-5.62555403276159,-9.79770870707137,-11.535910489001,-11.2677146026445,-10.9369392418283,-9.7763459853099,-8.69644534327061,-8.49082530829712,-8.29470811069428
-5.94723817576107,-5.86071290553633,-11.9514407951081,-13.3926651734919,-13.1732202726518,-12.9282004022581,-12.0319751832998,-10.8299937586198,-10.4947229192541,-10.1706236720131
-12.3168870893232,-17.9223832406726,-15.6075671892372,-16.9432345395025,-16.7306668080853,-16.5033403139321,-15.6225760999021,-14.6721567550219,-14.4048759783589,-14.0885896929623
-9.65963155121789,-9.8638103802618,-15.7666991518335,-17.8095949915748,-17.620765560335,-17.337797931383,-15.8205328313845,-13.9611245916468,-13.4711209149064,-13.0569617356347
-5.41252462446617,-5.90277115340866,-8.5865927236897,-11.0730994123082,-10.801919216099,-10.4920355895783,-8.58854827430877,-6.81372447634622,-6.57475541260257,-6.32495268580985
-9.48708451405867,-8.64042448288829,-16.6515964028279,-18.7604459192656,-18.4966760120106,-18.2467691566119,-16.5202245616656,-15.3411672855834,-15.0893019163286,-14.9146161488306
-11.5096670438689,-11.991902273643,-14.5921763780849,-16.3376358454805,-16.1241349954252,-15.8685175448029,-14.6604373929852,-13.2925764182299,-12.9939142084961,-12.7512255063679
-5.01284894785381,-3.46102910498481,-8.11990756148256,-9.5335343194034,-9.16354256060843,-8.91609194961741,-8.07540066152614,-7.38475775891493,-7.22695746730939,-7.08920769067463
-7.41544945832686,-7.29410710370698,-12.3382614726419,-13.8094300382776,-13.6333909136582,-13.431415115023,-12.4230593259287,-11.1027159422465,-10.7045476595485,-10.2763718788331
-8.64011311256479,-9.69906056185278,-19.4820031001744,-21.353296578045,-20.9798994754903,-20.6988531936195,-19.5271786772504,-18.2853582902494,-17.5290859773679,-16.9565446063202
-12.2094847503013,-13.160433765772,-11.984753732425,-13.3261746869342,-13.140697548144,-12.9669428833476,-12.1000620612773,-10.8409416069258,-10.5518663679146,-10.3255781622672
-6.65681439189275,-7.6145361228166,-15.7874912916031,-17.8658971477799,-17.5706760119684,-17.1656286158715,-15.7290471978514,-14.5809651099843,-14.1684854516635,-13.8996706905731
-11.2800927656658,-11.9029379433948,-13.223464609792,-14.7379054418721,-14.5561068347048,-14.2971745406112,-13.1869985851603,-12.2455298520718,-11.9485935197866,-11.7451672669816
-5.53243612976132,-4.01971520309058,-7.23269685579661,-9.12429626673832,-8.864070837386,-8.55180738321268,-7.36623587191621,-5.70389598835518,-5.47557834171678,-5.31346864336764
-6.98539172542614,-5.58823823805605,-14.5546329479084,-15.9056171730432,-15.7166837648639,-15.4845325708529,-14.5344631468756,-13.630264682241,-13.3559745094043,-13.1826422649138
-5.43096767932031,-6.60867313226216,-9.30148320459428,-10.7093254610943,-10.4902326463834,-10.2115430662592,-9.29841920943638,-8.37966328025628,-8.16519097410701,-7.96056126208786
-6.26116211926579,-5.69115365836808,-6.28222095345225,-8.46246410796117,-8.00378100524214,-7.59269581648445,-6.19987528768247,-5.22638575560064,-5.0231600534223,-4.87868523659629
-8.77588740690206,-11.0804794916359,-18.7821280856621,-20.4223865551695,-20.1303927537971,-19.9114882030903,-18.7639191278317,-17.7350574498784,-17.398955105769,-17.229085984873
-18.9921562602613,-20.4738034571628,-22.8298271520808,-24.7742156726799,-24.4966918403902,-24.2229823848877,-23.1069747776185,-20.8671626305305,-20.2549676691836,-19.9107501306713
-6.21899078267281,-7.17786708801996,-11.6427487291797,-13.1097576677629,-12.9409376787132,-12.6252874026175,-11.6207228995374,-10.7275518160371,-10.4938660267194,-10.295361996028
-3.95793895986919,-5.4488261459046,-7.32258707085232,-9.03711448598086,-8.77521533159495,-8.51246738714499,-7.3100069334045,-6.14809402720064,-5.90097098928521,-5.6442529287482
-6.87052356286903,-8.60258839023318,-13.2534667010132,-14.7395446113122,-14.5346626618845,-14.3053080214379,-13.1989420062837,-12.3336794990428,-12.1492122650819,-12.0015827512544
-8.35186159542998,-10.1625365809046,-13.5127197110469,-14.9590120811723,-14.8441704312547,-14.5533745314869,-13.5303797612547,-12.4896658004522,-12.2546812305246,-12.0512248627792
-8.06854837811903,-7.97671431628552,-9.64780960814473,-11.1473731575198,-10.9480347572668,-10.6568890266079,-9.66803385281763,-8.59179541998239,-8.36096467001664,-8.17913649253651
-11.6004537509847,-12.4451258567113,-9.54155736637957,-10.5640717865433,-10.4051004224166,-10.2032582649186,-9.52616196146384,-8.9059041385174,-8.72820774061008,-8.59020137339186
-4.28888691000047,-3.70634142848825,-10.8155529627356,-13.1253585902237,-12.8598215898385,-12.5846449863022,-10.7063211541117,-9.00228644101519,-8.64989846528283,-8.48414362540357
-6.7020375028271,-6.70401055441651,-17.4943029099335,-19.6094602535621,-19.3682925669487,-19.104849274808,-17.5213798494329,-15.8767160934386,-15.6098376926169,-15.4114077324298
-4.70284422611948,-3.9015343071077,-8.7996022280989,-10.2996089642247,-10.0833546673763,-9.86446591610603,-8.91978481736116,-7.50385354986159,-7.16184402541764,-6.75650747039318
-11.018482268668,-15.4679750687473,-20.0334365481389,-21.5100334187991,-21.302782856409,-20.9875930745262,-20.0315883930141,-19.0893137609972,-18.820248496036,-18.599974245454
-9.01255753936807,-11.3166701269769,-14.2820945018199,-16.0390822986528,-15.8337205794378,-15.569802510506,-14.5843578186925,-12.3827969920683,-11.9124572982387,-11.658764232104
-4.27461372630134,-2.73634470976571,-8.52901561998303,-10.575393400478,-10.3069212317757,-10.0208141527536,-8.38454832890672,-7.15296993301387,-6.89883877415544,-6.69715892507669
-4.44691671539338,-2.29205402265269,-4.73868656120307,-5.99077926495618,-5.84094854638419,-5.61834773954114,-4.93918794132863,-3.5099400282426,-3.30912509899865,-3.12612023906157
-6.03911253615598,-5.53335361031171,-9.26864125246801,-10.6496237141423,-10.4342103888443,-10.098026185225,-9.24431499076064,-8.44659244159094,-8.22038210487139,-8.12017744495364
-4.24797081881345,-4.90438861145243,-5.20500544108855,-6.49197335370219,-6.26330819383324,-6.08640172744604,-5.21995443586204,-4.30103792548929,-4.14195797684823,-4.02998973007748
-5.60934341235681,-5.16795301764449,-12.2727108875535,-14.47538447397,-14.1051997851949,-13.7380666042573,-12.4808440820798,-10.3485045736768,-10.0184587180229,-9.83694012573148
-11.0987305556547,-11.5522352576029,-13.6266578147428,-15.0433132791977,-14.8718587260546,-14.6341625338206,-13.618221209086,-12.6196743986899,-12.274042434997,-12.003425413312
-8.84504529374627,-7.8075950131101,-11.6877759010302,-13.9502652050202,-13.6376540366531,-13.2296399788854,-11.7666953744016,-9.93650490599993,-9.58730591672485,-9.29657194557764
-6.74766360315291,-8.09470157221453,-13.1697155474803,-14.6843172618274,-14.4552625206379,-14.106854909325,-13.1481370669074,-12.2063550227837,-12.0208951790884,-11.869714357974
-8.01493709501895,-8.7534293789517,-7.83551458312419,-9.21618679210197,-9.03168029970098,-8.79790163625986,-7.80702031411686,-6.93948171350559,-6.73005195185515,-6.53512976578013
-6.48874152955011,-5.79384089770959,-7.66244809334374,-9.22081367416259,-9.06242560114803,-8.79117695875967,-7.54066776287061,-6.75615930695243,-6.62644654376341,-6.41088104232341
-7.48713891730948,-10.3667065233053,-10.3376358109918,-11.6076003553058,-11.4496928069778,-11.1943022259398,-10.3255481391112,-9.46567300548748,-9.23534256336456,-9.12397965616597
-4.03542517710445,-3.6389438780261,-12.5720916421123,-13.9869283535313,-13.7286862471106,-13.4697895047191,-12.5687391867683,-11.6752608404306,-11.4297882410926,-11.1701746207422
-9.27303379919857,-7.98877500081094,-12.4471376269757,-14.3279906974942,-14.1440613839312,-13.8417713683262,-12.715591868841,-10.7740037108422,-9.94157857929981,-9.37942440298622
-9.35524222534111,-9.62973068890786,-14.2499238729932,-16.292736845605,-16.0241638923374,-15.7018970404948,-14.2180683208719,-12.7870452556126,-12.3235741401482,-12.0487628634716
-3.45852634736457,-3.40064875500265,-9.5743732821069,-10.8518018840902,-10.6920953042969,-10.4701212494413,-9.54873219837698,-8.69073254297513,-8.48291134103616,-8.25122639562291
-11.4715998612669,-14.031289335762,-20.8828144436908,-22.0535643260306,-21.8587235851079,-21.6751750123411,-20.8999669673903,-20.0462721610763,-19.7973986589113,-19.6295472535519
-9.08867401607368,-11.9425655384254,-9.21662696742693,-10.42535027714,-10.2371805807174,-10.023250356918,-9.2563758690952,-8.28454636031777,-7.94183522068187,-7.68600236654552
-7.27120141973031,-8.64607705628513,-10.0518803686141,-11.3194110877606,-11.1085542792011,-10.8937870020493,-10.0437421503884,-9.23679418976748,-8.98902513875222,-8.74827522993401
-4.04103638031405,-2.24774272438179,-9.06947348222415,-10.918111114123,-10.6380749192731,-10.1222866015292,-9.05747646788468,-7.9899411850147,-7.72320854521709,-7.47431495181721
-3.75425551901837,-2.99782349050995,-6.05951752217718,-7.44859827336672,-7.24984458673563,-7.00027929803521,-6.10070444303427,-5.06582600549877,-4.89175247392704,-4.7149398015714
-4.17270745311586,-4.26435711953869,-9.44589500779805,-10.8007261187613,-10.6496611946391,-10.3499967931092,-9.45956925391242,-8.47281383248225,-8.20305078981246,-8.03554009249488
-8.00565807735159,-7.98555578413817,-10.4841930463272,-13.049846165273,-12.6847081163771,-12.2045241885939,-10.3855239657957,-9.00703405137761,-8.70523046737397,-8.47944418897067
-5.75536402789949,-4.99388901535983,-10.5746705147073,-11.8248526304224,-11.6106819626261,-11.4243410715471,-10.5783276131408,-9.76593913952125,-9.51586884256078,-9.35695251082772
-10.3623700867369,-11.010400965825,-20.655575372506,-22.6021646723595,-22.3555690338893,-22.0624245173566,-20.4823126363308,-19.4976557496454,-19.2465919271277,-19.0656153685125
-6.13452793169583,-6.77322613147707,-8.55479936308926,-10.2805416581093,-10.0744902911131,-9.79951324516075,-8.74172124702539,-7.15781930585332,-6.90949534194132,-6.73249791272305
-9.74939131836224,-11.9528051409964,-12.5268424535691,-14.225379917462,-13.9543666617233,-13.6846824782026,-12.5740806317593,-11.3367420307037,-10.9703321480561,-10.6852321289703
-8.66664764067191,-6.33303578021185,-13.4336672536002,-14.6351240594489,-14.3757510142124,-14.2112589153529,-13.4251256883316,-12.6749793760084,-12.3795327493122,-12.2176734167215
-5.11558432336772,-5.4308809653142,-11.5576551411787,-13.4591184341171,-13.2255598109591,-12.9174520428139,-11.7074211880684,-9.98676673949517,-9.66898251013222,-9.40311847729349
-3.57370770483906,-2.73145489026125,-7.69582383275185,-8.9762257779973,-8.70329728371022,-8.52821700140378,-7.6744267420914,-6.92051981586251,-6.74061436114572,-6.5045491697874
-9.35853144785786,-10.45224210374,-8.32251975489471,-9.84832736526214,-9.65290954350495,-9.40401148701996,-8.3577022175119,-7.1539155465441,-6.8986170537605,-6.76164199978172
-5.64366675467991,-6.00743267208243,-9.51235854021844,-10.6346528372068,-10.472888405923,-10.2679468561149,-9.49254922571962,-8.73955637480345,-8.542361082107,-8.37681417555912
-7.80880933097043,-7.37808207741578,-9.71516918087961,-11.0662688715494,-10.8702279679344,-10.612795553062,-9.73311289837009,-8.7827764482226,-8.52404832986314,-8.24467030448399
-9.98101273230858,-12.0492228455738,-15.1166964787103,-17.1567683146013,-16.8512499576451,-16.4313070526651,-15.1802480000759,-13.7227810460702,-13.1637516152067,-12.7676268573026
-7.20913011168755,-6.19763426931169,-11.8791267332165,-13.5847752296804,-13.3199772732718,-12.9563570990654,-11.8506451734752,-10.8018079334645,-10.4640108300038,-10.2392064436498
-11.2796204576781,-13.4754998982247,-19.2626581576396,-21.2742836350471,-21.0508914518791,-20.7597759874158,-19.2427702671842,-17.7748401266652,-17.525800407376,-17.2877744244022
-8.11628729725286,-9.26111188933069,-18.7893748810311,-21.642557580078,-21.3189465626393,-20.7510278026092,-19.137714705058,-16.0718563913613,-15.4117951194701,-15.0045777992263
-11.2255144074757,-11.4370751321547,-12.436747410212,-14.0812033760425,-13.8407788898091,-13.6286257104478,-12.4677613585084,-11.2414248936075,-10.965171129495,-10.8158851353254
-3.57341244700288,-3.36684358375223,-8.8565563241163,-10.4704338754714,-10.3050032794861,-9.97694269397364,-8.78780195291019,-7.85034682926642,-7.6660597180966,-7.44314595413265
-7.53324157770356,-6.14582382099805,-11.4694097034815,-12.5815095104432,-12.4350455551329,-12.2484816204034,-11.4509693034858,-10.7181974381518,-10.5012547995784,-10.3524843739493
-2.02518195435173,-1.67521194518839,-10.4249086460247,-11.6202655806646,-11.4979902093566,-11.3345902217934,-10.5189838899332,-9.39106582457644,-8.94248745750036,-8.56408455088443
-5.36328315021589,-4.08383345131651,-20.2124777096936,-21.8008011949023,-21.6297077355357,-21.3307287227726,-20.257802010214,-18.9811609845438,-18.6839012992656,-18.3048729605105
-11.3938472358636,-12.4342356307668,-19.3006795542256,-20.5680708012206,-20.4036182292399,-20.161314375932,-19.3271063024552,-18.3511182907557,-18.1163610421649,-17.8747830090318
-5.93501491082582,-7.18705058077205,-16.2495715112388,-17.7745324862422,-17.6002423048755,-17.3298321680453,-16.3235228183878,-15.0334231797872,-14.7574757206709,-14.5350425311791
-8.00781315544469,-8.95455554814335,-8.70652219251915,-10.6467295102817,-10.3810095403772,-10.0441253281621,-8.64485656509831,-7.45004172586986,-7.18383623891671,-6.95985777191279
-8.29969522473552,-7.61549063204383,-16.4883608326487,-18.7352173668239,-18.3886775023826,-17.9456386370222,-16.3376529921507,-15.365204320119,-15.0951695836996,-14.9443482856534
-2.28726344588717,-1.27335944902296,-10.2075342649918,-11.9145503692059,-11.7058305718286,-11.4300392768453,-10.2048676822707,-9.03174087817068,-8.78056312843925,-8.60608944825596
-12.3312984327842,-14.0932771064078,-17.6913194640158,-19.2170026127038,-19.0545303228547,-18.8128800787218,-17.6747826857524,-16.5796525410615,-16.2540600334325,-16.0040164658762
-7.58073369219479,-7.66835440174643,-15.6327279081143,-17.1009915130768,-16.8634681037541,-16.5651636950125,-15.6594751236849,-14.6459086540656,-14.3471562028228,-14.1335056776846
-8.18069175275322,-8.81792647391438,-19.6000150861632,-21.6613510007214,-21.3303123960544,-21.0346648352325,-19.8782499811831,-17.8587090605343,-17.3844459296915,-16.9377592251432
-4.4086105195371,-2.83017761438492,-10.0771000658519,-11.3738951292294,-11.1785433441236,-10.9641054130036,-10.1200990651419,-9.09476928112972,-8.86196025875383,-8.70703712263877
-5.79596119253749,-6.04888449473099,-8.34420386152705,-9.74932925280622,-9.5540344036067,-9.30817159978199,-8.39560523018893,-7.26589940005091,-6.88120532781208,-6.48927372130733
-7.05368189736239,-6.70958297846548,-14.7765823156778,-16.1275444371418,-15.8913412611702,-15.6389604055252,-14.7847450681359,-13.9308326733378,-13.697563740363,-13.4791409426734
-10.238584059862,-11.6193297592549,-15.9664117818888,-17.2977455282938,-17.0590107412174,-16.8416051803303,-15.9928786502179,-15.0025653074237,-14.7477924719342,-14.5741495157652
-9.0686913477497,-10.3345504641852,-12.8544389803066,-14.7541155153417,-14.5378410459379,-14.2695641446817,-12.8840937157486,-11.4391123975512,-11.2222230982396,-11.0419318156877
-10.1672222415427,-12.9844296785546,-14.4502033092843,-16.0574522439587,-15.7290431968484,-15.5697405756487,-14.5611787271111,-13.0322924262105,-12.6664314374063,-12.3389971556863
-9.2508409357096,-9.22934587465913,-14.8638791147692,-16.245075616762,-16.0682185711595,-15.8807986591079,-14.9372900708793,-13.7630208582411,-13.4430019253448,-13.1398583852858
-7.65746459446151,-8.92698373507931,-9.95124699895773,-11.1039288340269,-10.9491587616222,-10.7068448601756,-9.97725674546396,-9.13117217062205,-8.95036771950054,-8.77737098869406
-8.62236982631097,-6.86301321803791,-16.5867216826169,-18.4105065437779,-18.1118837818661,-17.8598794689721,-16.662408390935,-15.2139567190546,-14.8418946876968,-14.6095315123461
-7.07180851801166,-6.54858153051368,-8.479950583479,-10.678034405214,-10.4744865007614,-10.1190632064796,-8.67044435357239,-6.48197754255392,-6.10835509164264,-5.83651649019228
-4.53242423645547,-4.20074895255853,-8.89558634163661,-10.2878002891396,-10.0559891156702,-9.85961424001154,-9.07697384485847,-7.536123525784,-7.2066553205001,-6.98352621837456
-4.6543696615641,-5.73953118097356,-10.5590867497989,-12.0808903433078,-11.8622256955334,-11.5918244176104,-10.5586737680196,-9.52538533794873,-9.31260518438754,-9.16885472135106
-7.52885010074773,-7.54338420926216,-12.3795644500205,-15.0283441779335,-14.661893270523,-14.2631864815625,-12.4088369724584,-10.402185566627,-10.0418301624249,-9.80821710433971
-7.47587704815378,-6.78621390278791,-14.5771164902588,-16.1153492286566,-15.8529417998664,-15.5747865147067,-14.5552961637013,-13.567203833112,-13.3395072987238,-13.1615932063684
-5.31310307601411,-3.984778310431,-12.7154893533802,-14.1537345007497,-13.9638980565947,-13.7539726044649,-12.8227821560708,-11.5090034031166,-11.2284820526163,-11.0036618646506
-8.39591878240432,-9.18310607678919,-11.3023028739267,-12.73028925834,-12.569597184273,-12.2892197775666,-11.2904458032689,-10.314812110701,-10.0601791201581,-9.86510480949634
-11.1628827273494,-15.5199284112412,-16.7787264033119,-18.511017380981,-18.301953805998,-17.9297117407811,-16.733736404466,-15.7032951345119,-15.4710181942571,-15.2639524512845
-8.3364145472591,-8.14609307677149,-10.4025624650525,-11.6396993843127,-11.5205109644331,-11.2625770756305,-10.3949740408615,-9.57000419013357,-9.27724845717168,-9.13449654948136
-8.0080387880352,-9.98220274499585,-12.9887861572432,-14.4697290226258,-14.3053356153532,-14.079599631933,-12.9860107428737,-11.8755627119808,-11.6359658853694,-11.5125608536199
-4.3301828555194,-4.85867101336241,-8.82645996488678,-10.0912595049133,-9.90669630724091,-9.66531424596063,-8.82500725511472,-7.96947429206144,-7.7505808251368,-7.54154967943453
-12.0259013799705,-14.8623549281248,-16.1159736944816,-18.4446595575081,-18.2301178363957,-17.8723642307006,-15.9537636877188,-14.4582398582319,-14.1200835636179,-13.883869554727
-8.93438304082817,-10.6574819804895,-14.2167355995049,-16.3538375417512,-16.071106426697,-15.7646066699185,-14.1795122329562,-12.6560035591178,-12.4391963568147,-12.2358281057209
-10.8207537030096,-11.4484800397199,-13.0914598129865,-14.543280633652,-14.3326587695626,-14.0598610346941,-13.0800746661313,-12.1203916461858,-11.8490671940125,-11.589238693622
-8.65618086443549,-11.1355339895933,-9.57724816536303,-11.175399250888,-10.9225187064073,-10.6292238446843,-9.64988133377566,-8.39450189281081,-7.9123797763469,-7.58169518328134
-5.04511205502077,-3.24039113404446,-11.6791959936027,-13.0108405049703,-12.8445030970167,-12.516273367343,-11.6705835149537,-10.8379241499327,-10.6452112868974,-10.4134062246941
-6.89145732061184,-7.94398561649794,-8.26161114346188,-9.6447734206711,-9.44051570037417,-9.23712886988728,-8.23213304718283,-7.35993615398978,-7.11770568547251,-6.9062858472572
-5.88590973731878,-5.18192371802979,-11.5775515568606,-12.8805141177162,-12.5793600425507,-12.3835887168272,-11.5721051281712,-10.7831731903176,-10.5324141699377,-10.3399750210603
-5.74529524137057,-5.63005960204408,-6.3078671146886,-7.88196954841757,-7.70583631470556,-7.47279196774136,-6.32399381147417,-5.14684004974167,-4.86719649145509,-4.62755537537581
-7.86228681922715,-9.85369820508949,-17.5150665098917,-18.9603331345224,-18.7342744058319,-18.4606466463562,-17.6215838797455,-16.3023824293978,-15.8230008142812,-15.5892238153271
-8.74849916842751,-11.7173952333397,-10.9499739789681,-12.3144967783811,-12.10898471575,-11.8432882182884,-10.9547739881276,-10.0063774827716,-9.67689883218469,-9.52681008463244
-9.53910505040295,-14.0726032148171,-15.2508844211932,-16.4693952303942,-16.2852662190528,-16.0776033058079,-15.2745128701151,-14.3628873666046,-14.1314182582774,-13.9054158041302
-8.99886193892974,-5.94676590263842,-14.85775775013,-16.2994070699197,-16.0521149039634,-15.7967254590397,-14.8977574662045,-13.8679736287035,-13.4538310160859,-13.1128962860625
-5.99233968720667,-5.8848993703259,-18.2799950926997,-19.681714375144,-19.4824577819805,-19.2424783634789,-18.345040108604,-17.1488677167286,-16.8675552823442,-16.6136746115927
-5.8254149737958,-6.77413296705259,-9.73961478643447,-11.005954462986,-10.8194133949992,-10.6528835208773,-9.78137497430915,-8.76014081444398,-8.47954638726739,-8.295066534848
-6.28541315235059,-7.26707340004127,-12.6929110076905,-14.147630991341,-13.9116418799241,-13.670319456213,-12.8259685209959,-11.4990906693694,-11.1280105946579,-10.8599697571596
-11.1771952641975,-13.8832247328472,-10.7602102774182,-12.9751343868681,-12.6783875128571,-12.3011365820061,-10.7940638872562,-9.17751320210136,-8.88257459940448,-8.72219361295464
-4.23430751374594,-3.29377150393085,-4.52124406776701,-5.56488810624901,-5.39421617926747,-5.16120785150831,-4.49927593289406,-3.9024259166439,-3.75071045011628,-3.60537581209389
-7.44007569148755,-6.28767778328861,-20.4618780200966,-22.128874719208,-21.9161027610306,-21.6797548269413,-20.4813341029874,-19.2219711459866,-18.8431516752392,-18.4889687886935
-12.526749504933,-12.6453422734952,-14.0203382051008,-15.3454216207128,-15.1946895492816,-14.9768802079178,-14.0371732734046,-13.0134752156922,-12.7020186935038,-12.504779954458
-7.57584363938305,-7.0054816822431,-12.5100170167785,-14.1632422934034,-13.935075864228,-13.7367335125849,-12.4793136981758,-11.3794408747014,-11.072380506615,-10.8896969797552
-10.2199791448553,-10.276211162245,-9.52499001587677,-11.4276488974423,-11.1089181490131,-10.8545091800676,-9.6073163595427,-8.12597769860194,-7.83999332355153,-7.5418566267387
-8.19900131902119,-8.10402941897875,-6.51642111210587,-8.14994898539904,-7.97598186164233,-7.66199876116931,-6.5028729824652,-5.35864475985108,-5.11822058491253,-4.9045004213162
-13.0882957454476,-16.91215789037,-21.7634614261818,-23.079903785365,-22.9108463281849,-22.5939560759294,-21.7566040140518,-20.8803234298186,-20.6949413128942,-20.4952818281091
-7.75694009772978,-8.95772312768749,-10.6903011899825,-12.2690292655308,-12.1332200037839,-11.9052393608076,-10.7056061484491,-9.5099644095556,-9.24873718294155,-9.03899220706492
-3.48100449736145,-2.6383388031222,-4.62131968647481,-5.6209354675869,-5.4169270264137,-5.23686585023876,-4.60248840355735,-4.02183570829851,-3.86013002750529,-3.70559566286923
-5.43558388584492,-6.1456453770586,-9.53141077110552,-10.8906663432508,-10.7144298131942,-10.4482572722425,-9.55132288782492,-8.60260092294706,-8.30912499183846,-8.0618918784022
-8.17402558303007,-10.6051875952989,-14.0154522922846,-15.4477228818212,-15.2686332654679,-14.9805485279853,-13.9984215787394,-13.113654173126,-12.8016898576991,-12.5703520761522
-6.18506725371216,-6.69600450590271,-12.1356417674628,-14.0985136938288,-13.8904287014,-13.4407921696558,-11.9889526767266,-11.0515968349536,-10.8691535849687,-10.715274710966
-8.26375131831875,-9.76911086879989,-7.48275104137742,-8.67836604061754,-8.51292504764126,-8.29552949541738,-7.5226241733366,-6.58767403363943,-6.29027428021852,-6.09236641580979
-5.47498437227466,-5.45861953610923,-12.2960502220437,-14.092697113771,-13.8437574227056,-13.5771766221041,-12.4188811147049,-10.7766017737229,-10.4200689168671,-10.2513130951563
-4.70846275247381,-5.78431983169357,-6.75876607687415,-8.25691726321638,-7.96891447184076,-7.78310407711802,-6.85181958923201,-5.44584398602037,-4.99927981019797,-4.79583693467687
-11.0817356493174,-10.510183202161,-13.3354978067604,-14.6338657812036,-14.4045829559771,-14.1874893702976,-13.3075796163569,-12.521507697938,-12.3460424094608,-12.2299730277323
-7.3130255303083,-7.46674401205049,-19.8826309037759,-21.2890098762567,-21.067022512321,-20.8717733681456,-19.9924885437363,-18.6586185696056,-18.3551225294312,-18.1035135121156
-5.89287042024701,-6.724114002272,-11.1348793604866,-13.0908883162925,-12.9065649028319,-12.5009975135714,-11.1173835861031,-9.8836037343293,-9.53391050473548,-9.30342406514367
-4.22286474895834,-3.01158871336884,-13.5348196944172,-14.8190358709891,-14.6205394620792,-14.3189082891506,-13.5080387312017,-12.7352419173475,-12.5695498878726,-12.371764171371
-6.9301263000408,-5.97036816692942,-15.4182947372574,-17.2856245149971,-17.0658209862407,-16.7337774935348,-15.3078486285333,-14.2852305473173,-14.08251290601,-13.8718976924129
-7.23900000317939,-7.2370860318816,-16.240798347941,-17.5388442879714,-17.3091323068182,-17.097305887015,-16.2507157176283,-15.3624414230092,-15.1612611339888,-14.9755225105681
-6.89873415604827,-7.06703089120322,-13.382463307052,-14.8611554232499,-14.6096588198253,-14.3539367255407,-13.3544033691747,-12.4200978191976,-12.1480501335315,-11.9588950716783
-4.52800560200471,-5.76846690643207,-11.0288257963277,-12.8567252996995,-12.6209637979461,-12.3177529757787,-11.0803171000975,-9.66394113515869,-9.37423827425287,-9.14227362794391
-6.96223159529609,-8.35269278725949,-13.87371662356,-15.1855927947484,-14.9864620844833,-14.7526735541529,-13.8278373307582,-13.070780590986,-12.8406862043417,-12.6359828781287
-6.74812267748382,-8.03616131824156,-12.1608992265715,-14.0806551931883,-13.840063552223,-13.5438555239627,-12.356375142898,-10.5303881454144,-10.1705611113913,-9.90536877443727
-12.0268767874678,-16.6899297904338,-20.4667546612297,-22.6611736899629,-22.4220024028865,-22.0688318333113,-20.2286296582018,-19.178824611757,-18.8555732698042,-18.6558140945036
-12.2845564802161,-13.2948390637708,-14.2941356903453,-15.6240251233629,-15.4015925627418,-15.1760961809687,-14.2829870987928,-13.4105203826065,-13.1974138234407,-12.9634982090209
-4.84257720202109,-7.29997192711521,-8.91621780183752,-10.8099471144089,-10.5231427504695,-10.2067346234219,-8.89439697742185,-7.69642095673063,-7.39613226745593,-7.08999584816999
-9.84140438719283,-10.7562424763447,-12.2337671883666,-14.0470726373278,-13.8367122093036,-13.5988007834344,-12.2097997714014,-10.898157035254,-10.6235540951346,-10.4533667079327
-6.32750293880792,-6.22677731012182,-10.3213913693162,-11.7095271626576,-11.4822049029625,-11.2604688782375,-10.3807600921577,-9.28481648486759,-8.99278471366368,-8.78828160553793
-5.80989991742414,-3.82577089597212,-7.20735569488332,-8.3510075296332,-8.1300611082508,-7.8743106041262,-7.19797478981425,-6.53635451641002,-6.38407016747569,-6.24987605055336
-11.760207037846,-13.7172585074426,-17.7709058052194,-20.3875720578818,-20.0601349429064,-19.790848549594,-17.6977273119066,-15.8315234174614,-15.5201422243842,-15.3120598344499
-5.36842359790377,-6.37182452605965,-8.96945778512785,-10.875258707725,-10.6129374220773,-10.3845023138923,-9.0916617614136,-7.34075554512075,-6.93214389557081,-6.69657411643138
-4.10433160889118,-5.4116089739455,-9.54885836825304,-11.2116635598156,-11.0261913820706,-10.7028456137231,-9.46977028153381,-8.5904903031617,-8.32866156424923,-8.11485464189837
-7.63084236438574,-8.76984776649742,-14.9602780167748,-16.5034111281735,-16.2639579747288,-15.9818259794345,-14.9916090278707,-13.8674113323387,-13.5815401960844,-13.1917643023821
-5.3362847848342,-5.47852587764157,-8.14638815052382,-9.70563223064669,-9.48467216304437,-9.29420224646719,-8.21726690929205,-6.82265320713203,-6.43271098029209,-6.1648898242589
-9.76852357498303,-11.1598801350229,-7.83060112940035,-9.18200398450913,-8.99768664026033,-8.76961271508256,-7.86368666398813,-6.82519521444759,-6.52299551145501,-6.15600208726161
-10.2878044628,-9.6045103143294,-16.4476351173187,-18.2418089143424,-18.0256037229274,-17.7134992031583,-16.6056137597153,-14.8860615767402,-14.4849602285337,-14.0244073389188
-2.30638728984165,-2.72679692915022,-9.90967147210781,-11.5119484979759,-11.2163564366906,-10.9189703167908,-9.90832472621504,-8.87264817922008,-8.65558609891687,-8.43491400227834
-6.61148457859798,-6.9003315021929,-6.4323033147495,-7.59900840274217,-7.39706911377252,-7.18791922019974,-6.4002167865084,-5.69626130044065,-5.48540698145919,-5.27690462489017
-10.5923407859264,-9.84555933730598,-21.5479583997088,-22.8965505861671,-22.7331002444698,-22.4339558965703,-21.592322220421,-20.619041289009,-20.2841936857421,-20.0091671018981
-4.73388956012913,-5.7925080234745,-12.4465624812943,-14.3786874193501,-14.0399334493082,-13.6871790455695,-12.4551513487152,-11.175340242431,-10.8280535884244,-10.5283219353202
-4.60082897620468,-4.70204848852073,-5.5195391007693,-6.67579700393151,-6.52198891558127,-6.35713758564819,-5.52044372254906,-4.69255700950746,-4.49292158541058,-4.24963603010728
-9.56921097879929,-9.75060177002698,-13.1162834759029,-14.6197689491136,-14.386623254299,-14.0392210400932,-13.0382357269028,-12.2396760313697,-12.0107630831264,-11.8366606245195
-10.7141297513246,-13.5136524938501,-16.1619668937596,-17.4598643366643,-17.290186971076,-17.0551192349381,-16.1596792728317,-15.3123641132211,-14.9765891317847,-14.8078242435146
-4.57233700531106,-4.22112434689551,-8.99872535967988,-10.2511295445941,-10.0611798148402,-9.79478553489225,-8.98124413572248,-8.25384934633997,-8.02125859710179,-7.8830824224163
-8.51431533018003,-8.69552781320535,-14.7914088111914,-16.2303591505968,-16.0233960757353,-15.7196776439653,-14.7458186881076,-13.9343702259622,-13.7434709331785,-13.5992371011365
-4.22042450811942,-3.38619724625128,-13.1894934057936,-14.5574902626942,-14.3533745766342,-14.140395588484,-13.1676037025241,-12.2676551869409,-11.9830394972643,-11.67632136923
-6.5716887608753,-6.80939346498744,-14.5953003974645,-16.2727480769458,-15.9915832933311,-15.6858368377689,-14.6499396982572,-13.3732350579659,-13.1229919028428,-12.8796758375865
-5.1197356140972,-3.92914453788984,-8.95506862560337,-10.56494682142,-10.2651969712466,-9.90043838701,-8.90293608734368,-8.11023656654444,-7.90527661654935,-7.74851984056096
-10.5377589039076,-10.4109841910489,-21.4004841610475,-24.1097792929366,-23.7193366784973,-23.1765980872711,-21.4475124628609,-19.5435051329019,-19.0927612707874,-18.6752538302541
-4.1142327184253,-3.51903408207167,-8.4192750536549,-10.5775702107663,-10.168629861081,-9.79285579491356,-8.33611165729823,-7.13354178307855,-6.86159493267565,-6.71483160895337
-3.863108642361,-4.03949536618111,-6.62662885927366,-7.9015787976066,-7.74891645049282,-7.49760267460236,-6.59678547881787,-5.81142807044299,-5.63519009339843,-5.47713972112066
-5.71706464567744,-5.63031999629191,-10.4960169501539,-11.6106177956789,-11.4481070440846,-11.2903088937329,-10.527161324828,-9.67055377738977,-9.45500441894874,-9.29324325523371
-6.76649098367852,-6.88067776010735,-8.42348942875152,-10.4101346305549,-10.0449780848617,-9.61692930842598,-8.30137675505287,-7.38613425430175,-7.21716852432032,-7.07730006577406
-7.97402555334588,-8.99810827541067,-14.1805178366149,-15.5795531105973,-15.2686113738661,-15.0891276967267,-14.2144658494541,-13.2229464742761,-12.9737168069131,-12.6300934258752
-8.35910142565367,-10.6171933038908,-17.6235073128212,-19.3854220934803,-19.0962093122226,-18.8379835540285,-17.6724060593585,-16.2910307262927,-15.9076264244037,-15.6613809497965
-4.84809310469978,-5.74142407674435,-10.7022259370594,-12.4543557445059,-12.2457365643649,-11.9284884649747,-10.6707085978486,-9.5634392513786,-9.3134232314651,-9.09317403050645
-11.9504510336392,-16.6835801907955,-16.7414001953954,-19.0636393857593,-18.7895316519818,-18.3297653105599,-16.5749766713638,-15.3409126674917,-15.0988035744935,-14.8722738779116
-9.58217119936153,-10.399698938823,-12.9830902122495,-15.0677994899171,-14.7344386770371,-14.3175944218195,-12.9155932396123,-11.6849641917242,-11.4608023170666,-11.2966444845101
-9.32589021650029,-13.2510177153704,-13.0759809548361,-15.4971565274224,-15.1334931959072,-14.7589146208634,-12.9506604847696,-11.5902637301238,-11.295215192408,-11.1091476400509
-8.26023477421526,-10.3367891166496,-14.3976218342213,-16.1221216167597,-15.8744254774678,-15.6278603909941,-14.3675666075428,-13.2678424567949,-12.9840294949241,-12.6476316353471
-6.17438825463519,-5.84106233803191,-9.56945301356475,-11.0013518713166,-10.8105099402845,-10.5000254673803,-9.59700026317334,-8.49518081299711,-8.26480229698141,-8.11155503444509
-8.75970737719921,-7.69360987500412,-18.551532551597,-19.9813976812932,-19.7716655876681,-19.5056223847472,-18.5581317498802,-17.5693945113208,-17.275475277675,-16.962107103683
-5.80904369663479,-4.72550072507799,-10.529965324694,-11.6530646488174,-11.4904984372142,-11.2563324525556,-10.5494725509655,-9.7752514784685,-9.49919239471438,-9.29949795392728
-7.16473286230923,-8.67169694476647,-8.56679914578708,-9.89738327710344,-9.7306073482841,-9.52141393084987,-8.63159514553205,-7.52034411931347,-7.25196024733721,-6.98714077025782
-9.5983897431176,-13.5219789732437,-13.2238819964914,-14.751653181942,-14.5256644956311,-14.2212595202503,-13.2342892930921,-12.2330897136326,-12.0031994010309,-11.8233017612757
-7.49920198433686,-8.38140918471931,-10.9086532374895,-12.9478627877196,-12.7679754499898,-12.5148628509528,-11.1924985530588,-8.83712797615007,-8.45642928798891,-8.19050132115614
-10.0259838877921,-10.0143231021687,-18.0636879599978,-19.4688854902027,-19.3064309129614,-19.0595528248086,-18.0616807871081,-17.1219461174046,-16.8577299208862,-16.5907447948206
-6.71950478713933,-6.2773834868684,-16.9057330618985,-18.1830049692668,-18.0091125475267,-17.7894477234393,-17.0170396635786,-15.9207665505276,-15.3018535732853,-14.8141874414323
-6.57531699701087,-6.07906094924626,-8.36152300834144,-9.79718530936776,-9.60668215936015,-9.28578740477051,-8.33971341466694,-7.50240869257066,-7.29701707942963,-7.14646739657513
-9.1488684614725,-8.83774701757274,-11.0902305714812,-12.956704018522,-12.6818342829095,-12.3584066540626,-11.1942854123939,-9.55145406416454,-9.23338158020777,-8.97573256353196
-13.5451779883171,-17.4211395070525,-23.0392723651977,-24.61551299596,-24.3564118972054,-24.0380512756867,-23.0451825533325,-22.0029184446557,-21.6597908713716,-21.4733864472903
-10.5674257149889,-11.7914403814864,-16.2445682159231,-18.6560182839628,-18.4540215761325,-18.1444238402782,-16.4655380931505,-14.2671225045565,-13.9376070229534,-13.7370785109551
-7.19246606349755,-7.6294821471897,-9.28720697979789,-10.7587532506686,-10.5118874594471,-10.2445569032224,-9.32676641305797,-8.26057530587108,-7.97500536091589,-7.80001744353709
-7.17805241836634,-5.52187147831244,-11.8999403259013,-13.5833895630847,-13.351484934255,-13.0975810016669,-11.8884122779228,-10.7089676538308,-10.4624670570053,-10.300978237363
-10.8542282505247,-13.7710008684681,-12.6963325285978,-14.7470973416037,-14.5188879046534,-14.2633593809396,-12.8288160154612,-11.051721397732,-10.7571071924822,-10.5249033626688
-10.1927488175262,-13.4459145956655,-16.408442562467,-18.0195301313445,-17.7742921239366,-17.5733347516839,-16.4101202258168,-15.2502693448446,-14.9398092704829,-14.6253159030443
-7.66939835482344,-11.8100016048853,-16.6618731449669,-18.0063555577911,-17.8209897737123,-17.5485402949373,-16.7196985309429,-15.7183697985027,-15.390338778576,-15.1202003084569
-8.70506099162628,-8.25554910399856,-11.0849448943982,-12.7091284113715,-12.4466246473715,-12.1625954151569,-11.0536921371746,-10.088745873764,-9.82525641435697,-9.59478521770616
-8.17481642580902,-8.48990972832741,-11.9075412322471,-13.6975759865193,-13.4939257216262,-13.2484603338827,-12.0337749717145,-10.2540837352349,-9.96488116729229,-9.76950586629554
-3.74364224301854,-2.97407134113445,-6.39355432462675,-7.4409888553061,-7.29345149418657,-7.06853995176615,-6.36109960621686,-5.75151151713466,-5.60540722017596,-5.4655575988324
-8.7904640742434,-9.86515300949391,-13.5418543733161,-15.2663024915774,-14.9759317561449,-14.6754001159377,-13.6002531347423,-12.3237430859297,-12.0381742911816,-11.7965359962725
-6.40679178351517,-7.77982645573067,-10.9979232723506,-12.1499413308937,-12.0074452175315,-11.8267455836348,-11.0230929350608,-10.1456646200924,-9.88467195398027,-9.70192457440448
-6.197232722769,-6.90258416129573,-10.0695095960466,-11.6870438674779,-11.4261653884316,-11.2104117035678,-10.0286516588211,-8.99162404224914,-8.77066316674904,-8.62918298653149
-9.46367031107244,-9.93082089653931,-15.5494305045638,-17.2229674892471,-17.0525453115497,-16.7707136277887,-15.7646024276731,-13.7108005508621,-13.3870285192499,-13.1595849595166
-9.21610401043995,-10.1484810854752,-16.8987891563455,-18.4170724057869,-18.2238959514901,-17.9205643999068,-16.8883689662246,-15.8718949602874,-15.5102548429899,-15.3005341789887
-6.7756566937473,-7.01655753715585,-8.50843144611686,-9.89893983971291,-9.54397213575132,-9.26862653729779,-8.47559753460876,-7.75184612913376,-7.49491682550069,-7.28352802300832
-13.4156544742391,-17.0847334196609,-11.7702419080535,-12.9776445594573,-12.8070822299053,-12.6053089913755,-11.7780205559925,-10.9384121846678,-10.7119628154423,-10.4951755165362
-6.58031598904433,-7.66558456637952,-13.6938677250755,-15.2632706072072,-15.0628362864882,-14.7815547417537,-13.7269931802674,-12.5791525680667,-12.2510340614245,-11.9446060806001
-5.85381301298437,-4.00123037567644,-9.1036036952565,-10.3057395665115,-10.1035636364907,-9.82250464712692,-9.09754666145677,-8.35587414172998,-8.11569856409437,-7.9408939436936
-6.90085645444996,-8.58768071565919,-11.1747283720059,-12.447350726151,-12.2630414112229,-12.0371686068602,-11.2707932768975,-10.1521028117061,-9.91772050154812,-9.70521850780022
-16.3333481772496,-18.7931284581944,-20.5033980473784,-22.8166720134688,-22.3984446165654,-21.8646620140294,-20.3625758897813,-19.3220990361694,-19.031474240682,-18.8548825431675
-10.60193454172,-11.0247078748378,-9.72574490801661,-11.4659031993343,-11.1834871476627,-10.9313685956801,-9.75922054367742,-8.4896939952147,-8.12896843369615,-7.91349048303072
-6.60166414513574,-10.0135613588564,-16.3813093826462,-17.8506584542468,-17.6479532950604,-17.406532566236,-16.3746594540932,-15.2899723545083,-15.0035698728395,-14.7579954056022
-4.5601280890891,-3.51705753700103,-5.88277444097535,-7.56399802677447,-7.32129454361278,-7.08078870790992,-6.09640285551887,-4.48002254393725,-4.22517441022734,-4.06303233433527
-7.4553793323988,-9.8599546831884,-13.2315882429273,-14.4541898238743,-14.2236217794272,-13.9768882613872,-13.2474517641544,-12.4145375926493,-12.1383924880683,-11.9535335270115
-9.52728322563752,-10.1451074248848,-15.2726204660248,-17.3847244297836,-17.190969788107,-16.8888337228886,-15.3149453901407,-13.6853858449979,-13.3902687445921,-13.195636857665
-8.3780908784465,-7.7350060985426,-7.93453281205693,-9.20270514903335,-9.00128485519282,-8.81427979359399,-7.93022913763802,-7.10488437545261,-6.84306661381193,-6.58650917784005
-4.09387461556093,-4.42410232144056,-10.1521796053994,-11.3513105077721,-11.2300127731615,-11.0132258466774,-10.1674760488297,-9.29601117720838,-9.07842582749602,-8.92176338061769
-6.7837001101444,-5.76207908013659,-6.47881914675614,-8.84788489529538,-8.655065353952,-8.37182145716806,-6.66734805177577,-4.68415551841593,-4.5054724083229,-4.30206075076572
-10.5895633676837,-11.7418378697576,-15.4841118955402,-16.6274042390184,-16.3919100811716,-16.2143227162806,-15.5249122192372,-14.6791666013178,-14.4835708454184,-14.2588660345497
-9.04753558730249,-11.1235487263623,-19.1123215240878,-21.0610273610484,-20.8092279094645,-20.4478266285441,-19.3320925411714,-17.1635037712798,-16.702259843038,-16.443974370258
-5.65947409539153,-6.3721762368881,-9.71196052826003,-10.9244779720085,-10.6941063353397,-10.507509200832,-9.69775785178348,-8.91053806993539,-8.69141570599947,-8.49759696371173
-6.90540377906008,-10.0921286734239,-12.878073041658,-14.3668465819698,-14.1120587078749,-13.9100483817545,-12.85035839323,-11.8972069878846,-11.6659753203735,-11.4543732126991
-8.42850569714554,-9.22074876591313,-10.5134128841453,-12.1364581769908,-11.8167987977906,-11.5057951850379,-10.4096306269434,-9.6005342881578,-9.38487427564178,-9.21461330327945
-6.50859777986815,-7.04762962376435,-8.78316709176536,-10.2828717619338,-10.0369157291541,-9.81928911185022,-8.77309602075148,-7.7749530804878,-7.55409320163308,-7.2992502757785
-7.55475435373472,-5.63751328409641,-15.0061237365343,-16.4258215686914,-16.2160584414814,-15.9537395280978,-15.0326274663654,-14.030031813952,-13.7704437896206,-13.6340970782688
-9.58819151470655,-12.1555431301962,-19.963285342914,-21.4898959080954,-21.1757050131906,-20.9431304320848,-19.9442612261781,-19.0049566371124,-18.7599108780742,-18.593250872782
-3.18051881351156,-1.83458852160784,-7.81825550934959,-9.42351168349567,-9.15950090934484,-8.94220572334996,-7.82072992829637,-6.69109269459796,-6.39158888140588,-6.20775654314131
-9.540246950375,-7.40117331475783,-17.0689440018847,-19.3252959551555,-19.1353204301927,-18.7631839601883,-16.8291357752157,-15.6334845514165,-15.3600512487968,-15.2040217726587
-8.11908552843674,-8.85790733722088,-12.9529070239335,-14.7163424067235,-14.4862459975728,-14.2269832640094,-12.9098152071273,-11.7807440600918,-11.3472797107928,-10.9914388314941
-4.52482646227525,-3.43227752720075,-7.63612122202687,-8.82313284230165,-8.67155483222971,-8.39959999476246,-7.67938463065058,-6.78671946520186,-6.53361055996172,-6.26861021550594
-10.8870269399103,-13.2946829424866,-22.4079198997868,-23.9401304532304,-23.6988568843502,-23.423548758789,-22.5115687137336,-21.2476620059937,-20.8445415252411,-20.4634904153413
-5.56166209299393,-4.61151846433873,-8.01088053503925,-9.41777982220784,-9.24186635659482,-9.0193225243296,-8.08130066863775,-6.83936471001149,-6.58682567498743,-6.36312335336794
-7.73178339974171,-7.58995969814506,-12.9047419346269,-14.4628504368062,-14.274494876929,-14.0195320284288,-12.9910873984922,-11.6309962603431,-11.3682017188709,-11.1702707706381
-8.23285396237866,-7.0971741648599,-12.1827619112676,-14.1950706622273,-13.9590485055644,-13.7319083483749,-12.7531399954829,-9.50881457727059,-9.00342660877584,-8.73218963308825
-5.33269474305419,-7.06049266785028,-7.16364171537836,-8.53114869621758,-8.29032856078509,-8.00891358751676,-7.09729081454266,-6.37999151827728,-6.20554830907543,-6.0675586770551
-5.53046524937303,-3.8690670534193,-6.39029536193431,-7.81739002834978,-7.66923848789665,-7.43666812656002,-6.47879975594634,-5.13041476186976,-4.8724562641275,-4.66310761441178
-11.6931871072332,-14.9445580367694,-19.4697554824599,-21.3905235276013,-21.1914071839482,-20.9082072125807,-19.698865475169,-17.3929244520411,-16.9288539274396,-16.5037049786561
-5.76781574498965,-5.76517962535233,-16.6176871594536,-17.8853803669717,-17.6680439841315,-17.473603867731,-16.6615701747826,-15.724068335075,-15.469884635188,-15.2619967614812
-15.2682107411746,-16.8976581967108,-17.6912156873974,-19.0008266619894,-18.837761696612,-18.6119045848954,-17.7285109273092,-16.7558510607968,-16.4102016363213,-16.134252535828
-9.24377759182802,-11.2181871070873,-26.1971364539938,-27.6862083070912,-27.5042159408946,-27.2296610963238,-26.2740645706325,-24.9536859022392,-24.6193023472028,-24.3014434354224
-6.44461925497722,-6.29368033749567,-11.0602970190928,-13.4613737786324,-13.1900344754842,-12.8128748297164,-11.1864955019293,-9.09160168950933,-8.73246340204729,-8.42358412001357
-9.05949893322951,-11.5724653083038,-15.1151653322516,-16.5427112759073,-16.2684365965461,-15.9846903850161,-15.0982147970243,-14.2471869304257,-14.0171190825993,-13.8383751854286
-6.45729593677968,-7.84941429655505,-13.5228766726816,-15.1719400575133,-14.9209599375465,-14.6165801407087,-13.4507430869856,-12.4700026894702,-12.2589520669971,-12.0252437299404
-6.48750085349818,-5.0907454883602,-7.39080519104359,-9.19967086570866,-8.86665412755768,-8.55462849127658,-7.33945940431072,-6.33441235106068,-5.98964591256522,-5.69070953381082
-5.23990885405475,-4.81237295503281,-9.80799912370364,-11.1934892817661,-11.0010545150856,-10.7602409254404,-9.79626475310058,-8.83352335786393,-8.59801035932522,-8.39129227769135
-11.5711205529464,-13.8837366958622,-14.9500611551948,-16.3969999068228,-16.1577970626067,-15.8366060856513,-14.8878125415365,-14.14308900775,-13.9279129779155,-13.7467232525828
-8.54284285408958,-11.7380337902423,-17.2794149418259,-19.2009314361975,-18.8973706066615,-18.6015169551003,-17.1809284992899,-16.0869841406906,-15.8029670268771,-15.5202118404008
-10.3838809233863,-11.346389674366,-15.261217349573,-17.6242571364538,-17.2847920157437,-16.8257258162758,-15.5392286358899,-13.3204748807198,-12.9989744541962,-12.6963254257132
-6.957159107288,-7.91098317485765,-12.7739727213878,-14.553769025824,-14.3116422749893,-13.9579595146692,-12.7111376850013,-11.6328622045002,-11.3949036756895,-11.2496306944538
-10.297795401952,-11.7429892356306,-13.0329621249078,-15.0497092124568,-14.7921777527616,-14.429541811091,-13.0286127621221,-11.6609084924625,-11.3298199484352,-11.1490223713976
-7.84843774036751,-7.68665383635117,-12.8277200270624,-14.0900763168835,-13.8562816480389,-13.6784505748507,-12.8351792341062,-11.9978284968552,-11.7504824369628,-11.5122253973636
-3.45311225428249,-2.18164763981418,-6.97456591893413,-8.05438238425265,-7.90494251729907,-7.72228569833525,-6.96084105440417,-6.23880121449517,-6.06675710923155,-5.90947520731764
-15.1365913582743,-16.3222996788252,-19.0206890405014,-20.7413240362247,-20.4564925824388,-20.0925223649028,-18.9940002083701,-17.964238487938,-17.648137835726,-17.3713763285034
-10.9768498897393,-11.1973406132334,-18.047737328418,-19.5698387225846,-19.3783797018318,-19.047027671003,-18.0648015479795,-16.9344429540721,-16.6244263874065,-16.3536632227985
-8.61856632853018,-9.46824952239254,-12.2236371681904,-13.5009209655685,-13.3109253269959,-13.0852063886776,-12.2898274554121,-11.2125106924828,-10.9197554991726,-10.6445342008037
-6.55961193163696,-7.95021061795763,-16.9916542120682,-18.3148632522522,-18.1162263980539,-17.8661340600739,-17.0024022951221,-16.0971525352858,-15.8143166140953,-15.6028550308653
-4.11226951056257,-4.42855112379125,-15.4870911556365,-17.3004161798181,-17.0612942048061,-16.8244462678487,-15.7717401683964,-13.6200315415787,-12.9176496517878,-12.5251217905378
-5.08910803143559,-3.65788271922449,-8.9689488493811,-10.2737576903418,-10.126868064317,-9.86129828600007,-8.96385046462137,-8.08317608961959,-7.85568189287051,-7.7398792478393
-6.50482063373785,-7.72974299452803,-18.2327462270308,-20.4420713690792,-20.1680133561713,-19.8915079230117,-18.6358816688998,-15.8850722684411,-15.5079733339684,-15.260925417361
-12.6497442577803,-14.8499196488044,-16.3960598721082,-18.1897201723911,-17.9812655072002,-17.7049703813103,-16.5396682263682,-14.8016276857384,-14.451849332645,-14.2564595726798
-10.3614057540011,-8.58032377849658,-14.3676984049862,-16.973915569623,-16.7140035470667,-16.338582480019,-14.4181567785773,-12.469166131333,-12.2068134393324,-11.9402303445185
-10.3965952857335,-10.6081472483698,-11.4526407637629,-13.0533654651117,-12.7839572219182,-12.4398029282435,-11.3965621718421,-10.5336271993435,-10.3069270515535,-10.1540894027776
-3.51778997854592,-3.17053982707673,-11.7328731132654,-13.8891243397962,-13.6969093253988,-13.4009183872055,-11.8062640224584,-9.86681352782784,-9.3626806111179,-9.05223375390763
-14.2828575423259,-19.2218189950871,-15.4334519690348,-16.976427512639,-16.8106428910897,-16.523034214239,-15.3939645714812,-14.4559171424825,-14.1951826391656,-13.964295985993
-10.6182324168022,-12.3218425342553,-14.8817232091725,-16.7993381408128,-16.5900204783051,-16.2717029855338,-14.8619596016023,-13.4774301522863,-13.1669409114894,-12.9317051806874
-6.34858533203455,-5.89463520504119,-6.48219942868093,-7.7226020730137,-7.49400858125824,-7.26612337515959,-6.45688830275015,-5.72811077726969,-5.5098907389091,-5.30005500380885
-10.8111077471804,-12.3854844813201,-17.8715507696545,-19.7109004224451,-19.5532090669632,-19.2956734849346,-17.9273170212353,-16.4180683327072,-16.107266879487,-15.8572218626604
-11.6874582166273,-14.9060599227346,-17.4613723626685,-19.8481867026864,-19.6771045973522,-19.4117790943937,-18.0439895445632,-14.662230918093,-14.3553112574432,-14.0887677476128
-10.4503632386455,-11.5007836357739,-13.7651787995097,-15.4428407992768,-15.0956703472922,-14.7801261521364,-13.729737007345,-12.8522301892847,-12.5785710798091,-12.3841225864232
-11.8283579767402,-12.9399999072218,-15.5468145840624,-17.202491861234,-16.9646856955892,-16.663253336996,-15.5795840379435,-14.4137698975283,-14.1130832388779,-13.8530314838132
-7.63836309140717,-9.00845492079392,-13.2661025275273,-14.7581987604261,-14.55207402224,-14.2783737567157,-13.2260991442525,-12.3807002683227,-12.1328421331556,-11.92755377465
-4.25034379053008,-4.09126409615026,-12.1341957581929,-13.534821055788,-13.2500822400189,-13.0058995502755,-12.1406161237031,-11.2144308747593,-10.9290191704781,-10.6728319636379
-11.5765464079257,-13.2842972905735,-14.6549460409322,-16.14451460205,-16.0264498725763,-15.6922606739634,-14.5998724105202,-13.6400801637541,-13.3990885032165,-13.1982468264188
-6.96175695120493,-10.2196699544214,-8.4000448156021,-10.2027451256414,-9.90783927978019,-9.63114702941137,-8.28501890466939,-7.35088666434846,-7.16434729479311,-6.92495059735624
-7.19061143420535,-9.83255928717257,-9.55012208791723,-10.6628484271621,-10.4859967601939,-10.2993458930139,-9.54053372144499,-8.83013023153319,-8.65758132623558,-8.50938757413652
-11.374046910961,-12.4825728768867,-13.311910869345,-15.2279155077018,-14.9340532260371,-14.3982324741002,-13.1908424978094,-12.3410045506605,-12.0866116314856,-11.9150507638092
-8.25538255948016,-9.1434981055402,-13.2526000627016,-15.1700173086687,-14.9572807502157,-14.6409759898234,-13.4403119545674,-11.6261141047842,-11.3658090532312,-11.1525334282392
-10.2768217992702,-12.657272110895,-17.6460080442241,-19.5163602130578,-19.3215629764558,-18.8518852746791,-17.6196623793006,-16.4479105774908,-16.2006617643442,-15.8474328454651
-5.52892346368947,-4.43977351405016,-14.0334571110624,-16.1694476525847,-15.9985949177401,-15.646171898816,-13.8271306450824,-12.7635689522337,-12.392024184778,-12.2127074164146
-7.43853504227631,-7.26685750482213,-18.5173967945017,-19.9979411901816,-19.776932311318,-19.4556300110946,-18.5654156123792,-17.4818945084356,-17.1073003778882,-16.9295883112246
-5.74423515805562,-8.56385892888107,-13.745951153343,-15.015284792966,-14.8525485666185,-14.584025185878,-13.7439995343841,-12.8869263007114,-12.6912338543707,-12.4955982470926
-8.59685789489761,-12.715569612402,-16.9728835134172,-18.4462720338577,-18.2850180903191,-17.9888483196442,-17.0097611302379,-15.8875306941268,-15.5960849830374,-15.3349856318827
-4.38540212834809,-3.06092090779349,-8.21788611623263,-9.23282574797002,-9.05416898758834,-8.88872479630964,-8.19777149679079,-7.5674140493944,-7.39231848034176,-7.22100751624773
-14.6485307249628,-16.530317391598,-23.6750201727884,-25.1664795113226,-24.9740760820829,-24.7236114192851,-23.7212227153713,-22.5781324150771,-22.2991308673797,-22.1069942754135
-8.81650590226306,-10.0676948805181,-7.94344968269131,-8.95731067204374,-8.77015700596284,-8.63291415613624,-7.92944376968971,-7.28562125447048,-7.08945423060423,-6.93629188626887
-7.76497790951702,-7.25246639112826,-10.037714917817,-12.0595643861326,-11.8033246980701,-11.5931604414903,-9.88673309869783,-8.7302523734758,-8.49181109294961,-8.28970661070461
-5.811121559906,-5.94137284913156,-5.910243662323,-7.27108911359616,-6.99612228170908,-6.76227279671189,-5.86392260623836,-5.09895995951467,-4.90981750742777,-4.73489291690834
-6.24174158517861,-8.17905098031818,-16.0162318842163,-17.3482225594224,-17.18964728569,-16.9232178383982,-16.0211107838872,-15.0989089668175,-14.8232536305908,-14.627190287792
-4.3991402090055,-4.48849760924734,-7.96356177617716,-9.80244041497975,-9.39468811755388,-8.94222084409622,-7.88104160433669,-7.10406185774153,-6.90918783689522,-6.7421921924689
-5.76596248473361,-7.70975538579576,-15.8093416647393,-17.3484958675145,-17.1340631863118,-16.866592264301,-15.825083930487,-14.6650499017535,-14.3883246839033,-14.1627985901062
